clip_id,sample_index,elapsed_seconds,y_true,pred
normal_0480,0,0.0,0,False
normal_0480,1,0.1,0,False
normal_0480,2,0.2,0,False
normal_0480,3,0.3,0,False
normal_0480,4,0.4,0,False
normal_0480,5,0.5,0,False
normal_0480,6,0.6,0,False
normal_0480,7,0.7,0,False
normal_0480,8,0.8,0,False
normal_0480,9,0.9,0,False
normal_0480,10,1.0,0,False
normal_0480,11,1.1,0,False
normal_0480,12,1.2,0,False
normal_0480,13,1.3,0,False
normal_0480,14,1.4,0,False
normal_0480,15,1.5,0,False
normal_0480,16,1.6,0,False
normal_0480,17,1.7,0,False
normal_0480,18,1.8,0,False
normal_0480,19,1.9,0,False
normal_0480,20,2.0,0,False
normal_0480,21,2.1,0,False
normal_0480,22,2.2,0,False
normal_0480,23,2.3,0,False
normal_0480,24,2.4,0,False
normal_0480,25,2.5,0,False
normal_0480,26,2.6,0,False
normal_0480,27,2.7,0,False
normal_0480,28,2.8,0,False
normal_0480,29,2.9,0,False
normal_0480,30,3.0,0,False
normal_0480,31,3.1,0,False
normal_0480,32,3.2,0,False
normal_0480,33,3.3,0,False
normal_0480,34,3.4,0,False
normal_0480,35,3.5,0,False
normal_0480,36,3.6,0,False
normal_0480,37,3.7,0,False
normal_0480,38,3.8,0,False
normal_0480,39,3.9,0,False
normal_0480,40,4.0,0,False
normal_0480,41,4.1,0,False
normal_0480,42,4.2,0,False
normal_0480,43,4.3,0,False
normal_0480,44,4.4,0,False
normal_0480,45,4.5,0,False
normal_0480,46,4.6,0,False
normal_0480,47,4.7,0,False
normal_0480,48,4.8,0,False
normal_0480,49,4.9,0,False
normal_0481,0,0.0,0,False
normal_0481,1,0.1,0,False
normal_0481,2,0.2,0,False
normal_0481,3,0.3,0,False
normal_0481,4,0.4,0,False
normal_0481,5,0.5,0,False
normal_0481,6,0.6,0,False
normal_0481,7,0.7,0,False
normal_0481,8,0.8,0,False
normal_0481,9,0.9,0,False
normal_0481,10,1.0,0,False
normal_0481,11,1.1,0,False
normal_0481,12,1.2,0,False
normal_0481,13,1.3,0,False
normal_0481,14,1.4,0,False
normal_0481,15,1.5,0,False
normal_0481,16,1.6,0,False
normal_0481,17,1.7,0,False
normal_0481,18,1.8,0,False
normal_0481,19,1.9,0,False
normal_0481,20,2.0,0,False
normal_0481,21,2.1,0,False
normal_0481,22,2.2,0,False
normal_0481,23,2.3,0,False
normal_0481,24,2.4,0,False
normal_0481,25,2.5,0,False
normal_0481,26,2.6,0,False
normal_0481,27,2.7,0,False
normal_0481,28,2.8,0,False
normal_0481,29,2.9,0,False
normal_0481,30,3.0,0,False
normal_0481,31,3.1,0,False
normal_0481,32,3.2,0,False
normal_0481,33,3.3,0,False
normal_0481,34,3.4,0,False
normal_0481,35,3.5,0,False
normal_0481,36,3.6,0,False
normal_0481,37,3.7,0,False
normal_0481,38,3.8,0,False
normal_0481,39,3.9,0,False
normal_0481,40,4.0,0,False
normal_0481,41,4.1,0,False
normal_0481,42,4.2,0,False
normal_0481,43,4.3,0,False
normal_0481,44,4.4,0,False
normal_0481,45,4.5,0,False
normal_0481,46,4.6,0,False
normal_0481,47,4.7,0,False
normal_0481,48,4.8,0,False
normal_0481,49,4.9,0,False
normal_0482,0,0.0,0,False
normal_0482,1,0.1,0,False
normal_0482,2,0.2,0,False
normal_0482,3,0.3,0,False
normal_0482,4,0.4,0,False
normal_0482,5,0.5,0,False
normal_0482,6,0.6,0,False
normal_0482,7,0.7,0,False
normal_0482,8,0.8,0,False
normal_0482,9,0.9,0,False
normal_0482,10,1.0,0,False
normal_0482,11,1.1,0,False
normal_0482,12,1.2,0,False
normal_0482,13,1.3,0,False
normal_0482,14,1.4,0,False
normal_0482,15,1.5,0,False
normal_0482,16,1.6,0,False
normal_0482,17,1.7,0,False
normal_0482,18,1.8,0,False
normal_0482,19,1.9,0,False
normal_0482,20,2.0,0,False
normal_0482,21,2.1,0,False
normal_0482,22,2.2,0,False
normal_0482,23,2.3,0,False
normal_0482,24,2.4,0,False
normal_0482,25,2.5,0,False
normal_0482,26,2.6,0,False
normal_0482,27,2.7,0,False
normal_0482,28,2.8,0,False
normal_0482,29,2.9,0,False
normal_0482,30,3.0,0,False
normal_0482,31,3.1,0,False
normal_0482,32,3.2,0,False
normal_0482,33,3.3,0,False
normal_0482,34,3.4,0,False
normal_0482,35,3.5,0,False
normal_0482,36,3.6,0,False
normal_0482,37,3.7,0,False
normal_0482,38,3.8,0,False
normal_0482,39,3.9,0,False
normal_0482,40,4.0,0,False
normal_0483,0,0.0,0,False
normal_0483,1,0.1,0,False
normal_0483,2,0.2,0,False
normal_0483,3,0.3,0,False
normal_0483,4,0.4,0,False
normal_0483,5,0.5,0,False
normal_0483,6,0.6,0,False
normal_0483,7,0.7,0,False
normal_0483,8,0.8,0,False
normal_0483,9,0.9,0,False
normal_0483,10,1.0,0,False
normal_0483,11,1.1,0,False
normal_0483,12,1.2,0,False
normal_0483,13,1.3,0,False
normal_0483,14,1.4,0,False
normal_0483,15,1.5,0,False
normal_0483,16,1.6,0,False
normal_0483,17,1.7,0,False
normal_0483,18,1.8,0,False
normal_0483,19,1.9,0,False
normal_0483,20,2.0,0,False
normal_0483,21,2.1,0,False
normal_0483,22,2.2,0,False
normal_0483,23,2.3,0,False
normal_0483,24,2.4,0,False
normal_0483,25,2.5,0,False
normal_0483,26,2.6,0,False
normal_0483,27,2.7,0,False
normal_0483,28,2.8,0,False
normal_0483,29,2.9,0,False
normal_0483,30,3.0,0,False
normal_0483,31,3.1,0,False
normal_0483,32,3.2,0,False
normal_0483,33,3.3,0,False
normal_0483,34,3.4,0,False
normal_0483,35,3.5,0,False
normal_0483,36,3.6,0,False
normal_0483,37,3.7,0,False
normal_0483,38,3.8,0,False
normal_0483,39,3.9,0,False
normal_0483,40,4.0,0,False
normal_0483,41,4.1,0,False
normal_0483,42,4.2,0,False
normal_0483,43,4.3,0,False
normal_0483,44,4.4,0,False
normal_0483,45,4.5,0,False
normal_0483,46,4.6,0,False
normal_0483,47,4.7,0,False
normal_0483,48,4.8,0,False
normal_0483,49,4.9,0,False
normal_0484,0,0.0,0,False
normal_0484,1,0.1,0,False
normal_0484,2,0.2,0,False
normal_0484,3,0.3,0,False
normal_0484,4,0.4,0,False
normal_0484,5,0.5,0,False
normal_0484,6,0.6,0,False
normal_0484,7,0.7,0,False
normal_0484,8,0.8,0,False
normal_0484,9,0.9,0,False
normal_0484,10,1.0,0,False
normal_0484,11,1.1,0,False
normal_0484,12,1.2,0,False
normal_0484,13,1.3,0,False
normal_0484,14,1.4,0,False
normal_0484,15,1.5,0,False
normal_0484,16,1.6,0,False
normal_0484,17,1.7,0,False
normal_0484,18,1.8,0,False
normal_0484,19,1.9,0,False
normal_0484,20,2.0,0,False
normal_0484,21,2.1,0,False
normal_0484,22,2.2,0,False
normal_0484,23,2.3,0,False
normal_0484,24,2.4,0,False
normal_0484,25,2.5,0,False
normal_0484,26,2.6,0,False
normal_0484,27,2.7,0,False
normal_0484,28,2.8,0,False
normal_0484,29,2.9,0,False
normal_0484,30,3.0,0,False
normal_0484,31,3.1,0,False
normal_0484,32,3.2,0,False
normal_0484,33,3.3,0,False
normal_0484,34,3.4,0,False
normal_0484,35,3.5,0,False
normal_0484,36,3.6,0,False
normal_0484,37,3.7,0,False
normal_0484,38,3.8,0,False
normal_0484,39,3.9,0,False
normal_0484,40,4.0,0,False
normal_0484,41,4.1,0,False
normal_0484,42,4.2,0,False
normal_0484,43,4.3,0,False
normal_0485,0,0.0,0,False
normal_0485,1,0.1,0,False
normal_0485,2,0.2,0,False
normal_0485,3,0.3,0,False
normal_0485,4,0.4,0,False
normal_0485,5,0.5,0,False
normal_0485,6,0.6,0,False
normal_0485,7,0.7,0,False
normal_0485,8,0.8,0,False
normal_0485,9,0.9,0,False
normal_0485,10,1.0,0,False
normal_0485,11,1.1,0,False
normal_0485,12,1.2,0,False
normal_0485,13,1.3,0,False
normal_0485,14,1.4,0,False
normal_0485,15,1.5,0,False
normal_0485,16,1.6,0,False
normal_0485,17,1.7,0,False
normal_0485,18,1.8,0,False
normal_0485,19,1.9,0,False
normal_0485,20,2.0,0,False
normal_0485,21,2.1,0,False
normal_0485,22,2.2,0,False
normal_0485,23,2.3,0,False
normal_0485,24,2.4,0,False
normal_0485,25,2.5,0,False
normal_0485,26,2.6,0,False
normal_0485,27,2.7,0,False
normal_0485,28,2.8,0,False
normal_0485,29,2.9,0,False
normal_0485,30,3.0,0,False
normal_0485,31,3.1,0,False
normal_0485,32,3.2,0,False
normal_0485,33,3.3,0,False
normal_0485,34,3.4,0,False
normal_0485,35,3.5,0,False
normal_0485,36,3.6,0,False
normal_0485,37,3.7,0,False
normal_0485,38,3.8,0,False
normal_0485,39,3.9,0,False
normal_0485,40,4.0,0,False
normal_0485,41,4.1,0,False
normal_0485,42,4.2,0,False
normal_0485,43,4.3,0,False
normal_0486,0,0.0,0,False
normal_0486,1,0.1,0,False
normal_0486,2,0.2,0,False
normal_0486,3,0.3,0,False
normal_0486,4,0.4,0,False
normal_0486,5,0.5,0,False
normal_0486,6,0.6,0,False
normal_0486,7,0.7,0,False
normal_0486,8,0.8,0,False
normal_0486,9,0.9,0,False
normal_0486,10,1.0,0,False
normal_0486,11,1.1,0,False
normal_0486,12,1.2,0,False
normal_0486,13,1.3,0,False
normal_0486,14,1.4,0,False
normal_0486,15,1.5,0,False
normal_0486,16,1.6,0,False
normal_0486,17,1.7,0,False
normal_0486,18,1.8,0,False
normal_0486,19,1.9,0,False
normal_0486,20,2.0,0,False
normal_0486,21,2.1,0,False
normal_0486,22,2.2,0,False
normal_0486,23,2.3,0,False
normal_0486,24,2.4,0,False
normal_0486,25,2.5,0,False
normal_0486,26,2.6,0,False
normal_0486,27,2.7,0,False
normal_0486,28,2.8,0,False
normal_0486,29,2.9,0,False
normal_0486,30,3.0,0,False
normal_0486,31,3.1,0,False
normal_0486,32,3.2,0,False
normal_0486,33,3.3,0,False
normal_0486,34,3.4,0,False
normal_0486,35,3.5,0,False
normal_0486,36,3.6,0,False
normal_0486,37,3.7,0,False
normal_0486,38,3.8,0,False
normal_0486,39,3.9,0,False
normal_0486,40,4.0,0,False
normal_0486,41,4.1,0,False
normal_0486,42,4.2,0,False
normal_0486,43,4.3,0,False
normal_0487,0,0.0,0,False
normal_0487,1,0.1,0,False
normal_0487,2,0.2,0,False
normal_0487,3,0.3,0,False
normal_0487,4,0.4,0,False
normal_0487,5,0.5,0,False
normal_0487,6,0.6,0,False
normal_0487,7,0.7,0,False
normal_0487,8,0.8,0,False
normal_0487,9,0.9,0,False
normal_0487,10,1.0,0,False
normal_0487,11,1.1,0,False
normal_0487,12,1.2,0,False
normal_0487,13,1.3,0,False
normal_0487,14,1.4,0,False
normal_0487,15,1.5,0,False
normal_0487,16,1.6,0,False
normal_0487,17,1.7,0,False
normal_0487,18,1.8,0,False
normal_0487,19,1.9,0,False
normal_0487,20,2.0,0,False
normal_0487,21,2.1,0,False
normal_0487,22,2.2,0,False
normal_0487,23,2.3,0,False
normal_0487,24,2.4,0,False
normal_0487,25,2.5,0,False
normal_0487,26,2.6,0,False
normal_0487,27,2.7,0,False
normal_0487,28,2.8,0,False
normal_0487,29,2.9,0,False
normal_0487,30,3.0,0,False
normal_0487,31,3.1,0,False
normal_0487,32,3.2,0,False
normal_0487,33,3.3,0,False
normal_0487,34,3.4,0,False
normal_0487,35,3.5,0,False
normal_0487,36,3.6,0,False
normal_0487,37,3.7,0,False
normal_0487,38,3.8,0,False
normal_0487,39,3.9,0,False
normal_0487,40,4.0,0,False
normal_0487,41,4.1,0,False
normal_0487,42,4.2,0,False
normal_0488,0,0.0,0,False
normal_0488,1,0.1,0,False
normal_0488,2,0.2,0,False
normal_0488,3,0.3,0,False
normal_0488,4,0.4,0,False
normal_0488,5,0.5,0,False
normal_0488,6,0.6,0,False
normal_0488,7,0.7,0,False
normal_0488,8,0.8,0,False
normal_0488,9,0.9,0,False
normal_0488,10,1.0,0,False
normal_0488,11,1.1,0,False
normal_0488,12,1.2,0,False
normal_0488,13,1.3,0,False
normal_0488,14,1.4,0,False
normal_0488,15,1.5,0,False
normal_0488,16,1.6,0,False
normal_0488,17,1.7,0,False
normal_0488,18,1.8,0,False
normal_0488,19,1.9,0,False
normal_0488,20,2.0,0,False
normal_0488,21,2.1,0,False
normal_0488,22,2.2,0,False
normal_0488,23,2.3,0,False
normal_0488,24,2.4,0,False
normal_0488,25,2.5,0,False
normal_0488,26,2.6,0,False
normal_0488,27,2.7,0,False
normal_0488,28,2.8,0,False
normal_0488,29,2.9,0,False
normal_0488,30,3.0,0,False
normal_0488,31,3.1,0,False
normal_0488,32,3.2,0,False
normal_0488,33,3.3,0,False
normal_0488,34,3.4,0,False
normal_0489,0,0.0,0,False
normal_0489,1,0.1,0,False
normal_0489,2,0.2,0,False
normal_0489,3,0.3,0,False
normal_0489,4,0.4,0,False
normal_0489,5,0.5,0,False
normal_0489,6,0.6,0,False
normal_0489,7,0.7,0,False
normal_0489,8,0.8,0,False
normal_0489,9,0.9,0,False
normal_0489,10,1.0,0,False
normal_0489,11,1.1,0,False
normal_0489,12,1.2,0,False
normal_0489,13,1.3,0,False
normal_0489,14,1.4,0,False
normal_0489,15,1.5,0,False
normal_0489,16,1.6,0,False
normal_0489,17,1.7,0,False
normal_0489,18,1.8,0,False
normal_0489,19,1.9,0,False
normal_0489,20,2.0,0,False
normal_0489,21,2.1,0,False
normal_0489,22,2.2,0,False
normal_0490,0,0.0,0,False
normal_0490,1,0.1,0,False
normal_0490,2,0.2,0,False
normal_0490,3,0.3,0,False
normal_0490,4,0.4,0,False
normal_0490,5,0.5,0,False
normal_0490,6,0.6,0,False
normal_0490,7,0.7,0,False
normal_0490,8,0.8,0,False
normal_0490,9,0.9,0,False
normal_0490,10,1.0,0,False
normal_0490,11,1.1,0,False
normal_0490,12,1.2,0,False
normal_0490,13,1.3,0,False
normal_0490,14,1.4,0,False
normal_0490,15,1.5,0,False
normal_0490,16,1.6,0,False
normal_0490,17,1.7,0,False
normal_0490,18,1.8,0,False
normal_0490,19,1.9,0,False
normal_0490,20,2.0,0,False
normal_0491,0,0.0,0,False
normal_0491,1,0.1,0,False
normal_0491,2,0.2,0,False
normal_0491,3,0.3,0,False
normal_0491,4,0.4,0,False
normal_0491,5,0.5,0,False
normal_0491,6,0.6,0,False
normal_0491,7,0.7,0,False
normal_0492,0,0.0,0,False
normal_0492,1,0.1,0,False
normal_0492,2,0.2,0,False
normal_0492,3,0.3,0,False
normal_0492,4,0.4,0,False
normal_0492,5,0.5,0,False
normal_0492,6,0.6,0,False
normal_0492,7,0.7,0,False
normal_0492,8,0.8,0,False
normal_0492,9,0.9,0,False
normal_0492,10,1.0,0,False
normal_0492,11,1.1,0,False
normal_0492,12,1.2,0,False
normal_0492,13,1.3,0,False
normal_0492,14,1.4,0,False
normal_0492,15,1.5,0,False
normal_0492,16,1.6,0,False
normal_0492,17,1.7,0,False
normal_0492,18,1.8,0,False
normal_0492,19,1.9,0,False
normal_0492,20,2.0,0,False
normal_0492,21,2.1,0,False
normal_0492,22,2.2,0,False
normal_0492,23,2.3,0,False
normal_0492,24,2.4,0,False
normal_0492,25,2.5,0,False
normal_0492,26,2.6,0,False
normal_0492,27,2.7,0,False
normal_0492,28,2.8,0,False
normal_0492,29,2.9,0,False
normal_0492,30,3.0,0,False
normal_0492,31,3.1,0,False
normal_0492,32,3.2,0,False
normal_0492,33,3.3,0,False
normal_0492,34,3.4,0,False
normal_0492,35,3.5,0,False
normal_0492,36,3.6,0,False
normal_0492,37,3.7,0,False
normal_0492,38,3.8,0,False
normal_0492,39,3.9,0,False
normal_0492,40,4.0,0,False
normal_0492,41,4.1,0,False
normal_0492,42,4.2,0,False
normal_0492,43,4.3,0,False
normal_0492,44,4.4,0,False
normal_0492,45,4.5,0,False
normal_0492,46,4.6,0,False
normal_0492,47,4.7,0,False
normal_0492,48,4.8,0,False
normal_0492,49,4.9,0,False
normal_0493,0,0.0,0,False
normal_0493,1,0.1,0,False
normal_0493,2,0.2,0,False
normal_0493,3,0.3,0,False
normal_0493,4,0.4,0,False
normal_0493,5,0.5,0,False
normal_0493,6,0.6,0,False
normal_0493,7,0.7,0,False
normal_0493,8,0.8,0,False
normal_0493,9,0.9,0,False
normal_0493,10,1.0,0,False
normal_0493,11,1.1,0,False
normal_0493,12,1.2,0,False
normal_0493,13,1.3,0,False
normal_0493,14,1.4,0,False
normal_0493,15,1.5,0,False
normal_0493,16,1.6,0,False
normal_0493,17,1.7,0,False
normal_0493,18,1.8,0,False
normal_0493,19,1.9,0,False
normal_0493,20,2.0,0,False
normal_0493,21,2.1,0,False
normal_0493,22,2.2,0,False
normal_0493,23,2.3,0,False
normal_0493,24,2.4,0,False
normal_0493,25,2.5,0,False
normal_0493,26,2.6,0,False
normal_0493,27,2.7,0,False
normal_0493,28,2.8,0,False
normal_0493,29,2.9,0,False
normal_0493,30,3.0,0,False
normal_0493,31,3.1,0,False
normal_0493,32,3.2,0,False
normal_0493,33,3.3,0,False
normal_0493,34,3.4,0,False
normal_0493,35,3.5,0,False
normal_0493,36,3.6,0,False
normal_0493,37,3.7,0,False
normal_0493,38,3.8,0,False
normal_0493,39,3.9,0,False
normal_0493,40,4.0,0,False
normal_0493,41,4.1,0,False
normal_0493,42,4.2,0,False
normal_0493,43,4.3,0,False
normal_0493,44,4.4,0,False
normal_0493,45,4.5,0,False
normal_0493,46,4.6,0,False
normal_0493,47,4.7,0,False
normal_0493,48,4.8,0,False
normal_0493,49,4.9,0,False
normal_0494,0,0.0,0,False
normal_0494,1,0.1,0,False
normal_0494,2,0.2,0,False
normal_0494,3,0.3,0,False
normal_0494,4,0.4,0,False
normal_0494,5,0.5,0,False
normal_0494,6,0.6,0,False
normal_0494,7,0.7,0,False
normal_0494,8,0.8,0,False
normal_0494,9,0.9,0,False
normal_0494,10,1.0,0,False
normal_0494,11,1.1,0,False
normal_0494,12,1.2,0,False
normal_0494,13,1.3,0,False
normal_0494,14,1.4,0,False
normal_0494,15,1.5,0,False
normal_0494,16,1.6,0,False
normal_0494,17,1.7,0,False
normal_0494,18,1.8,0,False
normal_0494,19,1.9,0,False
normal_0494,20,2.0,0,False
normal_0494,21,2.1,0,False
normal_0494,22,2.2,0,False
normal_0494,23,2.3,0,False
normal_0494,24,2.4,0,False
normal_0494,25,2.5,0,False
normal_0494,26,2.6,0,False
normal_0494,27,2.7,0,False
normal_0494,28,2.8,0,False
normal_0494,29,2.9,0,False
normal_0494,30,3.0,0,False
normal_0494,31,3.1,0,False
normal_0494,32,3.2,0,False
normal_0494,33,3.3,0,False
normal_0494,34,3.4,0,False
normal_0494,35,3.5,0,False
normal_0494,36,3.6,0,False
normal_0494,37,3.7,0,False
normal_0494,38,3.8,0,False
normal_0495,0,0.0,0,False
normal_0495,1,0.1,0,False
normal_0495,2,0.2,0,False
normal_0495,3,0.3,0,False
normal_0495,4,0.4,0,False
normal_0495,5,0.5,0,False
normal_0495,6,0.6,0,False
normal_0495,7,0.7,0,False
normal_0495,8,0.8,0,False
normal_0495,9,0.9,0,False
normal_0495,10,1.0,0,False
normal_0495,11,1.1,0,False
normal_0495,12,1.2,0,False
normal_0495,13,1.3,0,False
normal_0495,14,1.4,0,False
normal_0495,15,1.5,0,False
normal_0495,16,1.6,0,False
normal_0495,17,1.7,0,False
normal_0495,18,1.8,0,False
normal_0495,19,1.9,0,False
normal_0495,20,2.0,0,False
normal_0495,21,2.1,0,False
normal_0495,22,2.2,0,False
normal_0495,23,2.3,0,False
normal_0495,24,2.4,0,False
normal_0495,25,2.5,0,False
normal_0495,26,2.6,0,False
normal_0496,0,0.0,0,False
normal_0496,1,0.1,0,False
normal_0496,2,0.2,0,False
normal_0496,3,0.3,0,False
normal_0496,4,0.4,0,False
normal_0496,5,0.5,0,False
normal_0496,6,0.6,0,False
normal_0496,7,0.7,0,False
normal_0496,8,0.8,0,False
normal_0496,9,0.9,0,False
normal_0496,10,1.0,0,False
normal_0496,11,1.1,0,False
normal_0496,12,1.2,0,False
normal_0496,13,1.3,0,False
normal_0496,14,1.4,0,False
normal_0497,0,0.0,0,False
normal_0497,1,0.1,0,False
normal_0497,2,0.2,0,False
normal_0497,3,0.3,0,False
normal_0497,4,0.4,0,False
normal_0497,5,0.5,0,False
normal_0497,6,0.6,0,False
normal_0497,7,0.7,0,False
normal_0497,8,0.8,0,False
normal_0497,9,0.9,0,False
normal_0497,10,1.0,0,False
normal_0497,11,1.1,0,False
normal_0497,12,1.2,0,False
normal_0498,0,0.0,0,False
normal_0498,1,0.1,0,False
normal_0498,2,0.2,0,False
normal_0498,3,0.3,0,False
normal_0498,4,0.4,0,False
normal_0498,5,0.5,0,False
normal_0498,6,0.6,0,False
normal_0498,7,0.7,0,False
normal_0498,8,0.8,0,False
normal_0498,9,0.9,0,False
normal_0498,10,1.0,0,False
normal_0498,11,1.1,0,False
normal_0498,12,1.2,0,False
normal_0498,13,1.3,0,False
normal_0498,14,1.4,0,False
normal_0498,15,1.5,0,False
normal_0498,16,1.6,0,False
normal_0498,17,1.7,0,False
normal_0498,18,1.8,0,False
normal_0498,19,1.9,0,False
normal_0498,20,2.0,0,False
normal_0498,21,2.1,0,False
normal_0498,22,2.2,0,False
normal_0498,23,2.3,0,False
normal_0498,24,2.4,0,False
normal_0498,25,2.5,0,False
normal_0498,26,2.6,0,False
normal_0498,27,2.7,0,False
normal_0498,28,2.8,0,False
normal_0498,29,2.9,0,False
normal_0498,30,3.0,0,False
normal_0498,31,3.1,0,False
normal_0498,32,3.2,0,False
normal_0498,33,3.3,0,False
normal_0498,34,3.4,0,False
normal_0498,35,3.5,0,False
normal_0498,36,3.6,0,False
normal_0498,37,3.7,0,False
normal_0498,38,3.8,0,False
normal_0498,39,3.9,0,False
normal_0498,40,4.0,0,False
normal_0498,41,4.1,0,False
normal_0498,42,4.2,0,False
normal_0498,43,4.3,0,False
normal_0498,44,4.4,0,False
normal_0498,45,4.5,0,False
normal_0498,46,4.6,0,False
normal_0498,47,4.7,0,False
normal_0498,48,4.8,0,False
normal_0498,49,4.9,0,False
normal_0499,0,0.0,0,False
normal_0499,1,0.1,0,False
normal_0499,2,0.2,0,False
normal_0499,3,0.3,0,False
normal_0499,4,0.4,0,False
normal_0499,5,0.5,0,False
normal_0499,6,0.6,0,False
normal_0499,7,0.7,0,False
normal_0499,8,0.8,0,False
normal_0499,9,0.9,0,False
normal_0499,10,1.0,0,False
normal_0499,11,1.1,0,False
normal_0499,12,1.2,0,False
normal_0499,13,1.3,0,False
normal_0499,14,1.4,0,False
normal_0499,15,1.5,0,False
normal_0499,16,1.6,0,False
normal_0499,17,1.7,0,False
normal_0499,18,1.8,0,False
normal_0499,19,1.9,0,False
normal_0499,20,2.0,0,False
normal_0499,21,2.1,0,False
normal_0499,22,2.2,0,False
normal_0499,23,2.3,0,False
normal_0499,24,2.4,0,False
normal_0499,25,2.5,0,False
normal_0499,26,2.6,0,False
normal_0499,27,2.7,0,False
normal_0499,28,2.8,0,False
normal_0499,29,2.9,0,False
normal_0499,30,3.0,0,False
normal_0499,31,3.1,0,False
normal_0499,32,3.2,0,False
normal_0499,33,3.3,0,False
normal_0499,34,3.4,0,False
normal_0499,35,3.5,0,False
normal_0499,36,3.6,0,False
normal_0499,37,3.7,0,False
normal_0499,38,3.8,0,False
normal_0499,39,3.9,0,False
normal_0499,40,4.0,0,False
normal_0499,41,4.1,0,False
normal_0499,42,4.2,0,False
normal_0499,43,4.3,0,False
normal_0499,44,4.4,0,False
normal_0499,45,4.5,0,False
normal_0499,46,4.6,0,False
normal_0499,47,4.7,0,False
normal_0499,48,4.8,0,False
normal_0499,49,4.9,0,False
normal_0500,0,0.0,0,False
normal_0500,1,0.1,0,False
normal_0500,2,0.2,0,False
normal_0500,3,0.3,0,False
normal_0500,4,0.4,0,False
normal_0500,5,0.5,0,False
normal_0500,6,0.6,0,False
normal_0500,7,0.7,0,False
normal_0500,8,0.8,0,False
normal_0500,9,0.9,0,False
normal_0500,10,1.0,0,False
normal_0500,11,1.1,0,False
normal_0500,12,1.2,0,False
normal_0500,13,1.3,0,False
normal_0500,14,1.4,0,False
normal_0500,15,1.5,0,False
normal_0500,16,1.6,0,False
normal_0500,17,1.7,0,False
normal_0500,18,1.8,0,False
normal_0500,19,1.9,0,False
normal_0500,20,2.0,0,False
normal_0500,21,2.1,0,False
normal_0500,22,2.2,0,False
normal_0500,23,2.3,0,False
normal_0500,24,2.4,0,False
normal_0500,25,2.5,0,False
normal_0500,26,2.6,0,False
normal_0500,27,2.7,0,False
normal_0500,28,2.8,0,False
normal_0500,29,2.9,0,False
normal_0500,30,3.0,0,False
normal_0500,31,3.1,0,False
normal_0500,32,3.2,0,False
normal_0500,33,3.3,0,False
normal_0500,34,3.4,0,False
normal_0500,35,3.5,0,False
normal_0500,36,3.6,0,False
normal_0500,37,3.7,0,False
normal_0500,38,3.8,0,False
normal_0500,39,3.9,0,False
normal_0500,40,4.0,0,False
normal_0500,41,4.1,0,False
normal_0500,42,4.2,0,False
normal_0500,43,4.3,0,False
normal_0500,44,4.4,0,False
normal_0500,45,4.5,0,False
normal_0500,46,4.6,0,False
normal_0500,47,4.7,0,False
normal_0500,48,4.8,0,False
normal_0500,49,4.9,0,False
normal_0501,0,0.0,0,False
normal_0501,1,0.1,0,False
normal_0501,2,0.2,0,False
normal_0501,3,0.3,0,False
normal_0501,4,0.4,0,False
normal_0501,5,0.5,0,False
normal_0501,6,0.6,0,False
normal_0501,7,0.7,0,False
normal_0501,8,0.8,0,False
normal_0501,9,0.9,0,False
normal_0501,10,1.0,0,False
normal_0501,11,1.1,0,False
normal_0501,12,1.2,0,False
normal_0501,13,1.3,0,False
normal_0501,14,1.4,0,False
normal_0501,15,1.5,0,False
normal_0501,16,1.6,0,False
normal_0501,17,1.7,0,False
normal_0501,18,1.8,0,False
normal_0501,19,1.9,0,False
normal_0501,20,2.0,0,False
normal_0501,21,2.1,0,False
normal_0501,22,2.2,0,False
normal_0501,23,2.3,0,False
normal_0501,24,2.4,0,False
normal_0501,25,2.5,0,False
normal_0501,26,2.6,0,False
normal_0501,27,2.7,0,False
normal_0501,28,2.8,0,False
normal_0501,29,2.9,0,False
normal_0501,30,3.0,0,False
normal_0501,31,3.1,0,False
normal_0501,32,3.2,0,False
normal_0501,33,3.3,0,False
normal_0501,34,3.4,0,False
normal_0501,35,3.5,0,False
normal_0501,36,3.6,0,False
normal_0502,0,0.0,0,False
normal_0502,1,0.1,0,False
normal_0502,2,0.2,0,False
normal_0502,3,0.3,0,False
normal_0502,4,0.4,0,False
normal_0502,5,0.5,0,False
normal_0502,6,0.6,0,False
normal_0502,7,0.7,0,False
normal_0502,8,0.8,0,False
normal_0502,9,0.9,0,False
normal_0502,10,1.0,0,False
normal_0502,11,1.1,0,False
normal_0502,12,1.2,0,False
normal_0502,13,1.3,0,False
normal_0502,14,1.4,0,False
normal_0502,15,1.5,0,False
normal_0502,16,1.6,0,False
normal_0502,17,1.7,0,False
normal_0502,18,1.8,0,False
normal_0502,19,1.9,0,False
normal_0502,20,2.0,0,False
normal_0502,21,2.1,0,False
normal_0502,22,2.2,0,False
normal_0502,23,2.3,0,False
normal_0503,0,0.0,0,False
normal_0503,1,0.1,0,False
normal_0503,2,0.2,0,False
normal_0503,3,0.3,0,False
normal_0503,4,0.4,0,False
normal_0503,5,0.5,0,False
normal_0503,6,0.6,0,False
normal_0503,7,0.7,0,False
normal_0503,8,0.8,0,False
normal_0503,9,0.9,0,False
normal_0503,10,1.0,0,False
normal_0504,0,0.0,0,False
normal_0504,1,0.1,0,False
normal_0504,2,0.2,0,False
normal_0504,3,0.3,0,False
normal_0504,4,0.4,0,False
normal_0504,5,0.5,0,False
normal_0504,6,0.6,0,False
normal_0504,7,0.7,0,False
normal_0504,8,0.8,0,False
normal_0504,9,0.9,0,False
normal_0504,10,1.0,0,False
normal_0504,11,1.1,0,False
normal_0504,12,1.2,0,False
normal_0505,0,0.0,0,False
normal_0505,1,0.1,0,False
normal_0505,2,0.2,0,False
normal_0505,3,0.3,0,False
normal_0505,4,0.4,0,False
normal_0505,5,0.5,0,False
normal_0505,6,0.6,0,False
normal_0505,7,0.7,0,False
normal_0505,8,0.8,0,False
normal_0505,9,0.9,0,False
normal_0505,10,1.0,0,False
normal_0505,11,1.1,0,False
normal_0505,12,1.2,0,False
normal_0505,13,1.3,0,False
normal_0505,14,1.4,0,False
normal_0505,15,1.5,0,False
normal_0505,16,1.6,0,False
normal_0505,17,1.7,0,False
normal_0505,18,1.8,0,False
normal_0505,19,1.9,0,False
normal_0505,20,2.0,0,False
normal_0505,21,2.1,0,False
normal_0505,22,2.2,0,False
normal_0505,23,2.3,0,False
normal_0505,24,2.4,0,False
normal_0505,25,2.5,0,False
normal_0505,26,2.6,0,False
normal_0505,27,2.7,0,False
normal_0505,28,2.8,0,False
normal_0505,29,2.9,0,False
normal_0505,30,3.0,0,False
normal_0505,31,3.1,0,False
normal_0505,32,3.2,0,False
normal_0505,33,3.3,0,False
normal_0505,34,3.4,0,False
normal_0505,35,3.5,0,False
normal_0505,36,3.6,0,False
normal_0505,37,3.7,0,False
normal_0505,38,3.8,0,False
normal_0505,39,3.9,0,False
normal_0505,40,4.0,0,False
normal_0505,41,4.1,0,False
normal_0505,42,4.2,0,False
normal_0505,43,4.3,0,False
normal_0505,44,4.4,0,False
normal_0505,45,4.5,0,False
normal_0505,46,4.6,0,False
normal_0505,47,4.7,0,False
normal_0505,48,4.8,0,False
normal_0505,49,4.9,0,False
normal_0506,0,0.0,0,False
normal_0506,1,0.1,0,False
normal_0506,2,0.2,0,False
normal_0506,3,0.3,0,False
normal_0506,4,0.4,0,False
normal_0506,5,0.5,0,False
normal_0506,6,0.6,0,False
normal_0506,7,0.7,0,False
normal_0506,8,0.8,0,False
normal_0506,9,0.9,0,False
normal_0506,10,1.0,0,False
normal_0506,11,1.1,0,False
normal_0506,12,1.2,0,False
normal_0506,13,1.3,0,False
normal_0506,14,1.4,0,False
normal_0506,15,1.5,0,False
normal_0506,16,1.6,0,False
normal_0506,17,1.7,0,False
normal_0506,18,1.8,0,False
normal_0506,19,1.9,0,False
normal_0506,20,2.0,0,False
normal_0506,21,2.1,0,False
normal_0506,22,2.2,0,False
normal_0506,23,2.3,0,False
normal_0506,24,2.4,0,False
normal_0506,25,2.5,0,False
normal_0506,26,2.6,0,False
normal_0506,27,2.7,0,False
normal_0506,28,2.8,0,False
normal_0506,29,2.9,0,False
normal_0506,30,3.0,0,False
normal_0506,31,3.1,0,False
normal_0506,32,3.2,0,False
normal_0506,33,3.3,0,False
normal_0506,34,3.4,0,False
normal_0506,35,3.5,0,False
normal_0506,36,3.6,0,False
normal_0506,37,3.7,0,False
normal_0506,38,3.8,0,False
normal_0506,39,3.9,0,False
normal_0506,40,4.0,0,False
normal_0506,41,4.1,0,False
normal_0506,42,4.2,0,False
normal_0506,43,4.3,0,False
normal_0506,44,4.4,0,False
normal_0506,45,4.5,0,False
normal_0506,46,4.6,0,False
normal_0506,47,4.7,0,False
normal_0506,48,4.8,0,False
normal_0506,49,4.9,0,False
normal_0507,0,0.0,0,False
normal_0507,1,0.1,0,False
normal_0507,2,0.2,0,False
normal_0507,3,0.3,0,False
normal_0507,4,0.4,0,False
normal_0507,5,0.5,0,False
normal_0507,6,0.6,0,False
normal_0507,7,0.7,0,False
normal_0507,8,0.8,0,False
normal_0507,9,0.9,0,False
normal_0507,10,1.0,0,False
normal_0507,11,1.1,0,False
normal_0507,12,1.2,0,False
normal_0507,13,1.3,0,False
normal_0507,14,1.4,0,False
normal_0507,15,1.5,0,False
normal_0507,16,1.6,0,False
normal_0507,17,1.7,0,False
normal_0507,18,1.8,0,False
normal_0507,19,1.9,0,False
normal_0507,20,2.0,0,False
normal_0507,21,2.1,0,False
normal_0507,22,2.2,0,False
normal_0507,23,2.3,0,False
normal_0507,24,2.4,0,False
normal_0507,25,2.5,0,False
normal_0507,26,2.6,0,False
normal_0507,27,2.7,0,False
normal_0507,28,2.8,0,False
normal_0507,29,2.9,0,False
normal_0507,30,3.0,0,False
normal_0507,31,3.1,0,False
normal_0507,32,3.2,0,False
normal_0507,33,3.3,0,False
normal_0507,34,3.4,0,False
normal_0507,35,3.5,0,False
normal_0507,36,3.6,0,False
normal_0507,37,3.7,0,False
normal_0508,0,0.0,0,False
normal_0508,1,0.1,0,False
normal_0508,2,0.2,0,False
normal_0508,3,0.3,0,False
normal_0508,4,0.4,0,False
normal_0508,5,0.5,0,False
normal_0508,6,0.6,0,False
normal_0508,7,0.7,0,False
normal_0508,8,0.8,0,False
normal_0508,9,0.9,0,False
normal_0508,10,1.0,0,False
normal_0508,11,1.1,0,False
normal_0508,12,1.2,0,False
normal_0508,13,1.3,0,False
normal_0508,14,1.4,0,False
normal_0508,15,1.5,0,False
normal_0508,16,1.6,0,False
normal_0508,17,1.7,0,False
normal_0508,18,1.8,0,False
normal_0508,19,1.9,0,False
normal_0508,20,2.0,0,False
normal_0508,21,2.1,0,False
normal_0508,22,2.2,0,False
normal_0508,23,2.3,0,False
normal_0508,24,2.4,0,False
normal_0508,25,2.5,0,False
normal_0508,26,2.6,0,False
normal_0509,0,0.0,0,False
normal_0509,1,0.1,0,False
normal_0509,2,0.2,0,False
normal_0509,3,0.3,0,False
normal_0509,4,0.4,0,False
normal_0509,5,0.5,0,False
normal_0509,6,0.6,0,False
normal_0509,7,0.7,0,False
normal_0509,8,0.8,0,False
normal_0509,9,0.9,0,False
normal_0509,10,1.0,0,False
normal_0509,11,1.1,0,False
normal_0509,12,1.2,0,False
normal_0510,0,0.0,0,False
normal_0510,1,0.1,0,False
normal_0510,2,0.2,0,False
normal_0510,3,0.3,0,False
normal_0510,4,0.4,0,False
normal_0510,5,0.5,0,False
normal_0510,6,0.6,0,False
normal_0510,7,0.7,0,False
normal_0510,8,0.8,0,False
normal_0510,9,0.9,0,False
normal_0510,10,1.0,0,False
normal_0510,11,1.1,0,False
normal_0510,12,1.2,0,False
normal_0510,13,1.3,0,False
normal_0510,14,1.4,0,False
normal_0510,15,1.5,0,False
normal_0510,16,1.6,0,False
normal_0510,17,1.7,0,False
normal_0510,18,1.8,0,False
normal_0510,19,1.9,0,False
normal_0510,20,2.0,0,False
normal_0510,21,2.1,0,False
normal_0510,22,2.2,0,False
normal_0510,23,2.3,0,False
normal_0510,24,2.4,0,False
normal_0510,25,2.5,0,False
normal_0510,26,2.6,0,False
normal_0510,27,2.7,0,False
normal_0510,28,2.8,0,False
normal_0510,29,2.9,0,False
normal_0510,30,3.0,0,False
normal_0510,31,3.1,0,False
normal_0510,32,3.2,0,False
normal_0510,33,3.3,0,False
normal_0510,34,3.4,0,False
normal_0510,35,3.5,0,False
normal_0510,36,3.6,0,False
normal_0510,37,3.7,0,False
normal_0510,38,3.8,0,False
normal_0510,39,3.9,0,False
normal_0510,40,4.0,0,False
normal_0510,41,4.1,0,False
normal_0510,42,4.2,0,False
normal_0510,43,4.3,0,False
normal_0510,44,4.4,0,False
normal_0510,45,4.5,0,False
normal_0510,46,4.6,0,False
normal_0510,47,4.7,0,False
normal_0510,48,4.8,0,False
normal_0510,49,4.9,0,False
normal_0511,0,0.0,0,False
normal_0511,1,0.1,0,False
normal_0511,2,0.2,0,False
normal_0511,3,0.3,0,False
normal_0511,4,0.4,0,False
normal_0511,5,0.5,0,False
normal_0511,6,0.6,0,False
normal_0511,7,0.7,0,False
normal_0511,8,0.8,0,False
normal_0511,9,0.9,0,False
normal_0511,10,1.0,0,False
normal_0511,11,1.1,0,False
normal_0511,12,1.2,0,False
normal_0511,13,1.3,0,False
normal_0511,14,1.4,0,False
normal_0511,15,1.5,0,False
normal_0511,16,1.6,0,False
normal_0511,17,1.7,0,False
normal_0511,18,1.8,0,False
normal_0511,19,1.9,0,False
normal_0511,20,2.0,0,False
normal_0511,21,2.1,0,False
normal_0511,22,2.2,0,False
normal_0511,23,2.3,0,False
normal_0511,24,2.4,0,False
normal_0511,25,2.5,0,False
normal_0511,26,2.6,0,False
normal_0511,27,2.7,0,False
normal_0511,28,2.8,0,False
normal_0511,29,2.9,0,False
normal_0511,30,3.0,0,False
normal_0511,31,3.1,0,False
normal_0511,32,3.2,0,False
normal_0511,33,3.3,0,False
normal_0511,34,3.4,0,False
normal_0511,35,3.5,0,False
normal_0511,36,3.6,0,False
normal_0511,37,3.7,0,False
normal_0511,38,3.8,0,False
normal_0511,39,3.9,0,False
normal_0511,40,4.0,0,False
normal_0511,41,4.1,0,False
normal_0511,42,4.2,0,False
normal_0511,43,4.3,0,False
normal_0511,44,4.4,0,False
normal_0511,45,4.5,0,False
normal_0511,46,4.6,0,False
normal_0511,47,4.7,0,False
normal_0511,48,4.8,0,False
normal_0511,49,4.9,0,False
normal_0512,0,0.0,0,False
normal_0512,1,0.1,0,False
normal_0512,2,0.2,0,False
normal_0512,3,0.3,0,False
normal_0512,4,0.4,0,False
normal_0512,5,0.5,0,False
normal_0512,6,0.6,0,False
normal_0512,7,0.7,0,False
normal_0512,8,0.8,0,False
normal_0512,9,0.9,0,False
normal_0512,10,1.0,0,False
normal_0512,11,1.1,0,False
normal_0512,12,1.2,0,False
normal_0512,13,1.3,0,False
normal_0512,14,1.4,0,False
normal_0512,15,1.5,0,False
normal_0512,16,1.6,0,False
normal_0512,17,1.7,0,False
normal_0512,18,1.8,0,False
normal_0512,19,1.9,0,False
normal_0512,20,2.0,0,False
normal_0512,21,2.1,0,False
normal_0512,22,2.2,0,False
normal_0512,23,2.3,0,False
normal_0512,24,2.4,0,False
normal_0512,25,2.5,0,False
normal_0512,26,2.6,0,False
normal_0512,27,2.7,0,False
normal_0512,28,2.8,0,False
normal_0512,29,2.9,0,False
normal_0512,30,3.0,0,False
normal_0512,31,3.1,0,False
normal_0512,32,3.2,0,False
normal_0512,33,3.3,0,False
normal_0512,34,3.4,0,False
normal_0512,35,3.5,0,False
normal_0512,36,3.6,0,False
normal_0512,37,3.7,0,False
normal_0513,0,0.0,0,False
normal_0513,1,0.1,0,False
normal_0513,2,0.2,0,False
normal_0513,3,0.3,0,False
normal_0513,4,0.4,0,False
normal_0513,5,0.5,0,False
normal_0513,6,0.6,0,False
normal_0513,7,0.7,0,False
normal_0513,8,0.8,0,False
normal_0513,9,0.9,0,False
normal_0513,10,1.0,0,False
normal_0513,11,1.1,0,False
normal_0513,12,1.2,0,False
normal_0513,13,1.3,0,False
normal_0513,14,1.4,0,False
normal_0513,15,1.5,0,False
normal_0513,16,1.6,0,False
normal_0513,17,1.7,0,False
normal_0513,18,1.8,0,False
normal_0513,19,1.9,0,False
normal_0513,20,2.0,0,False
normal_0513,21,2.1,0,False
normal_0513,22,2.2,0,False
normal_0513,23,2.3,0,False
normal_0513,24,2.4,0,False
normal_0513,25,2.5,0,False
normal_0514,0,0.0,0,False
normal_0514,1,0.1,0,False
normal_0514,2,0.2,0,False
normal_0514,3,0.3,0,False
normal_0514,4,0.4,0,False
normal_0514,5,0.5,0,False
normal_0514,6,0.6,0,False
normal_0514,7,0.7,0,False
normal_0514,8,0.8,0,False
normal_0514,9,0.9,0,False
normal_0514,10,1.0,0,False
normal_0514,11,1.1,0,False
normal_0514,12,1.2,0,False
normal_0515,0,0.0,0,False
normal_0515,1,0.1,0,False
normal_0515,2,0.2,0,False
normal_0515,3,0.3,0,False
normal_0515,4,0.4,0,False
normal_0515,5,0.5,0,False
normal_0515,6,0.6,0,False
normal_0515,7,0.7,0,False
normal_0515,8,0.8,0,False
normal_0515,9,0.9,0,False
normal_0515,10,1.0,0,False
normal_0515,11,1.1,0,False
normal_0515,12,1.2,0,False
normal_0515,13,1.3,0,False
normal_0515,14,1.4,0,False
normal_0515,15,1.5,0,False
normal_0515,16,1.6,0,False
normal_0515,17,1.7,0,False
normal_0515,18,1.8,0,False
normal_0515,19,1.9,0,False
normal_0515,20,2.0,0,False
normal_0515,21,2.1,0,False
normal_0515,22,2.2,0,False
normal_0515,23,2.3,0,False
normal_0515,24,2.4,0,False
normal_0515,25,2.5,0,False
normal_0515,26,2.6,0,False
normal_0515,27,2.7,0,False
normal_0515,28,2.8,0,False
normal_0515,29,2.9,0,False
normal_0515,30,3.0,0,False
normal_0515,31,3.1,0,False
normal_0515,32,3.2,0,False
normal_0515,33,3.3,0,False
normal_0515,34,3.4,0,False
normal_0515,35,3.5,0,False
normal_0515,36,3.6,0,False
normal_0515,37,3.7,0,False
normal_0515,38,3.8,0,False
normal_0515,39,3.9,0,False
normal_0515,40,4.0,0,False
normal_0515,41,4.1,0,False
normal_0515,42,4.2,0,False
normal_0515,43,4.3,0,False
normal_0515,44,4.4,0,False
normal_0515,45,4.5,0,False
normal_0515,46,4.6,0,False
normal_0515,47,4.7,0,False
normal_0515,48,4.8,0,False
normal_0515,49,4.9,0,False
normal_0516,0,0.0,0,False
normal_0516,1,0.1,0,False
normal_0516,2,0.2,0,False
normal_0516,3,0.3,0,False
normal_0516,4,0.4,0,False
normal_0516,5,0.5,0,False
normal_0516,6,0.6,0,False
normal_0516,7,0.7,0,False
normal_0516,8,0.8,0,False
normal_0516,9,0.9,0,False
normal_0516,10,1.0,0,False
normal_0516,11,1.1,0,False
normal_0516,12,1.2,0,False
normal_0516,13,1.3,0,False
normal_0516,14,1.4,0,False
normal_0516,15,1.5,0,False
normal_0516,16,1.6,0,False
normal_0516,17,1.7,0,False
normal_0516,18,1.8,0,False
normal_0516,19,1.9,0,False
normal_0516,20,2.0,0,False
normal_0516,21,2.1,0,False
normal_0516,22,2.2,0,False
normal_0516,23,2.3,0,False
normal_0516,24,2.4,0,False
normal_0516,25,2.5,0,False
normal_0516,26,2.6,0,False
normal_0516,27,2.7,0,False
normal_0516,28,2.8,0,False
normal_0516,29,2.9,0,False
normal_0516,30,3.0,0,False
normal_0516,31,3.1,0,False
normal_0516,32,3.2,0,False
normal_0516,33,3.3,0,False
normal_0516,34,3.4,0,False
normal_0516,35,3.5,0,False
normal_0516,36,3.6,0,False
normal_0516,37,3.7,0,False
normal_0516,38,3.8,0,False
normal_0516,39,3.9,0,False
normal_0516,40,4.0,0,False
normal_0516,41,4.1,0,False
normal_0516,42,4.2,0,False
normal_0516,43,4.3,0,False
normal_0516,44,4.4,0,False
normal_0516,45,4.5,0,False
normal_0516,46,4.6,0,False
normal_0516,47,4.7,0,False
normal_0516,48,4.8,0,False
normal_0516,49,4.9,0,False
normal_0517,0,0.0,0,False
normal_0517,1,0.1,0,False
normal_0517,2,0.2,0,False
normal_0517,3,0.3,0,False
normal_0517,4,0.4,0,False
normal_0517,5,0.5,0,False
normal_0517,6,0.6,0,False
normal_0517,7,0.7,0,False
normal_0517,8,0.8,0,False
normal_0517,9,0.9,0,False
normal_0517,10,1.0,0,False
normal_0517,11,1.1,0,False
normal_0517,12,1.2,0,False
normal_0517,13,1.3,0,False
normal_0517,14,1.4,0,False
normal_0517,15,1.5,0,False
normal_0517,16,1.6,0,False
normal_0517,17,1.7,0,False
normal_0517,18,1.8,0,False
normal_0517,19,1.9,0,False
normal_0517,20,2.0,0,False
normal_0517,21,2.1,0,False
normal_0517,22,2.2,0,False
normal_0517,23,2.3,0,False
normal_0517,24,2.4,0,False
normal_0517,25,2.5,0,False
normal_0517,26,2.6,0,False
normal_0517,27,2.7,0,False
normal_0517,28,2.8,0,False
normal_0517,29,2.9,0,False
normal_0517,30,3.0,0,False
normal_0517,31,3.1,0,False
normal_0517,32,3.2,0,False
normal_0517,33,3.3,0,False
normal_0517,34,3.4,0,False
normal_0517,35,3.5,0,False
normal_0517,36,3.6,0,False
normal_0517,37,3.7,0,False
normal_0517,38,3.8,0,False
normal_0517,39,3.9,0,False
normal_0518,0,0.0,0,False
normal_0518,1,0.1,0,False
normal_0518,2,0.2,0,False
normal_0518,3,0.3,0,False
normal_0518,4,0.4,0,False
normal_0518,5,0.5,0,False
normal_0518,6,0.6,0,False
normal_0518,7,0.7,0,False
normal_0518,8,0.8,0,False
normal_0518,9,0.9,0,False
normal_0518,10,1.0,0,False
normal_0518,11,1.1,0,False
normal_0518,12,1.2,0,False
normal_0518,13,1.3,0,False
normal_0518,14,1.4,0,False
normal_0518,15,1.5,0,False
normal_0518,16,1.6,0,False
normal_0518,17,1.7,0,False
normal_0518,18,1.8,0,False
normal_0518,19,1.9,0,False
normal_0518,20,2.0,0,False
normal_0518,21,2.1,0,False
normal_0518,22,2.2,0,False
normal_0518,23,2.3,0,False
normal_0518,24,2.4,0,False
normal_0519,0,0.0,0,False
normal_0519,1,0.1,0,False
normal_0519,2,0.2,0,False
normal_0519,3,0.3,0,False
normal_0519,4,0.4,0,False
normal_0519,5,0.5,0,False
normal_0519,6,0.6,0,False
normal_0519,7,0.7,0,False
normal_0519,8,0.8,0,False
normal_0519,9,0.9,0,False
normal_0519,10,1.0,0,False
normal_0519,11,1.1,0,False
normal_0519,12,1.2,0,False
normal_0520,0,0.0,0,False
normal_0520,1,0.1,0,False
normal_0520,2,0.2,0,False
normal_0520,3,0.3,0,False
normal_0520,4,0.4,0,False
normal_0520,5,0.5,0,False
normal_0520,6,0.6,0,False
normal_0520,7,0.7,0,False
normal_0520,8,0.8,0,False
normal_0520,9,0.9,0,False
normal_0520,10,1.0,0,False
normal_0520,11,1.1,0,False
normal_0520,12,1.2,0,False
normal_0520,13,1.3,0,False
normal_0520,14,1.4,0,False
normal_0520,15,1.5,0,False
normal_0520,16,1.6,0,False
normal_0520,17,1.7,0,False
normal_0520,18,1.8,0,False
normal_0520,19,1.9,0,False
normal_0520,20,2.0,0,False
normal_0520,21,2.1,0,False
normal_0520,22,2.2,0,False
normal_0520,23,2.3,0,False
normal_0520,24,2.4,0,False
normal_0520,25,2.5,0,False
normal_0520,26,2.6,0,False
normal_0520,27,2.7,0,False
normal_0520,28,2.8,0,False
normal_0520,29,2.9,0,False
normal_0520,30,3.0,0,False
normal_0520,31,3.1,0,False
normal_0520,32,3.2,0,False
normal_0520,33,3.3,0,False
normal_0520,34,3.4,0,False
normal_0520,35,3.5,0,False
normal_0520,36,3.6,0,False
normal_0520,37,3.7,0,False
normal_0520,38,3.8,0,False
normal_0520,39,3.9,0,False
normal_0520,40,4.0,0,False
normal_0520,41,4.1,0,False
normal_0520,42,4.2,0,False
normal_0520,43,4.3,0,False
normal_0520,44,4.4,0,False
normal_0520,45,4.5,0,False
normal_0520,46,4.6,0,False
normal_0520,47,4.7,0,False
normal_0520,48,4.8,0,False
normal_0520,49,4.9,0,False
normal_0521,0,0.0,0,False
normal_0521,1,0.1,0,False
normal_0521,2,0.2,0,False
normal_0521,3,0.3,0,False
normal_0521,4,0.4,0,False
normal_0521,5,0.5,0,False
normal_0521,6,0.6,0,False
normal_0521,7,0.7,0,False
normal_0521,8,0.8,0,False
normal_0521,9,0.9,0,False
normal_0521,10,1.0,0,False
normal_0521,11,1.1,0,False
normal_0521,12,1.2,0,False
normal_0521,13,1.3,0,False
normal_0521,14,1.4,0,False
normal_0521,15,1.5,0,False
normal_0521,16,1.6,0,False
normal_0521,17,1.7,0,False
normal_0521,18,1.8,0,False
normal_0521,19,1.9,0,False
normal_0521,20,2.0,0,False
normal_0521,21,2.1,0,False
normal_0521,22,2.2,0,False
normal_0521,23,2.3,0,False
normal_0521,24,2.4,0,False
normal_0521,25,2.5,0,False
normal_0521,26,2.6,0,False
normal_0521,27,2.7,0,False
normal_0521,28,2.8,0,False
normal_0521,29,2.9,0,False
normal_0521,30,3.0,0,False
normal_0521,31,3.1,0,False
normal_0521,32,3.2,0,False
normal_0521,33,3.3,0,False
normal_0521,34,3.4,0,False
normal_0521,35,3.5,0,False
normal_0521,36,3.6,0,False
normal_0521,37,3.7,0,False
normal_0521,38,3.8,0,False
normal_0521,39,3.9,0,False
normal_0521,40,4.0,0,False
normal_0521,41,4.1,0,False
normal_0521,42,4.2,0,False
normal_0521,43,4.3,0,False
normal_0521,44,4.4,0,False
normal_0521,45,4.5,0,False
normal_0521,46,4.6,0,False
normal_0521,47,4.7,0,False
normal_0521,48,4.8,0,False
normal_0521,49,4.9,0,False
normal_0522,0,0.0,0,False
normal_0522,1,0.1,0,False
normal_0522,2,0.2,0,False
normal_0522,3,0.3,0,False
normal_0522,4,0.4,0,False
normal_0522,5,0.5,0,False
normal_0522,6,0.6,0,False
normal_0522,7,0.7,0,False
normal_0522,8,0.8,0,False
normal_0522,9,0.9,0,False
normal_0522,10,1.0,0,False
normal_0522,11,1.1,0,False
normal_0522,12,1.2,0,False
normal_0522,13,1.3,0,False
normal_0522,14,1.4,0,False
normal_0522,15,1.5,0,False
normal_0522,16,1.6,0,False
normal_0522,17,1.7,0,False
normal_0522,18,1.8,0,False
normal_0522,19,1.9,0,False
normal_0522,20,2.0,0,False
normal_0522,21,2.1,0,False
normal_0522,22,2.2,0,False
normal_0522,23,2.3,0,False
normal_0522,24,2.4,0,False
normal_0522,25,2.5,0,False
normal_0522,26,2.6,0,False
normal_0522,27,2.7,0,False
normal_0522,28,2.8,0,False
normal_0522,29,2.9,0,False
normal_0522,30,3.0,0,False
normal_0522,31,3.1,0,False
normal_0522,32,3.2,0,False
normal_0522,33,3.3,0,False
normal_0522,34,3.4,0,False
normal_0522,35,3.5,0,False
normal_0522,36,3.6,0,False
normal_0522,37,3.7,0,False
normal_0522,38,3.8,0,False
normal_0523,0,0.0,0,False
normal_0523,1,0.1,0,False
normal_0523,2,0.2,0,False
normal_0523,3,0.3,0,False
normal_0523,4,0.4,0,False
normal_0523,5,0.5,0,False
normal_0523,6,0.6,0,False
normal_0523,7,0.7,0,False
normal_0523,8,0.8,0,False
normal_0523,9,0.9,0,False
normal_0523,10,1.0,0,False
normal_0523,11,1.1,0,False
normal_0523,12,1.2,0,False
normal_0523,13,1.3,0,False
normal_0523,14,1.4,0,False
normal_0523,15,1.5,0,False
normal_0523,16,1.6,0,False
normal_0523,17,1.7,0,False
normal_0523,18,1.8,0,False
normal_0523,19,1.9,0,False
normal_0523,20,2.0,0,False
normal_0523,21,2.1,0,False
normal_0523,22,2.2,0,False
normal_0523,23,2.3,0,False
normal_0523,24,2.4,0,False
normal_0524,0,0.0,0,False
normal_0524,1,0.1,0,False
normal_0524,2,0.2,0,False
normal_0524,3,0.3,0,False
normal_0524,4,0.4,0,False
normal_0524,5,0.5,0,False
normal_0524,6,0.6,0,False
normal_0524,7,0.7,0,False
normal_0524,8,0.8,0,False
normal_0524,9,0.9,0,False
normal_0524,10,1.0,0,False
normal_0525,0,0.0,0,False
normal_0525,1,0.1,0,False
normal_0525,2,0.2,0,False
normal_0525,3,0.3,0,False
normal_0525,4,0.4,0,False
normal_0525,5,0.5,0,False
normal_0525,6,0.6,0,False
normal_0525,7,0.7,0,False
normal_0525,8,0.8,0,False
normal_0525,9,0.9,0,False
normal_0525,10,1.0,0,False
normal_0525,11,1.1,0,False
normal_0525,12,1.2,0,False
normal_0525,13,1.3,0,False
normal_0525,14,1.4,0,False
normal_0525,15,1.5,0,False
normal_0525,16,1.6,0,False
normal_0525,17,1.7,0,False
normal_0525,18,1.8,0,False
normal_0525,19,1.9,0,False
normal_0525,20,2.0,0,False
normal_0525,21,2.1,0,False
normal_0525,22,2.2,0,False
normal_0525,23,2.3,0,False
normal_0525,24,2.4,0,False
normal_0525,25,2.5,0,False
normal_0525,26,2.6,0,False
normal_0525,27,2.7,0,False
normal_0525,28,2.8,0,False
normal_0525,29,2.9,0,False
normal_0525,30,3.0,0,False
normal_0525,31,3.1,0,False
normal_0525,32,3.2,0,False
normal_0525,33,3.3,0,False
normal_0525,34,3.4,0,False
normal_0525,35,3.5,0,False
normal_0525,36,3.6,0,False
normal_0525,37,3.7,0,False
normal_0525,38,3.8,0,False
normal_0525,39,3.9,0,False
normal_0525,40,4.0,0,False
normal_0525,41,4.1,0,False
normal_0525,42,4.2,0,False
normal_0525,43,4.3,0,False
normal_0525,44,4.4,0,False
normal_0525,45,4.5,0,False
normal_0525,46,4.6,0,False
normal_0525,47,4.7,0,False
normal_0525,48,4.8,0,False
normal_0525,49,4.9,0,False
normal_0526,0,0.0,0,False
normal_0526,1,0.1,0,False
normal_0526,2,0.2,0,False
normal_0526,3,0.3,0,False
normal_0526,4,0.4,0,False
normal_0526,5,0.5,0,False
normal_0526,6,0.6,0,False
normal_0526,7,0.7,0,False
normal_0526,8,0.8,0,False
normal_0526,9,0.9,0,False
normal_0526,10,1.0,0,False
normal_0526,11,1.1,0,False
normal_0526,12,1.2,0,False
normal_0526,13,1.3,0,False
normal_0526,14,1.4,0,False
normal_0526,15,1.5,0,False
normal_0526,16,1.6,0,False
normal_0526,17,1.7,0,False
normal_0526,18,1.8,0,False
normal_0526,19,1.9,0,False
normal_0526,20,2.0,0,False
normal_0526,21,2.1,0,False
normal_0526,22,2.2,0,False
normal_0526,23,2.3,0,False
normal_0526,24,2.4,0,False
normal_0526,25,2.5,0,False
normal_0526,26,2.6,0,False
normal_0526,27,2.7,0,False
normal_0526,28,2.8,0,False
normal_0526,29,2.9,0,False
normal_0526,30,3.0,0,False
normal_0526,31,3.1,0,False
normal_0526,32,3.2,0,False
normal_0526,33,3.3,0,False
normal_0526,34,3.4,0,False
normal_0526,35,3.5,0,False
normal_0526,36,3.6,0,False
normal_0526,37,3.7,0,False
normal_0526,38,3.8,0,False
normal_0526,39,3.9,0,False
normal_0526,40,4.0,0,False
normal_0526,41,4.1,0,False
normal_0526,42,4.2,0,False
normal_0526,43,4.3,0,False
normal_0526,44,4.4,0,False
normal_0526,45,4.5,0,False
normal_0526,46,4.6,0,False
normal_0526,47,4.7,0,False
normal_0526,48,4.8,0,False
normal_0526,49,4.9,0,False
normal_0527,0,0.0,0,False
normal_0527,1,0.1,0,False
normal_0527,2,0.2,0,False
normal_0527,3,0.3,0,False
normal_0527,4,0.4,0,False
normal_0527,5,0.5,0,False
normal_0527,6,0.6,0,False
normal_0527,7,0.7,0,False
normal_0527,8,0.8,0,False
normal_0527,9,0.9,0,False
normal_0527,10,1.0,0,False
normal_0527,11,1.1,0,False
normal_0527,12,1.2,0,False
normal_0527,13,1.3,0,False
normal_0527,14,1.4,0,False
normal_0527,15,1.5,0,False
normal_0527,16,1.6,0,False
normal_0527,17,1.7,0,False
normal_0527,18,1.8,0,False
normal_0527,19,1.9,0,False
normal_0527,20,2.0,0,False
normal_0527,21,2.1,0,False
normal_0527,22,2.2,0,False
normal_0527,23,2.3,0,False
normal_0527,24,2.4,0,False
normal_0527,25,2.5,0,False
normal_0527,26,2.6,0,False
normal_0527,27,2.7,0,False
normal_0527,28,2.8,0,False
normal_0527,29,2.9,0,False
normal_0527,30,3.0,0,False
normal_0527,31,3.1,0,False
normal_0527,32,3.2,0,False
normal_0527,33,3.3,0,False
normal_0527,34,3.4,0,False
normal_0527,35,3.5,0,False
normal_0527,36,3.6,0,False
normal_0527,37,3.7,0,False
normal_0527,38,3.8,0,False
normal_0527,39,3.9,0,False
normal_0527,40,4.0,0,False
normal_0527,41,4.1,0,False
normal_0527,42,4.2,0,False
normal_0527,43,4.3,0,False
normal_0527,44,4.4,0,False
normal_0527,45,4.5,0,False
normal_0527,46,4.6,0,False
normal_0527,47,4.7,0,False
normal_0527,48,4.8,0,False
normal_0528,0,0.0,0,False
normal_0528,1,0.1,0,False
normal_0528,2,0.2,0,False
normal_0528,3,0.3,0,False
normal_0528,4,0.4,0,False
normal_0528,5,0.5,0,False
normal_0528,6,0.6,0,False
normal_0528,7,0.7,0,False
normal_0528,8,0.8,0,False
normal_0528,9,0.9,0,False
normal_0528,10,1.0,0,False
normal_0528,11,1.1,0,False
normal_0528,12,1.2,0,False
normal_0528,13,1.3,0,False
normal_0528,14,1.4,0,False
normal_0528,15,1.5,0,False
normal_0528,16,1.6,0,False
normal_0528,17,1.7,0,False
normal_0528,18,1.8,0,False
normal_0528,19,1.9,0,False
normal_0528,20,2.0,0,False
normal_0528,21,2.1,0,False
normal_0528,22,2.2,0,False
normal_0528,23,2.3,0,False
normal_0528,24,2.4,0,False
normal_0528,25,2.5,0,False
normal_0528,26,2.6,0,False
normal_0528,27,2.7,0,False
normal_0528,28,2.8,0,False
normal_0528,29,2.9,0,False
normal_0528,30,3.0,0,False
normal_0528,31,3.1,0,False
normal_0528,32,3.2,0,False
normal_0528,33,3.3,0,False
normal_0528,34,3.4,0,False
normal_0528,35,3.5,0,False
normal_0529,0,0.0,0,False
normal_0529,1,0.1,0,False
normal_0529,2,0.2,0,False
normal_0529,3,0.3,0,False
normal_0529,4,0.4,0,False
normal_0529,5,0.5,0,False
normal_0529,6,0.6,0,False
normal_0529,7,0.7,0,False
normal_0529,8,0.8,0,False
normal_0529,9,0.9,0,False
normal_0529,10,1.0,0,False
normal_0529,11,1.1,0,False
normal_0529,12,1.2,0,False
normal_0529,13,1.3,0,False
normal_0529,14,1.4,0,False
normal_0529,15,1.5,0,False
normal_0529,16,1.6,0,False
normal_0529,17,1.7,0,False
normal_0529,18,1.8,0,False
normal_0529,19,1.9,0,False
normal_0529,20,2.0,0,False
normal_0529,21,2.1,0,False
normal_0529,22,2.2,0,False
normal_0529,23,2.3,0,False
normal_0529,24,2.4,0,False
normal_0530,0,0.0,0,False
normal_0530,1,0.1,0,False
normal_0530,2,0.2,0,False
normal_0530,3,0.3,0,False
normal_0530,4,0.4,0,False
normal_0530,5,0.5,0,False
normal_0530,6,0.6,0,False
normal_0530,7,0.7,0,False
normal_0530,8,0.8,0,False
normal_0530,9,0.9,0,False
normal_0530,10,1.0,0,False
normal_0531,0,0.0,0,False
normal_0532,0,0.0,0,False
normal_0532,1,0.1,0,False
normal_0532,2,0.2,0,False
normal_0532,3,0.3,0,False
normal_0532,4,0.4,0,False
normal_0532,5,0.5,0,False
normal_0532,6,0.6,0,False
normal_0532,7,0.7,0,False
normal_0532,8,0.8,0,False
normal_0532,9,0.9,0,False
normal_0532,10,1.0,0,False
normal_0532,11,1.1,0,False
normal_0532,12,1.2,0,False
normal_0532,13,1.3,0,False
normal_0532,14,1.4,0,False
normal_0532,15,1.5,0,False
normal_0532,16,1.6,0,False
normal_0532,17,1.7,0,False
normal_0532,18,1.8,0,False
normal_0532,19,1.9,0,False
normal_0532,20,2.0,0,False
normal_0532,21,2.1,0,False
normal_0532,22,2.2,0,False
normal_0532,23,2.3,0,False
normal_0532,24,2.4,0,False
normal_0532,25,2.5,0,False
normal_0532,26,2.6,0,False
normal_0532,27,2.7,0,False
normal_0532,28,2.8,0,False
normal_0532,29,2.9,0,False
normal_0532,30,3.0,0,False
normal_0532,31,3.1,0,False
normal_0532,32,3.2,0,False
normal_0532,33,3.3,0,False
normal_0532,34,3.4,0,False
normal_0532,35,3.5,0,False
normal_0532,36,3.6,0,False
normal_0532,37,3.7,0,False
normal_0532,38,3.8,0,False
normal_0532,39,3.9,0,False
normal_0532,40,4.0,0,False
normal_0532,41,4.1,0,False
normal_0532,42,4.2,0,False
normal_0532,43,4.3,0,False
normal_0532,44,4.4,0,False
normal_0532,45,4.5,0,False
normal_0532,46,4.6,0,False
normal_0532,47,4.7,0,False
normal_0532,48,4.8,0,False
normal_0532,49,4.9,0,False
normal_0533,0,0.0,0,False
normal_0533,1,0.1,0,False
normal_0533,2,0.2,0,False
normal_0533,3,0.3,0,False
normal_0533,4,0.4,0,False
normal_0533,5,0.5,0,False
normal_0533,6,0.6,0,False
normal_0533,7,0.7,0,False
normal_0533,8,0.8,0,False
normal_0533,9,0.9,0,False
normal_0533,10,1.0,0,False
normal_0533,11,1.1,0,False
normal_0533,12,1.2,0,False
normal_0533,13,1.3,0,False
normal_0533,14,1.4,0,False
normal_0533,15,1.5,0,False
normal_0533,16,1.6,0,False
normal_0533,17,1.7,0,False
normal_0533,18,1.8,0,False
normal_0533,19,1.9,0,False
normal_0533,20,2.0,0,False
normal_0533,21,2.1,0,False
normal_0533,22,2.2,0,False
normal_0533,23,2.3,0,False
normal_0533,24,2.4,0,False
normal_0533,25,2.5,0,False
normal_0533,26,2.6,0,False
normal_0533,27,2.7,0,False
normal_0533,28,2.8,0,False
normal_0533,29,2.9,0,False
normal_0533,30,3.0,0,False
normal_0533,31,3.1,0,False
normal_0533,32,3.2,0,False
normal_0533,33,3.3,0,False
normal_0533,34,3.4,0,False
normal_0533,35,3.5,0,False
normal_0533,36,3.6,0,False
normal_0533,37,3.7,0,False
normal_0533,38,3.8,0,False
normal_0533,39,3.9,0,False
normal_0533,40,4.0,0,False
normal_0533,41,4.1,0,False
normal_0533,42,4.2,0,False
normal_0533,43,4.3,0,False
normal_0533,44,4.4,0,False
normal_0533,45,4.5,0,False
normal_0533,46,4.6,0,False
normal_0533,47,4.7,0,False
normal_0533,48,4.8,0,False
normal_0533,49,4.9,0,False
normal_0534,0,0.0,0,False
normal_0534,1,0.1,0,False
normal_0534,2,0.2,0,False
normal_0534,3,0.3,0,False
normal_0534,4,0.4,0,False
normal_0534,5,0.5,0,False
normal_0534,6,0.6,0,False
normal_0534,7,0.7,0,False
normal_0534,8,0.8,0,False
normal_0534,9,0.9,0,False
normal_0534,10,1.0,0,False
normal_0534,11,1.1,0,False
normal_0534,12,1.2,0,False
normal_0534,13,1.3,0,False
normal_0534,14,1.4,0,False
normal_0534,15,1.5,0,False
normal_0534,16,1.6,0,False
normal_0534,17,1.7,0,False
normal_0534,18,1.8,0,False
normal_0534,19,1.9,0,False
normal_0534,20,2.0,0,False
normal_0534,21,2.1,0,False
normal_0534,22,2.2,0,False
normal_0534,23,2.3,0,False
normal_0534,24,2.4,0,False
normal_0534,25,2.5,0,False
normal_0534,26,2.6,0,False
normal_0534,27,2.7,0,False
normal_0534,28,2.8,0,False
normal_0534,29,2.9,0,False
normal_0534,30,3.0,0,False
normal_0534,31,3.1,0,False
normal_0534,32,3.2,0,False
normal_0534,33,3.3,0,False
normal_0534,34,3.4,0,False
normal_0534,35,3.5,0,False
normal_0534,36,3.6,0,False
normal_0534,37,3.7,0,False
normal_0535,0,0.0,0,False
normal_0535,1,0.1,0,False
normal_0535,2,0.2,0,False
normal_0535,3,0.3,0,False
normal_0535,4,0.4,0,False
normal_0535,5,0.5,0,False
normal_0535,6,0.6,0,False
normal_0535,7,0.7,0,False
normal_0535,8,0.8,0,False
normal_0535,9,0.9,0,False
normal_0535,10,1.0,0,False
normal_0535,11,1.1,0,False
normal_0535,12,1.2,0,False
normal_0535,13,1.3,0,False
normal_0535,14,1.4,0,False
normal_0535,15,1.5,0,False
normal_0535,16,1.6,0,False
normal_0535,17,1.7,0,False
normal_0535,18,1.8,0,False
normal_0535,19,1.9,0,False
normal_0535,20,2.0,0,False
normal_0535,21,2.1,0,False
normal_0535,22,2.2,0,False
normal_0535,23,2.3,0,False
normal_0535,24,2.4,0,False
normal_0536,0,0.0,0,False
normal_0536,1,0.1,0,False
normal_0536,2,0.2,0,False
normal_0536,3,0.3,0,False
normal_0536,4,0.4,0,False
normal_0536,5,0.5,0,False
normal_0536,6,0.6,0,False
normal_0536,7,0.7,0,False
normal_0536,8,0.8,0,False
normal_0536,9,0.9,0,False
normal_0537,0,0.0,0,False
normal_0537,1,0.1,0,False
normal_0537,2,0.2,0,False
normal_0537,3,0.3,0,False
normal_0537,4,0.4,0,False
normal_0537,5,0.5,0,False
normal_0537,6,0.6,0,False
normal_0537,7,0.7,0,False
normal_0537,8,0.8,0,False
normal_0537,9,0.9,0,False
normal_0537,10,1.0,0,False
normal_0537,11,1.1,0,False
normal_0537,12,1.2,0,False
normal_0537,13,1.3,0,False
normal_0537,14,1.4,0,False
normal_0537,15,1.5,0,False
normal_0537,16,1.6,0,False
normal_0537,17,1.7,0,False
normal_0537,18,1.8,0,False
normal_0537,19,1.9,0,False
normal_0537,20,2.0,0,False
normal_0537,21,2.1,0,False
normal_0537,22,2.2,0,False
normal_0537,23,2.3,0,False
normal_0537,24,2.4,0,False
normal_0537,25,2.5,0,False
normal_0537,26,2.6,0,False
normal_0537,27,2.7,0,False
normal_0537,28,2.8,0,False
normal_0537,29,2.9,0,False
normal_0537,30,3.0,0,False
normal_0537,31,3.1,0,False
normal_0537,32,3.2,0,False
normal_0537,33,3.3,0,False
normal_0537,34,3.4,0,False
normal_0537,35,3.5,0,False
normal_0537,36,3.6,0,False
normal_0537,37,3.7,0,False
normal_0537,38,3.8,0,False
normal_0537,39,3.9,0,False
normal_0537,40,4.0,0,False
normal_0537,41,4.1,0,False
normal_0537,42,4.2,0,False
normal_0537,43,4.3,0,False
normal_0537,44,4.4,0,False
normal_0537,45,4.5,0,False
normal_0537,46,4.6,0,False
normal_0537,47,4.7,0,False
normal_0537,48,4.8,0,False
normal_0537,49,4.9,0,False
normal_0538,0,0.0,0,False
normal_0538,1,0.1,0,False
normal_0538,2,0.2,0,False
normal_0538,3,0.3,0,False
normal_0538,4,0.4,0,False
normal_0538,5,0.5,0,False
normal_0538,6,0.6,0,False
normal_0538,7,0.7,0,False
normal_0538,8,0.8,0,False
normal_0538,9,0.9,0,False
normal_0538,10,1.0,0,False
normal_0538,11,1.1,0,False
normal_0538,12,1.2,0,False
normal_0538,13,1.3,0,False
normal_0538,14,1.4,0,False
normal_0538,15,1.5,0,False
normal_0538,16,1.6,0,False
normal_0538,17,1.7,0,False
normal_0538,18,1.8,0,False
normal_0538,19,1.9,0,False
normal_0538,20,2.0,0,False
normal_0538,21,2.1,0,False
normal_0538,22,2.2,0,False
normal_0538,23,2.3,0,False
normal_0538,24,2.4,0,False
normal_0538,25,2.5,0,False
normal_0538,26,2.6,0,False
normal_0538,27,2.7,0,False
normal_0538,28,2.8,0,False
normal_0538,29,2.9,0,False
normal_0538,30,3.0,0,False
normal_0538,31,3.1,0,False
normal_0538,32,3.2,0,False
normal_0538,33,3.3,0,False
normal_0538,34,3.4,0,False
normal_0538,35,3.5,0,False
normal_0538,36,3.6,0,False
normal_0538,37,3.7,0,False
normal_0538,38,3.8,0,False
normal_0538,39,3.9,0,False
normal_0538,40,4.0,0,False
normal_0538,41,4.1,0,False
normal_0538,42,4.2,0,False
normal_0538,43,4.3,0,False
normal_0538,44,4.4,0,False
normal_0538,45,4.5,0,False
normal_0538,46,4.6,0,False
normal_0538,47,4.7,0,False
normal_0538,48,4.8,0,False
normal_0538,49,4.9,0,False
normal_0539,0,0.0,0,False
normal_0539,1,0.1,0,False
normal_0539,2,0.2,0,False
normal_0539,3,0.3,0,False
normal_0539,4,0.4,0,False
normal_0539,5,0.5,0,False
normal_0539,6,0.6,0,False
normal_0539,7,0.7,0,False
normal_0539,8,0.8,0,False
normal_0539,9,0.9,0,False
normal_0539,10,1.0,0,False
normal_0539,11,1.1,0,False
normal_0539,12,1.2,0,False
normal_0539,13,1.3,0,False
normal_0539,14,1.4,0,False
normal_0539,15,1.5,0,False
normal_0539,16,1.6,0,False
normal_0539,17,1.7,0,False
normal_0539,18,1.8,0,False
normal_0539,19,1.9,0,False
normal_0539,20,2.0,0,False
normal_0539,21,2.1,0,False
normal_0539,22,2.2,0,False
normal_0539,23,2.3,0,False
normal_0539,24,2.4,0,False
normal_0539,25,2.5,0,False
normal_0539,26,2.6,0,False
normal_0539,27,2.7,0,False
normal_0539,28,2.8,0,False
normal_0539,29,2.9,0,False
normal_0539,30,3.0,0,False
normal_0539,31,3.1,0,False
normal_0539,32,3.2,0,False
normal_0539,33,3.3,0,False
normal_0539,34,3.4,0,False
normal_0540,0,0.0,0,False
normal_0540,1,0.1,0,False
normal_0540,2,0.2,0,False
normal_0540,3,0.3,0,False
normal_0540,4,0.4,0,False
normal_0540,5,0.5,0,False
normal_0540,6,0.6,0,False
normal_0540,7,0.7,0,False
normal_0540,8,0.8,0,False
normal_0540,9,0.9,0,False
normal_0540,10,1.0,0,False
normal_0540,11,1.1,0,False
normal_0540,12,1.2,0,False
normal_0540,13,1.3,0,False
normal_0540,14,1.4,0,False
normal_0540,15,1.5,0,False
normal_0540,16,1.6,0,False
normal_0540,17,1.7,0,False
normal_0540,18,1.8,0,False
normal_0540,19,1.9,0,False
normal_0540,20,2.0,0,False
normal_0540,21,2.1,0,False
normal_0540,22,2.2,0,False
normal_0541,0,0.0,0,False
normal_0541,1,0.1,0,False
normal_0541,2,0.2,0,False
normal_0541,3,0.3,0,False
normal_0541,4,0.4,0,False
normal_0541,5,0.5,0,False
normal_0541,6,0.6,0,False
normal_0541,7,0.7,0,False
normal_0541,8,0.8,0,False
normal_0541,9,0.9,0,False
normal_0542,0,0.0,0,False
normal_0542,1,0.1,0,False
normal_0542,2,0.2,0,False
normal_0542,3,0.3,0,False
normal_0542,4,0.4,0,False
normal_0542,5,0.5,0,False
normal_0542,6,0.6,0,False
normal_0542,7,0.7,0,False
normal_0543,0,0.0,0,False
normal_0543,1,0.1,0,False
normal_0543,2,0.2,0,False
normal_0543,3,0.3,0,False
normal_0543,4,0.4,0,False
normal_0543,5,0.5,0,False
normal_0543,6,0.6,0,False
normal_0543,7,0.7,0,False
normal_0543,8,0.8,0,False
normal_0543,9,0.9,0,False
normal_0543,10,1.0,0,False
normal_0543,11,1.1,0,False
normal_0543,12,1.2,0,False
normal_0543,13,1.3,0,False
normal_0543,14,1.4,0,False
normal_0543,15,1.5,0,False
normal_0543,16,1.6,0,False
normal_0543,17,1.7,0,False
normal_0543,18,1.8,0,False
normal_0543,19,1.9,0,False
normal_0543,20,2.0,0,False
normal_0543,21,2.1,0,False
normal_0543,22,2.2,0,False
normal_0543,23,2.3,0,False
normal_0543,24,2.4,0,False
normal_0543,25,2.5,0,False
normal_0543,26,2.6,0,False
normal_0543,27,2.7,0,False
normal_0543,28,2.8,0,False
normal_0543,29,2.9,0,False
normal_0543,30,3.0,0,False
normal_0543,31,3.1,0,False
normal_0543,32,3.2,0,False
normal_0543,33,3.3,0,False
normal_0543,34,3.4,0,False
normal_0543,35,3.5,0,False
normal_0543,36,3.6,0,False
normal_0543,37,3.7,0,False
normal_0543,38,3.8,0,False
normal_0543,39,3.9,0,False
normal_0543,40,4.0,0,False
normal_0543,41,4.1,0,False
normal_0543,42,4.2,0,False
normal_0543,43,4.3,0,False
normal_0543,44,4.4,0,False
normal_0543,45,4.5,0,False
normal_0543,46,4.6,0,False
normal_0543,47,4.7,0,False
normal_0543,48,4.8,0,False
normal_0543,49,4.9,0,False
normal_0544,0,0.0,0,False
normal_0544,1,0.1,0,False
normal_0544,2,0.2,0,False
normal_0544,3,0.3,0,False
normal_0544,4,0.4,0,False
normal_0544,5,0.5,0,False
normal_0544,6,0.6,0,False
normal_0544,7,0.7,0,False
normal_0544,8,0.8,0,False
normal_0544,9,0.9,0,False
normal_0544,10,1.0,0,False
normal_0544,11,1.1,0,False
normal_0544,12,1.2,0,False
normal_0544,13,1.3,0,False
normal_0544,14,1.4,0,False
normal_0544,15,1.5,0,False
normal_0544,16,1.6,0,False
normal_0544,17,1.7,0,False
normal_0544,18,1.8,0,False
normal_0544,19,1.9,0,False
normal_0544,20,2.0,0,False
normal_0544,21,2.1,0,False
normal_0544,22,2.2,0,False
normal_0544,23,2.3,0,False
normal_0544,24,2.4,0,False
normal_0544,25,2.5,0,False
normal_0544,26,2.6,0,False
normal_0544,27,2.7,0,False
normal_0544,28,2.8,0,False
normal_0544,29,2.9,0,False
normal_0544,30,3.0,0,False
normal_0544,31,3.1,0,False
normal_0544,32,3.2,0,False
normal_0544,33,3.3,0,False
normal_0544,34,3.4,0,False
normal_0544,35,3.5,0,False
normal_0544,36,3.6,0,False
normal_0544,37,3.7,0,False
normal_0544,38,3.8,0,False
normal_0544,39,3.9,0,False
normal_0544,40,4.0,0,False
normal_0544,41,4.1,0,False
normal_0544,42,4.2,0,False
normal_0544,43,4.3,0,False
normal_0544,44,4.4,0,False
normal_0544,45,4.5,0,False
normal_0544,46,4.6,0,False
normal_0544,47,4.7,0,False
normal_0544,48,4.8,0,False
normal_0544,49,4.9,0,False
normal_0545,0,0.0,0,False
normal_0545,1,0.1,0,False
normal_0545,2,0.2,0,False
normal_0545,3,0.3,0,False
normal_0545,4,0.4,0,False
normal_0545,5,0.5,0,False
normal_0545,6,0.6,0,False
normal_0545,7,0.7,0,False
normal_0545,8,0.8,0,False
normal_0545,9,0.9,0,False
normal_0545,10,1.0,0,False
normal_0545,11,1.1,0,False
normal_0545,12,1.2,0,False
normal_0545,13,1.3,0,False
normal_0545,14,1.4,0,False
normal_0545,15,1.5,0,False
normal_0545,16,1.6,0,False
normal_0545,17,1.7,0,False
normal_0545,18,1.8,0,False
normal_0545,19,1.9,0,False
normal_0545,20,2.0,0,False
normal_0545,21,2.1,0,False
normal_0545,22,2.2,0,False
normal_0545,23,2.3,0,False
normal_0545,24,2.4,0,False
normal_0545,25,2.5,0,False
normal_0545,26,2.6,0,False
normal_0545,27,2.7,0,False
normal_0545,28,2.8,0,False
normal_0545,29,2.9,0,False
normal_0545,30,3.0,0,False
normal_0545,31,3.1,0,False
normal_0545,32,3.2,0,False
normal_0545,33,3.3,0,False
normal_0545,34,3.4,0,False
normal_0545,35,3.5,0,False
normal_0546,0,0.0,0,False
normal_0546,1,0.1,0,False
normal_0546,2,0.2,0,False
normal_0546,3,0.3,0,False
normal_0546,4,0.4,0,False
normal_0546,5,0.5,0,False
normal_0546,6,0.6,0,False
normal_0546,7,0.7,0,False
normal_0546,8,0.8,0,False
normal_0546,9,0.9,0,False
normal_0546,10,1.0,0,False
normal_0546,11,1.1,0,False
normal_0546,12,1.2,0,False
normal_0546,13,1.3,0,False
normal_0546,14,1.4,0,False
normal_0546,15,1.5,0,False
normal_0546,16,1.6,0,False
normal_0546,17,1.7,0,False
normal_0546,18,1.8,0,False
normal_0546,19,1.9,0,False
normal_0546,20,2.0,0,False
normal_0546,21,2.1,0,False
normal_0547,0,0.0,0,False
normal_0547,1,0.1,0,False
normal_0547,2,0.2,0,False
normal_0547,3,0.3,0,False
normal_0547,4,0.4,0,False
normal_0547,5,0.5,0,False
normal_0547,6,0.6,0,False
normal_0548,0,0.0,0,False
normal_0548,1,0.1,0,False
normal_0548,2,0.2,0,False
normal_0548,3,0.3,0,False
normal_0548,4,0.4,0,False
normal_0548,5,0.5,0,False
normal_0548,6,0.6,0,False
normal_0548,7,0.7,0,False
normal_0549,0,0.0,0,False
normal_0549,1,0.1,0,False
normal_0549,2,0.2,0,False
normal_0549,3,0.3,0,False
normal_0549,4,0.4,0,False
normal_0549,5,0.5,0,False
normal_0549,6,0.6,0,False
normal_0549,7,0.7,0,False
normal_0549,8,0.8,0,False
normal_0549,9,0.9,0,False
normal_0549,10,1.0,0,False
normal_0549,11,1.1,0,False
normal_0549,12,1.2,0,False
normal_0549,13,1.3,0,False
normal_0549,14,1.4,0,False
normal_0549,15,1.5,0,False
normal_0549,16,1.6,0,False
normal_0549,17,1.7,0,False
normal_0549,18,1.8,0,False
normal_0549,19,1.9,0,False
normal_0549,20,2.0,0,False
normal_0549,21,2.1,0,False
normal_0549,22,2.2,0,False
normal_0549,23,2.3,0,False
normal_0549,24,2.4,0,False
normal_0549,25,2.5,0,False
normal_0549,26,2.6,0,False
normal_0549,27,2.7,0,False
normal_0549,28,2.8,0,False
normal_0549,29,2.9,0,False
normal_0549,30,3.0,0,False
normal_0549,31,3.1,0,False
normal_0549,32,3.2,0,False
normal_0549,33,3.3,0,False
normal_0549,34,3.4,0,False
normal_0549,35,3.5,0,False
normal_0549,36,3.6,0,False
normal_0549,37,3.7,0,False
normal_0549,38,3.8,0,False
normal_0549,39,3.9,0,False
normal_0549,40,4.0,0,False
normal_0549,41,4.1,0,False
normal_0549,42,4.2,0,False
normal_0549,43,4.3,0,False
normal_0549,44,4.4,0,False
normal_0549,45,4.5,0,False
normal_0549,46,4.6,0,False
normal_0549,47,4.7,0,False
normal_0549,48,4.8,0,False
normal_0549,49,4.9,0,False
normal_0550,0,0.0,0,False
normal_0550,1,0.1,0,False
normal_0550,2,0.2,0,False
normal_0550,3,0.3,0,False
normal_0550,4,0.4,0,False
normal_0550,5,0.5,0,False
normal_0550,6,0.6,0,False
normal_0550,7,0.7,0,False
normal_0550,8,0.8,0,False
normal_0550,9,0.9,0,False
normal_0550,10,1.0,0,False
normal_0550,11,1.1,0,False
normal_0550,12,1.2,0,False
normal_0550,13,1.3,0,False
normal_0550,14,1.4,0,False
normal_0550,15,1.5,0,False
normal_0550,16,1.6,0,False
normal_0550,17,1.7,0,False
normal_0550,18,1.8,0,False
normal_0550,19,1.9,0,False
normal_0550,20,2.0,0,False
normal_0550,21,2.1,0,False
normal_0550,22,2.2,0,False
normal_0550,23,2.3,0,False
normal_0550,24,2.4,0,False
normal_0550,25,2.5,0,False
normal_0550,26,2.6,0,False
normal_0550,27,2.7,0,False
normal_0550,28,2.8,0,False
normal_0550,29,2.9,0,False
normal_0550,30,3.0,0,False
normal_0550,31,3.1,0,False
normal_0550,32,3.2,0,False
normal_0550,33,3.3,0,False
normal_0550,34,3.4,0,False
normal_0550,35,3.5,0,False
normal_0550,36,3.6,0,False
normal_0550,37,3.7,0,False
normal_0550,38,3.8,0,False
normal_0550,39,3.9,0,False
normal_0550,40,4.0,0,False
normal_0550,41,4.1,0,False
normal_0550,42,4.2,0,False
normal_0550,43,4.3,0,False
normal_0550,44,4.4,0,False
normal_0550,45,4.5,0,False
normal_0550,46,4.6,0,False
normal_0550,47,4.7,0,False
normal_0550,48,4.8,0,False
normal_0551,0,0.0,0,False
normal_0551,1,0.1,0,False
normal_0551,2,0.2,0,False
normal_0551,3,0.3,0,False
normal_0551,4,0.4,0,False
normal_0551,5,0.5,0,False
normal_0551,6,0.6,0,False
normal_0551,7,0.7,0,False
normal_0551,8,0.8,0,False
normal_0551,9,0.9,0,False
normal_0551,10,1.0,0,False
normal_0551,11,1.1,0,False
normal_0551,12,1.2,0,False
normal_0551,13,1.3,0,False
normal_0551,14,1.4,0,False
normal_0551,15,1.5,0,False
normal_0551,16,1.6,0,False
normal_0551,17,1.7,0,False
normal_0551,18,1.8,0,False
normal_0551,19,1.9,0,False
normal_0551,20,2.0,0,False
normal_0551,21,2.1,0,False
normal_0551,22,2.2,0,False
normal_0551,23,2.3,0,False
normal_0551,24,2.4,0,False
normal_0551,25,2.5,0,False
normal_0551,26,2.6,0,False
normal_0551,27,2.7,0,False
normal_0551,28,2.8,0,False
normal_0551,29,2.9,0,False
normal_0551,30,3.0,0,False
normal_0551,31,3.1,0,False
normal_0551,32,3.2,0,False
normal_0551,33,3.3,0,False
normal_0551,34,3.4,0,False
normal_0551,35,3.5,0,False
normal_0551,36,3.6,0,False
normal_0551,37,3.7,0,False
normal_0551,38,3.8,0,False
normal_0551,39,3.9,0,False
normal_0551,40,4.0,0,False
normal_0551,41,4.1,0,False
normal_0551,42,4.2,0,False
normal_0551,43,4.3,0,False
normal_0551,44,4.4,0,False
normal_0551,45,4.5,0,False
normal_0552,0,0.0,0,False
normal_0552,1,0.1,0,False
normal_0552,2,0.2,0,False
normal_0552,3,0.3,0,False
normal_0552,4,0.4,0,False
normal_0552,5,0.5,0,False
normal_0552,6,0.6,0,False
normal_0552,7,0.7,0,False
normal_0552,8,0.8,0,False
normal_0552,9,0.9,0,False
normal_0552,10,1.0,0,False
normal_0552,11,1.1,0,False
normal_0552,12,1.2,0,False
normal_0552,13,1.3,0,False
normal_0552,14,1.4,0,False
normal_0552,15,1.5,0,False
normal_0552,16,1.6,0,False
normal_0552,17,1.7,0,False
normal_0552,18,1.8,0,False
normal_0552,19,1.9,0,False
normal_0552,20,2.0,0,False
normal_0552,21,2.1,0,False
normal_0552,22,2.2,0,False
normal_0552,23,2.3,0,False
normal_0552,24,2.4,0,False
normal_0552,25,2.5,0,False
normal_0552,26,2.6,0,False
normal_0552,27,2.7,0,False
normal_0552,28,2.8,0,False
normal_0552,29,2.9,0,False
normal_0552,30,3.0,0,False
normal_0552,31,3.1,0,False
normal_0552,32,3.2,0,False
normal_0552,33,3.3,0,False
normal_0552,34,3.4,0,False
normal_0552,35,3.5,0,False
normal_0552,36,3.6,0,False
normal_0552,37,3.7,0,False
normal_0552,38,3.8,0,False
normal_0552,39,3.9,0,False
normal_0552,40,4.0,0,False
normal_0552,41,4.1,0,False
normal_0552,42,4.2,0,False
normal_0552,43,4.3,0,False
normal_0552,44,4.4,0,False
normal_0553,0,0.0,0,False
normal_0553,1,0.1,0,False
normal_0553,2,0.2,0,False
normal_0553,3,0.3,0,False
normal_0553,4,0.4,0,False
normal_0553,5,0.5,0,False
normal_0553,6,0.6,0,False
normal_0553,7,0.7,0,False
normal_0553,8,0.8,0,False
normal_0553,9,0.9,0,False
normal_0553,10,1.0,0,False
normal_0553,11,1.1,0,False
normal_0553,12,1.2,0,False
normal_0553,13,1.3,0,False
normal_0553,14,1.4,0,False
normal_0553,15,1.5,0,False
normal_0553,16,1.6,0,False
normal_0553,17,1.7,0,False
normal_0553,18,1.8,0,False
normal_0553,19,1.9,0,False
normal_0553,20,2.0,0,False
normal_0553,21,2.1,0,False
normal_0553,22,2.2,0,False
normal_0553,23,2.3,0,False
normal_0553,24,2.4,0,False
normal_0553,25,2.5,0,False
normal_0553,26,2.6,0,False
normal_0553,27,2.7,0,False
normal_0553,28,2.8,0,False
normal_0553,29,2.9,0,False
normal_0553,30,3.0,0,False
normal_0554,0,0.0,0,False
normal_0554,1,0.1,0,False
normal_0554,2,0.2,0,False
normal_0554,3,0.3,0,False
normal_0554,4,0.4,0,False
normal_0554,5,0.5,0,False
normal_0554,6,0.6,0,False
normal_0554,7,0.7,0,False
normal_0554,8,0.8,0,False
normal_0554,9,0.9,0,False
normal_0554,10,1.0,0,False
normal_0554,11,1.1,0,False
normal_0554,12,1.2,0,False
normal_0554,13,1.3,0,False
normal_0554,14,1.4,0,False
normal_0554,15,1.5,0,False
normal_0554,16,1.6,0,False
normal_0555,0,0.0,0,False
normal_0555,1,0.1,0,False
normal_0555,2,0.2,0,False
normal_0556,0,0.0,0,False
normal_0556,1,0.1,0,False
normal_0556,2,0.2,0,False
normal_0556,3,0.3,0,False
normal_0556,4,0.4,0,False
normal_0556,5,0.5,0,False
normal_0556,6,0.6,0,False
normal_0556,7,0.7,0,False
normal_0556,8,0.8,0,False
normal_0556,9,0.9,0,False
normal_0556,10,1.0,0,False
normal_0556,11,1.1,0,False
normal_0556,12,1.2,0,False
normal_0556,13,1.3,0,False
normal_0556,14,1.4,0,False
normal_0556,15,1.5,0,False
normal_0556,16,1.6,0,False
normal_0556,17,1.7,0,False
normal_0556,18,1.8,0,False
normal_0556,19,1.9,0,False
normal_0556,20,2.0,0,False
normal_0556,21,2.1,0,False
normal_0556,22,2.2,0,False
normal_0556,23,2.3,0,False
normal_0556,24,2.4,0,False
normal_0556,25,2.5,0,False
normal_0556,26,2.6,0,False
normal_0556,27,2.7,0,False
normal_0556,28,2.8,0,False
normal_0556,29,2.9,0,False
normal_0556,30,3.0,0,False
normal_0556,31,3.1,0,False
normal_0556,32,3.2,0,False
normal_0556,33,3.3,0,False
normal_0556,34,3.4,0,False
normal_0556,35,3.5,0,False
normal_0556,36,3.6,0,False
normal_0556,37,3.7,0,False
normal_0556,38,3.8,0,False
normal_0556,39,3.9,0,False
normal_0556,40,4.0,0,False
normal_0556,41,4.1,0,False
normal_0556,42,4.2,0,False
normal_0556,43,4.3,0,False
normal_0556,44,4.4,0,False
normal_0556,45,4.5,0,False
normal_0556,46,4.6,0,False
normal_0556,47,4.7,0,False
normal_0556,48,4.8,0,False
normal_0556,49,4.9,0,False
normal_0557,0,0.0,0,False
normal_0557,1,0.1,0,False
normal_0557,2,0.2,0,False
normal_0557,3,0.3,0,False
normal_0557,4,0.4,0,False
normal_0557,5,0.5,0,False
normal_0557,6,0.6,0,False
normal_0557,7,0.7,0,False
normal_0557,8,0.8,0,False
normal_0557,9,0.9,0,False
normal_0557,10,1.0,0,False
normal_0557,11,1.1,0,False
normal_0557,12,1.2,0,False
normal_0557,13,1.3,0,False
normal_0557,14,1.4,0,False
normal_0557,15,1.5,0,False
normal_0557,16,1.6,0,False
normal_0557,17,1.7,0,False
normal_0557,18,1.8,0,False
normal_0557,19,1.9,0,False
normal_0557,20,2.0,0,False
normal_0557,21,2.1,0,False
normal_0557,22,2.2,0,False
normal_0557,23,2.3,0,False
normal_0557,24,2.4,0,False
normal_0557,25,2.5,0,False
normal_0557,26,2.6,0,False
normal_0557,27,2.7,0,False
normal_0557,28,2.8,0,False
normal_0557,29,2.9,0,False
normal_0557,30,3.0,0,False
normal_0557,31,3.1,0,False
normal_0557,32,3.2,0,False
normal_0557,33,3.3,0,False
normal_0557,34,3.4,0,False
normal_0557,35,3.5,0,False
normal_0557,36,3.6,0,False
normal_0557,37,3.7,0,False
normal_0557,38,3.8,0,False
normal_0557,39,3.9,0,False
normal_0557,40,4.0,0,False
normal_0557,41,4.1,0,False
normal_0557,42,4.2,0,False
normal_0557,43,4.3,0,False
normal_0557,44,4.4,0,False
normal_0557,45,4.5,0,False
normal_0557,46,4.6,0,False
normal_0557,47,4.7,0,False
normal_0557,48,4.8,0,False
normal_0557,49,4.9,0,False
normal_0558,0,0.0,0,False
normal_0558,1,0.1,0,False
normal_0558,2,0.2,0,False
normal_0558,3,0.3,0,False
normal_0558,4,0.4,0,False
normal_0558,5,0.5,0,False
normal_0558,6,0.6,0,False
normal_0558,7,0.7,0,False
normal_0558,8,0.8,0,False
normal_0558,9,0.9,0,False
normal_0558,10,1.0,0,False
normal_0558,11,1.1,0,False
normal_0558,12,1.2,0,False
normal_0558,13,1.3,0,False
normal_0558,14,1.4,0,False
normal_0558,15,1.5,0,False
normal_0558,16,1.6,0,False
normal_0558,17,1.7,0,False
normal_0558,18,1.8,0,False
normal_0558,19,1.9,0,False
normal_0558,20,2.0,0,False
normal_0558,21,2.1,0,False
normal_0558,22,2.2,0,False
normal_0558,23,2.3,0,False
normal_0558,24,2.4,0,False
normal_0558,25,2.5,0,False
normal_0558,26,2.6,0,False
normal_0558,27,2.7,0,False
normal_0558,28,2.8,0,False
normal_0558,29,2.9,0,False
normal_0558,30,3.0,0,False
normal_0558,31,3.1,0,False
normal_0558,32,3.2,0,False
normal_0558,33,3.3,0,False
normal_0558,34,3.4,0,False
normal_0558,35,3.5,0,False
normal_0558,36,3.6,0,False
normal_0558,37,3.7,0,False
normal_0558,38,3.8,0,False
normal_0558,39,3.9,0,False
normal_0558,40,4.0,0,False
normal_0558,41,4.1,0,False
normal_0558,42,4.2,0,False
normal_0558,43,4.3,0,False
normal_0558,44,4.4,0,False
normal_0559,0,0.0,0,False
normal_0559,1,0.1,0,False
normal_0559,2,0.2,0,False
normal_0559,3,0.3,0,False
normal_0559,4,0.4,0,False
normal_0559,5,0.5,0,False
normal_0559,6,0.6,0,False
normal_0559,7,0.7,0,False
normal_0559,8,0.8,0,False
normal_0559,9,0.9,0,False
normal_0559,10,1.0,0,False
normal_0559,11,1.1,0,False
normal_0559,12,1.2,0,False
normal_0559,13,1.3,0,False
normal_0559,14,1.4,0,False
normal_0559,15,1.5,0,False
normal_0559,16,1.6,0,False
normal_0559,17,1.7,0,False
normal_0559,18,1.8,0,False
normal_0559,19,1.9,0,False
normal_0559,20,2.0,0,False
normal_0559,21,2.1,0,False
normal_0559,22,2.2,0,False
normal_0559,23,2.3,0,False
normal_0559,24,2.4,0,False
normal_0559,25,2.5,0,False
normal_0559,26,2.6,0,False
normal_0559,27,2.7,0,False
normal_0559,28,2.8,0,False
normal_0559,29,2.9,0,False
normal_0560,0,0.0,0,False
normal_0560,1,0.1,0,False
normal_0560,2,0.2,0,False
normal_0560,3,0.3,0,False
normal_0560,4,0.4,0,False
normal_0560,5,0.5,0,False
normal_0560,6,0.6,0,False
normal_0560,7,0.7,0,False
normal_0560,8,0.8,0,False
normal_0560,9,0.9,0,False
normal_0560,10,1.0,0,False
normal_0560,11,1.1,0,False
normal_0560,12,1.2,0,False
normal_0560,13,1.3,0,False
normal_0560,14,1.4,0,False
normal_0560,15,1.5,0,False
normal_0560,16,1.6,0,False
normal_0560,17,1.7,0,False
normal_0560,18,1.8,0,False
normal_0561,0,0.0,0,False
normal_0561,1,0.1,0,False
normal_0561,2,0.2,0,False
normal_0561,3,0.3,0,False
normal_0561,4,0.4,0,False
normal_0562,0,0.0,0,False
normal_0562,1,0.1,0,False
normal_0562,2,0.2,0,False
normal_0562,3,0.3,0,False
normal_0562,4,0.4,0,False
normal_0562,5,0.5,0,False
normal_0562,6,0.6,0,False
normal_0562,7,0.7,0,False
normal_0562,8,0.8,0,False
normal_0562,9,0.9,0,False
normal_0562,10,1.0,0,False
normal_0562,11,1.1,0,False
normal_0562,12,1.2,0,False
normal_0562,13,1.3,0,False
normal_0562,14,1.4,0,False
normal_0562,15,1.5,0,False
normal_0562,16,1.6,0,False
normal_0562,17,1.7,0,False
normal_0562,18,1.8,0,False
normal_0562,19,1.9,0,False
normal_0562,20,2.0,0,False
normal_0562,21,2.1,0,False
normal_0562,22,2.2,0,False
normal_0562,23,2.3,0,False
normal_0562,24,2.4,0,False
normal_0562,25,2.5,0,False
normal_0562,26,2.6,0,False
normal_0562,27,2.7,0,False
normal_0562,28,2.8,0,False
normal_0562,29,2.9,0,False
normal_0562,30,3.0,0,False
normal_0562,31,3.1,0,False
normal_0562,32,3.2,0,False
normal_0562,33,3.3,0,False
normal_0562,34,3.4,0,False
normal_0562,35,3.5,0,False
normal_0562,36,3.6,0,False
normal_0562,37,3.7,0,False
normal_0562,38,3.8,0,False
normal_0562,39,3.9,0,False
normal_0562,40,4.0,0,False
normal_0562,41,4.1,0,False
normal_0562,42,4.2,0,False
normal_0562,43,4.3,0,False
normal_0562,44,4.4,0,False
normal_0562,45,4.5,0,False
normal_0562,46,4.6,0,False
normal_0562,47,4.7,0,False
normal_0562,48,4.8,0,False
normal_0562,49,4.9,0,False
normal_0563,0,0.0,0,False
normal_0563,1,0.1,0,False
normal_0563,2,0.2,0,False
normal_0563,3,0.3,0,False
normal_0563,4,0.4,0,False
normal_0563,5,0.5,0,False
normal_0563,6,0.6,0,False
normal_0563,7,0.7,0,False
normal_0563,8,0.8,0,False
normal_0563,9,0.9,0,False
normal_0563,10,1.0,0,False
normal_0563,11,1.1,0,False
normal_0563,12,1.2,0,False
normal_0563,13,1.3,0,False
normal_0563,14,1.4,0,False
normal_0563,15,1.5,0,False
normal_0563,16,1.6,0,False
normal_0563,17,1.7,0,False
normal_0563,18,1.8,0,False
normal_0563,19,1.9,0,False
normal_0563,20,2.0,0,False
normal_0563,21,2.1,0,False
normal_0563,22,2.2,0,False
normal_0563,23,2.3,0,False
normal_0563,24,2.4,0,False
normal_0563,25,2.5,0,False
normal_0563,26,2.6,0,False
normal_0563,27,2.7,0,False
normal_0563,28,2.8,0,False
normal_0563,29,2.9,0,False
normal_0563,30,3.0,0,False
normal_0563,31,3.1,0,False
normal_0563,32,3.2,0,False
normal_0563,33,3.3,0,False
normal_0563,34,3.4,0,False
normal_0563,35,3.5,0,False
normal_0563,36,3.6,0,False
normal_0563,37,3.7,0,False
normal_0563,38,3.8,0,False
normal_0563,39,3.9,0,False
normal_0563,40,4.0,0,False
normal_0563,41,4.1,0,False
normal_0563,42,4.2,0,False
normal_0563,43,4.3,0,False
normal_0563,44,4.4,0,False
normal_0563,45,4.5,0,False
normal_0563,46,4.6,0,False
normal_0563,47,4.7,0,False
normal_0563,48,4.8,0,False
normal_0563,49,4.9,0,False
normal_0564,0,0.0,0,False
normal_0564,1,0.1,0,False
normal_0564,2,0.2,0,False
normal_0564,3,0.3,0,False
normal_0564,4,0.4,0,False
normal_0564,5,0.5,0,False
normal_0564,6,0.6,0,False
normal_0564,7,0.7,0,False
normal_0564,8,0.8,0,False
normal_0564,9,0.9,0,False
normal_0564,10,1.0,0,False
normal_0564,11,1.1,0,False
normal_0564,12,1.2,0,False
normal_0564,13,1.3,0,False
normal_0564,14,1.4,0,False
normal_0564,15,1.5,0,False
normal_0564,16,1.6,0,False
normal_0564,17,1.7,0,False
normal_0564,18,1.8,0,False
normal_0564,19,1.9,0,False
normal_0564,20,2.0,0,False
normal_0564,21,2.1,0,False
normal_0564,22,2.2,0,False
normal_0564,23,2.3,0,False
normal_0564,24,2.4,0,False
normal_0564,25,2.5,0,False
normal_0564,26,2.6,0,False
normal_0564,27,2.7,0,False
normal_0564,28,2.8,0,False
normal_0564,29,2.9,0,False
normal_0564,30,3.0,0,False
normal_0564,31,3.1,0,False
normal_0564,32,3.2,0,False
normal_0564,33,3.3,0,False
normal_0564,34,3.4,0,False
normal_0564,35,3.5,0,False
normal_0564,36,3.6,0,False
normal_0564,37,3.7,0,False
normal_0564,38,3.8,0,False
normal_0564,39,3.9,0,False
normal_0564,40,4.0,0,False
normal_0564,41,4.1,0,False
normal_0564,42,4.2,0,False
normal_0564,43,4.3,0,False
normal_0565,0,0.0,0,False
normal_0565,1,0.1,0,False
normal_0565,2,0.2,0,False
normal_0565,3,0.3,0,False
normal_0565,4,0.4,0,False
normal_0565,5,0.5,0,False
normal_0565,6,0.6,0,False
normal_0565,7,0.7,0,False
normal_0565,8,0.8,0,False
normal_0565,9,0.9,0,False
normal_0565,10,1.0,0,False
normal_0565,11,1.1,0,False
normal_0565,12,1.2,0,False
normal_0565,13,1.3,0,False
normal_0565,14,1.4,0,False
normal_0565,15,1.5,0,False
normal_0565,16,1.6,0,False
normal_0565,17,1.7,0,False
normal_0565,18,1.8,0,False
normal_0565,19,1.9,0,False
normal_0565,20,2.0,0,False
normal_0565,21,2.1,0,False
normal_0565,22,2.2,0,False
normal_0565,23,2.3,0,False
normal_0565,24,2.4,0,False
normal_0565,25,2.5,0,False
normal_0565,26,2.6,0,False
normal_0565,27,2.7,0,False
normal_0565,28,2.8,0,False
normal_0565,29,2.9,0,False
normal_0566,0,0.0,0,False
normal_0566,1,0.1,0,False
normal_0566,2,0.2,0,False
normal_0566,3,0.3,0,False
normal_0566,4,0.4,0,False
normal_0566,5,0.5,0,False
normal_0566,6,0.6,0,False
normal_0566,7,0.7,0,False
normal_0566,8,0.8,0,False
normal_0566,9,0.9,0,False
normal_0566,10,1.0,0,False
normal_0566,11,1.1,0,False
normal_0566,12,1.2,0,False
normal_0566,13,1.3,0,False
normal_0566,14,1.4,0,False
normal_0566,15,1.5,0,False
normal_0566,16,1.6,0,False
normal_0566,17,1.7,0,False
normal_0567,0,0.0,0,False
normal_0567,1,0.1,0,False
normal_0567,2,0.2,0,False
normal_0567,3,0.3,0,False
normal_0568,0,0.0,0,False
normal_0568,1,0.1,0,False
normal_0568,2,0.2,0,False
normal_0568,3,0.3,0,False
normal_0568,4,0.4,0,False
normal_0568,5,0.5,0,False
normal_0568,6,0.6,0,False
normal_0568,7,0.7,0,False
normal_0568,8,0.8,0,False
normal_0568,9,0.9,0,False
normal_0568,10,1.0,0,False
normal_0568,11,1.1,0,False
normal_0568,12,1.2,0,False
normal_0568,13,1.3,0,False
normal_0568,14,1.4,0,False
normal_0568,15,1.5,0,False
normal_0568,16,1.6,0,False
normal_0568,17,1.7,0,False
normal_0568,18,1.8,0,False
normal_0568,19,1.9,0,False
normal_0568,20,2.0,0,False
normal_0568,21,2.1,0,False
normal_0568,22,2.2,0,False
normal_0568,23,2.3,0,False
normal_0568,24,2.4,0,False
normal_0568,25,2.5,0,False
normal_0568,26,2.6,0,False
normal_0568,27,2.7,0,False
normal_0568,28,2.8,0,False
normal_0568,29,2.9,0,False
normal_0568,30,3.0,0,False
normal_0568,31,3.1,0,False
normal_0568,32,3.2,0,False
normal_0568,33,3.3,0,False
normal_0568,34,3.4,0,False
normal_0568,35,3.5,0,False
normal_0568,36,3.6,0,False
normal_0568,37,3.7,0,False
normal_0568,38,3.8,0,False
normal_0568,39,3.9,0,False
normal_0568,40,4.0,0,False
normal_0568,41,4.1,0,False
normal_0568,42,4.2,0,False
normal_0568,43,4.3,0,False
normal_0568,44,4.4,0,False
normal_0568,45,4.5,0,False
normal_0568,46,4.6,0,False
normal_0568,47,4.7,0,False
normal_0568,48,4.8,0,False
normal_0568,49,4.9,0,False
normal_0569,0,0.0,0,False
normal_0569,1,0.1,0,False
normal_0569,2,0.2,0,False
normal_0569,3,0.3,0,False
normal_0569,4,0.4,0,False
normal_0569,5,0.5,0,False
normal_0569,6,0.6,0,False
normal_0569,7,0.7,0,False
normal_0569,8,0.8,0,False
normal_0569,9,0.9,0,False
normal_0569,10,1.0,0,False
normal_0569,11,1.1,0,False
normal_0569,12,1.2,0,False
normal_0569,13,1.3,0,False
normal_0569,14,1.4,0,False
normal_0569,15,1.5,0,False
normal_0569,16,1.6,0,False
normal_0569,17,1.7,0,False
normal_0569,18,1.8,0,False
normal_0569,19,1.9,0,False
normal_0569,20,2.0,0,False
normal_0569,21,2.1,0,False
normal_0569,22,2.2,0,False
normal_0569,23,2.3,0,False
normal_0569,24,2.4,0,False
normal_0569,25,2.5,0,False
normal_0569,26,2.6,0,False
normal_0569,27,2.7,0,False
normal_0569,28,2.8,0,False
normal_0569,29,2.9,0,False
normal_0569,30,3.0,0,False
normal_0569,31,3.1,0,False
normal_0569,32,3.2,0,False
normal_0569,33,3.3,0,False
normal_0569,34,3.4,0,False
normal_0569,35,3.5,0,False
normal_0569,36,3.6,0,False
normal_0569,37,3.7,0,False
normal_0569,38,3.8,0,False
normal_0569,39,3.9,0,False
normal_0569,40,4.0,0,False
normal_0569,41,4.1,0,False
normal_0569,42,4.2,0,False
normal_0569,43,4.3,0,False
normal_0569,44,4.4,0,False
normal_0569,45,4.5,0,False
normal_0569,46,4.6,0,False
normal_0569,47,4.7,0,False
normal_0569,48,4.8,0,False
normal_0569,49,4.9,0,False
normal_0570,0,0.0,0,False
normal_0570,1,0.1,0,False
normal_0570,2,0.2,0,False
normal_0570,3,0.3,0,False
normal_0570,4,0.4,0,False
normal_0570,5,0.5,0,False
normal_0570,6,0.6,0,False
normal_0570,7,0.7,0,True
normal_0570,8,0.8,0,False
normal_0570,9,0.9,0,False
normal_0570,10,1.0,0,True
normal_0570,11,1.1,0,True
normal_0570,12,1.2,0,True
normal_0570,13,1.3,0,True
normal_0570,14,1.4,0,False
normal_0570,15,1.5,0,False
normal_0570,16,1.6,0,False
normal_0570,17,1.7,0,False
normal_0570,18,1.8,0,False
normal_0570,19,1.9,0,False
normal_0570,20,2.0,0,True
normal_0570,21,2.1,0,True
normal_0570,22,2.2,0,True
normal_0570,23,2.3,0,False
normal_0570,24,2.4,0,False
normal_0570,25,2.5,0,False
normal_0570,26,2.6,0,False
normal_0570,27,2.7,0,False
normal_0570,28,2.8,0,False
normal_0570,29,2.9,0,False
normal_0570,30,3.0,0,False
normal_0570,31,3.1,0,False
normal_0570,32,3.2,0,False
normal_0570,33,3.3,0,False
normal_0570,34,3.4,0,False
normal_0570,35,3.5,0,False
normal_0570,36,3.6,0,False
normal_0570,37,3.7,0,False
normal_0570,38,3.8,0,False
normal_0570,39,3.9,0,False
normal_0570,40,4.0,0,False
normal_0570,41,4.1,0,False
normal_0570,42,4.2,0,False
normal_0570,43,4.3,0,False
normal_0571,0,0.0,0,False
normal_0571,1,0.1,0,False
normal_0571,2,0.2,0,False
normal_0571,3,0.3,0,False
normal_0571,4,0.4,0,False
normal_0571,5,0.5,0,False
normal_0571,6,0.6,0,False
normal_0571,7,0.7,0,False
normal_0571,8,0.8,0,False
normal_0571,9,0.9,0,False
normal_0571,10,1.0,0,False
normal_0571,11,1.1,0,False
normal_0571,12,1.2,0,False
normal_0571,13,1.3,0,False
normal_0571,14,1.4,0,False
normal_0571,15,1.5,0,False
normal_0571,16,1.6,0,False
normal_0571,17,1.7,0,False
normal_0571,18,1.8,0,False
normal_0571,19,1.9,0,False
normal_0571,20,2.0,0,False
normal_0571,21,2.1,0,False
normal_0571,22,2.2,0,False
normal_0571,23,2.3,0,False
normal_0571,24,2.4,0,False
normal_0571,25,2.5,0,False
normal_0571,26,2.6,0,False
normal_0571,27,2.7,0,False
normal_0571,28,2.8,0,False
normal_0571,29,2.9,0,False
normal_0571,30,3.0,0,False
normal_0571,31,3.1,0,False
normal_0571,32,3.2,0,False
normal_0571,33,3.3,0,False
normal_0571,34,3.4,0,False
normal_0571,35,3.5,0,False
normal_0571,36,3.6,0,False
normal_0571,37,3.7,0,False
normal_0571,38,3.8,0,False
normal_0571,39,3.9,0,False
normal_0571,40,4.0,0,False
normal_0571,41,4.1,0,False
normal_0572,0,0.0,0,False
normal_0572,1,0.1,0,False
normal_0572,2,0.2,0,False
normal_0572,3,0.3,0,False
normal_0572,4,0.4,0,False
normal_0572,5,0.5,0,False
normal_0572,6,0.6,0,False
normal_0572,7,0.7,0,False
normal_0572,8,0.8,0,False
normal_0572,9,0.9,0,False
normal_0572,10,1.0,0,False
normal_0572,11,1.1,0,False
normal_0572,12,1.2,0,False
normal_0572,13,1.3,0,False
normal_0572,14,1.4,0,False
normal_0572,15,1.5,0,False
normal_0572,16,1.6,0,False
normal_0572,17,1.7,0,False
normal_0572,18,1.8,0,False
normal_0572,19,1.9,0,False
normal_0572,20,2.0,0,False
normal_0572,21,2.1,0,False
normal_0572,22,2.2,0,False
normal_0572,23,2.3,0,False
normal_0572,24,2.4,0,False
normal_0572,25,2.5,0,False
normal_0572,26,2.6,0,False
normal_0572,27,2.7,0,False
normal_0572,28,2.8,0,False
normal_0572,29,2.9,0,False
normal_0573,0,0.0,0,False
normal_0573,1,0.1,0,False
normal_0573,2,0.2,0,False
normal_0573,3,0.3,0,False
normal_0573,4,0.4,0,False
normal_0573,5,0.5,0,False
normal_0573,6,0.6,0,False
normal_0573,7,0.7,0,False
normal_0573,8,0.8,0,False
normal_0573,9,0.9,0,False
normal_0573,10,1.0,0,False
normal_0573,11,1.1,0,False
normal_0573,12,1.2,0,False
normal_0573,13,1.3,0,False
normal_0573,14,1.4,0,False
normal_0573,15,1.5,0,False
normal_0573,16,1.6,0,False
normal_0573,17,1.7,0,False
normal_0573,18,1.8,0,False
normal_0573,19,1.9,0,False
normal_0574,0,0.0,0,False
normal_0574,1,0.1,0,False
normal_0574,2,0.2,0,False
normal_0574,3,0.3,0,False
normal_0574,4,0.4,0,False
normal_0574,5,0.5,0,False
normal_0574,6,0.6,0,False
normal_0574,7,0.7,0,False
normal_0575,0,0.0,0,False
normal_0575,1,0.1,0,False
normal_0575,2,0.2,0,False
normal_0575,3,0.3,0,False
normal_0575,4,0.4,0,False
normal_0575,5,0.5,0,False
normal_0575,6,0.6,0,False
normal_0575,7,0.7,0,False
normal_0575,8,0.8,0,False
normal_0575,9,0.9,0,False
normal_0575,10,1.0,0,False
normal_0575,11,1.1,0,False
normal_0575,12,1.2,0,False
normal_0575,13,1.3,0,False
normal_0575,14,1.4,0,False
normal_0575,15,1.5,0,False
normal_0575,16,1.6,0,False
normal_0575,17,1.7,0,False
normal_0575,18,1.8,0,False
normal_0575,19,1.9,0,False
normal_0575,20,2.0,0,False
normal_0575,21,2.1,0,False
normal_0575,22,2.2,0,False
normal_0575,23,2.3,0,False
normal_0575,24,2.4,0,False
normal_0575,25,2.5,0,False
normal_0575,26,2.6,0,False
normal_0575,27,2.7,0,False
normal_0575,28,2.8,0,False
normal_0575,29,2.9,0,False
normal_0575,30,3.0,0,False
normal_0575,31,3.1,0,False
normal_0575,32,3.2,0,False
normal_0575,33,3.3,0,False
normal_0575,34,3.4,0,False
normal_0575,35,3.5,0,False
normal_0575,36,3.6,0,False
normal_0575,37,3.7,0,False
normal_0575,38,3.8,0,False
normal_0575,39,3.9,0,False
normal_0575,40,4.0,0,False
normal_0575,41,4.1,0,False
normal_0575,42,4.2,0,False
normal_0575,43,4.3,0,False
normal_0575,44,4.4,0,False
normal_0575,45,4.5,0,False
normal_0575,46,4.6,0,False
normal_0575,47,4.7,0,False
normal_0575,48,4.8,0,False
normal_0575,49,4.9,0,False
normal_0576,0,0.0,0,False
normal_0576,1,0.1,0,False
normal_0576,2,0.2,0,False
normal_0576,3,0.3,0,False
normal_0576,4,0.4,0,False
normal_0576,5,0.5,0,False
normal_0576,6,0.6,0,False
normal_0576,7,0.7,0,False
normal_0576,8,0.8,0,False
normal_0576,9,0.9,0,False
normal_0576,10,1.0,0,False
normal_0576,11,1.1,0,False
normal_0576,12,1.2,0,False
normal_0576,13,1.3,0,False
normal_0576,14,1.4,0,False
normal_0576,15,1.5,0,False
normal_0576,16,1.6,0,False
normal_0576,17,1.7,0,False
normal_0576,18,1.8,0,False
normal_0576,19,1.9,0,False
normal_0576,20,2.0,0,True
normal_0576,21,2.1,0,False
normal_0576,22,2.2,0,False
normal_0576,23,2.3,0,False
normal_0576,24,2.4,0,False
normal_0576,25,2.5,0,False
normal_0576,26,2.6,0,False
normal_0576,27,2.7,0,False
normal_0576,28,2.8,0,False
normal_0576,29,2.9,0,False
normal_0576,30,3.0,0,False
normal_0576,31,3.1,0,False
normal_0576,32,3.2,0,False
normal_0576,33,3.3,0,False
normal_0576,34,3.4,0,False
normal_0576,35,3.5,0,False
normal_0576,36,3.6,0,False
normal_0576,37,3.7,0,False
normal_0576,38,3.8,0,False
normal_0576,39,3.9,0,False
normal_0576,40,4.0,0,False
normal_0576,41,4.1,0,False
normal_0576,42,4.2,0,False
normal_0576,43,4.3,0,False
normal_0576,44,4.4,0,False
normal_0576,45,4.5,0,False
normal_0576,46,4.6,0,False
normal_0576,47,4.7,0,False
normal_0576,48,4.8,0,False
normal_0576,49,4.9,0,False
normal_0577,0,0.0,0,False
normal_0577,1,0.1,0,False
normal_0577,2,0.2,0,False
normal_0577,3,0.3,0,False
normal_0577,4,0.4,0,False
normal_0577,5,0.5,0,False
normal_0577,6,0.6,0,False
normal_0577,7,0.7,0,False
normal_0577,8,0.8,0,False
normal_0577,9,0.9,0,False
normal_0577,10,1.0,0,False
normal_0577,11,1.1,0,False
normal_0577,12,1.2,0,False
normal_0577,13,1.3,0,False
normal_0577,14,1.4,0,False
normal_0577,15,1.5,0,False
normal_0577,16,1.6,0,False
normal_0577,17,1.7,0,False
normal_0577,18,1.8,0,False
normal_0577,19,1.9,0,False
normal_0577,20,2.0,0,False
normal_0577,21,2.1,0,False
normal_0577,22,2.2,0,False
normal_0577,23,2.3,0,False
normal_0577,24,2.4,0,False
normal_0577,25,2.5,0,False
normal_0577,26,2.6,0,False
normal_0577,27,2.7,0,False
normal_0577,28,2.8,0,False
normal_0577,29,2.9,0,False
normal_0577,30,3.0,0,False
normal_0577,31,3.1,0,False
normal_0577,32,3.2,0,False
normal_0577,33,3.3,0,False
normal_0577,34,3.4,0,False
normal_0577,35,3.5,0,False
normal_0577,36,3.6,0,False
normal_0577,37,3.7,0,False
normal_0577,38,3.8,0,False
normal_0577,39,3.9,0,False
normal_0577,40,4.0,0,False
normal_0577,41,4.1,0,False
normal_0577,42,4.2,0,False
normal_0577,43,4.3,0,False
normal_0577,44,4.4,0,False
normal_0577,45,4.5,0,False
normal_0577,46,4.6,0,False
normal_0577,47,4.7,0,False
normal_0577,48,4.8,0,False
normal_0578,0,0.0,0,False
normal_0578,1,0.1,0,False
normal_0578,2,0.2,0,False
normal_0578,3,0.3,0,False
normal_0578,4,0.4,0,False
normal_0578,5,0.5,0,False
normal_0578,6,0.6,0,False
normal_0578,7,0.7,0,False
normal_0578,8,0.8,0,False
normal_0578,9,0.9,0,False
normal_0578,10,1.0,0,False
normal_0578,11,1.1,0,False
normal_0578,12,1.2,0,False
normal_0578,13,1.3,0,False
normal_0578,14,1.4,0,False
normal_0578,15,1.5,0,False
normal_0578,16,1.6,0,False
normal_0578,17,1.7,0,False
normal_0578,18,1.8,0,False
normal_0578,19,1.9,0,False
normal_0578,20,2.0,0,False
normal_0578,21,2.1,0,False
normal_0578,22,2.2,0,False
normal_0578,23,2.3,0,False
normal_0578,24,2.4,0,False
normal_0578,25,2.5,0,False
normal_0578,26,2.6,0,False
normal_0578,27,2.7,0,False
normal_0578,28,2.8,0,False
normal_0578,29,2.9,0,False
normal_0578,30,3.0,0,False
normal_0578,31,3.1,0,False
normal_0578,32,3.2,0,False
normal_0578,33,3.3,0,False
normal_0578,34,3.4,0,False
normal_0579,0,0.0,0,False
normal_0579,1,0.1,0,False
normal_0579,2,0.2,0,False
normal_0579,3,0.3,0,False
normal_0579,4,0.4,0,False
normal_0579,5,0.5,0,False
normal_0579,6,0.6,0,False
normal_0579,7,0.7,0,False
normal_0579,8,0.8,0,False
normal_0579,9,0.9,0,False
normal_0579,10,1.0,0,False
normal_0579,11,1.1,0,False
normal_0579,12,1.2,0,False
normal_0579,13,1.3,0,False
normal_0579,14,1.4,0,False
normal_0579,15,1.5,0,False
normal_0579,16,1.6,0,False
normal_0579,17,1.7,0,False
normal_0579,18,1.8,0,False
normal_0579,19,1.9,0,False
normal_0579,20,2.0,0,False
normal_0579,21,2.1,0,False
normal_0579,22,2.2,0,False
normal_0579,23,2.3,0,False
normal_0579,24,2.4,0,False
normal_0579,25,2.5,0,False
normal_0579,26,2.6,0,False
normal_0579,27,2.7,0,False
normal_0579,28,2.8,0,False
normal_0579,29,2.9,0,False
normal_0579,30,3.0,0,False
normal_0579,31,3.1,0,False
normal_0579,32,3.2,0,False
normal_0579,33,3.3,0,False
normal_0579,34,3.4,0,False
normal_0580,0,0.0,0,False
normal_0580,1,0.1,0,False
normal_0580,2,0.2,0,False
normal_0580,3,0.3,0,False
normal_0580,4,0.4,0,False
normal_0580,5,0.5,0,False
normal_0580,6,0.6,0,False
normal_0580,7,0.7,0,False
normal_0580,8,0.8,0,False
normal_0580,9,0.9,0,False
normal_0580,10,1.0,0,False
normal_0580,11,1.1,0,False
normal_0580,12,1.2,0,False
normal_0580,13,1.3,0,False
normal_0580,14,1.4,0,False
normal_0580,15,1.5,0,False
normal_0580,16,1.6,0,False
normal_0580,17,1.7,0,False
normal_0580,18,1.8,0,False
normal_0580,19,1.9,0,False
normal_0580,20,2.0,0,False
normal_0580,21,2.1,0,False
normal_0580,22,2.2,0,False
normal_0580,23,2.3,0,False
normal_0581,0,0.0,0,False
normal_0581,1,0.1,0,False
normal_0581,2,0.2,0,False
normal_0581,3,0.3,0,False
normal_0581,4,0.4,0,False
normal_0581,5,0.5,0,False
normal_0581,6,0.6,0,False
normal_0581,7,0.7,0,False
normal_0581,8,0.8,0,False
normal_0581,9,0.9,0,False
normal_0582,0,0.0,0,False
normal_0582,1,0.1,0,False
normal_0582,2,0.2,0,False
normal_0582,3,0.3,0,False
normal_0582,4,0.4,0,False
normal_0582,5,0.5,0,False
normal_0582,6,0.6,0,False
normal_0582,7,0.7,0,False
normal_0582,8,0.8,0,False
normal_0582,9,0.9,0,False
normal_0582,10,1.0,0,False
normal_0582,11,1.1,0,False
normal_0582,12,1.2,0,False
normal_0582,13,1.3,0,False
normal_0582,14,1.4,0,False
normal_0582,15,1.5,0,False
normal_0582,16,1.6,0,False
normal_0582,17,1.7,0,False
normal_0582,18,1.8,0,False
normal_0582,19,1.9,0,False
normal_0582,20,2.0,0,False
normal_0582,21,2.1,0,False
normal_0582,22,2.2,0,False
normal_0582,23,2.3,0,False
normal_0582,24,2.4,0,False
normal_0582,25,2.5,0,False
normal_0582,26,2.6,0,False
normal_0582,27,2.7,0,False
normal_0582,28,2.8,0,False
normal_0582,29,2.9,0,False
normal_0582,30,3.0,0,False
normal_0582,31,3.1,0,False
normal_0582,32,3.2,0,False
normal_0582,33,3.3,0,False
normal_0582,34,3.4,0,False
normal_0582,35,3.5,0,False
normal_0582,36,3.6,0,False
normal_0582,37,3.7,0,False
normal_0582,38,3.8,0,False
normal_0582,39,3.9,0,False
normal_0582,40,4.0,0,False
normal_0582,41,4.1,0,False
normal_0582,42,4.2,0,False
normal_0582,43,4.3,0,False
normal_0582,44,4.4,0,False
normal_0582,45,4.5,0,False
normal_0582,46,4.6,0,False
normal_0582,47,4.7,0,False
normal_0582,48,4.8,0,False
normal_0582,49,4.9,0,False
normal_0583,0,0.0,0,False
normal_0583,1,0.1,0,False
normal_0583,2,0.2,0,False
normal_0583,3,0.3,0,False
normal_0583,4,0.4,0,False
normal_0583,5,0.5,0,False
normal_0583,6,0.6,0,False
normal_0583,7,0.7,0,False
normal_0583,8,0.8,0,False
normal_0583,9,0.9,0,False
normal_0583,10,1.0,0,False
normal_0583,11,1.1,0,False
normal_0583,12,1.2,0,False
normal_0583,13,1.3,0,False
normal_0583,14,1.4,0,False
normal_0583,15,1.5,0,False
normal_0583,16,1.6,0,False
normal_0583,17,1.7,0,False
normal_0583,18,1.8,0,False
normal_0583,19,1.9,0,False
normal_0583,20,2.0,0,False
normal_0583,21,2.1,0,False
normal_0583,22,2.2,0,False
normal_0583,23,2.3,0,False
normal_0583,24,2.4,0,False
normal_0583,25,2.5,0,False
normal_0583,26,2.6,0,False
normal_0583,27,2.7,0,False
normal_0583,28,2.8,0,False
normal_0583,29,2.9,0,False
normal_0583,30,3.0,0,False
normal_0583,31,3.1,0,False
normal_0583,32,3.2,0,False
normal_0583,33,3.3,0,False
normal_0583,34,3.4,0,False
normal_0583,35,3.5,0,False
normal_0583,36,3.6,0,False
normal_0583,37,3.7,0,False
normal_0583,38,3.8,0,False
normal_0583,39,3.9,0,False
normal_0583,40,4.0,0,False
normal_0583,41,4.1,0,False
normal_0583,42,4.2,0,False
normal_0583,43,4.3,0,False
normal_0583,44,4.4,0,False
normal_0583,45,4.5,0,False
normal_0583,46,4.6,0,False
normal_0583,47,4.7,0,False
normal_0583,48,4.8,0,False
normal_0583,49,4.9,0,False
normal_0584,0,0.0,0,False
normal_0584,1,0.1,0,False
normal_0584,2,0.2,0,False
normal_0584,3,0.3,0,False
normal_0584,4,0.4,0,False
normal_0584,5,0.5,0,False
normal_0584,6,0.6,0,False
normal_0584,7,0.7,0,False
normal_0584,8,0.8,0,False
normal_0584,9,0.9,0,False
normal_0584,10,1.0,0,False
normal_0584,11,1.1,0,False
normal_0584,12,1.2,0,False
normal_0584,13,1.3,0,False
normal_0584,14,1.4,0,False
normal_0584,15,1.5,0,False
normal_0584,16,1.6,0,False
normal_0584,17,1.7,0,False
normal_0584,18,1.8,0,False
normal_0584,19,1.9,0,False
normal_0584,20,2.0,0,False
normal_0584,21,2.1,0,False
normal_0584,22,2.2,0,False
normal_0584,23,2.3,0,False
normal_0584,24,2.4,0,False
normal_0584,25,2.5,0,False
normal_0584,26,2.6,0,False
normal_0584,27,2.7,0,False
normal_0584,28,2.8,0,False
normal_0584,29,2.9,0,False
normal_0584,30,3.0,0,False
normal_0584,31,3.1,0,False
normal_0584,32,3.2,0,False
normal_0584,33,3.3,0,False
normal_0584,34,3.4,0,False
normal_0584,35,3.5,0,False
normal_0584,36,3.6,0,False
normal_0585,0,0.0,0,False
normal_0585,1,0.1,0,False
normal_0585,2,0.2,0,False
normal_0585,3,0.3,0,False
normal_0585,4,0.4,0,False
normal_0585,5,0.5,0,False
normal_0585,6,0.6,0,False
normal_0585,7,0.7,0,False
normal_0585,8,0.8,0,False
normal_0585,9,0.9,0,False
normal_0585,10,1.0,0,False
normal_0585,11,1.1,0,False
normal_0585,12,1.2,0,False
normal_0585,13,1.3,0,False
normal_0585,14,1.4,0,False
normal_0585,15,1.5,0,False
normal_0585,16,1.6,0,False
normal_0585,17,1.7,0,False
normal_0585,18,1.8,0,False
normal_0585,19,1.9,0,False
normal_0585,20,2.0,0,False
normal_0585,21,2.1,0,False
normal_0585,22,2.2,0,False
normal_0585,23,2.3,0,False
normal_0585,24,2.4,0,False
normal_0586,0,0.0,0,False
normal_0586,1,0.1,0,False
normal_0586,2,0.2,0,False
normal_0586,3,0.3,0,False
normal_0586,4,0.4,0,False
normal_0586,5,0.5,0,False
normal_0586,6,0.6,0,False
normal_0586,7,0.7,0,False
normal_0586,8,0.8,0,False
normal_0586,9,0.9,0,False
normal_0586,10,1.0,0,False
normal_0587,0,0.0,0,False
normal_0587,1,0.1,0,False
normal_0587,2,0.2,0,False
normal_0587,3,0.3,0,False
normal_0587,4,0.4,0,False
normal_0587,5,0.5,0,False
normal_0587,6,0.6,0,False
normal_0587,7,0.7,0,False
normal_0587,8,0.8,0,False
normal_0587,9,0.9,0,False
normal_0587,10,1.0,0,False
normal_0587,11,1.1,0,False
normal_0587,12,1.2,0,False
normal_0587,13,1.3,0,False
normal_0587,14,1.4,0,False
normal_0587,15,1.5,0,False
normal_0587,16,1.6,0,False
normal_0587,17,1.7,0,False
normal_0587,18,1.8,0,False
normal_0587,19,1.9,0,False
normal_0587,20,2.0,0,False
normal_0587,21,2.1,0,False
normal_0587,22,2.2,0,False
normal_0587,23,2.3,0,False
normal_0587,24,2.4,0,False
normal_0587,25,2.5,0,False
normal_0587,26,2.6,0,False
normal_0587,27,2.7,0,False
normal_0587,28,2.8,0,False
normal_0587,29,2.9,0,False
normal_0587,30,3.0,0,False
normal_0587,31,3.1,0,False
normal_0587,32,3.2,0,False
normal_0587,33,3.3,0,False
normal_0587,34,3.4,0,False
normal_0587,35,3.5,0,False
normal_0587,36,3.6,0,False
normal_0587,37,3.7,0,False
normal_0587,38,3.8,0,False
normal_0587,39,3.9,0,False
normal_0587,40,4.0,0,False
normal_0587,41,4.1,0,False
normal_0587,42,4.2,0,False
normal_0587,43,4.3,0,False
normal_0587,44,4.4,0,False
normal_0587,45,4.5,0,False
normal_0587,46,4.6,0,False
normal_0587,47,4.7,0,False
normal_0587,48,4.8,0,False
normal_0587,49,4.9,0,False
normal_0588,0,0.0,0,False
normal_0588,1,0.1,0,False
normal_0588,2,0.2,0,False
normal_0588,3,0.3,0,False
normal_0588,4,0.4,0,False
normal_0588,5,0.5,0,False
normal_0588,6,0.6,0,False
normal_0588,7,0.7,0,False
normal_0588,8,0.8,0,False
normal_0588,9,0.9,0,False
normal_0588,10,1.0,0,False
normal_0588,11,1.1,0,False
normal_0588,12,1.2,0,False
normal_0588,13,1.3,0,False
normal_0588,14,1.4,0,False
normal_0588,15,1.5,0,False
normal_0588,16,1.6,0,False
normal_0588,17,1.7,0,False
normal_0588,18,1.8,0,False
normal_0588,19,1.9,0,False
normal_0588,20,2.0,0,False
normal_0588,21,2.1,0,False
normal_0588,22,2.2,0,False
normal_0588,23,2.3,0,False
normal_0588,24,2.4,0,False
normal_0588,25,2.5,0,False
normal_0588,26,2.6,0,False
normal_0588,27,2.7,0,False
normal_0588,28,2.8,0,False
normal_0588,29,2.9,0,False
normal_0588,30,3.0,0,False
normal_0588,31,3.1,0,False
normal_0588,32,3.2,0,False
normal_0588,33,3.3,0,False
normal_0588,34,3.4,0,False
normal_0588,35,3.5,0,False
normal_0588,36,3.6,0,False
normal_0588,37,3.7,0,False
normal_0588,38,3.8,0,False
normal_0588,39,3.9,0,False
normal_0588,40,4.0,0,False
normal_0588,41,4.1,0,False
normal_0588,42,4.2,0,False
normal_0588,43,4.3,0,False
normal_0588,44,4.4,0,False
normal_0588,45,4.5,0,False
normal_0588,46,4.6,0,False
normal_0588,47,4.7,0,False
normal_0588,48,4.8,0,False
normal_0588,49,4.9,0,False
normal_0589,0,0.0,0,False
normal_0589,1,0.1,0,False
normal_0589,2,0.2,0,False
normal_0589,3,0.3,0,False
normal_0589,4,0.4,0,False
normal_0589,5,0.5,0,False
normal_0589,6,0.6,0,False
normal_0589,7,0.7,0,False
normal_0589,8,0.8,0,False
normal_0589,9,0.9,0,False
normal_0589,10,1.0,0,False
normal_0589,11,1.1,0,False
normal_0589,12,1.2,0,False
normal_0589,13,1.3,0,False
normal_0589,14,1.4,0,False
normal_0589,15,1.5,0,False
normal_0589,16,1.6,0,False
normal_0589,17,1.7,0,False
normal_0589,18,1.8,0,False
normal_0589,19,1.9,0,False
normal_0589,20,2.0,0,False
normal_0589,21,2.1,0,False
normal_0589,22,2.2,0,False
normal_0589,23,2.3,0,False
normal_0589,24,2.4,0,False
normal_0589,25,2.5,0,False
normal_0589,26,2.6,0,False
normal_0589,27,2.7,0,False
normal_0589,28,2.8,0,False
normal_0589,29,2.9,0,False
normal_0589,30,3.0,0,False
normal_0589,31,3.1,0,False
normal_0589,32,3.2,0,False
normal_0589,33,3.3,0,False
normal_0589,34,3.4,0,False
normal_0589,35,3.5,0,False
normal_0589,36,3.6,0,False
normal_0589,37,3.7,0,False
normal_0589,38,3.8,0,False
normal_0589,39,3.9,0,False
normal_0589,40,4.0,0,False
normal_0589,41,4.1,0,False
normal_0590,0,0.0,0,False
normal_0590,1,0.1,0,False
normal_0590,2,0.2,0,False
normal_0590,3,0.3,0,False
normal_0590,4,0.4,0,False
normal_0590,5,0.5,0,False
normal_0590,6,0.6,0,False
normal_0590,7,0.7,0,False
normal_0590,8,0.8,0,False
normal_0590,9,0.9,0,False
normal_0590,10,1.0,0,False
normal_0590,11,1.1,0,False
normal_0590,12,1.2,0,False
normal_0590,13,1.3,0,False
normal_0590,14,1.4,0,False
normal_0590,15,1.5,0,False
normal_0590,16,1.6,0,False
normal_0590,17,1.7,0,False
normal_0590,18,1.8,0,False
normal_0590,19,1.9,0,False
normal_0590,20,2.0,0,False
normal_0590,21,2.1,0,False
normal_0590,22,2.2,0,False
normal_0590,23,2.3,0,False
normal_0590,24,2.4,0,False
normal_0590,25,2.5,0,False
normal_0590,26,2.6,0,False
normal_0590,27,2.7,0,False
normal_0590,28,2.8,0,False
normal_0591,0,0.0,0,False
normal_0591,1,0.1,0,False
normal_0591,2,0.2,0,False
normal_0591,3,0.3,0,False
normal_0591,4,0.4,0,False
normal_0591,5,0.5,0,False
normal_0591,6,0.6,0,False
normal_0591,7,0.7,0,False
normal_0591,8,0.8,0,False
normal_0591,9,0.9,0,False
normal_0591,10,1.0,0,False
normal_0591,11,1.1,0,False
normal_0591,12,1.2,0,False
normal_0591,13,1.3,0,False
normal_0591,14,1.4,0,False
normal_0591,15,1.5,0,False
normal_0591,16,1.6,0,False
normal_0591,17,1.7,0,False
normal_0592,0,0.0,0,False
normal_0592,1,0.1,0,False
normal_0592,2,0.2,0,False
normal_0592,3,0.3,0,False
normal_0592,4,0.4,0,False
normal_0592,5,0.5,0,False
normal_0593,0,0.0,0,False
normal_0593,1,0.1,0,False
normal_0593,2,0.2,0,False
normal_0593,3,0.3,0,False
normal_0593,4,0.4,0,False
normal_0593,5,0.5,0,False
normal_0593,6,0.6,0,False
normal_0593,7,0.7,0,False
normal_0593,8,0.8,0,False
normal_0593,9,0.9,0,False
normal_0593,10,1.0,0,False
normal_0593,11,1.1,0,False
normal_0593,12,1.2,0,False
normal_0593,13,1.3,0,False
normal_0593,14,1.4,0,False
normal_0593,15,1.5,0,False
normal_0593,16,1.6,0,False
normal_0593,17,1.7,0,False
normal_0593,18,1.8,0,False
normal_0593,19,1.9,0,False
normal_0593,20,2.0,0,False
normal_0593,21,2.1,0,False
normal_0593,22,2.2,0,False
normal_0593,23,2.3,0,False
normal_0593,24,2.4,0,False
normal_0593,25,2.5,0,False
normal_0593,26,2.6,0,False
normal_0593,27,2.7,0,False
normal_0593,28,2.8,0,False
normal_0593,29,2.9,0,False
normal_0593,30,3.0,0,False
normal_0593,31,3.1,0,False
normal_0593,32,3.2,0,False
normal_0593,33,3.3,0,False
normal_0593,34,3.4,0,False
normal_0593,35,3.5,0,False
normal_0593,36,3.6,0,False
normal_0593,37,3.7,0,False
normal_0593,38,3.8,0,False
normal_0593,39,3.9,0,False
normal_0593,40,4.0,0,False
normal_0593,41,4.1,0,False
normal_0593,42,4.2,0,False
normal_0593,43,4.3,0,False
normal_0593,44,4.4,0,False
normal_0593,45,4.5,0,False
normal_0593,46,4.6,0,False
normal_0593,47,4.7,0,False
normal_0593,48,4.8,0,False
normal_0593,49,4.9,0,False
normal_0594,0,0.0,0,False
normal_0594,1,0.1,0,False
normal_0594,2,0.2,0,False
normal_0594,3,0.3,0,False
normal_0594,4,0.4,0,False
normal_0594,5,0.5,0,False
normal_0594,6,0.6,0,False
normal_0594,7,0.7,0,False
normal_0594,8,0.8,0,False
normal_0594,9,0.9,0,False
normal_0594,10,1.0,0,False
normal_0594,11,1.1,0,False
normal_0594,12,1.2,0,False
normal_0594,13,1.3,0,False
normal_0594,14,1.4,0,False
normal_0594,15,1.5,0,False
normal_0594,16,1.6,0,False
normal_0594,17,1.7,0,False
normal_0594,18,1.8,0,False
normal_0594,19,1.9,0,False
normal_0594,20,2.0,0,False
normal_0594,21,2.1,0,False
normal_0594,22,2.2,0,False
normal_0594,23,2.3,0,False
normal_0594,24,2.4,0,False
normal_0594,25,2.5,0,False
normal_0594,26,2.6,0,False
normal_0594,27,2.7,0,False
normal_0594,28,2.8,0,False
normal_0594,29,2.9,0,False
normal_0594,30,3.0,0,False
normal_0594,31,3.1,0,False
normal_0594,32,3.2,0,False
normal_0594,33,3.3,0,False
normal_0594,34,3.4,0,False
normal_0594,35,3.5,0,False
normal_0594,36,3.6,0,False
normal_0594,37,3.7,0,False
normal_0594,38,3.8,0,False
normal_0594,39,3.9,0,False
normal_0594,40,4.0,0,False
normal_0594,41,4.1,0,False
normal_0594,42,4.2,0,False
normal_0594,43,4.3,0,False
normal_0594,44,4.4,0,False
normal_0594,45,4.5,0,False
normal_0595,0,0.0,0,False
normal_0595,1,0.1,0,False
normal_0595,2,0.2,0,False
normal_0595,3,0.3,0,False
normal_0595,4,0.4,0,False
normal_0595,5,0.5,0,False
normal_0595,6,0.6,0,False
normal_0595,7,0.7,0,False
normal_0595,8,0.8,0,False
normal_0595,9,0.9,0,False
normal_0595,10,1.0,0,False
normal_0595,11,1.1,0,False
normal_0595,12,1.2,0,False
normal_0595,13,1.3,0,False
normal_0595,14,1.4,0,False
normal_0595,15,1.5,0,False
normal_0595,16,1.6,0,False
normal_0595,17,1.7,0,False
normal_0595,18,1.8,0,False
normal_0595,19,1.9,0,False
normal_0595,20,2.0,0,False
normal_0595,21,2.1,0,False
normal_0595,22,2.2,0,False
normal_0595,23,2.3,0,False
normal_0595,24,2.4,0,False
normal_0595,25,2.5,0,False
normal_0595,26,2.6,0,False
normal_0595,27,2.7,0,False
normal_0595,28,2.8,0,False
normal_0595,29,2.9,0,False
normal_0595,30,3.0,0,False
normal_0595,31,3.1,0,False
normal_0595,32,3.2,0,False
normal_0595,33,3.3,0,False
normal_0595,34,3.4,0,False
normal_0596,0,0.0,0,False
normal_0596,1,0.1,0,False
normal_0596,2,0.2,0,False
normal_0596,3,0.3,0,False
normal_0596,4,0.4,0,False
normal_0596,5,0.5,0,False
normal_0596,6,0.6,0,False
normal_0596,7,0.7,0,False
normal_0596,8,0.8,0,False
normal_0596,9,0.9,0,False
normal_0596,10,1.0,0,False
normal_0596,11,1.1,0,False
normal_0596,12,1.2,0,False
normal_0596,13,1.3,0,False
normal_0596,14,1.4,0,False
normal_0596,15,1.5,0,False
normal_0596,16,1.6,0,False
normal_0596,17,1.7,0,False
normal_0596,18,1.8,0,False
normal_0596,19,1.9,0,False
normal_0596,20,2.0,0,False
normal_0596,21,2.1,0,False
normal_0597,0,0.0,0,False
normal_0597,1,0.1,0,False
normal_0597,2,0.2,0,False
normal_0597,3,0.3,0,False
normal_0597,4,0.4,0,False
normal_0597,5,0.5,0,False
normal_0597,6,0.6,0,False
normal_0597,7,0.7,0,False
normal_0598,0,0.0,0,False
normal_0598,1,0.1,0,False
normal_0598,2,0.2,0,False
normal_0598,3,0.3,0,False
normal_0598,4,0.4,0,False
normal_0598,5,0.5,0,False
normal_0598,6,0.6,0,False
normal_0598,7,0.7,0,False
normal_0598,8,0.8,0,False
normal_0598,9,0.9,0,False
normal_0598,10,1.0,0,False
normal_0598,11,1.1,0,False
normal_0598,12,1.2,0,False
normal_0598,13,1.3,0,False
normal_0598,14,1.4,0,False
normal_0598,15,1.5,0,False
normal_0598,16,1.6,0,False
normal_0598,17,1.7,0,False
normal_0598,18,1.8,0,False
normal_0598,19,1.9,0,False
normal_0598,20,2.0,0,False
normal_0598,21,2.1,0,False
normal_0598,22,2.2,0,False
normal_0598,23,2.3,0,False
normal_0598,24,2.4,0,False
normal_0598,25,2.5,0,False
normal_0598,26,2.6,0,False
normal_0598,27,2.7,0,False
normal_0598,28,2.8,0,False
normal_0598,29,2.9,0,False
normal_0598,30,3.0,0,False
normal_0598,31,3.1,0,False
normal_0598,32,3.2,0,False
normal_0598,33,3.3,0,False
normal_0598,34,3.4,0,False
normal_0598,35,3.5,0,False
normal_0598,36,3.6,0,False
normal_0598,37,3.7,0,False
normal_0598,38,3.8,0,False
normal_0598,39,3.9,0,False
normal_0598,40,4.0,0,False
normal_0598,41,4.1,0,False
normal_0598,42,4.2,0,False
normal_0598,43,4.3,0,False
normal_0598,44,4.4,0,False
normal_0598,45,4.5,0,False
normal_0598,46,4.6,0,False
normal_0598,47,4.7,0,False
normal_0598,48,4.8,0,False
normal_0598,49,4.9,0,False
normal_0599,0,0.0,0,False
normal_0599,1,0.1,0,False
normal_0599,2,0.2,0,False
normal_0599,3,0.3,0,False
normal_0599,4,0.4,0,False
normal_0599,5,0.5,0,False
normal_0599,6,0.6,0,False
normal_0599,7,0.7,0,False
normal_0599,8,0.8,0,False
normal_0599,9,0.9,0,False
normal_0599,10,1.0,0,False
normal_0599,11,1.1,0,False
normal_0599,12,1.2,0,False
normal_0599,13,1.3,0,False
normal_0599,14,1.4,0,False
normal_0599,15,1.5,0,False
normal_0599,16,1.6,0,False
normal_0599,17,1.7,0,False
normal_0599,18,1.8,0,False
normal_0599,19,1.9,0,False
normal_0599,20,2.0,0,False
normal_0599,21,2.1,0,False
normal_0599,22,2.2,0,False
normal_0599,23,2.3,0,False
normal_0599,24,2.4,0,False
normal_0599,25,2.5,0,False
normal_0599,26,2.6,0,False
normal_0599,27,2.7,0,False
normal_0599,28,2.8,0,False
normal_0599,29,2.9,0,False
normal_0599,30,3.0,0,False
normal_0599,31,3.1,0,False
normal_0599,32,3.2,0,False
normal_0599,33,3.3,0,False
normal_0599,34,3.4,0,False
normal_0599,35,3.5,0,False
normal_0599,36,3.6,0,False
normal_0599,37,3.7,0,False
normal_0599,38,3.8,0,False
normal_0599,39,3.9,0,False
normal_0599,40,4.0,0,False
normal_0599,41,4.1,0,False
normal_0599,42,4.2,0,False
normal_0599,43,4.3,0,False
fault_0001,0,0.0,1,False
fault_0001,1,0.1,1,False
fault_0001,2,0.2,1,True
fault_0001,3,0.3,1,True
fault_0002,0,0.0,1,False
fault_0002,1,0.1,1,False
fault_0002,2,0.2,1,True
fault_0002,3,0.3,1,True
fault_0002,4,0.4,1,True
fault_0002,5,0.5,1,True
fault_0002,6,0.6,1,True
fault_0002,7,0.7,1,True
fault_0002,8,0.8,1,True
fault_0002,9,0.9,1,True
fault_0002,10,1.0,1,True
fault_0002,11,1.1,1,True
fault_0002,12,1.2,1,True
fault_0002,13,1.3,1,True
fault_0002,14,1.4,1,True
fault_0002,15,1.5,1,True
fault_0002,16,1.6,1,True
fault_0002,17,1.7,1,True
fault_0002,18,1.8,1,True
fault_0002,19,1.9,1,True
fault_0002,20,2.0,1,True
fault_0002,21,2.1,1,True
fault_0002,22,2.2,1,True
fault_0002,23,2.3,1,True
fault_0002,24,2.4,1,True
fault_0002,25,2.5,1,True
fault_0002,26,2.6,1,True
fault_0002,27,2.7,1,True
fault_0002,28,2.8,1,True
fault_0002,29,2.9,1,True
fault_0002,30,3.0,1,True
fault_0002,31,3.1,1,True
fault_0002,32,3.2,1,True
fault_0002,33,3.3,1,True
fault_0002,34,3.4,1,True
fault_0002,35,3.5,1,True
fault_0002,36,3.6,1,False
fault_0002,37,3.7,1,True
fault_0002,38,3.8,1,True
fault_0002,39,3.9,1,True
fault_0002,40,4.0,1,True
fault_0002,41,4.1,1,True
fault_0002,42,4.2,1,True
fault_0002,43,4.3,1,True
fault_0002,44,4.4,1,True
fault_0002,45,4.5,1,False
fault_0002,46,4.6,1,True
fault_0002,47,4.7,1,False
fault_0002,48,4.8,1,True
fault_0002,49,4.9,1,True
fault_0003,0,0.0,1,False
fault_0003,1,0.1,1,False
fault_0003,2,0.2,1,True
fault_0003,3,0.3,1,True
fault_0003,4,0.4,1,False
fault_0003,5,0.5,1,True
fault_0003,6,0.6,1,True
fault_0003,7,0.7,1,True
fault_0003,8,0.8,1,True
fault_0003,9,0.9,1,True
fault_0003,10,1.0,1,True
fault_0003,11,1.1,1,True
fault_0003,12,1.2,1,False
fault_0003,13,1.3,1,True
fault_0003,14,1.4,1,True
fault_0003,15,1.5,1,True
fault_0003,16,1.6,1,True
fault_0003,17,1.7,1,True
fault_0003,18,1.8,1,True
fault_0003,19,1.9,1,True
fault_0003,20,2.0,1,True
fault_0003,21,2.1,1,True
fault_0003,22,2.2,1,True
fault_0003,23,2.3,1,True
fault_0003,24,2.4,1,True
fault_0003,25,2.5,1,True
fault_0003,26,2.6,1,True
fault_0003,27,2.7,1,True
fault_0003,28,2.8,1,True
fault_0003,29,2.9,1,True
fault_0003,30,3.0,1,True
fault_0003,31,3.1,1,True
fault_0003,32,3.2,1,True
fault_0003,33,3.3,1,True
fault_0003,34,3.4,1,True
fault_0003,35,3.5,1,True
fault_0003,36,3.6,1,True
fault_0003,37,3.7,1,True
fault_0003,38,3.8,1,True
fault_0003,39,3.9,1,True
fault_0003,40,4.0,1,True
fault_0003,41,4.1,1,True
fault_0003,42,4.2,1,True
fault_0003,43,4.3,1,True
fault_0003,44,4.4,1,True
fault_0003,45,4.5,1,True
fault_0003,46,4.6,1,True
fault_0004,0,0.0,1,False
fault_0004,1,0.1,1,False
fault_0004,2,0.2,1,False
fault_0004,3,0.3,1,True
fault_0004,4,0.4,1,False
fault_0004,5,0.5,1,True
fault_0004,6,0.6,1,True
fault_0004,7,0.7,1,True
fault_0004,8,0.8,1,True
fault_0004,9,0.9,1,True
fault_0004,10,1.0,1,True
fault_0004,11,1.1,1,True
fault_0004,12,1.2,1,True
fault_0004,13,1.3,1,False
fault_0004,14,1.4,1,True
fault_0004,15,1.5,1,True
fault_0004,16,1.6,1,True
fault_0004,17,1.7,1,True
fault_0004,18,1.8,1,True
fault_0004,19,1.9,1,True
fault_0004,20,2.0,1,False
fault_0004,21,2.1,1,True
fault_0004,22,2.2,1,True
fault_0004,23,2.3,1,True
fault_0004,24,2.4,1,True
fault_0004,25,2.5,1,True
fault_0004,26,2.6,1,True
fault_0004,27,2.7,1,True
fault_0004,28,2.8,1,True
fault_0004,29,2.9,1,True
fault_0004,30,3.0,1,True
fault_0005,0,0.0,1,False
fault_0005,1,0.1,1,False
fault_0005,2,0.2,1,True
fault_0005,3,0.3,1,True
fault_0005,4,0.4,1,True
fault_0005,5,0.5,1,True
fault_0005,6,0.6,1,True
fault_0005,7,0.7,1,True
fault_0005,8,0.8,1,True
fault_0005,9,0.9,1,True
fault_0005,10,1.0,1,True
fault_0005,11,1.1,1,True
fault_0005,12,1.2,1,True
fault_0005,13,1.3,1,True
fault_0005,14,1.4,1,True
fault_0005,15,1.5,1,True
fault_0005,16,1.6,1,True
fault_0005,17,1.7,1,True
fault_0006,0,0.0,1,False
fault_0006,1,0.1,1,False
fault_0006,2,0.2,1,True
fault_0007,0,0.0,1,False
fault_0007,1,0.1,1,False
fault_0007,2,0.2,1,True
fault_0007,3,0.3,1,True
fault_0007,4,0.4,1,True
fault_0007,5,0.5,1,True
fault_0007,6,0.6,1,True
fault_0007,7,0.7,1,True
fault_0007,8,0.8,1,True
fault_0007,9,0.9,1,True
fault_0007,10,1.0,1,True
fault_0007,11,1.1,1,True
fault_0007,12,1.2,1,True
fault_0007,13,1.3,1,True
fault_0007,14,1.4,1,True
fault_0007,15,1.5,1,True
fault_0007,16,1.6,1,True
fault_0007,17,1.7,1,True
fault_0007,18,1.8,1,True
fault_0007,19,1.9,1,True
fault_0007,20,2.0,1,True
fault_0007,21,2.1,1,True
fault_0007,22,2.2,1,True
fault_0007,23,2.3,1,True
fault_0007,24,2.4,1,False
fault_0007,25,2.5,1,False
fault_0007,26,2.6,1,True
fault_0007,27,2.7,1,True
fault_0007,28,2.8,1,True
fault_0007,29,2.9,1,True
fault_0007,30,3.0,1,True
fault_0007,31,3.1,1,True
fault_0007,32,3.2,1,True
fault_0007,33,3.3,1,True
fault_0007,34,3.4,1,True
fault_0007,35,3.5,1,True
fault_0007,36,3.6,1,True
fault_0007,37,3.7,1,True
fault_0007,38,3.8,1,True
fault_0007,39,3.9,1,True
fault_0007,40,4.0,1,True
fault_0007,41,4.1,1,True
fault_0007,42,4.2,1,True
fault_0007,43,4.3,1,True
fault_0007,44,4.4,1,True
fault_0007,45,4.5,1,True
fault_0007,46,4.6,1,True
fault_0007,47,4.7,1,True
fault_0007,48,4.8,1,True
fault_0007,49,4.9,1,True
fault_0008,0,0.0,1,False
fault_0008,1,0.1,1,False
fault_0008,2,0.2,1,True
fault_0008,3,0.3,1,True
fault_0008,4,0.4,1,True
fault_0008,5,0.5,1,True
fault_0008,6,0.6,1,True
fault_0008,7,0.7,1,True
fault_0008,8,0.8,1,True
fault_0008,9,0.9,1,True
fault_0008,10,1.0,1,True
fault_0008,11,1.1,1,True
fault_0008,12,1.2,1,True
fault_0008,13,1.3,1,True
fault_0008,14,1.4,1,True
fault_0008,15,1.5,1,True
fault_0008,16,1.6,1,True
fault_0008,17,1.7,1,True
fault_0008,18,1.8,1,True
fault_0008,19,1.9,1,True
fault_0008,20,2.0,1,True
fault_0008,21,2.1,1,True
fault_0008,22,2.2,1,True
fault_0008,23,2.3,1,True
fault_0008,24,2.4,1,True
fault_0008,25,2.5,1,True
fault_0008,26,2.6,1,True
fault_0008,27,2.7,1,True
fault_0008,28,2.8,1,True
fault_0008,29,2.9,1,True
fault_0008,30,3.0,1,True
fault_0008,31,3.1,1,True
fault_0008,32,3.2,1,True
fault_0008,33,3.3,1,True
fault_0008,34,3.4,1,True
fault_0008,35,3.5,1,True
fault_0008,36,3.6,1,True
fault_0008,37,3.7,1,True
fault_0008,38,3.8,1,True
fault_0008,39,3.9,1,True
fault_0009,0,0.0,1,False
fault_0009,1,0.1,1,False
fault_0009,2,0.2,1,True
fault_0009,3,0.3,1,True
fault_0009,4,0.4,1,True
fault_0009,5,0.5,1,True
fault_0009,6,0.6,1,True
fault_0009,7,0.7,1,True
fault_0009,8,0.8,1,True
fault_0009,9,0.9,1,True
fault_0009,10,1.0,1,True
fault_0009,11,1.1,1,True
fault_0009,12,1.2,1,True
fault_0009,13,1.3,1,True
fault_0009,14,1.4,1,True
fault_0009,15,1.5,1,True
fault_0009,16,1.6,1,True
fault_0009,17,1.7,1,True
fault_0009,18,1.8,1,True
fault_0009,19,1.9,1,True
fault_0009,20,2.0,1,True
fault_0009,21,2.1,1,True
fault_0009,22,2.2,1,True
fault_0009,23,2.3,1,True
fault_0009,24,2.4,1,True
fault_0010,0,0.0,1,False
fault_0010,1,0.1,1,False
fault_0010,2,0.2,1,True
fault_0010,3,0.3,1,True
fault_0010,4,0.4,1,True
fault_0010,5,0.5,1,True
fault_0010,6,0.6,1,True
fault_0010,7,0.7,1,True
fault_0011,0,0.0,1,False
fault_0011,1,0.1,1,False
fault_0011,2,0.2,1,True
fault_0011,3,0.3,1,True
fault_0012,0,0.0,1,False
fault_0012,1,0.1,1,False
fault_0012,2,0.2,1,True
fault_0012,3,0.3,1,True
fault_0012,4,0.4,1,False
fault_0012,5,0.5,1,True
fault_0012,6,0.6,1,True
fault_0012,7,0.7,1,True
fault_0012,8,0.8,1,True
fault_0012,9,0.9,1,True
fault_0012,10,1.0,1,True
fault_0012,11,1.1,1,True
fault_0012,12,1.2,1,True
fault_0012,13,1.3,1,True
fault_0012,14,1.4,1,True
fault_0012,15,1.5,1,True
fault_0012,16,1.6,1,True
fault_0012,17,1.7,1,True
fault_0012,18,1.8,1,True
fault_0012,19,1.9,1,True
fault_0012,20,2.0,1,True
fault_0012,21,2.1,1,True
fault_0012,22,2.2,1,True
fault_0012,23,2.3,1,True
fault_0012,24,2.4,1,True
fault_0012,25,2.5,1,True
fault_0012,26,2.6,1,True
fault_0012,27,2.7,1,True
fault_0012,28,2.8,1,True
fault_0012,29,2.9,1,True
fault_0012,30,3.0,1,True
fault_0012,31,3.1,1,True
fault_0012,32,3.2,1,True
fault_0012,33,3.3,1,True
fault_0012,34,3.4,1,True
fault_0012,35,3.5,1,True
fault_0012,36,3.6,1,True
fault_0012,37,3.7,1,True
fault_0012,38,3.8,1,True
fault_0012,39,3.9,1,True
fault_0012,40,4.0,1,True
fault_0012,41,4.1,1,True
fault_0012,42,4.2,1,True
fault_0012,43,4.3,1,True
fault_0012,44,4.4,1,True
fault_0012,45,4.5,1,True
fault_0012,46,4.6,1,True
fault_0012,47,4.7,1,True
fault_0012,48,4.8,1,True
fault_0012,49,4.9,1,True
fault_0013,0,0.0,1,False
fault_0013,1,0.1,1,False
fault_0013,2,0.2,1,True
fault_0013,3,0.3,1,True
fault_0013,4,0.4,1,True
fault_0013,5,0.5,1,True
fault_0013,6,0.6,1,True
fault_0013,7,0.7,1,True
fault_0013,8,0.8,1,True
fault_0013,9,0.9,1,True
fault_0013,10,1.0,1,True
fault_0013,11,1.1,1,True
fault_0013,12,1.2,1,True
fault_0013,13,1.3,1,True
fault_0013,14,1.4,1,True
fault_0013,15,1.5,1,False
fault_0013,16,1.6,1,True
fault_0013,17,1.7,1,True
fault_0013,18,1.8,1,True
fault_0013,19,1.9,1,True
fault_0013,20,2.0,1,True
fault_0013,21,2.1,1,True
fault_0013,22,2.2,1,True
fault_0013,23,2.3,1,True
fault_0013,24,2.4,1,True
fault_0013,25,2.5,1,True
fault_0013,26,2.6,1,True
fault_0013,27,2.7,1,True
fault_0013,28,2.8,1,True
fault_0013,29,2.9,1,True
fault_0013,30,3.0,1,True
fault_0013,31,3.1,1,True
fault_0013,32,3.2,1,False
fault_0013,33,3.3,1,True
fault_0013,34,3.4,1,True
fault_0013,35,3.5,1,True
fault_0013,36,3.6,1,True
fault_0013,37,3.7,1,False
fault_0013,38,3.8,1,True
fault_0013,39,3.9,1,True
fault_0013,40,4.0,1,False
fault_0013,41,4.1,1,True
fault_0014,0,0.0,1,False
fault_0014,1,0.1,1,False
fault_0014,2,0.2,1,True
fault_0014,3,0.3,1,True
fault_0014,4,0.4,1,True
fault_0014,5,0.5,1,True
fault_0014,6,0.6,1,True
fault_0014,7,0.7,1,True
fault_0014,8,0.8,1,True
fault_0014,9,0.9,1,True
fault_0014,10,1.0,1,True
fault_0014,11,1.1,1,True
fault_0014,12,1.2,1,True
fault_0014,13,1.3,1,True
fault_0014,14,1.4,1,True
fault_0014,15,1.5,1,True
fault_0014,16,1.6,1,True
fault_0014,17,1.7,1,True
fault_0014,18,1.8,1,True
fault_0014,19,1.9,1,True
fault_0014,20,2.0,1,True
fault_0014,21,2.1,1,True
fault_0014,22,2.2,1,True
fault_0014,23,2.3,1,True
fault_0014,24,2.4,1,True
fault_0014,25,2.5,1,True
fault_0014,26,2.6,1,True
fault_0014,27,2.7,1,True
fault_0015,0,0.0,1,False
fault_0015,1,0.1,1,False
fault_0015,2,0.2,1,True
fault_0015,3,0.3,1,True
fault_0015,4,0.4,1,True
fault_0015,5,0.5,1,True
fault_0015,6,0.6,1,True
fault_0015,7,0.7,1,True
fault_0015,8,0.8,1,True
fault_0015,9,0.9,1,False
fault_0015,10,1.0,1,True
fault_0015,11,1.1,1,False
fault_0015,12,1.2,1,True
fault_0015,13,1.3,1,True
fault_0015,14,1.4,1,True
fault_0016,0,0.0,1,False
fault_0016,1,0.1,1,False
fault_0016,2,0.2,1,True
fault_0016,3,0.3,1,True
fault_0016,4,0.4,1,False
fault_0016,5,0.5,1,True
fault_0016,6,0.6,1,True
fault_0016,7,0.7,1,True
fault_0016,8,0.8,1,True
fault_0016,9,0.9,1,False
fault_0016,10,1.0,1,True
fault_0016,11,1.1,1,True
fault_0016,12,1.2,1,True
fault_0016,13,1.3,1,True
fault_0016,14,1.4,1,True
fault_0016,15,1.5,1,False
fault_0016,16,1.6,1,True
fault_0016,17,1.7,1,False
fault_0016,18,1.8,1,False
fault_0016,19,1.9,1,True
fault_0016,20,2.0,1,True
fault_0016,21,2.1,1,True
fault_0016,22,2.2,1,True
fault_0016,23,2.3,1,True
fault_0016,24,2.4,1,True
fault_0016,25,2.5,1,False
fault_0016,26,2.6,1,True
fault_0016,27,2.7,1,True
fault_0016,28,2.8,1,True
fault_0016,29,2.9,1,False
fault_0016,30,3.0,1,True
fault_0016,31,3.1,1,True
fault_0016,32,3.2,1,True
fault_0016,33,3.3,1,True
fault_0016,34,3.4,1,True
fault_0016,35,3.5,1,True
fault_0016,36,3.6,1,True
fault_0016,37,3.7,1,True
fault_0016,38,3.8,1,True
fault_0016,39,3.9,1,True
fault_0016,40,4.0,1,True
fault_0016,41,4.1,1,True
fault_0016,42,4.2,1,True
fault_0016,43,4.3,1,True
fault_0016,44,4.4,1,True
fault_0016,45,4.5,1,True
fault_0016,46,4.6,1,True
fault_0016,47,4.7,1,True
fault_0016,48,4.8,1,True
fault_0016,49,4.9,1,True
fault_0017,0,0.0,1,False
fault_0017,1,0.1,1,False
fault_0017,2,0.2,1,True
fault_0017,3,0.3,1,True
fault_0017,4,0.4,1,True
fault_0017,5,0.5,1,True
fault_0017,6,0.6,1,True
fault_0017,7,0.7,1,True
fault_0017,8,0.8,1,True
fault_0017,9,0.9,1,True
fault_0017,10,1.0,1,False
fault_0017,11,1.1,1,True
fault_0017,12,1.2,1,True
fault_0017,13,1.3,1,True
fault_0017,14,1.4,1,True
fault_0017,15,1.5,1,True
fault_0017,16,1.6,1,True
fault_0017,17,1.7,1,True
fault_0017,18,1.8,1,True
fault_0017,19,1.9,1,False
fault_0017,20,2.0,1,False
fault_0017,21,2.1,1,False
fault_0017,22,2.2,1,True
fault_0017,23,2.3,1,True
fault_0017,24,2.4,1,True
fault_0017,25,2.5,1,True
fault_0017,26,2.6,1,True
fault_0017,27,2.7,1,True
fault_0017,28,2.8,1,True
fault_0017,29,2.9,1,False
fault_0017,30,3.0,1,True
fault_0017,31,3.1,1,False
fault_0017,32,3.2,1,False
fault_0017,33,3.3,1,True
fault_0017,34,3.4,1,True
fault_0017,35,3.5,1,True
fault_0017,36,3.6,1,True
fault_0017,37,3.7,1,True
fault_0017,38,3.8,1,True
fault_0017,39,3.9,1,True
fault_0017,40,4.0,1,True
fault_0017,41,4.1,1,True
fault_0017,42,4.2,1,True
fault_0017,43,4.3,1,True
fault_0017,44,4.4,1,True
fault_0017,45,4.5,1,True
fault_0017,46,4.6,1,True
fault_0017,47,4.7,1,True
fault_0017,48,4.8,1,True
fault_0017,49,4.9,1,True
fault_0018,0,0.0,1,False
fault_0018,1,0.1,1,False
fault_0018,2,0.2,1,True
fault_0018,3,0.3,1,True
fault_0018,4,0.4,1,True
fault_0018,5,0.5,1,True
fault_0018,6,0.6,1,True
fault_0018,7,0.7,1,True
fault_0018,8,0.8,1,True
fault_0018,9,0.9,1,True
fault_0018,10,1.0,1,True
fault_0018,11,1.1,1,True
fault_0018,12,1.2,1,True
fault_0018,13,1.3,1,True
fault_0018,14,1.4,1,True
fault_0018,15,1.5,1,True
fault_0018,16,1.6,1,True
fault_0018,17,1.7,1,True
fault_0018,18,1.8,1,True
fault_0018,19,1.9,1,False
fault_0018,20,2.0,1,False
fault_0018,21,2.1,1,True
fault_0018,22,2.2,1,True
fault_0018,23,2.3,1,False
fault_0018,24,2.4,1,True
fault_0018,25,2.5,1,True
fault_0018,26,2.6,1,True
fault_0018,27,2.7,1,True
fault_0018,28,2.8,1,False
fault_0018,29,2.9,1,True
fault_0018,30,3.0,1,True
fault_0018,31,3.1,1,True
fault_0018,32,3.2,1,True
fault_0018,33,3.3,1,True
fault_0018,34,3.4,1,True
fault_0018,35,3.5,1,True
fault_0019,0,0.0,1,False
fault_0019,1,0.1,1,False
fault_0019,2,0.2,1,False
fault_0019,3,0.3,1,True
fault_0019,4,0.4,1,True
fault_0019,5,0.5,1,True
fault_0019,6,0.6,1,True
fault_0019,7,0.7,1,True
fault_0019,8,0.8,1,True
fault_0019,9,0.9,1,True
fault_0019,10,1.0,1,True
fault_0019,11,1.1,1,True
fault_0019,12,1.2,1,True
fault_0019,13,1.3,1,True
fault_0019,14,1.4,1,True
fault_0019,15,1.5,1,True
fault_0019,16,1.6,1,True
fault_0019,17,1.7,1,True
fault_0019,18,1.8,1,True
fault_0019,19,1.9,1,True
fault_0019,20,2.0,1,True
fault_0019,21,2.1,1,True
fault_0019,22,2.2,1,True
fault_0019,23,2.3,1,True
fault_0020,0,0.0,1,False
fault_0020,1,0.1,1,False
fault_0020,2,0.2,1,True
fault_0020,3,0.3,1,True
fault_0020,4,0.4,1,True
fault_0020,5,0.5,1,True
fault_0020,6,0.6,1,True
fault_0020,7,0.7,1,True
fault_0020,8,0.8,1,True
fault_0020,9,0.9,1,True
fault_0021,0,0.0,1,False
fault_0021,1,0.1,1,False
fault_0021,2,0.2,1,False
fault_0021,3,0.3,1,True
fault_0021,4,0.4,1,True
fault_0021,5,0.5,1,True
fault_0021,6,0.6,1,True
fault_0021,7,0.7,1,True
fault_0021,8,0.8,1,True
fault_0021,9,0.9,1,False
fault_0021,10,1.0,1,False
fault_0021,11,1.1,1,True
fault_0021,12,1.2,1,False
fault_0021,13,1.3,1,False
fault_0021,14,1.4,1,True
