source,source_row,clip_id,sample_index,timestamp,elapsed_seconds,y_true,seed,mode,pred,score,threshold,dimension
normal,15910,normal_0480,0,2022-07-12 01:00:50.060,0.0,0,2,original,False,,17.210779832851532,3
normal,15911,normal_0480,1,2022-07-12 01:00:50.160,0.1,0,2,original,False,,17.210779832851532,6
normal,15912,normal_0480,2,2022-07-12 01:00:50.260,0.2,0,2,original,False,,17.210779832851532,9
normal,15913,normal_0480,3,2022-07-12 01:00:50.360,0.3,0,2,original,False,5.396333893327152,17.210779832851532,12
normal,15914,normal_0480,4,2022-07-12 01:00:50.460,0.4,0,2,original,False,6.8051889290894065,17.210779832851532,12
normal,15915,normal_0480,5,2022-07-12 01:00:50.560,0.5,0,2,original,False,5.5900997124531315,17.210779832851532,12
normal,15916,normal_0480,6,2022-07-12 01:00:50.660,0.6,0,2,original,False,5.418162373538564,17.210779832851532,12
normal,15917,normal_0480,7,2022-07-12 01:00:50.760,0.7,0,2,original,False,7.169772077366153,17.210779832851532,12
normal,15918,normal_0480,8,2022-07-12 01:00:50.860,0.8,0,2,original,False,7.213423439827751,17.210779832851532,12
normal,15919,normal_0480,9,2022-07-12 01:00:50.960,0.9,0,2,original,False,8.129193405658253,17.210779832851532,12
normal,15920,normal_0480,10,2022-07-12 01:00:51.060,1.0,0,2,original,False,8.60700131147246,17.210779832851532,12
normal,15921,normal_0480,11,2022-07-12 01:00:51.160,1.1,0,2,original,False,9.197646649669833,17.210779832851532,12
normal,15922,normal_0480,12,2022-07-12 01:00:51.260,1.2,0,2,original,False,5.499138300726809,17.210779832851532,12
normal,15923,normal_0480,13,2022-07-12 01:00:51.360,1.3,0,2,original,False,6.0571339680841625,17.210779832851532,12
normal,15924,normal_0480,14,2022-07-12 01:00:51.460,1.4,0,2,original,False,7.290517497056317,17.210779832851532,12
normal,15925,normal_0480,15,2022-07-12 01:00:51.560,1.5,0,2,original,False,7.968251413519412,17.210779832851532,12
normal,15926,normal_0480,16,2022-07-12 01:00:51.660,1.6,0,2,original,False,7.610251677528807,17.210779832851532,12
normal,15927,normal_0480,17,2022-07-12 01:00:51.760,1.7,0,2,original,False,7.106850079167464,17.210779832851532,12
normal,15928,normal_0480,18,2022-07-12 01:00:51.860,1.8,0,2,original,False,7.086877412184525,17.210779832851532,12
normal,15929,normal_0480,19,2022-07-12 01:00:51.960,1.9,0,2,original,False,6.07697770830774,17.210779832851532,12
normal,15930,normal_0480,20,2022-07-12 01:00:52.060,2.0,0,2,original,False,8.050914140075744,17.210779832851532,12
normal,15931,normal_0480,21,2022-07-12 01:00:52.160,2.1,0,2,original,False,7.185553621885255,17.210779832851532,12
normal,15932,normal_0480,22,2022-07-12 01:00:52.260,2.2,0,2,original,False,4.659204641709648,17.210779832851532,12
normal,15933,normal_0480,23,2022-07-12 01:00:52.360,2.3,0,2,original,False,4.302537119283129,17.210779832851532,12
normal,15934,normal_0480,24,2022-07-12 01:00:52.460,2.4,0,2,original,False,6.544011948074718,17.210779832851532,12
normal,15935,normal_0480,25,2022-07-12 01:00:52.560,2.5,0,2,original,False,5.179313110083617,17.210779832851532,12
normal,15936,normal_0480,26,2022-07-12 01:00:52.660,2.6,0,2,original,False,5.642858821451641,17.210779832851532,12
normal,15937,normal_0480,27,2022-07-12 01:00:52.760,2.7,0,2,original,False,5.817803484084579,17.210779832851532,12
normal,15938,normal_0480,28,2022-07-12 01:00:52.860,2.8,0,2,original,False,5.758630093911251,17.210779832851532,12
normal,15939,normal_0480,29,2022-07-12 01:00:52.960,2.9,0,2,original,False,6.500455838663163,17.210779832851532,12
normal,15940,normal_0480,30,2022-07-12 01:00:53.060,3.0,0,2,original,False,5.1676328456173986,17.210779832851532,12
normal,15941,normal_0480,31,2022-07-12 01:00:53.160,3.1,0,2,original,False,6.282464837935012,17.210779832851532,12
normal,15942,normal_0480,32,2022-07-12 01:00:53.260,3.2,0,2,original,False,6.214055601952318,17.210779832851532,12
normal,15943,normal_0480,33,2022-07-12 01:00:53.360,3.3,0,2,original,False,5.427603945219977,17.210779832851532,12
normal,15944,normal_0480,34,2022-07-12 01:00:53.460,3.4,0,2,original,False,5.100037841161563,17.210779832851532,12
normal,15945,normal_0480,35,2022-07-12 01:00:53.560,3.5,0,2,original,False,5.330682424091857,17.210779832851532,12
normal,15946,normal_0480,36,2022-07-12 01:00:53.660,3.6,0,2,original,False,3.9169237069576237,17.210779832851532,12
normal,15947,normal_0480,37,2022-07-12 01:00:53.760,3.7,0,2,original,False,4.129075407159037,17.210779832851532,12
normal,15948,normal_0480,38,2022-07-12 01:00:53.860,3.8,0,2,original,False,4.288400253198452,17.210779832851532,12
normal,15949,normal_0480,39,2022-07-12 01:00:53.960,3.9,0,2,original,False,4.424031982177529,17.210779832851532,12
normal,15950,normal_0480,40,2022-07-12 01:00:54.060,4.0,0,2,original,False,4.897604423985711,17.210779832851532,12
normal,15951,normal_0480,41,2022-07-12 01:00:54.160,4.1,0,2,original,False,6.1251021478473335,17.210779832851532,12
normal,15952,normal_0480,42,2022-07-12 01:00:54.260,4.2,0,2,original,False,6.404069724722513,17.210779832851532,12
normal,15953,normal_0480,43,2022-07-12 01:00:54.360,4.3,0,2,original,False,7.869623008229158,17.210779832851532,12
normal,15954,normal_0480,44,2022-07-12 01:00:54.460,4.4,0,2,original,False,5.9541586803448245,17.210779832851532,12
normal,15955,normal_0480,45,2022-07-12 01:00:54.560,4.5,0,2,original,False,6.5626514632027,17.210779832851532,12
normal,15956,normal_0480,46,2022-07-12 01:00:54.660,4.6,0,2,original,False,6.307127447635621,17.210779832851532,12
normal,15957,normal_0480,47,2022-07-12 01:00:54.760,4.7,0,2,original,False,6.111735389155371,17.210779832851532,12
normal,15958,normal_0480,48,2022-07-12 01:00:54.860,4.8,0,2,original,False,5.594056782418721,17.210779832851532,12
normal,15959,normal_0480,49,2022-07-12 01:00:54.960,4.9,0,2,original,False,5.410569534024978,17.210779832851532,12
normal,15960,normal_0481,0,2022-07-12 01:00:56.832,0.0,0,2,original,False,,17.210779832851532,3
normal,15961,normal_0481,1,2022-07-12 01:00:56.932,0.1,0,2,original,False,,17.210779832851532,6
normal,15962,normal_0481,2,2022-07-12 01:00:57.032,0.2,0,2,original,False,,17.210779832851532,9
normal,15963,normal_0481,3,2022-07-12 01:00:57.132,0.3,0,2,original,False,4.28404848912776,17.210779832851532,12
normal,15964,normal_0481,4,2022-07-12 01:00:57.232,0.4,0,2,original,False,4.175593868994832,17.210779832851532,12
normal,15965,normal_0481,5,2022-07-12 01:00:57.332,0.5,0,2,original,False,4.42961925462369,17.210779832851532,12
normal,15966,normal_0481,6,2022-07-12 01:00:57.432,0.6,0,2,original,False,5.21118943093533,17.210779832851532,12
normal,15967,normal_0481,7,2022-07-12 01:00:57.532,0.7,0,2,original,False,4.5379986565556045,17.210779832851532,12
normal,15968,normal_0481,8,2022-07-12 01:00:57.632,0.8,0,2,original,False,6.063375661501156,17.210779832851532,12
normal,15969,normal_0481,9,2022-07-12 01:00:57.732,0.9,0,2,original,False,4.570698537271322,17.210779832851532,12
normal,15970,normal_0481,10,2022-07-12 01:00:57.832,1.0,0,2,original,False,4.188404760496269,17.210779832851532,12
normal,15971,normal_0481,11,2022-07-12 01:00:57.932,1.1,0,2,original,False,4.1665237392633205,17.210779832851532,12
normal,15972,normal_0481,12,2022-07-12 01:00:58.032,1.2,0,2,original,False,4.290922013687577,17.210779832851532,12
normal,15973,normal_0481,13,2022-07-12 01:00:58.132,1.3,0,2,original,False,4.5092785613743676,17.210779832851532,12
normal,15974,normal_0481,14,2022-07-12 01:00:58.232,1.4,0,2,original,False,4.991858965253064,17.210779832851532,12
normal,15975,normal_0481,15,2022-07-12 01:00:58.332,1.5,0,2,original,False,5.55972896020703,17.210779832851532,12
normal,15976,normal_0481,16,2022-07-12 01:00:58.432,1.6,0,2,original,False,5.55961409641324,17.210779832851532,12
normal,15977,normal_0481,17,2022-07-12 01:00:58.532,1.7,0,2,original,False,5.225084054089066,17.210779832851532,12
normal,15978,normal_0481,18,2022-07-12 01:00:58.632,1.8,0,2,original,False,5.194802038049863,17.210779832851532,12
normal,15979,normal_0481,19,2022-07-12 01:00:58.732,1.9,0,2,original,False,6.148797384095405,17.210779832851532,12
normal,15980,normal_0481,20,2022-07-12 01:00:58.832,2.0,0,2,original,False,6.004301032822444,17.210779832851532,12
normal,15981,normal_0481,21,2022-07-12 01:00:58.932,2.1,0,2,original,False,5.339042051316843,17.210779832851532,12
normal,15982,normal_0481,22,2022-07-12 01:00:59.032,2.2,0,2,original,False,5.990557637007753,17.210779832851532,12
normal,15983,normal_0481,23,2022-07-12 01:00:59.132,2.3,0,2,original,False,5.6423846529398825,17.210779832851532,12
normal,15984,normal_0481,24,2022-07-12 01:00:59.232,2.4,0,2,original,False,5.888919900609322,17.210779832851532,12
normal,15985,normal_0481,25,2022-07-12 01:00:59.332,2.5,0,2,original,False,7.265594596582981,17.210779832851532,12
normal,15986,normal_0481,26,2022-07-12 01:00:59.432,2.6,0,2,original,False,5.960002778665067,17.210779832851532,12
normal,15987,normal_0481,27,2022-07-12 01:00:59.532,2.7,0,2,original,False,6.675301757018026,17.210779832851532,12
normal,15988,normal_0481,28,2022-07-12 01:00:59.632,2.8,0,2,original,False,4.406715228417508,17.210779832851532,12
normal,15989,normal_0481,29,2022-07-12 01:00:59.732,2.9,0,2,original,False,4.7207329843065695,17.210779832851532,12
normal,15990,normal_0481,30,2022-07-12 01:00:59.832,3.0,0,2,original,False,5.575532418915734,17.210779832851532,12
normal,15991,normal_0481,31,2022-07-12 01:00:59.932,3.1,0,2,original,False,7.124102760151224,17.210779832851532,12
normal,15992,normal_0481,32,2022-07-12 01:01:00.032,3.2,0,2,original,False,6.821983905963419,17.210779832851532,12
normal,15993,normal_0481,33,2022-07-12 01:01:00.132,3.3,0,2,original,False,6.632545270481386,17.210779832851532,12
normal,15994,normal_0481,34,2022-07-12 01:01:00.232,3.4,0,2,original,False,5.623517566055957,17.210779832851532,12
normal,15995,normal_0481,35,2022-07-12 01:01:00.332,3.5,0,2,original,False,6.830379486442978,17.210779832851532,12
normal,15996,normal_0481,36,2022-07-12 01:01:00.432,3.6,0,2,original,False,9.395604602021864,17.210779832851532,12
normal,15997,normal_0481,37,2022-07-12 01:01:00.532,3.7,0,2,original,False,7.2095914537835055,17.210779832851532,12
normal,15998,normal_0481,38,2022-07-12 01:01:00.632,3.8,0,2,original,False,8.215333977896918,17.210779832851532,12
normal,15999,normal_0481,39,2022-07-12 01:01:00.732,3.9,0,2,original,False,7.002840295631058,17.210779832851532,12
normal,16000,normal_0481,40,2022-07-12 01:01:00.832,4.0,0,2,original,False,6.875064545443208,17.210779832851532,12
normal,16001,normal_0481,41,2022-07-12 01:01:00.932,4.1,0,2,original,False,7.691529714698063,17.210779832851532,12
normal,16002,normal_0481,42,2022-07-12 01:01:01.032,4.2,0,2,original,False,9.374571380042378,17.210779832851532,12
normal,16003,normal_0481,43,2022-07-12 01:01:01.132,4.3,0,2,original,False,7.582492571563353,17.210779832851532,12
normal,16004,normal_0481,44,2022-07-12 01:01:01.232,4.4,0,2,original,False,8.485121456083942,17.210779832851532,12
normal,16005,normal_0481,45,2022-07-12 01:01:01.332,4.5,0,2,original,False,6.456736407740875,17.210779832851532,12
normal,16006,normal_0481,46,2022-07-12 01:01:01.432,4.6,0,2,original,False,6.494527126685638,17.210779832851532,12
normal,16007,normal_0481,47,2022-07-12 01:01:01.532,4.7,0,2,original,False,8.224044625036832,17.210779832851532,12
normal,16008,normal_0481,48,2022-07-12 01:01:01.632,4.8,0,2,original,False,7.495285362443349,17.210779832851532,12
normal,16009,normal_0481,49,2022-07-12 01:01:01.732,4.9,0,2,original,False,6.404695450186385,17.210779832851532,12
normal,16010,normal_0482,0,2022-07-12 01:01:04.524,0.0,0,2,original,False,,17.210779832851532,3
normal,16011,normal_0482,1,2022-07-12 01:01:04.624,0.1,0,2,original,False,,17.210779832851532,6
normal,16012,normal_0482,2,2022-07-12 01:01:04.724,0.2,0,2,original,False,,17.210779832851532,9
normal,16013,normal_0482,3,2022-07-12 01:01:04.824,0.3,0,2,original,False,4.081960669624544,17.210779832851532,12
normal,16014,normal_0482,4,2022-07-12 01:01:04.924,0.4,0,2,original,False,5.622328097445448,17.210779832851532,12
normal,16015,normal_0482,5,2022-07-12 01:01:05.024,0.5,0,2,original,False,4.582376162718171,17.210779832851532,12
normal,16016,normal_0482,6,2022-07-12 01:01:05.124,0.6,0,2,original,False,4.740074883682608,17.210779832851532,12
normal,16017,normal_0482,7,2022-07-12 01:01:05.224,0.7,0,2,original,False,4.1169358307921256,17.210779832851532,12
normal,16018,normal_0482,8,2022-07-12 01:01:05.324,0.8,0,2,original,False,3.8602638871817905,17.210779832851532,12
normal,16019,normal_0482,9,2022-07-12 01:01:05.424,0.9,0,2,original,False,3.813326963379709,17.210779832851532,12
normal,16020,normal_0482,10,2022-07-12 01:01:05.524,1.0,0,2,original,False,5.476925154374891,17.210779832851532,12
normal,16021,normal_0482,11,2022-07-12 01:01:05.624,1.1,0,2,original,False,4.523350960584058,17.210779832851532,12
normal,16022,normal_0482,12,2022-07-12 01:01:05.724,1.2,0,2,original,False,5.087130047274868,17.210779832851532,12
normal,16023,normal_0482,13,2022-07-12 01:01:05.824,1.3,0,2,original,False,4.3878122087144735,17.210779832851532,12
normal,16024,normal_0482,14,2022-07-12 01:01:05.924,1.4,0,2,original,False,5.370185683201279,17.210779832851532,12
normal,16025,normal_0482,15,2022-07-12 01:01:06.024,1.5,0,2,original,False,6.193177498695135,17.210779832851532,12
normal,16026,normal_0482,16,2022-07-12 01:01:06.124,1.6,0,2,original,False,5.408205836990216,17.210779832851532,12
normal,16027,normal_0482,17,2022-07-12 01:01:06.224,1.7,0,2,original,False,6.496304861978857,17.210779832851532,12
normal,16028,normal_0482,18,2022-07-12 01:01:06.324,1.8,0,2,original,False,8.007456422900809,17.210779832851532,12
normal,16029,normal_0482,19,2022-07-12 01:01:06.424,1.9,0,2,original,False,8.10097198148407,17.210779832851532,12
normal,16030,normal_0482,20,2022-07-12 01:01:06.524,2.0,0,2,original,False,7.1608060396629165,17.210779832851532,12
normal,16031,normal_0482,21,2022-07-12 01:01:06.624,2.1,0,2,original,False,7.677807770320855,17.210779832851532,12
normal,16032,normal_0482,22,2022-07-12 01:01:06.724,2.2,0,2,original,False,5.556920134010834,17.210779832851532,12
normal,16033,normal_0482,23,2022-07-12 01:01:06.824,2.3,0,2,original,False,4.626070443556481,17.210779832851532,12
normal,16034,normal_0482,24,2022-07-12 01:01:06.924,2.4,0,2,original,False,4.087752261628505,17.210779832851532,12
normal,16035,normal_0482,25,2022-07-12 01:01:07.024,2.5,0,2,original,False,5.103674191967241,17.210779832851532,12
normal,16036,normal_0482,26,2022-07-12 01:01:07.124,2.6,0,2,original,False,5.807681471799851,17.210779832851532,12
normal,16037,normal_0482,27,2022-07-12 01:01:07.224,2.7,0,2,original,False,7.521507365966745,17.210779832851532,12
normal,16038,normal_0482,28,2022-07-12 01:01:07.324,2.8,0,2,original,False,4.975036026289452,17.210779832851532,12
normal,16039,normal_0482,29,2022-07-12 01:01:07.424,2.9,0,2,original,False,5.964100127926114,17.210779832851532,12
normal,16040,normal_0482,30,2022-07-12 01:01:07.524,3.0,0,2,original,False,5.537282614913165,17.210779832851532,12
normal,16041,normal_0482,31,2022-07-12 01:01:07.624,3.1,0,2,original,False,5.977218492678941,17.210779832851532,12
normal,16042,normal_0482,32,2022-07-12 01:01:07.724,3.2,0,2,original,False,5.773041339893809,17.210779832851532,12
normal,16043,normal_0482,33,2022-07-12 01:01:07.824,3.3,0,2,original,False,5.062250623123468,17.210779832851532,12
normal,16044,normal_0482,34,2022-07-12 01:01:07.924,3.4,0,2,original,False,5.56101797403297,17.210779832851532,12
normal,16045,normal_0482,35,2022-07-12 01:01:08.024,3.5,0,2,original,False,7.279552186944176,17.210779832851532,12
normal,16046,normal_0482,36,2022-07-12 01:01:08.124,3.6,0,2,original,False,8.309170408129665,17.210779832851532,12
normal,16047,normal_0482,37,2022-07-12 01:01:08.224,3.7,0,2,original,False,8.513101230013717,17.210779832851532,12
normal,16048,normal_0482,38,2022-07-12 01:01:08.324,3.8,0,2,original,False,11.009135285511467,17.210779832851532,12
normal,16049,normal_0482,39,2022-07-12 01:01:08.424,3.9,0,2,original,False,5.528222249464589,17.210779832851532,12
normal,16050,normal_0482,40,2022-07-12 01:01:08.524,4.0,0,2,original,False,5.874561412059075,17.210779832851532,12
normal,16051,normal_0483,0,2022-07-12 01:01:13.118,0.0,0,2,original,False,,17.210779832851532,3
normal,16052,normal_0483,1,2022-07-12 01:01:13.218,0.1,0,2,original,False,,17.210779832851532,6
normal,16053,normal_0483,2,2022-07-12 01:01:13.318,0.2,0,2,original,False,,17.210779832851532,9
normal,16054,normal_0483,3,2022-07-12 01:01:13.418,0.3,0,2,original,False,4.729416554655593,17.210779832851532,12
normal,16055,normal_0483,4,2022-07-12 01:01:13.518,0.4,0,2,original,False,7.595173236256019,17.210779832851532,12
normal,16056,normal_0483,5,2022-07-12 01:01:13.618,0.5,0,2,original,False,8.270683073570572,17.210779832851532,12
normal,16057,normal_0483,6,2022-07-12 01:01:13.718,0.6,0,2,original,False,4.744004637127368,17.210779832851532,12
normal,16058,normal_0483,7,2022-07-12 01:01:13.818,0.7,0,2,original,False,7.160586230046502,17.210779832851532,12
normal,16059,normal_0483,8,2022-07-12 01:01:13.918,0.8,0,2,original,False,8.632463110968711,17.210779832851532,12
normal,16060,normal_0483,9,2022-07-12 01:01:14.018,0.9,0,2,original,False,7.923527715557855,17.210779832851532,12
normal,16061,normal_0483,10,2022-07-12 01:01:14.118,1.0,0,2,original,False,5.423071950411338,17.210779832851532,12
normal,16062,normal_0483,11,2022-07-12 01:01:14.218,1.1,0,2,original,False,6.652745150854766,17.210779832851532,12
normal,16063,normal_0483,12,2022-07-12 01:01:14.318,1.2,0,2,original,False,6.9607911350298,17.210779832851532,12
normal,16064,normal_0483,13,2022-07-12 01:01:14.418,1.3,0,2,original,False,6.5438705958936545,17.210779832851532,12
normal,16065,normal_0483,14,2022-07-12 01:01:14.518,1.4,0,2,original,False,7.1259442840929355,17.210779832851532,12
normal,16066,normal_0483,15,2022-07-12 01:01:14.618,1.5,0,2,original,False,7.826227765980868,17.210779832851532,12
normal,16067,normal_0483,16,2022-07-12 01:01:14.718,1.6,0,2,original,False,7.357985735135544,17.210779832851532,12
normal,16068,normal_0483,17,2022-07-12 01:01:14.818,1.7,0,2,original,False,3.3681074985145223,17.210779832851532,12
normal,16069,normal_0483,18,2022-07-12 01:01:14.918,1.8,0,2,original,False,3.589053675590058,17.210779832851532,12
normal,16070,normal_0483,19,2022-07-12 01:01:15.018,1.9,0,2,original,False,3.931839225885438,17.210779832851532,12
normal,16071,normal_0483,20,2022-07-12 01:01:15.118,2.0,0,2,original,False,3.17918342442807,17.210779832851532,12
normal,16072,normal_0483,21,2022-07-12 01:01:15.218,2.1,0,2,original,False,4.106632311133436,17.210779832851532,12
normal,16073,normal_0483,22,2022-07-12 01:01:15.318,2.2,0,2,original,False,3.760765529195618,17.210779832851532,12
normal,16074,normal_0483,23,2022-07-12 01:01:15.418,2.3,0,2,original,False,3.9939480386176207,17.210779832851532,12
normal,16075,normal_0483,24,2022-07-12 01:01:15.518,2.4,0,2,original,False,3.794779548823654,17.210779832851532,12
normal,16076,normal_0483,25,2022-07-12 01:01:15.618,2.5,0,2,original,False,3.0816299683218635,17.210779832851532,12
normal,16077,normal_0483,26,2022-07-12 01:01:15.718,2.6,0,2,original,False,3.2309548956905205,17.210779832851532,12
normal,16078,normal_0483,27,2022-07-12 01:01:15.818,2.7,0,2,original,False,3.00704050508451,17.210779832851532,12
normal,16079,normal_0483,28,2022-07-12 01:01:15.918,2.8,0,2,original,False,3.106425497016891,17.210779832851532,12
normal,16080,normal_0483,29,2022-07-12 01:01:16.018,2.9,0,2,original,False,3.6212443825277325,17.210779832851532,12
normal,16081,normal_0483,30,2022-07-12 01:01:16.118,3.0,0,2,original,False,4.02897406334776,17.210779832851532,12
normal,16082,normal_0483,31,2022-07-12 01:01:16.218,3.1,0,2,original,False,4.17451834605989,17.210779832851532,12
normal,16083,normal_0483,32,2022-07-12 01:01:16.318,3.2,0,2,original,False,6.261034159645999,17.210779832851532,12
normal,16084,normal_0483,33,2022-07-12 01:01:16.418,3.3,0,2,original,False,4.659977103913533,17.210779832851532,12
normal,16085,normal_0483,34,2022-07-12 01:01:16.518,3.4,0,2,original,False,4.745002023268833,17.210779832851532,12
normal,16086,normal_0483,35,2022-07-12 01:01:16.618,3.5,0,2,original,False,5.086009557617598,17.210779832851532,12
normal,16087,normal_0483,36,2022-07-12 01:01:16.718,3.6,0,2,original,False,4.985834100619078,17.210779832851532,12
normal,16088,normal_0483,37,2022-07-12 01:01:16.818,3.7,0,2,original,False,4.910292009157096,17.210779832851532,12
normal,16089,normal_0483,38,2022-07-12 01:01:16.918,3.8,0,2,original,False,5.223229578939296,17.210779832851532,12
normal,16090,normal_0483,39,2022-07-12 01:01:17.018,3.9,0,2,original,False,3.853387580835466,17.210779832851532,12
normal,16091,normal_0483,40,2022-07-12 01:01:17.118,4.0,0,2,original,False,5.632551751714087,17.210779832851532,12
normal,16092,normal_0483,41,2022-07-12 01:01:17.218,4.1,0,2,original,False,4.6659796337053265,17.210779832851532,12
normal,16093,normal_0483,42,2022-07-12 01:01:17.318,4.2,0,2,original,False,4.150175900371394,17.210779832851532,12
normal,16094,normal_0483,43,2022-07-12 01:01:17.418,4.3,0,2,original,False,4.0402671410687105,17.210779832851532,12
normal,16095,normal_0483,44,2022-07-12 01:01:17.518,4.4,0,2,original,False,3.6851962152717155,17.210779832851532,12
normal,16096,normal_0483,45,2022-07-12 01:01:17.618,4.5,0,2,original,False,3.794785614662582,17.210779832851532,12
normal,16097,normal_0483,46,2022-07-12 01:01:17.718,4.6,0,2,original,False,4.21707047355135,17.210779832851532,12
normal,16098,normal_0483,47,2022-07-12 01:01:17.818,4.7,0,2,original,False,6.418171579479559,17.210779832851532,12
normal,16099,normal_0483,48,2022-07-12 01:01:17.918,4.8,0,2,original,False,7.445969019915049,17.210779832851532,12
normal,16100,normal_0483,49,2022-07-12 01:01:18.018,4.9,0,2,original,False,6.811557043752247,17.210779832851532,12
normal,16101,normal_0484,0,2022-07-12 01:01:20.296,0.0,0,2,original,False,,17.210779832851532,3
normal,16102,normal_0484,1,2022-07-12 01:01:20.396,0.1,0,2,original,False,,17.210779832851532,6
normal,16103,normal_0484,2,2022-07-12 01:01:20.496,0.2,0,2,original,False,,17.210779832851532,9
normal,16104,normal_0484,3,2022-07-12 01:01:20.596,0.3,0,2,original,False,6.518299210314013,17.210779832851532,12
normal,16105,normal_0484,4,2022-07-12 01:01:20.696,0.4,0,2,original,False,5.75565757914193,17.210779832851532,12
normal,16106,normal_0484,5,2022-07-12 01:01:20.796,0.5,0,2,original,False,5.4662489173609785,17.210779832851532,12
normal,16107,normal_0484,6,2022-07-12 01:01:20.896,0.6,0,2,original,False,4.964333838924299,17.210779832851532,12
normal,16108,normal_0484,7,2022-07-12 01:01:20.996,0.7,0,2,original,False,4.797991580414443,17.210779832851532,12
normal,16109,normal_0484,8,2022-07-12 01:01:21.096,0.8,0,2,original,False,4.524217507677531,17.210779832851532,12
normal,16110,normal_0484,9,2022-07-12 01:01:21.196,0.9,0,2,original,False,5.3486024436127275,17.210779832851532,12
normal,16111,normal_0484,10,2022-07-12 01:01:21.296,1.0,0,2,original,False,5.7755424060686975,17.210779832851532,12
normal,16112,normal_0484,11,2022-07-12 01:01:21.396,1.1,0,2,original,False,6.902937543591635,17.210779832851532,12
normal,16113,normal_0484,12,2022-07-12 01:01:21.496,1.2,0,2,original,False,5.417629917576812,17.210779832851532,12
normal,16114,normal_0484,13,2022-07-12 01:01:21.596,1.3,0,2,original,False,6.425651958634601,17.210779832851532,12
normal,16115,normal_0484,14,2022-07-12 01:01:21.696,1.4,0,2,original,False,7.167625320006907,17.210779832851532,12
normal,16116,normal_0484,15,2022-07-12 01:01:21.796,1.5,0,2,original,False,5.006177156077381,17.210779832851532,12
normal,16117,normal_0484,16,2022-07-12 01:01:21.896,1.6,0,2,original,False,4.390966459647173,17.210779832851532,12
normal,16118,normal_0484,17,2022-07-12 01:01:21.996,1.7,0,2,original,False,5.041733751525265,17.210779832851532,12
normal,16119,normal_0484,18,2022-07-12 01:01:22.096,1.8,0,2,original,False,5.930428683546484,17.210779832851532,12
normal,16120,normal_0484,19,2022-07-12 01:01:22.196,1.9,0,2,original,False,5.767863294413348,17.210779832851532,12
normal,16121,normal_0484,20,2022-07-12 01:01:22.296,2.0,0,2,original,False,5.412438695683284,17.210779832851532,12
normal,16122,normal_0484,21,2022-07-12 01:01:22.396,2.1,0,2,original,False,5.124870113123562,17.210779832851532,12
normal,16123,normal_0484,22,2022-07-12 01:01:22.496,2.2,0,2,original,False,5.793004475026238,17.210779832851532,12
normal,16124,normal_0484,23,2022-07-12 01:01:22.596,2.3,0,2,original,False,3.6379689737349854,17.210779832851532,12
normal,16125,normal_0484,24,2022-07-12 01:01:22.696,2.4,0,2,original,False,6.781730796115913,17.210779832851532,12
normal,16126,normal_0484,25,2022-07-12 01:01:22.796,2.5,0,2,original,False,6.759608278859658,17.210779832851532,12
normal,16127,normal_0484,26,2022-07-12 01:01:22.896,2.6,0,2,original,False,4.864355814481924,17.210779832851532,12
normal,16128,normal_0484,27,2022-07-12 01:01:22.996,2.7,0,2,original,False,5.982210491171892,17.210779832851532,12
normal,16129,normal_0484,28,2022-07-12 01:01:23.096,2.8,0,2,original,False,9.105661922840623,17.210779832851532,12
normal,16130,normal_0484,29,2022-07-12 01:01:23.196,2.9,0,2,original,False,7.721497129989434,17.210779832851532,12
normal,16131,normal_0484,30,2022-07-12 01:01:23.296,3.0,0,2,original,False,7.668179804933884,17.210779832851532,12
normal,16132,normal_0484,31,2022-07-12 01:01:23.396,3.1,0,2,original,False,8.993384672324945,17.210779832851532,12
normal,16133,normal_0484,32,2022-07-12 01:01:23.496,3.2,0,2,original,False,8.732339495191804,17.210779832851532,12
normal,16134,normal_0484,33,2022-07-12 01:01:23.596,3.3,0,2,original,False,6.565346882481194,17.210779832851532,12
normal,16135,normal_0484,34,2022-07-12 01:01:23.696,3.4,0,2,original,False,6.138077472099947,17.210779832851532,12
normal,16136,normal_0484,35,2022-07-12 01:01:23.796,3.5,0,2,original,False,9.36543535997712,17.210779832851532,12
normal,16137,normal_0484,36,2022-07-12 01:01:23.896,3.6,0,2,original,False,8.816605946695764,17.210779832851532,12
normal,16138,normal_0484,37,2022-07-12 01:01:23.996,3.7,0,2,original,False,8.405198129456497,17.210779832851532,12
normal,16139,normal_0484,38,2022-07-12 01:01:24.096,3.8,0,2,original,False,7.900383189892846,17.210779832851532,12
normal,16140,normal_0484,39,2022-07-12 01:01:24.196,3.9,0,2,original,False,8.22028683361609,17.210779832851532,12
normal,16141,normal_0484,40,2022-07-12 01:01:24.296,4.0,0,2,original,False,6.792712598940705,17.210779832851532,12
normal,16142,normal_0484,41,2022-07-12 01:01:24.396,4.1,0,2,original,False,9.610763214218489,17.210779832851532,12
normal,16143,normal_0484,42,2022-07-12 01:01:24.496,4.2,0,2,original,False,7.930768760671872,17.210779832851532,12
normal,16144,normal_0484,43,2022-07-12 01:01:24.596,4.3,0,2,original,False,6.9618568112299375,17.210779832851532,12
normal,16145,normal_0485,0,2022-07-12 01:01:28.171,0.0,0,2,original,False,,17.210779832851532,3
normal,16146,normal_0485,1,2022-07-12 01:01:28.271,0.1,0,2,original,False,,17.210779832851532,6
normal,16147,normal_0485,2,2022-07-12 01:01:28.371,0.2,0,2,original,False,,17.210779832851532,9
normal,16148,normal_0485,3,2022-07-12 01:01:28.471,0.3,0,2,original,False,7.3232574736873115,17.210779832851532,12
normal,16149,normal_0485,4,2022-07-12 01:01:28.571,0.4,0,2,original,False,4.541342654323085,17.210779832851532,12
normal,16150,normal_0485,5,2022-07-12 01:01:28.671,0.5,0,2,original,False,6.602790375564419,17.210779832851532,12
normal,16151,normal_0485,6,2022-07-12 01:01:28.771,0.6,0,2,original,False,6.775425578665599,17.210779832851532,12
normal,16152,normal_0485,7,2022-07-12 01:01:28.871,0.7,0,2,original,False,5.620257723739345,17.210779832851532,12
normal,16153,normal_0485,8,2022-07-12 01:01:28.971,0.8,0,2,original,False,4.239740197865532,17.210779832851532,12
normal,16154,normal_0485,9,2022-07-12 01:01:29.071,0.9,0,2,original,False,4.997542569582109,17.210779832851532,12
normal,16155,normal_0485,10,2022-07-12 01:01:29.171,1.0,0,2,original,False,5.977163869899308,17.210779832851532,12
normal,16156,normal_0485,11,2022-07-12 01:01:29.271,1.1,0,2,original,False,6.171984849659996,17.210779832851532,12
normal,16157,normal_0485,12,2022-07-12 01:01:29.371,1.2,0,2,original,False,5.98339007190862,17.210779832851532,12
normal,16158,normal_0485,13,2022-07-12 01:01:29.471,1.3,0,2,original,False,7.089300588695106,17.210779832851532,12
normal,16159,normal_0485,14,2022-07-12 01:01:29.571,1.4,0,2,original,False,6.249294592528066,17.210779832851532,12
normal,16160,normal_0485,15,2022-07-12 01:01:29.671,1.5,0,2,original,False,3.421643125521823,17.210779832851532,12
normal,16161,normal_0485,16,2022-07-12 01:01:29.771,1.6,0,2,original,False,3.162623723021698,17.210779832851532,12
normal,16162,normal_0485,17,2022-07-12 01:01:29.871,1.7,0,2,original,False,4.381603662966601,17.210779832851532,12
normal,16163,normal_0485,18,2022-07-12 01:01:29.971,1.8,0,2,original,False,3.588270202907908,17.210779832851532,12
normal,16164,normal_0485,19,2022-07-12 01:01:30.071,1.9,0,2,original,False,4.081722094220558,17.210779832851532,12
normal,16165,normal_0485,20,2022-07-12 01:01:30.171,2.0,0,2,original,False,4.945755811180669,17.210779832851532,12
normal,16166,normal_0485,21,2022-07-12 01:01:30.271,2.1,0,2,original,False,5.636572155384337,17.210779832851532,12
normal,16167,normal_0485,22,2022-07-12 01:01:30.371,2.2,0,2,original,False,5.938401031718284,17.210779832851532,12
normal,16168,normal_0485,23,2022-07-12 01:01:30.471,2.3,0,2,original,False,4.247747386731202,17.210779832851532,12
normal,16169,normal_0485,24,2022-07-12 01:01:30.571,2.4,0,2,original,False,4.285536074070548,17.210779832851532,12
normal,16170,normal_0485,25,2022-07-12 01:01:30.671,2.5,0,2,original,False,3.971816022536068,17.210779832851532,12
normal,16171,normal_0485,26,2022-07-12 01:01:30.771,2.6,0,2,original,False,3.166614027413348,17.210779832851532,12
normal,16172,normal_0485,27,2022-07-12 01:01:30.871,2.7,0,2,original,False,4.57791317849067,17.210779832851532,12
normal,16173,normal_0485,28,2022-07-12 01:01:30.971,2.8,0,2,original,False,5.213546338404186,17.210779832851532,12
normal,16174,normal_0485,29,2022-07-12 01:01:31.071,2.9,0,2,original,False,4.6382852275386455,17.210779832851532,12
normal,16175,normal_0485,30,2022-07-12 01:01:31.171,3.0,0,2,original,False,6.848875112855113,17.210779832851532,12
normal,16176,normal_0485,31,2022-07-12 01:01:31.271,3.1,0,2,original,False,6.219733388259422,17.210779832851532,12
normal,16177,normal_0485,32,2022-07-12 01:01:31.371,3.2,0,2,original,False,6.254419549097352,17.210779832851532,12
normal,16178,normal_0485,33,2022-07-12 01:01:31.471,3.3,0,2,original,False,4.74264597383806,17.210779832851532,12
normal,16179,normal_0485,34,2022-07-12 01:01:31.571,3.4,0,2,original,False,6.710706446959146,17.210779832851532,12
normal,16180,normal_0485,35,2022-07-12 01:01:31.671,3.5,0,2,original,False,6.741969200770328,17.210779832851532,12
normal,16181,normal_0485,36,2022-07-12 01:01:31.771,3.6,0,2,original,False,6.1891242826166195,17.210779832851532,12
normal,16182,normal_0485,37,2022-07-12 01:01:31.871,3.7,0,2,original,False,3.782214937106256,17.210779832851532,12
normal,16183,normal_0485,38,2022-07-12 01:01:31.971,3.8,0,2,original,False,7.006306898838556,17.210779832851532,12
normal,16184,normal_0485,39,2022-07-12 01:01:32.071,3.9,0,2,original,False,7.416009696207175,17.210779832851532,12
normal,16185,normal_0485,40,2022-07-12 01:01:32.171,4.0,0,2,original,False,4.778379270966768,17.210779832851532,12
normal,16186,normal_0485,41,2022-07-12 01:01:32.271,4.1,0,2,original,False,4.432309982968269,17.210779832851532,12
normal,16187,normal_0485,42,2022-07-12 01:01:32.371,4.2,0,2,original,False,4.282297535120608,17.210779832851532,12
normal,16188,normal_0485,43,2022-07-12 01:01:32.471,4.3,0,2,original,False,4.234979579401161,17.210779832851532,12
normal,16189,normal_0486,0,2022-07-12 01:01:36.160,0.0,0,2,original,False,,17.210779832851532,3
normal,16190,normal_0486,1,2022-07-12 01:01:36.260,0.1,0,2,original,False,,17.210779832851532,6
normal,16191,normal_0486,2,2022-07-12 01:01:36.360,0.2,0,2,original,False,,17.210779832851532,9
normal,16192,normal_0486,3,2022-07-12 01:01:36.460,0.3,0,2,original,False,6.141234123757882,17.210779832851532,12
normal,16193,normal_0486,4,2022-07-12 01:01:36.560,0.4,0,2,original,False,6.087482922517207,17.210779832851532,12
normal,16194,normal_0486,5,2022-07-12 01:01:36.660,0.5,0,2,original,False,7.12602986235971,17.210779832851532,12
normal,16195,normal_0486,6,2022-07-12 01:01:36.760,0.6,0,2,original,False,4.893690024423457,17.210779832851532,12
normal,16196,normal_0486,7,2022-07-12 01:01:36.860,0.7,0,2,original,False,3.8860435219840976,17.210779832851532,12
normal,16197,normal_0486,8,2022-07-12 01:01:36.960,0.8,0,2,original,False,4.440480122332127,17.210779832851532,12
normal,16198,normal_0486,9,2022-07-12 01:01:37.060,0.9,0,2,original,False,6.244354396297684,17.210779832851532,12
normal,16199,normal_0486,10,2022-07-12 01:01:37.160,1.0,0,2,original,False,5.732950485202792,17.210779832851532,12
normal,16200,normal_0486,11,2022-07-12 01:01:37.260,1.1,0,2,original,False,4.822578863907201,17.210779832851532,12
normal,16201,normal_0486,12,2022-07-12 01:01:37.360,1.2,0,2,original,False,6.165391707736824,17.210779832851532,12
normal,16202,normal_0486,13,2022-07-12 01:01:37.460,1.3,0,2,original,False,7.2351651061658915,17.210779832851532,12
normal,16203,normal_0486,14,2022-07-12 01:01:37.560,1.4,0,2,original,False,8.568469254653841,17.210779832851532,12
normal,16204,normal_0486,15,2022-07-12 01:01:37.660,1.5,0,2,original,False,5.91336127672016,17.210779832851532,12
normal,16205,normal_0486,16,2022-07-12 01:01:37.760,1.6,0,2,original,False,6.847156712427004,17.210779832851532,12
normal,16206,normal_0486,17,2022-07-12 01:01:37.860,1.7,0,2,original,False,7.20378771282945,17.210779832851532,12
normal,16207,normal_0486,18,2022-07-12 01:01:37.960,1.8,0,2,original,False,5.937166785954445,17.210779832851532,12
normal,16208,normal_0486,19,2022-07-12 01:01:38.060,1.9,0,2,original,False,4.980704844056525,17.210779832851532,12
normal,16209,normal_0486,20,2022-07-12 01:01:38.160,2.0,0,2,original,False,6.561457605422762,17.210779832851532,12
normal,16210,normal_0486,21,2022-07-12 01:01:38.260,2.1,0,2,original,False,6.5558473678647875,17.210779832851532,12
normal,16211,normal_0486,22,2022-07-12 01:01:38.360,2.2,0,2,original,False,6.145932674516667,17.210779832851532,12
normal,16212,normal_0486,23,2022-07-12 01:01:38.460,2.3,0,2,original,False,5.251363204334977,17.210779832851532,12
normal,16213,normal_0486,24,2022-07-12 01:01:38.560,2.4,0,2,original,False,4.907182821014049,17.210779832851532,12
normal,16214,normal_0486,25,2022-07-12 01:01:38.660,2.5,0,2,original,False,7.7263822811982275,17.210779832851532,12
normal,16215,normal_0486,26,2022-07-12 01:01:38.760,2.6,0,2,original,False,6.716511739851079,17.210779832851532,12
normal,16216,normal_0486,27,2022-07-12 01:01:38.860,2.7,0,2,original,False,5.244032997177405,17.210779832851532,12
normal,16217,normal_0486,28,2022-07-12 01:01:38.960,2.8,0,2,original,False,5.136896679518585,17.210779832851532,12
normal,16218,normal_0486,29,2022-07-12 01:01:39.060,2.9,0,2,original,False,4.660956623215046,17.210779832851532,12
normal,16219,normal_0486,30,2022-07-12 01:01:39.160,3.0,0,2,original,False,4.787906902521626,17.210779832851532,12
normal,16220,normal_0486,31,2022-07-12 01:01:39.260,3.1,0,2,original,False,5.97004389097775,17.210779832851532,12
normal,16221,normal_0486,32,2022-07-12 01:01:39.360,3.2,0,2,original,False,4.241621311115135,17.210779832851532,12
normal,16222,normal_0486,33,2022-07-12 01:01:39.460,3.3,0,2,original,False,4.049967490898707,17.210779832851532,12
normal,16223,normal_0486,34,2022-07-12 01:01:39.560,3.4,0,2,original,False,5.382916621276149,17.210779832851532,12
normal,16224,normal_0486,35,2022-07-12 01:01:39.660,3.5,0,2,original,False,5.030795481427859,17.210779832851532,12
normal,16225,normal_0486,36,2022-07-12 01:01:39.760,3.6,0,2,original,False,4.672692893177785,17.210779832851532,12
normal,16226,normal_0486,37,2022-07-12 01:01:39.860,3.7,0,2,original,False,5.399075177360487,17.210779832851532,12
normal,16227,normal_0486,38,2022-07-12 01:01:39.960,3.8,0,2,original,False,5.253229572539015,17.210779832851532,12
normal,16228,normal_0486,39,2022-07-12 01:01:40.060,3.9,0,2,original,False,5.531243514322096,17.210779832851532,12
normal,16229,normal_0486,40,2022-07-12 01:01:40.160,4.0,0,2,original,False,3.49021789323537,17.210779832851532,12
normal,16230,normal_0486,41,2022-07-12 01:01:40.260,4.1,0,2,original,False,3.4648833630426825,17.210779832851532,12
normal,16231,normal_0486,42,2022-07-12 01:01:40.360,4.2,0,2,original,False,6.02283677510866,17.210779832851532,12
normal,16232,normal_0486,43,2022-07-12 01:01:40.460,4.3,0,2,original,False,5.437828173095578,17.210779832851532,12
normal,16233,normal_0487,0,2022-07-12 01:01:44.306,0.0,0,2,original,False,,17.210779832851532,3
normal,16234,normal_0487,1,2022-07-12 01:01:44.406,0.1,0,2,original,False,,17.210779832851532,6
normal,16235,normal_0487,2,2022-07-12 01:01:44.506,0.2,0,2,original,False,,17.210779832851532,9
normal,16236,normal_0487,3,2022-07-12 01:01:44.606,0.3,0,2,original,False,7.355754296883531,17.210779832851532,12
normal,16237,normal_0487,4,2022-07-12 01:01:44.706,0.4,0,2,original,False,5.242563118150037,17.210779832851532,12
normal,16238,normal_0487,5,2022-07-12 01:01:44.806,0.5,0,2,original,False,5.5276294260177155,17.210779832851532,12
normal,16239,normal_0487,6,2022-07-12 01:01:44.906,0.6,0,2,original,False,6.734502870868961,17.210779832851532,12
normal,16240,normal_0487,7,2022-07-12 01:01:45.006,0.7,0,2,original,False,6.432690658276072,17.210779832851532,12
normal,16241,normal_0487,8,2022-07-12 01:01:45.106,0.8,0,2,original,False,5.699388388120042,17.210779832851532,12
normal,16242,normal_0487,9,2022-07-12 01:01:45.206,0.9,0,2,original,False,6.187312388805453,17.210779832851532,12
normal,16243,normal_0487,10,2022-07-12 01:01:45.306,1.0,0,2,original,False,5.342258075842539,17.210779832851532,12
normal,16244,normal_0487,11,2022-07-12 01:01:45.406,1.1,0,2,original,False,5.962420827509731,17.210779832851532,12
normal,16245,normal_0487,12,2022-07-12 01:01:45.506,1.2,0,2,original,False,4.928551444992362,17.210779832851532,12
normal,16246,normal_0487,13,2022-07-12 01:01:45.606,1.3,0,2,original,False,5.485390043736182,17.210779832851532,12
normal,16247,normal_0487,14,2022-07-12 01:01:45.706,1.4,0,2,original,False,4.738661588014336,17.210779832851532,12
normal,16248,normal_0487,15,2022-07-12 01:01:45.806,1.5,0,2,original,False,5.507368423975843,17.210779832851532,12
normal,16249,normal_0487,16,2022-07-12 01:01:45.906,1.6,0,2,original,False,5.0629334413185925,17.210779832851532,12
normal,16250,normal_0487,17,2022-07-12 01:01:46.006,1.7,0,2,original,False,6.100487549715393,17.210779832851532,12
normal,16251,normal_0487,18,2022-07-12 01:01:46.106,1.8,0,2,original,False,6.106392158804247,17.210779832851532,12
normal,16252,normal_0487,19,2022-07-12 01:01:46.206,1.9,0,2,original,False,8.608325129155444,17.210779832851532,12
normal,16253,normal_0487,20,2022-07-12 01:01:46.306,2.0,0,2,original,False,9.560473064103556,17.210779832851532,12
normal,16254,normal_0487,21,2022-07-12 01:01:46.406,2.1,0,2,original,False,7.247743123015823,17.210779832851532,12
normal,16255,normal_0487,22,2022-07-12 01:01:46.506,2.2,0,2,original,False,8.108698885346817,17.210779832851532,12
normal,16256,normal_0487,23,2022-07-12 01:01:46.606,2.3,0,2,original,False,7.711745808831023,17.210779832851532,12
normal,16257,normal_0487,24,2022-07-12 01:01:46.706,2.4,0,2,original,False,8.552689712970196,17.210779832851532,12
normal,16258,normal_0487,25,2022-07-12 01:01:46.806,2.5,0,2,original,False,7.635140378954523,17.210779832851532,12
normal,16259,normal_0487,26,2022-07-12 01:01:46.906,2.6,0,2,original,False,10.94545611734497,17.210779832851532,12
normal,16260,normal_0487,27,2022-07-12 01:01:47.006,2.7,0,2,original,False,7.764571749446281,17.210779832851532,12
normal,16261,normal_0487,28,2022-07-12 01:01:47.106,2.8,0,2,original,False,8.801665017083021,17.210779832851532,12
normal,16262,normal_0487,29,2022-07-12 01:01:47.206,2.9,0,2,original,False,6.549020727072305,17.210779832851532,12
normal,16263,normal_0487,30,2022-07-12 01:01:47.306,3.0,0,2,original,False,9.192973645095204,17.210779832851532,12
normal,16264,normal_0487,31,2022-07-12 01:01:47.406,3.1,0,2,original,False,8.593808583013482,17.210779832851532,12
normal,16265,normal_0487,32,2022-07-12 01:01:47.506,3.2,0,2,original,False,6.9872681371891145,17.210779832851532,12
normal,16266,normal_0487,33,2022-07-12 01:01:47.606,3.3,0,2,original,False,5.515503567297675,17.210779832851532,12
normal,16267,normal_0487,34,2022-07-12 01:01:47.706,3.4,0,2,original,False,6.6272752432764195,17.210779832851532,12
normal,16268,normal_0487,35,2022-07-12 01:01:47.806,3.5,0,2,original,False,7.65017108343389,17.210779832851532,12
normal,16269,normal_0487,36,2022-07-12 01:01:47.906,3.6,0,2,original,False,8.603264928889761,17.210779832851532,12
normal,16270,normal_0487,37,2022-07-12 01:01:48.006,3.7,0,2,original,False,7.303483376272571,17.210779832851532,12
normal,16271,normal_0487,38,2022-07-12 01:01:48.106,3.8,0,2,original,False,5.147137744466158,17.210779832851532,12
normal,16272,normal_0487,39,2022-07-12 01:01:48.206,3.9,0,2,original,False,4.401011354082279,17.210779832851532,12
normal,16273,normal_0487,40,2022-07-12 01:01:48.306,4.0,0,2,original,False,3.838870920922435,17.210779832851532,12
normal,16274,normal_0487,41,2022-07-12 01:01:48.406,4.1,0,2,original,False,4.079509786991996,17.210779832851532,12
normal,16275,normal_0487,42,2022-07-12 01:01:48.506,4.2,0,2,original,False,4.913769474069725,17.210779832851532,12
normal,16276,normal_0488,0,2022-07-12 01:01:52.260,0.0,0,2,original,False,,17.210779832851532,3
normal,16277,normal_0488,1,2022-07-12 01:01:52.360,0.1,0,2,original,False,,17.210779832851532,6
normal,16278,normal_0488,2,2022-07-12 01:01:52.460,0.2,0,2,original,False,,17.210779832851532,9
normal,16279,normal_0488,3,2022-07-12 01:01:52.560,0.3,0,2,original,False,5.235247271578266,17.210779832851532,12
normal,16280,normal_0488,4,2022-07-12 01:01:52.660,0.4,0,2,original,False,5.380954588547303,17.210779832851532,12
normal,16281,normal_0488,5,2022-07-12 01:01:52.760,0.5,0,2,original,False,5.221675901375358,17.210779832851532,12
normal,16282,normal_0488,6,2022-07-12 01:01:52.860,0.6,0,2,original,False,6.636080840097511,17.210779832851532,12
normal,16283,normal_0488,7,2022-07-12 01:01:52.960,0.7,0,2,original,False,4.479371184733948,17.210779832851532,12
normal,16284,normal_0488,8,2022-07-12 01:01:53.060,0.8,0,2,original,False,3.518474750078968,17.210779832851532,12
normal,16285,normal_0488,9,2022-07-12 01:01:53.160,0.9,0,2,original,False,4.608260682899677,17.210779832851532,12
normal,16286,normal_0488,10,2022-07-12 01:01:53.260,1.0,0,2,original,False,6.705992840558777,17.210779832851532,12
normal,16287,normal_0488,11,2022-07-12 01:01:53.360,1.1,0,2,original,False,5.650907703442901,17.210779832851532,12
normal,16288,normal_0488,12,2022-07-12 01:01:53.460,1.2,0,2,original,False,5.39061012095708,17.210779832851532,12
normal,16289,normal_0488,13,2022-07-12 01:01:53.560,1.3,0,2,original,False,6.404978044836977,17.210779832851532,12
normal,16290,normal_0488,14,2022-07-12 01:01:53.660,1.4,0,2,original,False,8.236455862987373,17.210779832851532,12
normal,16291,normal_0488,15,2022-07-12 01:01:53.760,1.5,0,2,original,False,8.82693022523087,17.210779832851532,12
normal,16292,normal_0488,16,2022-07-12 01:01:53.860,1.6,0,2,original,False,5.650175457947304,17.210779832851532,12
normal,16293,normal_0488,17,2022-07-12 01:01:53.960,1.7,0,2,original,False,8.282535733537467,17.210779832851532,12
normal,16294,normal_0488,18,2022-07-12 01:01:54.060,1.8,0,2,original,False,7.292314845912339,17.210779832851532,12
normal,16295,normal_0488,19,2022-07-12 01:01:54.160,1.9,0,2,original,False,6.226319621337361,17.210779832851532,12
normal,16296,normal_0488,20,2022-07-12 01:01:54.260,2.0,0,2,original,False,5.665782176314933,17.210779832851532,12
normal,16297,normal_0488,21,2022-07-12 01:01:54.360,2.1,0,2,original,False,9.123887474401144,17.210779832851532,12
normal,16298,normal_0488,22,2022-07-12 01:01:54.460,2.2,0,2,original,False,8.23701623299229,17.210779832851532,12
normal,16299,normal_0488,23,2022-07-12 01:01:54.560,2.3,0,2,original,False,8.186917882291313,17.210779832851532,12
normal,16300,normal_0488,24,2022-07-12 01:01:54.660,2.4,0,2,original,False,5.0638271647028334,17.210779832851532,12
normal,16301,normal_0488,25,2022-07-12 01:01:54.760,2.5,0,2,original,False,4.657052870521182,17.210779832851532,12
normal,16302,normal_0488,26,2022-07-12 01:01:54.860,2.6,0,2,original,False,5.618232196836948,17.210779832851532,12
normal,16303,normal_0488,27,2022-07-12 01:01:54.960,2.7,0,2,original,False,5.168728402693153,17.210779832851532,12
normal,16304,normal_0488,28,2022-07-12 01:01:55.060,2.8,0,2,original,False,4.803964937780295,17.210779832851532,12
normal,16305,normal_0488,29,2022-07-12 01:01:55.160,2.9,0,2,original,False,4.990540274994567,17.210779832851532,12
normal,16306,normal_0488,30,2022-07-12 01:01:55.260,3.0,0,2,original,False,4.41594275861599,17.210779832851532,12
normal,16307,normal_0488,31,2022-07-12 01:01:55.360,3.1,0,2,original,False,4.852542018962335,17.210779832851532,12
normal,16308,normal_0488,32,2022-07-12 01:01:55.460,3.2,0,2,original,False,5.391629351991558,17.210779832851532,12
normal,16309,normal_0488,33,2022-07-12 01:01:55.560,3.3,0,2,original,False,4.439715883252484,17.210779832851532,12
normal,16310,normal_0488,34,2022-07-12 01:01:55.660,3.4,0,2,original,False,4.656261298581472,17.210779832851532,12
normal,16311,normal_0489,0,2022-07-12 01:02:00.218,0.0,0,2,original,False,,17.210779832851532,3
normal,16312,normal_0489,1,2022-07-12 01:02:00.318,0.1,0,2,original,False,,17.210779832851532,6
normal,16313,normal_0489,2,2022-07-12 01:02:00.418,0.2,0,2,original,False,,17.210779832851532,9
normal,16314,normal_0489,3,2022-07-12 01:02:00.518,0.3,0,2,original,False,7.780497598423201,17.210779832851532,12
normal,16315,normal_0489,4,2022-07-12 01:02:00.618,0.4,0,2,original,False,6.596346934550155,17.210779832851532,12
normal,16316,normal_0489,5,2022-07-12 01:02:00.718,0.5,0,2,original,False,5.210004911905245,17.210779832851532,12
normal,16317,normal_0489,6,2022-07-12 01:02:00.818,0.6,0,2,original,False,4.032272276755967,17.210779832851532,12
normal,16318,normal_0489,7,2022-07-12 01:02:00.918,0.7,0,2,original,False,5.745374822235156,17.210779832851532,12
normal,16319,normal_0489,8,2022-07-12 01:02:01.018,0.8,0,2,original,False,5.640664774924527,17.210779832851532,12
normal,16320,normal_0489,9,2022-07-12 01:02:01.118,0.9,0,2,original,False,5.3019046790267,17.210779832851532,12
normal,16321,normal_0489,10,2022-07-12 01:02:01.218,1.0,0,2,original,False,5.99993282544928,17.210779832851532,12
normal,16322,normal_0489,11,2022-07-12 01:02:01.318,1.1,0,2,original,False,4.175125086755842,17.210779832851532,12
normal,16323,normal_0489,12,2022-07-12 01:02:01.418,1.2,0,2,original,False,4.106238581927958,17.210779832851532,12
normal,16324,normal_0489,13,2022-07-12 01:02:01.518,1.3,0,2,original,False,3.587962348398133,17.210779832851532,12
normal,16325,normal_0489,14,2022-07-12 01:02:01.618,1.4,0,2,original,False,4.183724192182873,17.210779832851532,12
normal,16326,normal_0489,15,2022-07-12 01:02:01.718,1.5,0,2,original,False,4.278258401579062,17.210779832851532,12
normal,16327,normal_0489,16,2022-07-12 01:02:01.818,1.6,0,2,original,False,4.300868140921131,17.210779832851532,12
normal,16328,normal_0489,17,2022-07-12 01:02:01.918,1.7,0,2,original,False,5.057660478806256,17.210779832851532,12
normal,16329,normal_0489,18,2022-07-12 01:02:02.018,1.8,0,2,original,False,6.704322697827344,17.210779832851532,12
normal,16330,normal_0489,19,2022-07-12 01:02:02.118,1.9,0,2,original,False,4.620122397815311,17.210779832851532,12
normal,16331,normal_0489,20,2022-07-12 01:02:02.218,2.0,0,2,original,False,4.13787287090488,17.210779832851532,12
normal,16332,normal_0489,21,2022-07-12 01:02:02.318,2.1,0,2,original,False,4.467672953656428,17.210779832851532,12
normal,16333,normal_0489,22,2022-07-12 01:02:02.418,2.2,0,2,original,False,4.5935678830049165,17.210779832851532,12
normal,16334,normal_0490,0,2022-07-12 01:02:08.325,0.0,0,2,original,False,,17.210779832851532,3
normal,16335,normal_0490,1,2022-07-12 01:02:08.425,0.1,0,2,original,False,,17.210779832851532,6
normal,16336,normal_0490,2,2022-07-12 01:02:08.525,0.2,0,2,original,False,,17.210779832851532,9
normal,16337,normal_0490,3,2022-07-12 01:02:08.625,0.3,0,2,original,False,5.141148899144663,17.210779832851532,12
normal,16338,normal_0490,4,2022-07-12 01:02:08.725,0.4,0,2,original,False,4.2852997519822456,17.210779832851532,12
normal,16339,normal_0490,5,2022-07-12 01:02:08.825,0.5,0,2,original,False,4.0586890094926416,17.210779832851532,12
normal,16340,normal_0490,6,2022-07-12 01:02:08.925,0.6,0,2,original,False,3.5774452694166055,17.210779832851532,12
normal,16341,normal_0490,7,2022-07-12 01:02:09.025,0.7,0,2,original,False,5.353963446889119,17.210779832851532,12
normal,16342,normal_0490,8,2022-07-12 01:02:09.125,0.8,0,2,original,False,4.0227894817768055,17.210779832851532,12
normal,16343,normal_0490,9,2022-07-12 01:02:09.225,0.9,0,2,original,False,3.373859573850436,17.210779832851532,12
normal,16344,normal_0490,10,2022-07-12 01:02:09.325,1.0,0,2,original,False,4.647512386251496,17.210779832851532,12
normal,16345,normal_0490,11,2022-07-12 01:02:09.425,1.1,0,2,original,False,4.647142710253612,17.210779832851532,12
normal,16346,normal_0490,12,2022-07-12 01:02:09.525,1.2,0,2,original,False,3.5372352175940582,17.210779832851532,12
normal,16347,normal_0490,13,2022-07-12 01:02:09.625,1.3,0,2,original,False,4.473122489699876,17.210779832851532,12
normal,16348,normal_0490,14,2022-07-12 01:02:09.725,1.4,0,2,original,False,4.574053555483276,17.210779832851532,12
normal,16349,normal_0490,15,2022-07-12 01:02:09.825,1.5,0,2,original,False,4.891412686834574,17.210779832851532,12
normal,16350,normal_0490,16,2022-07-12 01:02:09.925,1.6,0,2,original,False,4.062909217345373,17.210779832851532,12
normal,16351,normal_0490,17,2022-07-12 01:02:10.025,1.7,0,2,original,False,3.097857660488682,17.210779832851532,12
normal,16352,normal_0490,18,2022-07-12 01:02:10.125,1.8,0,2,original,False,3.9074232061080787,17.210779832851532,12
normal,16353,normal_0490,19,2022-07-12 01:02:10.225,1.9,0,2,original,False,4.137852322440081,17.210779832851532,12
normal,16354,normal_0490,20,2022-07-12 01:02:10.325,2.0,0,2,original,False,4.437647840470965,17.210779832851532,12
normal,16355,normal_0491,0,2022-07-12 01:02:16.224,0.0,0,2,original,False,,17.210779832851532,3
normal,16356,normal_0491,1,2022-07-12 01:02:16.324,0.1,0,2,original,False,,17.210779832851532,6
normal,16357,normal_0491,2,2022-07-12 01:02:16.424,0.2,0,2,original,False,,17.210779832851532,9
normal,16358,normal_0491,3,2022-07-12 01:02:16.524,0.3,0,2,original,False,5.911370305947057,17.210779832851532,12
normal,16359,normal_0491,4,2022-07-12 01:02:16.624,0.4,0,2,original,False,5.358928792287914,17.210779832851532,12
normal,16360,normal_0491,5,2022-07-12 01:02:16.724,0.5,0,2,original,False,5.398927427828826,17.210779832851532,12
normal,16361,normal_0491,6,2022-07-12 01:02:16.824,0.6,0,2,original,False,4.042900515988279,17.210779832851532,12
normal,16362,normal_0491,7,2022-07-12 01:02:16.924,0.7,0,2,original,False,3.446028016974106,17.210779832851532,12
normal,16363,normal_0492,0,2022-07-12 01:02:33.380,0.0,0,2,original,False,,17.210779832851532,3
normal,16364,normal_0492,1,2022-07-12 01:02:33.480,0.1,0,2,original,False,,17.210779832851532,6
normal,16365,normal_0492,2,2022-07-12 01:02:33.580,0.2,0,2,original,False,,17.210779832851532,9
normal,16366,normal_0492,3,2022-07-12 01:02:33.680,0.3,0,2,original,False,6.204665184228171,17.210779832851532,12
normal,16367,normal_0492,4,2022-07-12 01:02:33.780,0.4,0,2,original,False,5.292350984647519,17.210779832851532,12
normal,16368,normal_0492,5,2022-07-12 01:02:33.880,0.5,0,2,original,False,5.6781202661306,17.210779832851532,12
normal,16369,normal_0492,6,2022-07-12 01:02:33.980,0.6,0,2,original,False,5.717023918773499,17.210779832851532,12
normal,16370,normal_0492,7,2022-07-12 01:02:34.080,0.7,0,2,original,False,4.0251914685312,17.210779832851532,12
normal,16371,normal_0492,8,2022-07-12 01:02:34.180,0.8,0,2,original,False,4.564373654951063,17.210779832851532,12
normal,16372,normal_0492,9,2022-07-12 01:02:34.280,0.9,0,2,original,False,4.988752637054203,17.210779832851532,12
normal,16373,normal_0492,10,2022-07-12 01:02:34.380,1.0,0,2,original,False,4.957919682766162,17.210779832851532,12
normal,16374,normal_0492,11,2022-07-12 01:02:34.480,1.1,0,2,original,False,3.53806319935949,17.210779832851532,12
normal,16375,normal_0492,12,2022-07-12 01:02:34.580,1.2,0,2,original,False,2.889916265852069,17.210779832851532,12
normal,16376,normal_0492,13,2022-07-12 01:02:34.680,1.3,0,2,original,False,4.93297882988826,17.210779832851532,12
normal,16377,normal_0492,14,2022-07-12 01:02:34.780,1.4,0,2,original,False,4.297902848397797,17.210779832851532,12
normal,16378,normal_0492,15,2022-07-12 01:02:34.880,1.5,0,2,original,False,3.8444348356356093,17.210779832851532,12
normal,16379,normal_0492,16,2022-07-12 01:02:34.980,1.6,0,2,original,False,4.78935321528061,17.210779832851532,12
normal,16380,normal_0492,17,2022-07-12 01:02:35.080,1.7,0,2,original,False,6.323765771814923,17.210779832851532,12
normal,16381,normal_0492,18,2022-07-12 01:02:35.180,1.8,0,2,original,False,5.636715122471392,17.210779832851532,12
normal,16382,normal_0492,19,2022-07-12 01:02:35.280,1.9,0,2,original,False,7.012665166301414,17.210779832851532,12
normal,16383,normal_0492,20,2022-07-12 01:02:35.380,2.0,0,2,original,False,6.658190175096089,17.210779832851532,12
normal,16384,normal_0492,21,2022-07-12 01:02:35.480,2.1,0,2,original,False,6.574979071631985,17.210779832851532,12
normal,16385,normal_0492,22,2022-07-12 01:02:35.580,2.2,0,2,original,False,5.428531063897742,17.210779832851532,12
normal,16386,normal_0492,23,2022-07-12 01:02:35.680,2.3,0,2,original,False,5.36133904977769,17.210779832851532,12
normal,16387,normal_0492,24,2022-07-12 01:02:35.780,2.4,0,2,original,False,6.0148428231749005,17.210779832851532,12
normal,16388,normal_0492,25,2022-07-12 01:02:35.880,2.5,0,2,original,False,6.060825542172564,17.210779832851532,12
normal,16389,normal_0492,26,2022-07-12 01:02:35.980,2.6,0,2,original,False,7.253652181675226,17.210779832851532,12
normal,16390,normal_0492,27,2022-07-12 01:02:36.080,2.7,0,2,original,False,5.341456422164078,17.210779832851532,12
normal,16391,normal_0492,28,2022-07-12 01:02:36.180,2.8,0,2,original,False,4.423276249465,17.210779832851532,12
normal,16392,normal_0492,29,2022-07-12 01:02:36.280,2.9,0,2,original,False,4.287379189208898,17.210779832851532,12
normal,16393,normal_0492,30,2022-07-12 01:02:36.380,3.0,0,2,original,False,7.71707366014799,17.210779832851532,12
normal,16394,normal_0492,31,2022-07-12 01:02:36.480,3.1,0,2,original,False,8.849651303534449,17.210779832851532,12
normal,16395,normal_0492,32,2022-07-12 01:02:36.580,3.2,0,2,original,False,5.843799866024977,17.210779832851532,12
normal,16396,normal_0492,33,2022-07-12 01:02:36.680,3.3,0,2,original,False,6.400444367505914,17.210779832851532,12
normal,16397,normal_0492,34,2022-07-12 01:02:36.780,3.4,0,2,original,False,8.315653241286974,17.210779832851532,12
normal,16398,normal_0492,35,2022-07-12 01:02:36.880,3.5,0,2,original,False,8.445125071034022,17.210779832851532,12
normal,16399,normal_0492,36,2022-07-12 01:02:36.980,3.6,0,2,original,False,7.079738179141234,17.210779832851532,12
normal,16400,normal_0492,37,2022-07-12 01:02:37.080,3.7,0,2,original,False,8.935222919280966,17.210779832851532,12
normal,16401,normal_0492,38,2022-07-12 01:02:37.180,3.8,0,2,original,False,8.98087883309852,17.210779832851532,12
normal,16402,normal_0492,39,2022-07-12 01:02:37.280,3.9,0,2,original,False,6.056658886318539,17.210779832851532,12
normal,16403,normal_0492,40,2022-07-12 01:02:37.380,4.0,0,2,original,False,5.432790717981126,17.210779832851532,12
normal,16404,normal_0492,41,2022-07-12 01:02:37.480,4.1,0,2,original,False,10.17867161162379,17.210779832851532,12
normal,16405,normal_0492,42,2022-07-12 01:02:37.580,4.2,0,2,original,False,10.832669611972625,17.210779832851532,12
normal,16406,normal_0492,43,2022-07-12 01:02:37.680,4.3,0,2,original,False,8.122461994025143,17.210779832851532,12
normal,16407,normal_0492,44,2022-07-12 01:02:37.780,4.4,0,2,original,False,7.139298672926457,17.210779832851532,12
normal,16408,normal_0492,45,2022-07-12 01:02:37.880,4.5,0,2,original,False,5.951532837103287,17.210779832851532,12
normal,16409,normal_0492,46,2022-07-12 01:02:37.980,4.6,0,2,original,False,6.571817070189773,17.210779832851532,12
normal,16410,normal_0492,47,2022-07-12 01:02:38.080,4.7,0,2,original,False,5.7767395783560955,17.210779832851532,12
normal,16411,normal_0492,48,2022-07-12 01:02:38.180,4.8,0,2,original,False,5.084548882963266,17.210779832851532,12
normal,16412,normal_0492,49,2022-07-12 01:02:38.280,4.9,0,2,original,False,4.194959407191869,17.210779832851532,12
normal,16413,normal_0493,0,2022-07-12 01:02:40.198,0.0,0,2,original,False,,17.210779832851532,3
normal,16414,normal_0493,1,2022-07-12 01:02:40.298,0.1,0,2,original,False,,17.210779832851532,6
normal,16415,normal_0493,2,2022-07-12 01:02:40.398,0.2,0,2,original,False,,17.210779832851532,9
normal,16416,normal_0493,3,2022-07-12 01:02:40.498,0.3,0,2,original,False,7.201689467892313,17.210779832851532,12
normal,16417,normal_0493,4,2022-07-12 01:02:40.598,0.4,0,2,original,False,7.464166418886434,17.210779832851532,12
normal,16418,normal_0493,5,2022-07-12 01:02:40.698,0.5,0,2,original,False,7.3308420136218135,17.210779832851532,12
normal,16419,normal_0493,6,2022-07-12 01:02:40.798,0.6,0,2,original,False,5.250890777208957,17.210779832851532,12
normal,16420,normal_0493,7,2022-07-12 01:02:40.898,0.7,0,2,original,False,6.8043752079050694,17.210779832851532,12
normal,16421,normal_0493,8,2022-07-12 01:02:40.998,0.8,0,2,original,False,7.009242777083207,17.210779832851532,12
normal,16422,normal_0493,9,2022-07-12 01:02:41.098,0.9,0,2,original,False,5.433431567004288,17.210779832851532,12
normal,16423,normal_0493,10,2022-07-12 01:02:41.198,1.0,0,2,original,False,6.0894279009650365,17.210779832851532,12
normal,16424,normal_0493,11,2022-07-12 01:02:41.298,1.1,0,2,original,False,5.208584981622764,17.210779832851532,12
normal,16425,normal_0493,12,2022-07-12 01:02:41.398,1.2,0,2,original,False,5.183454037094415,17.210779832851532,12
normal,16426,normal_0493,13,2022-07-12 01:02:41.498,1.3,0,2,original,False,5.432560561460507,17.210779832851532,12
normal,16427,normal_0493,14,2022-07-12 01:02:41.598,1.4,0,2,original,False,7.505987265729584,17.210779832851532,12
normal,16428,normal_0493,15,2022-07-12 01:02:41.698,1.5,0,2,original,False,8.259637480637876,17.210779832851532,12
normal,16429,normal_0493,16,2022-07-12 01:02:41.798,1.6,0,2,original,False,7.19864977150356,17.210779832851532,12
normal,16430,normal_0493,17,2022-07-12 01:02:41.898,1.7,0,2,original,False,4.87202489661431,17.210779832851532,12
normal,16431,normal_0493,18,2022-07-12 01:02:41.998,1.8,0,2,original,False,4.712257002537462,17.210779832851532,12
normal,16432,normal_0493,19,2022-07-12 01:02:42.098,1.9,0,2,original,False,5.363001410986137,17.210779832851532,12
normal,16433,normal_0493,20,2022-07-12 01:02:42.198,2.0,0,2,original,False,3.9549110667137493,17.210779832851532,12
normal,16434,normal_0493,21,2022-07-12 01:02:42.298,2.1,0,2,original,False,5.7583565059714035,17.210779832851532,12
normal,16435,normal_0493,22,2022-07-12 01:02:42.398,2.2,0,2,original,False,5.371551850969604,17.210779832851532,12
normal,16436,normal_0493,23,2022-07-12 01:02:42.498,2.3,0,2,original,False,5.18082206225938,17.210779832851532,12
normal,16437,normal_0493,24,2022-07-12 01:02:42.598,2.4,0,2,original,False,6.225787218724908,17.210779832851532,12
normal,16438,normal_0493,25,2022-07-12 01:02:42.698,2.5,0,2,original,False,8.885678245565298,17.210779832851532,12
normal,16439,normal_0493,26,2022-07-12 01:02:42.798,2.6,0,2,original,False,8.485687550691031,17.210779832851532,12
normal,16440,normal_0493,27,2022-07-12 01:02:42.898,2.7,0,2,original,False,7.94330706578371,17.210779832851532,12
normal,16441,normal_0493,28,2022-07-12 01:02:42.998,2.8,0,2,original,False,6.644072455579417,17.210779832851532,12
normal,16442,normal_0493,29,2022-07-12 01:02:43.098,2.9,0,2,original,False,6.480829829841668,17.210779832851532,12
normal,16443,normal_0493,30,2022-07-12 01:02:43.198,3.0,0,2,original,False,8.121944907392116,17.210779832851532,12
normal,16444,normal_0493,31,2022-07-12 01:02:43.298,3.1,0,2,original,False,6.385840529377475,17.210779832851532,12
normal,16445,normal_0493,32,2022-07-12 01:02:43.398,3.2,0,2,original,False,6.647243062800764,17.210779832851532,12
normal,16446,normal_0493,33,2022-07-12 01:02:43.498,3.3,0,2,original,False,5.670562250573687,17.210779832851532,12
normal,16447,normal_0493,34,2022-07-12 01:02:43.598,3.4,0,2,original,False,3.623065010502738,17.210779832851532,12
normal,16448,normal_0493,35,2022-07-12 01:02:43.698,3.5,0,2,original,False,4.089755519421205,17.210779832851532,12
normal,16449,normal_0493,36,2022-07-12 01:02:43.798,3.6,0,2,original,False,4.59026108287997,17.210779832851532,12
normal,16450,normal_0493,37,2022-07-12 01:02:43.898,3.7,0,2,original,False,4.281911182611107,17.210779832851532,12
normal,16451,normal_0493,38,2022-07-12 01:02:43.998,3.8,0,2,original,False,4.384127240626102,17.210779832851532,12
normal,16452,normal_0493,39,2022-07-12 01:02:44.098,3.9,0,2,original,False,4.954290229341228,17.210779832851532,12
normal,16453,normal_0493,40,2022-07-12 01:02:44.198,4.0,0,2,original,False,5.574983691895923,17.210779832851532,12
normal,16454,normal_0493,41,2022-07-12 01:02:44.298,4.1,0,2,original,False,5.067951274185354,17.210779832851532,12
normal,16455,normal_0493,42,2022-07-12 01:02:44.398,4.2,0,2,original,False,4.14847365675777,17.210779832851532,12
normal,16456,normal_0493,43,2022-07-12 01:02:44.498,4.3,0,2,original,False,4.627513117241177,17.210779832851532,12
normal,16457,normal_0493,44,2022-07-12 01:02:44.598,4.4,0,2,original,False,5.480314528157576,17.210779832851532,12
normal,16458,normal_0493,45,2022-07-12 01:02:44.698,4.5,0,2,original,False,5.344392703284613,17.210779832851532,12
normal,16459,normal_0493,46,2022-07-12 01:02:44.798,4.6,0,2,original,False,4.702084954001947,17.210779832851532,12
normal,16460,normal_0493,47,2022-07-12 01:02:44.898,4.7,0,2,original,False,7.077952572879106,17.210779832851532,12
normal,16461,normal_0493,48,2022-07-12 01:02:44.998,4.8,0,2,original,False,7.19238878028558,17.210779832851532,12
normal,16462,normal_0493,49,2022-07-12 01:02:45.098,4.9,0,2,original,False,8.467969303999205,17.210779832851532,12
normal,16463,normal_0494,0,2022-07-12 01:02:48.171,0.0,0,2,original,False,,17.210779832851532,3
normal,16464,normal_0494,1,2022-07-12 01:02:48.271,0.1,0,2,original,False,,17.210779832851532,6
normal,16465,normal_0494,2,2022-07-12 01:02:48.371,0.2,0,2,original,False,,17.210779832851532,9
normal,16466,normal_0494,3,2022-07-12 01:02:48.471,0.3,0,2,original,False,4.51753855047467,17.210779832851532,12
normal,16467,normal_0494,4,2022-07-12 01:02:48.571,0.4,0,2,original,False,5.4152931564260625,17.210779832851532,12
normal,16468,normal_0494,5,2022-07-12 01:02:48.671,0.5,0,2,original,False,4.41488955375103,17.210779832851532,12
normal,16469,normal_0494,6,2022-07-12 01:02:48.771,0.6,0,2,original,False,5.604164965812939,17.210779832851532,12
normal,16470,normal_0494,7,2022-07-12 01:02:48.871,0.7,0,2,original,False,5.485343473502538,17.210779832851532,12
normal,16471,normal_0494,8,2022-07-12 01:02:48.971,0.8,0,2,original,False,4.3034261587736475,17.210779832851532,12
normal,16472,normal_0494,9,2022-07-12 01:02:49.071,0.9,0,2,original,False,5.000497982894689,17.210779832851532,12
normal,16473,normal_0494,10,2022-07-12 01:02:49.171,1.0,0,2,original,False,5.072916996413722,17.210779832851532,12
normal,16474,normal_0494,11,2022-07-12 01:02:49.271,1.1,0,2,original,False,4.972981159736199,17.210779832851532,12
normal,16475,normal_0494,12,2022-07-12 01:02:49.371,1.2,0,2,original,False,4.176275427825323,17.210779832851532,12
normal,16476,normal_0494,13,2022-07-12 01:02:49.471,1.3,0,2,original,False,4.217936203405143,17.210779832851532,12
normal,16477,normal_0494,14,2022-07-12 01:02:49.571,1.4,0,2,original,False,4.004470877229952,17.210779832851532,12
normal,16478,normal_0494,15,2022-07-12 01:02:49.671,1.5,0,2,original,False,3.860489075549671,17.210779832851532,12
normal,16479,normal_0494,16,2022-07-12 01:02:49.771,1.6,0,2,original,False,3.9342710245519057,17.210779832851532,12
normal,16480,normal_0494,17,2022-07-12 01:02:49.871,1.7,0,2,original,False,4.605447690647487,17.210779832851532,12
normal,16481,normal_0494,18,2022-07-12 01:02:49.971,1.8,0,2,original,False,7.3514008399470185,17.210779832851532,12
normal,16482,normal_0494,19,2022-07-12 01:02:50.071,1.9,0,2,original,False,6.444893816867362,17.210779832851532,12
normal,16483,normal_0494,20,2022-07-12 01:02:50.171,2.0,0,2,original,False,7.978663295256125,17.210779832851532,12
normal,16484,normal_0494,21,2022-07-12 01:02:50.271,2.1,0,2,original,False,8.926241044400635,17.210779832851532,12
normal,16485,normal_0494,22,2022-07-12 01:02:50.371,2.2,0,2,original,False,7.566095710449772,17.210779832851532,12
normal,16486,normal_0494,23,2022-07-12 01:02:50.471,2.3,0,2,original,False,5.720053710975158,17.210779832851532,12
normal,16487,normal_0494,24,2022-07-12 01:02:50.571,2.4,0,2,original,False,5.66775349204991,17.210779832851532,12
normal,16488,normal_0494,25,2022-07-12 01:02:50.671,2.5,0,2,original,False,6.71149933573212,17.210779832851532,12
normal,16489,normal_0494,26,2022-07-12 01:02:50.771,2.6,0,2,original,False,5.365850357460062,17.210779832851532,12
normal,16490,normal_0494,27,2022-07-12 01:02:50.871,2.7,0,2,original,False,7.474770701955957,17.210779832851532,12
normal,16491,normal_0494,28,2022-07-12 01:02:50.971,2.8,0,2,original,False,5.121068953559187,17.210779832851532,12
normal,16492,normal_0494,29,2022-07-12 01:02:51.071,2.9,0,2,original,False,5.54336938779016,17.210779832851532,12
normal,16493,normal_0494,30,2022-07-12 01:02:51.171,3.0,0,2,original,False,4.5383117921731895,17.210779832851532,12
normal,16494,normal_0494,31,2022-07-12 01:02:51.271,3.1,0,2,original,False,7.806759477648981,17.210779832851532,12
normal,16495,normal_0494,32,2022-07-12 01:02:51.371,3.2,0,2,original,False,8.031813625136682,17.210779832851532,12
normal,16496,normal_0494,33,2022-07-12 01:02:51.471,3.3,0,2,original,False,5.828979910292377,17.210779832851532,12
normal,16497,normal_0494,34,2022-07-12 01:02:51.571,3.4,0,2,original,False,5.988573425236944,17.210779832851532,12
normal,16498,normal_0494,35,2022-07-12 01:02:51.671,3.5,0,2,original,False,10.106163484566157,17.210779832851532,12
normal,16499,normal_0494,36,2022-07-12 01:02:51.771,3.6,0,2,original,False,9.144964049184585,17.210779832851532,12
normal,16500,normal_0494,37,2022-07-12 01:02:51.871,3.7,0,2,original,False,7.503716056099139,17.210779832851532,12
normal,16501,normal_0494,38,2022-07-12 01:02:51.971,3.8,0,2,original,False,10.151361326864556,17.210779832851532,12
normal,16502,normal_0495,0,2022-07-12 01:02:56.132,0.0,0,2,original,False,,17.210779832851532,3
normal,16503,normal_0495,1,2022-07-12 01:02:56.232,0.1,0,2,original,False,,17.210779832851532,6
normal,16504,normal_0495,2,2022-07-12 01:02:56.332,0.2,0,2,original,False,,17.210779832851532,9
normal,16505,normal_0495,3,2022-07-12 01:02:56.432,0.3,0,2,original,False,4.949719196960188,17.210779832851532,12
normal,16506,normal_0495,4,2022-07-12 01:02:56.532,0.4,0,2,original,False,5.444991050835891,17.210779832851532,12
normal,16507,normal_0495,5,2022-07-12 01:02:56.632,0.5,0,2,original,False,6.399623491011809,17.210779832851532,12
normal,16508,normal_0495,6,2022-07-12 01:02:56.732,0.6,0,2,original,False,5.075182898965054,17.210779832851532,12
normal,16509,normal_0495,7,2022-07-12 01:02:56.832,0.7,0,2,original,False,5.028698939674848,17.210779832851532,12
normal,16510,normal_0495,8,2022-07-12 01:02:56.932,0.8,0,2,original,False,4.666577831062092,17.210779832851532,12
normal,16511,normal_0495,9,2022-07-12 01:02:57.032,0.9,0,2,original,False,4.051288239152523,17.210779832851532,12
normal,16512,normal_0495,10,2022-07-12 01:02:57.132,1.0,0,2,original,False,3.6106747167318067,17.210779832851532,12
normal,16513,normal_0495,11,2022-07-12 01:02:57.232,1.1,0,2,original,False,5.270324345758108,17.210779832851532,12
normal,16514,normal_0495,12,2022-07-12 01:02:57.332,1.2,0,2,original,False,6.341871449703926,17.210779832851532,12
normal,16515,normal_0495,13,2022-07-12 01:02:57.432,1.3,0,2,original,False,4.966672128257843,17.210779832851532,12
normal,16516,normal_0495,14,2022-07-12 01:02:57.532,1.4,0,2,original,False,6.3805476253977425,17.210779832851532,12
normal,16517,normal_0495,15,2022-07-12 01:02:57.632,1.5,0,2,original,False,7.1361869235062825,17.210779832851532,12
normal,16518,normal_0495,16,2022-07-12 01:02:57.732,1.6,0,2,original,False,7.168754405173925,17.210779832851532,12
normal,16519,normal_0495,17,2022-07-12 01:02:57.832,1.7,0,2,original,False,7.378930260282162,17.210779832851532,12
normal,16520,normal_0495,18,2022-07-12 01:02:57.932,1.8,0,2,original,False,9.310461719214567,17.210779832851532,12
normal,16521,normal_0495,19,2022-07-12 01:02:58.032,1.9,0,2,original,False,9.484038130801435,17.210779832851532,12
normal,16522,normal_0495,20,2022-07-12 01:02:58.132,2.0,0,2,original,False,5.720344139918264,17.210779832851532,12
normal,16523,normal_0495,21,2022-07-12 01:02:58.232,2.1,0,2,original,False,6.3815726399076365,17.210779832851532,12
normal,16524,normal_0495,22,2022-07-12 01:02:58.332,2.2,0,2,original,False,9.55351167355556,17.210779832851532,12
normal,16525,normal_0495,23,2022-07-12 01:02:58.432,2.3,0,2,original,False,6.754635855381693,17.210779832851532,12
normal,16526,normal_0495,24,2022-07-12 01:02:58.532,2.4,0,2,original,False,4.989571119894529,17.210779832851532,12
normal,16527,normal_0495,25,2022-07-12 01:02:58.632,2.5,0,2,original,False,7.096833493693588,17.210779832851532,12
normal,16528,normal_0495,26,2022-07-12 01:02:58.732,2.6,0,2,original,False,7.339045635429081,17.210779832851532,12
normal,16529,normal_0496,0,2022-07-12 01:03:04.194,0.0,0,2,original,False,,17.210779832851532,3
normal,16530,normal_0496,1,2022-07-12 01:03:04.294,0.1,0,2,original,False,,17.210779832851532,6
normal,16531,normal_0496,2,2022-07-12 01:03:04.394,0.2,0,2,original,False,,17.210779832851532,9
normal,16532,normal_0496,3,2022-07-12 01:03:04.494,0.3,0,2,original,False,6.292885525400436,17.210779832851532,12
normal,16533,normal_0496,4,2022-07-12 01:03:04.594,0.4,0,2,original,False,5.25514021416647,17.210779832851532,12
normal,16534,normal_0496,5,2022-07-12 01:03:04.694,0.5,0,2,original,False,4.9035919010043445,17.210779832851532,12
normal,16535,normal_0496,6,2022-07-12 01:03:04.794,0.6,0,2,original,False,7.018150588417143,17.210779832851532,12
normal,16536,normal_0496,7,2022-07-12 01:03:04.894,0.7,0,2,original,False,6.115958154682833,17.210779832851532,12
normal,16537,normal_0496,8,2022-07-12 01:03:04.994,0.8,0,2,original,False,5.8654141993585105,17.210779832851532,12
normal,16538,normal_0496,9,2022-07-12 01:03:05.094,0.9,0,2,original,False,5.184344587235669,17.210779832851532,12
normal,16539,normal_0496,10,2022-07-12 01:03:05.194,1.0,0,2,original,False,4.4848897448206335,17.210779832851532,12
normal,16540,normal_0496,11,2022-07-12 01:03:05.294,1.1,0,2,original,False,4.216982124410147,17.210779832851532,12
normal,16541,normal_0496,12,2022-07-12 01:03:05.394,1.2,0,2,original,False,4.583778129700562,17.210779832851532,12
normal,16542,normal_0496,13,2022-07-12 01:03:05.494,1.3,0,2,original,False,5.283055833031486,17.210779832851532,12
normal,16543,normal_0496,14,2022-07-12 01:03:05.594,1.4,0,2,original,False,5.294622589925093,17.210779832851532,12
normal,16544,normal_0497,0,2022-07-12 01:03:12.228,0.0,0,2,original,False,,17.210779832851532,3
normal,16545,normal_0497,1,2022-07-12 01:03:12.328,0.1,0,2,original,False,,17.210779832851532,6
normal,16546,normal_0497,2,2022-07-12 01:03:12.428,0.2,0,2,original,False,,17.210779832851532,9
normal,16547,normal_0497,3,2022-07-12 01:03:12.528,0.3,0,2,original,False,6.771936402786402,17.210779832851532,12
normal,16548,normal_0497,4,2022-07-12 01:03:12.628,0.4,0,2,original,False,6.087200745986066,17.210779832851532,12
normal,16549,normal_0497,5,2022-07-12 01:03:12.728,0.5,0,2,original,False,5.175131558277457,17.210779832851532,12
normal,16550,normal_0497,6,2022-07-12 01:03:12.828,0.6,0,2,original,False,5.064390940660271,17.210779832851532,12
normal,16551,normal_0497,7,2022-07-12 01:03:12.928,0.7,0,2,original,False,5.924536006650063,17.210779832851532,12
normal,16552,normal_0497,8,2022-07-12 01:03:13.028,0.8,0,2,original,False,4.175071949172353,17.210779832851532,12
normal,16553,normal_0497,9,2022-07-12 01:03:13.128,0.9,0,2,original,False,4.08386721475867,17.210779832851532,12
normal,16554,normal_0497,10,2022-07-12 01:03:13.228,1.0,0,2,original,False,5.41708935804815,17.210779832851532,12
normal,16555,normal_0497,11,2022-07-12 01:03:13.328,1.1,0,2,original,False,6.693720454471676,17.210779832851532,12
normal,16556,normal_0497,12,2022-07-12 01:03:13.428,1.2,0,2,original,False,6.048702037463359,17.210779832851532,12
normal,16557,normal_0498,0,2022-07-12 01:03:22.041,0.0,0,2,original,False,,17.210779832851532,3
normal,16558,normal_0498,1,2022-07-12 01:03:22.141,0.1,0,2,original,False,,17.210779832851532,6
normal,16559,normal_0498,2,2022-07-12 01:03:22.241,0.2,0,2,original,False,,17.210779832851532,9
normal,16560,normal_0498,3,2022-07-12 01:03:22.341,0.3,0,2,original,False,6.4840061623981855,17.210779832851532,12
normal,16561,normal_0498,4,2022-07-12 01:03:22.441,0.4,0,2,original,False,6.967101251183921,17.210779832851532,12
normal,16562,normal_0498,5,2022-07-12 01:03:22.541,0.5,0,2,original,False,6.624203868249524,17.210779832851532,12
normal,16563,normal_0498,6,2022-07-12 01:03:22.641,0.6,0,2,original,False,5.612542470315212,17.210779832851532,12
normal,16564,normal_0498,7,2022-07-12 01:03:22.741,0.7,0,2,original,False,5.661802402892416,17.210779832851532,12
normal,16565,normal_0498,8,2022-07-12 01:03:22.841,0.8,0,2,original,False,5.281635255248997,17.210779832851532,12
normal,16566,normal_0498,9,2022-07-12 01:03:22.941,0.9,0,2,original,False,4.920501804045405,17.210779832851532,12
normal,16567,normal_0498,10,2022-07-12 01:03:23.041,1.0,0,2,original,False,3.7669317196189573,17.210779832851532,12
normal,16568,normal_0498,11,2022-07-12 01:03:23.141,1.1,0,2,original,False,2.851744379943167,17.210779832851532,12
normal,16569,normal_0498,12,2022-07-12 01:03:23.241,1.2,0,2,original,False,4.49628211491028,17.210779832851532,12
normal,16570,normal_0498,13,2022-07-12 01:03:23.341,1.3,0,2,original,False,4.151165766824264,17.210779832851532,12
normal,16571,normal_0498,14,2022-07-12 01:03:23.441,1.4,0,2,original,False,3.6771238603763883,17.210779832851532,12
normal,16572,normal_0498,15,2022-07-12 01:03:23.541,1.5,0,2,original,False,4.115964282889081,17.210779832851532,12
normal,16573,normal_0498,16,2022-07-12 01:03:23.641,1.6,0,2,original,False,4.150560696771542,17.210779832851532,12
normal,16574,normal_0498,17,2022-07-12 01:03:23.741,1.7,0,2,original,False,3.5933498002982054,17.210779832851532,12
normal,16575,normal_0498,18,2022-07-12 01:03:23.841,1.8,0,2,original,False,5.38813832226353,17.210779832851532,12
normal,16576,normal_0498,19,2022-07-12 01:03:23.941,1.9,0,2,original,False,4.701412290293275,17.210779832851532,12
normal,16577,normal_0498,20,2022-07-12 01:03:24.041,2.0,0,2,original,False,4.403196156139435,17.210779832851532,12
normal,16578,normal_0498,21,2022-07-12 01:03:24.141,2.1,0,2,original,False,3.7534945426161808,17.210779832851532,12
normal,16579,normal_0498,22,2022-07-12 01:03:24.241,2.2,0,2,original,False,4.3111135562194605,17.210779832851532,12
normal,16580,normal_0498,23,2022-07-12 01:03:24.341,2.3,0,2,original,False,4.939701441823146,17.210779832851532,12
normal,16581,normal_0498,24,2022-07-12 01:03:24.441,2.4,0,2,original,False,5.602871298357064,17.210779832851532,12
normal,16582,normal_0498,25,2022-07-12 01:03:24.541,2.5,0,2,original,False,5.203258068564121,17.210779832851532,12
normal,16583,normal_0498,26,2022-07-12 01:03:24.641,2.6,0,2,original,False,5.811314741194324,17.210779832851532,12
normal,16584,normal_0498,27,2022-07-12 01:03:24.741,2.7,0,2,original,False,5.677313209009387,17.210779832851532,12
normal,16585,normal_0498,28,2022-07-12 01:03:24.841,2.8,0,2,original,False,5.016710679660293,17.210779832851532,12
normal,16586,normal_0498,29,2022-07-12 01:03:24.941,2.9,0,2,original,False,7.342950953355519,17.210779832851532,12
normal,16587,normal_0498,30,2022-07-12 01:03:25.041,3.0,0,2,original,False,6.6651091013031465,17.210779832851532,12
normal,16588,normal_0498,31,2022-07-12 01:03:25.141,3.1,0,2,original,False,5.466428140563201,17.210779832851532,12
normal,16589,normal_0498,32,2022-07-12 01:03:25.241,3.2,0,2,original,False,4.693518211513271,17.210779832851532,12
normal,16590,normal_0498,33,2022-07-12 01:03:25.341,3.3,0,2,original,False,5.354596969882856,17.210779832851532,12
normal,16591,normal_0498,34,2022-07-12 01:03:25.441,3.4,0,2,original,False,6.411886449875477,17.210779832851532,12
normal,16592,normal_0498,35,2022-07-12 01:03:25.541,3.5,0,2,original,False,6.333359571335088,17.210779832851532,12
normal,16593,normal_0498,36,2022-07-12 01:03:25.641,3.6,0,2,original,False,6.443549883868375,17.210779832851532,12
normal,16594,normal_0498,37,2022-07-12 01:03:25.741,3.7,0,2,original,False,5.188160071221941,17.210779832851532,12
normal,16595,normal_0498,38,2022-07-12 01:03:25.841,3.8,0,2,original,False,5.164964995231075,17.210779832851532,12
normal,16596,normal_0498,39,2022-07-12 01:03:25.941,3.9,0,2,original,False,4.029783616354918,17.210779832851532,12
normal,16597,normal_0498,40,2022-07-12 01:03:26.041,4.0,0,2,original,False,5.994856447426231,17.210779832851532,12
normal,16598,normal_0498,41,2022-07-12 01:03:26.141,4.1,0,2,original,False,7.544336652263772,17.210779832851532,12
normal,16599,normal_0498,42,2022-07-12 01:03:26.241,4.2,0,2,original,False,5.315018861531365,17.210779832851532,12
normal,16600,normal_0498,43,2022-07-12 01:03:26.341,4.3,0,2,original,False,5.541558306817953,17.210779832851532,12
normal,16601,normal_0498,44,2022-07-12 01:03:26.441,4.4,0,2,original,False,6.76465580719212,17.210779832851532,12
normal,16602,normal_0498,45,2022-07-12 01:03:26.541,4.5,0,2,original,False,7.247084787899991,17.210779832851532,12
normal,16603,normal_0498,46,2022-07-12 01:03:26.641,4.6,0,2,original,False,6.187282107023998,17.210779832851532,12
normal,16604,normal_0498,47,2022-07-12 01:03:26.741,4.7,0,2,original,False,7.385571962351916,17.210779832851532,12
normal,16605,normal_0498,48,2022-07-12 01:03:26.841,4.8,0,2,original,False,7.22838150018109,17.210779832851532,12
normal,16606,normal_0498,49,2022-07-12 01:03:26.941,4.9,0,2,original,False,5.509895508160513,17.210779832851532,12
normal,16607,normal_0499,0,2022-07-12 01:03:29.848,0.0,0,2,original,False,,17.210779832851532,3
normal,16608,normal_0499,1,2022-07-12 01:03:29.948,0.1,0,2,original,False,,17.210779832851532,6
normal,16609,normal_0499,2,2022-07-12 01:03:30.048,0.2,0,2,original,False,,17.210779832851532,9
normal,16610,normal_0499,3,2022-07-12 01:03:30.148,0.3,0,2,original,False,4.109997151546395,17.210779832851532,12
normal,16611,normal_0499,4,2022-07-12 01:03:30.248,0.4,0,2,original,False,3.8915931174981253,17.210779832851532,12
normal,16612,normal_0499,5,2022-07-12 01:03:30.348,0.5,0,2,original,False,3.2852820853363816,17.210779832851532,12
normal,16613,normal_0499,6,2022-07-12 01:03:30.448,0.6,0,2,original,False,4.343144910741156,17.210779832851532,12
normal,16614,normal_0499,7,2022-07-12 01:03:30.548,0.7,0,2,original,False,5.3744769674231065,17.210779832851532,12
normal,16615,normal_0499,8,2022-07-12 01:03:30.648,0.8,0,2,original,False,5.187824956216951,17.210779832851532,12
normal,16616,normal_0499,9,2022-07-12 01:03:30.748,0.9,0,2,original,False,6.784697360771743,17.210779832851532,12
normal,16617,normal_0499,10,2022-07-12 01:03:30.848,1.0,0,2,original,False,5.266041240651072,17.210779832851532,12
normal,16618,normal_0499,11,2022-07-12 01:03:30.948,1.1,0,2,original,False,5.2746293980591,17.210779832851532,12
normal,16619,normal_0499,12,2022-07-12 01:03:31.048,1.2,0,2,original,False,4.496852126378226,17.210779832851532,12
normal,16620,normal_0499,13,2022-07-12 01:03:31.148,1.3,0,2,original,False,5.0982691015149255,17.210779832851532,12
normal,16621,normal_0499,14,2022-07-12 01:03:31.248,1.4,0,2,original,False,5.295719932795172,17.210779832851532,12
normal,16622,normal_0499,15,2022-07-12 01:03:31.348,1.5,0,2,original,False,6.051741601209583,17.210779832851532,12
normal,16623,normal_0499,16,2022-07-12 01:03:31.448,1.6,0,2,original,False,3.5420483496675423,17.210779832851532,12
normal,16624,normal_0499,17,2022-07-12 01:03:31.548,1.7,0,2,original,False,5.364545034573186,17.210779832851532,12
normal,16625,normal_0499,18,2022-07-12 01:03:31.648,1.8,0,2,original,False,5.028594012469384,17.210779832851532,12
normal,16626,normal_0499,19,2022-07-12 01:03:31.748,1.9,0,2,original,False,4.363719026800922,17.210779832851532,12
normal,16627,normal_0499,20,2022-07-12 01:03:31.848,2.0,0,2,original,False,4.249866025769117,17.210779832851532,12
normal,16628,normal_0499,21,2022-07-12 01:03:31.948,2.1,0,2,original,False,6.701223020425016,17.210779832851532,12
normal,16629,normal_0499,22,2022-07-12 01:03:32.048,2.2,0,2,original,False,6.5326499834568965,17.210779832851532,12
normal,16630,normal_0499,23,2022-07-12 01:03:32.148,2.3,0,2,original,False,6.466535575270514,17.210779832851532,12
normal,16631,normal_0499,24,2022-07-12 01:03:32.248,2.4,0,2,original,False,7.550719623421547,17.210779832851532,12
normal,16632,normal_0499,25,2022-07-12 01:03:32.348,2.5,0,2,original,False,8.843755629712879,17.210779832851532,12
normal,16633,normal_0499,26,2022-07-12 01:03:32.448,2.6,0,2,original,False,8.632776325813415,17.210779832851532,12
normal,16634,normal_0499,27,2022-07-12 01:03:32.548,2.7,0,2,original,False,3.7245856991431223,17.210779832851532,12
normal,16635,normal_0499,28,2022-07-12 01:03:32.648,2.8,0,2,original,False,4.043292421235368,17.210779832851532,12
normal,16636,normal_0499,29,2022-07-12 01:03:32.748,2.9,0,2,original,False,4.31304417682253,17.210779832851532,12
normal,16637,normal_0499,30,2022-07-12 01:03:32.848,3.0,0,2,original,False,3.4352437453822757,17.210779832851532,12
normal,16638,normal_0499,31,2022-07-12 01:03:32.948,3.1,0,2,original,False,5.100274907981313,17.210779832851532,12
normal,16639,normal_0499,32,2022-07-12 01:03:33.048,3.2,0,2,original,False,4.456655040087875,17.210779832851532,12
normal,16640,normal_0499,33,2022-07-12 01:03:33.148,3.3,0,2,original,False,4.057345566862249,17.210779832851532,12
normal,16641,normal_0499,34,2022-07-12 01:03:33.248,3.4,0,2,original,False,4.449315454551995,17.210779832851532,12
normal,16642,normal_0499,35,2022-07-12 01:03:33.348,3.5,0,2,original,False,5.203427004534616,17.210779832851532,12
normal,16643,normal_0499,36,2022-07-12 01:03:33.448,3.6,0,2,original,False,5.509573033312124,17.210779832851532,12
normal,16644,normal_0499,37,2022-07-12 01:03:33.548,3.7,0,2,original,False,4.0853935292844605,17.210779832851532,12
normal,16645,normal_0499,38,2022-07-12 01:03:33.648,3.8,0,2,original,False,4.622870746411233,17.210779832851532,12
normal,16646,normal_0499,39,2022-07-12 01:03:33.748,3.9,0,2,original,False,5.516478654146149,17.210779832851532,12
normal,16647,normal_0499,40,2022-07-12 01:03:33.848,4.0,0,2,original,False,5.522444711215026,17.210779832851532,12
normal,16648,normal_0499,41,2022-07-12 01:03:33.948,4.1,0,2,original,False,4.467608598607599,17.210779832851532,12
normal,16649,normal_0499,42,2022-07-12 01:03:34.048,4.2,0,2,original,False,7.053190586866941,17.210779832851532,12
normal,16650,normal_0499,43,2022-07-12 01:03:34.148,4.3,0,2,original,False,6.461496247509043,17.210779832851532,12
normal,16651,normal_0499,44,2022-07-12 01:03:34.248,4.4,0,2,original,False,3.185656118329666,17.210779832851532,12
normal,16652,normal_0499,45,2022-07-12 01:03:34.348,4.5,0,2,original,False,4.0840183487214246,17.210779832851532,12
normal,16653,normal_0499,46,2022-07-12 01:03:34.448,4.6,0,2,original,False,6.5089593140109665,17.210779832851532,12
normal,16654,normal_0499,47,2022-07-12 01:03:34.548,4.7,0,2,original,False,5.661741663970448,17.210779832851532,12
normal,16655,normal_0499,48,2022-07-12 01:03:34.648,4.8,0,2,original,False,5.777537155489077,17.210779832851532,12
normal,16656,normal_0499,49,2022-07-12 01:03:34.748,4.9,0,2,original,False,6.265884998388698,17.210779832851532,12
normal,16657,normal_0500,0,2022-07-12 01:03:36.502,0.0,0,2,original,False,,17.210779832851532,3
normal,16658,normal_0500,1,2022-07-12 01:03:36.602,0.1,0,2,original,False,,17.210779832851532,6
normal,16659,normal_0500,2,2022-07-12 01:03:36.702,0.2,0,2,original,False,,17.210779832851532,9
normal,16660,normal_0500,3,2022-07-12 01:03:36.802,0.3,0,2,original,False,7.507013116780584,17.210779832851532,12
normal,16661,normal_0500,4,2022-07-12 01:03:36.902,0.4,0,2,original,False,5.907617228285199,17.210779832851532,12
normal,16662,normal_0500,5,2022-07-12 01:03:37.002,0.5,0,2,original,False,6.5896389247439915,17.210779832851532,12
normal,16663,normal_0500,6,2022-07-12 01:03:37.102,0.6,0,2,original,False,6.657246108290322,17.210779832851532,12
normal,16664,normal_0500,7,2022-07-12 01:03:37.202,0.7,0,2,original,False,6.1552006496668366,17.210779832851532,12
normal,16665,normal_0500,8,2022-07-12 01:03:37.302,0.8,0,2,original,False,5.27829764680891,17.210779832851532,12
normal,16666,normal_0500,9,2022-07-12 01:03:37.402,0.9,0,2,original,False,4.829803083845799,17.210779832851532,12
normal,16667,normal_0500,10,2022-07-12 01:03:37.502,1.0,0,2,original,False,5.83455199532867,17.210779832851532,12
normal,16668,normal_0500,11,2022-07-12 01:03:37.602,1.1,0,2,original,False,5.671393150435943,17.210779832851532,12
normal,16669,normal_0500,12,2022-07-12 01:03:37.702,1.2,0,2,original,False,4.3498786649274965,17.210779832851532,12
normal,16670,normal_0500,13,2022-07-12 01:03:37.802,1.3,0,2,original,False,5.002645814063983,17.210779832851532,12
normal,16671,normal_0500,14,2022-07-12 01:03:37.902,1.4,0,2,original,False,6.374619359409962,17.210779832851532,12
normal,16672,normal_0500,15,2022-07-12 01:03:38.002,1.5,0,2,original,False,4.675042154431194,17.210779832851532,12
normal,16673,normal_0500,16,2022-07-12 01:03:38.102,1.6,0,2,original,False,6.367689988230892,17.210779832851532,12
normal,16674,normal_0500,17,2022-07-12 01:03:38.202,1.7,0,2,original,False,6.215183361611763,17.210779832851532,12
normal,16675,normal_0500,18,2022-07-12 01:03:38.302,1.8,0,2,original,False,5.803578605273725,17.210779832851532,12
normal,16676,normal_0500,19,2022-07-12 01:03:38.402,1.9,0,2,original,False,5.033358296190619,17.210779832851532,12
normal,16677,normal_0500,20,2022-07-12 01:03:38.502,2.0,0,2,original,False,5.739829760781917,17.210779832851532,12
normal,16678,normal_0500,21,2022-07-12 01:03:38.602,2.1,0,2,original,False,6.035904556742633,17.210779832851532,12
normal,16679,normal_0500,22,2022-07-12 01:03:38.702,2.2,0,2,original,False,4.9327188115949605,17.210779832851532,12
normal,16680,normal_0500,23,2022-07-12 01:03:38.802,2.3,0,2,original,False,5.3748149516867105,17.210779832851532,12
normal,16681,normal_0500,24,2022-07-12 01:03:38.902,2.4,0,2,original,False,7.188214673255349,17.210779832851532,12
normal,16682,normal_0500,25,2022-07-12 01:03:39.002,2.5,0,2,original,False,7.548933859380768,17.210779832851532,12
normal,16683,normal_0500,26,2022-07-12 01:03:39.102,2.6,0,2,original,False,5.037295890813129,17.210779832851532,12
normal,16684,normal_0500,27,2022-07-12 01:03:39.202,2.7,0,2,original,False,8.540650522633005,17.210779832851532,12
normal,16685,normal_0500,28,2022-07-12 01:03:39.302,2.8,0,2,original,False,8.397335243151765,17.210779832851532,12
normal,16686,normal_0500,29,2022-07-12 01:03:39.402,2.9,0,2,original,False,6.609124723589987,17.210779832851532,12
normal,16687,normal_0500,30,2022-07-12 01:03:39.502,3.0,0,2,original,False,5.85176645561635,17.210779832851532,12
normal,16688,normal_0500,31,2022-07-12 01:03:39.602,3.1,0,2,original,False,8.386315415919077,17.210779832851532,12
normal,16689,normal_0500,32,2022-07-12 01:03:39.702,3.2,0,2,original,False,7.552156605578663,17.210779832851532,12
normal,16690,normal_0500,33,2022-07-12 01:03:39.802,3.3,0,2,original,False,6.485750253339285,17.210779832851532,12
normal,16691,normal_0500,34,2022-07-12 01:03:39.902,3.4,0,2,original,False,7.80588394941461,17.210779832851532,12
normal,16692,normal_0500,35,2022-07-12 01:03:40.002,3.5,0,2,original,False,7.080654852126863,17.210779832851532,12
normal,16693,normal_0500,36,2022-07-12 01:03:40.102,3.6,0,2,original,False,6.210017905203807,17.210779832851532,12
normal,16694,normal_0500,37,2022-07-12 01:03:40.202,3.7,0,2,original,False,5.012487931379296,17.210779832851532,12
normal,16695,normal_0500,38,2022-07-12 01:03:40.302,3.8,0,2,original,False,8.404770883392455,17.210779832851532,12
normal,16696,normal_0500,39,2022-07-12 01:03:40.402,3.9,0,2,original,False,9.121979260663833,17.210779832851532,12
normal,16697,normal_0500,40,2022-07-12 01:03:40.502,4.0,0,2,original,False,7.610773162473944,17.210779832851532,12
normal,16698,normal_0500,41,2022-07-12 01:03:40.602,4.1,0,2,original,False,7.698855960731547,17.210779832851532,12
normal,16699,normal_0500,42,2022-07-12 01:03:40.702,4.2,0,2,original,False,9.170098919707991,17.210779832851532,12
normal,16700,normal_0500,43,2022-07-12 01:03:40.802,4.3,0,2,original,False,7.670869349528412,17.210779832851532,12
normal,16701,normal_0500,44,2022-07-12 01:03:40.902,4.4,0,2,original,False,8.354228959084718,17.210779832851532,12
normal,16702,normal_0500,45,2022-07-12 01:03:41.002,4.5,0,2,original,False,9.439784870013812,17.210779832851532,12
normal,16703,normal_0500,46,2022-07-12 01:03:41.102,4.6,0,2,original,False,9.442386277712624,17.210779832851532,12
normal,16704,normal_0500,47,2022-07-12 01:03:41.202,4.7,0,2,original,False,6.28820249698269,17.210779832851532,12
normal,16705,normal_0500,48,2022-07-12 01:03:41.302,4.8,0,2,original,False,7.292010305975444,17.210779832851532,12
normal,16706,normal_0500,49,2022-07-12 01:03:41.402,4.9,0,2,original,False,9.23330137561547,17.210779832851532,12
normal,16707,normal_0501,0,2022-07-12 01:03:44.460,0.0,0,2,original,False,,17.210779832851532,3
normal,16708,normal_0501,1,2022-07-12 01:03:44.560,0.1,0,2,original,False,,17.210779832851532,6
normal,16709,normal_0501,2,2022-07-12 01:03:44.660,0.2,0,2,original,False,,17.210779832851532,9
normal,16710,normal_0501,3,2022-07-12 01:03:44.760,0.3,0,2,original,False,5.403546182018706,17.210779832851532,12
normal,16711,normal_0501,4,2022-07-12 01:03:44.860,0.4,0,2,original,False,5.9854899514897895,17.210779832851532,12
normal,16712,normal_0501,5,2022-07-12 01:03:44.960,0.5,0,2,original,False,5.475221635365412,17.210779832851532,12
normal,16713,normal_0501,6,2022-07-12 01:03:45.060,0.6,0,2,original,False,8.26423513533694,17.210779832851532,12
normal,16714,normal_0501,7,2022-07-12 01:03:45.160,0.7,0,2,original,False,8.938363438412127,17.210779832851532,12
normal,16715,normal_0501,8,2022-07-12 01:03:45.260,0.8,0,2,original,False,9.042313965039412,17.210779832851532,12
normal,16716,normal_0501,9,2022-07-12 01:03:45.360,0.9,0,2,original,False,8.649715505805725,17.210779832851532,12
normal,16717,normal_0501,10,2022-07-12 01:03:45.460,1.0,0,2,original,False,7.850189296180522,17.210779832851532,12
normal,16718,normal_0501,11,2022-07-12 01:03:45.560,1.1,0,2,original,False,5.684540687027214,17.210779832851532,12
normal,16719,normal_0501,12,2022-07-12 01:03:45.660,1.2,0,2,original,False,4.98106140860412,17.210779832851532,12
normal,16720,normal_0501,13,2022-07-12 01:03:45.760,1.3,0,2,original,False,5.954133419878929,17.210779832851532,12
normal,16721,normal_0501,14,2022-07-12 01:03:45.860,1.4,0,2,original,False,5.625358509579504,17.210779832851532,12
normal,16722,normal_0501,15,2022-07-12 01:03:45.960,1.5,0,2,original,False,6.360812258527279,17.210779832851532,12
normal,16723,normal_0501,16,2022-07-12 01:03:46.060,1.6,0,2,original,False,4.363419626981563,17.210779832851532,12
normal,16724,normal_0501,17,2022-07-12 01:03:46.160,1.7,0,2,original,False,4.692825742412794,17.210779832851532,12
normal,16725,normal_0501,18,2022-07-12 01:03:46.260,1.8,0,2,original,False,5.957341041322131,17.210779832851532,12
normal,16726,normal_0501,19,2022-07-12 01:03:46.360,1.9,0,2,original,False,5.452426733904936,17.210779832851532,12
normal,16727,normal_0501,20,2022-07-12 01:03:46.460,2.0,0,2,original,False,4.697058598724387,17.210779832851532,12
normal,16728,normal_0501,21,2022-07-12 01:03:46.560,2.1,0,2,original,False,4.957729863971991,17.210779832851532,12
normal,16729,normal_0501,22,2022-07-12 01:03:46.660,2.2,0,2,original,False,5.197848310252534,17.210779832851532,12
normal,16730,normal_0501,23,2022-07-12 01:03:46.760,2.3,0,2,original,False,6.050001721407536,17.210779832851532,12
normal,16731,normal_0501,24,2022-07-12 01:03:46.860,2.4,0,2,original,False,7.001547565615889,17.210779832851532,12
normal,16732,normal_0501,25,2022-07-12 01:03:46.960,2.5,0,2,original,False,6.94803111670778,17.210779832851532,12
normal,16733,normal_0501,26,2022-07-12 01:03:47.060,2.6,0,2,original,False,9.344643608884855,17.210779832851532,12
normal,16734,normal_0501,27,2022-07-12 01:03:47.160,2.7,0,2,original,False,5.829186052707141,17.210779832851532,12
normal,16735,normal_0501,28,2022-07-12 01:03:47.260,2.8,0,2,original,False,5.457035059147805,17.210779832851532,12
normal,16736,normal_0501,29,2022-07-12 01:03:47.360,2.9,0,2,original,False,6.58582886673424,17.210779832851532,12
normal,16737,normal_0501,30,2022-07-12 01:03:47.460,3.0,0,2,original,False,7.098030054235559,17.210779832851532,12
normal,16738,normal_0501,31,2022-07-12 01:03:47.560,3.1,0,2,original,False,6.257884709810462,17.210779832851532,12
normal,16739,normal_0501,32,2022-07-12 01:03:47.660,3.2,0,2,original,False,6.364494816350655,17.210779832851532,12
normal,16740,normal_0501,33,2022-07-12 01:03:47.760,3.3,0,2,original,False,4.7692509862351615,17.210779832851532,12
normal,16741,normal_0501,34,2022-07-12 01:03:47.860,3.4,0,2,original,False,5.910319542649258,17.210779832851532,12
normal,16742,normal_0501,35,2022-07-12 01:03:47.960,3.5,0,2,original,False,8.233133658361258,17.210779832851532,12
normal,16743,normal_0501,36,2022-07-12 01:03:48.060,3.6,0,2,original,False,5.9429008608843406,17.210779832851532,12
normal,16744,normal_0502,0,2022-07-12 01:03:52.400,0.0,0,2,original,False,,17.210779832851532,3
normal,16745,normal_0502,1,2022-07-12 01:03:52.500,0.1,0,2,original,False,,17.210779832851532,6
normal,16746,normal_0502,2,2022-07-12 01:03:52.600,0.2,0,2,original,False,,17.210779832851532,9
normal,16747,normal_0502,3,2022-07-12 01:03:52.700,0.3,0,2,original,False,4.3794124091203,17.210779832851532,12
normal,16748,normal_0502,4,2022-07-12 01:03:52.800,0.4,0,2,original,False,4.815268887567039,17.210779832851532,12
normal,16749,normal_0502,5,2022-07-12 01:03:52.900,0.5,0,2,original,False,6.394615847153865,17.210779832851532,12
normal,16750,normal_0502,6,2022-07-12 01:03:53.000,0.6,0,2,original,False,5.800402281306331,17.210779832851532,12
normal,16751,normal_0502,7,2022-07-12 01:03:53.100,0.7,0,2,original,False,8.622655590786573,17.210779832851532,12
normal,16752,normal_0502,8,2022-07-12 01:03:53.200,0.8,0,2,original,False,7.040476999900479,17.210779832851532,12
normal,16753,normal_0502,9,2022-07-12 01:03:53.300,0.9,0,2,original,False,8.625730024209059,17.210779832851532,12
normal,16754,normal_0502,10,2022-07-12 01:03:53.400,1.0,0,2,original,False,7.411937349610185,17.210779832851532,12
normal,16755,normal_0502,11,2022-07-12 01:03:53.500,1.1,0,2,original,False,6.710041820119589,17.210779832851532,12
normal,16756,normal_0502,12,2022-07-12 01:03:53.600,1.2,0,2,original,False,5.150373194758368,17.210779832851532,12
normal,16757,normal_0502,13,2022-07-12 01:03:53.700,1.3,0,2,original,False,6.07044033299564,17.210779832851532,12
normal,16758,normal_0502,14,2022-07-12 01:03:53.800,1.4,0,2,original,False,6.329192595510381,17.210779832851532,12
normal,16759,normal_0502,15,2022-07-12 01:03:53.900,1.5,0,2,original,False,6.355126712448604,17.210779832851532,12
normal,16760,normal_0502,16,2022-07-12 01:03:54.000,1.6,0,2,original,False,8.199868943022532,17.210779832851532,12
normal,16761,normal_0502,17,2022-07-12 01:03:54.100,1.7,0,2,original,False,4.902823985029376,17.210779832851532,12
normal,16762,normal_0502,18,2022-07-12 01:03:54.200,1.8,0,2,original,False,5.241799165223995,17.210779832851532,12
normal,16763,normal_0502,19,2022-07-12 01:03:54.300,1.9,0,2,original,False,4.129858886532985,17.210779832851532,12
normal,16764,normal_0502,20,2022-07-12 01:03:54.400,2.0,0,2,original,False,5.974937632472234,17.210779832851532,12
normal,16765,normal_0502,21,2022-07-12 01:03:54.500,2.1,0,2,original,False,7.702344170607421,17.210779832851532,12
normal,16766,normal_0502,22,2022-07-12 01:03:54.600,2.2,0,2,original,False,6.749645477957684,17.210779832851532,12
normal,16767,normal_0502,23,2022-07-12 01:03:54.700,2.3,0,2,original,False,7.033626541308643,17.210779832851532,12
normal,16768,normal_0503,0,2022-07-12 01:04:00.354,0.0,0,2,original,False,,17.210779832851532,3
normal,16769,normal_0503,1,2022-07-12 01:04:00.454,0.1,0,2,original,False,,17.210779832851532,6
normal,16770,normal_0503,2,2022-07-12 01:04:00.554,0.2,0,2,original,False,,17.210779832851532,9
normal,16771,normal_0503,3,2022-07-12 01:04:00.654,0.3,0,2,original,False,6.502248622535239,17.210779832851532,12
normal,16772,normal_0503,4,2022-07-12 01:04:00.754,0.4,0,2,original,False,5.5953638557963075,17.210779832851532,12
normal,16773,normal_0503,5,2022-07-12 01:04:00.854,0.5,0,2,original,False,7.140314655971704,17.210779832851532,12
normal,16774,normal_0503,6,2022-07-12 01:04:00.954,0.6,0,2,original,False,7.37121691414247,17.210779832851532,12
normal,16775,normal_0503,7,2022-07-12 01:04:01.054,0.7,0,2,original,False,9.148442705835462,17.210779832851532,12
normal,16776,normal_0503,8,2022-07-12 01:04:01.154,0.8,0,2,original,False,6.318029707756162,17.210779832851532,12
normal,16777,normal_0503,9,2022-07-12 01:04:01.254,0.9,0,2,original,False,8.008203203062116,17.210779832851532,12
normal,16778,normal_0503,10,2022-07-12 01:04:01.354,1.0,0,2,original,False,8.212707105763542,17.210779832851532,12
normal,16779,normal_0504,0,2022-07-12 01:04:08.260,0.0,0,2,original,False,,17.210779832851532,3
normal,16780,normal_0504,1,2022-07-12 01:04:08.360,0.1,0,2,original,False,,17.210779832851532,6
normal,16781,normal_0504,2,2022-07-12 01:04:08.460,0.2,0,2,original,False,,17.210779832851532,9
normal,16782,normal_0504,3,2022-07-12 01:04:08.560,0.3,0,2,original,False,7.9768841780180235,17.210779832851532,12
normal,16783,normal_0504,4,2022-07-12 01:04:08.660,0.4,0,2,original,False,6.327398162547889,17.210779832851532,12
normal,16784,normal_0504,5,2022-07-12 01:04:08.760,0.5,0,2,original,False,6.746839911808278,17.210779832851532,12
normal,16785,normal_0504,6,2022-07-12 01:04:08.860,0.6,0,2,original,False,5.212787529911487,17.210779832851532,12
normal,16786,normal_0504,7,2022-07-12 01:04:08.960,0.7,0,2,original,False,7.918355889915215,17.210779832851532,12
normal,16787,normal_0504,8,2022-07-12 01:04:09.060,0.8,0,2,original,False,8.935817980751139,17.210779832851532,12
normal,16788,normal_0504,9,2022-07-12 01:04:09.160,0.9,0,2,original,False,7.161206995736335,17.210779832851532,12
normal,16789,normal_0504,10,2022-07-12 01:04:09.260,1.0,0,2,original,False,6.673878722605572,17.210779832851532,12
normal,16790,normal_0504,11,2022-07-12 01:04:09.360,1.1,0,2,original,False,7.8144767364754255,17.210779832851532,12
normal,16791,normal_0504,12,2022-07-12 01:04:09.460,1.2,0,2,original,False,7.396712743997845,17.210779832851532,12
normal,16792,normal_0505,0,2022-07-12 01:04:17.855,0.0,0,2,original,False,,17.210779832851532,3
normal,16793,normal_0505,1,2022-07-12 01:04:17.955,0.1,0,2,original,False,,17.210779832851532,6
normal,16794,normal_0505,2,2022-07-12 01:04:18.055,0.2,0,2,original,False,,17.210779832851532,9
normal,16795,normal_0505,3,2022-07-12 01:04:18.155,0.3,0,2,original,False,5.119840530305878,17.210779832851532,12
normal,16796,normal_0505,4,2022-07-12 01:04:18.255,0.4,0,2,original,False,3.8476147263332594,17.210779832851532,12
normal,16797,normal_0505,5,2022-07-12 01:04:18.355,0.5,0,2,original,False,6.549795247410282,17.210779832851532,12
normal,16798,normal_0505,6,2022-07-12 01:04:18.455,0.6,0,2,original,False,6.733167429605056,17.210779832851532,12
normal,16799,normal_0505,7,2022-07-12 01:04:18.555,0.7,0,2,original,False,5.885157471213578,17.210779832851532,12
normal,16800,normal_0505,8,2022-07-12 01:04:18.655,0.8,0,2,original,False,5.967277082706219,17.210779832851532,12
normal,16801,normal_0505,9,2022-07-12 01:04:18.755,0.9,0,2,original,False,9.399207515995633,17.210779832851532,12
normal,16802,normal_0505,10,2022-07-12 01:04:18.855,1.0,0,2,original,False,8.510205777541804,17.210779832851532,12
normal,16803,normal_0505,11,2022-07-12 01:04:18.955,1.1,0,2,original,False,5.605703301900438,17.210779832851532,12
normal,16804,normal_0505,12,2022-07-12 01:04:19.055,1.2,0,2,original,False,6.7325550930120395,17.210779832851532,12
normal,16805,normal_0505,13,2022-07-12 01:04:19.155,1.3,0,2,original,False,7.230446941446627,17.210779832851532,12
normal,16806,normal_0505,14,2022-07-12 01:04:19.255,1.4,0,2,original,False,4.978156955384267,17.210779832851532,12
normal,16807,normal_0505,15,2022-07-12 01:04:19.355,1.5,0,2,original,False,5.637573979797026,17.210779832851532,12
normal,16808,normal_0505,16,2022-07-12 01:04:19.455,1.6,0,2,original,False,8.649024379947202,17.210779832851532,12
normal,16809,normal_0505,17,2022-07-12 01:04:19.555,1.7,0,2,original,False,8.199854248918239,17.210779832851532,12
normal,16810,normal_0505,18,2022-07-12 01:04:19.655,1.8,0,2,original,False,8.733508829496866,17.210779832851532,12
normal,16811,normal_0505,19,2022-07-12 01:04:19.755,1.9,0,2,original,False,6.122212353395927,17.210779832851532,12
normal,16812,normal_0505,20,2022-07-12 01:04:19.855,2.0,0,2,original,False,6.362054747752952,17.210779832851532,12
normal,16813,normal_0505,21,2022-07-12 01:04:19.955,2.1,0,2,original,False,5.779008984785791,17.210779832851532,12
normal,16814,normal_0505,22,2022-07-12 01:04:20.055,2.2,0,2,original,False,6.983097075854352,17.210779832851532,12
normal,16815,normal_0505,23,2022-07-12 01:04:20.155,2.3,0,2,original,False,6.269139719311751,17.210779832851532,12
normal,16816,normal_0505,24,2022-07-12 01:04:20.255,2.4,0,2,original,False,6.856918776951608,17.210779832851532,12
normal,16817,normal_0505,25,2022-07-12 01:04:20.355,2.5,0,2,original,False,4.561424925354851,17.210779832851532,12
normal,16818,normal_0505,26,2022-07-12 01:04:20.455,2.6,0,2,original,False,5.966960463477801,17.210779832851532,12
normal,16819,normal_0505,27,2022-07-12 01:04:20.555,2.7,0,2,original,False,6.046355221558762,17.210779832851532,12
normal,16820,normal_0505,28,2022-07-12 01:04:20.655,2.8,0,2,original,False,5.23493499917899,17.210779832851532,12
normal,16821,normal_0505,29,2022-07-12 01:04:20.755,2.9,0,2,original,False,3.997160645960788,17.210779832851532,12
normal,16822,normal_0505,30,2022-07-12 01:04:20.855,3.0,0,2,original,False,5.268746684854267,17.210779832851532,12
normal,16823,normal_0505,31,2022-07-12 01:04:20.955,3.1,0,2,original,False,4.538966725363979,17.210779832851532,12
normal,16824,normal_0505,32,2022-07-12 01:04:21.055,3.2,0,2,original,False,4.014758386308987,17.210779832851532,12
normal,16825,normal_0505,33,2022-07-12 01:04:21.155,3.3,0,2,original,False,5.076807834815998,17.210779832851532,12
normal,16826,normal_0505,34,2022-07-12 01:04:21.255,3.4,0,2,original,False,6.34996753458253,17.210779832851532,12
normal,16827,normal_0505,35,2022-07-12 01:04:21.355,3.5,0,2,original,False,6.520846116397067,17.210779832851532,12
normal,16828,normal_0505,36,2022-07-12 01:04:21.455,3.6,0,2,original,False,3.6794284222978777,17.210779832851532,12
normal,16829,normal_0505,37,2022-07-12 01:04:21.555,3.7,0,2,original,False,4.419168372519476,17.210779832851532,12
normal,16830,normal_0505,38,2022-07-12 01:04:21.655,3.8,0,2,original,False,4.887573433661613,17.210779832851532,12
normal,16831,normal_0505,39,2022-07-12 01:04:21.755,3.9,0,2,original,False,4.143092992069713,17.210779832851532,12
normal,16832,normal_0505,40,2022-07-12 01:04:21.855,4.0,0,2,original,False,6.546694252673419,17.210779832851532,12
normal,16833,normal_0505,41,2022-07-12 01:04:21.955,4.1,0,2,original,False,7.312854452525589,17.210779832851532,12
normal,16834,normal_0505,42,2022-07-12 01:04:22.055,4.2,0,2,original,False,6.724028645707836,17.210779832851532,12
normal,16835,normal_0505,43,2022-07-12 01:04:22.155,4.3,0,2,original,False,6.039576896536726,17.210779832851532,12
normal,16836,normal_0505,44,2022-07-12 01:04:22.255,4.4,0,2,original,False,7.946470329895902,17.210779832851532,12
normal,16837,normal_0505,45,2022-07-12 01:04:22.355,4.5,0,2,original,False,7.556309879677631,17.210779832851532,12
normal,16838,normal_0505,46,2022-07-12 01:04:22.455,4.6,0,2,original,False,6.22953623595689,17.210779832851532,12
normal,16839,normal_0505,47,2022-07-12 01:04:22.555,4.7,0,2,original,False,4.452147227073055,17.210779832851532,12
normal,16840,normal_0505,48,2022-07-12 01:04:22.655,4.8,0,2,original,False,7.037931323931738,17.210779832851532,12
normal,16841,normal_0505,49,2022-07-12 01:04:22.755,4.9,0,2,original,False,8.00272820034625,17.210779832851532,12
normal,16842,normal_0506,0,2022-07-12 01:04:24.809,0.0,0,2,original,False,,17.210779832851532,3
normal,16843,normal_0506,1,2022-07-12 01:04:24.909,0.1,0,2,original,False,,17.210779832851532,6
normal,16844,normal_0506,2,2022-07-12 01:04:25.009,0.2,0,2,original,False,,17.210779832851532,9
normal,16845,normal_0506,3,2022-07-12 01:04:25.109,0.3,0,2,original,False,5.3942505055212004,17.210779832851532,12
normal,16846,normal_0506,4,2022-07-12 01:04:25.209,0.4,0,2,original,False,5.239939371785544,17.210779832851532,12
normal,16847,normal_0506,5,2022-07-12 01:04:25.309,0.5,0,2,original,False,6.454946545197248,17.210779832851532,12
normal,16848,normal_0506,6,2022-07-12 01:04:25.409,0.6,0,2,original,False,6.854656660659109,17.210779832851532,12
normal,16849,normal_0506,7,2022-07-12 01:04:25.509,0.7,0,2,original,False,8.467501508788828,17.210779832851532,12
normal,16850,normal_0506,8,2022-07-12 01:04:25.609,0.8,0,2,original,False,5.285544402452664,17.210779832851532,12
normal,16851,normal_0506,9,2022-07-12 01:04:25.709,0.9,0,2,original,False,6.529277450614394,17.210779832851532,12
normal,16852,normal_0506,10,2022-07-12 01:04:25.809,1.0,0,2,original,False,6.642897286361116,17.210779832851532,12
normal,16853,normal_0506,11,2022-07-12 01:04:25.909,1.1,0,2,original,False,5.4089597517484505,17.210779832851532,12
normal,16854,normal_0506,12,2022-07-12 01:04:26.009,1.2,0,2,original,False,6.294801732532216,17.210779832851532,12
normal,16855,normal_0506,13,2022-07-12 01:04:26.109,1.3,0,2,original,False,7.275192090393395,17.210779832851532,12
normal,16856,normal_0506,14,2022-07-12 01:04:26.209,1.4,0,2,original,False,6.984478273472156,17.210779832851532,12
normal,16857,normal_0506,15,2022-07-12 01:04:26.309,1.5,0,2,original,False,6.32954361021548,17.210779832851532,12
normal,16858,normal_0506,16,2022-07-12 01:04:26.409,1.6,0,2,original,False,6.522354803028572,17.210779832851532,12
normal,16859,normal_0506,17,2022-07-12 01:04:26.509,1.7,0,2,original,False,6.817146713745756,17.210779832851532,12
normal,16860,normal_0506,18,2022-07-12 01:04:26.609,1.8,0,2,original,False,6.282810009530554,17.210779832851532,12
normal,16861,normal_0506,19,2022-07-12 01:04:26.709,1.9,0,2,original,False,4.544274223608796,17.210779832851532,12
normal,16862,normal_0506,20,2022-07-12 01:04:26.809,2.0,0,2,original,False,5.007930329228547,17.210779832851532,12
normal,16863,normal_0506,21,2022-07-12 01:04:26.909,2.1,0,2,original,False,6.708504044517526,17.210779832851532,12
normal,16864,normal_0506,22,2022-07-12 01:04:27.009,2.2,0,2,original,False,4.6372842417358715,17.210779832851532,12
normal,16865,normal_0506,23,2022-07-12 01:04:27.109,2.3,0,2,original,False,7.369753527765973,17.210779832851532,12
normal,16866,normal_0506,24,2022-07-12 01:04:27.209,2.4,0,2,original,False,7.797537918583372,17.210779832851532,12
normal,16867,normal_0506,25,2022-07-12 01:04:27.309,2.5,0,2,original,False,6.217478528208055,17.210779832851532,12
normal,16868,normal_0506,26,2022-07-12 01:04:27.409,2.6,0,2,original,False,6.673804944262214,17.210779832851532,12
normal,16869,normal_0506,27,2022-07-12 01:04:27.509,2.7,0,2,original,False,6.075712820375103,17.210779832851532,12
normal,16870,normal_0506,28,2022-07-12 01:04:27.609,2.8,0,2,original,False,6.472041555467403,17.210779832851532,12
normal,16871,normal_0506,29,2022-07-12 01:04:27.709,2.9,0,2,original,False,6.052198405770719,17.210779832851532,12
normal,16872,normal_0506,30,2022-07-12 01:04:27.809,3.0,0,2,original,False,5.614585829164456,17.210779832851532,12
normal,16873,normal_0506,31,2022-07-12 01:04:27.909,3.1,0,2,original,False,5.749551712224519,17.210779832851532,12
normal,16874,normal_0506,32,2022-07-12 01:04:28.009,3.2,0,2,original,False,5.992356490052839,17.210779832851532,12
normal,16875,normal_0506,33,2022-07-12 01:04:28.109,3.3,0,2,original,False,3.817966717325805,17.210779832851532,12
normal,16876,normal_0506,34,2022-07-12 01:04:28.209,3.4,0,2,original,False,5.162153000727347,17.210779832851532,12
normal,16877,normal_0506,35,2022-07-12 01:04:28.309,3.5,0,2,original,False,4.824632893903242,17.210779832851532,12
normal,16878,normal_0506,36,2022-07-12 01:04:28.409,3.6,0,2,original,False,4.279442501619787,17.210779832851532,12
normal,16879,normal_0506,37,2022-07-12 01:04:28.509,3.7,0,2,original,False,4.304407763664005,17.210779832851532,12
normal,16880,normal_0506,38,2022-07-12 01:04:28.609,3.8,0,2,original,False,5.613196829710717,17.210779832851532,12
normal,16881,normal_0506,39,2022-07-12 01:04:28.709,3.9,0,2,original,False,4.420266657734398,17.210779832851532,12
normal,16882,normal_0506,40,2022-07-12 01:04:28.809,4.0,0,2,original,False,6.022706834653634,17.210779832851532,12
normal,16883,normal_0506,41,2022-07-12 01:04:28.909,4.1,0,2,original,False,6.858495218732099,17.210779832851532,12
normal,16884,normal_0506,42,2022-07-12 01:04:29.009,4.2,0,2,original,False,6.849847792329364,17.210779832851532,12
normal,16885,normal_0506,43,2022-07-12 01:04:29.109,4.3,0,2,original,False,7.000615434854964,17.210779832851532,12
normal,16886,normal_0506,44,2022-07-12 01:04:29.209,4.4,0,2,original,False,7.342343836515985,17.210779832851532,12
normal,16887,normal_0506,45,2022-07-12 01:04:29.309,4.5,0,2,original,False,7.905800669886336,17.210779832851532,12
normal,16888,normal_0506,46,2022-07-12 01:04:29.409,4.6,0,2,original,False,7.393099731058229,17.210779832851532,12
normal,16889,normal_0506,47,2022-07-12 01:04:29.509,4.7,0,2,original,False,5.841148328581561,17.210779832851532,12
normal,16890,normal_0506,48,2022-07-12 01:04:29.609,4.8,0,2,original,False,5.588458726332436,17.210779832851532,12
normal,16891,normal_0506,49,2022-07-12 01:04:29.709,4.9,0,2,original,False,5.433491245656785,17.210779832851532,12
normal,16892,normal_0507,0,2022-07-12 01:04:32.499,0.0,0,2,original,False,,17.210779832851532,3
normal,16893,normal_0507,1,2022-07-12 01:04:32.599,0.1,0,2,original,False,,17.210779832851532,6
normal,16894,normal_0507,2,2022-07-12 01:04:32.699,0.2,0,2,original,False,,17.210779832851532,9
normal,16895,normal_0507,3,2022-07-12 01:04:32.799,0.3,0,2,original,False,4.111218499960224,17.210779832851532,12
normal,16896,normal_0507,4,2022-07-12 01:04:32.899,0.4,0,2,original,False,3.944363745575315,17.210779832851532,12
normal,16897,normal_0507,5,2022-07-12 01:04:32.999,0.5,0,2,original,False,6.828325758995054,17.210779832851532,12
normal,16898,normal_0507,6,2022-07-12 01:04:33.099,0.6,0,2,original,False,6.385605321750704,17.210779832851532,12
normal,16899,normal_0507,7,2022-07-12 01:04:33.199,0.7,0,2,original,False,4.3406567506364855,17.210779832851532,12
normal,16900,normal_0507,8,2022-07-12 01:04:33.299,0.8,0,2,original,False,5.5242133648495555,17.210779832851532,12
normal,16901,normal_0507,9,2022-07-12 01:04:33.399,0.9,0,2,original,False,6.152799310266789,17.210779832851532,12
normal,16902,normal_0507,10,2022-07-12 01:04:33.499,1.0,0,2,original,False,6.868602071406213,17.210779832851532,12
normal,16903,normal_0507,11,2022-07-12 01:04:33.599,1.1,0,2,original,False,5.507380492609578,17.210779832851532,12
normal,16904,normal_0507,12,2022-07-12 01:04:33.699,1.2,0,2,original,False,6.117110265381467,17.210779832851532,12
normal,16905,normal_0507,13,2022-07-12 01:04:33.799,1.3,0,2,original,False,7.8309636321029545,17.210779832851532,12
normal,16906,normal_0507,14,2022-07-12 01:04:33.899,1.4,0,2,original,False,5.625836096187087,17.210779832851532,12
normal,16907,normal_0507,15,2022-07-12 01:04:33.999,1.5,0,2,original,False,5.979258438786192,17.210779832851532,12
normal,16908,normal_0507,16,2022-07-12 01:04:34.099,1.6,0,2,original,False,7.9689152836332875,17.210779832851532,12
normal,16909,normal_0507,17,2022-07-12 01:04:34.199,1.7,0,2,original,False,7.921086717465484,17.210779832851532,12
normal,16910,normal_0507,18,2022-07-12 01:04:34.299,1.8,0,2,original,False,6.6945446603591225,17.210779832851532,12
normal,16911,normal_0507,19,2022-07-12 01:04:34.399,1.9,0,2,original,False,8.159710741303494,17.210779832851532,12
normal,16912,normal_0507,20,2022-07-12 01:04:34.499,2.0,0,2,original,False,7.298632281331933,17.210779832851532,12
normal,16913,normal_0507,21,2022-07-12 01:04:34.599,2.1,0,2,original,False,6.222139551039994,17.210779832851532,12
normal,16914,normal_0507,22,2022-07-12 01:04:34.699,2.2,0,2,original,False,6.607981642812868,17.210779832851532,12
normal,16915,normal_0507,23,2022-07-12 01:04:34.799,2.3,0,2,original,False,6.343710621064804,17.210779832851532,12
normal,16916,normal_0507,24,2022-07-12 01:04:34.899,2.4,0,2,original,False,5.773905235354843,17.210779832851532,12
normal,16917,normal_0507,25,2022-07-12 01:04:34.999,2.5,0,2,original,False,4.428957895403115,17.210779832851532,12
normal,16918,normal_0507,26,2022-07-12 01:04:35.099,2.6,0,2,original,False,4.310855867861001,17.210779832851532,12
normal,16919,normal_0507,27,2022-07-12 01:04:35.199,2.7,0,2,original,False,6.046052249134975,17.210779832851532,12
normal,16920,normal_0507,28,2022-07-12 01:04:35.299,2.8,0,2,original,False,3.983207156377369,17.210779832851532,12
normal,16921,normal_0507,29,2022-07-12 01:04:35.399,2.9,0,2,original,False,3.8024026313167147,17.210779832851532,12
normal,16922,normal_0507,30,2022-07-12 01:04:35.499,3.0,0,2,original,False,5.452312144151304,17.210779832851532,12
normal,16923,normal_0507,31,2022-07-12 01:04:35.599,3.1,0,2,original,False,5.261225955292796,17.210779832851532,12
normal,16924,normal_0507,32,2022-07-12 01:04:35.699,3.2,0,2,original,False,4.654153773814128,17.210779832851532,12
normal,16925,normal_0507,33,2022-07-12 01:04:35.799,3.3,0,2,original,False,5.86446450152137,17.210779832851532,12
normal,16926,normal_0507,34,2022-07-12 01:04:35.899,3.4,0,2,original,False,5.906085970253011,17.210779832851532,12
normal,16927,normal_0507,35,2022-07-12 01:04:35.999,3.5,0,2,original,False,6.256184589771526,17.210779832851532,12
normal,16928,normal_0507,36,2022-07-12 01:04:36.099,3.6,0,2,original,False,3.879070402057704,17.210779832851532,12
normal,16929,normal_0507,37,2022-07-12 01:04:36.199,3.7,0,2,original,False,3.61935249796508,17.210779832851532,12
normal,16930,normal_0508,0,2022-07-12 01:04:40.439,0.0,0,2,original,False,,17.210779832851532,3
normal,16931,normal_0508,1,2022-07-12 01:04:40.539,0.1,0,2,original,False,,17.210779832851532,6
normal,16932,normal_0508,2,2022-07-12 01:04:40.639,0.2,0,2,original,False,,17.210779832851532,9
normal,16933,normal_0508,3,2022-07-12 01:04:40.739,0.3,0,2,original,False,3.947135722540984,17.210779832851532,12
normal,16934,normal_0508,4,2022-07-12 01:04:40.839,0.4,0,2,original,False,4.004567669530273,17.210779832851532,12
normal,16935,normal_0508,5,2022-07-12 01:04:40.939,0.5,0,2,original,False,3.9779560725473706,17.210779832851532,12
normal,16936,normal_0508,6,2022-07-12 01:04:41.039,0.6,0,2,original,False,4.19106249212106,17.210779832851532,12
normal,16937,normal_0508,7,2022-07-12 01:04:41.139,0.7,0,2,original,False,4.186758278411257,17.210779832851532,12
normal,16938,normal_0508,8,2022-07-12 01:04:41.239,0.8,0,2,original,False,5.843265517806505,17.210779832851532,12
normal,16939,normal_0508,9,2022-07-12 01:04:41.339,0.9,0,2,original,False,8.256426076019814,17.210779832851532,12
normal,16940,normal_0508,10,2022-07-12 01:04:41.439,1.0,0,2,original,False,5.885598105213344,17.210779832851532,12
normal,16941,normal_0508,11,2022-07-12 01:04:41.539,1.1,0,2,original,False,5.825720507555443,17.210779832851532,12
normal,16942,normal_0508,12,2022-07-12 01:04:41.639,1.2,0,2,original,False,6.739979094460421,17.210779832851532,12
normal,16943,normal_0508,13,2022-07-12 01:04:41.739,1.3,0,2,original,False,6.358436853568015,17.210779832851532,12
normal,16944,normal_0508,14,2022-07-12 01:04:41.839,1.4,0,2,original,False,4.97695264913795,17.210779832851532,12
normal,16945,normal_0508,15,2022-07-12 01:04:41.939,1.5,0,2,original,False,9.707098614755111,17.210779832851532,12
normal,16946,normal_0508,16,2022-07-12 01:04:42.039,1.6,0,2,original,False,8.516263344130952,17.210779832851532,12
normal,16947,normal_0508,17,2022-07-12 01:04:42.139,1.7,0,2,original,False,7.021760234164977,17.210779832851532,12
normal,16948,normal_0508,18,2022-07-12 01:04:42.239,1.8,0,2,original,False,6.700828810303979,17.210779832851532,12
normal,16949,normal_0508,19,2022-07-12 01:04:42.339,1.9,0,2,original,False,8.396255372737027,17.210779832851532,12
normal,16950,normal_0508,20,2022-07-12 01:04:42.439,2.0,0,2,original,False,7.713115973013208,17.210779832851532,12
normal,16951,normal_0508,21,2022-07-12 01:04:42.539,2.1,0,2,original,False,4.755181352187838,17.210779832851532,12
normal,16952,normal_0508,22,2022-07-12 01:04:42.639,2.2,0,2,original,False,5.024234235581839,17.210779832851532,12
normal,16953,normal_0508,23,2022-07-12 01:04:42.739,2.3,0,2,original,False,6.034118033830802,17.210779832851532,12
normal,16954,normal_0508,24,2022-07-12 01:04:42.839,2.4,0,2,original,False,6.433421381513874,17.210779832851532,12
normal,16955,normal_0508,25,2022-07-12 01:04:42.939,2.5,0,2,original,False,6.728974544656281,17.210779832851532,12
normal,16956,normal_0508,26,2022-07-12 01:04:43.039,2.6,0,2,original,False,7.55827268626294,17.210779832851532,12
normal,16957,normal_0509,0,2022-07-12 01:04:48.514,0.0,0,2,original,False,,17.210779832851532,3
normal,16958,normal_0509,1,2022-07-12 01:04:48.614,0.1,0,2,original,False,,17.210779832851532,6
normal,16959,normal_0509,2,2022-07-12 01:04:48.714,0.2,0,2,original,False,,17.210779832851532,9
normal,16960,normal_0509,3,2022-07-12 01:04:48.814,0.3,0,2,original,False,3.9896418540060625,17.210779832851532,12
normal,16961,normal_0509,4,2022-07-12 01:04:48.914,0.4,0,2,original,False,5.757863633443698,17.210779832851532,12
normal,16962,normal_0509,5,2022-07-12 01:04:49.014,0.5,0,2,original,False,5.334450580166795,17.210779832851532,12
normal,16963,normal_0509,6,2022-07-12 01:04:49.114,0.6,0,2,original,False,4.564431800319059,17.210779832851532,12
normal,16964,normal_0509,7,2022-07-12 01:04:49.214,0.7,0,2,original,False,5.450615109737174,17.210779832851532,12
normal,16965,normal_0509,8,2022-07-12 01:04:49.314,0.8,0,2,original,False,6.981816982599734,17.210779832851532,12
normal,16966,normal_0509,9,2022-07-12 01:04:49.414,0.9,0,2,original,False,5.6693108790761855,17.210779832851532,12
normal,16967,normal_0509,10,2022-07-12 01:04:49.514,1.0,0,2,original,False,8.071998896502047,17.210779832851532,12
normal,16968,normal_0509,11,2022-07-12 01:04:49.614,1.1,0,2,original,False,6.51978786661725,17.210779832851532,12
normal,16969,normal_0509,12,2022-07-12 01:04:49.714,1.2,0,2,original,False,7.326405300589441,17.210779832851532,12
normal,16970,normal_0510,0,2022-07-12 01:04:58.256,0.0,0,2,original,False,,17.210779832851532,3
normal,16971,normal_0510,1,2022-07-12 01:04:58.356,0.1,0,2,original,False,,17.210779832851532,6
normal,16972,normal_0510,2,2022-07-12 01:04:58.456,0.2,0,2,original,False,,17.210779832851532,9
normal,16973,normal_0510,3,2022-07-12 01:04:58.556,0.3,0,2,original,False,8.6131416801123,17.210779832851532,12
normal,16974,normal_0510,4,2022-07-12 01:04:58.656,0.4,0,2,original,False,7.185971121121282,17.210779832851532,12
normal,16975,normal_0510,5,2022-07-12 01:04:58.756,0.5,0,2,original,False,5.723622273191888,17.210779832851532,12
normal,16976,normal_0510,6,2022-07-12 01:04:58.856,0.6,0,2,original,False,6.312009893608013,17.210779832851532,12
normal,16977,normal_0510,7,2022-07-12 01:04:58.956,0.7,0,2,original,False,5.5306422807526205,17.210779832851532,12
normal,16978,normal_0510,8,2022-07-12 01:04:59.056,0.8,0,2,original,False,6.288589540125252,17.210779832851532,12
normal,16979,normal_0510,9,2022-07-12 01:04:59.156,0.9,0,2,original,False,5.0285166297390145,17.210779832851532,12
normal,16980,normal_0510,10,2022-07-12 01:04:59.256,1.0,0,2,original,False,4.66632879692793,17.210779832851532,12
normal,16981,normal_0510,11,2022-07-12 01:04:59.356,1.1,0,2,original,False,3.9859450367524762,17.210779832851532,12
normal,16982,normal_0510,12,2022-07-12 01:04:59.456,1.2,0,2,original,False,4.666389264155018,17.210779832851532,12
normal,16983,normal_0510,13,2022-07-12 01:04:59.556,1.3,0,2,original,False,5.118877270194657,17.210779832851532,12
normal,16984,normal_0510,14,2022-07-12 01:04:59.656,1.4,0,2,original,False,6.328789934913794,17.210779832851532,12
normal,16985,normal_0510,15,2022-07-12 01:04:59.756,1.5,0,2,original,False,5.018563769331664,17.210779832851532,12
normal,16986,normal_0510,16,2022-07-12 01:04:59.856,1.6,0,2,original,False,4.968430224245789,17.210779832851532,12
normal,16987,normal_0510,17,2022-07-12 01:04:59.956,1.7,0,2,original,False,4.52368985501304,17.210779832851532,12
normal,16988,normal_0510,18,2022-07-12 01:05:00.056,1.8,0,2,original,False,3.756074264712687,17.210779832851532,12
normal,16989,normal_0510,19,2022-07-12 01:05:00.156,1.9,0,2,original,False,4.175953846402878,17.210779832851532,12
normal,16990,normal_0510,20,2022-07-12 01:05:00.256,2.0,0,2,original,False,4.973381394043814,17.210779832851532,12
normal,16991,normal_0510,21,2022-07-12 01:05:00.356,2.1,0,2,original,False,4.21528930073969,17.210779832851532,12
normal,16992,normal_0510,22,2022-07-12 01:05:00.456,2.2,0,2,original,False,4.323215143465748,17.210779832851532,12
normal,16993,normal_0510,23,2022-07-12 01:05:00.556,2.3,0,2,original,False,4.470737700661281,17.210779832851532,12
normal,16994,normal_0510,24,2022-07-12 01:05:00.656,2.4,0,2,original,False,5.161749512618716,17.210779832851532,12
normal,16995,normal_0510,25,2022-07-12 01:05:00.756,2.5,0,2,original,False,4.7752149868250235,17.210779832851532,12
normal,16996,normal_0510,26,2022-07-12 01:05:00.856,2.6,0,2,original,False,4.119639339533576,17.210779832851532,12
normal,16997,normal_0510,27,2022-07-12 01:05:00.956,2.7,0,2,original,False,6.152757308134651,17.210779832851532,12
normal,16998,normal_0510,28,2022-07-12 01:05:01.056,2.8,0,2,original,False,6.926146161496196,17.210779832851532,12
normal,16999,normal_0510,29,2022-07-12 01:05:01.156,2.9,0,2,original,False,6.430072904055794,17.210779832851532,12
normal,17000,normal_0510,30,2022-07-12 01:05:01.256,3.0,0,2,original,False,7.340183891186152,17.210779832851532,12
normal,17001,normal_0510,31,2022-07-12 01:05:01.356,3.1,0,2,original,False,10.207166168505605,17.210779832851532,12
normal,17002,normal_0510,32,2022-07-12 01:05:01.456,3.2,0,2,original,False,7.59069973805318,17.210779832851532,12
normal,17003,normal_0510,33,2022-07-12 01:05:01.556,3.3,0,2,original,False,6.172140465848766,17.210779832851532,12
normal,17004,normal_0510,34,2022-07-12 01:05:01.656,3.4,0,2,original,False,6.049820795209986,17.210779832851532,12
normal,17005,normal_0510,35,2022-07-12 01:05:01.756,3.5,0,2,original,False,6.4443408796982355,17.210779832851532,12
normal,17006,normal_0510,36,2022-07-12 01:05:01.856,3.6,0,2,original,False,5.632271841590441,17.210779832851532,12
normal,17007,normal_0510,37,2022-07-12 01:05:01.956,3.7,0,2,original,False,8.141155739866985,17.210779832851532,12
normal,17008,normal_0510,38,2022-07-12 01:05:02.056,3.8,0,2,original,False,6.302675912149122,17.210779832851532,12
normal,17009,normal_0510,39,2022-07-12 01:05:02.156,3.9,0,2,original,False,6.74922031538211,17.210779832851532,12
normal,17010,normal_0510,40,2022-07-12 01:05:02.256,4.0,0,2,original,False,5.162674738948223,17.210779832851532,12
normal,17011,normal_0510,41,2022-07-12 01:05:02.356,4.1,0,2,original,False,8.611721408025502,17.210779832851532,12
normal,17012,normal_0510,42,2022-07-12 01:05:02.456,4.2,0,2,original,False,8.171651725347697,17.210779832851532,12
normal,17013,normal_0510,43,2022-07-12 01:05:02.556,4.3,0,2,original,False,5.136415298048115,17.210779832851532,12
normal,17014,normal_0510,44,2022-07-12 01:05:02.656,4.4,0,2,original,False,5.821018307368618,17.210779832851532,12
normal,17015,normal_0510,45,2022-07-12 01:05:02.756,4.5,0,2,original,False,7.35399563391679,17.210779832851532,12
normal,17016,normal_0510,46,2022-07-12 01:05:02.856,4.6,0,2,original,False,7.094142362766084,17.210779832851532,12
normal,17017,normal_0510,47,2022-07-12 01:05:02.956,4.7,0,2,original,False,6.426737219547663,17.210779832851532,12
normal,17018,normal_0510,48,2022-07-12 01:05:03.056,4.8,0,2,original,False,8.479148042952959,17.210779832851532,12
normal,17019,normal_0510,49,2022-07-12 01:05:03.156,4.9,0,2,original,False,7.898761651991313,17.210779832851532,12
normal,17020,normal_0511,0,2022-07-12 01:05:04.844,0.0,0,2,original,False,,17.210779832851532,3
normal,17021,normal_0511,1,2022-07-12 01:05:04.944,0.1,0,2,original,False,,17.210779832851532,6
normal,17022,normal_0511,2,2022-07-12 01:05:05.044,0.2,0,2,original,False,,17.210779832851532,9
normal,17023,normal_0511,3,2022-07-12 01:05:05.144,0.3,0,2,original,False,9.08174660890068,17.210779832851532,12
normal,17024,normal_0511,4,2022-07-12 01:05:05.244,0.4,0,2,original,False,9.657351254095127,17.210779832851532,12
normal,17025,normal_0511,5,2022-07-12 01:05:05.344,0.5,0,2,original,False,8.584204187217543,17.210779832851532,12
normal,17026,normal_0511,6,2022-07-12 01:05:05.444,0.6,0,2,original,False,10.875229007344224,17.210779832851532,12
normal,17027,normal_0511,7,2022-07-12 01:05:05.544,0.7,0,2,original,False,8.34153185791612,17.210779832851532,12
normal,17028,normal_0511,8,2022-07-12 01:05:05.644,0.8,0,2,original,False,9.171908230018495,17.210779832851532,12
normal,17029,normal_0511,9,2022-07-12 01:05:05.744,0.9,0,2,original,False,7.708773412319762,17.210779832851532,12
normal,17030,normal_0511,10,2022-07-12 01:05:05.844,1.0,0,2,original,False,9.274004238901332,17.210779832851532,12
normal,17031,normal_0511,11,2022-07-12 01:05:05.944,1.1,0,2,original,False,7.326498038645671,17.210779832851532,12
normal,17032,normal_0511,12,2022-07-12 01:05:06.044,1.2,0,2,original,False,6.66672699614055,17.210779832851532,12
normal,17033,normal_0511,13,2022-07-12 01:05:06.144,1.3,0,2,original,False,8.259300929914357,17.210779832851532,12
normal,17034,normal_0511,14,2022-07-12 01:05:06.244,1.4,0,2,original,False,8.24444829907337,17.210779832851532,12
normal,17035,normal_0511,15,2022-07-12 01:05:06.344,1.5,0,2,original,False,6.689134748251499,17.210779832851532,12
normal,17036,normal_0511,16,2022-07-12 01:05:06.444,1.6,0,2,original,False,6.810308605497708,17.210779832851532,12
normal,17037,normal_0511,17,2022-07-12 01:05:06.544,1.7,0,2,original,False,4.965433599644241,17.210779832851532,12
normal,17038,normal_0511,18,2022-07-12 01:05:06.644,1.8,0,2,original,False,5.258442581420878,17.210779832851532,12
normal,17039,normal_0511,19,2022-07-12 01:05:06.744,1.9,0,2,original,False,7.388354378497122,17.210779832851532,12
normal,17040,normal_0511,20,2022-07-12 01:05:06.844,2.0,0,2,original,False,6.620591833346916,17.210779832851532,12
normal,17041,normal_0511,21,2022-07-12 01:05:06.944,2.1,0,2,original,False,5.2210477758258556,17.210779832851532,12
normal,17042,normal_0511,22,2022-07-12 01:05:07.044,2.2,0,2,original,False,5.757308648423231,17.210779832851532,12
normal,17043,normal_0511,23,2022-07-12 01:05:07.144,2.3,0,2,original,False,5.901705862886909,17.210779832851532,12
normal,17044,normal_0511,24,2022-07-12 01:05:07.244,2.4,0,2,original,False,5.617957144284722,17.210779832851532,12
normal,17045,normal_0511,25,2022-07-12 01:05:07.344,2.5,0,2,original,False,5.339634389474122,17.210779832851532,12
normal,17046,normal_0511,26,2022-07-12 01:05:07.444,2.6,0,2,original,False,4.547008342942622,17.210779832851532,12
normal,17047,normal_0511,27,2022-07-12 01:05:07.544,2.7,0,2,original,False,5.347691940196702,17.210779832851532,12
normal,17048,normal_0511,28,2022-07-12 01:05:07.644,2.8,0,2,original,False,4.320154078859043,17.210779832851532,12
normal,17049,normal_0511,29,2022-07-12 01:05:07.744,2.9,0,2,original,False,4.896778894923177,17.210779832851532,12
normal,17050,normal_0511,30,2022-07-12 01:05:07.844,3.0,0,2,original,False,5.599394354168086,17.210779832851532,12
normal,17051,normal_0511,31,2022-07-12 01:05:07.944,3.1,0,2,original,False,5.226714550646978,17.210779832851532,12
normal,17052,normal_0511,32,2022-07-12 01:05:08.044,3.2,0,2,original,False,5.800503111456798,17.210779832851532,12
normal,17053,normal_0511,33,2022-07-12 01:05:08.144,3.3,0,2,original,False,6.269473526035888,17.210779832851532,12
normal,17054,normal_0511,34,2022-07-12 01:05:08.244,3.4,0,2,original,False,5.931831067108662,17.210779832851532,12
normal,17055,normal_0511,35,2022-07-12 01:05:08.344,3.5,0,2,original,False,6.750034293460211,17.210779832851532,12
normal,17056,normal_0511,36,2022-07-12 01:05:08.444,3.6,0,2,original,False,6.358532915080167,17.210779832851532,12
normal,17057,normal_0511,37,2022-07-12 01:05:08.544,3.7,0,2,original,False,4.825550010426603,17.210779832851532,12
normal,17058,normal_0511,38,2022-07-12 01:05:08.644,3.8,0,2,original,False,5.495209976553119,17.210779832851532,12
normal,17059,normal_0511,39,2022-07-12 01:05:08.744,3.9,0,2,original,False,6.266773680964062,17.210779832851532,12
normal,17060,normal_0511,40,2022-07-12 01:05:08.844,4.0,0,2,original,False,5.85593945109265,17.210779832851532,12
normal,17061,normal_0511,41,2022-07-12 01:05:08.944,4.1,0,2,original,False,6.08863505882461,17.210779832851532,12
normal,17062,normal_0511,42,2022-07-12 01:05:09.044,4.2,0,2,original,False,5.7884530697276935,17.210779832851532,12
normal,17063,normal_0511,43,2022-07-12 01:05:09.144,4.3,0,2,original,False,6.535089038412704,17.210779832851532,12
normal,17064,normal_0511,44,2022-07-12 01:05:09.244,4.4,0,2,original,False,6.00094724621743,17.210779832851532,12
normal,17065,normal_0511,45,2022-07-12 01:05:09.344,4.5,0,2,original,False,6.371144816825309,17.210779832851532,12
normal,17066,normal_0511,46,2022-07-12 01:05:09.444,4.6,0,2,original,False,6.463852717081009,17.210779832851532,12
normal,17067,normal_0511,47,2022-07-12 01:05:09.544,4.7,0,2,original,False,8.024630949446736,17.210779832851532,12
normal,17068,normal_0511,48,2022-07-12 01:05:09.644,4.8,0,2,original,False,7.293885163334638,17.210779832851532,12
normal,17069,normal_0511,49,2022-07-12 01:05:09.744,4.9,0,2,original,False,8.273060188682964,17.210779832851532,12
normal,17070,normal_0512,0,2022-07-12 01:05:12.740,0.0,0,2,original,False,,17.210779832851532,3
normal,17071,normal_0512,1,2022-07-12 01:05:12.840,0.1,0,2,original,False,,17.210779832851532,6
normal,17072,normal_0512,2,2022-07-12 01:05:12.940,0.2,0,2,original,False,,17.210779832851532,9
normal,17073,normal_0512,3,2022-07-12 01:05:13.040,0.3,0,2,original,False,4.237359685672281,17.210779832851532,12
normal,17074,normal_0512,4,2022-07-12 01:05:13.140,0.4,0,2,original,False,4.022488663898431,17.210779832851532,12
normal,17075,normal_0512,5,2022-07-12 01:05:13.240,0.5,0,2,original,False,3.4402906532430344,17.210779832851532,12
normal,17076,normal_0512,6,2022-07-12 01:05:13.340,0.6,0,2,original,False,3.8789013029720962,17.210779832851532,12
normal,17077,normal_0512,7,2022-07-12 01:05:13.440,0.7,0,2,original,False,4.8341657273942475,17.210779832851532,12
normal,17078,normal_0512,8,2022-07-12 01:05:13.540,0.8,0,2,original,False,4.3681893734056505,17.210779832851532,12
normal,17079,normal_0512,9,2022-07-12 01:05:13.640,0.9,0,2,original,False,4.83141652594174,17.210779832851532,12
normal,17080,normal_0512,10,2022-07-12 01:05:13.740,1.0,0,2,original,False,4.95604945033666,17.210779832851532,12
normal,17081,normal_0512,11,2022-07-12 01:05:13.840,1.1,0,2,original,False,3.98768088038532,17.210779832851532,12
normal,17082,normal_0512,12,2022-07-12 01:05:13.940,1.2,0,2,original,False,3.970832414245657,17.210779832851532,12
normal,17083,normal_0512,13,2022-07-12 01:05:14.040,1.3,0,2,original,False,4.186130165714477,17.210779832851532,12
normal,17084,normal_0512,14,2022-07-12 01:05:14.140,1.4,0,2,original,False,4.187045980221021,17.210779832851532,12
normal,17085,normal_0512,15,2022-07-12 01:05:14.240,1.5,0,2,original,False,4.067442917520926,17.210779832851532,12
normal,17086,normal_0512,16,2022-07-12 01:05:14.340,1.6,0,2,original,False,4.682953302369077,17.210779832851532,12
normal,17087,normal_0512,17,2022-07-12 01:05:14.440,1.7,0,2,original,False,3.6338524538680415,17.210779832851532,12
normal,17088,normal_0512,18,2022-07-12 01:05:14.540,1.8,0,2,original,False,5.251219033080803,17.210779832851532,12
normal,17089,normal_0512,19,2022-07-12 01:05:14.640,1.9,0,2,original,False,4.240264046119979,17.210779832851532,12
normal,17090,normal_0512,20,2022-07-12 01:05:14.740,2.0,0,2,original,False,4.1638863373039285,17.210779832851532,12
normal,17091,normal_0512,21,2022-07-12 01:05:14.840,2.1,0,2,original,False,4.671423113922839,17.210779832851532,12
normal,17092,normal_0512,22,2022-07-12 01:05:14.940,2.2,0,2,original,False,5.363102555886774,17.210779832851532,12
normal,17093,normal_0512,23,2022-07-12 01:05:15.040,2.3,0,2,original,False,7.105491339444633,17.210779832851532,12
normal,17094,normal_0512,24,2022-07-12 01:05:15.140,2.4,0,2,original,False,7.577789920471058,17.210779832851532,12
normal,17095,normal_0512,25,2022-07-12 01:05:15.240,2.5,0,2,original,False,7.654103310368531,17.210779832851532,12
normal,17096,normal_0512,26,2022-07-12 01:05:15.340,2.6,0,2,original,False,8.901643612120981,17.210779832851532,12
normal,17097,normal_0512,27,2022-07-12 01:05:15.440,2.7,0,2,original,False,7.803852713517668,17.210779832851532,12
normal,17098,normal_0512,28,2022-07-12 01:05:15.540,2.8,0,2,original,False,5.200440245902703,17.210779832851532,12
normal,17099,normal_0512,29,2022-07-12 01:05:15.640,2.9,0,2,original,False,4.380320623356663,17.210779832851532,12
normal,17100,normal_0512,30,2022-07-12 01:05:15.740,3.0,0,2,original,False,5.923602417957566,17.210779832851532,12
normal,17101,normal_0512,31,2022-07-12 01:05:15.840,3.1,0,2,original,False,5.630433933680476,17.210779832851532,12
normal,17102,normal_0512,32,2022-07-12 01:05:15.940,3.2,0,2,original,False,6.601631233832947,17.210779832851532,12
normal,17103,normal_0512,33,2022-07-12 01:05:16.040,3.3,0,2,original,False,4.587074816973072,17.210779832851532,12
normal,17104,normal_0512,34,2022-07-12 01:05:16.140,3.4,0,2,original,False,5.893817660579774,17.210779832851532,12
normal,17105,normal_0512,35,2022-07-12 01:05:16.240,3.5,0,2,original,False,6.467093907681128,17.210779832851532,12
normal,17106,normal_0512,36,2022-07-12 01:05:16.340,3.6,0,2,original,False,6.6247373802439595,17.210779832851532,12
normal,17107,normal_0512,37,2022-07-12 01:05:16.440,3.7,0,2,original,False,6.369378776694544,17.210779832851532,12
normal,17108,normal_0513,0,2022-07-12 01:05:20.820,0.0,0,2,original,False,,17.210779832851532,3
normal,17109,normal_0513,1,2022-07-12 01:05:20.920,0.1,0,2,original,False,,17.210779832851532,6
normal,17110,normal_0513,2,2022-07-12 01:05:21.020,0.2,0,2,original,False,,17.210779832851532,9
normal,17111,normal_0513,3,2022-07-12 01:05:21.120,0.3,0,2,original,False,8.01948510603608,17.210779832851532,12
normal,17112,normal_0513,4,2022-07-12 01:05:21.220,0.4,0,2,original,False,9.123744638848418,17.210779832851532,12
normal,17113,normal_0513,5,2022-07-12 01:05:21.320,0.5,0,2,original,False,9.047314834678767,17.210779832851532,12
normal,17114,normal_0513,6,2022-07-12 01:05:21.420,0.6,0,2,original,False,6.468778547368694,17.210779832851532,12
normal,17115,normal_0513,7,2022-07-12 01:05:21.520,0.7,0,2,original,False,6.901884096356647,17.210779832851532,12
normal,17116,normal_0513,8,2022-07-12 01:05:21.620,0.8,0,2,original,False,7.079773873153953,17.210779832851532,12
normal,17117,normal_0513,9,2022-07-12 01:05:21.720,0.9,0,2,original,False,5.606137140150436,17.210779832851532,12
normal,17118,normal_0513,10,2022-07-12 01:05:21.820,1.0,0,2,original,False,5.026013206894422,17.210779832851532,12
normal,17119,normal_0513,11,2022-07-12 01:05:21.920,1.1,0,2,original,False,8.834266023524279,17.210779832851532,12
normal,17120,normal_0513,12,2022-07-12 01:05:22.020,1.2,0,2,original,False,9.547856033355087,17.210779832851532,12
normal,17121,normal_0513,13,2022-07-12 01:05:22.120,1.3,0,2,original,False,6.749352830531632,17.210779832851532,12
normal,17122,normal_0513,14,2022-07-12 01:05:22.220,1.4,0,2,original,False,7.108779214338888,17.210779832851532,12
normal,17123,normal_0513,15,2022-07-12 01:05:22.320,1.5,0,2,original,False,7.352472450466822,17.210779832851532,12
normal,17124,normal_0513,16,2022-07-12 01:05:22.420,1.6,0,2,original,False,6.304067758812837,17.210779832851532,12
normal,17125,normal_0513,17,2022-07-12 01:05:22.520,1.7,0,2,original,False,6.461618847937629,17.210779832851532,12
normal,17126,normal_0513,18,2022-07-12 01:05:22.620,1.8,0,2,original,False,7.1504611079633,17.210779832851532,12
normal,17127,normal_0513,19,2022-07-12 01:05:22.720,1.9,0,2,original,False,5.585999999212183,17.210779832851532,12
normal,17128,normal_0513,20,2022-07-12 01:05:22.820,2.0,0,2,original,False,5.672910481887735,17.210779832851532,12
normal,17129,normal_0513,21,2022-07-12 01:05:22.920,2.1,0,2,original,False,4.89695241907734,17.210779832851532,12
normal,17130,normal_0513,22,2022-07-12 01:05:23.020,2.2,0,2,original,False,6.595561268572023,17.210779832851532,12
normal,17131,normal_0513,23,2022-07-12 01:05:23.120,2.3,0,2,original,False,5.708195719475639,17.210779832851532,12
normal,17132,normal_0513,24,2022-07-12 01:05:23.220,2.4,0,2,original,False,4.127837825530861,17.210779832851532,12
normal,17133,normal_0513,25,2022-07-12 01:05:23.320,2.5,0,2,original,False,4.735317437564729,17.210779832851532,12
normal,17134,normal_0514,0,2022-07-12 01:05:28.740,0.0,0,2,original,False,,17.210779832851532,3
normal,17135,normal_0514,1,2022-07-12 01:05:28.840,0.1,0,2,original,False,,17.210779832851532,6
normal,17136,normal_0514,2,2022-07-12 01:05:28.940,0.2,0,2,original,False,,17.210779832851532,9
normal,17137,normal_0514,3,2022-07-12 01:05:29.040,0.3,0,2,original,False,4.698981805625037,17.210779832851532,12
normal,17138,normal_0514,4,2022-07-12 01:05:29.140,0.4,0,2,original,False,5.599349083587799,17.210779832851532,12
normal,17139,normal_0514,5,2022-07-12 01:05:29.240,0.5,0,2,original,False,3.6560555440073563,17.210779832851532,12
normal,17140,normal_0514,6,2022-07-12 01:05:29.340,0.6,0,2,original,False,3.4599376144155913,17.210779832851532,12
normal,17141,normal_0514,7,2022-07-12 01:05:29.440,0.7,0,2,original,False,5.9968421127945435,17.210779832851532,12
normal,17142,normal_0514,8,2022-07-12 01:05:29.540,0.8,0,2,original,False,5.596409120400572,17.210779832851532,12
normal,17143,normal_0514,9,2022-07-12 01:05:29.640,0.9,0,2,original,False,5.384278798746013,17.210779832851532,12
normal,17144,normal_0514,10,2022-07-12 01:05:29.740,1.0,0,2,original,False,7.3827990790928135,17.210779832851532,12
normal,17145,normal_0514,11,2022-07-12 01:05:29.840,1.1,0,2,original,False,7.232221294449081,17.210779832851532,12
normal,17146,normal_0514,12,2022-07-12 01:05:29.940,1.2,0,2,original,False,7.885637145520753,17.210779832851532,12
normal,17147,normal_0515,0,2022-07-12 01:05:45.204,0.0,0,2,original,False,,17.210779832851532,3
normal,17148,normal_0515,1,2022-07-12 01:05:45.304,0.1,0,2,original,False,,17.210779832851532,6
normal,17149,normal_0515,2,2022-07-12 01:05:45.404,0.2,0,2,original,False,,17.210779832851532,9
normal,17150,normal_0515,3,2022-07-12 01:05:45.504,0.3,0,2,original,False,4.856383062929426,17.210779832851532,12
normal,17151,normal_0515,4,2022-07-12 01:05:45.604,0.4,0,2,original,False,5.565209873946622,17.210779832851532,12
normal,17152,normal_0515,5,2022-07-12 01:05:45.704,0.5,0,2,original,False,6.664520406946821,17.210779832851532,12
normal,17153,normal_0515,6,2022-07-12 01:05:45.804,0.6,0,2,original,False,5.8106326086479685,17.210779832851532,12
normal,17154,normal_0515,7,2022-07-12 01:05:45.904,0.7,0,2,original,False,5.697137512606417,17.210779832851532,12
normal,17155,normal_0515,8,2022-07-12 01:05:46.004,0.8,0,2,original,False,5.11428116166317,17.210779832851532,12
normal,17156,normal_0515,9,2022-07-12 01:05:46.104,0.9,0,2,original,False,6.403851826574129,17.210779832851532,12
normal,17157,normal_0515,10,2022-07-12 01:05:46.204,1.0,0,2,original,False,6.793598981871617,17.210779832851532,12
normal,17158,normal_0515,11,2022-07-12 01:05:46.304,1.1,0,2,original,False,5.351589720178033,17.210779832851532,12
normal,17159,normal_0515,12,2022-07-12 01:05:46.404,1.2,0,2,original,False,6.153920067939096,17.210779832851532,12
normal,17160,normal_0515,13,2022-07-12 01:05:46.504,1.3,0,2,original,False,5.463381157203984,17.210779832851532,12
normal,17161,normal_0515,14,2022-07-12 01:05:46.604,1.4,0,2,original,False,6.298139483982901,17.210779832851532,12
normal,17162,normal_0515,15,2022-07-12 01:05:46.704,1.5,0,2,original,False,6.396797903638705,17.210779832851532,12
normal,17163,normal_0515,16,2022-07-12 01:05:46.804,1.6,0,2,original,False,7.473893360573647,17.210779832851532,12
normal,17164,normal_0515,17,2022-07-12 01:05:46.904,1.7,0,2,original,False,7.534512227200918,17.210779832851532,12
normal,17165,normal_0515,18,2022-07-12 01:05:47.004,1.8,0,2,original,False,7.847660808940702,17.210779832851532,12
normal,17166,normal_0515,19,2022-07-12 01:05:47.104,1.9,0,2,original,False,4.270595843782397,17.210779832851532,12
normal,17167,normal_0515,20,2022-07-12 01:05:47.204,2.0,0,2,original,False,4.029531353073791,17.210779832851532,12
normal,17168,normal_0515,21,2022-07-12 01:05:47.304,2.1,0,2,original,False,5.489747890734546,17.210779832851532,12
normal,17169,normal_0515,22,2022-07-12 01:05:47.404,2.2,0,2,original,False,4.7259931952311796,17.210779832851532,12
normal,17170,normal_0515,23,2022-07-12 01:05:47.504,2.3,0,2,original,False,4.596429363820622,17.210779832851532,12
normal,17171,normal_0515,24,2022-07-12 01:05:47.604,2.4,0,2,original,False,4.845791529245133,17.210779832851532,12
normal,17172,normal_0515,25,2022-07-12 01:05:47.704,2.5,0,2,original,False,4.985803128867133,17.210779832851532,12
normal,17173,normal_0515,26,2022-07-12 01:05:47.804,2.6,0,2,original,False,5.650124512802485,17.210779832851532,12
normal,17174,normal_0515,27,2022-07-12 01:05:47.904,2.7,0,2,original,False,5.191605246744994,17.210779832851532,12
normal,17175,normal_0515,28,2022-07-12 01:05:48.004,2.8,0,2,original,False,4.950477719869475,17.210779832851532,12
normal,17176,normal_0515,29,2022-07-12 01:05:48.104,2.9,0,2,original,False,5.853830661471836,17.210779832851532,12
normal,17177,normal_0515,30,2022-07-12 01:05:48.204,3.0,0,2,original,False,5.491324396968446,17.210779832851532,12
normal,17178,normal_0515,31,2022-07-12 01:05:48.304,3.1,0,2,original,False,6.081087673588897,17.210779832851532,12
normal,17179,normal_0515,32,2022-07-12 01:05:48.404,3.2,0,2,original,False,7.172917438678161,17.210779832851532,12
normal,17180,normal_0515,33,2022-07-12 01:05:48.504,3.3,0,2,original,False,6.8283065473677045,17.210779832851532,12
normal,17181,normal_0515,34,2022-07-12 01:05:48.604,3.4,0,2,original,False,7.742632602956486,17.210779832851532,12
normal,17182,normal_0515,35,2022-07-12 01:05:48.704,3.5,0,2,original,False,7.090537458905922,17.210779832851532,12
normal,17183,normal_0515,36,2022-07-12 01:05:48.804,3.6,0,2,original,False,3.877821881192748,17.210779832851532,12
normal,17184,normal_0515,37,2022-07-12 01:05:48.904,3.7,0,2,original,False,4.261001992189905,17.210779832851532,12
normal,17185,normal_0515,38,2022-07-12 01:05:49.004,3.8,0,2,original,False,4.659523252173787,17.210779832851532,12
normal,17186,normal_0515,39,2022-07-12 01:05:49.104,3.9,0,2,original,False,4.244746475463599,17.210779832851532,12
normal,17187,normal_0515,40,2022-07-12 01:05:49.204,4.0,0,2,original,False,4.5732676914970956,17.210779832851532,12
normal,17188,normal_0515,41,2022-07-12 01:05:49.304,4.1,0,2,original,False,4.5642185518001614,17.210779832851532,12
normal,17189,normal_0515,42,2022-07-12 01:05:49.404,4.2,0,2,original,False,5.290203089169262,17.210779832851532,12
normal,17190,normal_0515,43,2022-07-12 01:05:49.504,4.3,0,2,original,False,5.397425737217442,17.210779832851532,12
normal,17191,normal_0515,44,2022-07-12 01:05:49.604,4.4,0,2,original,False,4.949208940367307,17.210779832851532,12
normal,17192,normal_0515,45,2022-07-12 01:05:49.704,4.5,0,2,original,False,4.173966463169638,17.210779832851532,12
normal,17193,normal_0515,46,2022-07-12 01:05:49.804,4.6,0,2,original,False,4.856523697185404,17.210779832851532,12
normal,17194,normal_0515,47,2022-07-12 01:05:49.904,4.7,0,2,original,False,4.882609151271751,17.210779832851532,12
normal,17195,normal_0515,48,2022-07-12 01:05:50.004,4.8,0,2,original,False,4.733635463693714,17.210779832851532,12
normal,17196,normal_0515,49,2022-07-12 01:05:50.104,4.9,0,2,original,False,5.138258025979716,17.210779832851532,12
normal,17197,normal_0516,0,2022-07-12 01:05:53.230,0.0,0,2,original,False,,17.210779832851532,3
normal,17198,normal_0516,1,2022-07-12 01:05:53.330,0.1,0,2,original,False,,17.210779832851532,6
normal,17199,normal_0516,2,2022-07-12 01:05:53.430,0.2,0,2,original,False,,17.210779832851532,9
normal,17200,normal_0516,3,2022-07-12 01:05:53.530,0.3,0,2,original,False,4.432402943254982,17.210779832851532,12
normal,17201,normal_0516,4,2022-07-12 01:05:53.630,0.4,0,2,original,False,4.493742058179236,17.210779832851532,12
normal,17202,normal_0516,5,2022-07-12 01:05:53.730,0.5,0,2,original,False,4.929776729612234,17.210779832851532,12
normal,17203,normal_0516,6,2022-07-12 01:05:53.830,0.6,0,2,original,False,5.25620609818701,17.210779832851532,12
normal,17204,normal_0516,7,2022-07-12 01:05:53.930,0.7,0,2,original,False,5.258351707225739,17.210779832851532,12
normal,17205,normal_0516,8,2022-07-12 01:05:54.030,0.8,0,2,original,False,4.613063234310695,17.210779832851532,12
normal,17206,normal_0516,9,2022-07-12 01:05:54.130,0.9,0,2,original,False,5.860991368478392,17.210779832851532,12
normal,17207,normal_0516,10,2022-07-12 01:05:54.230,1.0,0,2,original,False,5.344200821121415,17.210779832851532,12
normal,17208,normal_0516,11,2022-07-12 01:05:54.330,1.1,0,2,original,False,3.4172887367427616,17.210779832851532,12
normal,17209,normal_0516,12,2022-07-12 01:05:54.430,1.2,0,2,original,False,5.301416870546386,17.210779832851532,12
normal,17210,normal_0516,13,2022-07-12 01:05:54.530,1.3,0,2,original,False,4.914369272945894,17.210779832851532,12
normal,17211,normal_0516,14,2022-07-12 01:05:54.630,1.4,0,2,original,False,3.9928736437677887,17.210779832851532,12
normal,17212,normal_0516,15,2022-07-12 01:05:54.730,1.5,0,2,original,False,4.09886351102789,17.210779832851532,12
normal,17213,normal_0516,16,2022-07-12 01:05:54.830,1.6,0,2,original,False,4.441035208147451,17.210779832851532,12
normal,17214,normal_0516,17,2022-07-12 01:05:54.930,1.7,0,2,original,False,4.690121832576539,17.210779832851532,12
normal,17215,normal_0516,18,2022-07-12 01:05:55.030,1.8,0,2,original,False,5.421032694446356,17.210779832851532,12
normal,17216,normal_0516,19,2022-07-12 01:05:55.130,1.9,0,2,original,False,4.250061254990888,17.210779832851532,12
normal,17217,normal_0516,20,2022-07-12 01:05:55.230,2.0,0,2,original,False,5.425276520234251,17.210779832851532,12
normal,17218,normal_0516,21,2022-07-12 01:05:55.330,2.1,0,2,original,False,5.699097337064918,17.210779832851532,12
normal,17219,normal_0516,22,2022-07-12 01:05:55.430,2.2,0,2,original,False,5.3683346032580825,17.210779832851532,12
normal,17220,normal_0516,23,2022-07-12 01:05:55.530,2.3,0,2,original,False,6.925591347924548,17.210779832851532,12
normal,17221,normal_0516,24,2022-07-12 01:05:55.630,2.4,0,2,original,False,6.5597663467382255,17.210779832851532,12
normal,17222,normal_0516,25,2022-07-12 01:05:55.730,2.5,0,2,original,False,6.075815047049324,17.210779832851532,12
normal,17223,normal_0516,26,2022-07-12 01:05:55.830,2.6,0,2,original,False,5.964904484418407,17.210779832851532,12
normal,17224,normal_0516,27,2022-07-12 01:05:55.930,2.7,0,2,original,False,6.339885457059127,17.210779832851532,12
normal,17225,normal_0516,28,2022-07-12 01:05:56.030,2.8,0,2,original,False,5.251140569580775,17.210779832851532,12
normal,17226,normal_0516,29,2022-07-12 01:05:56.130,2.9,0,2,original,False,4.868194191188811,17.210779832851532,12
normal,17227,normal_0516,30,2022-07-12 01:05:56.230,3.0,0,2,original,False,5.474995959636369,17.210779832851532,12
normal,17228,normal_0516,31,2022-07-12 01:05:56.330,3.1,0,2,original,False,5.285440970466846,17.210779832851532,12
normal,17229,normal_0516,32,2022-07-12 01:05:56.430,3.2,0,2,original,False,4.98255782721751,17.210779832851532,12
normal,17230,normal_0516,33,2022-07-12 01:05:56.530,3.3,0,2,original,False,5.01658305703792,17.210779832851532,12
normal,17231,normal_0516,34,2022-07-12 01:05:56.630,3.4,0,2,original,False,9.290208738789202,17.210779832851532,12
normal,17232,normal_0516,35,2022-07-12 01:05:56.730,3.5,0,2,original,False,9.653152296272731,17.210779832851532,12
normal,17233,normal_0516,36,2022-07-12 01:05:56.830,3.6,0,2,original,False,6.90788238353716,17.210779832851532,12
normal,17234,normal_0516,37,2022-07-12 01:05:56.930,3.7,0,2,original,False,7.243689339542285,17.210779832851532,12
normal,17235,normal_0516,38,2022-07-12 01:05:57.030,3.8,0,2,original,False,8.887917090274337,17.210779832851532,12
normal,17236,normal_0516,39,2022-07-12 01:05:57.130,3.9,0,2,original,False,8.109195152356582,17.210779832851532,12
normal,17237,normal_0516,40,2022-07-12 01:05:57.230,4.0,0,2,original,False,7.291347864046722,17.210779832851532,12
normal,17238,normal_0516,41,2022-07-12 01:05:57.330,4.1,0,2,original,False,7.346820435237059,17.210779832851532,12
normal,17239,normal_0516,42,2022-07-12 01:05:57.430,4.2,0,2,original,False,7.895750156358515,17.210779832851532,12
normal,17240,normal_0516,43,2022-07-12 01:05:57.530,4.3,0,2,original,False,6.053502430468107,17.210779832851532,12
normal,17241,normal_0516,44,2022-07-12 01:05:57.630,4.4,0,2,original,False,5.415167145934535,17.210779832851532,12
normal,17242,normal_0516,45,2022-07-12 01:05:57.730,4.5,0,2,original,False,7.727567049460846,17.210779832851532,12
normal,17243,normal_0516,46,2022-07-12 01:05:57.830,4.6,0,2,original,False,7.721153830188231,17.210779832851532,12
normal,17244,normal_0516,47,2022-07-12 01:05:57.930,4.7,0,2,original,False,5.179786653171799,17.210779832851532,12
normal,17245,normal_0516,48,2022-07-12 01:05:58.030,4.8,0,2,original,False,5.901333102874317,17.210779832851532,12
normal,17246,normal_0516,49,2022-07-12 01:05:58.130,4.9,0,2,original,False,7.517084986293689,17.210779832851532,12
normal,17247,normal_0517,0,2022-07-12 01:06:01.096,0.0,0,2,original,False,,17.210779832851532,3
normal,17248,normal_0517,1,2022-07-12 01:06:01.196,0.1,0,2,original,False,,17.210779832851532,6
normal,17249,normal_0517,2,2022-07-12 01:06:01.296,0.2,0,2,original,False,,17.210779832851532,9
normal,17250,normal_0517,3,2022-07-12 01:06:01.396,0.3,0,2,original,False,4.781817558908571,17.210779832851532,12
normal,17251,normal_0517,4,2022-07-12 01:06:01.496,0.4,0,2,original,False,5.148653133437421,17.210779832851532,12
normal,17252,normal_0517,5,2022-07-12 01:06:01.596,0.5,0,2,original,False,4.4750579464999225,17.210779832851532,12
normal,17253,normal_0517,6,2022-07-12 01:06:01.696,0.6,0,2,original,False,5.472945228638618,17.210779832851532,12
normal,17254,normal_0517,7,2022-07-12 01:06:01.796,0.7,0,2,original,False,5.627710634031894,17.210779832851532,12
normal,17255,normal_0517,8,2022-07-12 01:06:01.896,0.8,0,2,original,False,5.21617566562759,17.210779832851532,12
normal,17256,normal_0517,9,2022-07-12 01:06:01.996,0.9,0,2,original,False,7.05482473969879,17.210779832851532,12
normal,17257,normal_0517,10,2022-07-12 01:06:02.096,1.0,0,2,original,False,4.5257934357409075,17.210779832851532,12
normal,17258,normal_0517,11,2022-07-12 01:06:02.196,1.1,0,2,original,False,4.46063435091062,17.210779832851532,12
normal,17259,normal_0517,12,2022-07-12 01:06:02.296,1.2,0,2,original,False,4.404887468784306,17.210779832851532,12
normal,17260,normal_0517,13,2022-07-12 01:06:02.396,1.3,0,2,original,False,5.7009014997677925,17.210779832851532,12
normal,17261,normal_0517,14,2022-07-12 01:06:02.496,1.4,0,2,original,False,5.584287893487808,17.210779832851532,12
normal,17262,normal_0517,15,2022-07-12 01:06:02.596,1.5,0,2,original,False,5.61988193643182,17.210779832851532,12
normal,17263,normal_0517,16,2022-07-12 01:06:02.696,1.6,0,2,original,False,4.5966950408775284,17.210779832851532,12
normal,17264,normal_0517,17,2022-07-12 01:06:02.796,1.7,0,2,original,False,6.443046419489461,17.210779832851532,12
normal,17265,normal_0517,18,2022-07-12 01:06:02.896,1.8,0,2,original,False,6.290857133065778,17.210779832851532,12
normal,17266,normal_0517,19,2022-07-12 01:06:02.996,1.9,0,2,original,False,4.567959985691406,17.210779832851532,12
normal,17267,normal_0517,20,2022-07-12 01:06:03.096,2.0,0,2,original,False,5.449338144137887,17.210779832851532,12
normal,17268,normal_0517,21,2022-07-12 01:06:03.196,2.1,0,2,original,False,4.733255686982158,17.210779832851532,12
normal,17269,normal_0517,22,2022-07-12 01:06:03.296,2.2,0,2,original,False,5.736539245950197,17.210779832851532,12
normal,17270,normal_0517,23,2022-07-12 01:06:03.396,2.3,0,2,original,False,6.281128278156493,17.210779832851532,12
normal,17271,normal_0517,24,2022-07-12 01:06:03.496,2.4,0,2,original,False,6.87714135701333,17.210779832851532,12
normal,17272,normal_0517,25,2022-07-12 01:06:03.596,2.5,0,2,original,False,7.260919628393334,17.210779832851532,12
normal,17273,normal_0517,26,2022-07-12 01:06:03.696,2.6,0,2,original,False,6.7768946361202085,17.210779832851532,12
normal,17274,normal_0517,27,2022-07-12 01:06:03.796,2.7,0,2,original,False,4.3837559981231315,17.210779832851532,12
normal,17275,normal_0517,28,2022-07-12 01:06:03.896,2.8,0,2,original,False,3.4598354313360247,17.210779832851532,12
normal,17276,normal_0517,29,2022-07-12 01:06:03.996,2.9,0,2,original,False,5.647523381600823,17.210779832851532,12
normal,17277,normal_0517,30,2022-07-12 01:06:04.096,3.0,0,2,original,False,4.656007704969697,17.210779832851532,12
normal,17278,normal_0517,31,2022-07-12 01:06:04.196,3.1,0,2,original,False,4.045962109534994,17.210779832851532,12
normal,17279,normal_0517,32,2022-07-12 01:06:04.296,3.2,0,2,original,False,4.062472474003944,17.210779832851532,12
normal,17280,normal_0517,33,2022-07-12 01:06:04.396,3.3,0,2,original,False,4.430269298668013,17.210779832851532,12
normal,17281,normal_0517,34,2022-07-12 01:06:04.496,3.4,0,2,original,False,6.032991958743717,17.210779832851532,12
normal,17282,normal_0517,35,2022-07-12 01:06:04.596,3.5,0,2,original,False,4.466043540817298,17.210779832851532,12
normal,17283,normal_0517,36,2022-07-12 01:06:04.696,3.6,0,2,original,False,4.905047226752477,17.210779832851532,12
normal,17284,normal_0517,37,2022-07-12 01:06:04.796,3.7,0,2,original,False,4.9278271898177515,17.210779832851532,12
normal,17285,normal_0517,38,2022-07-12 01:06:04.896,3.8,0,2,original,False,5.123635058245469,17.210779832851532,12
normal,17286,normal_0517,39,2022-07-12 01:06:04.996,3.9,0,2,original,False,5.4295748701368645,17.210779832851532,12
normal,17287,normal_0518,0,2022-07-12 01:06:09.221,0.0,0,2,original,False,,17.210779832851532,3
normal,17288,normal_0518,1,2022-07-12 01:06:09.321,0.1,0,2,original,False,,17.210779832851532,6
normal,17289,normal_0518,2,2022-07-12 01:06:09.421,0.2,0,2,original,False,,17.210779832851532,9
normal,17290,normal_0518,3,2022-07-12 01:06:09.521,0.3,0,2,original,False,6.387687378611783,17.210779832851532,12
normal,17291,normal_0518,4,2022-07-12 01:06:09.621,0.4,0,2,original,False,5.790759249377624,17.210779832851532,12
normal,17292,normal_0518,5,2022-07-12 01:06:09.721,0.5,0,2,original,False,4.626495986775511,17.210779832851532,12
normal,17293,normal_0518,6,2022-07-12 01:06:09.821,0.6,0,2,original,False,3.7597533876193996,17.210779832851532,12
normal,17294,normal_0518,7,2022-07-12 01:06:09.921,0.7,0,2,original,False,4.87281686156593,17.210779832851532,12
normal,17295,normal_0518,8,2022-07-12 01:06:10.021,0.8,0,2,original,False,4.257122496448509,17.210779832851532,12
normal,17296,normal_0518,9,2022-07-12 01:06:10.121,0.9,0,2,original,False,5.039300785926054,17.210779832851532,12
normal,17297,normal_0518,10,2022-07-12 01:06:10.221,1.0,0,2,original,False,4.228685309596626,17.210779832851532,12
normal,17298,normal_0518,11,2022-07-12 01:06:10.321,1.1,0,2,original,False,4.9736467775003765,17.210779832851532,12
normal,17299,normal_0518,12,2022-07-12 01:06:10.421,1.2,0,2,original,False,4.856442266939031,17.210779832851532,12
normal,17300,normal_0518,13,2022-07-12 01:06:10.521,1.3,0,2,original,False,3.6432633149469473,17.210779832851532,12
normal,17301,normal_0518,14,2022-07-12 01:06:10.621,1.4,0,2,original,False,4.881043308063917,17.210779832851532,12
normal,17302,normal_0518,15,2022-07-12 01:06:10.721,1.5,0,2,original,False,6.6044088078638605,17.210779832851532,12
normal,17303,normal_0518,16,2022-07-12 01:06:10.821,1.6,0,2,original,False,5.680311032072163,17.210779832851532,12
normal,17304,normal_0518,17,2022-07-12 01:06:10.921,1.7,0,2,original,False,4.746210041655061,17.210779832851532,12
normal,17305,normal_0518,18,2022-07-12 01:06:11.021,1.8,0,2,original,False,6.495282068275703,17.210779832851532,12
normal,17306,normal_0518,19,2022-07-12 01:06:11.121,1.9,0,2,original,False,5.720795796048775,17.210779832851532,12
normal,17307,normal_0518,20,2022-07-12 01:06:11.221,2.0,0,2,original,False,5.465057567094868,17.210779832851532,12
normal,17308,normal_0518,21,2022-07-12 01:06:11.321,2.1,0,2,original,False,5.218089249706267,17.210779832851532,12
normal,17309,normal_0518,22,2022-07-12 01:06:11.421,2.2,0,2,original,False,4.723681038190543,17.210779832851532,12
normal,17310,normal_0518,23,2022-07-12 01:06:11.521,2.3,0,2,original,False,4.56411841870511,17.210779832851532,12
normal,17311,normal_0518,24,2022-07-12 01:06:11.621,2.4,0,2,original,False,4.236607895953435,17.210779832851532,12
normal,17312,normal_0519,0,2022-07-12 01:06:17.179,0.0,0,2,original,False,,17.210779832851532,3
normal,17313,normal_0519,1,2022-07-12 01:06:17.279,0.1,0,2,original,False,,17.210779832851532,6
normal,17314,normal_0519,2,2022-07-12 01:06:17.379,0.2,0,2,original,False,,17.210779832851532,9
normal,17315,normal_0519,3,2022-07-12 01:06:17.479,0.3,0,2,original,False,7.602643054045739,17.210779832851532,12
normal,17316,normal_0519,4,2022-07-12 01:06:17.579,0.4,0,2,original,False,3.53971686236875,17.210779832851532,12
normal,17317,normal_0519,5,2022-07-12 01:06:17.679,0.5,0,2,original,False,3.7433228291573095,17.210779832851532,12
normal,17318,normal_0519,6,2022-07-12 01:06:17.779,0.6,0,2,original,False,5.752162434693146,17.210779832851532,12
normal,17319,normal_0519,7,2022-07-12 01:06:17.879,0.7,0,2,original,False,4.79648955799684,17.210779832851532,12
normal,17320,normal_0519,8,2022-07-12 01:06:17.979,0.8,0,2,original,False,4.9971391743638955,17.210779832851532,12
normal,17321,normal_0519,9,2022-07-12 01:06:18.079,0.9,0,2,original,False,6.605650580070782,17.210779832851532,12
normal,17322,normal_0519,10,2022-07-12 01:06:18.179,1.0,0,2,original,False,7.429971561690093,17.210779832851532,12
normal,17323,normal_0519,11,2022-07-12 01:06:18.279,1.1,0,2,original,False,6.734750582030658,17.210779832851532,12
normal,17324,normal_0519,12,2022-07-12 01:06:18.379,1.2,0,2,original,False,8.916704895522555,17.210779832851532,12
normal,17325,normal_0520,0,2022-07-12 01:06:26.758,0.0,0,2,original,False,,17.210779832851532,3
normal,17326,normal_0520,1,2022-07-12 01:06:26.858,0.1,0,2,original,False,,17.210779832851532,6
normal,17327,normal_0520,2,2022-07-12 01:06:26.958,0.2,0,2,original,False,,17.210779832851532,9
normal,17328,normal_0520,3,2022-07-12 01:06:27.058,0.3,0,2,original,False,5.249034841494354,17.210779832851532,12
normal,17329,normal_0520,4,2022-07-12 01:06:27.158,0.4,0,2,original,False,6.14813324992877,17.210779832851532,12
normal,17330,normal_0520,5,2022-07-12 01:06:27.258,0.5,0,2,original,False,5.55410997581613,17.210779832851532,12
normal,17331,normal_0520,6,2022-07-12 01:06:27.358,0.6,0,2,original,False,5.566915730658842,17.210779832851532,12
normal,17332,normal_0520,7,2022-07-12 01:06:27.458,0.7,0,2,original,False,6.703271790392567,17.210779832851532,12
normal,17333,normal_0520,8,2022-07-12 01:06:27.558,0.8,0,2,original,False,4.971641084045768,17.210779832851532,12
normal,17334,normal_0520,9,2022-07-12 01:06:27.658,0.9,0,2,original,False,4.880949646309654,17.210779832851532,12
normal,17335,normal_0520,10,2022-07-12 01:06:27.758,1.0,0,2,original,False,4.654557658995834,17.210779832851532,12
normal,17336,normal_0520,11,2022-07-12 01:06:27.858,1.1,0,2,original,False,4.4469308280989095,17.210779832851532,12
normal,17337,normal_0520,12,2022-07-12 01:06:27.958,1.2,0,2,original,False,5.6798741521926175,17.210779832851532,12
normal,17338,normal_0520,13,2022-07-12 01:06:28.058,1.3,0,2,original,False,5.336186481008435,17.210779832851532,12
normal,17339,normal_0520,14,2022-07-12 01:06:28.158,1.4,0,2,original,False,4.932356991208252,17.210779832851532,12
normal,17340,normal_0520,15,2022-07-12 01:06:28.258,1.5,0,2,original,False,5.394268443047082,17.210779832851532,12
normal,17341,normal_0520,16,2022-07-12 01:06:28.358,1.6,0,2,original,False,5.57268189342526,17.210779832851532,12
normal,17342,normal_0520,17,2022-07-12 01:06:28.458,1.7,0,2,original,False,5.66164438802566,17.210779832851532,12
normal,17343,normal_0520,18,2022-07-12 01:06:28.558,1.8,0,2,original,False,7.747533284834344,17.210779832851532,12
normal,17344,normal_0520,19,2022-07-12 01:06:28.658,1.9,0,2,original,False,7.106610070250634,17.210779832851532,12
normal,17345,normal_0520,20,2022-07-12 01:06:28.758,2.0,0,2,original,False,6.660714261887286,17.210779832851532,12
normal,17346,normal_0520,21,2022-07-12 01:06:28.858,2.1,0,2,original,False,7.491456179580362,17.210779832851532,12
normal,17347,normal_0520,22,2022-07-12 01:06:28.958,2.2,0,2,original,False,6.961691895128351,17.210779832851532,12
normal,17348,normal_0520,23,2022-07-12 01:06:29.058,2.3,0,2,original,False,8.292199049020857,17.210779832851532,12
normal,17349,normal_0520,24,2022-07-12 01:06:29.158,2.4,0,2,original,False,9.460916207086587,17.210779832851532,12
normal,17350,normal_0520,25,2022-07-12 01:06:29.258,2.5,0,2,original,False,10.872098765382923,17.210779832851532,12
normal,17351,normal_0520,26,2022-07-12 01:06:29.358,2.6,0,2,original,False,7.064657227218241,17.210779832851532,12
normal,17352,normal_0520,27,2022-07-12 01:06:29.458,2.7,0,2,original,False,6.610185109912926,17.210779832851532,12
normal,17353,normal_0520,28,2022-07-12 01:06:29.558,2.8,0,2,original,False,6.933891108850155,17.210779832851532,12
normal,17354,normal_0520,29,2022-07-12 01:06:29.658,2.9,0,2,original,False,8.881440529480136,17.210779832851532,12
normal,17355,normal_0520,30,2022-07-12 01:06:29.758,3.0,0,2,original,False,7.34184202221301,17.210779832851532,12
normal,17356,normal_0520,31,2022-07-12 01:06:29.858,3.1,0,2,original,False,6.523671135401403,17.210779832851532,12
normal,17357,normal_0520,32,2022-07-12 01:06:29.958,3.2,0,2,original,False,6.026971503815762,17.210779832851532,12
normal,17358,normal_0520,33,2022-07-12 01:06:30.058,3.3,0,2,original,False,7.480432811201914,17.210779832851532,12
normal,17359,normal_0520,34,2022-07-12 01:06:30.158,3.4,0,2,original,False,9.80758356833723,17.210779832851532,12
normal,17360,normal_0520,35,2022-07-12 01:06:30.258,3.5,0,2,original,False,8.904679156869767,17.210779832851532,12
normal,17361,normal_0520,36,2022-07-12 01:06:30.358,3.6,0,2,original,False,8.42532614189188,17.210779832851532,12
normal,17362,normal_0520,37,2022-07-12 01:06:30.458,3.7,0,2,original,False,9.441346402341566,17.210779832851532,12
normal,17363,normal_0520,38,2022-07-12 01:06:30.558,3.8,0,2,original,False,9.286174082107229,17.210779832851532,12
normal,17364,normal_0520,39,2022-07-12 01:06:30.658,3.9,0,2,original,False,6.569177436425878,17.210779832851532,12
normal,17365,normal_0520,40,2022-07-12 01:06:30.758,4.0,0,2,original,False,5.9648460172169395,17.210779832851532,12
normal,17366,normal_0520,41,2022-07-12 01:06:30.858,4.1,0,2,original,False,7.747095902379117,17.210779832851532,12
normal,17367,normal_0520,42,2022-07-12 01:06:30.958,4.2,0,2,original,False,6.3148111907457025,17.210779832851532,12
normal,17368,normal_0520,43,2022-07-12 01:06:31.058,4.3,0,2,original,False,5.557648740416392,17.210779832851532,12
normal,17369,normal_0520,44,2022-07-12 01:06:31.158,4.4,0,2,original,False,4.077782638911751,17.210779832851532,12
normal,17370,normal_0520,45,2022-07-12 01:06:31.258,4.5,0,2,original,False,7.178141037331738,17.210779832851532,12
normal,17371,normal_0520,46,2022-07-12 01:06:31.358,4.6,0,2,original,False,7.621200656845044,17.210779832851532,12
normal,17372,normal_0520,47,2022-07-12 01:06:31.458,4.7,0,2,original,False,5.5725795666811715,17.210779832851532,12
normal,17373,normal_0520,48,2022-07-12 01:06:31.558,4.8,0,2,original,False,5.384976707470754,17.210779832851532,12
normal,17374,normal_0520,49,2022-07-12 01:06:31.658,4.9,0,2,original,False,6.604230921234506,17.210779832851532,12
normal,17375,normal_0521,0,2022-07-12 01:06:33.408,0.0,0,2,original,False,,17.210779832851532,3
normal,17376,normal_0521,1,2022-07-12 01:06:33.508,0.1,0,2,original,False,,17.210779832851532,6
normal,17377,normal_0521,2,2022-07-12 01:06:33.608,0.2,0,2,original,False,,17.210779832851532,9
normal,17378,normal_0521,3,2022-07-12 01:06:33.708,0.3,0,2,original,False,5.034604784784697,17.210779832851532,12
normal,17379,normal_0521,4,2022-07-12 01:06:33.808,0.4,0,2,original,False,4.353046593981113,17.210779832851532,12
normal,17380,normal_0521,5,2022-07-12 01:06:33.908,0.5,0,2,original,False,4.33894778160924,17.210779832851532,12
normal,17381,normal_0521,6,2022-07-12 01:06:34.008,0.6,0,2,original,False,5.04279598116146,17.210779832851532,12
normal,17382,normal_0521,7,2022-07-12 01:06:34.108,0.7,0,2,original,False,5.149071805753748,17.210779832851532,12
normal,17383,normal_0521,8,2022-07-12 01:06:34.208,0.8,0,2,original,False,5.115483149685419,17.210779832851532,12
normal,17384,normal_0521,9,2022-07-12 01:06:34.308,0.9,0,2,original,False,5.713347917128663,17.210779832851532,12
normal,17385,normal_0521,10,2022-07-12 01:06:34.408,1.0,0,2,original,False,5.040241311210886,17.210779832851532,12
normal,17386,normal_0521,11,2022-07-12 01:06:34.508,1.1,0,2,original,False,5.633814257175425,17.210779832851532,12
normal,17387,normal_0521,12,2022-07-12 01:06:34.608,1.2,0,2,original,False,3.9569092055094703,17.210779832851532,12
normal,17388,normal_0521,13,2022-07-12 01:06:34.708,1.3,0,2,original,False,5.07138382826198,17.210779832851532,12
normal,17389,normal_0521,14,2022-07-12 01:06:34.808,1.4,0,2,original,False,5.270867518926944,17.210779832851532,12
normal,17390,normal_0521,15,2022-07-12 01:06:34.908,1.5,0,2,original,False,4.442933995939671,17.210779832851532,12
normal,17391,normal_0521,16,2022-07-12 01:06:35.008,1.6,0,2,original,False,5.844156923311324,17.210779832851532,12
normal,17392,normal_0521,17,2022-07-12 01:06:35.108,1.7,0,2,original,False,6.405850968546873,17.210779832851532,12
normal,17393,normal_0521,18,2022-07-12 01:06:35.208,1.8,0,2,original,False,3.814939272043149,17.210779832851532,12
normal,17394,normal_0521,19,2022-07-12 01:06:35.308,1.9,0,2,original,False,3.9069691907829567,17.210779832851532,12
normal,17395,normal_0521,20,2022-07-12 01:06:35.408,2.0,0,2,original,False,5.940051331022691,17.210779832851532,12
normal,17396,normal_0521,21,2022-07-12 01:06:35.508,2.1,0,2,original,False,5.320069945748386,17.210779832851532,12
normal,17397,normal_0521,22,2022-07-12 01:06:35.608,2.2,0,2,original,False,4.700498636840888,17.210779832851532,12
normal,17398,normal_0521,23,2022-07-12 01:06:35.708,2.3,0,2,original,False,4.640865368215502,17.210779832851532,12
normal,17399,normal_0521,24,2022-07-12 01:06:35.808,2.4,0,2,original,False,5.543969215605184,17.210779832851532,12
normal,17400,normal_0521,25,2022-07-12 01:06:35.908,2.5,0,2,original,False,5.888450113951628,17.210779832851532,12
normal,17401,normal_0521,26,2022-07-12 01:06:36.008,2.6,0,2,original,False,3.2491205081641055,17.210779832851532,12
normal,17402,normal_0521,27,2022-07-12 01:06:36.108,2.7,0,2,original,False,4.126972903736268,17.210779832851532,12
normal,17403,normal_0521,28,2022-07-12 01:06:36.208,2.8,0,2,original,False,4.762946934812834,17.210779832851532,12
normal,17404,normal_0521,29,2022-07-12 01:06:36.308,2.9,0,2,original,False,4.127417085170546,17.210779832851532,12
normal,17405,normal_0521,30,2022-07-12 01:06:36.408,3.0,0,2,original,False,3.5310790336346334,17.210779832851532,12
normal,17406,normal_0521,31,2022-07-12 01:06:36.508,3.1,0,2,original,False,5.644782377785087,17.210779832851532,12
normal,17407,normal_0521,32,2022-07-12 01:06:36.608,3.2,0,2,original,False,5.613016390945236,17.210779832851532,12
normal,17408,normal_0521,33,2022-07-12 01:06:36.708,3.3,0,2,original,False,5.866934880684235,17.210779832851532,12
normal,17409,normal_0521,34,2022-07-12 01:06:36.808,3.4,0,2,original,False,4.81927715614866,17.210779832851532,12
normal,17410,normal_0521,35,2022-07-12 01:06:36.908,3.5,0,2,original,False,5.147601335956034,17.210779832851532,12
normal,17411,normal_0521,36,2022-07-12 01:06:37.008,3.6,0,2,original,False,5.479024563176526,17.210779832851532,12
normal,17412,normal_0521,37,2022-07-12 01:06:37.108,3.7,0,2,original,False,4.944832330906341,17.210779832851532,12
normal,17413,normal_0521,38,2022-07-12 01:06:37.208,3.8,0,2,original,False,6.20997286457064,17.210779832851532,12
normal,17414,normal_0521,39,2022-07-12 01:06:37.308,3.9,0,2,original,False,6.7747825890092095,17.210779832851532,12
normal,17415,normal_0521,40,2022-07-12 01:06:37.408,4.0,0,2,original,False,5.160159637027886,17.210779832851532,12
normal,17416,normal_0521,41,2022-07-12 01:06:37.508,4.1,0,2,original,False,6.303583164574618,17.210779832851532,12
normal,17417,normal_0521,42,2022-07-12 01:06:37.608,4.2,0,2,original,False,7.683296731093549,17.210779832851532,12
normal,17418,normal_0521,43,2022-07-12 01:06:37.708,4.3,0,2,original,False,6.061139730481854,17.210779832851532,12
normal,17419,normal_0521,44,2022-07-12 01:06:37.808,4.4,0,2,original,False,4.659757623847529,17.210779832851532,12
normal,17420,normal_0521,45,2022-07-12 01:06:37.908,4.5,0,2,original,False,5.976665974310387,17.210779832851532,12
normal,17421,normal_0521,46,2022-07-12 01:06:38.008,4.6,0,2,original,False,5.9104678672290305,17.210779832851532,12
normal,17422,normal_0521,47,2022-07-12 01:06:38.108,4.7,0,2,original,False,5.2117404572469805,17.210779832851532,12
normal,17423,normal_0521,48,2022-07-12 01:06:38.208,4.8,0,2,original,False,6.109145872054173,17.210779832851532,12
normal,17424,normal_0521,49,2022-07-12 01:06:38.308,4.9,0,2,original,False,6.0747617605884505,17.210779832851532,12
normal,17425,normal_0522,0,2022-07-12 01:06:41.133,0.0,0,2,original,False,,17.210779832851532,3
normal,17426,normal_0522,1,2022-07-12 01:06:41.233,0.1,0,2,original,False,,17.210779832851532,6
normal,17427,normal_0522,2,2022-07-12 01:06:41.333,0.2,0,2,original,False,,17.210779832851532,9
normal,17428,normal_0522,3,2022-07-12 01:06:41.433,0.3,0,2,original,False,3.8722420332249587,17.210779832851532,12
normal,17429,normal_0522,4,2022-07-12 01:06:41.533,0.4,0,2,original,False,4.170240151842097,17.210779832851532,12
normal,17430,normal_0522,5,2022-07-12 01:06:41.633,0.5,0,2,original,False,6.7136557126216365,17.210779832851532,12
normal,17431,normal_0522,6,2022-07-12 01:06:41.733,0.6,0,2,original,False,7.307945854209733,17.210779832851532,12
normal,17432,normal_0522,7,2022-07-12 01:06:41.833,0.7,0,2,original,False,5.195588373489988,17.210779832851532,12
normal,17433,normal_0522,8,2022-07-12 01:06:41.933,0.8,0,2,original,False,7.864475310069329,17.210779832851532,12
normal,17434,normal_0522,9,2022-07-12 01:06:42.033,0.9,0,2,original,False,6.830901264974112,17.210779832851532,12
normal,17435,normal_0522,10,2022-07-12 01:06:42.133,1.0,0,2,original,False,5.994391139408258,17.210779832851532,12
normal,17436,normal_0522,11,2022-07-12 01:06:42.233,1.1,0,2,original,False,5.348847893970333,17.210779832851532,12
normal,17437,normal_0522,12,2022-07-12 01:06:42.333,1.2,0,2,original,False,6.909926788848631,17.210779832851532,12
normal,17438,normal_0522,13,2022-07-12 01:06:42.433,1.3,0,2,original,False,6.607522800064456,17.210779832851532,12
normal,17439,normal_0522,14,2022-07-12 01:06:42.533,1.4,0,2,original,False,6.219451057756287,17.210779832851532,12
normal,17440,normal_0522,15,2022-07-12 01:06:42.633,1.5,0,2,original,False,5.675082097953539,17.210779832851532,12
normal,17441,normal_0522,16,2022-07-12 01:06:42.733,1.6,0,2,original,False,6.724330024989659,17.210779832851532,12
normal,17442,normal_0522,17,2022-07-12 01:06:42.833,1.7,0,2,original,False,5.228115677692882,17.210779832851532,12
normal,17443,normal_0522,18,2022-07-12 01:06:42.933,1.8,0,2,original,False,4.3932502262619115,17.210779832851532,12
normal,17444,normal_0522,19,2022-07-12 01:06:43.033,1.9,0,2,original,False,4.685602714455936,17.210779832851532,12
normal,17445,normal_0522,20,2022-07-12 01:06:43.133,2.0,0,2,original,False,3.6321725562630185,17.210779832851532,12
normal,17446,normal_0522,21,2022-07-12 01:06:43.233,2.1,0,2,original,False,3.740256325973423,17.210779832851532,12
normal,17447,normal_0522,22,2022-07-12 01:06:43.333,2.2,0,2,original,False,5.209150136687514,17.210779832851532,12
normal,17448,normal_0522,23,2022-07-12 01:06:43.433,2.3,0,2,original,False,4.49662207993103,17.210779832851532,12
normal,17449,normal_0522,24,2022-07-12 01:06:43.533,2.4,0,2,original,False,5.0567464100920425,17.210779832851532,12
normal,17450,normal_0522,25,2022-07-12 01:06:43.633,2.5,0,2,original,False,5.147181555400624,17.210779832851532,12
normal,17451,normal_0522,26,2022-07-12 01:06:43.733,2.6,0,2,original,False,4.502816000550538,17.210779832851532,12
normal,17452,normal_0522,27,2022-07-12 01:06:43.833,2.7,0,2,original,False,4.693390830037049,17.210779832851532,12
normal,17453,normal_0522,28,2022-07-12 01:06:43.933,2.8,0,2,original,False,3.3412268917314156,17.210779832851532,12
normal,17454,normal_0522,29,2022-07-12 01:06:44.033,2.9,0,2,original,False,4.022556705938175,17.210779832851532,12
normal,17455,normal_0522,30,2022-07-12 01:06:44.133,3.0,0,2,original,False,4.290126765745969,17.210779832851532,12
normal,17456,normal_0522,31,2022-07-12 01:06:44.233,3.1,0,2,original,False,4.170923961013315,17.210779832851532,12
normal,17457,normal_0522,32,2022-07-12 01:06:44.333,3.2,0,2,original,False,3.4024560002799444,17.210779832851532,12
normal,17458,normal_0522,33,2022-07-12 01:06:44.433,3.3,0,2,original,False,4.859631332943106,17.210779832851532,12
normal,17459,normal_0522,34,2022-07-12 01:06:44.533,3.4,0,2,original,False,3.7617707180733535,17.210779832851532,12
normal,17460,normal_0522,35,2022-07-12 01:06:44.633,3.5,0,2,original,False,3.800095802794766,17.210779832851532,12
normal,17461,normal_0522,36,2022-07-12 01:06:44.733,3.6,0,2,original,False,4.186021257606066,17.210779832851532,12
normal,17462,normal_0522,37,2022-07-12 01:06:44.833,3.7,0,2,original,False,3.857704012880186,17.210779832851532,12
normal,17463,normal_0522,38,2022-07-12 01:06:44.933,3.8,0,2,original,False,4.428312027444794,17.210779832851532,12
normal,17464,normal_0523,0,2022-07-12 01:06:49.173,0.0,0,2,original,False,,17.210779832851532,3
normal,17465,normal_0523,1,2022-07-12 01:06:49.273,0.1,0,2,original,False,,17.210779832851532,6
normal,17466,normal_0523,2,2022-07-12 01:06:49.373,0.2,0,2,original,False,,17.210779832851532,9
normal,17467,normal_0523,3,2022-07-12 01:06:49.473,0.3,0,2,original,False,7.651570523236533,17.210779832851532,12
normal,17468,normal_0523,4,2022-07-12 01:06:49.573,0.4,0,2,original,False,7.395964727778035,17.210779832851532,12
normal,17469,normal_0523,5,2022-07-12 01:06:49.673,0.5,0,2,original,False,7.367481956353343,17.210779832851532,12
normal,17470,normal_0523,6,2022-07-12 01:06:49.773,0.6,0,2,original,False,8.121075988377582,17.210779832851532,12
normal,17471,normal_0523,7,2022-07-12 01:06:49.873,0.7,0,2,original,False,8.514029967477581,17.210779832851532,12
normal,17472,normal_0523,8,2022-07-12 01:06:49.973,0.8,0,2,original,False,8.167010535668913,17.210779832851532,12
normal,17473,normal_0523,9,2022-07-12 01:06:50.073,0.9,0,2,original,False,6.0261506381579375,17.210779832851532,12
normal,17474,normal_0523,10,2022-07-12 01:06:50.173,1.0,0,2,original,False,6.74553899034375,17.210779832851532,12
normal,17475,normal_0523,11,2022-07-12 01:06:50.273,1.1,0,2,original,False,8.500503016581025,17.210779832851532,12
normal,17476,normal_0523,12,2022-07-12 01:06:50.373,1.2,0,2,original,False,7.846408380831118,17.210779832851532,12
normal,17477,normal_0523,13,2022-07-12 01:06:50.473,1.3,0,2,original,False,5.456484620333306,17.210779832851532,12
normal,17478,normal_0523,14,2022-07-12 01:06:50.573,1.4,0,2,original,False,6.9845626984373785,17.210779832851532,12
normal,17479,normal_0523,15,2022-07-12 01:06:50.673,1.5,0,2,original,False,6.7135648505328005,17.210779832851532,12
normal,17480,normal_0523,16,2022-07-12 01:06:50.773,1.6,0,2,original,False,5.172315507252107,17.210779832851532,12
normal,17481,normal_0523,17,2022-07-12 01:06:50.873,1.7,0,2,original,False,5.883733065362144,17.210779832851532,12
normal,17482,normal_0523,18,2022-07-12 01:06:50.973,1.8,0,2,original,False,7.169660801448327,17.210779832851532,12
normal,17483,normal_0523,19,2022-07-12 01:06:51.073,1.9,0,2,original,False,5.739474082421955,17.210779832851532,12
normal,17484,normal_0523,20,2022-07-12 01:06:51.173,2.0,0,2,original,False,5.251627022281578,17.210779832851532,12
normal,17485,normal_0523,21,2022-07-12 01:06:51.273,2.1,0,2,original,False,4.7183274055008155,17.210779832851532,12
normal,17486,normal_0523,22,2022-07-12 01:06:51.373,2.2,0,2,original,False,5.893893798103252,17.210779832851532,12
normal,17487,normal_0523,23,2022-07-12 01:06:51.473,2.3,0,2,original,False,6.7231280152924375,17.210779832851532,12
normal,17488,normal_0523,24,2022-07-12 01:06:51.573,2.4,0,2,original,False,6.555437082405693,17.210779832851532,12
normal,17489,normal_0524,0,2022-07-12 01:06:57.151,0.0,0,2,original,False,,17.210779832851532,3
normal,17490,normal_0524,1,2022-07-12 01:06:57.251,0.1,0,2,original,False,,17.210779832851532,6
normal,17491,normal_0524,2,2022-07-12 01:06:57.351,0.2,0,2,original,False,,17.210779832851532,9
normal,17492,normal_0524,3,2022-07-12 01:06:57.451,0.3,0,2,original,False,5.596048519582938,17.210779832851532,12
normal,17493,normal_0524,4,2022-07-12 01:06:57.551,0.4,0,2,original,False,6.509675338725997,17.210779832851532,12
normal,17494,normal_0524,5,2022-07-12 01:06:57.651,0.5,0,2,original,False,7.108711758331094,17.210779832851532,12
normal,17495,normal_0524,6,2022-07-12 01:06:57.751,0.6,0,2,original,False,4.07473118955408,17.210779832851532,12
normal,17496,normal_0524,7,2022-07-12 01:06:57.851,0.7,0,2,original,False,4.856751081045807,17.210779832851532,12
normal,17497,normal_0524,8,2022-07-12 01:06:57.951,0.8,0,2,original,False,5.585680269901154,17.210779832851532,12
normal,17498,normal_0524,9,2022-07-12 01:06:58.051,0.9,0,2,original,False,4.865185355645965,17.210779832851532,12
normal,17499,normal_0524,10,2022-07-12 01:06:58.151,1.0,0,2,original,False,6.713098944244975,17.210779832851532,12
normal,17500,normal_0525,0,2022-07-12 01:07:07.819,0.0,0,2,original,False,,17.210779832851532,3
normal,17501,normal_0525,1,2022-07-12 01:07:07.919,0.1,0,2,original,False,,17.210779832851532,6
normal,17502,normal_0525,2,2022-07-12 01:07:08.019,0.2,0,2,original,False,,17.210779832851532,9
normal,17503,normal_0525,3,2022-07-12 01:07:08.119,0.3,0,2,original,False,4.600046759128995,17.210779832851532,12
normal,17504,normal_0525,4,2022-07-12 01:07:08.219,0.4,0,2,original,False,5.340932968425356,17.210779832851532,12
normal,17505,normal_0525,5,2022-07-12 01:07:08.319,0.5,0,2,original,False,4.893853193921811,17.210779832851532,12
normal,17506,normal_0525,6,2022-07-12 01:07:08.419,0.6,0,2,original,False,5.614783238401486,17.210779832851532,12
normal,17507,normal_0525,7,2022-07-12 01:07:08.519,0.7,0,2,original,False,6.274022412450307,17.210779832851532,12
normal,17508,normal_0525,8,2022-07-12 01:07:08.619,0.8,0,2,original,False,5.113241496890775,17.210779832851532,12
normal,17509,normal_0525,9,2022-07-12 01:07:08.719,0.9,0,2,original,False,5.018855633802904,17.210779832851532,12
normal,17510,normal_0525,10,2022-07-12 01:07:08.819,1.0,0,2,original,False,4.858374028919015,17.210779832851532,12
normal,17511,normal_0525,11,2022-07-12 01:07:08.919,1.1,0,2,original,False,5.7189099781632775,17.210779832851532,12
normal,17512,normal_0525,12,2022-07-12 01:07:09.019,1.2,0,2,original,False,5.796895638114505,17.210779832851532,12
normal,17513,normal_0525,13,2022-07-12 01:07:09.119,1.3,0,2,original,False,6.043957281306073,17.210779832851532,12
normal,17514,normal_0525,14,2022-07-12 01:07:09.219,1.4,0,2,original,False,6.623997203834124,17.210779832851532,12
normal,17515,normal_0525,15,2022-07-12 01:07:09.319,1.5,0,2,original,False,6.701601746791691,17.210779832851532,12
normal,17516,normal_0525,16,2022-07-12 01:07:09.419,1.6,0,2,original,False,4.6388231519109615,17.210779832851532,12
normal,17517,normal_0525,17,2022-07-12 01:07:09.519,1.7,0,2,original,False,4.7839669394092805,17.210779832851532,12
normal,17518,normal_0525,18,2022-07-12 01:07:09.619,1.8,0,2,original,False,5.444264559075297,17.210779832851532,12
normal,17519,normal_0525,19,2022-07-12 01:07:09.719,1.9,0,2,original,False,5.288926281601746,17.210779832851532,12
normal,17520,normal_0525,20,2022-07-12 01:07:09.819,2.0,0,2,original,False,4.386992211023515,17.210779832851532,12
normal,17521,normal_0525,21,2022-07-12 01:07:09.919,2.1,0,2,original,False,4.745559332430536,17.210779832851532,12
normal,17522,normal_0525,22,2022-07-12 01:07:10.019,2.2,0,2,original,False,3.744989302384011,17.210779832851532,12
normal,17523,normal_0525,23,2022-07-12 01:07:10.119,2.3,0,2,original,False,5.5040873797969105,17.210779832851532,12
normal,17524,normal_0525,24,2022-07-12 01:07:10.219,2.4,0,2,original,False,4.368483997818661,17.210779832851532,12
normal,17525,normal_0525,25,2022-07-12 01:07:10.319,2.5,0,2,original,False,3.806338140947342,17.210779832851532,12
normal,17526,normal_0525,26,2022-07-12 01:07:10.419,2.6,0,2,original,False,4.125291353399954,17.210779832851532,12
normal,17527,normal_0525,27,2022-07-12 01:07:10.519,2.7,0,2,original,False,5.3585237435985364,17.210779832851532,12
normal,17528,normal_0525,28,2022-07-12 01:07:10.619,2.8,0,2,original,False,5.768387586740286,17.210779832851532,12
normal,17529,normal_0525,29,2022-07-12 01:07:10.719,2.9,0,2,original,False,6.220881793864199,17.210779832851532,12
normal,17530,normal_0525,30,2022-07-12 01:07:10.819,3.0,0,2,original,False,6.199890667674073,17.210779832851532,12
normal,17531,normal_0525,31,2022-07-12 01:07:10.919,3.1,0,2,original,False,7.808083981356792,17.210779832851532,12
normal,17532,normal_0525,32,2022-07-12 01:07:11.019,3.2,0,2,original,False,7.100646162232865,17.210779832851532,12
normal,17533,normal_0525,33,2022-07-12 01:07:11.119,3.3,0,2,original,False,4.84320842617959,17.210779832851532,12
normal,17534,normal_0525,34,2022-07-12 01:07:11.219,3.4,0,2,original,False,3.7423826369660755,17.210779832851532,12
normal,17535,normal_0525,35,2022-07-12 01:07:11.319,3.5,0,2,original,False,5.081845112767604,17.210779832851532,12
normal,17536,normal_0525,36,2022-07-12 01:07:11.419,3.6,0,2,original,False,4.653607807942644,17.210779832851532,12
normal,17537,normal_0525,37,2022-07-12 01:07:11.519,3.7,0,2,original,False,5.72942711633692,17.210779832851532,12
normal,17538,normal_0525,38,2022-07-12 01:07:11.619,3.8,0,2,original,False,4.207912340976129,17.210779832851532,12
normal,17539,normal_0525,39,2022-07-12 01:07:11.719,3.9,0,2,original,False,4.40167077646945,17.210779832851532,12
normal,17540,normal_0525,40,2022-07-12 01:07:11.819,4.0,0,2,original,False,6.0116601159107494,17.210779832851532,12
normal,17541,normal_0525,41,2022-07-12 01:07:11.919,4.1,0,2,original,False,5.428428299035162,17.210779832851532,12
normal,17542,normal_0525,42,2022-07-12 01:07:12.019,4.2,0,2,original,False,5.07567246579437,17.210779832851532,12
normal,17543,normal_0525,43,2022-07-12 01:07:12.119,4.3,0,2,original,False,5.242317392478354,17.210779832851532,12
normal,17544,normal_0525,44,2022-07-12 01:07:12.219,4.4,0,2,original,False,4.632988373942532,17.210779832851532,12
normal,17545,normal_0525,45,2022-07-12 01:07:12.319,4.5,0,2,original,False,6.9090351725865915,17.210779832851532,12
normal,17546,normal_0525,46,2022-07-12 01:07:12.419,4.6,0,2,original,False,7.596856795599453,17.210779832851532,12
normal,17547,normal_0525,47,2022-07-12 01:07:12.519,4.7,0,2,original,False,5.883744138726607,17.210779832851532,12
normal,17548,normal_0525,48,2022-07-12 01:07:12.619,4.8,0,2,original,False,7.198069084345999,17.210779832851532,12
normal,17549,normal_0525,49,2022-07-12 01:07:12.719,4.9,0,2,original,False,5.94231742989153,17.210779832851532,12
normal,17550,normal_0526,0,2022-07-12 01:07:14.504,0.0,0,2,original,False,,17.210779832851532,3
normal,17551,normal_0526,1,2022-07-12 01:07:14.604,0.1,0,2,original,False,,17.210779832851532,6
normal,17552,normal_0526,2,2022-07-12 01:07:14.704,0.2,0,2,original,False,,17.210779832851532,9
normal,17553,normal_0526,3,2022-07-12 01:07:14.804,0.3,0,2,original,False,4.835910383357893,17.210779832851532,12
normal,17554,normal_0526,4,2022-07-12 01:07:14.904,0.4,0,2,original,False,7.283571657347345,17.210779832851532,12
normal,17555,normal_0526,5,2022-07-12 01:07:15.004,0.5,0,2,original,False,5.006952411453416,17.210779832851532,12
normal,17556,normal_0526,6,2022-07-12 01:07:15.104,0.6,0,2,original,False,4.777848698661517,17.210779832851532,12
normal,17557,normal_0526,7,2022-07-12 01:07:15.204,0.7,0,2,original,False,4.7811407677552324,17.210779832851532,12
normal,17558,normal_0526,8,2022-07-12 01:07:15.304,0.8,0,2,original,False,5.1989757032318495,17.210779832851532,12
normal,17559,normal_0526,9,2022-07-12 01:07:15.404,0.9,0,2,original,False,6.713230324961877,17.210779832851532,12
normal,17560,normal_0526,10,2022-07-12 01:07:15.504,1.0,0,2,original,False,6.903643029176557,17.210779832851532,12
normal,17561,normal_0526,11,2022-07-12 01:07:15.604,1.1,0,2,original,False,5.429974024002763,17.210779832851532,12
normal,17562,normal_0526,12,2022-07-12 01:07:15.704,1.2,0,2,original,False,6.052401145099991,17.210779832851532,12
normal,17563,normal_0526,13,2022-07-12 01:07:15.804,1.3,0,2,original,False,5.285338548553314,17.210779832851532,12
normal,17564,normal_0526,14,2022-07-12 01:07:15.904,1.4,0,2,original,False,6.92802057384204,17.210779832851532,12
normal,17565,normal_0526,15,2022-07-12 01:07:16.004,1.5,0,2,original,False,5.6517170693067955,17.210779832851532,12
normal,17566,normal_0526,16,2022-07-12 01:07:16.104,1.6,0,2,original,False,5.292410540790578,17.210779832851532,12
normal,17567,normal_0526,17,2022-07-12 01:07:16.204,1.7,0,2,original,False,4.9516049565300655,17.210779832851532,12
normal,17568,normal_0526,18,2022-07-12 01:07:16.304,1.8,0,2,original,False,6.310279834904662,17.210779832851532,12
normal,17569,normal_0526,19,2022-07-12 01:07:16.404,1.9,0,2,original,False,6.34715905639407,17.210779832851532,12
normal,17570,normal_0526,20,2022-07-12 01:07:16.504,2.0,0,2,original,False,7.66208276453158,17.210779832851532,12
normal,17571,normal_0526,21,2022-07-12 01:07:16.604,2.1,0,2,original,False,7.85444855659423,17.210779832851532,12
normal,17572,normal_0526,22,2022-07-12 01:07:16.704,2.2,0,2,original,False,7.189365098196378,17.210779832851532,12
normal,17573,normal_0526,23,2022-07-12 01:07:16.804,2.3,0,2,original,False,6.616886797380002,17.210779832851532,12
normal,17574,normal_0526,24,2022-07-12 01:07:16.904,2.4,0,2,original,False,5.008275080946824,17.210779832851532,12
normal,17575,normal_0526,25,2022-07-12 01:07:17.004,2.5,0,2,original,False,6.540325733591894,17.210779832851532,12
normal,17576,normal_0526,26,2022-07-12 01:07:17.104,2.6,0,2,original,False,7.63475488860817,17.210779832851532,12
normal,17577,normal_0526,27,2022-07-12 01:07:17.204,2.7,0,2,original,False,6.035762479016304,17.210779832851532,12
normal,17578,normal_0526,28,2022-07-12 01:07:17.304,2.8,0,2,original,False,5.206864546021807,17.210779832851532,12
normal,17579,normal_0526,29,2022-07-12 01:07:17.404,2.9,0,2,original,False,5.7816939924119275,17.210779832851532,12
normal,17580,normal_0526,30,2022-07-12 01:07:17.504,3.0,0,2,original,False,4.893746047208606,17.210779832851532,12
normal,17581,normal_0526,31,2022-07-12 01:07:17.604,3.1,0,2,original,False,5.80704491684109,17.210779832851532,12
normal,17582,normal_0526,32,2022-07-12 01:07:17.704,3.2,0,2,original,False,5.2949287244506085,17.210779832851532,12
normal,17583,normal_0526,33,2022-07-12 01:07:17.804,3.3,0,2,original,False,4.77602621859819,17.210779832851532,12
normal,17584,normal_0526,34,2022-07-12 01:07:17.904,3.4,0,2,original,False,4.919023857552524,17.210779832851532,12
normal,17585,normal_0526,35,2022-07-12 01:07:18.004,3.5,0,2,original,False,4.529826891700924,17.210779832851532,12
normal,17586,normal_0526,36,2022-07-12 01:07:18.104,3.6,0,2,original,False,4.995283396395844,17.210779832851532,12
normal,17587,normal_0526,37,2022-07-12 01:07:18.204,3.7,0,2,original,False,6.1460523879653834,17.210779832851532,12
normal,17588,normal_0526,38,2022-07-12 01:07:18.304,3.8,0,2,original,False,4.175768818771668,17.210779832851532,12
normal,17589,normal_0526,39,2022-07-12 01:07:18.404,3.9,0,2,original,False,3.523434759750022,17.210779832851532,12
normal,17590,normal_0526,40,2022-07-12 01:07:18.504,4.0,0,2,original,False,3.788771347584895,17.210779832851532,12
normal,17591,normal_0526,41,2022-07-12 01:07:18.604,4.1,0,2,original,False,3.7296865462683275,17.210779832851532,12
normal,17592,normal_0526,42,2022-07-12 01:07:18.704,4.2,0,2,original,False,3.830738392742769,17.210779832851532,12
normal,17593,normal_0526,43,2022-07-12 01:07:18.804,4.3,0,2,original,False,5.424605933119867,17.210779832851532,12
normal,17594,normal_0526,44,2022-07-12 01:07:18.904,4.4,0,2,original,False,4.568296958561559,17.210779832851532,12
normal,17595,normal_0526,45,2022-07-12 01:07:19.004,4.5,0,2,original,False,5.783537042188168,17.210779832851532,12
normal,17596,normal_0526,46,2022-07-12 01:07:19.104,4.6,0,2,original,False,5.264283623691843,17.210779832851532,12
normal,17597,normal_0526,47,2022-07-12 01:07:19.204,4.7,0,2,original,False,6.383488239595189,17.210779832851532,12
normal,17598,normal_0526,48,2022-07-12 01:07:19.304,4.8,0,2,original,False,6.500857757395136,17.210779832851532,12
normal,17599,normal_0526,49,2022-07-12 01:07:19.404,4.9,0,2,original,False,4.537134951270557,17.210779832851532,12
normal,17600,normal_0527,0,2022-07-12 01:07:21.267,0.0,0,2,original,False,,17.210779832851532,3
normal,17601,normal_0527,1,2022-07-12 01:07:21.367,0.1,0,2,original,False,,17.210779832851532,6
normal,17602,normal_0527,2,2022-07-12 01:07:21.467,0.2,0,2,original,False,,17.210779832851532,9
normal,17603,normal_0527,3,2022-07-12 01:07:21.567,0.3,0,2,original,False,6.863535689627412,17.210779832851532,12
normal,17604,normal_0527,4,2022-07-12 01:07:21.667,0.4,0,2,original,False,8.79430854516417,17.210779832851532,12
normal,17605,normal_0527,5,2022-07-12 01:07:21.767,0.5,0,2,original,False,8.350442234393507,17.210779832851532,12
normal,17606,normal_0527,6,2022-07-12 01:07:21.867,0.6,0,2,original,False,9.043094465734201,17.210779832851532,12
normal,17607,normal_0527,7,2022-07-12 01:07:21.967,0.7,0,2,original,False,10.980874726422341,17.210779832851532,12
normal,17608,normal_0527,8,2022-07-12 01:07:22.067,0.8,0,2,original,False,11.996652103469456,17.210779832851532,12
normal,17609,normal_0527,9,2022-07-12 01:07:22.167,0.9,0,2,original,False,7.055181327015028,17.210779832851532,12
normal,17610,normal_0527,10,2022-07-12 01:07:22.267,1.0,0,2,original,False,8.151346879209791,17.210779832851532,12
normal,17611,normal_0527,11,2022-07-12 01:07:22.367,1.1,0,2,original,False,12.394870557093117,17.210779832851532,12
normal,17612,normal_0527,12,2022-07-12 01:07:22.467,1.2,0,2,original,False,10.71692142833095,17.210779832851532,12
normal,17613,normal_0527,13,2022-07-12 01:07:22.567,1.3,0,2,original,False,7.128680828410156,17.210779832851532,12
normal,17614,normal_0527,14,2022-07-12 01:07:22.667,1.4,0,2,original,False,8.073272487079926,17.210779832851532,12
normal,17615,normal_0527,15,2022-07-12 01:07:22.767,1.5,0,2,original,False,9.318172963062299,17.210779832851532,12
normal,17616,normal_0527,16,2022-07-12 01:07:22.867,1.6,0,2,original,False,7.496270615906332,17.210779832851532,12
normal,17617,normal_0527,17,2022-07-12 01:07:22.967,1.7,0,2,original,False,7.996701683811161,17.210779832851532,12
normal,17618,normal_0527,18,2022-07-12 01:07:23.067,1.8,0,2,original,False,6.893705034803168,17.210779832851532,12
normal,17619,normal_0527,19,2022-07-12 01:07:23.167,1.9,0,2,original,False,6.241473437078329,17.210779832851532,12
normal,17620,normal_0527,20,2022-07-12 01:07:23.267,2.0,0,2,original,False,6.0108619601175155,17.210779832851532,12
normal,17621,normal_0527,21,2022-07-12 01:07:23.367,2.1,0,2,original,False,6.271975571322898,17.210779832851532,12
normal,17622,normal_0527,22,2022-07-12 01:07:23.467,2.2,0,2,original,False,6.430653419838688,17.210779832851532,12
normal,17623,normal_0527,23,2022-07-12 01:07:23.567,2.3,0,2,original,False,5.775181679945051,17.210779832851532,12
normal,17624,normal_0527,24,2022-07-12 01:07:23.667,2.4,0,2,original,False,5.517035836130357,17.210779832851532,12
normal,17625,normal_0527,25,2022-07-12 01:07:23.767,2.5,0,2,original,False,6.36195916339645,17.210779832851532,12
normal,17626,normal_0527,26,2022-07-12 01:07:23.867,2.6,0,2,original,False,4.890711109870886,17.210779832851532,12
normal,17627,normal_0527,27,2022-07-12 01:07:23.967,2.7,0,2,original,False,3.509561173733375,17.210779832851532,12
normal,17628,normal_0527,28,2022-07-12 01:07:24.067,2.8,0,2,original,False,4.848635064497029,17.210779832851532,12
normal,17629,normal_0527,29,2022-07-12 01:07:24.167,2.9,0,2,original,False,4.323824525350828,17.210779832851532,12
normal,17630,normal_0527,30,2022-07-12 01:07:24.267,3.0,0,2,original,False,4.483216212108622,17.210779832851532,12
normal,17631,normal_0527,31,2022-07-12 01:07:24.367,3.1,0,2,original,False,4.34120920101065,17.210779832851532,12
normal,17632,normal_0527,32,2022-07-12 01:07:24.467,3.2,0,2,original,False,4.6901896070992795,17.210779832851532,12
normal,17633,normal_0527,33,2022-07-12 01:07:24.567,3.3,0,2,original,False,5.340013173219558,17.210779832851532,12
normal,17634,normal_0527,34,2022-07-12 01:07:24.667,3.4,0,2,original,False,4.410172886720923,17.210779832851532,12
normal,17635,normal_0527,35,2022-07-12 01:07:24.767,3.5,0,2,original,False,4.7472126806425585,17.210779832851532,12
normal,17636,normal_0527,36,2022-07-12 01:07:24.867,3.6,0,2,original,False,7.3771987343430325,17.210779832851532,12
normal,17637,normal_0527,37,2022-07-12 01:07:24.967,3.7,0,2,original,False,6.604261896234888,17.210779832851532,12
normal,17638,normal_0527,38,2022-07-12 01:07:25.067,3.8,0,2,original,False,6.227688950064413,17.210779832851532,12
normal,17639,normal_0527,39,2022-07-12 01:07:25.167,3.9,0,2,original,False,8.367178876560532,17.210779832851532,12
normal,17640,normal_0527,40,2022-07-12 01:07:25.267,4.0,0,2,original,False,7.580118399445667,17.210779832851532,12
normal,17641,normal_0527,41,2022-07-12 01:07:25.367,4.1,0,2,original,False,7.174745040546826,17.210779832851532,12
normal,17642,normal_0527,42,2022-07-12 01:07:25.467,4.2,0,2,original,False,5.941761383491611,17.210779832851532,12
normal,17643,normal_0527,43,2022-07-12 01:07:25.567,4.3,0,2,original,False,4.678095075901221,17.210779832851532,12
normal,17644,normal_0527,44,2022-07-12 01:07:25.667,4.4,0,2,original,False,5.573397871032302,17.210779832851532,12
normal,17645,normal_0527,45,2022-07-12 01:07:25.767,4.5,0,2,original,False,4.742159507914968,17.210779832851532,12
normal,17646,normal_0527,46,2022-07-12 01:07:25.867,4.6,0,2,original,False,4.886592088600375,17.210779832851532,12
normal,17647,normal_0527,47,2022-07-12 01:07:25.967,4.7,0,2,original,False,5.4210025687033285,17.210779832851532,12
normal,17648,normal_0527,48,2022-07-12 01:07:26.067,4.8,0,2,original,False,5.85966723300414,17.210779832851532,12
normal,17649,normal_0528,0,2022-07-12 01:07:29.260,0.0,0,2,original,False,,17.210779832851532,3
normal,17650,normal_0528,1,2022-07-12 01:07:29.360,0.1,0,2,original,False,,17.210779832851532,6
normal,17651,normal_0528,2,2022-07-12 01:07:29.460,0.2,0,2,original,False,,17.210779832851532,9
normal,17652,normal_0528,3,2022-07-12 01:07:29.560,0.3,0,2,original,False,7.217475963584557,17.210779832851532,12
normal,17653,normal_0528,4,2022-07-12 01:07:29.660,0.4,0,2,original,False,5.184362375699391,17.210779832851532,12
normal,17654,normal_0528,5,2022-07-12 01:07:29.760,0.5,0,2,original,False,5.793666646710062,17.210779832851532,12
normal,17655,normal_0528,6,2022-07-12 01:07:29.860,0.6,0,2,original,False,6.772100938031765,17.210779832851532,12
normal,17656,normal_0528,7,2022-07-12 01:07:29.960,0.7,0,2,original,False,6.5632074888698035,17.210779832851532,12
normal,17657,normal_0528,8,2022-07-12 01:07:30.060,0.8,0,2,original,False,8.147789971727612,17.210779832851532,12
normal,17658,normal_0528,9,2022-07-12 01:07:30.160,0.9,0,2,original,False,8.978613915989017,17.210779832851532,12
normal,17659,normal_0528,10,2022-07-12 01:07:30.260,1.0,0,2,original,False,10.347194086735684,17.210779832851532,12
normal,17660,normal_0528,11,2022-07-12 01:07:30.360,1.1,0,2,original,False,8.333914976827119,17.210779832851532,12
normal,17661,normal_0528,12,2022-07-12 01:07:30.460,1.2,0,2,original,False,7.13519374444022,17.210779832851532,12
normal,17662,normal_0528,13,2022-07-12 01:07:30.560,1.3,0,2,original,False,6.298240251108749,17.210779832851532,12
normal,17663,normal_0528,14,2022-07-12 01:07:30.660,1.4,0,2,original,False,6.549378329344026,17.210779832851532,12
normal,17664,normal_0528,15,2022-07-12 01:07:30.760,1.5,0,2,original,False,5.241348362657733,17.210779832851532,12
normal,17665,normal_0528,16,2022-07-12 01:07:30.860,1.6,0,2,original,False,5.733316247146255,17.210779832851532,12
normal,17666,normal_0528,17,2022-07-12 01:07:30.960,1.7,0,2,original,False,5.281754468970783,17.210779832851532,12
normal,17667,normal_0528,18,2022-07-12 01:07:31.060,1.8,0,2,original,False,5.226590917630015,17.210779832851532,12
normal,17668,normal_0528,19,2022-07-12 01:07:31.160,1.9,0,2,original,False,6.272479268759555,17.210779832851532,12
normal,17669,normal_0528,20,2022-07-12 01:07:31.260,2.0,0,2,original,False,5.225895837435464,17.210779832851532,12
normal,17670,normal_0528,21,2022-07-12 01:07:31.360,2.1,0,2,original,False,5.292907354474532,17.210779832851532,12
normal,17671,normal_0528,22,2022-07-12 01:07:31.460,2.2,0,2,original,False,5.102132612053531,17.210779832851532,12
normal,17672,normal_0528,23,2022-07-12 01:07:31.560,2.3,0,2,original,False,5.301084333395668,17.210779832851532,12
normal,17673,normal_0528,24,2022-07-12 01:07:31.660,2.4,0,2,original,False,6.630505892837139,17.210779832851532,12
normal,17674,normal_0528,25,2022-07-12 01:07:31.760,2.5,0,2,original,False,5.891733379604856,17.210779832851532,12
normal,17675,normal_0528,26,2022-07-12 01:07:31.860,2.6,0,2,original,False,5.897532584582406,17.210779832851532,12
normal,17676,normal_0528,27,2022-07-12 01:07:31.960,2.7,0,2,original,False,7.0223640482145315,17.210779832851532,12
normal,17677,normal_0528,28,2022-07-12 01:07:32.060,2.8,0,2,original,False,6.103894988453009,17.210779832851532,12
normal,17678,normal_0528,29,2022-07-12 01:07:32.160,2.9,0,2,original,False,3.6232855107842266,17.210779832851532,12
normal,17679,normal_0528,30,2022-07-12 01:07:32.260,3.0,0,2,original,False,3.541519151467862,17.210779832851532,12
normal,17680,normal_0528,31,2022-07-12 01:07:32.360,3.1,0,2,original,False,4.156140778605166,17.210779832851532,12
normal,17681,normal_0528,32,2022-07-12 01:07:32.460,3.2,0,2,original,False,3.695059867987524,17.210779832851532,12
normal,17682,normal_0528,33,2022-07-12 01:07:32.560,3.3,0,2,original,False,4.139221746920317,17.210779832851532,12
normal,17683,normal_0528,34,2022-07-12 01:07:32.660,3.4,0,2,original,False,4.386136011367064,17.210779832851532,12
normal,17684,normal_0528,35,2022-07-12 01:07:32.760,3.5,0,2,original,False,5.702554876799815,17.210779832851532,12
normal,17685,normal_0529,0,2022-07-12 01:07:37.255,0.0,0,2,original,False,,17.210779832851532,3
normal,17686,normal_0529,1,2022-07-12 01:07:37.355,0.1,0,2,original,False,,17.210779832851532,6
normal,17687,normal_0529,2,2022-07-12 01:07:37.455,0.2,0,2,original,False,,17.210779832851532,9
normal,17688,normal_0529,3,2022-07-12 01:07:37.555,0.3,0,2,original,False,4.86111346624276,17.210779832851532,12
normal,17689,normal_0529,4,2022-07-12 01:07:37.655,0.4,0,2,original,False,4.347264877119501,17.210779832851532,12
normal,17690,normal_0529,5,2022-07-12 01:07:37.755,0.5,0,2,original,False,7.535922576371479,17.210779832851532,12
normal,17691,normal_0529,6,2022-07-12 01:07:37.855,0.6,0,2,original,False,6.385965265422039,17.210779832851532,12
normal,17692,normal_0529,7,2022-07-12 01:07:37.955,0.7,0,2,original,False,5.121863139512611,17.210779832851532,12
normal,17693,normal_0529,8,2022-07-12 01:07:38.055,0.8,0,2,original,False,7.325643873100142,17.210779832851532,12
normal,17694,normal_0529,9,2022-07-12 01:07:38.155,0.9,0,2,original,False,7.359495646976452,17.210779832851532,12
normal,17695,normal_0529,10,2022-07-12 01:07:38.255,1.0,0,2,original,False,6.2896066112835936,17.210779832851532,12
normal,17696,normal_0529,11,2022-07-12 01:07:38.355,1.1,0,2,original,False,6.56528696057217,17.210779832851532,12
normal,17697,normal_0529,12,2022-07-12 01:07:38.455,1.2,0,2,original,False,8.778492688788669,17.210779832851532,12
normal,17698,normal_0529,13,2022-07-12 01:07:38.555,1.3,0,2,original,False,9.048909950479564,17.210779832851532,12
normal,17699,normal_0529,14,2022-07-12 01:07:38.655,1.4,0,2,original,False,5.741319930017752,17.210779832851532,12
normal,17700,normal_0529,15,2022-07-12 01:07:38.755,1.5,0,2,original,False,5.391692404297307,17.210779832851532,12
normal,17701,normal_0529,16,2022-07-12 01:07:38.855,1.6,0,2,original,False,8.371362786134155,17.210779832851532,12
normal,17702,normal_0529,17,2022-07-12 01:07:38.955,1.7,0,2,original,False,7.997324624544128,17.210779832851532,12
normal,17703,normal_0529,18,2022-07-12 01:07:39.055,1.8,0,2,original,False,4.461582665428131,17.210779832851532,12
normal,17704,normal_0529,19,2022-07-12 01:07:39.155,1.9,0,2,original,False,5.498579465937442,17.210779832851532,12
normal,17705,normal_0529,20,2022-07-12 01:07:39.255,2.0,0,2,original,False,5.641186754795271,17.210779832851532,12
normal,17706,normal_0529,21,2022-07-12 01:07:39.355,2.1,0,2,original,False,5.552392358421704,17.210779832851532,12
normal,17707,normal_0529,22,2022-07-12 01:07:39.455,2.2,0,2,original,False,6.360182545661813,17.210779832851532,12
normal,17708,normal_0529,23,2022-07-12 01:07:39.555,2.3,0,2,original,False,6.2637025875541505,17.210779832851532,12
normal,17709,normal_0529,24,2022-07-12 01:07:39.655,2.4,0,2,original,False,5.663007565072855,17.210779832851532,12
normal,17710,normal_0530,0,2022-07-12 01:07:45.179,0.0,0,2,original,False,,17.210779832851532,3
normal,17711,normal_0530,1,2022-07-12 01:07:45.279,0.1,0,2,original,False,,17.210779832851532,6
normal,17712,normal_0530,2,2022-07-12 01:07:45.379,0.2,0,2,original,False,,17.210779832851532,9
normal,17713,normal_0530,3,2022-07-12 01:07:45.479,0.3,0,2,original,False,4.353982412914237,17.210779832851532,12
normal,17714,normal_0530,4,2022-07-12 01:07:45.579,0.4,0,2,original,False,6.6008059959542456,17.210779832851532,12
normal,17715,normal_0530,5,2022-07-12 01:07:45.679,0.5,0,2,original,False,4.5722580155861134,17.210779832851532,12
normal,17716,normal_0530,6,2022-07-12 01:07:45.779,0.6,0,2,original,False,3.6622459757945545,17.210779832851532,12
normal,17717,normal_0530,7,2022-07-12 01:07:45.879,0.7,0,2,original,False,3.965938684877093,17.210779832851532,12
normal,17718,normal_0530,8,2022-07-12 01:07:45.979,0.8,0,2,original,False,6.903996046883815,17.210779832851532,12
normal,17719,normal_0530,9,2022-07-12 01:07:46.079,0.9,0,2,original,False,6.2170721029384595,17.210779832851532,12
normal,17720,normal_0530,10,2022-07-12 01:07:46.179,1.0,0,2,original,False,5.73588712289319,17.210779832851532,12
normal,17721,normal_0531,0,2022-07-12 01:07:53.071,0.0,0,2,original,False,,17.210779832851532,3
normal,17722,normal_0532,0,2022-07-12 01:07:54.616,0.0,0,2,original,False,,17.210779832851532,3
normal,17723,normal_0532,1,2022-07-12 01:07:54.716,0.1,0,2,original,False,,17.210779832851532,6
normal,17724,normal_0532,2,2022-07-12 01:07:54.816,0.2,0,2,original,False,,17.210779832851532,9
normal,17725,normal_0532,3,2022-07-12 01:07:54.916,0.3,0,2,original,False,4.3308176610735405,17.210779832851532,12
normal,17726,normal_0532,4,2022-07-12 01:07:55.016,0.4,0,2,original,False,5.58348813695807,17.210779832851532,12
normal,17727,normal_0532,5,2022-07-12 01:07:55.116,0.5,0,2,original,False,5.533322795301191,17.210779832851532,12
normal,17728,normal_0532,6,2022-07-12 01:07:55.216,0.6,0,2,original,False,5.633202411638629,17.210779832851532,12
normal,17729,normal_0532,7,2022-07-12 01:07:55.316,0.7,0,2,original,False,6.012125240992385,17.210779832851532,12
normal,17730,normal_0532,8,2022-07-12 01:07:55.416,0.8,0,2,original,False,5.703733972073245,17.210779832851532,12
normal,17731,normal_0532,9,2022-07-12 01:07:55.516,0.9,0,2,original,False,6.959915084004486,17.210779832851532,12
normal,17732,normal_0532,10,2022-07-12 01:07:55.616,1.0,0,2,original,False,6.20825437942902,17.210779832851532,12
normal,17733,normal_0532,11,2022-07-12 01:07:55.716,1.1,0,2,original,False,4.626531855024323,17.210779832851532,12
normal,17734,normal_0532,12,2022-07-12 01:07:55.816,1.2,0,2,original,False,5.454655484611634,17.210779832851532,12
normal,17735,normal_0532,13,2022-07-12 01:07:55.916,1.3,0,2,original,False,6.526100270335935,17.210779832851532,12
normal,17736,normal_0532,14,2022-07-12 01:07:56.016,1.4,0,2,original,False,6.689475262194624,17.210779832851532,12
normal,17737,normal_0532,15,2022-07-12 01:07:56.116,1.5,0,2,original,False,4.096863491238411,17.210779832851532,12
normal,17738,normal_0532,16,2022-07-12 01:07:56.216,1.6,0,2,original,False,3.28941233159811,17.210779832851532,12
normal,17739,normal_0532,17,2022-07-12 01:07:56.316,1.7,0,2,original,False,4.8131847283268305,17.210779832851532,12
normal,17740,normal_0532,18,2022-07-12 01:07:56.416,1.8,0,2,original,False,6.328970217736312,17.210779832851532,12
normal,17741,normal_0532,19,2022-07-12 01:07:56.516,1.9,0,2,original,False,4.769807698036666,17.210779832851532,12
normal,17742,normal_0532,20,2022-07-12 01:07:56.616,2.0,0,2,original,False,4.096157796116946,17.210779832851532,12
normal,17743,normal_0532,21,2022-07-12 01:07:56.716,2.1,0,2,original,False,4.538743748218098,17.210779832851532,12
normal,17744,normal_0532,22,2022-07-12 01:07:56.816,2.2,0,2,original,False,4.800375937489976,17.210779832851532,12
normal,17745,normal_0532,23,2022-07-12 01:07:56.916,2.3,0,2,original,False,6.459868923546376,17.210779832851532,12
normal,17746,normal_0532,24,2022-07-12 01:07:57.016,2.4,0,2,original,False,4.383122151336533,17.210779832851532,12
normal,17747,normal_0532,25,2022-07-12 01:07:57.116,2.5,0,2,original,False,4.975941266118121,17.210779832851532,12
normal,17748,normal_0532,26,2022-07-12 01:07:57.216,2.6,0,2,original,False,5.303382461824087,17.210779832851532,12
normal,17749,normal_0532,27,2022-07-12 01:07:57.316,2.7,0,2,original,False,5.095781047217199,17.210779832851532,12
normal,17750,normal_0532,28,2022-07-12 01:07:57.416,2.8,0,2,original,False,4.58242244883793,17.210779832851532,12
normal,17751,normal_0532,29,2022-07-12 01:07:57.516,2.9,0,2,original,False,6.002236612113796,17.210779832851532,12
normal,17752,normal_0532,30,2022-07-12 01:07:57.616,3.0,0,2,original,False,6.259931407600625,17.210779832851532,12
normal,17753,normal_0532,31,2022-07-12 01:07:57.716,3.1,0,2,original,False,5.265420380099327,17.210779832851532,12
normal,17754,normal_0532,32,2022-07-12 01:07:57.816,3.2,0,2,original,False,4.550457564525547,17.210779832851532,12
normal,17755,normal_0532,33,2022-07-12 01:07:57.916,3.3,0,2,original,False,3.868699849259961,17.210779832851532,12
normal,17756,normal_0532,34,2022-07-12 01:07:58.016,3.4,0,2,original,False,6.228926054447168,17.210779832851532,12
normal,17757,normal_0532,35,2022-07-12 01:07:58.116,3.5,0,2,original,False,5.731232754091316,17.210779832851532,12
normal,17758,normal_0532,36,2022-07-12 01:07:58.216,3.6,0,2,original,False,4.982492087643424,17.210779832851532,12
normal,17759,normal_0532,37,2022-07-12 01:07:58.316,3.7,0,2,original,False,4.845778032975506,17.210779832851532,12
normal,17760,normal_0532,38,2022-07-12 01:07:58.416,3.8,0,2,original,False,4.597717657567297,17.210779832851532,12
normal,17761,normal_0532,39,2022-07-12 01:07:58.516,3.9,0,2,original,False,4.918008190317044,17.210779832851532,12
normal,17762,normal_0532,40,2022-07-12 01:07:58.616,4.0,0,2,original,False,6.473770216786903,17.210779832851532,12
normal,17763,normal_0532,41,2022-07-12 01:07:58.716,4.1,0,2,original,False,4.522894206281632,17.210779832851532,12
normal,17764,normal_0532,42,2022-07-12 01:07:58.816,4.2,0,2,original,False,3.6890508718334134,17.210779832851532,12
normal,17765,normal_0532,43,2022-07-12 01:07:58.916,4.3,0,2,original,False,5.1892324204238305,17.210779832851532,12
normal,17766,normal_0532,44,2022-07-12 01:07:59.016,4.4,0,2,original,False,5.150232175979672,17.210779832851532,12
normal,17767,normal_0532,45,2022-07-12 01:07:59.116,4.5,0,2,original,False,5.320920552511829,17.210779832851532,12
normal,17768,normal_0532,46,2022-07-12 01:07:59.216,4.6,0,2,original,False,5.942826280620483,17.210779832851532,12
normal,17769,normal_0532,47,2022-07-12 01:07:59.316,4.7,0,2,original,False,5.4355048502845635,17.210779832851532,12
normal,17770,normal_0532,48,2022-07-12 01:07:59.416,4.8,0,2,original,False,5.759387984120153,17.210779832851532,12
normal,17771,normal_0532,49,2022-07-12 01:07:59.516,4.9,0,2,original,False,4.330615738798819,17.210779832851532,12
normal,17772,normal_0533,0,2022-07-12 01:08:01.324,0.0,0,2,original,False,,17.210779832851532,3
normal,17773,normal_0533,1,2022-07-12 01:08:01.424,0.1,0,2,original,False,,17.210779832851532,6
normal,17774,normal_0533,2,2022-07-12 01:08:01.524,0.2,0,2,original,False,,17.210779832851532,9
normal,17775,normal_0533,3,2022-07-12 01:08:01.624,0.3,0,2,original,False,5.493899375478858,17.210779832851532,12
normal,17776,normal_0533,4,2022-07-12 01:08:01.724,0.4,0,2,original,False,5.605641865179555,17.210779832851532,12
normal,17777,normal_0533,5,2022-07-12 01:08:01.824,0.5,0,2,original,False,4.825991301849345,17.210779832851532,12
normal,17778,normal_0533,6,2022-07-12 01:08:01.924,0.6,0,2,original,False,5.561934852746563,17.210779832851532,12
normal,17779,normal_0533,7,2022-07-12 01:08:02.024,0.7,0,2,original,False,4.076084340896389,17.210779832851532,12
normal,17780,normal_0533,8,2022-07-12 01:08:02.124,0.8,0,2,original,False,3.907925291934445,17.210779832851532,12
normal,17781,normal_0533,9,2022-07-12 01:08:02.224,0.9,0,2,original,False,3.657151361268497,17.210779832851532,12
normal,17782,normal_0533,10,2022-07-12 01:08:02.324,1.0,0,2,original,False,3.7310841381279474,17.210779832851532,12
normal,17783,normal_0533,11,2022-07-12 01:08:02.424,1.1,0,2,original,False,4.173287041777254,17.210779832851532,12
normal,17784,normal_0533,12,2022-07-12 01:08:02.524,1.2,0,2,original,False,4.697939107107436,17.210779832851532,12
normal,17785,normal_0533,13,2022-07-12 01:08:02.624,1.3,0,2,original,False,5.974707447613359,17.210779832851532,12
normal,17786,normal_0533,14,2022-07-12 01:08:02.724,1.4,0,2,original,False,7.805778992292324,17.210779832851532,12
normal,17787,normal_0533,15,2022-07-12 01:08:02.824,1.5,0,2,original,False,5.861298799206348,17.210779832851532,12
normal,17788,normal_0533,16,2022-07-12 01:08:02.924,1.6,0,2,original,False,5.388638559655637,17.210779832851532,12
normal,17789,normal_0533,17,2022-07-12 01:08:03.024,1.7,0,2,original,False,5.315958255688596,17.210779832851532,12
normal,17790,normal_0533,18,2022-07-12 01:08:03.124,1.8,0,2,original,False,5.698671785021274,17.210779832851532,12
normal,17791,normal_0533,19,2022-07-12 01:08:03.224,1.9,0,2,original,False,4.069456481724784,17.210779832851532,12
normal,17792,normal_0533,20,2022-07-12 01:08:03.324,2.0,0,2,original,False,6.399773876455889,17.210779832851532,12
normal,17793,normal_0533,21,2022-07-12 01:08:03.424,2.1,0,2,original,False,6.02783892607647,17.210779832851532,12
normal,17794,normal_0533,22,2022-07-12 01:08:03.524,2.2,0,2,original,False,6.105456582049134,17.210779832851532,12
normal,17795,normal_0533,23,2022-07-12 01:08:03.624,2.3,0,2,original,False,4.946515993512427,17.210779832851532,12
normal,17796,normal_0533,24,2022-07-12 01:08:03.724,2.4,0,2,original,False,6.381225001403671,17.210779832851532,12
normal,17797,normal_0533,25,2022-07-12 01:08:03.824,2.5,0,2,original,False,6.120445869057261,17.210779832851532,12
normal,17798,normal_0533,26,2022-07-12 01:08:03.924,2.6,0,2,original,False,5.5585528032316365,17.210779832851532,12
normal,17799,normal_0533,27,2022-07-12 01:08:04.024,2.7,0,2,original,False,4.931343851360878,17.210779832851532,12
normal,17800,normal_0533,28,2022-07-12 01:08:04.124,2.8,0,2,original,False,4.800671364221896,17.210779832851532,12
normal,17801,normal_0533,29,2022-07-12 01:08:04.224,2.9,0,2,original,False,6.347330177169394,17.210779832851532,12
normal,17802,normal_0533,30,2022-07-12 01:08:04.324,3.0,0,2,original,False,5.6925202980409075,17.210779832851532,12
normal,17803,normal_0533,31,2022-07-12 01:08:04.424,3.1,0,2,original,False,7.099962319070574,17.210779832851532,12
normal,17804,normal_0533,32,2022-07-12 01:08:04.524,3.2,0,2,original,False,4.444940852618782,17.210779832851532,12
normal,17805,normal_0533,33,2022-07-12 01:08:04.624,3.3,0,2,original,False,3.6982386799708324,17.210779832851532,12
normal,17806,normal_0533,34,2022-07-12 01:08:04.724,3.4,0,2,original,False,3.718550854684842,17.210779832851532,12
normal,17807,normal_0533,35,2022-07-12 01:08:04.824,3.5,0,2,original,False,3.681906974740901,17.210779832851532,12
normal,17808,normal_0533,36,2022-07-12 01:08:04.924,3.6,0,2,original,False,3.838415464238678,17.210779832851532,12
normal,17809,normal_0533,37,2022-07-12 01:08:05.024,3.7,0,2,original,False,3.9897338544857504,17.210779832851532,12
normal,17810,normal_0533,38,2022-07-12 01:08:05.124,3.8,0,2,original,False,3.3931072618944063,17.210779832851532,12
normal,17811,normal_0533,39,2022-07-12 01:08:05.224,3.9,0,2,original,False,4.3124221246522545,17.210779832851532,12
normal,17812,normal_0533,40,2022-07-12 01:08:05.324,4.0,0,2,original,False,3.565848597464494,17.210779832851532,12
normal,17813,normal_0533,41,2022-07-12 01:08:05.424,4.1,0,2,original,False,3.9538292031789277,17.210779832851532,12
normal,17814,normal_0533,42,2022-07-12 01:08:05.524,4.2,0,2,original,False,3.4862463918055466,17.210779832851532,12
normal,17815,normal_0533,43,2022-07-12 01:08:05.624,4.3,0,2,original,False,3.221181168531076,17.210779832851532,12
normal,17816,normal_0533,44,2022-07-12 01:08:05.724,4.4,0,2,original,False,3.629595966624954,17.210779832851532,12
normal,17817,normal_0533,45,2022-07-12 01:08:05.824,4.5,0,2,original,False,3.982023943882437,17.210779832851532,12
normal,17818,normal_0533,46,2022-07-12 01:08:05.924,4.6,0,2,original,False,3.8988568577569165,17.210779832851532,12
normal,17819,normal_0533,47,2022-07-12 01:08:06.024,4.7,0,2,original,False,5.362431354803697,17.210779832851532,12
normal,17820,normal_0533,48,2022-07-12 01:08:06.124,4.8,0,2,original,False,5.785273506287306,17.210779832851532,12
normal,17821,normal_0533,49,2022-07-12 01:08:06.224,4.9,0,2,original,False,3.684098534113522,17.210779832851532,12
normal,17822,normal_0534,0,2022-07-12 01:08:09.198,0.0,0,2,original,False,,17.210779832851532,3
normal,17823,normal_0534,1,2022-07-12 01:08:09.298,0.1,0,2,original,False,,17.210779832851532,6
normal,17824,normal_0534,2,2022-07-12 01:08:09.398,0.2,0,2,original,False,,17.210779832851532,9
normal,17825,normal_0534,3,2022-07-12 01:08:09.498,0.3,0,2,original,False,6.463991581993867,17.210779832851532,12
normal,17826,normal_0534,4,2022-07-12 01:08:09.598,0.4,0,2,original,False,4.991934660055037,17.210779832851532,12
normal,17827,normal_0534,5,2022-07-12 01:08:09.698,0.5,0,2,original,False,4.246569073191273,17.210779832851532,12
normal,17828,normal_0534,6,2022-07-12 01:08:09.798,0.6,0,2,original,False,5.227150722211956,17.210779832851532,12
normal,17829,normal_0534,7,2022-07-12 01:08:09.898,0.7,0,2,original,False,4.351209028823602,17.210779832851532,12
normal,17830,normal_0534,8,2022-07-12 01:08:09.998,0.8,0,2,original,False,5.492255872663599,17.210779832851532,12
normal,17831,normal_0534,9,2022-07-12 01:08:10.098,0.9,0,2,original,False,4.4821254883169175,17.210779832851532,12
normal,17832,normal_0534,10,2022-07-12 01:08:10.198,1.0,0,2,original,False,3.815614652741485,17.210779832851532,12
normal,17833,normal_0534,11,2022-07-12 01:08:10.298,1.1,0,2,original,False,4.3019674506302295,17.210779832851532,12
normal,17834,normal_0534,12,2022-07-12 01:08:10.398,1.2,0,2,original,False,3.935635305874875,17.210779832851532,12
normal,17835,normal_0534,13,2022-07-12 01:08:10.498,1.3,0,2,original,False,4.816270079130007,17.210779832851532,12
normal,17836,normal_0534,14,2022-07-12 01:08:10.598,1.4,0,2,original,False,4.84650823941875,17.210779832851532,12
normal,17837,normal_0534,15,2022-07-12 01:08:10.698,1.5,0,2,original,False,4.190486920272113,17.210779832851532,12
normal,17838,normal_0534,16,2022-07-12 01:08:10.798,1.6,0,2,original,False,4.715861915234572,17.210779832851532,12
normal,17839,normal_0534,17,2022-07-12 01:08:10.898,1.7,0,2,original,False,5.367569522031891,17.210779832851532,12
normal,17840,normal_0534,18,2022-07-12 01:08:10.998,1.8,0,2,original,False,4.41830075579747,17.210779832851532,12
normal,17841,normal_0534,19,2022-07-12 01:08:11.098,1.9,0,2,original,False,5.336084008369718,17.210779832851532,12
normal,17842,normal_0534,20,2022-07-12 01:08:11.198,2.0,0,2,original,False,5.58886749897414,17.210779832851532,12
normal,17843,normal_0534,21,2022-07-12 01:08:11.298,2.1,0,2,original,False,5.500655288245604,17.210779832851532,12
normal,17844,normal_0534,22,2022-07-12 01:08:11.398,2.2,0,2,original,False,5.888684225420604,17.210779832851532,12
normal,17845,normal_0534,23,2022-07-12 01:08:11.498,2.3,0,2,original,False,6.580915398142567,17.210779832851532,12
normal,17846,normal_0534,24,2022-07-12 01:08:11.598,2.4,0,2,original,False,6.864966279573907,17.210779832851532,12
normal,17847,normal_0534,25,2022-07-12 01:08:11.698,2.5,0,2,original,False,7.6106546323240085,17.210779832851532,12
normal,17848,normal_0534,26,2022-07-12 01:08:11.798,2.6,0,2,original,False,5.740565414352447,17.210779832851532,12
normal,17849,normal_0534,27,2022-07-12 01:08:11.898,2.7,0,2,original,False,5.654467981118127,17.210779832851532,12
normal,17850,normal_0534,28,2022-07-12 01:08:11.998,2.8,0,2,original,False,6.569241992611218,17.210779832851532,12
normal,17851,normal_0534,29,2022-07-12 01:08:12.098,2.9,0,2,original,False,5.887254032545989,17.210779832851532,12
normal,17852,normal_0534,30,2022-07-12 01:08:12.198,3.0,0,2,original,False,5.838198636416554,17.210779832851532,12
normal,17853,normal_0534,31,2022-07-12 01:08:12.298,3.1,0,2,original,False,6.236757281861686,17.210779832851532,12
normal,17854,normal_0534,32,2022-07-12 01:08:12.398,3.2,0,2,original,False,6.245590478677723,17.210779832851532,12
normal,17855,normal_0534,33,2022-07-12 01:08:12.498,3.3,0,2,original,False,5.290147444920019,17.210779832851532,12
normal,17856,normal_0534,34,2022-07-12 01:08:12.598,3.4,0,2,original,False,5.313567394971322,17.210779832851532,12
normal,17857,normal_0534,35,2022-07-12 01:08:12.698,3.5,0,2,original,False,6.346712799021648,17.210779832851532,12
normal,17858,normal_0534,36,2022-07-12 01:08:12.798,3.6,0,2,original,False,8.156036531731903,17.210779832851532,12
normal,17859,normal_0534,37,2022-07-12 01:08:12.898,3.7,0,2,original,False,6.331597087156291,17.210779832851532,12
normal,17860,normal_0535,0,2022-07-12 01:08:17.218,0.0,0,2,original,False,,17.210779832851532,3
normal,17861,normal_0535,1,2022-07-12 01:08:17.318,0.1,0,2,original,False,,17.210779832851532,6
normal,17862,normal_0535,2,2022-07-12 01:08:17.418,0.2,0,2,original,False,,17.210779832851532,9
normal,17863,normal_0535,3,2022-07-12 01:08:17.518,0.3,0,2,original,False,3.754931615788361,17.210779832851532,12
normal,17864,normal_0535,4,2022-07-12 01:08:17.618,0.4,0,2,original,False,4.243863581344815,17.210779832851532,12
normal,17865,normal_0535,5,2022-07-12 01:08:17.718,0.5,0,2,original,False,3.7976903951708385,17.210779832851532,12
normal,17866,normal_0535,6,2022-07-12 01:08:17.818,0.6,0,2,original,False,3.7269182486059385,17.210779832851532,12
normal,17867,normal_0535,7,2022-07-12 01:08:17.918,0.7,0,2,original,False,5.623841538487567,17.210779832851532,12
normal,17868,normal_0535,8,2022-07-12 01:08:18.018,0.8,0,2,original,False,6.245162040461536,17.210779832851532,12
normal,17869,normal_0535,9,2022-07-12 01:08:18.118,0.9,0,2,original,False,6.6851394055424995,17.210779832851532,12
normal,17870,normal_0535,10,2022-07-12 01:08:18.218,1.0,0,2,original,False,6.599762021965106,17.210779832851532,12
normal,17871,normal_0535,11,2022-07-12 01:08:18.318,1.1,0,2,original,False,5.85958254206654,17.210779832851532,12
normal,17872,normal_0535,12,2022-07-12 01:08:18.418,1.2,0,2,original,False,5.3728960503903815,17.210779832851532,12
normal,17873,normal_0535,13,2022-07-12 01:08:18.518,1.3,0,2,original,False,6.586836162714141,17.210779832851532,12
normal,17874,normal_0535,14,2022-07-12 01:08:18.618,1.4,0,2,original,False,5.839696007183497,17.210779832851532,12
normal,17875,normal_0535,15,2022-07-12 01:08:18.718,1.5,0,2,original,False,5.7000089001007135,17.210779832851532,12
normal,17876,normal_0535,16,2022-07-12 01:08:18.818,1.6,0,2,original,False,5.297350267259673,17.210779832851532,12
normal,17877,normal_0535,17,2022-07-12 01:08:18.918,1.7,0,2,original,False,6.079660763853045,17.210779832851532,12
normal,17878,normal_0535,18,2022-07-12 01:08:19.018,1.8,0,2,original,False,8.028105763206877,17.210779832851532,12
normal,17879,normal_0535,19,2022-07-12 01:08:19.118,1.9,0,2,original,False,6.115771041873799,17.210779832851532,12
normal,17880,normal_0535,20,2022-07-12 01:08:19.218,2.0,0,2,original,False,6.348584202876639,17.210779832851532,12
normal,17881,normal_0535,21,2022-07-12 01:08:19.318,2.1,0,2,original,False,8.022022947959739,17.210779832851532,12
normal,17882,normal_0535,22,2022-07-12 01:08:19.418,2.2,0,2,original,False,7.6416427750411176,17.210779832851532,12
normal,17883,normal_0535,23,2022-07-12 01:08:19.518,2.3,0,2,original,False,6.49485263132371,17.210779832851532,12
normal,17884,normal_0535,24,2022-07-12 01:08:19.618,2.4,0,2,original,False,7.7547078058571355,17.210779832851532,12
normal,17885,normal_0536,0,2022-07-12 01:08:25.251,0.0,0,2,original,False,,17.210779832851532,3
normal,17886,normal_0536,1,2022-07-12 01:08:25.351,0.1,0,2,original,False,,17.210779832851532,6
normal,17887,normal_0536,2,2022-07-12 01:08:25.451,0.2,0,2,original,False,,17.210779832851532,9
normal,17888,normal_0536,3,2022-07-12 01:08:25.551,0.3,0,2,original,False,4.304353859478214,17.210779832851532,12
normal,17889,normal_0536,4,2022-07-12 01:08:25.651,0.4,0,2,original,False,5.236022812588916,17.210779832851532,12
normal,17890,normal_0536,5,2022-07-12 01:08:25.751,0.5,0,2,original,False,6.4859864735552435,17.210779832851532,12
normal,17891,normal_0536,6,2022-07-12 01:08:25.851,0.6,0,2,original,False,6.345675253806395,17.210779832851532,12
normal,17892,normal_0536,7,2022-07-12 01:08:25.951,0.7,0,2,original,False,4.696455699570255,17.210779832851532,12
normal,17893,normal_0536,8,2022-07-12 01:08:26.051,0.8,0,2,original,False,5.740026168131935,17.210779832851532,12
normal,17894,normal_0536,9,2022-07-12 01:08:26.151,0.9,0,2,original,False,5.301650105348722,17.210779832851532,12
normal,17895,normal_0537,0,2022-07-12 01:08:34.704,0.0,0,2,original,False,,17.210779832851532,3
normal,17896,normal_0537,1,2022-07-12 01:08:34.804,0.1,0,2,original,False,,17.210779832851532,6
normal,17897,normal_0537,2,2022-07-12 01:08:34.904,0.2,0,2,original,False,,17.210779832851532,9
normal,17898,normal_0537,3,2022-07-12 01:08:35.004,0.3,0,2,original,False,4.710510093157791,17.210779832851532,12
normal,17899,normal_0537,4,2022-07-12 01:08:35.104,0.4,0,2,original,False,5.503549538432841,17.210779832851532,12
normal,17900,normal_0537,5,2022-07-12 01:08:35.204,0.5,0,2,original,False,5.20516415938809,17.210779832851532,12
normal,17901,normal_0537,6,2022-07-12 01:08:35.304,0.6,0,2,original,False,5.8614819566724154,17.210779832851532,12
normal,17902,normal_0537,7,2022-07-12 01:08:35.404,0.7,0,2,original,False,5.4151779480311335,17.210779832851532,12
normal,17903,normal_0537,8,2022-07-12 01:08:35.504,0.8,0,2,original,False,4.303388027023442,17.210779832851532,12
normal,17904,normal_0537,9,2022-07-12 01:08:35.604,0.9,0,2,original,False,4.007567310728484,17.210779832851532,12
normal,17905,normal_0537,10,2022-07-12 01:08:35.704,1.0,0,2,original,False,4.72917287445642,17.210779832851532,12
normal,17906,normal_0537,11,2022-07-12 01:08:35.804,1.1,0,2,original,False,4.1766790483295075,17.210779832851532,12
normal,17907,normal_0537,12,2022-07-12 01:08:35.904,1.2,0,2,original,False,4.03064846046963,17.210779832851532,12
normal,17908,normal_0537,13,2022-07-12 01:08:36.004,1.3,0,2,original,False,4.620311197790077,17.210779832851532,12
normal,17909,normal_0537,14,2022-07-12 01:08:36.104,1.4,0,2,original,False,4.164508609035857,17.210779832851532,12
normal,17910,normal_0537,15,2022-07-12 01:08:36.204,1.5,0,2,original,False,5.763309097742339,17.210779832851532,12
normal,17911,normal_0537,16,2022-07-12 01:08:36.304,1.6,0,2,original,False,4.249583750176624,17.210779832851532,12
normal,17912,normal_0537,17,2022-07-12 01:08:36.404,1.7,0,2,original,False,3.924738434068086,17.210779832851532,12
normal,17913,normal_0537,18,2022-07-12 01:08:36.504,1.8,0,2,original,False,4.352568638289781,17.210779832851532,12
normal,17914,normal_0537,19,2022-07-12 01:08:36.604,1.9,0,2,original,False,5.181118837976724,17.210779832851532,12
normal,17915,normal_0537,20,2022-07-12 01:08:36.704,2.0,0,2,original,False,5.432885752705637,17.210779832851532,12
normal,17916,normal_0537,21,2022-07-12 01:08:36.804,2.1,0,2,original,False,5.331273620877191,17.210779832851532,12
normal,17917,normal_0537,22,2022-07-12 01:08:36.904,2.2,0,2,original,False,5.209656192664297,17.210779832851532,12
normal,17918,normal_0537,23,2022-07-12 01:08:37.004,2.3,0,2,original,False,7.695236354480149,17.210779832851532,12
normal,17919,normal_0537,24,2022-07-12 01:08:37.104,2.4,0,2,original,False,6.933431776879355,17.210779832851532,12
normal,17920,normal_0537,25,2022-07-12 01:08:37.204,2.5,0,2,original,False,5.083751854386166,17.210779832851532,12
normal,17921,normal_0537,26,2022-07-12 01:08:37.304,2.6,0,2,original,False,4.990192260850883,17.210779832851532,12
normal,17922,normal_0537,27,2022-07-12 01:08:37.404,2.7,0,2,original,False,6.821577620804218,17.210779832851532,12
normal,17923,normal_0537,28,2022-07-12 01:08:37.504,2.8,0,2,original,False,6.242664616499412,17.210779832851532,12
normal,17924,normal_0537,29,2022-07-12 01:08:37.604,2.9,0,2,original,False,6.545799783509392,17.210779832851532,12
normal,17925,normal_0537,30,2022-07-12 01:08:37.704,3.0,0,2,original,False,4.931486089770728,17.210779832851532,12
normal,17926,normal_0537,31,2022-07-12 01:08:37.804,3.1,0,2,original,False,6.1135457694059445,17.210779832851532,12
normal,17927,normal_0537,32,2022-07-12 01:08:37.904,3.2,0,2,original,False,6.953678431771708,17.210779832851532,12
normal,17928,normal_0537,33,2022-07-12 01:08:38.004,3.3,0,2,original,False,5.1342342363582345,17.210779832851532,12
normal,17929,normal_0537,34,2022-07-12 01:08:38.104,3.4,0,2,original,False,4.929082367301028,17.210779832851532,12
normal,17930,normal_0537,35,2022-07-12 01:08:38.204,3.5,0,2,original,False,5.346875505483547,17.210779832851532,12
normal,17931,normal_0537,36,2022-07-12 01:08:38.304,3.6,0,2,original,False,4.362499528378091,17.210779832851532,12
normal,17932,normal_0537,37,2022-07-12 01:08:38.404,3.7,0,2,original,False,4.673135260980328,17.210779832851532,12
normal,17933,normal_0537,38,2022-07-12 01:08:38.504,3.8,0,2,original,False,5.4517012314048765,17.210779832851532,12
normal,17934,normal_0537,39,2022-07-12 01:08:38.604,3.9,0,2,original,False,5.668919009512349,17.210779832851532,12
normal,17935,normal_0537,40,2022-07-12 01:08:38.704,4.0,0,2,original,False,7.030948186321396,17.210779832851532,12
normal,17936,normal_0537,41,2022-07-12 01:08:38.804,4.1,0,2,original,False,4.00285089035051,17.210779832851532,12
normal,17937,normal_0537,42,2022-07-12 01:08:38.904,4.2,0,2,original,False,3.9944148720799326,17.210779832851532,12
normal,17938,normal_0537,43,2022-07-12 01:08:39.004,4.3,0,2,original,False,5.119706390256257,17.210779832851532,12
normal,17939,normal_0537,44,2022-07-12 01:08:39.104,4.4,0,2,original,False,5.512111582203581,17.210779832851532,12
normal,17940,normal_0537,45,2022-07-12 01:08:39.204,4.5,0,2,original,False,5.396092722242647,17.210779832851532,12
normal,17941,normal_0537,46,2022-07-12 01:08:39.304,4.6,0,2,original,False,5.006295093963817,17.210779832851532,12
normal,17942,normal_0537,47,2022-07-12 01:08:39.404,4.7,0,2,original,False,4.444751802993156,17.210779832851532,12
normal,17943,normal_0537,48,2022-07-12 01:08:39.504,4.8,0,2,original,False,5.519331583232286,17.210779832851532,12
normal,17944,normal_0537,49,2022-07-12 01:08:39.604,4.9,0,2,original,False,6.304217558291075,17.210779832851532,12
normal,17945,normal_0538,0,2022-07-12 01:08:41.601,0.0,0,2,original,False,,17.210779832851532,3
normal,17946,normal_0538,1,2022-07-12 01:08:41.701,0.1,0,2,original,False,,17.210779832851532,6
normal,17947,normal_0538,2,2022-07-12 01:08:41.801,0.2,0,2,original,False,,17.210779832851532,9
normal,17948,normal_0538,3,2022-07-12 01:08:41.901,0.3,0,2,original,False,3.7689066306275465,17.210779832851532,12
normal,17949,normal_0538,4,2022-07-12 01:08:42.001,0.4,0,2,original,False,3.730750052203558,17.210779832851532,12
normal,17950,normal_0538,5,2022-07-12 01:08:42.101,0.5,0,2,original,False,3.7219844441114063,17.210779832851532,12
normal,17951,normal_0538,6,2022-07-12 01:08:42.201,0.6,0,2,original,False,4.318000747476568,17.210779832851532,12
normal,17952,normal_0538,7,2022-07-12 01:08:42.301,0.7,0,2,original,False,3.3560542128724187,17.210779832851532,12
normal,17953,normal_0538,8,2022-07-12 01:08:42.401,0.8,0,2,original,False,4.345505731832207,17.210779832851532,12
normal,17954,normal_0538,9,2022-07-12 01:08:42.501,0.9,0,2,original,False,4.10416882153535,17.210779832851532,12
normal,17955,normal_0538,10,2022-07-12 01:08:42.601,1.0,0,2,original,False,5.621528538312137,17.210779832851532,12
normal,17956,normal_0538,11,2022-07-12 01:08:42.701,1.1,0,2,original,False,6.708980797898585,17.210779832851532,12
normal,17957,normal_0538,12,2022-07-12 01:08:42.801,1.2,0,2,original,False,5.706027295884816,17.210779832851532,12
normal,17958,normal_0538,13,2022-07-12 01:08:42.901,1.3,0,2,original,False,5.014157200719563,17.210779832851532,12
normal,17959,normal_0538,14,2022-07-12 01:08:43.001,1.4,0,2,original,False,5.798480395090698,17.210779832851532,12
normal,17960,normal_0538,15,2022-07-12 01:08:43.101,1.5,0,2,original,False,5.125927356800402,17.210779832851532,12
normal,17961,normal_0538,16,2022-07-12 01:08:43.201,1.6,0,2,original,False,5.519163002264245,17.210779832851532,12
normal,17962,normal_0538,17,2022-07-12 01:08:43.301,1.7,0,2,original,False,6.245408855602916,17.210779832851532,12
normal,17963,normal_0538,18,2022-07-12 01:08:43.401,1.8,0,2,original,False,5.0423141436959105,17.210779832851532,12
normal,17964,normal_0538,19,2022-07-12 01:08:43.501,1.9,0,2,original,False,4.178379632466008,17.210779832851532,12
normal,17965,normal_0538,20,2022-07-12 01:08:43.601,2.0,0,2,original,False,3.9621371356285007,17.210779832851532,12
normal,17966,normal_0538,21,2022-07-12 01:08:43.701,2.1,0,2,original,False,4.900902217558305,17.210779832851532,12
normal,17967,normal_0538,22,2022-07-12 01:08:43.801,2.2,0,2,original,False,5.800674501653711,17.210779832851532,12
normal,17968,normal_0538,23,2022-07-12 01:08:43.901,2.3,0,2,original,False,5.214722469562037,17.210779832851532,12
normal,17969,normal_0538,24,2022-07-12 01:08:44.001,2.4,0,2,original,False,5.485718937551449,17.210779832851532,12
normal,17970,normal_0538,25,2022-07-12 01:08:44.101,2.5,0,2,original,False,6.70180473756715,17.210779832851532,12
normal,17971,normal_0538,26,2022-07-12 01:08:44.201,2.6,0,2,original,False,6.260257352112862,17.210779832851532,12
normal,17972,normal_0538,27,2022-07-12 01:08:44.301,2.7,0,2,original,False,8.023618437063952,17.210779832851532,12
normal,17973,normal_0538,28,2022-07-12 01:08:44.401,2.8,0,2,original,False,7.156056823600558,17.210779832851532,12
normal,17974,normal_0538,29,2022-07-12 01:08:44.501,2.9,0,2,original,False,6.802426280978343,17.210779832851532,12
normal,17975,normal_0538,30,2022-07-12 01:08:44.601,3.0,0,2,original,False,6.657835073513372,17.210779832851532,12
normal,17976,normal_0538,31,2022-07-12 01:08:44.701,3.1,0,2,original,False,7.42002181157799,17.210779832851532,12
normal,17977,normal_0538,32,2022-07-12 01:08:44.801,3.2,0,2,original,False,6.571044771670844,17.210779832851532,12
normal,17978,normal_0538,33,2022-07-12 01:08:44.901,3.3,0,2,original,False,7.418633571794304,17.210779832851532,12
normal,17979,normal_0538,34,2022-07-12 01:08:45.001,3.4,0,2,original,False,7.549297577102171,17.210779832851532,12
normal,17980,normal_0538,35,2022-07-12 01:08:45.101,3.5,0,2,original,False,7.022716589817471,17.210779832851532,12
normal,17981,normal_0538,36,2022-07-12 01:08:45.201,3.6,0,2,original,False,6.734567230301107,17.210779832851532,12
normal,17982,normal_0538,37,2022-07-12 01:08:45.301,3.7,0,2,original,False,5.12947461013126,17.210779832851532,12
normal,17983,normal_0538,38,2022-07-12 01:08:45.401,3.8,0,2,original,False,7.358585034097241,17.210779832851532,12
normal,17984,normal_0538,39,2022-07-12 01:08:45.501,3.9,0,2,original,False,8.253072492967192,17.210779832851532,12
normal,17985,normal_0538,40,2022-07-12 01:08:45.601,4.0,0,2,original,False,7.381837082419551,17.210779832851532,12
normal,17986,normal_0538,41,2022-07-12 01:08:45.701,4.1,0,2,original,False,6.005576391275778,17.210779832851532,12
normal,17987,normal_0538,42,2022-07-12 01:08:45.801,4.2,0,2,original,False,6.135367229063346,17.210779832851532,12
normal,17988,normal_0538,43,2022-07-12 01:08:45.901,4.3,0,2,original,False,5.8366994809514665,17.210779832851532,12
normal,17989,normal_0538,44,2022-07-12 01:08:46.001,4.4,0,2,original,False,6.7397900768538515,17.210779832851532,12
normal,17990,normal_0538,45,2022-07-12 01:08:46.101,4.5,0,2,original,False,5.944909325613857,17.210779832851532,12
normal,17991,normal_0538,46,2022-07-12 01:08:46.201,4.6,0,2,original,False,4.7106272239136615,17.210779832851532,12
normal,17992,normal_0538,47,2022-07-12 01:08:46.301,4.7,0,2,original,False,4.926714206468733,17.210779832851532,12
normal,17993,normal_0538,48,2022-07-12 01:08:46.401,4.8,0,2,original,False,4.522069360938249,17.210779832851532,12
normal,17994,normal_0538,49,2022-07-12 01:08:46.501,4.9,0,2,original,False,4.862369874648839,17.210779832851532,12
normal,17995,normal_0539,0,2022-07-12 01:08:49.676,0.0,0,2,original,False,,17.210779832851532,3
normal,17996,normal_0539,1,2022-07-12 01:08:49.776,0.1,0,2,original,False,,17.210779832851532,6
normal,17997,normal_0539,2,2022-07-12 01:08:49.876,0.2,0,2,original,False,,17.210779832851532,9
normal,17998,normal_0539,3,2022-07-12 01:08:49.976,0.3,0,2,original,False,7.62539316531938,17.210779832851532,12
normal,17999,normal_0539,4,2022-07-12 01:08:50.076,0.4,0,2,original,False,7.182001325923648,17.210779832851532,12
normal,18000,normal_0539,5,2022-07-12 01:08:50.176,0.5,0,2,original,False,7.761074860421985,17.210779832851532,12
normal,18001,normal_0539,6,2022-07-12 01:08:50.276,0.6,0,2,original,False,7.0647049300678635,17.210779832851532,12
normal,18002,normal_0539,7,2022-07-12 01:08:50.376,0.7,0,2,original,False,6.420929223468655,17.210779832851532,12
normal,18003,normal_0539,8,2022-07-12 01:08:50.476,0.8,0,2,original,False,7.14393829787584,17.210779832851532,12
normal,18004,normal_0539,9,2022-07-12 01:08:50.576,0.9,0,2,original,False,6.019972566919726,17.210779832851532,12
normal,18005,normal_0539,10,2022-07-12 01:08:50.676,1.0,0,2,original,False,6.515185064957853,17.210779832851532,12
normal,18006,normal_0539,11,2022-07-12 01:08:50.776,1.1,0,2,original,False,7.413606940669634,17.210779832851532,12
normal,18007,normal_0539,12,2022-07-12 01:08:50.876,1.2,0,2,original,False,5.3207776437038,17.210779832851532,12
normal,18008,normal_0539,13,2022-07-12 01:08:50.976,1.3,0,2,original,False,4.019948728291232,17.210779832851532,12
normal,18009,normal_0539,14,2022-07-12 01:08:51.076,1.4,0,2,original,False,5.605933984292308,17.210779832851532,12
normal,18010,normal_0539,15,2022-07-12 01:08:51.176,1.5,0,2,original,False,5.336666460559667,17.210779832851532,12
normal,18011,normal_0539,16,2022-07-12 01:08:51.276,1.6,0,2,original,False,5.128119211397825,17.210779832851532,12
normal,18012,normal_0539,17,2022-07-12 01:08:51.376,1.7,0,2,original,False,4.454784240887407,17.210779832851532,12
normal,18013,normal_0539,18,2022-07-12 01:08:51.476,1.8,0,2,original,False,4.476864561759069,17.210779832851532,12
normal,18014,normal_0539,19,2022-07-12 01:08:51.576,1.9,0,2,original,False,5.561535933900587,17.210779832851532,12
normal,18015,normal_0539,20,2022-07-12 01:08:51.676,2.0,0,2,original,False,3.84762171226825,17.210779832851532,12
normal,18016,normal_0539,21,2022-07-12 01:08:51.776,2.1,0,2,original,False,3.855723435998399,17.210779832851532,12
normal,18017,normal_0539,22,2022-07-12 01:08:51.876,2.2,0,2,original,False,5.446732446911142,17.210779832851532,12
normal,18018,normal_0539,23,2022-07-12 01:08:51.976,2.3,0,2,original,False,5.2412519026162006,17.210779832851532,12
normal,18019,normal_0539,24,2022-07-12 01:08:52.076,2.4,0,2,original,False,4.622076488186477,17.210779832851532,12
normal,18020,normal_0539,25,2022-07-12 01:08:52.176,2.5,0,2,original,False,6.645598163855391,17.210779832851532,12
normal,18021,normal_0539,26,2022-07-12 01:08:52.276,2.6,0,2,original,False,6.023108028580689,17.210779832851532,12
normal,18022,normal_0539,27,2022-07-12 01:08:52.376,2.7,0,2,original,False,6.4742510545661585,17.210779832851532,12
normal,18023,normal_0539,28,2022-07-12 01:08:52.476,2.8,0,2,original,False,4.525385054303272,17.210779832851532,12
normal,18024,normal_0539,29,2022-07-12 01:08:52.576,2.9,0,2,original,False,4.366117501592716,17.210779832851532,12
normal,18025,normal_0539,30,2022-07-12 01:08:52.676,3.0,0,2,original,False,5.790475393878,17.210779832851532,12
normal,18026,normal_0539,31,2022-07-12 01:08:52.776,3.1,0,2,original,False,4.217631755550365,17.210779832851532,12
normal,18027,normal_0539,32,2022-07-12 01:08:52.876,3.2,0,2,original,False,5.001252381277246,17.210779832851532,12
normal,18028,normal_0539,33,2022-07-12 01:08:52.976,3.3,0,2,original,False,5.031222906664042,17.210779832851532,12
normal,18029,normal_0539,34,2022-07-12 01:08:53.076,3.4,0,2,original,False,5.0666908257996495,17.210779832851532,12
normal,18030,normal_0540,0,2022-07-12 01:08:57.709,0.0,0,2,original,False,,17.210779832851532,3
normal,18031,normal_0540,1,2022-07-12 01:08:57.809,0.1,0,2,original,False,,17.210779832851532,6
normal,18032,normal_0540,2,2022-07-12 01:08:57.909,0.2,0,2,original,False,,17.210779832851532,9
normal,18033,normal_0540,3,2022-07-12 01:08:58.009,0.3,0,2,original,False,5.27197266777352,17.210779832851532,12
normal,18034,normal_0540,4,2022-07-12 01:08:58.109,0.4,0,2,original,False,7.759508377195009,17.210779832851532,12
normal,18035,normal_0540,5,2022-07-12 01:08:58.209,0.5,0,2,original,False,8.279959947440203,17.210779832851532,12
normal,18036,normal_0540,6,2022-07-12 01:08:58.309,0.6,0,2,original,False,9.212228847990508,17.210779832851532,12
normal,18037,normal_0540,7,2022-07-12 01:08:58.409,0.7,0,2,original,False,8.42096323527321,17.210779832851532,12
normal,18038,normal_0540,8,2022-07-12 01:08:58.509,0.8,0,2,original,False,7.11291165668148,17.210779832851532,12
normal,18039,normal_0540,9,2022-07-12 01:08:58.609,0.9,0,2,original,False,6.355523541039428,17.210779832851532,12
normal,18040,normal_0540,10,2022-07-12 01:08:58.709,1.0,0,2,original,False,3.850049647849426,17.210779832851532,12
normal,18041,normal_0540,11,2022-07-12 01:08:58.809,1.1,0,2,original,False,5.22446866805922,17.210779832851532,12
normal,18042,normal_0540,12,2022-07-12 01:08:58.909,1.2,0,2,original,False,5.8393137784709905,17.210779832851532,12
normal,18043,normal_0540,13,2022-07-12 01:08:59.009,1.3,0,2,original,False,4.785321928124668,17.210779832851532,12
normal,18044,normal_0540,14,2022-07-12 01:08:59.109,1.4,0,2,original,False,3.9008034140591925,17.210779832851532,12
normal,18045,normal_0540,15,2022-07-12 01:08:59.209,1.5,0,2,original,False,5.66893049164127,17.210779832851532,12
normal,18046,normal_0540,16,2022-07-12 01:08:59.309,1.6,0,2,original,False,4.782465245986708,17.210779832851532,12
normal,18047,normal_0540,17,2022-07-12 01:08:59.409,1.7,0,2,original,False,4.951147138227445,17.210779832851532,12
normal,18048,normal_0540,18,2022-07-12 01:08:59.509,1.8,0,2,original,False,4.610674673247022,17.210779832851532,12
normal,18049,normal_0540,19,2022-07-12 01:08:59.609,1.9,0,2,original,False,4.202086539336174,17.210779832851532,12
normal,18050,normal_0540,20,2022-07-12 01:08:59.709,2.0,0,2,original,False,4.517869508897881,17.210779832851532,12
normal,18051,normal_0540,21,2022-07-12 01:08:59.809,2.1,0,2,original,False,5.012333185956514,17.210779832851532,12
normal,18052,normal_0540,22,2022-07-12 01:08:59.909,2.2,0,2,original,False,5.477110615520003,17.210779832851532,12
normal,18053,normal_0541,0,2022-07-12 01:09:05.688,0.0,0,2,original,False,,17.210779832851532,3
normal,18054,normal_0541,1,2022-07-12 01:09:05.788,0.1,0,2,original,False,,17.210779832851532,6
normal,18055,normal_0541,2,2022-07-12 01:09:05.888,0.2,0,2,original,False,,17.210779832851532,9
normal,18056,normal_0541,3,2022-07-12 01:09:05.988,0.3,0,2,original,False,5.12005186303303,17.210779832851532,12
normal,18057,normal_0541,4,2022-07-12 01:09:06.088,0.4,0,2,original,False,5.516164770726377,17.210779832851532,12
normal,18058,normal_0541,5,2022-07-12 01:09:06.188,0.5,0,2,original,False,5.536139282016892,17.210779832851532,12
normal,18059,normal_0541,6,2022-07-12 01:09:06.288,0.6,0,2,original,False,7.618367871508229,17.210779832851532,12
normal,18060,normal_0541,7,2022-07-12 01:09:06.388,0.7,0,2,original,False,5.696674666051511,17.210779832851532,12
normal,18061,normal_0541,8,2022-07-12 01:09:06.488,0.8,0,2,original,False,5.527211766329825,17.210779832851532,12
normal,18062,normal_0541,9,2022-07-12 01:09:06.588,0.9,0,2,original,False,5.347022830719793,17.210779832851532,12
normal,18063,normal_0542,0,2022-07-12 01:09:13.905,0.0,0,2,original,False,,17.210779832851532,3
normal,18064,normal_0542,1,2022-07-12 01:09:14.005,0.1,0,2,original,False,,17.210779832851532,6
normal,18065,normal_0542,2,2022-07-12 01:09:14.105,0.2,0,2,original,False,,17.210779832851532,9
normal,18066,normal_0542,3,2022-07-12 01:09:14.205,0.3,0,2,original,False,3.980363804653198,17.210779832851532,12
normal,18067,normal_0542,4,2022-07-12 01:09:14.305,0.4,0,2,original,False,3.8871346671285356,17.210779832851532,12
normal,18068,normal_0542,5,2022-07-12 01:09:14.405,0.5,0,2,original,False,6.032205999829932,17.210779832851532,12
normal,18069,normal_0542,6,2022-07-12 01:09:14.505,0.6,0,2,original,False,6.824517640868721,17.210779832851532,12
normal,18070,normal_0542,7,2022-07-12 01:09:14.605,0.7,0,2,original,False,5.589508557361971,17.210779832851532,12
normal,18071,normal_0543,0,2022-07-12 01:09:23.128,0.0,0,2,original,False,,17.210779832851532,3
normal,18072,normal_0543,1,2022-07-12 01:09:23.228,0.1,0,2,original,False,,17.210779832851532,6
normal,18073,normal_0543,2,2022-07-12 01:09:23.328,0.2,0,2,original,False,,17.210779832851532,9
normal,18074,normal_0543,3,2022-07-12 01:09:23.428,0.3,0,2,original,False,3.74122369416913,17.210779832851532,12
normal,18075,normal_0543,4,2022-07-12 01:09:23.528,0.4,0,2,original,False,4.660291160655564,17.210779832851532,12
normal,18076,normal_0543,5,2022-07-12 01:09:23.628,0.5,0,2,original,False,5.450269108543395,17.210779832851532,12
normal,18077,normal_0543,6,2022-07-12 01:09:23.728,0.6,0,2,original,False,5.554926818148681,17.210779832851532,12
normal,18078,normal_0543,7,2022-07-12 01:09:23.828,0.7,0,2,original,False,5.77290044640982,17.210779832851532,12
normal,18079,normal_0543,8,2022-07-12 01:09:23.928,0.8,0,2,original,False,6.166906475595162,17.210779832851532,12
normal,18080,normal_0543,9,2022-07-12 01:09:24.028,0.9,0,2,original,False,5.888274932085534,17.210779832851532,12
normal,18081,normal_0543,10,2022-07-12 01:09:24.128,1.0,0,2,original,False,5.368522349282405,17.210779832851532,12
normal,18082,normal_0543,11,2022-07-12 01:09:24.228,1.1,0,2,original,False,4.273109071796239,17.210779832851532,12
normal,18083,normal_0543,12,2022-07-12 01:09:24.328,1.2,0,2,original,False,5.7277086223713205,17.210779832851532,12
normal,18084,normal_0543,13,2022-07-12 01:09:24.428,1.3,0,2,original,False,6.68604070832514,17.210779832851532,12
normal,18085,normal_0543,14,2022-07-12 01:09:24.528,1.4,0,2,original,False,4.2925585181356425,17.210779832851532,12
normal,18086,normal_0543,15,2022-07-12 01:09:24.628,1.5,0,2,original,False,7.2353934912356275,17.210779832851532,12
normal,18087,normal_0543,16,2022-07-12 01:09:24.728,1.6,0,2,original,False,6.2097474900514875,17.210779832851532,12
normal,18088,normal_0543,17,2022-07-12 01:09:24.828,1.7,0,2,original,False,4.483389994808144,17.210779832851532,12
normal,18089,normal_0543,18,2022-07-12 01:09:24.928,1.8,0,2,original,False,3.5747073601448007,17.210779832851532,12
normal,18090,normal_0543,19,2022-07-12 01:09:25.028,1.9,0,2,original,False,6.986502212701059,17.210779832851532,12
normal,18091,normal_0543,20,2022-07-12 01:09:25.128,2.0,0,2,original,False,6.259897485746467,17.210779832851532,12
normal,18092,normal_0543,21,2022-07-12 01:09:25.228,2.1,0,2,original,False,5.225142227963758,17.210779832851532,12
normal,18093,normal_0543,22,2022-07-12 01:09:25.328,2.2,0,2,original,False,5.80886792837538,17.210779832851532,12
normal,18094,normal_0543,23,2022-07-12 01:09:25.428,2.3,0,2,original,False,7.791127885701654,17.210779832851532,12
normal,18095,normal_0543,24,2022-07-12 01:09:25.528,2.4,0,2,original,False,7.369541090261069,17.210779832851532,12
normal,18096,normal_0543,25,2022-07-12 01:09:25.628,2.5,0,2,original,False,4.064130775667109,17.210779832851532,12
normal,18097,normal_0543,26,2022-07-12 01:09:25.728,2.6,0,2,original,False,5.423866640686603,17.210779832851532,12
normal,18098,normal_0543,27,2022-07-12 01:09:25.828,2.7,0,2,original,False,5.9296990648095305,17.210779832851532,12
normal,18099,normal_0543,28,2022-07-12 01:09:25.928,2.8,0,2,original,False,4.114487455417,17.210779832851532,12
normal,18100,normal_0543,29,2022-07-12 01:09:26.028,2.9,0,2,original,False,5.61904002405399,17.210779832851532,12
normal,18101,normal_0543,30,2022-07-12 01:09:26.128,3.0,0,2,original,False,7.174004669268204,17.210779832851532,12
normal,18102,normal_0543,31,2022-07-12 01:09:26.228,3.1,0,2,original,False,7.762171150287809,17.210779832851532,12
normal,18103,normal_0543,32,2022-07-12 01:09:26.328,3.2,0,2,original,False,7.339176627059335,17.210779832851532,12
normal,18104,normal_0543,33,2022-07-12 01:09:26.428,3.3,0,2,original,False,5.52103310767695,17.210779832851532,12
normal,18105,normal_0543,34,2022-07-12 01:09:26.528,3.4,0,2,original,False,4.891720943163359,17.210779832851532,12
normal,18106,normal_0543,35,2022-07-12 01:09:26.628,3.5,0,2,original,False,4.502743425816002,17.210779832851532,12
normal,18107,normal_0543,36,2022-07-12 01:09:26.728,3.6,0,2,original,False,4.560300130528958,17.210779832851532,12
normal,18108,normal_0543,37,2022-07-12 01:09:26.828,3.7,0,2,original,False,4.432835663116721,17.210779832851532,12
normal,18109,normal_0543,38,2022-07-12 01:09:26.928,3.8,0,2,original,False,4.166261559396383,17.210779832851532,12
normal,18110,normal_0543,39,2022-07-12 01:09:27.028,3.9,0,2,original,False,3.6847929920114098,17.210779832851532,12
normal,18111,normal_0543,40,2022-07-12 01:09:27.128,4.0,0,2,original,False,5.3182254951908075,17.210779832851532,12
normal,18112,normal_0543,41,2022-07-12 01:09:27.228,4.1,0,2,original,False,4.797535979342109,17.210779832851532,12
normal,18113,normal_0543,42,2022-07-12 01:09:27.328,4.2,0,2,original,False,3.5387436802023706,17.210779832851532,12
normal,18114,normal_0543,43,2022-07-12 01:09:27.428,4.3,0,2,original,False,3.5477415168907886,17.210779832851532,12
normal,18115,normal_0543,44,2022-07-12 01:09:27.528,4.4,0,2,original,False,3.646360710795995,17.210779832851532,12
normal,18116,normal_0543,45,2022-07-12 01:09:27.628,4.5,0,2,original,False,3.420168099738046,17.210779832851532,12
normal,18117,normal_0543,46,2022-07-12 01:09:27.728,4.6,0,2,original,False,3.7483774212752228,17.210779832851532,12
normal,18118,normal_0543,47,2022-07-12 01:09:27.828,4.7,0,2,original,False,4.07374383487964,17.210779832851532,12
normal,18119,normal_0543,48,2022-07-12 01:09:27.928,4.8,0,2,original,False,5.16648784609102,17.210779832851532,12
normal,18120,normal_0543,49,2022-07-12 01:09:28.028,4.9,0,2,original,False,4.514779087305474,17.210779832851532,12
normal,18121,normal_0544,0,2022-07-12 01:09:29.681,0.0,0,2,original,False,,17.210779832851532,3
normal,18122,normal_0544,1,2022-07-12 01:09:29.781,0.1,0,2,original,False,,17.210779832851532,6
normal,18123,normal_0544,2,2022-07-12 01:09:29.881,0.2,0,2,original,False,,17.210779832851532,9
normal,18124,normal_0544,3,2022-07-12 01:09:29.981,0.3,0,2,original,False,3.157895747055924,17.210779832851532,12
normal,18125,normal_0544,4,2022-07-12 01:09:30.081,0.4,0,2,original,False,4.830546700826506,17.210779832851532,12
normal,18126,normal_0544,5,2022-07-12 01:09:30.181,0.5,0,2,original,False,4.530663712012457,17.210779832851532,12
normal,18127,normal_0544,6,2022-07-12 01:09:30.281,0.6,0,2,original,False,4.1437985901757175,17.210779832851532,12
normal,18128,normal_0544,7,2022-07-12 01:09:30.381,0.7,0,2,original,False,3.7780148897404713,17.210779832851532,12
normal,18129,normal_0544,8,2022-07-12 01:09:30.481,0.8,0,2,original,False,4.322490443108455,17.210779832851532,12
normal,18130,normal_0544,9,2022-07-12 01:09:30.581,0.9,0,2,original,False,4.518077769252311,17.210779832851532,12
normal,18131,normal_0544,10,2022-07-12 01:09:30.681,1.0,0,2,original,False,5.7691456040758915,17.210779832851532,12
normal,18132,normal_0544,11,2022-07-12 01:09:30.781,1.1,0,2,original,False,5.143668248735041,17.210779832851532,12
normal,18133,normal_0544,12,2022-07-12 01:09:30.881,1.2,0,2,original,False,5.467729456701552,17.210779832851532,12
normal,18134,normal_0544,13,2022-07-12 01:09:30.981,1.3,0,2,original,False,6.359540822477074,17.210779832851532,12
normal,18135,normal_0544,14,2022-07-12 01:09:31.081,1.4,0,2,original,False,4.642810660023916,17.210779832851532,12
normal,18136,normal_0544,15,2022-07-12 01:09:31.181,1.5,0,2,original,False,6.470337611587538,17.210779832851532,12
normal,18137,normal_0544,16,2022-07-12 01:09:31.281,1.6,0,2,original,False,8.52103480184411,17.210779832851532,12
normal,18138,normal_0544,17,2022-07-12 01:09:31.381,1.7,0,2,original,False,6.872985188726769,17.210779832851532,12
normal,18139,normal_0544,18,2022-07-12 01:09:31.481,1.8,0,2,original,False,4.880221517318881,17.210779832851532,12
normal,18140,normal_0544,19,2022-07-12 01:09:31.581,1.9,0,2,original,False,6.9811849000861645,17.210779832851532,12
normal,18141,normal_0544,20,2022-07-12 01:09:31.681,2.0,0,2,original,False,6.867834605031243,17.210779832851532,12
normal,18142,normal_0544,21,2022-07-12 01:09:31.781,2.1,0,2,original,False,5.814751207415762,17.210779832851532,12
normal,18143,normal_0544,22,2022-07-12 01:09:31.881,2.2,0,2,original,False,7.100981717074333,17.210779832851532,12
normal,18144,normal_0544,23,2022-07-12 01:09:31.981,2.3,0,2,original,False,6.865915921105726,17.210779832851532,12
normal,18145,normal_0544,24,2022-07-12 01:09:32.081,2.4,0,2,original,False,5.838553482249631,17.210779832851532,12
normal,18146,normal_0544,25,2022-07-12 01:09:32.181,2.5,0,2,original,False,5.3780452465801645,17.210779832851532,12
normal,18147,normal_0544,26,2022-07-12 01:09:32.281,2.6,0,2,original,False,7.548696857506412,17.210779832851532,12
normal,18148,normal_0544,27,2022-07-12 01:09:32.381,2.7,0,2,original,False,8.404937299732964,17.210779832851532,12
normal,18149,normal_0544,28,2022-07-12 01:09:32.481,2.8,0,2,original,False,4.636313106567569,17.210779832851532,12
normal,18150,normal_0544,29,2022-07-12 01:09:32.581,2.9,0,2,original,False,5.798284599847332,17.210779832851532,12
normal,18151,normal_0544,30,2022-07-12 01:09:32.681,3.0,0,2,original,False,6.684800403892082,17.210779832851532,12
normal,18152,normal_0544,31,2022-07-12 01:09:32.781,3.1,0,2,original,False,5.507125225755477,17.210779832851532,12
normal,18153,normal_0544,32,2022-07-12 01:09:32.881,3.2,0,2,original,False,4.716604645813867,17.210779832851532,12
normal,18154,normal_0544,33,2022-07-12 01:09:32.981,3.3,0,2,original,False,8.153772670332518,17.210779832851532,12
normal,18155,normal_0544,34,2022-07-12 01:09:33.081,3.4,0,2,original,False,7.583230404303306,17.210779832851532,12
normal,18156,normal_0544,35,2022-07-12 01:09:33.181,3.5,0,2,original,False,6.270132569501223,17.210779832851532,12
normal,18157,normal_0544,36,2022-07-12 01:09:33.281,3.6,0,2,original,False,5.216218066223228,17.210779832851532,12
normal,18158,normal_0544,37,2022-07-12 01:09:33.381,3.7,0,2,original,False,7.99738507259828,17.210779832851532,12
normal,18159,normal_0544,38,2022-07-12 01:09:33.481,3.8,0,2,original,False,7.801904089615093,17.210779832851532,12
normal,18160,normal_0544,39,2022-07-12 01:09:33.581,3.9,0,2,original,False,4.405464144736857,17.210779832851532,12
normal,18161,normal_0544,40,2022-07-12 01:09:33.681,4.0,0,2,original,False,4.469415459698536,17.210779832851532,12
normal,18162,normal_0544,41,2022-07-12 01:09:33.781,4.1,0,2,original,False,5.172062379768085,17.210779832851532,12
normal,18163,normal_0544,42,2022-07-12 01:09:33.881,4.2,0,2,original,False,4.50963519647744,17.210779832851532,12
normal,18164,normal_0544,43,2022-07-12 01:09:33.981,4.3,0,2,original,False,5.890384059371645,17.210779832851532,12
normal,18165,normal_0544,44,2022-07-12 01:09:34.081,4.4,0,2,original,False,6.503785268082341,17.210779832851532,12
normal,18166,normal_0544,45,2022-07-12 01:09:34.181,4.5,0,2,original,False,4.6566284390530885,17.210779832851532,12
normal,18167,normal_0544,46,2022-07-12 01:09:34.281,4.6,0,2,original,False,4.713099939145237,17.210779832851532,12
normal,18168,normal_0544,47,2022-07-12 01:09:34.381,4.7,0,2,original,False,4.927302956726033,17.210779832851532,12
normal,18169,normal_0544,48,2022-07-12 01:09:34.481,4.8,0,2,original,False,5.476511770401711,17.210779832851532,12
normal,18170,normal_0544,49,2022-07-12 01:09:34.581,4.9,0,2,original,False,5.820639859201092,17.210779832851532,12
normal,18171,normal_0545,0,2022-07-12 01:09:37.774,0.0,0,2,original,False,,17.210779832851532,3
normal,18172,normal_0545,1,2022-07-12 01:09:37.874,0.1,0,2,original,False,,17.210779832851532,6
normal,18173,normal_0545,2,2022-07-12 01:09:37.974,0.2,0,2,original,False,,17.210779832851532,9
normal,18174,normal_0545,3,2022-07-12 01:09:38.074,0.3,0,2,original,False,4.054559799981812,17.210779832851532,12
normal,18175,normal_0545,4,2022-07-12 01:09:38.174,0.4,0,2,original,False,4.127400329083811,17.210779832851532,12
normal,18176,normal_0545,5,2022-07-12 01:09:38.274,0.5,0,2,original,False,5.009955268658763,17.210779832851532,12
normal,18177,normal_0545,6,2022-07-12 01:09:38.374,0.6,0,2,original,False,5.430819569955567,17.210779832851532,12
normal,18178,normal_0545,7,2022-07-12 01:09:38.474,0.7,0,2,original,False,5.950979863136214,17.210779832851532,12
normal,18179,normal_0545,8,2022-07-12 01:09:38.574,0.8,0,2,original,False,8.448535938871762,17.210779832851532,12
normal,18180,normal_0545,9,2022-07-12 01:09:38.674,0.9,0,2,original,False,7.051354661613164,17.210779832851532,12
normal,18181,normal_0545,10,2022-07-12 01:09:38.774,1.0,0,2,original,False,5.7176013122609834,17.210779832851532,12
normal,18182,normal_0545,11,2022-07-12 01:09:38.874,1.1,0,2,original,False,5.425915379623936,17.210779832851532,12
normal,18183,normal_0545,12,2022-07-12 01:09:38.974,1.2,0,2,original,False,6.9883433905238,17.210779832851532,12
normal,18184,normal_0545,13,2022-07-12 01:09:39.074,1.3,0,2,original,False,6.676269525655128,17.210779832851532,12
normal,18185,normal_0545,14,2022-07-12 01:09:39.174,1.4,0,2,original,False,4.620984056296794,17.210779832851532,12
normal,18186,normal_0545,15,2022-07-12 01:09:39.274,1.5,0,2,original,False,5.91404354090779,17.210779832851532,12
normal,18187,normal_0545,16,2022-07-12 01:09:39.374,1.6,0,2,original,False,6.449857147198651,17.210779832851532,12
normal,18188,normal_0545,17,2022-07-12 01:09:39.474,1.7,0,2,original,False,3.815944250636415,17.210779832851532,12
normal,18189,normal_0545,18,2022-07-12 01:09:39.574,1.8,0,2,original,False,3.5293662812202116,17.210779832851532,12
normal,18190,normal_0545,19,2022-07-12 01:09:39.674,1.9,0,2,original,False,6.477862798425163,17.210779832851532,12
normal,18191,normal_0545,20,2022-07-12 01:09:39.774,2.0,0,2,original,False,6.650094637374935,17.210779832851532,12
normal,18192,normal_0545,21,2022-07-12 01:09:39.874,2.1,0,2,original,False,4.941416418065699,17.210779832851532,12
normal,18193,normal_0545,22,2022-07-12 01:09:39.974,2.2,0,2,original,False,5.977983734626978,17.210779832851532,12
normal,18194,normal_0545,23,2022-07-12 01:09:40.074,2.3,0,2,original,False,7.25296253835303,17.210779832851532,12
normal,18195,normal_0545,24,2022-07-12 01:09:40.174,2.4,0,2,original,False,6.842417182881866,17.210779832851532,12
normal,18196,normal_0545,25,2022-07-12 01:09:40.274,2.5,0,2,original,False,4.684216084923414,17.210779832851532,12
normal,18197,normal_0545,26,2022-07-12 01:09:40.374,2.6,0,2,original,False,5.139628498886183,17.210779832851532,12
normal,18198,normal_0545,27,2022-07-12 01:09:40.474,2.7,0,2,original,False,7.523008478638868,17.210779832851532,12
normal,18199,normal_0545,28,2022-07-12 01:09:40.574,2.8,0,2,original,False,5.016616185529389,17.210779832851532,12
normal,18200,normal_0545,29,2022-07-12 01:09:40.674,2.9,0,2,original,False,5.029644607857718,17.210779832851532,12
normal,18201,normal_0545,30,2022-07-12 01:09:40.774,3.0,0,2,original,False,7.510659646958716,17.210779832851532,12
normal,18202,normal_0545,31,2022-07-12 01:09:40.874,3.1,0,2,original,False,7.439877282025802,17.210779832851532,12
normal,18203,normal_0545,32,2022-07-12 01:09:40.974,3.2,0,2,original,False,6.1894805572958544,17.210779832851532,12
normal,18204,normal_0545,33,2022-07-12 01:09:41.074,3.3,0,2,original,False,6.025057757908395,17.210779832851532,12
normal,18205,normal_0545,34,2022-07-12 01:09:41.174,3.4,0,2,original,False,4.454279902237491,17.210779832851532,12
normal,18206,normal_0545,35,2022-07-12 01:09:41.274,3.5,0,2,original,False,4.851345465668897,17.210779832851532,12
normal,18207,normal_0546,0,2022-07-12 01:09:45.835,0.0,0,2,original,False,,17.210779832851532,3
normal,18208,normal_0546,1,2022-07-12 01:09:45.935,0.1,0,2,original,False,,17.210779832851532,6
normal,18209,normal_0546,2,2022-07-12 01:09:46.035,0.2,0,2,original,False,,17.210779832851532,9
normal,18210,normal_0546,3,2022-07-12 01:09:46.135,0.3,0,2,original,False,8.578632562803326,17.210779832851532,12
normal,18211,normal_0546,4,2022-07-12 01:09:46.235,0.4,0,2,original,False,6.74322470142558,17.210779832851532,12
normal,18212,normal_0546,5,2022-07-12 01:09:46.335,0.5,0,2,original,False,4.767599730486468,17.210779832851532,12
normal,18213,normal_0546,6,2022-07-12 01:09:46.435,0.6,0,2,original,False,6.08547553703886,17.210779832851532,12
normal,18214,normal_0546,7,2022-07-12 01:09:46.535,0.7,0,2,original,False,6.637761079348295,17.210779832851532,12
normal,18215,normal_0546,8,2022-07-12 01:09:46.635,0.8,0,2,original,False,5.060030046737136,17.210779832851532,12
normal,18216,normal_0546,9,2022-07-12 01:09:46.735,0.9,0,2,original,False,6.760106775013299,17.210779832851532,12
normal,18217,normal_0546,10,2022-07-12 01:09:46.835,1.0,0,2,original,False,7.695105613381053,17.210779832851532,12
normal,18218,normal_0546,11,2022-07-12 01:09:46.935,1.1,0,2,original,False,7.570141438263304,17.210779832851532,12
normal,18219,normal_0546,12,2022-07-12 01:09:47.035,1.2,0,2,original,False,6.043150418737794,17.210779832851532,12
normal,18220,normal_0546,13,2022-07-12 01:09:47.135,1.3,0,2,original,False,5.212589829544392,17.210779832851532,12
normal,18221,normal_0546,14,2022-07-12 01:09:47.235,1.4,0,2,original,False,6.734266032620284,17.210779832851532,12
normal,18222,normal_0546,15,2022-07-12 01:09:47.335,1.5,0,2,original,False,6.109674357254577,17.210779832851532,12
normal,18223,normal_0546,16,2022-07-12 01:09:47.435,1.6,0,2,original,False,6.354784790025202,17.210779832851532,12
normal,18224,normal_0546,17,2022-07-12 01:09:47.535,1.7,0,2,original,False,7.8113241967627545,17.210779832851532,12
normal,18225,normal_0546,18,2022-07-12 01:09:47.635,1.8,0,2,original,False,5.874780791213505,17.210779832851532,12
normal,18226,normal_0546,19,2022-07-12 01:09:47.735,1.9,0,2,original,False,4.98631440693382,17.210779832851532,12
normal,18227,normal_0546,20,2022-07-12 01:09:47.835,2.0,0,2,original,False,4.659357283548162,17.210779832851532,12
normal,18228,normal_0546,21,2022-07-12 01:09:47.935,2.1,0,2,original,False,5.528846322505251,17.210779832851532,12
normal,18229,normal_0547,0,2022-07-12 01:09:53.876,0.0,0,2,original,False,,17.210779832851532,3
normal,18230,normal_0547,1,2022-07-12 01:09:53.976,0.1,0,2,original,False,,17.210779832851532,6
normal,18231,normal_0547,2,2022-07-12 01:09:54.076,0.2,0,2,original,False,,17.210779832851532,9
normal,18232,normal_0547,3,2022-07-12 01:09:54.176,0.3,0,2,original,False,5.687325782413323,17.210779832851532,12
normal,18233,normal_0547,4,2022-07-12 01:09:54.276,0.4,0,2,original,False,5.071593046653062,17.210779832851532,12
normal,18234,normal_0547,5,2022-07-12 01:09:54.376,0.5,0,2,original,False,5.166625621063076,17.210779832851532,12
normal,18235,normal_0547,6,2022-07-12 01:09:54.476,0.6,0,2,original,False,6.051715745555127,17.210779832851532,12
normal,18236,normal_0548,0,2022-07-12 01:10:01.958,0.0,0,2,original,False,,17.210779832851532,3
normal,18237,normal_0548,1,2022-07-12 01:10:02.058,0.1,0,2,original,False,,17.210779832851532,6
normal,18238,normal_0548,2,2022-07-12 01:10:02.158,0.2,0,2,original,False,,17.210779832851532,9
normal,18239,normal_0548,3,2022-07-12 01:10:02.258,0.3,0,2,original,False,4.110544614436224,17.210779832851532,12
normal,18240,normal_0548,4,2022-07-12 01:10:02.358,0.4,0,2,original,False,3.4855865148970775,17.210779832851532,12
normal,18241,normal_0548,5,2022-07-12 01:10:02.458,0.5,0,2,original,False,3.533680149689301,17.210779832851532,12
normal,18242,normal_0548,6,2022-07-12 01:10:02.558,0.6,0,2,original,False,4.168864263888145,17.210779832851532,12
normal,18243,normal_0548,7,2022-07-12 01:10:02.658,0.7,0,2,original,False,4.326020346620494,17.210779832851532,12
normal,18244,normal_0549,0,2022-07-12 01:10:11.168,0.0,0,2,original,False,,17.210779832851532,3
normal,18245,normal_0549,1,2022-07-12 01:10:11.268,0.1,0,2,original,False,,17.210779832851532,6
normal,18246,normal_0549,2,2022-07-12 01:10:11.368,0.2,0,2,original,False,,17.210779832851532,9
normal,18247,normal_0549,3,2022-07-12 01:10:11.468,0.3,0,2,original,False,4.944069742236355,17.210779832851532,12
normal,18248,normal_0549,4,2022-07-12 01:10:11.568,0.4,0,2,original,False,5.5250364141644885,17.210779832851532,12
normal,18249,normal_0549,5,2022-07-12 01:10:11.668,0.5,0,2,original,False,4.8200871662929305,17.210779832851532,12
normal,18250,normal_0549,6,2022-07-12 01:10:11.768,0.6,0,2,original,False,5.839624095726637,17.210779832851532,12
normal,18251,normal_0549,7,2022-07-12 01:10:11.868,0.7,0,2,original,False,6.694578391513382,17.210779832851532,12
normal,18252,normal_0549,8,2022-07-12 01:10:11.968,0.8,0,2,original,False,6.5328592812697615,17.210779832851532,12
normal,18253,normal_0549,9,2022-07-12 01:10:12.068,0.9,0,2,original,False,5.164915156858421,17.210779832851532,12
normal,18254,normal_0549,10,2022-07-12 01:10:12.168,1.0,0,2,original,False,5.58743066007571,17.210779832851532,12
normal,18255,normal_0549,11,2022-07-12 01:10:12.268,1.1,0,2,original,False,5.721879686228425,17.210779832851532,12
normal,18256,normal_0549,12,2022-07-12 01:10:12.368,1.2,0,2,original,False,5.794599182312811,17.210779832851532,12
normal,18257,normal_0549,13,2022-07-12 01:10:12.468,1.3,0,2,original,False,4.388373829917012,17.210779832851532,12
normal,18258,normal_0549,14,2022-07-12 01:10:12.568,1.4,0,2,original,False,5.061172084223447,17.210779832851532,12
normal,18259,normal_0549,15,2022-07-12 01:10:12.668,1.5,0,2,original,False,4.720297596508367,17.210779832851532,12
normal,18260,normal_0549,16,2022-07-12 01:10:12.768,1.6,0,2,original,False,3.954204672951628,17.210779832851532,12
normal,18261,normal_0549,17,2022-07-12 01:10:12.868,1.7,0,2,original,False,5.122822933489491,17.210779832851532,12
normal,18262,normal_0549,18,2022-07-12 01:10:12.968,1.8,0,2,original,False,3.760691376442341,17.210779832851532,12
normal,18263,normal_0549,19,2022-07-12 01:10:13.068,1.9,0,2,original,False,3.852101026903389,17.210779832851532,12
normal,18264,normal_0549,20,2022-07-12 01:10:13.168,2.0,0,2,original,False,4.522377022232172,17.210779832851532,12
normal,18265,normal_0549,21,2022-07-12 01:10:13.268,2.1,0,2,original,False,5.111830959887062,17.210779832851532,12
normal,18266,normal_0549,22,2022-07-12 01:10:13.368,2.2,0,2,original,False,5.839766212227708,17.210779832851532,12
normal,18267,normal_0549,23,2022-07-12 01:10:13.468,2.3,0,2,original,False,5.439345618223764,17.210779832851532,12
normal,18268,normal_0549,24,2022-07-12 01:10:13.568,2.4,0,2,original,False,4.366324744034393,17.210779832851532,12
normal,18269,normal_0549,25,2022-07-12 01:10:13.668,2.5,0,2,original,False,4.73616571878931,17.210779832851532,12
normal,18270,normal_0549,26,2022-07-12 01:10:13.768,2.6,0,2,original,False,6.446128109998519,17.210779832851532,12
normal,18271,normal_0549,27,2022-07-12 01:10:13.868,2.7,0,2,original,False,5.314754489370361,17.210779832851532,12
normal,18272,normal_0549,28,2022-07-12 01:10:13.968,2.8,0,2,original,False,6.200390580785374,17.210779832851532,12
normal,18273,normal_0549,29,2022-07-12 01:10:14.068,2.9,0,2,original,False,6.018852065868081,17.210779832851532,12
normal,18274,normal_0549,30,2022-07-12 01:10:14.168,3.0,0,2,original,False,5.899881503308262,17.210779832851532,12
normal,18275,normal_0549,31,2022-07-12 01:10:14.268,3.1,0,2,original,False,7.269140746351768,17.210779832851532,12
normal,18276,normal_0549,32,2022-07-12 01:10:14.368,3.2,0,2,original,False,5.608011324366262,17.210779832851532,12
normal,18277,normal_0549,33,2022-07-12 01:10:14.468,3.3,0,2,original,False,5.288546954803005,17.210779832851532,12
normal,18278,normal_0549,34,2022-07-12 01:10:14.568,3.4,0,2,original,False,4.312959803941836,17.210779832851532,12
normal,18279,normal_0549,35,2022-07-12 01:10:14.668,3.5,0,2,original,False,4.360845629662151,17.210779832851532,12
normal,18280,normal_0549,36,2022-07-12 01:10:14.768,3.6,0,2,original,False,5.529113317389519,17.210779832851532,12
normal,18281,normal_0549,37,2022-07-12 01:10:14.868,3.7,0,2,original,False,6.14759527538447,17.210779832851532,12
normal,18282,normal_0549,38,2022-07-12 01:10:14.968,3.8,0,2,original,False,5.678808495633449,17.210779832851532,12
normal,18283,normal_0549,39,2022-07-12 01:10:15.068,3.9,0,2,original,False,7.320066856713058,17.210779832851532,12
normal,18284,normal_0549,40,2022-07-12 01:10:15.168,4.0,0,2,original,False,5.7857238250665395,17.210779832851532,12
normal,18285,normal_0549,41,2022-07-12 01:10:15.268,4.1,0,2,original,False,4.912485889192097,17.210779832851532,12
normal,18286,normal_0549,42,2022-07-12 01:10:15.368,4.2,0,2,original,False,4.330254474430153,17.210779832851532,12
normal,18287,normal_0549,43,2022-07-12 01:10:15.468,4.3,0,2,original,False,5.86025109501552,17.210779832851532,12
normal,18288,normal_0549,44,2022-07-12 01:10:15.568,4.4,0,2,original,False,4.8337858583657125,17.210779832851532,12
normal,18289,normal_0549,45,2022-07-12 01:10:15.668,4.5,0,2,original,False,4.980433386920209,17.210779832851532,12
normal,18290,normal_0549,46,2022-07-12 01:10:15.768,4.6,0,2,original,False,5.113240011280939,17.210779832851532,12
normal,18291,normal_0549,47,2022-07-12 01:10:15.868,4.7,0,2,original,False,6.4163902365033705,17.210779832851532,12
normal,18292,normal_0549,48,2022-07-12 01:10:15.968,4.8,0,2,original,False,5.6004467407681044,17.210779832851532,12
normal,18293,normal_0549,49,2022-07-12 01:10:16.068,4.9,0,2,original,False,3.8856279552050887,17.210779832851532,12
normal,18294,normal_0550,0,2022-07-12 01:10:18.055,0.0,0,2,original,False,,17.210779832851532,3
normal,18295,normal_0550,1,2022-07-12 01:10:18.155,0.1,0,2,original,False,,17.210779832851532,6
normal,18296,normal_0550,2,2022-07-12 01:10:18.255,0.2,0,2,original,False,,17.210779832851532,9
normal,18297,normal_0550,3,2022-07-12 01:10:18.355,0.3,0,2,original,False,9.7854308206432,17.210779832851532,12
normal,18298,normal_0550,4,2022-07-12 01:10:18.455,0.4,0,2,original,False,7.05816677883207,17.210779832851532,12
normal,18299,normal_0550,5,2022-07-12 01:10:18.555,0.5,0,2,original,False,7.139698963159964,17.210779832851532,12
normal,18300,normal_0550,6,2022-07-12 01:10:18.655,0.6,0,2,original,False,8.034420972683117,17.210779832851532,12
normal,18301,normal_0550,7,2022-07-12 01:10:18.755,0.7,0,2,original,False,8.169897409448781,17.210779832851532,12
normal,18302,normal_0550,8,2022-07-12 01:10:18.855,0.8,0,2,original,False,6.291090597852809,17.210779832851532,12
normal,18303,normal_0550,9,2022-07-12 01:10:18.955,0.9,0,2,original,False,6.3513797416560624,17.210779832851532,12
normal,18304,normal_0550,10,2022-07-12 01:10:19.055,1.0,0,2,original,False,7.499840416319274,17.210779832851532,12
normal,18305,normal_0550,11,2022-07-12 01:10:19.155,1.1,0,2,original,False,5.671327465026921,17.210779832851532,12
normal,18306,normal_0550,12,2022-07-12 01:10:19.255,1.2,0,2,original,False,4.400628768505318,17.210779832851532,12
normal,18307,normal_0550,13,2022-07-12 01:10:19.355,1.3,0,2,original,False,8.175920833055146,17.210779832851532,12
normal,18308,normal_0550,14,2022-07-12 01:10:19.455,1.4,0,2,original,False,10.597155980411143,17.210779832851532,12
normal,18309,normal_0550,15,2022-07-12 01:10:19.555,1.5,0,2,original,False,7.764491678685835,17.210779832851532,12
normal,18310,normal_0550,16,2022-07-12 01:10:19.655,1.6,0,2,original,False,8.170711948768332,17.210779832851532,12
normal,18311,normal_0550,17,2022-07-12 01:10:19.755,1.7,0,2,original,False,7.235510584411249,17.210779832851532,12
normal,18312,normal_0550,18,2022-07-12 01:10:19.855,1.8,0,2,original,False,8.397117848145223,17.210779832851532,12
normal,18313,normal_0550,19,2022-07-12 01:10:19.955,1.9,0,2,original,False,8.038997509335863,17.210779832851532,12
normal,18314,normal_0550,20,2022-07-12 01:10:20.055,2.0,0,2,original,False,7.22169345574069,17.210779832851532,12
normal,18315,normal_0550,21,2022-07-12 01:10:20.155,2.1,0,2,original,False,6.762869068404653,17.210779832851532,12
normal,18316,normal_0550,22,2022-07-12 01:10:20.255,2.2,0,2,original,False,4.7043848972143945,17.210779832851532,12
normal,18317,normal_0550,23,2022-07-12 01:10:20.355,2.3,0,2,original,False,4.41991050126155,17.210779832851532,12
normal,18318,normal_0550,24,2022-07-12 01:10:20.455,2.4,0,2,original,False,6.095761545473389,17.210779832851532,12
normal,18319,normal_0550,25,2022-07-12 01:10:20.555,2.5,0,2,original,False,6.042895308932811,17.210779832851532,12
normal,18320,normal_0550,26,2022-07-12 01:10:20.655,2.6,0,2,original,False,4.078929242245783,17.210779832851532,12
normal,18321,normal_0550,27,2022-07-12 01:10:20.755,2.7,0,2,original,False,5.012181199848543,17.210779832851532,12
normal,18322,normal_0550,28,2022-07-12 01:10:20.855,2.8,0,2,original,False,4.967206061811464,17.210779832851532,12
normal,18323,normal_0550,29,2022-07-12 01:10:20.955,2.9,0,2,original,False,4.474172797071243,17.210779832851532,12
normal,18324,normal_0550,30,2022-07-12 01:10:21.055,3.0,0,2,original,False,5.3378700333771265,17.210779832851532,12
normal,18325,normal_0550,31,2022-07-12 01:10:21.155,3.1,0,2,original,False,6.3400496041205425,17.210779832851532,12
normal,18326,normal_0550,32,2022-07-12 01:10:21.255,3.2,0,2,original,False,5.392099971172113,17.210779832851532,12
normal,18327,normal_0550,33,2022-07-12 01:10:21.355,3.3,0,2,original,False,5.165767780936866,17.210779832851532,12
normal,18328,normal_0550,34,2022-07-12 01:10:21.455,3.4,0,2,original,False,4.931684176850587,17.210779832851532,12
normal,18329,normal_0550,35,2022-07-12 01:10:21.555,3.5,0,2,original,False,6.665956536974318,17.210779832851532,12
normal,18330,normal_0550,36,2022-07-12 01:10:21.655,3.6,0,2,original,False,5.364625512753228,17.210779832851532,12
normal,18331,normal_0550,37,2022-07-12 01:10:21.755,3.7,0,2,original,False,5.236443203850937,17.210779832851532,12
normal,18332,normal_0550,38,2022-07-12 01:10:21.855,3.8,0,2,original,False,5.866390647882725,17.210779832851532,12
normal,18333,normal_0550,39,2022-07-12 01:10:21.955,3.9,0,2,original,False,5.862223155900734,17.210779832851532,12
normal,18334,normal_0550,40,2022-07-12 01:10:22.055,4.0,0,2,original,False,4.616393856533826,17.210779832851532,12
normal,18335,normal_0550,41,2022-07-12 01:10:22.155,4.1,0,2,original,False,7.5563631813817045,17.210779832851532,12
normal,18336,normal_0550,42,2022-07-12 01:10:22.255,4.2,0,2,original,False,7.652337965994403,17.210779832851532,12
normal,18337,normal_0550,43,2022-07-12 01:10:22.355,4.3,0,2,original,False,5.759705934396886,17.210779832851532,12
normal,18338,normal_0550,44,2022-07-12 01:10:22.455,4.4,0,2,original,False,6.070217414678024,17.210779832851532,12
normal,18339,normal_0550,45,2022-07-12 01:10:22.555,4.5,0,2,original,False,7.4208053264741,17.210779832851532,12
normal,18340,normal_0550,46,2022-07-12 01:10:22.655,4.6,0,2,original,False,7.292653751883462,17.210779832851532,12
normal,18341,normal_0550,47,2022-07-12 01:10:22.755,4.7,0,2,original,False,6.663444194674261,17.210779832851532,12
normal,18342,normal_0550,48,2022-07-12 01:10:22.855,4.8,0,2,original,False,9.11730092870445,17.210779832851532,12
normal,18343,normal_0551,0,2022-07-12 01:10:26.247,0.0,0,2,original,False,,17.210779832851532,3
normal,18344,normal_0551,1,2022-07-12 01:10:26.347,0.1,0,2,original,False,,17.210779832851532,6
normal,18345,normal_0551,2,2022-07-12 01:10:26.447,0.2,0,2,original,False,,17.210779832851532,9
normal,18346,normal_0551,3,2022-07-12 01:10:26.547,0.3,0,2,original,False,5.700787671611896,17.210779832851532,12
normal,18347,normal_0551,4,2022-07-12 01:10:26.647,0.4,0,2,original,False,6.275158081319916,17.210779832851532,12
normal,18348,normal_0551,5,2022-07-12 01:10:26.747,0.5,0,2,original,False,4.56504565970134,17.210779832851532,12
normal,18349,normal_0551,6,2022-07-12 01:10:26.847,0.6,0,2,original,False,3.4295930980789997,17.210779832851532,12
normal,18350,normal_0551,7,2022-07-12 01:10:26.947,0.7,0,2,original,False,3.4477782301543027,17.210779832851532,12
normal,18351,normal_0551,8,2022-07-12 01:10:27.047,0.8,0,2,original,False,4.09974739158286,17.210779832851532,12
normal,18352,normal_0551,9,2022-07-12 01:10:27.147,0.9,0,2,original,False,5.025107146454541,17.210779832851532,12
normal,18353,normal_0551,10,2022-07-12 01:10:27.247,1.0,0,2,original,False,5.907950477050851,17.210779832851532,12
normal,18354,normal_0551,11,2022-07-12 01:10:27.347,1.1,0,2,original,False,5.049796226414533,17.210779832851532,12
normal,18355,normal_0551,12,2022-07-12 01:10:27.447,1.2,0,2,original,False,6.656131349779885,17.210779832851532,12
normal,18356,normal_0551,13,2022-07-12 01:10:27.547,1.3,0,2,original,False,6.049660113129524,17.210779832851532,12
normal,18357,normal_0551,14,2022-07-12 01:10:27.647,1.4,0,2,original,False,5.551337237803196,17.210779832851532,12
normal,18358,normal_0551,15,2022-07-12 01:10:27.747,1.5,0,2,original,False,5.185157462634013,17.210779832851532,12
normal,18359,normal_0551,16,2022-07-12 01:10:27.847,1.6,0,2,original,False,5.307300159310248,17.210779832851532,12
normal,18360,normal_0551,17,2022-07-12 01:10:27.947,1.7,0,2,original,False,4.924618841828878,17.210779832851532,12
normal,18361,normal_0551,18,2022-07-12 01:10:28.047,1.8,0,2,original,False,4.1300846369542175,17.210779832851532,12
normal,18362,normal_0551,19,2022-07-12 01:10:28.147,1.9,0,2,original,False,6.167236576030158,17.210779832851532,12
normal,18363,normal_0551,20,2022-07-12 01:10:28.247,2.0,0,2,original,False,7.759970370495126,17.210779832851532,12
normal,18364,normal_0551,21,2022-07-12 01:10:28.347,2.1,0,2,original,False,7.290193547144923,17.210779832851532,12
normal,18365,normal_0551,22,2022-07-12 01:10:28.447,2.2,0,2,original,False,4.335364351841255,17.210779832851532,12
normal,18366,normal_0551,23,2022-07-12 01:10:28.547,2.3,0,2,original,False,5.0037733102689845,17.210779832851532,12
normal,18367,normal_0551,24,2022-07-12 01:10:28.647,2.4,0,2,original,False,5.9274719663472935,17.210779832851532,12
normal,18368,normal_0551,25,2022-07-12 01:10:28.747,2.5,0,2,original,False,5.2555260293815715,17.210779832851532,12
normal,18369,normal_0551,26,2022-07-12 01:10:28.847,2.6,0,2,original,False,6.3275725935386244,17.210779832851532,12
normal,18370,normal_0551,27,2022-07-12 01:10:28.947,2.7,0,2,original,False,6.443136080695999,17.210779832851532,12
normal,18371,normal_0551,28,2022-07-12 01:10:29.047,2.8,0,2,original,False,5.776724066839068,17.210779832851532,12
normal,18372,normal_0551,29,2022-07-12 01:10:29.147,2.9,0,2,original,False,6.178200099683475,17.210779832851532,12
normal,18373,normal_0551,30,2022-07-12 01:10:29.247,3.0,0,2,original,False,5.469816069806006,17.210779832851532,12
normal,18374,normal_0551,31,2022-07-12 01:10:29.347,3.1,0,2,original,False,5.418344610471412,17.210779832851532,12
normal,18375,normal_0551,32,2022-07-12 01:10:29.447,3.2,0,2,original,False,3.428368362283591,17.210779832851532,12
normal,18376,normal_0551,33,2022-07-12 01:10:29.547,3.3,0,2,original,False,3.8636578820538174,17.210779832851532,12
normal,18377,normal_0551,34,2022-07-12 01:10:29.647,3.4,0,2,original,False,4.337513071185963,17.210779832851532,12
normal,18378,normal_0551,35,2022-07-12 01:10:29.747,3.5,0,2,original,False,4.818302554885609,17.210779832851532,12
normal,18379,normal_0551,36,2022-07-12 01:10:29.847,3.6,0,2,original,False,4.4323550851998315,17.210779832851532,12
normal,18380,normal_0551,37,2022-07-12 01:10:29.947,3.7,0,2,original,False,7.01875653092787,17.210779832851532,12
normal,18381,normal_0551,38,2022-07-12 01:10:30.047,3.8,0,2,original,False,5.732060539674344,17.210779832851532,12
normal,18382,normal_0551,39,2022-07-12 01:10:30.147,3.9,0,2,original,False,5.79972807333555,17.210779832851532,12
normal,18383,normal_0551,40,2022-07-12 01:10:30.247,4.0,0,2,original,False,5.7441741997271105,17.210779832851532,12
normal,18384,normal_0551,41,2022-07-12 01:10:30.347,4.1,0,2,original,False,6.014467838042554,17.210779832851532,12
normal,18385,normal_0551,42,2022-07-12 01:10:30.447,4.2,0,2,original,False,6.376691723923909,17.210779832851532,12
normal,18386,normal_0551,43,2022-07-12 01:10:30.547,4.3,0,2,original,False,7.031384008507951,17.210779832851532,12
normal,18387,normal_0551,44,2022-07-12 01:10:30.647,4.4,0,2,original,False,5.349151029035173,17.210779832851532,12
normal,18388,normal_0551,45,2022-07-12 01:10:30.747,4.5,0,2,original,False,5.54247109512549,17.210779832851532,12
normal,18389,normal_0552,0,2022-07-12 01:10:34.272,0.0,0,2,original,False,,17.210779832851532,3
normal,18390,normal_0552,1,2022-07-12 01:10:34.372,0.1,0,2,original,False,,17.210779832851532,6
normal,18391,normal_0552,2,2022-07-12 01:10:34.472,0.2,0,2,original,False,,17.210779832851532,9
normal,18392,normal_0552,3,2022-07-12 01:10:34.572,0.3,0,2,original,False,5.369240487639735,17.210779832851532,12
normal,18393,normal_0552,4,2022-07-12 01:10:34.672,0.4,0,2,original,False,4.398486937889641,17.210779832851532,12
normal,18394,normal_0552,5,2022-07-12 01:10:34.772,0.5,0,2,original,False,4.7701978679054795,17.210779832851532,12
normal,18395,normal_0552,6,2022-07-12 01:10:34.872,0.6,0,2,original,False,5.22147045930456,17.210779832851532,12
normal,18396,normal_0552,7,2022-07-12 01:10:34.972,0.7,0,2,original,False,5.5747735328177415,17.210779832851532,12
normal,18397,normal_0552,8,2022-07-12 01:10:35.072,0.8,0,2,original,False,5.962720325447077,17.210779832851532,12
normal,18398,normal_0552,9,2022-07-12 01:10:35.172,0.9,0,2,original,False,4.98429699647925,17.210779832851532,12
normal,18399,normal_0552,10,2022-07-12 01:10:35.272,1.0,0,2,original,False,5.205663498153439,17.210779832851532,12
normal,18400,normal_0552,11,2022-07-12 01:10:35.372,1.1,0,2,original,False,6.1439676303040756,17.210779832851532,12
normal,18401,normal_0552,12,2022-07-12 01:10:35.472,1.2,0,2,original,False,6.0285057649786955,17.210779832851532,12
normal,18402,normal_0552,13,2022-07-12 01:10:35.572,1.3,0,2,original,False,5.90955910709226,17.210779832851532,12
normal,18403,normal_0552,14,2022-07-12 01:10:35.672,1.4,0,2,original,False,6.424681056510732,17.210779832851532,12
normal,18404,normal_0552,15,2022-07-12 01:10:35.772,1.5,0,2,original,False,6.397801065110729,17.210779832851532,12
normal,18405,normal_0552,16,2022-07-12 01:10:35.872,1.6,0,2,original,False,7.311401294706498,17.210779832851532,12
normal,18406,normal_0552,17,2022-07-12 01:10:35.972,1.7,0,2,original,False,3.5725070505612027,17.210779832851532,12
normal,18407,normal_0552,18,2022-07-12 01:10:36.072,1.8,0,2,original,False,4.097599477781923,17.210779832851532,12
normal,18408,normal_0552,19,2022-07-12 01:10:36.172,1.9,0,2,original,False,5.574299517188875,17.210779832851532,12
normal,18409,normal_0552,20,2022-07-12 01:10:36.272,2.0,0,2,original,False,4.743486428524264,17.210779832851532,12
normal,18410,normal_0552,21,2022-07-12 01:10:36.372,2.1,0,2,original,False,4.883878017774555,17.210779832851532,12
normal,18411,normal_0552,22,2022-07-12 01:10:36.472,2.2,0,2,original,False,5.810237864607748,17.210779832851532,12
normal,18412,normal_0552,23,2022-07-12 01:10:36.572,2.3,0,2,original,False,5.927196811850428,17.210779832851532,12
normal,18413,normal_0552,24,2022-07-12 01:10:36.672,2.4,0,2,original,False,5.485625498830867,17.210779832851532,12
normal,18414,normal_0552,25,2022-07-12 01:10:36.772,2.5,0,2,original,False,5.962354953139022,17.210779832851532,12
normal,18415,normal_0552,26,2022-07-12 01:10:36.872,2.6,0,2,original,False,5.458893256780407,17.210779832851532,12
normal,18416,normal_0552,27,2022-07-12 01:10:36.972,2.7,0,2,original,False,6.163293419687335,17.210779832851532,12
normal,18417,normal_0552,28,2022-07-12 01:10:37.072,2.8,0,2,original,False,5.4133186932023065,17.210779832851532,12
normal,18418,normal_0552,29,2022-07-12 01:10:37.172,2.9,0,2,original,False,5.342052182875456,17.210779832851532,12
normal,18419,normal_0552,30,2022-07-12 01:10:37.272,3.0,0,2,original,False,6.004845103055102,17.210779832851532,12
normal,18420,normal_0552,31,2022-07-12 01:10:37.372,3.1,0,2,original,False,5.302802885023904,17.210779832851532,12
normal,18421,normal_0552,32,2022-07-12 01:10:37.472,3.2,0,2,original,False,7.524353407752386,17.210779832851532,12
normal,18422,normal_0552,33,2022-07-12 01:10:37.572,3.3,0,2,original,False,4.636300518167358,17.210779832851532,12
normal,18423,normal_0552,34,2022-07-12 01:10:37.672,3.4,0,2,original,False,3.2979332181508445,17.210779832851532,12
normal,18424,normal_0552,35,2022-07-12 01:10:37.772,3.5,0,2,original,False,4.191076103923611,17.210779832851532,12
normal,18425,normal_0552,36,2022-07-12 01:10:37.872,3.6,0,2,original,False,6.31566911125716,17.210779832851532,12
normal,18426,normal_0552,37,2022-07-12 01:10:37.972,3.7,0,2,original,False,5.338095272312539,17.210779832851532,12
normal,18427,normal_0552,38,2022-07-12 01:10:38.072,3.8,0,2,original,False,5.048619270785847,17.210779832851532,12
normal,18428,normal_0552,39,2022-07-12 01:10:38.172,3.9,0,2,original,False,5.481445965764763,17.210779832851532,12
normal,18429,normal_0552,40,2022-07-12 01:10:38.272,4.0,0,2,original,False,7.724888702464029,17.210779832851532,12
normal,18430,normal_0552,41,2022-07-12 01:10:38.372,4.1,0,2,original,False,9.145415040427197,17.210779832851532,12
normal,18431,normal_0552,42,2022-07-12 01:10:38.472,4.2,0,2,original,False,6.426938121407613,17.210779832851532,12
normal,18432,normal_0552,43,2022-07-12 01:10:38.572,4.3,0,2,original,False,8.417654193098397,17.210779832851532,12
normal,18433,normal_0552,44,2022-07-12 01:10:38.672,4.4,0,2,original,False,8.448586789744699,17.210779832851532,12
normal,18434,normal_0553,0,2022-07-12 01:10:42.242,0.0,0,2,original,False,,17.210779832851532,3
normal,18435,normal_0553,1,2022-07-12 01:10:42.342,0.1,0,2,original,False,,17.210779832851532,6
normal,18436,normal_0553,2,2022-07-12 01:10:42.442,0.2,0,2,original,False,,17.210779832851532,9
normal,18437,normal_0553,3,2022-07-12 01:10:42.542,0.3,0,2,original,False,5.703147769772283,17.210779832851532,12
normal,18438,normal_0553,4,2022-07-12 01:10:42.642,0.4,0,2,original,False,5.46396367724132,17.210779832851532,12
normal,18439,normal_0553,5,2022-07-12 01:10:42.742,0.5,0,2,original,False,4.419644523086861,17.210779832851532,12
normal,18440,normal_0553,6,2022-07-12 01:10:42.842,0.6,0,2,original,False,5.095387521237807,17.210779832851532,12
normal,18441,normal_0553,7,2022-07-12 01:10:42.942,0.7,0,2,original,False,4.7039014717416725,17.210779832851532,12
normal,18442,normal_0553,8,2022-07-12 01:10:43.042,0.8,0,2,original,False,4.291233445558821,17.210779832851532,12
normal,18443,normal_0553,9,2022-07-12 01:10:43.142,0.9,0,2,original,False,4.105795003662701,17.210779832851532,12
normal,18444,normal_0553,10,2022-07-12 01:10:43.242,1.0,0,2,original,False,5.299088831332278,17.210779832851532,12
normal,18445,normal_0553,11,2022-07-12 01:10:43.342,1.1,0,2,original,False,5.342407323267188,17.210779832851532,12
normal,18446,normal_0553,12,2022-07-12 01:10:43.442,1.2,0,2,original,False,3.173852914799305,17.210779832851532,12
normal,18447,normal_0553,13,2022-07-12 01:10:43.542,1.3,0,2,original,False,4.298301441348492,17.210779832851532,12
normal,18448,normal_0553,14,2022-07-12 01:10:43.642,1.4,0,2,original,False,3.601802773347654,17.210779832851532,12
normal,18449,normal_0553,15,2022-07-12 01:10:43.742,1.5,0,2,original,False,3.5721603280777487,17.210779832851532,12
normal,18450,normal_0553,16,2022-07-12 01:10:43.842,1.6,0,2,original,False,4.5747824235482515,17.210779832851532,12
normal,18451,normal_0553,17,2022-07-12 01:10:43.942,1.7,0,2,original,False,4.65809097393194,17.210779832851532,12
normal,18452,normal_0553,18,2022-07-12 01:10:44.042,1.8,0,2,original,False,5.57720042020002,17.210779832851532,12
normal,18453,normal_0553,19,2022-07-12 01:10:44.142,1.9,0,2,original,False,5.9833370260398935,17.210779832851532,12
normal,18454,normal_0553,20,2022-07-12 01:10:44.242,2.0,0,2,original,False,4.829021492910931,17.210779832851532,12
normal,18455,normal_0553,21,2022-07-12 01:10:44.342,2.1,0,2,original,False,5.002098422441633,17.210779832851532,12
normal,18456,normal_0553,22,2022-07-12 01:10:44.442,2.2,0,2,original,False,3.7635565844525454,17.210779832851532,12
normal,18457,normal_0553,23,2022-07-12 01:10:44.542,2.3,0,2,original,False,5.0457635179827,17.210779832851532,12
normal,18458,normal_0553,24,2022-07-12 01:10:44.642,2.4,0,2,original,False,4.8762149057311825,17.210779832851532,12
normal,18459,normal_0553,25,2022-07-12 01:10:44.742,2.5,0,2,original,False,5.600993131457132,17.210779832851532,12
normal,18460,normal_0553,26,2022-07-12 01:10:44.842,2.6,0,2,original,False,4.248893813640415,17.210779832851532,12
normal,18461,normal_0553,27,2022-07-12 01:10:44.942,2.7,0,2,original,False,6.936694590596552,17.210779832851532,12
normal,18462,normal_0553,28,2022-07-12 01:10:45.042,2.8,0,2,original,False,6.277193276609957,17.210779832851532,12
normal,18463,normal_0553,29,2022-07-12 01:10:45.142,2.9,0,2,original,False,6.244705611041258,17.210779832851532,12
normal,18464,normal_0553,30,2022-07-12 01:10:45.242,3.0,0,2,original,False,5.951059645413909,17.210779832851532,12
normal,18465,normal_0554,0,2022-07-12 01:10:50.426,0.0,0,2,original,False,,17.210779832851532,3
normal,18466,normal_0554,1,2022-07-12 01:10:50.526,0.1,0,2,original,False,,17.210779832851532,6
normal,18467,normal_0554,2,2022-07-12 01:10:50.626,0.2,0,2,original,False,,17.210779832851532,9
normal,18468,normal_0554,3,2022-07-12 01:10:50.726,0.3,0,2,original,False,6.511836431286811,17.210779832851532,12
normal,18469,normal_0554,4,2022-07-12 01:10:50.826,0.4,0,2,original,False,6.590946023945528,17.210779832851532,12
normal,18470,normal_0554,5,2022-07-12 01:10:50.926,0.5,0,2,original,False,9.015385941995904,17.210779832851532,12
normal,18471,normal_0554,6,2022-07-12 01:10:51.026,0.6,0,2,original,False,8.62113106857837,17.210779832851532,12
normal,18472,normal_0554,7,2022-07-12 01:10:51.126,0.7,0,2,original,False,5.926851568602299,17.210779832851532,12
normal,18473,normal_0554,8,2022-07-12 01:10:51.226,0.8,0,2,original,False,4.801533122486416,17.210779832851532,12
normal,18474,normal_0554,9,2022-07-12 01:10:51.326,0.9,0,2,original,False,7.147379360624801,17.210779832851532,12
normal,18475,normal_0554,10,2022-07-12 01:10:51.426,1.0,0,2,original,False,7.564520746124326,17.210779832851532,12
normal,18476,normal_0554,11,2022-07-12 01:10:51.526,1.1,0,2,original,False,5.403088011546427,17.210779832851532,12
normal,18477,normal_0554,12,2022-07-12 01:10:51.626,1.2,0,2,original,False,5.323791404605015,17.210779832851532,12
normal,18478,normal_0554,13,2022-07-12 01:10:51.726,1.3,0,2,original,False,5.035784565756132,17.210779832851532,12
normal,18479,normal_0554,14,2022-07-12 01:10:51.826,1.4,0,2,original,False,4.546980688430681,17.210779832851532,12
normal,18480,normal_0554,15,2022-07-12 01:10:51.926,1.5,0,2,original,False,6.366437221705933,17.210779832851532,12
normal,18481,normal_0554,16,2022-07-12 01:10:52.026,1.6,0,2,original,False,7.058526656191203,17.210779832851532,12
normal,18482,normal_0555,0,2022-07-12 01:10:58.467,0.0,0,2,original,False,,17.210779832851532,3
normal,18483,normal_0555,1,2022-07-12 01:10:58.567,0.1,0,2,original,False,,17.210779832851532,6
normal,18484,normal_0555,2,2022-07-12 01:10:58.667,0.2,0,2,original,False,,17.210779832851532,9
normal,18485,normal_0556,0,2022-07-12 01:11:00.537,0.0,0,2,original,False,,17.210779832851532,3
normal,18486,normal_0556,1,2022-07-12 01:11:00.637,0.1,0,2,original,False,,17.210779832851532,6
normal,18487,normal_0556,2,2022-07-12 01:11:00.737,0.2,0,2,original,False,,17.210779832851532,9
normal,18488,normal_0556,3,2022-07-12 01:11:00.837,0.3,0,2,original,False,5.60044006668333,17.210779832851532,12
normal,18489,normal_0556,4,2022-07-12 01:11:00.937,0.4,0,2,original,False,5.265232112866117,17.210779832851532,12
normal,18490,normal_0556,5,2022-07-12 01:11:01.037,0.5,0,2,original,False,5.559301343150679,17.210779832851532,12
normal,18491,normal_0556,6,2022-07-12 01:11:01.137,0.6,0,2,original,False,6.392178584205182,17.210779832851532,12
normal,18492,normal_0556,7,2022-07-12 01:11:01.237,0.7,0,2,original,False,6.23378977040754,17.210779832851532,12
normal,18493,normal_0556,8,2022-07-12 01:11:01.337,0.8,0,2,original,False,4.982545581130171,17.210779832851532,12
normal,18494,normal_0556,9,2022-07-12 01:11:01.437,0.9,0,2,original,False,4.757199974888351,17.210779832851532,12
normal,18495,normal_0556,10,2022-07-12 01:11:01.537,1.0,0,2,original,False,6.176468873232283,17.210779832851532,12
normal,18496,normal_0556,11,2022-07-12 01:11:01.637,1.1,0,2,original,False,5.823260715582763,17.210779832851532,12
normal,18497,normal_0556,12,2022-07-12 01:11:01.737,1.2,0,2,original,False,5.676971189092705,17.210779832851532,12
normal,18498,normal_0556,13,2022-07-12 01:11:01.837,1.3,0,2,original,False,6.113042917111057,17.210779832851532,12
normal,18499,normal_0556,14,2022-07-12 01:11:01.937,1.4,0,2,original,False,5.056765988405258,17.210779832851532,12
normal,18500,normal_0556,15,2022-07-12 01:11:02.037,1.5,0,2,original,False,5.806833718427178,17.210779832851532,12
normal,18501,normal_0556,16,2022-07-12 01:11:02.137,1.6,0,2,original,False,6.204981391538172,17.210779832851532,12
normal,18502,normal_0556,17,2022-07-12 01:11:02.237,1.7,0,2,original,False,5.072889684846352,17.210779832851532,12
normal,18503,normal_0556,18,2022-07-12 01:11:02.337,1.8,0,2,original,False,5.634708917531998,17.210779832851532,12
normal,18504,normal_0556,19,2022-07-12 01:11:02.437,1.9,0,2,original,False,5.7276150315228875,17.210779832851532,12
normal,18505,normal_0556,20,2022-07-12 01:11:02.537,2.0,0,2,original,False,5.306015081396559,17.210779832851532,12
normal,18506,normal_0556,21,2022-07-12 01:11:02.637,2.1,0,2,original,False,5.269953423360642,17.210779832851532,12
normal,18507,normal_0556,22,2022-07-12 01:11:02.737,2.2,0,2,original,False,5.072724377883369,17.210779832851532,12
normal,18508,normal_0556,23,2022-07-12 01:11:02.837,2.3,0,2,original,False,5.746622127072325,17.210779832851532,12
normal,18509,normal_0556,24,2022-07-12 01:11:02.937,2.4,0,2,original,False,4.971609131745465,17.210779832851532,12
normal,18510,normal_0556,25,2022-07-12 01:11:03.037,2.5,0,2,original,False,4.549339044718969,17.210779832851532,12
normal,18511,normal_0556,26,2022-07-12 01:11:03.137,2.6,0,2,original,False,5.242759122694593,17.210779832851532,12
normal,18512,normal_0556,27,2022-07-12 01:11:03.237,2.7,0,2,original,False,7.563904965434328,17.210779832851532,12
normal,18513,normal_0556,28,2022-07-12 01:11:03.337,2.8,0,2,original,False,5.893970077455678,17.210779832851532,12
normal,18514,normal_0556,29,2022-07-12 01:11:03.437,2.9,0,2,original,False,7.6009418421748,17.210779832851532,12
normal,18515,normal_0556,30,2022-07-12 01:11:03.537,3.0,0,2,original,False,6.665225362515339,17.210779832851532,12
normal,18516,normal_0556,31,2022-07-12 01:11:03.637,3.1,0,2,original,False,5.792156252137989,17.210779832851532,12
normal,18517,normal_0556,32,2022-07-12 01:11:03.737,3.2,0,2,original,False,4.696718223816681,17.210779832851532,12
normal,18518,normal_0556,33,2022-07-12 01:11:03.837,3.3,0,2,original,False,4.361778918876257,17.210779832851532,12
normal,18519,normal_0556,34,2022-07-12 01:11:03.937,3.4,0,2,original,False,5.199616872539067,17.210779832851532,12
normal,18520,normal_0556,35,2022-07-12 01:11:04.037,3.5,0,2,original,False,4.279367431425172,17.210779832851532,12
normal,18521,normal_0556,36,2022-07-12 01:11:04.137,3.6,0,2,original,False,5.070549178470114,17.210779832851532,12
normal,18522,normal_0556,37,2022-07-12 01:11:04.237,3.7,0,2,original,False,4.185205025530316,17.210779832851532,12
normal,18523,normal_0556,38,2022-07-12 01:11:04.337,3.8,0,2,original,False,4.7546070103516955,17.210779832851532,12
normal,18524,normal_0556,39,2022-07-12 01:11:04.437,3.9,0,2,original,False,3.150201786869526,17.210779832851532,12
normal,18525,normal_0556,40,2022-07-12 01:11:04.537,4.0,0,2,original,False,5.288872332976065,17.210779832851532,12
normal,18526,normal_0556,41,2022-07-12 01:11:04.637,4.1,0,2,original,False,5.062539565008164,17.210779832851532,12
normal,18527,normal_0556,42,2022-07-12 01:11:04.737,4.2,0,2,original,False,4.0163483645217,17.210779832851532,12
normal,18528,normal_0556,43,2022-07-12 01:11:04.837,4.3,0,2,original,False,4.497265479606104,17.210779832851532,12
normal,18529,normal_0556,44,2022-07-12 01:11:04.937,4.4,0,2,original,False,6.226773181655269,17.210779832851532,12
normal,18530,normal_0556,45,2022-07-12 01:11:05.037,4.5,0,2,original,False,6.883033935890172,17.210779832851532,12
normal,18531,normal_0556,46,2022-07-12 01:11:05.137,4.6,0,2,original,False,7.5552081094116295,17.210779832851532,12
normal,18532,normal_0556,47,2022-07-12 01:11:05.237,4.7,0,2,original,False,8.005035992284903,17.210779832851532,12
normal,18533,normal_0556,48,2022-07-12 01:11:05.337,4.8,0,2,original,False,6.031553789099923,17.210779832851532,12
normal,18534,normal_0556,49,2022-07-12 01:11:05.437,4.9,0,2,original,False,6.161185258020352,17.210779832851532,12
normal,18535,normal_0557,0,2022-07-12 01:11:07.348,0.0,0,2,original,False,,17.210779832851532,3
normal,18536,normal_0557,1,2022-07-12 01:11:07.448,0.1,0,2,original,False,,17.210779832851532,6
normal,18537,normal_0557,2,2022-07-12 01:11:07.548,0.2,0,2,original,False,,17.210779832851532,9
normal,18538,normal_0557,3,2022-07-12 01:11:07.648,0.3,0,2,original,False,6.207887154145892,17.210779832851532,12
normal,18539,normal_0557,4,2022-07-12 01:11:07.748,0.4,0,2,original,False,5.3450561236370895,17.210779832851532,12
normal,18540,normal_0557,5,2022-07-12 01:11:07.848,0.5,0,2,original,False,6.697704646489643,17.210779832851532,12
normal,18541,normal_0557,6,2022-07-12 01:11:07.948,0.6,0,2,original,False,7.077591197884273,17.210779832851532,12
normal,18542,normal_0557,7,2022-07-12 01:11:08.048,0.7,0,2,original,False,5.70239070074028,17.210779832851532,12
normal,18543,normal_0557,8,2022-07-12 01:11:08.148,0.8,0,2,original,False,4.837543014830312,17.210779832851532,12
normal,18544,normal_0557,9,2022-07-12 01:11:08.248,0.9,0,2,original,False,4.276310826996042,17.210779832851532,12
normal,18545,normal_0557,10,2022-07-12 01:11:08.348,1.0,0,2,original,False,4.92490619505566,17.210779832851532,12
normal,18546,normal_0557,11,2022-07-12 01:11:08.448,1.1,0,2,original,False,4.880544608395476,17.210779832851532,12
normal,18547,normal_0557,12,2022-07-12 01:11:08.548,1.2,0,2,original,False,4.5698954148728514,17.210779832851532,12
normal,18548,normal_0557,13,2022-07-12 01:11:08.648,1.3,0,2,original,False,4.6389009728232855,17.210779832851532,12
normal,18549,normal_0557,14,2022-07-12 01:11:08.748,1.4,0,2,original,False,4.731426476617673,17.210779832851532,12
normal,18550,normal_0557,15,2022-07-12 01:11:08.848,1.5,0,2,original,False,4.6681102750724515,17.210779832851532,12
normal,18551,normal_0557,16,2022-07-12 01:11:08.948,1.6,0,2,original,False,5.60772946487872,17.210779832851532,12
normal,18552,normal_0557,17,2022-07-12 01:11:09.048,1.7,0,2,original,False,3.8497005914160027,17.210779832851532,12
normal,18553,normal_0557,18,2022-07-12 01:11:09.148,1.8,0,2,original,False,3.608665573925588,17.210779832851532,12
normal,18554,normal_0557,19,2022-07-12 01:11:09.248,1.9,0,2,original,False,3.6398334104415615,17.210779832851532,12
normal,18555,normal_0557,20,2022-07-12 01:11:09.348,2.0,0,2,original,False,3.847102949983352,17.210779832851532,12
normal,18556,normal_0557,21,2022-07-12 01:11:09.448,2.1,0,2,original,False,4.8544987779291615,17.210779832851532,12
normal,18557,normal_0557,22,2022-07-12 01:11:09.548,2.2,0,2,original,False,5.613869995243382,17.210779832851532,12
normal,18558,normal_0557,23,2022-07-12 01:11:09.648,2.3,0,2,original,False,6.111031988487078,17.210779832851532,12
normal,18559,normal_0557,24,2022-07-12 01:11:09.748,2.4,0,2,original,False,6.750810007757612,17.210779832851532,12
normal,18560,normal_0557,25,2022-07-12 01:11:09.848,2.5,0,2,original,False,5.844397353385354,17.210779832851532,12
normal,18561,normal_0557,26,2022-07-12 01:11:09.948,2.6,0,2,original,False,6.190780136530092,17.210779832851532,12
normal,18562,normal_0557,27,2022-07-12 01:11:10.048,2.7,0,2,original,False,6.599821293452911,17.210779832851532,12
normal,18563,normal_0557,28,2022-07-12 01:11:10.148,2.8,0,2,original,False,6.736337462795284,17.210779832851532,12
normal,18564,normal_0557,29,2022-07-12 01:11:10.248,2.9,0,2,original,False,5.7590436662822295,17.210779832851532,12
normal,18565,normal_0557,30,2022-07-12 01:11:10.348,3.0,0,2,original,False,5.686788745926855,17.210779832851532,12
normal,18566,normal_0557,31,2022-07-12 01:11:10.448,3.1,0,2,original,False,3.9039958497551375,17.210779832851532,12
normal,18567,normal_0557,32,2022-07-12 01:11:10.548,3.2,0,2,original,False,4.5996103097478365,17.210779832851532,12
normal,18568,normal_0557,33,2022-07-12 01:11:10.648,3.3,0,2,original,False,5.098421850071821,17.210779832851532,12
normal,18569,normal_0557,34,2022-07-12 01:11:10.748,3.4,0,2,original,False,3.260271387761308,17.210779832851532,12
normal,18570,normal_0557,35,2022-07-12 01:11:10.848,3.5,0,2,original,False,3.8511062773545808,17.210779832851532,12
normal,18571,normal_0557,36,2022-07-12 01:11:10.948,3.6,0,2,original,False,2.939311035004475,17.210779832851532,12
normal,18572,normal_0557,37,2022-07-12 01:11:11.048,3.7,0,2,original,False,2.962376392155751,17.210779832851532,12
normal,18573,normal_0557,38,2022-07-12 01:11:11.148,3.8,0,2,original,False,4.317010763944819,17.210779832851532,12
normal,18574,normal_0557,39,2022-07-12 01:11:11.248,3.9,0,2,original,False,5.364286277962019,17.210779832851532,12
normal,18575,normal_0557,40,2022-07-12 01:11:11.348,4.0,0,2,original,False,4.989842949074175,17.210779832851532,12
normal,18576,normal_0557,41,2022-07-12 01:11:11.448,4.1,0,2,original,False,6.44258811603618,17.210779832851532,12
normal,18577,normal_0557,42,2022-07-12 01:11:11.548,4.2,0,2,original,False,5.88437869604217,17.210779832851532,12
normal,18578,normal_0557,43,2022-07-12 01:11:11.648,4.3,0,2,original,False,6.107888286919494,17.210779832851532,12
normal,18579,normal_0557,44,2022-07-12 01:11:11.748,4.4,0,2,original,False,7.26084587458288,17.210779832851532,12
normal,18580,normal_0557,45,2022-07-12 01:11:11.848,4.5,0,2,original,False,7.75268125463844,17.210779832851532,12
normal,18581,normal_0557,46,2022-07-12 01:11:11.948,4.6,0,2,original,False,8.282139079073174,17.210779832851532,12
normal,18582,normal_0557,47,2022-07-12 01:11:12.048,4.7,0,2,original,False,6.232205155010832,17.210779832851532,12
normal,18583,normal_0557,48,2022-07-12 01:11:12.148,4.8,0,2,original,False,7.159604847577326,17.210779832851532,12
normal,18584,normal_0557,49,2022-07-12 01:11:12.248,4.9,0,2,original,False,8.191686622718242,17.210779832851532,12
normal,18585,normal_0558,0,2022-07-12 01:11:14.704,0.0,0,2,original,False,,17.210779832851532,3
normal,18586,normal_0558,1,2022-07-12 01:11:14.804,0.1,0,2,original,False,,17.210779832851532,6
normal,18587,normal_0558,2,2022-07-12 01:11:14.904,0.2,0,2,original,False,,17.210779832851532,9
normal,18588,normal_0558,3,2022-07-12 01:11:15.004,0.3,0,2,original,False,5.242718548497371,17.210779832851532,12
normal,18589,normal_0558,4,2022-07-12 01:11:15.104,0.4,0,2,original,False,6.015500816637619,17.210779832851532,12
normal,18590,normal_0558,5,2022-07-12 01:11:15.204,0.5,0,2,original,False,7.297044085733106,17.210779832851532,12
normal,18591,normal_0558,6,2022-07-12 01:11:15.304,0.6,0,2,original,False,7.7932464823970165,17.210779832851532,12
normal,18592,normal_0558,7,2022-07-12 01:11:15.404,0.7,0,2,original,False,7.721189352313533,17.210779832851532,12
normal,18593,normal_0558,8,2022-07-12 01:11:15.504,0.8,0,2,original,False,7.824526367440587,17.210779832851532,12
normal,18594,normal_0558,9,2022-07-12 01:11:15.604,0.9,0,2,original,False,5.4204684114504325,17.210779832851532,12
normal,18595,normal_0558,10,2022-07-12 01:11:15.704,1.0,0,2,original,False,6.278336629470052,17.210779832851532,12
normal,18596,normal_0558,11,2022-07-12 01:11:15.804,1.1,0,2,original,False,7.758548146278542,17.210779832851532,12
normal,18597,normal_0558,12,2022-07-12 01:11:15.904,1.2,0,2,original,False,7.168888601045658,17.210779832851532,12
normal,18598,normal_0558,13,2022-07-12 01:11:16.004,1.3,0,2,original,False,4.378999856298537,17.210779832851532,12
normal,18599,normal_0558,14,2022-07-12 01:11:16.104,1.4,0,2,original,False,5.207611212078304,17.210779832851532,12
normal,18600,normal_0558,15,2022-07-12 01:11:16.204,1.5,0,2,original,False,4.930643750541994,17.210779832851532,12
normal,18601,normal_0558,16,2022-07-12 01:11:16.304,1.6,0,2,original,False,4.130015391136506,17.210779832851532,12
normal,18602,normal_0558,17,2022-07-12 01:11:16.404,1.7,0,2,original,False,4.032746602487732,17.210779832851532,12
normal,18603,normal_0558,18,2022-07-12 01:11:16.504,1.8,0,2,original,False,4.065622006791671,17.210779832851532,12
normal,18604,normal_0558,19,2022-07-12 01:11:16.604,1.9,0,2,original,False,4.1707819300425495,17.210779832851532,12
normal,18605,normal_0558,20,2022-07-12 01:11:16.704,2.0,0,2,original,False,3.54183162654894,17.210779832851532,12
normal,18606,normal_0558,21,2022-07-12 01:11:16.804,2.1,0,2,original,False,4.999625845414873,17.210779832851532,12
normal,18607,normal_0558,22,2022-07-12 01:11:16.904,2.2,0,2,original,False,6.674972720694999,17.210779832851532,12
normal,18608,normal_0558,23,2022-07-12 01:11:17.004,2.3,0,2,original,False,4.601730241924265,17.210779832851532,12
normal,18609,normal_0558,24,2022-07-12 01:11:17.104,2.4,0,2,original,False,3.672860358823102,17.210779832851532,12
normal,18610,normal_0558,25,2022-07-12 01:11:17.204,2.5,0,2,original,False,4.150124947790644,17.210779832851532,12
normal,18611,normal_0558,26,2022-07-12 01:11:17.304,2.6,0,2,original,False,4.190513185911285,17.210779832851532,12
normal,18612,normal_0558,27,2022-07-12 01:11:17.404,2.7,0,2,original,False,3.7357078638993895,17.210779832851532,12
normal,18613,normal_0558,28,2022-07-12 01:11:17.504,2.8,0,2,original,False,6.365617461992926,17.210779832851532,12
normal,18614,normal_0558,29,2022-07-12 01:11:17.604,2.9,0,2,original,False,4.158965955987041,17.210779832851532,12
normal,18615,normal_0558,30,2022-07-12 01:11:17.704,3.0,0,2,original,False,4.864257342737243,17.210779832851532,12
normal,18616,normal_0558,31,2022-07-12 01:11:17.804,3.1,0,2,original,False,4.4078009414243,17.210779832851532,12
normal,18617,normal_0558,32,2022-07-12 01:11:17.904,3.2,0,2,original,False,6.589689324219682,17.210779832851532,12
normal,18618,normal_0558,33,2022-07-12 01:11:18.004,3.3,0,2,original,False,6.4021138524316274,17.210779832851532,12
normal,18619,normal_0558,34,2022-07-12 01:11:18.104,3.4,0,2,original,False,4.170751008413833,17.210779832851532,12
normal,18620,normal_0558,35,2022-07-12 01:11:18.204,3.5,0,2,original,False,4.409378533527104,17.210779832851532,12
normal,18621,normal_0558,36,2022-07-12 01:11:18.304,3.6,0,2,original,False,5.813587741845473,17.210779832851532,12
normal,18622,normal_0558,37,2022-07-12 01:11:18.404,3.7,0,2,original,False,5.378801345457745,17.210779832851532,12
normal,18623,normal_0558,38,2022-07-12 01:11:18.504,3.8,0,2,original,False,4.742576640526153,17.210779832851532,12
normal,18624,normal_0558,39,2022-07-12 01:11:18.604,3.9,0,2,original,False,7.915617927031271,17.210779832851532,12
normal,18625,normal_0558,40,2022-07-12 01:11:18.704,4.0,0,2,original,False,6.043402900872197,17.210779832851532,12
normal,18626,normal_0558,41,2022-07-12 01:11:18.804,4.1,0,2,original,False,4.656348864189943,17.210779832851532,12
normal,18627,normal_0558,42,2022-07-12 01:11:18.904,4.2,0,2,original,False,4.665922486207148,17.210779832851532,12
normal,18628,normal_0558,43,2022-07-12 01:11:19.004,4.3,0,2,original,False,6.706585588661349,17.210779832851532,12
normal,18629,normal_0558,44,2022-07-12 01:11:19.104,4.4,0,2,original,False,7.011254672862681,17.210779832851532,12
normal,18630,normal_0559,0,2022-07-12 01:11:22.827,0.0,0,2,original,False,,17.210779832851532,3
normal,18631,normal_0559,1,2022-07-12 01:11:22.927,0.1,0,2,original,False,,17.210779832851532,6
normal,18632,normal_0559,2,2022-07-12 01:11:23.027,0.2,0,2,original,False,,17.210779832851532,9
normal,18633,normal_0559,3,2022-07-12 01:11:23.127,0.3,0,2,original,False,7.892096386878363,17.210779832851532,12
normal,18634,normal_0559,4,2022-07-12 01:11:23.227,0.4,0,2,original,False,7.236866538502857,17.210779832851532,12
normal,18635,normal_0559,5,2022-07-12 01:11:23.327,0.5,0,2,original,False,6.364817855217651,17.210779832851532,12
normal,18636,normal_0559,6,2022-07-12 01:11:23.427,0.6,0,2,original,False,7.765345971398581,17.210779832851532,12
normal,18637,normal_0559,7,2022-07-12 01:11:23.527,0.7,0,2,original,False,6.7703786118851275,17.210779832851532,12
normal,18638,normal_0559,8,2022-07-12 01:11:23.627,0.8,0,2,original,False,6.882614222880696,17.210779832851532,12
normal,18639,normal_0559,9,2022-07-12 01:11:23.727,0.9,0,2,original,False,6.834437181234388,17.210779832851532,12
normal,18640,normal_0559,10,2022-07-12 01:11:23.827,1.0,0,2,original,False,8.527117594361126,17.210779832851532,12
normal,18641,normal_0559,11,2022-07-12 01:11:23.927,1.1,0,2,original,False,6.972114590940017,17.210779832851532,12
normal,18642,normal_0559,12,2022-07-12 01:11:24.027,1.2,0,2,original,False,9.317017420534233,17.210779832851532,12
normal,18643,normal_0559,13,2022-07-12 01:11:24.127,1.3,0,2,original,False,9.964391400471762,17.210779832851532,12
normal,18644,normal_0559,14,2022-07-12 01:11:24.227,1.4,0,2,original,False,9.91127667321461,17.210779832851532,12
normal,18645,normal_0559,15,2022-07-12 01:11:24.327,1.5,0,2,original,False,8.463042889099253,17.210779832851532,12
normal,18646,normal_0559,16,2022-07-12 01:11:24.427,1.6,0,2,original,False,7.206878552290588,17.210779832851532,12
normal,18647,normal_0559,17,2022-07-12 01:11:24.527,1.7,0,2,original,False,8.897346976615268,17.210779832851532,12
normal,18648,normal_0559,18,2022-07-12 01:11:24.627,1.8,0,2,original,False,8.905031776393452,17.210779832851532,12
normal,18649,normal_0559,19,2022-07-12 01:11:24.727,1.9,0,2,original,False,7.778818687690362,17.210779832851532,12
normal,18650,normal_0559,20,2022-07-12 01:11:24.827,2.0,0,2,original,False,7.360075358618583,17.210779832851532,12
normal,18651,normal_0559,21,2022-07-12 01:11:24.927,2.1,0,2,original,False,4.8981035765779275,17.210779832851532,12
normal,18652,normal_0559,22,2022-07-12 01:11:25.027,2.2,0,2,original,False,4.897572142894328,17.210779832851532,12
normal,18653,normal_0559,23,2022-07-12 01:11:25.127,2.3,0,2,original,False,5.773329776177661,17.210779832851532,12
normal,18654,normal_0559,24,2022-07-12 01:11:25.227,2.4,0,2,original,False,5.092806820407052,17.210779832851532,12
normal,18655,normal_0559,25,2022-07-12 01:11:25.327,2.5,0,2,original,False,4.588004809644146,17.210779832851532,12
normal,18656,normal_0559,26,2022-07-12 01:11:25.427,2.6,0,2,original,False,5.248513496750291,17.210779832851532,12
normal,18657,normal_0559,27,2022-07-12 01:11:25.527,2.7,0,2,original,False,4.50905104775557,17.210779832851532,12
normal,18658,normal_0559,28,2022-07-12 01:11:25.627,2.8,0,2,original,False,4.906834361702543,17.210779832851532,12
normal,18659,normal_0559,29,2022-07-12 01:11:25.727,2.9,0,2,original,False,4.502400874062733,17.210779832851532,12
normal,18660,normal_0560,0,2022-07-12 01:11:30.788,0.0,0,2,original,False,,17.210779832851532,3
normal,18661,normal_0560,1,2022-07-12 01:11:30.888,0.1,0,2,original,False,,17.210779832851532,6
normal,18662,normal_0560,2,2022-07-12 01:11:30.988,0.2,0,2,original,False,,17.210779832851532,9
normal,18663,normal_0560,3,2022-07-12 01:11:31.088,0.3,0,2,original,False,6.625568272242248,17.210779832851532,12
normal,18664,normal_0560,4,2022-07-12 01:11:31.188,0.4,0,2,original,False,6.513485233176327,17.210779832851532,12
normal,18665,normal_0560,5,2022-07-12 01:11:31.288,0.5,0,2,original,False,5.004200985700592,17.210779832851532,12
normal,18666,normal_0560,6,2022-07-12 01:11:31.388,0.6,0,2,original,False,4.529145939491952,17.210779832851532,12
normal,18667,normal_0560,7,2022-07-12 01:11:31.488,0.7,0,2,original,False,6.794872955544778,17.210779832851532,12
normal,18668,normal_0560,8,2022-07-12 01:11:31.588,0.8,0,2,original,False,6.5141846999442805,17.210779832851532,12
normal,18669,normal_0560,9,2022-07-12 01:11:31.688,0.9,0,2,original,False,5.3397827216385485,17.210779832851532,12
normal,18670,normal_0560,10,2022-07-12 01:11:31.788,1.0,0,2,original,False,6.147709521610613,17.210779832851532,12
normal,18671,normal_0560,11,2022-07-12 01:11:31.888,1.1,0,2,original,False,5.261579698501043,17.210779832851532,12
normal,18672,normal_0560,12,2022-07-12 01:11:31.988,1.2,0,2,original,False,5.221874940544264,17.210779832851532,12
normal,18673,normal_0560,13,2022-07-12 01:11:32.088,1.3,0,2,original,False,3.6809001949036837,17.210779832851532,12
normal,18674,normal_0560,14,2022-07-12 01:11:32.188,1.4,0,2,original,False,4.991995920989722,17.210779832851532,12
normal,18675,normal_0560,15,2022-07-12 01:11:32.288,1.5,0,2,original,False,4.993802855373433,17.210779832851532,12
normal,18676,normal_0560,16,2022-07-12 01:11:32.388,1.6,0,2,original,False,5.263266949354068,17.210779832851532,12
normal,18677,normal_0560,17,2022-07-12 01:11:32.488,1.7,0,2,original,False,3.125805091864749,17.210779832851532,12
normal,18678,normal_0560,18,2022-07-12 01:11:32.588,1.8,0,2,original,False,4.867765556490576,17.210779832851532,12
normal,18679,normal_0561,0,2022-07-12 01:11:38.853,0.0,0,2,original,False,,17.210779832851532,3
normal,18680,normal_0561,1,2022-07-12 01:11:38.953,0.1,0,2,original,False,,17.210779832851532,6
normal,18681,normal_0561,2,2022-07-12 01:11:39.053,0.2,0,2,original,False,,17.210779832851532,9
normal,18682,normal_0561,3,2022-07-12 01:11:39.153,0.3,0,2,original,False,6.624916559436029,17.210779832851532,12
normal,18683,normal_0561,4,2022-07-12 01:11:39.253,0.4,0,2,original,False,6.879758296231697,17.210779832851532,12
normal,18684,normal_0562,0,2022-07-12 01:11:47.790,0.0,0,2,original,False,,17.210779832851532,3
normal,18685,normal_0562,1,2022-07-12 01:11:47.890,0.1,0,2,original,False,,17.210779832851532,6
normal,18686,normal_0562,2,2022-07-12 01:11:47.990,0.2,0,2,original,False,,17.210779832851532,9
normal,18687,normal_0562,3,2022-07-12 01:11:48.090,0.3,0,2,original,False,6.9013621043899835,17.210779832851532,12
normal,18688,normal_0562,4,2022-07-12 01:11:48.190,0.4,0,2,original,False,7.330852302155248,17.210779832851532,12
normal,18689,normal_0562,5,2022-07-12 01:11:48.290,0.5,0,2,original,False,7.780944477111729,17.210779832851532,12
normal,18690,normal_0562,6,2022-07-12 01:11:48.390,0.6,0,2,original,False,7.614592219687421,17.210779832851532,12
normal,18691,normal_0562,7,2022-07-12 01:11:48.490,0.7,0,2,original,False,7.4711662001954195,17.210779832851532,12
normal,18692,normal_0562,8,2022-07-12 01:11:48.590,0.8,0,2,original,False,5.815515357083097,17.210779832851532,12
normal,18693,normal_0562,9,2022-07-12 01:11:48.690,0.9,0,2,original,False,4.821183222204611,17.210779832851532,12
normal,18694,normal_0562,10,2022-07-12 01:11:48.790,1.0,0,2,original,False,4.863236240590934,17.210779832851532,12
normal,18695,normal_0562,11,2022-07-12 01:11:48.890,1.1,0,2,original,False,4.859788809727773,17.210779832851532,12
normal,18696,normal_0562,12,2022-07-12 01:11:48.990,1.2,0,2,original,False,3.8292344092258785,17.210779832851532,12
normal,18697,normal_0562,13,2022-07-12 01:11:49.090,1.3,0,2,original,False,5.208670385363226,17.210779832851532,12
normal,18698,normal_0562,14,2022-07-12 01:11:49.190,1.4,0,2,original,False,7.301355367761766,17.210779832851532,12
normal,18699,normal_0562,15,2022-07-12 01:11:49.290,1.5,0,2,original,False,9.141646541831053,17.210779832851532,12
normal,18700,normal_0562,16,2022-07-12 01:11:49.390,1.6,0,2,original,False,5.716355505797186,17.210779832851532,12
normal,18701,normal_0562,17,2022-07-12 01:11:49.490,1.7,0,2,original,False,5.665279148375597,17.210779832851532,12
normal,18702,normal_0562,18,2022-07-12 01:11:49.590,1.8,0,2,original,False,4.287265505740415,17.210779832851532,12
normal,18703,normal_0562,19,2022-07-12 01:11:49.690,1.9,0,2,original,False,5.17644183509603,17.210779832851532,12
normal,18704,normal_0562,20,2022-07-12 01:11:49.790,2.0,0,2,original,False,5.3065269578076935,17.210779832851532,12
normal,18705,normal_0562,21,2022-07-12 01:11:49.890,2.1,0,2,original,False,5.6877067486612445,17.210779832851532,12
normal,18706,normal_0562,22,2022-07-12 01:11:49.990,2.2,0,2,original,False,6.160089682731942,17.210779832851532,12
normal,18707,normal_0562,23,2022-07-12 01:11:50.090,2.3,0,2,original,False,8.441803727225244,17.210779832851532,12
normal,18708,normal_0562,24,2022-07-12 01:11:50.190,2.4,0,2,original,False,8.337908352940085,17.210779832851532,12
normal,18709,normal_0562,25,2022-07-12 01:11:50.290,2.5,0,2,original,False,7.672423072556465,17.210779832851532,12
normal,18710,normal_0562,26,2022-07-12 01:11:50.390,2.6,0,2,original,False,5.701871091914649,17.210779832851532,12
normal,18711,normal_0562,27,2022-07-12 01:11:50.490,2.7,0,2,original,False,7.090896177295249,17.210779832851532,12
normal,18712,normal_0562,28,2022-07-12 01:11:50.590,2.8,0,2,original,False,6.621250190202239,17.210779832851532,12
normal,18713,normal_0562,29,2022-07-12 01:11:50.690,2.9,0,2,original,False,5.538122388591338,17.210779832851532,12
normal,18714,normal_0562,30,2022-07-12 01:11:50.790,3.0,0,2,original,False,6.310196792584449,17.210779832851532,12
normal,18715,normal_0562,31,2022-07-12 01:11:50.890,3.1,0,2,original,False,8.25659943328829,17.210779832851532,12
normal,18716,normal_0562,32,2022-07-12 01:11:50.990,3.2,0,2,original,False,7.07914772472368,17.210779832851532,12
normal,18717,normal_0562,33,2022-07-12 01:11:51.090,3.3,0,2,original,False,6.149495082164518,17.210779832851532,12
normal,18718,normal_0562,34,2022-07-12 01:11:51.190,3.4,0,2,original,False,5.24994720776717,17.210779832851532,12
normal,18719,normal_0562,35,2022-07-12 01:11:51.290,3.5,0,2,original,False,5.094242028653121,17.210779832851532,12
normal,18720,normal_0562,36,2022-07-12 01:11:51.390,3.6,0,2,original,False,6.235037788918449,17.210779832851532,12
normal,18721,normal_0562,37,2022-07-12 01:11:51.490,3.7,0,2,original,False,5.741516723375492,17.210779832851532,12
normal,18722,normal_0562,38,2022-07-12 01:11:51.590,3.8,0,2,original,False,7.817944809671399,17.210779832851532,12
normal,18723,normal_0562,39,2022-07-12 01:11:51.690,3.9,0,2,original,False,8.357488311102763,17.210779832851532,12
normal,18724,normal_0562,40,2022-07-12 01:11:51.790,4.0,0,2,original,False,7.336963123474536,17.210779832851532,12
normal,18725,normal_0562,41,2022-07-12 01:11:51.890,4.1,0,2,original,False,4.746177035383075,17.210779832851532,12
normal,18726,normal_0562,42,2022-07-12 01:11:51.990,4.2,0,2,original,False,4.662457398528816,17.210779832851532,12
normal,18727,normal_0562,43,2022-07-12 01:11:52.090,4.3,0,2,original,False,5.641851492121946,17.210779832851532,12
normal,18728,normal_0562,44,2022-07-12 01:11:52.190,4.4,0,2,original,False,6.559310602380306,17.210779832851532,12
normal,18729,normal_0562,45,2022-07-12 01:11:52.290,4.5,0,2,original,False,6.0710678501442565,17.210779832851532,12
normal,18730,normal_0562,46,2022-07-12 01:11:52.390,4.6,0,2,original,False,7.171229433704828,17.210779832851532,12
normal,18731,normal_0562,47,2022-07-12 01:11:52.490,4.7,0,2,original,False,8.050219258068743,17.210779832851532,12
normal,18732,normal_0562,48,2022-07-12 01:11:52.590,4.8,0,2,original,False,9.421303935462618,17.210779832851532,12
normal,18733,normal_0562,49,2022-07-12 01:11:52.690,4.9,0,2,original,False,7.139990685143101,17.210779832851532,12
normal,18734,normal_0563,0,2022-07-12 01:11:55.696,0.0,0,2,original,False,,17.210779832851532,3
normal,18735,normal_0563,1,2022-07-12 01:11:55.796,0.1,0,2,original,False,,17.210779832851532,6
normal,18736,normal_0563,2,2022-07-12 01:11:55.896,0.2,0,2,original,False,,17.210779832851532,9
normal,18737,normal_0563,3,2022-07-12 01:11:55.996,0.3,0,2,original,False,10.055044842179987,17.210779832851532,12
normal,18738,normal_0563,4,2022-07-12 01:11:56.096,0.4,0,2,original,False,9.31758319245128,17.210779832851532,12
normal,18739,normal_0563,5,2022-07-12 01:11:56.196,0.5,0,2,original,False,6.21543635765336,17.210779832851532,12
normal,18740,normal_0563,6,2022-07-12 01:11:56.296,0.6,0,2,original,False,5.435320455668254,17.210779832851532,12
normal,18741,normal_0563,7,2022-07-12 01:11:56.396,0.7,0,2,original,False,7.208238398715881,17.210779832851532,12
normal,18742,normal_0563,8,2022-07-12 01:11:56.496,0.8,0,2,original,False,7.589816778087107,17.210779832851532,12
normal,18743,normal_0563,9,2022-07-12 01:11:56.596,0.9,0,2,original,False,6.031056610632354,17.210779832851532,12
normal,18744,normal_0563,10,2022-07-12 01:11:56.696,1.0,0,2,original,False,5.616763224558741,17.210779832851532,12
normal,18745,normal_0563,11,2022-07-12 01:11:56.796,1.1,0,2,original,False,6.527006007009459,17.210779832851532,12
normal,18746,normal_0563,12,2022-07-12 01:11:56.896,1.2,0,2,original,False,6.700712372376248,17.210779832851532,12
normal,18747,normal_0563,13,2022-07-12 01:11:56.996,1.3,0,2,original,False,7.582412307760145,17.210779832851532,12
normal,18748,normal_0563,14,2022-07-12 01:11:57.096,1.4,0,2,original,False,4.121706123740133,17.210779832851532,12
normal,18749,normal_0563,15,2022-07-12 01:11:57.196,1.5,0,2,original,False,4.557922248406983,17.210779832851532,12
normal,18750,normal_0563,16,2022-07-12 01:11:57.296,1.6,0,2,original,False,4.544669426616129,17.210779832851532,12
normal,18751,normal_0563,17,2022-07-12 01:11:57.396,1.7,0,2,original,False,4.403016464331838,17.210779832851532,12
normal,18752,normal_0563,18,2022-07-12 01:11:57.496,1.8,0,2,original,False,4.728708434299118,17.210779832851532,12
normal,18753,normal_0563,19,2022-07-12 01:11:57.596,1.9,0,2,original,False,5.1552768118436045,17.210779832851532,12
normal,18754,normal_0563,20,2022-07-12 01:11:57.696,2.0,0,2,original,False,5.797762503136046,17.210779832851532,12
normal,18755,normal_0563,21,2022-07-12 01:11:57.796,2.1,0,2,original,False,6.388979255666094,17.210779832851532,12
normal,18756,normal_0563,22,2022-07-12 01:11:57.896,2.2,0,2,original,False,4.849331799223387,17.210779832851532,12
normal,18757,normal_0563,23,2022-07-12 01:11:57.996,2.3,0,2,original,False,4.6139956354823415,17.210779832851532,12
normal,18758,normal_0563,24,2022-07-12 01:11:58.096,2.4,0,2,original,False,4.871770384111933,17.210779832851532,12
normal,18759,normal_0563,25,2022-07-12 01:11:58.196,2.5,0,2,original,False,4.704415523502824,17.210779832851532,12
normal,18760,normal_0563,26,2022-07-12 01:11:58.296,2.6,0,2,original,False,5.846172508081688,17.210779832851532,12
normal,18761,normal_0563,27,2022-07-12 01:11:58.396,2.7,0,2,original,False,8.360374439551363,17.210779832851532,12
normal,18762,normal_0563,28,2022-07-12 01:11:58.496,2.8,0,2,original,False,7.657216549769638,17.210779832851532,12
normal,18763,normal_0563,29,2022-07-12 01:11:58.596,2.9,0,2,original,False,8.736744461129126,17.210779832851532,12
normal,18764,normal_0563,30,2022-07-12 01:11:58.696,3.0,0,2,original,False,7.317335698460258,17.210779832851532,12
normal,18765,normal_0563,31,2022-07-12 01:11:58.796,3.1,0,2,original,False,5.092548733569411,17.210779832851532,12
normal,18766,normal_0563,32,2022-07-12 01:11:58.896,3.2,0,2,original,False,5.796840503611852,17.210779832851532,12
normal,18767,normal_0563,33,2022-07-12 01:11:58.996,3.3,0,2,original,False,7.739197380112401,17.210779832851532,12
normal,18768,normal_0563,34,2022-07-12 01:11:59.096,3.4,0,2,original,False,7.079463457181666,17.210779832851532,12
normal,18769,normal_0563,35,2022-07-12 01:11:59.196,3.5,0,2,original,False,6.419234782630702,17.210779832851532,12
normal,18770,normal_0563,36,2022-07-12 01:11:59.296,3.6,0,2,original,False,6.927011804081363,17.210779832851532,12
normal,18771,normal_0563,37,2022-07-12 01:11:59.396,3.7,0,2,original,False,6.3396115185836015,17.210779832851532,12
normal,18772,normal_0563,38,2022-07-12 01:11:59.496,3.8,0,2,original,False,6.073182320315702,17.210779832851532,12
normal,18773,normal_0563,39,2022-07-12 01:11:59.596,3.9,0,2,original,False,4.907334807490634,17.210779832851532,12
normal,18774,normal_0563,40,2022-07-12 01:11:59.696,4.0,0,2,original,False,5.086073817263528,17.210779832851532,12
normal,18775,normal_0563,41,2022-07-12 01:11:59.796,4.1,0,2,original,False,4.403010280329746,17.210779832851532,12
normal,18776,normal_0563,42,2022-07-12 01:11:59.896,4.2,0,2,original,False,4.593048058958375,17.210779832851532,12
normal,18777,normal_0563,43,2022-07-12 01:11:59.996,4.3,0,2,original,False,3.799903979265453,17.210779832851532,12
normal,18778,normal_0563,44,2022-07-12 01:12:00.096,4.4,0,2,original,False,6.438608278856891,17.210779832851532,12
normal,18779,normal_0563,45,2022-07-12 01:12:00.196,4.5,0,2,original,False,5.995682946239828,17.210779832851532,12
normal,18780,normal_0563,46,2022-07-12 01:12:00.296,4.6,0,2,original,False,8.022200343314623,17.210779832851532,12
normal,18781,normal_0563,47,2022-07-12 01:12:00.396,4.7,0,2,original,False,5.48078323254427,17.210779832851532,12
normal,18782,normal_0563,48,2022-07-12 01:12:00.496,4.8,0,2,original,False,6.97993377903235,17.210779832851532,12
normal,18783,normal_0563,49,2022-07-12 01:12:00.596,4.9,0,2,original,False,7.927368985616338,17.210779832851532,12
normal,18784,normal_0564,0,2022-07-12 01:12:03.184,0.0,0,2,original,False,,17.210779832851532,3
normal,18785,normal_0564,1,2022-07-12 01:12:03.284,0.1,0,2,original,False,,17.210779832851532,6
normal,18786,normal_0564,2,2022-07-12 01:12:03.384,0.2,0,2,original,False,,17.210779832851532,9
normal,18787,normal_0564,3,2022-07-12 01:12:03.484,0.3,0,2,original,False,7.058825740276045,17.210779832851532,12
normal,18788,normal_0564,4,2022-07-12 01:12:03.584,0.4,0,2,original,False,11.77826583786693,17.210779832851532,12
normal,18789,normal_0564,5,2022-07-12 01:12:03.684,0.5,0,2,original,False,13.899268653849942,17.210779832851532,12
normal,18790,normal_0564,6,2022-07-12 01:12:03.784,0.6,0,2,original,False,15.484509318972483,17.210779832851532,12
normal,18791,normal_0564,7,2022-07-12 01:12:03.884,0.7,0,2,original,False,12.969525836345468,17.210779832851532,12
normal,18792,normal_0564,8,2022-07-12 01:12:03.984,0.8,0,2,original,False,11.806601890744037,17.210779832851532,12
normal,18793,normal_0564,9,2022-07-12 01:12:04.084,0.9,0,2,original,False,15.611920581922062,17.210779832851532,12
normal,18794,normal_0564,10,2022-07-12 01:12:04.184,1.0,0,2,original,False,11.313469971967564,17.210779832851532,12
normal,18795,normal_0564,11,2022-07-12 01:12:04.284,1.1,0,2,original,False,8.78138536652797,17.210779832851532,12
normal,18796,normal_0564,12,2022-07-12 01:12:04.384,1.2,0,2,original,False,10.543878803506656,17.210779832851532,12
normal,18797,normal_0564,13,2022-07-12 01:12:04.484,1.3,0,2,original,False,8.866858238133664,17.210779832851532,12
normal,18798,normal_0564,14,2022-07-12 01:12:04.584,1.4,0,2,original,False,10.884668331679478,17.210779832851532,12
normal,18799,normal_0564,15,2022-07-12 01:12:04.684,1.5,0,2,original,False,10.522324597839052,17.210779832851532,12
normal,18800,normal_0564,16,2022-07-12 01:12:04.784,1.6,0,2,original,False,7.430733792751403,17.210779832851532,12
normal,18801,normal_0564,17,2022-07-12 01:12:04.884,1.7,0,2,original,False,5.503381476486322,17.210779832851532,12
normal,18802,normal_0564,18,2022-07-12 01:12:04.984,1.8,0,2,original,False,5.602390272865497,17.210779832851532,12
normal,18803,normal_0564,19,2022-07-12 01:12:05.084,1.9,0,2,original,False,4.837967914194145,17.210779832851532,12
normal,18804,normal_0564,20,2022-07-12 01:12:05.184,2.0,0,2,original,False,6.5597453545904125,17.210779832851532,12
normal,18805,normal_0564,21,2022-07-12 01:12:05.284,2.1,0,2,original,False,6.108321101046358,17.210779832851532,12
normal,18806,normal_0564,22,2022-07-12 01:12:05.384,2.2,0,2,original,False,8.453377274171087,17.210779832851532,12
normal,18807,normal_0564,23,2022-07-12 01:12:05.484,2.3,0,2,original,False,7.880553780112091,17.210779832851532,12
normal,18808,normal_0564,24,2022-07-12 01:12:05.584,2.4,0,2,original,False,7.509290455776025,17.210779832851532,12
normal,18809,normal_0564,25,2022-07-12 01:12:05.684,2.5,0,2,original,False,4.700535402222502,17.210779832851532,12
normal,18810,normal_0564,26,2022-07-12 01:12:05.784,2.6,0,2,original,False,6.124603097355064,17.210779832851532,12
normal,18811,normal_0564,27,2022-07-12 01:12:05.884,2.7,0,2,original,False,5.4688332853333685,17.210779832851532,12
normal,18812,normal_0564,28,2022-07-12 01:12:05.984,2.8,0,2,original,False,5.529662096022571,17.210779832851532,12
normal,18813,normal_0564,29,2022-07-12 01:12:06.084,2.9,0,2,original,False,6.359062927093861,17.210779832851532,12
normal,18814,normal_0564,30,2022-07-12 01:12:06.184,3.0,0,2,original,False,5.926832970585661,17.210779832851532,12
normal,18815,normal_0564,31,2022-07-12 01:12:06.284,3.1,0,2,original,False,6.28107296820927,17.210779832851532,12
normal,18816,normal_0564,32,2022-07-12 01:12:06.384,3.2,0,2,original,False,7.74330969961036,17.210779832851532,12
normal,18817,normal_0564,33,2022-07-12 01:12:06.484,3.3,0,2,original,False,7.445579189724057,17.210779832851532,12
normal,18818,normal_0564,34,2022-07-12 01:12:06.584,3.4,0,2,original,False,6.3528170550184315,17.210779832851532,12
normal,18819,normal_0564,35,2022-07-12 01:12:06.684,3.5,0,2,original,False,7.1883061502224885,17.210779832851532,12
normal,18820,normal_0564,36,2022-07-12 01:12:06.784,3.6,0,2,original,False,8.95778480791087,17.210779832851532,12
normal,18821,normal_0564,37,2022-07-12 01:12:06.884,3.7,0,2,original,False,13.574684715929015,17.210779832851532,12
normal,18822,normal_0564,38,2022-07-12 01:12:06.984,3.8,0,2,original,False,13.70962296052697,17.210779832851532,12
normal,18823,normal_0564,39,2022-07-12 01:12:07.084,3.9,0,2,original,False,16.3268170818726,17.210779832851532,12
normal,18824,normal_0564,40,2022-07-12 01:12:07.184,4.0,0,2,original,False,13.04685419164278,17.210779832851532,12
normal,18825,normal_0564,41,2022-07-12 01:12:07.284,4.1,0,2,original,False,11.455274179058016,17.210779832851532,12
normal,18826,normal_0564,42,2022-07-12 01:12:07.384,4.2,0,2,original,False,5.884580631801069,17.210779832851532,12
normal,18827,normal_0564,43,2022-07-12 01:12:07.484,4.3,0,2,original,False,8.56990178628235,17.210779832851532,12
normal,18828,normal_0565,0,2022-07-12 01:12:11.247,0.0,0,2,original,False,,17.210779832851532,3
normal,18829,normal_0565,1,2022-07-12 01:12:11.347,0.1,0,2,original,False,,17.210779832851532,6
normal,18830,normal_0565,2,2022-07-12 01:12:11.447,0.2,0,2,original,False,,17.210779832851532,9
normal,18831,normal_0565,3,2022-07-12 01:12:11.547,0.3,0,2,original,False,7.519637714122881,17.210779832851532,12
normal,18832,normal_0565,4,2022-07-12 01:12:11.647,0.4,0,2,original,False,7.379075463966701,17.210779832851532,12
normal,18833,normal_0565,5,2022-07-12 01:12:11.747,0.5,0,2,original,False,6.468236921956719,17.210779832851532,12
normal,18834,normal_0565,6,2022-07-12 01:12:11.847,0.6,0,2,original,False,6.84015997324924,17.210779832851532,12
normal,18835,normal_0565,7,2022-07-12 01:12:11.947,0.7,0,2,original,False,6.456267648716331,17.210779832851532,12
normal,18836,normal_0565,8,2022-07-12 01:12:12.047,0.8,0,2,original,False,8.381716728913586,17.210779832851532,12
normal,18837,normal_0565,9,2022-07-12 01:12:12.147,0.9,0,2,original,False,7.972147589455723,17.210779832851532,12
normal,18838,normal_0565,10,2022-07-12 01:12:12.247,1.0,0,2,original,False,6.8693215987494485,17.210779832851532,12
normal,18839,normal_0565,11,2022-07-12 01:12:12.347,1.1,0,2,original,False,6.73041725478712,17.210779832851532,12
normal,18840,normal_0565,12,2022-07-12 01:12:12.447,1.2,0,2,original,False,6.250895370294642,17.210779832851532,12
normal,18841,normal_0565,13,2022-07-12 01:12:12.547,1.3,0,2,original,False,7.239139431127098,17.210779832851532,12
normal,18842,normal_0565,14,2022-07-12 01:12:12.647,1.4,0,2,original,False,6.795768349269332,17.210779832851532,12
normal,18843,normal_0565,15,2022-07-12 01:12:12.747,1.5,0,2,original,False,9.367783371661107,17.210779832851532,12
normal,18844,normal_0565,16,2022-07-12 01:12:12.847,1.6,0,2,original,False,8.579560001000399,17.210779832851532,12
normal,18845,normal_0565,17,2022-07-12 01:12:12.947,1.7,0,2,original,False,9.627817157613329,17.210779832851532,12
normal,18846,normal_0565,18,2022-07-12 01:12:13.047,1.8,0,2,original,False,7.172119882387691,17.210779832851532,12
normal,18847,normal_0565,19,2022-07-12 01:12:13.147,1.9,0,2,original,False,8.267554557412764,17.210779832851532,12
normal,18848,normal_0565,20,2022-07-12 01:12:13.247,2.0,0,2,original,False,7.44024396686831,17.210779832851532,12
normal,18849,normal_0565,21,2022-07-12 01:12:13.347,2.1,0,2,original,False,6.377866852817669,17.210779832851532,12
normal,18850,normal_0565,22,2022-07-12 01:12:13.447,2.2,0,2,original,False,6.965672526126332,17.210779832851532,12
normal,18851,normal_0565,23,2022-07-12 01:12:13.547,2.3,0,2,original,False,7.7984946430055055,17.210779832851532,12
normal,18852,normal_0565,24,2022-07-12 01:12:13.647,2.4,0,2,original,False,8.237249957805226,17.210779832851532,12
normal,18853,normal_0565,25,2022-07-12 01:12:13.747,2.5,0,2,original,False,6.809095801475186,17.210779832851532,12
normal,18854,normal_0565,26,2022-07-12 01:12:13.847,2.6,0,2,original,False,7.353210394019173,17.210779832851532,12
normal,18855,normal_0565,27,2022-07-12 01:12:13.947,2.7,0,2,original,False,7.272002726836275,17.210779832851532,12
normal,18856,normal_0565,28,2022-07-12 01:12:14.047,2.8,0,2,original,False,6.361837333076287,17.210779832851532,12
normal,18857,normal_0565,29,2022-07-12 01:12:14.147,2.9,0,2,original,False,7.272440912700247,17.210779832851532,12
normal,18858,normal_0566,0,2022-07-12 01:12:19.195,0.0,0,2,original,False,,17.210779832851532,3
normal,18859,normal_0566,1,2022-07-12 01:12:19.295,0.1,0,2,original,False,,17.210779832851532,6
normal,18860,normal_0566,2,2022-07-12 01:12:19.395,0.2,0,2,original,False,,17.210779832851532,9
normal,18861,normal_0566,3,2022-07-12 01:12:19.495,0.3,0,2,original,False,5.645182690129951,17.210779832851532,12
normal,18862,normal_0566,4,2022-07-12 01:12:19.595,0.4,0,2,original,False,7.239867580477479,17.210779832851532,12
normal,18863,normal_0566,5,2022-07-12 01:12:19.695,0.5,0,2,original,False,7.237395022598954,17.210779832851532,12
normal,18864,normal_0566,6,2022-07-12 01:12:19.795,0.6,0,2,original,False,8.817000364624432,17.210779832851532,12
normal,18865,normal_0566,7,2022-07-12 01:12:19.895,0.7,0,2,original,False,6.56522508282121,17.210779832851532,12
normal,18866,normal_0566,8,2022-07-12 01:12:19.995,0.8,0,2,original,False,5.422273938644436,17.210779832851532,12
normal,18867,normal_0566,9,2022-07-12 01:12:20.095,0.9,0,2,original,False,5.214313579173255,17.210779832851532,12
normal,18868,normal_0566,10,2022-07-12 01:12:20.195,1.0,0,2,original,False,5.494932959811567,17.210779832851532,12
normal,18869,normal_0566,11,2022-07-12 01:12:20.295,1.1,0,2,original,False,7.2856225210127095,17.210779832851532,12
normal,18870,normal_0566,12,2022-07-12 01:12:20.395,1.2,0,2,original,False,6.968942994567728,17.210779832851532,12
normal,18871,normal_0566,13,2022-07-12 01:12:20.495,1.3,0,2,original,False,7.698178870509456,17.210779832851532,12
normal,18872,normal_0566,14,2022-07-12 01:12:20.595,1.4,0,2,original,False,8.139450389708077,17.210779832851532,12
normal,18873,normal_0566,15,2022-07-12 01:12:20.695,1.5,0,2,original,False,6.483126097122479,17.210779832851532,12
normal,18874,normal_0566,16,2022-07-12 01:12:20.795,1.6,0,2,original,False,5.708269988868542,17.210779832851532,12
normal,18875,normal_0566,17,2022-07-12 01:12:20.895,1.7,0,2,original,False,5.554283126730854,17.210779832851532,12
normal,18876,normal_0567,0,2022-07-12 01:12:27.208,0.0,0,2,original,False,,17.210779832851532,3
normal,18877,normal_0567,1,2022-07-12 01:12:27.308,0.1,0,2,original,False,,17.210779832851532,6
normal,18878,normal_0567,2,2022-07-12 01:12:27.408,0.2,0,2,original,False,,17.210779832851532,9
normal,18879,normal_0567,3,2022-07-12 01:12:27.508,0.3,0,2,original,False,9.645660744858116,17.210779832851532,12
normal,18880,normal_0568,0,2022-07-12 01:12:29.385,0.0,0,2,original,False,,17.210779832851532,3
normal,18881,normal_0568,1,2022-07-12 01:12:29.485,0.1,0,2,original,False,,17.210779832851532,6
normal,18882,normal_0568,2,2022-07-12 01:12:29.585,0.2,0,2,original,False,,17.210779832851532,9
normal,18883,normal_0568,3,2022-07-12 01:12:29.685,0.3,0,2,original,False,8.21707566899957,17.210779832851532,12
normal,18884,normal_0568,4,2022-07-12 01:12:29.785,0.4,0,2,original,False,7.329689292741516,17.210779832851532,12
normal,18885,normal_0568,5,2022-07-12 01:12:29.885,0.5,0,2,original,False,5.824073281929385,17.210779832851532,12
normal,18886,normal_0568,6,2022-07-12 01:12:29.985,0.6,0,2,original,False,6.579572894440636,17.210779832851532,12
normal,18887,normal_0568,7,2022-07-12 01:12:30.085,0.7,0,2,original,False,7.139480146786239,17.210779832851532,12
normal,18888,normal_0568,8,2022-07-12 01:12:30.185,0.8,0,2,original,False,6.747343750918192,17.210779832851532,12
normal,18889,normal_0568,9,2022-07-12 01:12:30.285,0.9,0,2,original,False,10.107974508141899,17.210779832851532,12
normal,18890,normal_0568,10,2022-07-12 01:12:30.385,1.0,0,2,original,False,10.71390582782714,17.210779832851532,12
normal,18891,normal_0568,11,2022-07-12 01:12:30.485,1.1,0,2,original,False,12.123179501455718,17.210779832851532,12
normal,18892,normal_0568,12,2022-07-12 01:12:30.585,1.2,0,2,original,False,7.333268677905726,17.210779832851532,12
normal,18893,normal_0568,13,2022-07-12 01:12:30.685,1.3,0,2,original,False,9.253435744326367,17.210779832851532,12
normal,18894,normal_0568,14,2022-07-12 01:12:30.785,1.4,0,2,original,False,10.10805179100665,17.210779832851532,12
normal,18895,normal_0568,15,2022-07-12 01:12:30.885,1.5,0,2,original,False,7.0616427096161365,17.210779832851532,12
normal,18896,normal_0568,16,2022-07-12 01:12:30.985,1.6,0,2,original,False,8.354014782058497,17.210779832851532,12
normal,18897,normal_0568,17,2022-07-12 01:12:31.085,1.7,0,2,original,False,9.983425707578316,17.210779832851532,12
normal,18898,normal_0568,18,2022-07-12 01:12:31.185,1.8,0,2,original,False,12.166670105846785,17.210779832851532,12
normal,18899,normal_0568,19,2022-07-12 01:12:31.285,1.9,0,2,original,False,10.936299333354317,17.210779832851532,12
normal,18900,normal_0568,20,2022-07-12 01:12:31.385,2.0,0,2,original,False,8.773959117462171,17.210779832851532,12
normal,18901,normal_0568,21,2022-07-12 01:12:31.485,2.1,0,2,original,False,10.868934346017543,17.210779832851532,12
normal,18902,normal_0568,22,2022-07-12 01:12:31.585,2.2,0,2,original,False,8.679172266291719,17.210779832851532,12
normal,18903,normal_0568,23,2022-07-12 01:12:31.685,2.3,0,2,original,False,7.791213064499874,17.210779832851532,12
normal,18904,normal_0568,24,2022-07-12 01:12:31.785,2.4,0,2,original,False,7.836215820597255,17.210779832851532,12
normal,18905,normal_0568,25,2022-07-12 01:12:31.885,2.5,0,2,original,False,7.013000122476805,17.210779832851532,12
normal,18906,normal_0568,26,2022-07-12 01:12:31.985,2.6,0,2,original,False,8.637987712066318,17.210779832851532,12
normal,18907,normal_0568,27,2022-07-12 01:12:32.085,2.7,0,2,original,False,8.907181156654351,17.210779832851532,12
normal,18908,normal_0568,28,2022-07-12 01:12:32.185,2.8,0,2,original,False,9.1266348458971,17.210779832851532,12
normal,18909,normal_0568,29,2022-07-12 01:12:32.285,2.9,0,2,original,False,7.379581396401132,17.210779832851532,12
normal,18910,normal_0568,30,2022-07-12 01:12:32.385,3.0,0,2,original,False,8.683169014274615,17.210779832851532,12
normal,18911,normal_0568,31,2022-07-12 01:12:32.485,3.1,0,2,original,False,6.793809690895277,17.210779832851532,12
normal,18912,normal_0568,32,2022-07-12 01:12:32.585,3.2,0,2,original,False,5.930635325420568,17.210779832851532,12
normal,18913,normal_0568,33,2022-07-12 01:12:32.685,3.3,0,2,original,False,6.703518775173837,17.210779832851532,12
normal,18914,normal_0568,34,2022-07-12 01:12:32.785,3.4,0,2,original,False,8.976706347892524,17.210779832851532,12
normal,18915,normal_0568,35,2022-07-12 01:12:32.885,3.5,0,2,original,False,11.459899016995138,17.210779832851532,12
normal,18916,normal_0568,36,2022-07-12 01:12:32.985,3.6,0,2,original,False,10.854060235096156,17.210779832851532,12
normal,18917,normal_0568,37,2022-07-12 01:12:33.085,3.7,0,2,original,False,9.181763188814667,17.210779832851532,12
normal,18918,normal_0568,38,2022-07-12 01:12:33.185,3.8,0,2,original,False,9.86857586126052,17.210779832851532,12
normal,18919,normal_0568,39,2022-07-12 01:12:33.285,3.9,0,2,original,False,7.298848077939432,17.210779832851532,12
normal,18920,normal_0568,40,2022-07-12 01:12:33.385,4.0,0,2,original,False,8.550170230426001,17.210779832851532,12
normal,18921,normal_0568,41,2022-07-12 01:12:33.485,4.1,0,2,original,False,6.882159814957359,17.210779832851532,12
normal,18922,normal_0568,42,2022-07-12 01:12:33.585,4.2,0,2,original,False,8.250658206260303,17.210779832851532,12
normal,18923,normal_0568,43,2022-07-12 01:12:33.685,4.3,0,2,original,False,10.21902632157788,17.210779832851532,12
normal,18924,normal_0568,44,2022-07-12 01:12:33.785,4.4,0,2,original,False,9.305577625256863,17.210779832851532,12
normal,18925,normal_0568,45,2022-07-12 01:12:33.885,4.5,0,2,original,False,8.142523813537323,17.210779832851532,12
normal,18926,normal_0568,46,2022-07-12 01:12:33.985,4.6,0,2,original,False,8.27730836504741,17.210779832851532,12
normal,18927,normal_0568,47,2022-07-12 01:12:34.085,4.7,0,2,original,False,7.504553555574072,17.210779832851532,12
normal,18928,normal_0568,48,2022-07-12 01:12:34.185,4.8,0,2,original,False,7.820357938435861,17.210779832851532,12
normal,18929,normal_0568,49,2022-07-12 01:12:34.285,4.9,0,2,original,False,9.035470405603709,17.210779832851532,12
normal,18930,normal_0569,0,2022-07-12 01:12:36.055,0.0,0,2,original,False,,17.210779832851532,3
normal,18931,normal_0569,1,2022-07-12 01:12:36.155,0.1,0,2,original,False,,17.210779832851532,6
normal,18932,normal_0569,2,2022-07-12 01:12:36.255,0.2,0,2,original,False,,17.210779832851532,9
normal,18933,normal_0569,3,2022-07-12 01:12:36.355,0.3,0,2,original,False,3.57644904120684,17.210779832851532,12
normal,18934,normal_0569,4,2022-07-12 01:12:36.455,0.4,0,2,original,False,4.62776916745379,17.210779832851532,12
normal,18935,normal_0569,5,2022-07-12 01:12:36.555,0.5,0,2,original,False,5.095241198137064,17.210779832851532,12
normal,18936,normal_0569,6,2022-07-12 01:12:36.655,0.6,0,2,original,False,4.744873235779281,17.210779832851532,12
normal,18937,normal_0569,7,2022-07-12 01:12:36.755,0.7,0,2,original,False,4.610231723812036,17.210779832851532,12
normal,18938,normal_0569,8,2022-07-12 01:12:36.855,0.8,0,2,original,False,4.787635161511509,17.210779832851532,12
normal,18939,normal_0569,9,2022-07-12 01:12:36.955,0.9,0,2,original,False,6.119289840568859,17.210779832851532,12
normal,18940,normal_0569,10,2022-07-12 01:12:37.055,1.0,0,2,original,False,4.477202656738768,17.210779832851532,12
normal,18941,normal_0569,11,2022-07-12 01:12:37.155,1.1,0,2,original,False,4.920879775121947,17.210779832851532,12
normal,18942,normal_0569,12,2022-07-12 01:12:37.255,1.2,0,2,original,False,4.076659721591224,17.210779832851532,12
normal,18943,normal_0569,13,2022-07-12 01:12:37.355,1.3,0,2,original,False,4.783740660381342,17.210779832851532,12
normal,18944,normal_0569,14,2022-07-12 01:12:37.455,1.4,0,2,original,False,5.237208947010876,17.210779832851532,12
normal,18945,normal_0569,15,2022-07-12 01:12:37.555,1.5,0,2,original,False,5.232165935591796,17.210779832851532,12
normal,18946,normal_0569,16,2022-07-12 01:12:37.655,1.6,0,2,original,False,5.902313284471553,17.210779832851532,12
normal,18947,normal_0569,17,2022-07-12 01:12:37.755,1.7,0,2,original,False,7.716650223021177,17.210779832851532,12
normal,18948,normal_0569,18,2022-07-12 01:12:37.855,1.8,0,2,original,False,6.781770340571858,17.210779832851532,12
normal,18949,normal_0569,19,2022-07-12 01:12:37.955,1.9,0,2,original,False,6.410616673565117,17.210779832851532,12
normal,18950,normal_0569,20,2022-07-12 01:12:38.055,2.0,0,2,original,False,6.641283823658783,17.210779832851532,12
normal,18951,normal_0569,21,2022-07-12 01:12:38.155,2.1,0,2,original,False,6.115512206063684,17.210779832851532,12
normal,18952,normal_0569,22,2022-07-12 01:12:38.255,2.2,0,2,original,False,5.305353643292956,17.210779832851532,12
normal,18953,normal_0569,23,2022-07-12 01:12:38.355,2.3,0,2,original,False,5.770150935760898,17.210779832851532,12
normal,18954,normal_0569,24,2022-07-12 01:12:38.455,2.4,0,2,original,False,6.537082822581113,17.210779832851532,12
normal,18955,normal_0569,25,2022-07-12 01:12:38.555,2.5,0,2,original,False,6.097619832536217,17.210779832851532,12
normal,18956,normal_0569,26,2022-07-12 01:12:38.655,2.6,0,2,original,False,6.943266230497456,17.210779832851532,12
normal,18957,normal_0569,27,2022-07-12 01:12:38.755,2.7,0,2,original,False,5.898593160338621,17.210779832851532,12
normal,18958,normal_0569,28,2022-07-12 01:12:38.855,2.8,0,2,original,False,5.664505730236966,17.210779832851532,12
normal,18959,normal_0569,29,2022-07-12 01:12:38.955,2.9,0,2,original,False,4.914129363463458,17.210779832851532,12
normal,18960,normal_0569,30,2022-07-12 01:12:39.055,3.0,0,2,original,False,5.504514967355521,17.210779832851532,12
normal,18961,normal_0569,31,2022-07-12 01:12:39.155,3.1,0,2,original,False,4.8959595303340295,17.210779832851532,12
normal,18962,normal_0569,32,2022-07-12 01:12:39.255,3.2,0,2,original,False,5.177977534936284,17.210779832851532,12
normal,18963,normal_0569,33,2022-07-12 01:12:39.355,3.3,0,2,original,False,4.736270098949178,17.210779832851532,12
normal,18964,normal_0569,34,2022-07-12 01:12:39.455,3.4,0,2,original,False,5.633065491515413,17.210779832851532,12
normal,18965,normal_0569,35,2022-07-12 01:12:39.555,3.5,0,2,original,False,5.039196871027221,17.210779832851532,12
normal,18966,normal_0569,36,2022-07-12 01:12:39.655,3.6,0,2,original,False,3.9474638264751887,17.210779832851532,12
normal,18967,normal_0569,37,2022-07-12 01:12:39.755,3.7,0,2,original,False,4.820014512815152,17.210779832851532,12
normal,18968,normal_0569,38,2022-07-12 01:12:39.855,3.8,0,2,original,False,4.33785761756283,17.210779832851532,12
normal,18969,normal_0569,39,2022-07-12 01:12:39.955,3.9,0,2,original,False,4.275138390304764,17.210779832851532,12
normal,18970,normal_0569,40,2022-07-12 01:12:40.055,4.0,0,2,original,False,4.426128826179938,17.210779832851532,12
normal,18971,normal_0569,41,2022-07-12 01:12:40.155,4.1,0,2,original,False,4.962581516191432,17.210779832851532,12
normal,18972,normal_0569,42,2022-07-12 01:12:40.255,4.2,0,2,original,False,7.230404338942425,17.210779832851532,12
normal,18973,normal_0569,43,2022-07-12 01:12:40.355,4.3,0,2,original,False,6.816394876188593,17.210779832851532,12
normal,18974,normal_0569,44,2022-07-12 01:12:40.455,4.4,0,2,original,False,5.526761205077356,17.210779832851532,12
normal,18975,normal_0569,45,2022-07-12 01:12:40.555,4.5,0,2,original,False,6.7506254942194515,17.210779832851532,12
normal,18976,normal_0569,46,2022-07-12 01:12:40.655,4.6,0,2,original,False,6.845887271744924,17.210779832851532,12
normal,18977,normal_0569,47,2022-07-12 01:12:40.755,4.7,0,2,original,False,5.919861161908624,17.210779832851532,12
normal,18978,normal_0569,48,2022-07-12 01:12:40.855,4.8,0,2,original,False,6.861111501701006,17.210779832851532,12
normal,18979,normal_0569,49,2022-07-12 01:12:40.955,4.9,0,2,original,False,5.127675339034441,17.210779832851532,12
normal,18980,normal_0570,0,2022-07-12 01:12:43.312,0.0,0,2,original,False,,17.210779832851532,3
normal,18981,normal_0570,1,2022-07-12 01:12:43.412,0.1,0,2,original,False,,17.210779832851532,6
normal,18982,normal_0570,2,2022-07-12 01:12:43.512,0.2,0,2,original,False,,17.210779832851532,9
normal,18983,normal_0570,3,2022-07-12 01:12:43.612,0.3,0,2,original,False,13.871074637267155,17.210779832851532,12
normal,18984,normal_0570,4,2022-07-12 01:12:43.712,0.4,0,2,original,False,11.70137397452803,17.210779832851532,12
normal,18985,normal_0570,5,2022-07-12 01:12:43.812,0.5,0,2,original,False,15.424036319646524,17.210779832851532,12
normal,18986,normal_0570,6,2022-07-12 01:12:43.912,0.6,0,2,original,True,17.66224855743626,17.210779832851532,12
normal,18987,normal_0570,7,2022-07-12 01:12:44.012,0.7,0,2,original,True,33.80058959439422,17.210779832851532,12
normal,18988,normal_0570,8,2022-07-12 01:12:44.112,0.8,0,2,original,True,23.31598040138874,17.210779832851532,12
normal,18989,normal_0570,9,2022-07-12 01:12:44.212,0.9,0,2,original,False,17.036718407559714,17.210779832851532,12
normal,18990,normal_0570,10,2022-07-12 01:12:44.312,1.0,0,2,original,True,22.438975122058707,17.210779832851532,12
normal,18991,normal_0570,11,2022-07-12 01:12:44.412,1.1,0,2,original,True,30.37016190158798,17.210779832851532,12
normal,18992,normal_0570,12,2022-07-12 01:12:44.512,1.2,0,2,original,True,31.84503720753499,17.210779832851532,12
normal,18993,normal_0570,13,2022-07-12 01:12:44.612,1.3,0,2,original,True,23.58191566917288,17.210779832851532,12
normal,18994,normal_0570,14,2022-07-12 01:12:44.712,1.4,0,2,original,False,16.130482940107534,17.210779832851532,12
normal,18995,normal_0570,15,2022-07-12 01:12:44.812,1.5,0,2,original,False,8.133473665845235,17.210779832851532,12
normal,18996,normal_0570,16,2022-07-12 01:12:44.912,1.6,0,2,original,False,13.57061267492171,17.210779832851532,12
normal,18997,normal_0570,17,2022-07-12 01:12:45.012,1.7,0,2,original,False,13.148976448138239,17.210779832851532,12
normal,18998,normal_0570,18,2022-07-12 01:12:45.112,1.8,0,2,original,False,6.842742108940524,17.210779832851532,12
normal,18999,normal_0570,19,2022-07-12 01:12:45.212,1.9,0,2,original,False,7.767141727475275,17.210779832851532,12
normal,19000,normal_0570,20,2022-07-12 01:12:45.312,2.0,0,2,original,True,19.862139246983695,17.210779832851532,12
normal,19001,normal_0570,21,2022-07-12 01:12:45.412,2.1,0,2,original,True,29.155120188537097,17.210779832851532,12
normal,19002,normal_0570,22,2022-07-12 01:12:45.512,2.2,0,2,original,True,17.981138289033954,17.210779832851532,12
normal,19003,normal_0570,23,2022-07-12 01:12:45.612,2.3,0,2,original,True,20.282625603240852,17.210779832851532,12
normal,19004,normal_0570,24,2022-07-12 01:12:45.712,2.4,0,2,original,False,13.966996922493838,17.210779832851532,12
normal,19005,normal_0570,25,2022-07-12 01:12:45.812,2.5,0,2,original,False,10.01015539686185,17.210779832851532,12
normal,19006,normal_0570,26,2022-07-12 01:12:45.912,2.6,0,2,original,False,8.274896320298293,17.210779832851532,12
normal,19007,normal_0570,27,2022-07-12 01:12:46.012,2.7,0,2,original,False,11.30878949211657,17.210779832851532,12
normal,19008,normal_0570,28,2022-07-12 01:12:46.112,2.8,0,2,original,False,8.170808180834566,17.210779832851532,12
normal,19009,normal_0570,29,2022-07-12 01:12:46.212,2.9,0,2,original,False,7.695973305475827,17.210779832851532,12
normal,19010,normal_0570,30,2022-07-12 01:12:46.312,3.0,0,2,original,False,9.004524523166584,17.210779832851532,12
normal,19011,normal_0570,31,2022-07-12 01:12:46.412,3.1,0,2,original,False,9.497917962645598,17.210779832851532,12
normal,19012,normal_0570,32,2022-07-12 01:12:46.512,3.2,0,2,original,False,12.581410737436746,17.210779832851532,12
normal,19013,normal_0570,33,2022-07-12 01:12:46.612,3.3,0,2,original,False,9.167098418485422,17.210779832851532,12
normal,19014,normal_0570,34,2022-07-12 01:12:46.712,3.4,0,2,original,False,10.444808110764416,17.210779832851532,12
normal,19015,normal_0570,35,2022-07-12 01:12:46.812,3.5,0,2,original,False,8.913145355693034,17.210779832851532,12
normal,19016,normal_0570,36,2022-07-12 01:12:46.912,3.6,0,2,original,False,5.214653623406853,17.210779832851532,12
normal,19017,normal_0570,37,2022-07-12 01:12:47.012,3.7,0,2,original,False,10.471333574100996,17.210779832851532,12
normal,19018,normal_0570,38,2022-07-12 01:12:47.112,3.8,0,2,original,False,14.658044268245083,17.210779832851532,12
normal,19019,normal_0570,39,2022-07-12 01:12:47.212,3.9,0,2,original,False,11.484527966282952,17.210779832851532,12
normal,19020,normal_0570,40,2022-07-12 01:12:47.312,4.0,0,2,original,False,15.62080509399959,17.210779832851532,12
normal,19021,normal_0570,41,2022-07-12 01:12:47.412,4.1,0,2,original,False,13.853115518751531,17.210779832851532,12
normal,19022,normal_0570,42,2022-07-12 01:12:47.512,4.2,0,2,original,False,11.109707652755079,17.210779832851532,12
normal,19023,normal_0570,43,2022-07-12 01:12:47.612,4.3,0,2,original,False,13.344747626509518,17.210779832851532,12
normal,19024,normal_0571,0,2022-07-12 01:12:51.468,0.0,0,2,original,False,,17.210779832851532,3
normal,19025,normal_0571,1,2022-07-12 01:12:51.568,0.1,0,2,original,False,,17.210779832851532,6
normal,19026,normal_0571,2,2022-07-12 01:12:51.668,0.2,0,2,original,False,,17.210779832851532,9
normal,19027,normal_0571,3,2022-07-12 01:12:51.768,0.3,0,2,original,False,6.748370714788865,17.210779832851532,12
normal,19028,normal_0571,4,2022-07-12 01:12:51.868,0.4,0,2,original,False,5.723418377000078,17.210779832851532,12
normal,19029,normal_0571,5,2022-07-12 01:12:51.968,0.5,0,2,original,False,6.907652878787785,17.210779832851532,12
normal,19030,normal_0571,6,2022-07-12 01:12:52.068,0.6,0,2,original,False,5.9968925164176135,17.210779832851532,12
normal,19031,normal_0571,7,2022-07-12 01:12:52.168,0.7,0,2,original,False,4.721744288552648,17.210779832851532,12
normal,19032,normal_0571,8,2022-07-12 01:12:52.268,0.8,0,2,original,False,5.763442039846576,17.210779832851532,12
normal,19033,normal_0571,9,2022-07-12 01:12:52.368,0.9,0,2,original,False,5.2655601131607686,17.210779832851532,12
normal,19034,normal_0571,10,2022-07-12 01:12:52.468,1.0,0,2,original,False,5.283070425523365,17.210779832851532,12
normal,19035,normal_0571,11,2022-07-12 01:12:52.568,1.1,0,2,original,False,5.164364037440162,17.210779832851532,12
normal,19036,normal_0571,12,2022-07-12 01:12:52.668,1.2,0,2,original,False,5.543956452705321,17.210779832851532,12
normal,19037,normal_0571,13,2022-07-12 01:12:52.768,1.3,0,2,original,False,5.771071570732799,17.210779832851532,12
normal,19038,normal_0571,14,2022-07-12 01:12:52.868,1.4,0,2,original,False,6.211667794869376,17.210779832851532,12
normal,19039,normal_0571,15,2022-07-12 01:12:52.968,1.5,0,2,original,False,4.988014556610818,17.210779832851532,12
normal,19040,normal_0571,16,2022-07-12 01:12:53.068,1.6,0,2,original,False,4.928476440400115,17.210779832851532,12
normal,19041,normal_0571,17,2022-07-12 01:12:53.168,1.7,0,2,original,False,5.307412640287972,17.210779832851532,12
normal,19042,normal_0571,18,2022-07-12 01:12:53.268,1.8,0,2,original,False,5.100390768846247,17.210779832851532,12
normal,19043,normal_0571,19,2022-07-12 01:12:53.368,1.9,0,2,original,False,4.9520037745665695,17.210779832851532,12
normal,19044,normal_0571,20,2022-07-12 01:12:53.468,2.0,0,2,original,False,6.6052486995348945,17.210779832851532,12
normal,19045,normal_0571,21,2022-07-12 01:12:53.568,2.1,0,2,original,False,8.01689165869014,17.210779832851532,12
normal,19046,normal_0571,22,2022-07-12 01:12:53.668,2.2,0,2,original,False,7.6574477444028375,17.210779832851532,12
normal,19047,normal_0571,23,2022-07-12 01:12:53.768,2.3,0,2,original,False,5.288071015547857,17.210779832851532,12
normal,19048,normal_0571,24,2022-07-12 01:12:53.868,2.4,0,2,original,False,7.676535441260728,17.210779832851532,12
normal,19049,normal_0571,25,2022-07-12 01:12:53.968,2.5,0,2,original,False,4.335985683487888,17.210779832851532,12
normal,19050,normal_0571,26,2022-07-12 01:12:54.068,2.6,0,2,original,False,5.439995975109011,17.210779832851532,12
normal,19051,normal_0571,27,2022-07-12 01:12:54.168,2.7,0,2,original,False,5.3845001781170465,17.210779832851532,12
normal,19052,normal_0571,28,2022-07-12 01:12:54.268,2.8,0,2,original,False,5.075112213570943,17.210779832851532,12
normal,19053,normal_0571,29,2022-07-12 01:12:54.368,2.9,0,2,original,False,4.431481178132259,17.210779832851532,12
normal,19054,normal_0571,30,2022-07-12 01:12:54.468,3.0,0,2,original,False,5.906227136218052,17.210779832851532,12
normal,19055,normal_0571,31,2022-07-12 01:12:54.568,3.1,0,2,original,False,4.853896557481844,17.210779832851532,12
normal,19056,normal_0571,32,2022-07-12 01:12:54.668,3.2,0,2,original,False,5.360655077042014,17.210779832851532,12
normal,19057,normal_0571,33,2022-07-12 01:12:54.768,3.3,0,2,original,False,4.326184980126295,17.210779832851532,12
normal,19058,normal_0571,34,2022-07-12 01:12:54.868,3.4,0,2,original,False,4.496234397007323,17.210779832851532,12
normal,19059,normal_0571,35,2022-07-12 01:12:54.968,3.5,0,2,original,False,4.2997837590288555,17.210779832851532,12
normal,19060,normal_0571,36,2022-07-12 01:12:55.068,3.6,0,2,original,False,3.906722078613713,17.210779832851532,12
normal,19061,normal_0571,37,2022-07-12 01:12:55.168,3.7,0,2,original,False,5.003375064907098,17.210779832851532,12
normal,19062,normal_0571,38,2022-07-12 01:12:55.268,3.8,0,2,original,False,7.20681587195263,17.210779832851532,12
normal,19063,normal_0571,39,2022-07-12 01:12:55.368,3.9,0,2,original,False,10.665102908588144,17.210779832851532,12
normal,19064,normal_0571,40,2022-07-12 01:12:55.468,4.0,0,2,original,False,9.144204320415255,17.210779832851532,12
normal,19065,normal_0571,41,2022-07-12 01:12:55.568,4.1,0,2,original,False,9.17550746630837,17.210779832851532,12
normal,19066,normal_0572,0,2022-07-12 01:12:59.519,0.0,0,2,original,False,,17.210779832851532,3
normal,19067,normal_0572,1,2022-07-12 01:12:59.619,0.1,0,2,original,False,,17.210779832851532,6
normal,19068,normal_0572,2,2022-07-12 01:12:59.719,0.2,0,2,original,False,,17.210779832851532,9
normal,19069,normal_0572,3,2022-07-12 01:12:59.819,0.3,0,2,original,False,8.537782054520964,17.210779832851532,12
normal,19070,normal_0572,4,2022-07-12 01:12:59.919,0.4,0,2,original,False,8.436930214599204,17.210779832851532,12
normal,19071,normal_0572,5,2022-07-12 01:13:00.019,0.5,0,2,original,False,9.654966940286766,17.210779832851532,12
normal,19072,normal_0572,6,2022-07-12 01:13:00.119,0.6,0,2,original,False,10.195293328425098,17.210779832851532,12
normal,19073,normal_0572,7,2022-07-12 01:13:00.219,0.7,0,2,original,False,13.812062188556071,17.210779832851532,12
normal,19074,normal_0572,8,2022-07-12 01:13:00.319,0.8,0,2,original,False,7.66619660330308,17.210779832851532,12
normal,19075,normal_0572,9,2022-07-12 01:13:00.419,0.9,0,2,original,False,7.813012729295836,17.210779832851532,12
normal,19076,normal_0572,10,2022-07-12 01:13:00.519,1.0,0,2,original,False,6.882231333168611,17.210779832851532,12
normal,19077,normal_0572,11,2022-07-12 01:13:00.619,1.1,0,2,original,False,7.0685082716502405,17.210779832851532,12
normal,19078,normal_0572,12,2022-07-12 01:13:00.719,1.2,0,2,original,False,7.098403137461417,17.210779832851532,12
normal,19079,normal_0572,13,2022-07-12 01:13:00.819,1.3,0,2,original,False,8.448747294732513,17.210779832851532,12
normal,19080,normal_0572,14,2022-07-12 01:13:00.919,1.4,0,2,original,False,7.593956627337438,17.210779832851532,12
normal,19081,normal_0572,15,2022-07-12 01:13:01.019,1.5,0,2,original,False,12.88873191265818,17.210779832851532,12
normal,19082,normal_0572,16,2022-07-12 01:13:01.119,1.6,0,2,original,False,11.747963601435286,17.210779832851532,12
normal,19083,normal_0572,17,2022-07-12 01:13:01.219,1.7,0,2,original,False,10.901650789941707,17.210779832851532,12
normal,19084,normal_0572,18,2022-07-12 01:13:01.319,1.8,0,2,original,False,13.07203754981099,17.210779832851532,12
normal,19085,normal_0572,19,2022-07-12 01:13:01.419,1.9,0,2,original,False,9.821423233056747,17.210779832851532,12
normal,19086,normal_0572,20,2022-07-12 01:13:01.519,2.0,0,2,original,False,10.791500403766932,17.210779832851532,12
normal,19087,normal_0572,21,2022-07-12 01:13:01.619,2.1,0,2,original,False,9.908584847704683,17.210779832851532,12
normal,19088,normal_0572,22,2022-07-12 01:13:01.719,2.2,0,2,original,False,11.133940239890041,17.210779832851532,12
normal,19089,normal_0572,23,2022-07-12 01:13:01.819,2.3,0,2,original,False,13.689307750290315,17.210779832851532,12
normal,19090,normal_0572,24,2022-07-12 01:13:01.919,2.4,0,2,original,False,13.467714943997736,17.210779832851532,12
normal,19091,normal_0572,25,2022-07-12 01:13:02.019,2.5,0,2,original,False,9.357471570128238,17.210779832851532,12
normal,19092,normal_0572,26,2022-07-12 01:13:02.119,2.6,0,2,original,False,8.229926691603325,17.210779832851532,12
normal,19093,normal_0572,27,2022-07-12 01:13:02.219,2.7,0,2,original,False,8.818655249525346,17.210779832851532,12
normal,19094,normal_0572,28,2022-07-12 01:13:02.319,2.8,0,2,original,False,9.382977299648903,17.210779832851532,12
normal,19095,normal_0572,29,2022-07-12 01:13:02.419,2.9,0,2,original,False,8.366587625479443,17.210779832851532,12
normal,19096,normal_0573,0,2022-07-12 01:13:07.457,0.0,0,2,original,False,,17.210779832851532,3
normal,19097,normal_0573,1,2022-07-12 01:13:07.557,0.1,0,2,original,False,,17.210779832851532,6
normal,19098,normal_0573,2,2022-07-12 01:13:07.657,0.2,0,2,original,False,,17.210779832851532,9
normal,19099,normal_0573,3,2022-07-12 01:13:07.757,0.3,0,2,original,False,10.607756625588932,17.210779832851532,12
normal,19100,normal_0573,4,2022-07-12 01:13:07.857,0.4,0,2,original,False,10.603588167732292,17.210779832851532,12
normal,19101,normal_0573,5,2022-07-12 01:13:07.957,0.5,0,2,original,False,10.161742136165753,17.210779832851532,12
normal,19102,normal_0573,6,2022-07-12 01:13:08.057,0.6,0,2,original,False,7.637434747926903,17.210779832851532,12
normal,19103,normal_0573,7,2022-07-12 01:13:08.157,0.7,0,2,original,False,7.52711154644173,17.210779832851532,12
normal,19104,normal_0573,8,2022-07-12 01:13:08.257,0.8,0,2,original,False,7.621797382612254,17.210779832851532,12
normal,19105,normal_0573,9,2022-07-12 01:13:08.357,0.9,0,2,original,False,8.741500973087017,17.210779832851532,12
normal,19106,normal_0573,10,2022-07-12 01:13:08.457,1.0,0,2,original,False,10.668793437781984,17.210779832851532,12
normal,19107,normal_0573,11,2022-07-12 01:13:08.557,1.1,0,2,original,False,12.539790452701514,17.210779832851532,12
normal,19108,normal_0573,12,2022-07-12 01:13:08.657,1.2,0,2,original,False,10.950878722075721,17.210779832851532,12
normal,19109,normal_0573,13,2022-07-12 01:13:08.757,1.3,0,2,original,False,7.497516568259132,17.210779832851532,12
normal,19110,normal_0573,14,2022-07-12 01:13:08.857,1.4,0,2,original,False,8.357450205406222,17.210779832851532,12
normal,19111,normal_0573,15,2022-07-12 01:13:08.957,1.5,0,2,original,False,7.6346292452291715,17.210779832851532,12
normal,19112,normal_0573,16,2022-07-12 01:13:09.057,1.6,0,2,original,False,7.498499113456755,17.210779832851532,12
normal,19113,normal_0573,17,2022-07-12 01:13:09.157,1.7,0,2,original,False,7.492064820335467,17.210779832851532,12
normal,19114,normal_0573,18,2022-07-12 01:13:09.257,1.8,0,2,original,False,8.355326152159957,17.210779832851532,12
normal,19115,normal_0573,19,2022-07-12 01:13:09.357,1.9,0,2,original,False,10.783989594458411,17.210779832851532,12
normal,19116,normal_0574,0,2022-07-12 01:13:15.417,0.0,0,2,original,False,,17.210779832851532,3
normal,19117,normal_0574,1,2022-07-12 01:13:15.517,0.1,0,2,original,False,,17.210779832851532,6
normal,19118,normal_0574,2,2022-07-12 01:13:15.617,0.2,0,2,original,False,,17.210779832851532,9
normal,19119,normal_0574,3,2022-07-12 01:13:15.717,0.3,0,2,original,False,5.071585102976214,17.210779832851532,12
normal,19120,normal_0574,4,2022-07-12 01:13:15.817,0.4,0,2,original,False,5.061406789181268,17.210779832851532,12
normal,19121,normal_0574,5,2022-07-12 01:13:15.917,0.5,0,2,original,False,5.567745859243734,17.210779832851532,12
normal,19122,normal_0574,6,2022-07-12 01:13:16.017,0.6,0,2,original,False,6.863986893590658,17.210779832851532,12
normal,19123,normal_0574,7,2022-07-12 01:13:16.117,0.7,0,2,original,False,8.546042548339843,17.210779832851532,12
normal,19124,normal_0575,0,2022-07-12 01:13:24.740,0.0,0,2,original,False,,17.210779832851532,3
normal,19125,normal_0575,1,2022-07-12 01:13:24.840,0.1,0,2,original,False,,17.210779832851532,6
normal,19126,normal_0575,2,2022-07-12 01:13:24.940,0.2,0,2,original,False,,17.210779832851532,9
normal,19127,normal_0575,3,2022-07-12 01:13:25.040,0.3,0,2,original,False,6.975319874372104,17.210779832851532,12
normal,19128,normal_0575,4,2022-07-12 01:13:25.140,0.4,0,2,original,False,9.24182498096822,17.210779832851532,12
normal,19129,normal_0575,5,2022-07-12 01:13:25.240,0.5,0,2,original,False,10.571386148789664,17.210779832851532,12
normal,19130,normal_0575,6,2022-07-12 01:13:25.340,0.6,0,2,original,False,10.887388494435918,17.210779832851532,12
normal,19131,normal_0575,7,2022-07-12 01:13:25.440,0.7,0,2,original,False,6.6589561921769365,17.210779832851532,12
normal,19132,normal_0575,8,2022-07-12 01:13:25.540,0.8,0,2,original,False,7.982240482732974,17.210779832851532,12
normal,19133,normal_0575,9,2022-07-12 01:13:25.640,0.9,0,2,original,False,8.269090584482552,17.210779832851532,12
normal,19134,normal_0575,10,2022-07-12 01:13:25.740,1.0,0,2,original,False,6.970073131125104,17.210779832851532,12
normal,19135,normal_0575,11,2022-07-12 01:13:25.840,1.1,0,2,original,False,6.762006237483492,17.210779832851532,12
normal,19136,normal_0575,12,2022-07-12 01:13:25.940,1.2,0,2,original,False,9.030250403407566,17.210779832851532,12
normal,19137,normal_0575,13,2022-07-12 01:13:26.040,1.3,0,2,original,False,7.280331731880617,17.210779832851532,12
normal,19138,normal_0575,14,2022-07-12 01:13:26.140,1.4,0,2,original,False,7.744081388250279,17.210779832851532,12
normal,19139,normal_0575,15,2022-07-12 01:13:26.240,1.5,0,2,original,False,7.18581748836017,17.210779832851532,12
normal,19140,normal_0575,16,2022-07-12 01:13:26.340,1.6,0,2,original,False,7.531238381084995,17.210779832851532,12
normal,19141,normal_0575,17,2022-07-12 01:13:26.440,1.7,0,2,original,False,4.998410167973137,17.210779832851532,12
normal,19142,normal_0575,18,2022-07-12 01:13:26.540,1.8,0,2,original,False,6.129844446149812,17.210779832851532,12
normal,19143,normal_0575,19,2022-07-12 01:13:26.640,1.9,0,2,original,False,6.351285414667621,17.210779832851532,12
normal,19144,normal_0575,20,2022-07-12 01:13:26.740,2.0,0,2,original,False,4.850256241204231,17.210779832851532,12
normal,19145,normal_0575,21,2022-07-12 01:13:26.840,2.1,0,2,original,False,7.247514032640911,17.210779832851532,12
normal,19146,normal_0575,22,2022-07-12 01:13:26.940,2.2,0,2,original,False,8.956697688123572,17.210779832851532,12
normal,19147,normal_0575,23,2022-07-12 01:13:27.040,2.3,0,2,original,False,8.639359698882323,17.210779832851532,12
normal,19148,normal_0575,24,2022-07-12 01:13:27.140,2.4,0,2,original,False,5.418581664636345,17.210779832851532,12
normal,19149,normal_0575,25,2022-07-12 01:13:27.240,2.5,0,2,original,False,6.584597390042976,17.210779832851532,12
normal,19150,normal_0575,26,2022-07-12 01:13:27.340,2.6,0,2,original,False,6.210940548903527,17.210779832851532,12
normal,19151,normal_0575,27,2022-07-12 01:13:27.440,2.7,0,2,original,False,5.664660619476383,17.210779832851532,12
normal,19152,normal_0575,28,2022-07-12 01:13:27.540,2.8,0,2,original,False,6.189638799855542,17.210779832851532,12
normal,19153,normal_0575,29,2022-07-12 01:13:27.640,2.9,0,2,original,False,9.711581504769635,17.210779832851532,12
normal,19154,normal_0575,30,2022-07-12 01:13:27.740,3.0,0,2,original,False,9.861897388496102,17.210779832851532,12
normal,19155,normal_0575,31,2022-07-12 01:13:27.840,3.1,0,2,original,False,8.831243329058788,17.210779832851532,12
normal,19156,normal_0575,32,2022-07-12 01:13:27.940,3.2,0,2,original,False,6.005663375410235,17.210779832851532,12
normal,19157,normal_0575,33,2022-07-12 01:13:28.040,3.3,0,2,original,False,8.086988641485503,17.210779832851532,12
normal,19158,normal_0575,34,2022-07-12 01:13:28.140,3.4,0,2,original,False,5.916414679468962,17.210779832851532,12
normal,19159,normal_0575,35,2022-07-12 01:13:28.240,3.5,0,2,original,False,8.013379809817584,17.210779832851532,12
normal,19160,normal_0575,36,2022-07-12 01:13:28.340,3.6,0,2,original,False,7.494292608784561,17.210779832851532,12
normal,19161,normal_0575,37,2022-07-12 01:13:28.440,3.7,0,2,original,False,8.53889885079896,17.210779832851532,12
normal,19162,normal_0575,38,2022-07-12 01:13:28.540,3.8,0,2,original,False,8.314716922122333,17.210779832851532,12
normal,19163,normal_0575,39,2022-07-12 01:13:28.640,3.9,0,2,original,False,9.779062433738293,17.210779832851532,12
normal,19164,normal_0575,40,2022-07-12 01:13:28.740,4.0,0,2,original,False,9.967817437897065,17.210779832851532,12
normal,19165,normal_0575,41,2022-07-12 01:13:28.840,4.1,0,2,original,False,6.435718358270465,17.210779832851532,12
normal,19166,normal_0575,42,2022-07-12 01:13:28.940,4.2,0,2,original,False,6.210611010649058,17.210779832851532,12
normal,19167,normal_0575,43,2022-07-12 01:13:29.040,4.3,0,2,original,False,6.447040590847723,17.210779832851532,12
normal,19168,normal_0575,44,2022-07-12 01:13:29.140,4.4,0,2,original,False,7.7474448571937335,17.210779832851532,12
normal,19169,normal_0575,45,2022-07-12 01:13:29.240,4.5,0,2,original,False,6.951894247125649,17.210779832851532,12
normal,19170,normal_0575,46,2022-07-12 01:13:29.340,4.6,0,2,original,False,8.851002222107589,17.210779832851532,12
normal,19171,normal_0575,47,2022-07-12 01:13:29.440,4.7,0,2,original,False,10.763317862433572,17.210779832851532,12
normal,19172,normal_0575,48,2022-07-12 01:13:29.540,4.8,0,2,original,False,12.160808153660058,17.210779832851532,12
normal,19173,normal_0575,49,2022-07-12 01:13:29.640,4.9,0,2,original,False,6.561553125552167,17.210779832851532,12
normal,19174,normal_0576,0,2022-07-12 01:13:32.840,0.0,0,2,original,False,,17.210779832851532,3
normal,19175,normal_0576,1,2022-07-12 01:13:32.940,0.1,0,2,original,False,,17.210779832851532,6
normal,19176,normal_0576,2,2022-07-12 01:13:33.040,0.2,0,2,original,False,,17.210779832851532,9
normal,19177,normal_0576,3,2022-07-12 01:13:33.140,0.3,0,2,original,False,13.117341544686251,17.210779832851532,12
normal,19178,normal_0576,4,2022-07-12 01:13:33.240,0.4,0,2,original,False,9.984540879326728,17.210779832851532,12
normal,19179,normal_0576,5,2022-07-12 01:13:33.340,0.5,0,2,original,False,11.557072956070455,17.210779832851532,12
normal,19180,normal_0576,6,2022-07-12 01:13:33.440,0.6,0,2,original,False,10.485586750157196,17.210779832851532,12
normal,19181,normal_0576,7,2022-07-12 01:13:33.540,0.7,0,2,original,False,8.243523328906688,17.210779832851532,12
normal,19182,normal_0576,8,2022-07-12 01:13:33.640,0.8,0,2,original,False,8.309509609383941,17.210779832851532,12
normal,19183,normal_0576,9,2022-07-12 01:13:33.740,0.9,0,2,original,False,6.370577140903657,17.210779832851532,12
normal,19184,normal_0576,10,2022-07-12 01:13:33.840,1.0,0,2,original,False,7.353456346782061,17.210779832851532,12
normal,19185,normal_0576,11,2022-07-12 01:13:33.940,1.1,0,2,original,False,8.899020383417838,17.210779832851532,12
normal,19186,normal_0576,12,2022-07-12 01:13:34.040,1.2,0,2,original,False,8.050981450616577,17.210779832851532,12
normal,19187,normal_0576,13,2022-07-12 01:13:34.140,1.3,0,2,original,False,11.316553646908124,17.210779832851532,12
normal,19188,normal_0576,14,2022-07-12 01:13:34.240,1.4,0,2,original,False,10.936704623783706,17.210779832851532,12
normal,19189,normal_0576,15,2022-07-12 01:13:34.340,1.5,0,2,original,False,8.47033325761933,17.210779832851532,12
normal,19190,normal_0576,16,2022-07-12 01:13:34.440,1.6,0,2,original,False,10.121991510316821,17.210779832851532,12
normal,19191,normal_0576,17,2022-07-12 01:13:34.540,1.7,0,2,original,False,10.039323022593774,17.210779832851532,12
normal,19192,normal_0576,18,2022-07-12 01:13:34.640,1.8,0,2,original,False,9.018083612837556,17.210779832851532,12
normal,19193,normal_0576,19,2022-07-12 01:13:34.740,1.9,0,2,original,False,11.366244486694397,17.210779832851532,12
normal,19194,normal_0576,20,2022-07-12 01:13:34.840,2.0,0,2,original,False,14.538996720414145,17.210779832851532,12
normal,19195,normal_0576,21,2022-07-12 01:13:34.940,2.1,0,2,original,False,12.550975778102627,17.210779832851532,12
normal,19196,normal_0576,22,2022-07-12 01:13:35.040,2.2,0,2,original,False,15.182251836432929,17.210779832851532,12
normal,19197,normal_0576,23,2022-07-12 01:13:35.140,2.3,0,2,original,False,12.0307216886579,17.210779832851532,12
normal,19198,normal_0576,24,2022-07-12 01:13:35.240,2.4,0,2,original,False,11.81637621808078,17.210779832851532,12
normal,19199,normal_0576,25,2022-07-12 01:13:35.340,2.5,0,2,original,False,12.877605128526294,17.210779832851532,12
normal,19200,normal_0576,26,2022-07-12 01:13:35.440,2.6,0,2,original,False,13.385127990817283,17.210779832851532,12
normal,19201,normal_0576,27,2022-07-12 01:13:35.540,2.7,0,2,original,False,14.755148307199269,17.210779832851532,12
normal,19202,normal_0576,28,2022-07-12 01:13:35.640,2.8,0,2,original,False,8.328009922460767,17.210779832851532,12
normal,19203,normal_0576,29,2022-07-12 01:13:35.740,2.9,0,2,original,False,10.730322161164336,17.210779832851532,12
normal,19204,normal_0576,30,2022-07-12 01:13:35.840,3.0,0,2,original,False,8.872872426538821,17.210779832851532,12
normal,19205,normal_0576,31,2022-07-12 01:13:35.940,3.1,0,2,original,False,11.015316712470202,17.210779832851532,12
normal,19206,normal_0576,32,2022-07-12 01:13:36.040,3.2,0,2,original,False,8.14039729033076,17.210779832851532,12
normal,19207,normal_0576,33,2022-07-12 01:13:36.140,3.3,0,2,original,False,10.46109532005089,17.210779832851532,12
normal,19208,normal_0576,34,2022-07-12 01:13:36.240,3.4,0,2,original,False,8.313291971401563,17.210779832851532,12
normal,19209,normal_0576,35,2022-07-12 01:13:36.340,3.5,0,2,original,False,9.23814955419101,17.210779832851532,12
normal,19210,normal_0576,36,2022-07-12 01:13:36.440,3.6,0,2,original,False,7.666136901523109,17.210779832851532,12
normal,19211,normal_0576,37,2022-07-12 01:13:36.540,3.7,0,2,original,False,7.2060468041986985,17.210779832851532,12
normal,19212,normal_0576,38,2022-07-12 01:13:36.640,3.8,0,2,original,False,7.785091816890595,17.210779832851532,12
normal,19213,normal_0576,39,2022-07-12 01:13:36.740,3.9,0,2,original,False,8.468357971082371,17.210779832851532,12
normal,19214,normal_0576,40,2022-07-12 01:13:36.840,4.0,0,2,original,False,7.9801979061419415,17.210779832851532,12
normal,19215,normal_0576,41,2022-07-12 01:13:36.940,4.1,0,2,original,False,9.598441115720444,17.210779832851532,12
normal,19216,normal_0576,42,2022-07-12 01:13:37.040,4.2,0,2,original,False,9.877838609150913,17.210779832851532,12
normal,19217,normal_0576,43,2022-07-12 01:13:37.140,4.3,0,2,original,False,6.866943592852449,17.210779832851532,12
normal,19218,normal_0576,44,2022-07-12 01:13:37.240,4.4,0,2,original,False,12.346595994442303,17.210779832851532,12
normal,19219,normal_0576,45,2022-07-12 01:13:37.340,4.5,0,2,original,False,12.357491741886752,17.210779832851532,12
normal,19220,normal_0576,46,2022-07-12 01:13:37.440,4.6,0,2,original,False,12.367277470093867,17.210779832851532,12
normal,19221,normal_0576,47,2022-07-12 01:13:37.540,4.7,0,2,original,False,13.757364457242865,17.210779832851532,12
normal,19222,normal_0576,48,2022-07-12 01:13:37.640,4.8,0,2,original,False,13.27676446494135,17.210779832851532,12
normal,19223,normal_0576,49,2022-07-12 01:13:37.740,4.9,0,2,original,False,12.59872566844387,17.210779832851532,12
normal,19224,normal_0577,0,2022-07-12 01:13:39.456,0.0,0,2,original,False,,17.210779832851532,3
normal,19225,normal_0577,1,2022-07-12 01:13:39.556,0.1,0,2,original,False,,17.210779832851532,6
normal,19226,normal_0577,2,2022-07-12 01:13:39.656,0.2,0,2,original,False,,17.210779832851532,9
normal,19227,normal_0577,3,2022-07-12 01:13:39.756,0.3,0,2,original,False,7.684474746610445,17.210779832851532,12
normal,19228,normal_0577,4,2022-07-12 01:13:39.856,0.4,0,2,original,False,7.066754919780192,17.210779832851532,12
normal,19229,normal_0577,5,2022-07-12 01:13:39.956,0.5,0,2,original,False,7.4741586836933545,17.210779832851532,12
normal,19230,normal_0577,6,2022-07-12 01:13:40.056,0.6,0,2,original,False,7.618456567288009,17.210779832851532,12
normal,19231,normal_0577,7,2022-07-12 01:13:40.156,0.7,0,2,original,False,6.999058667400747,17.210779832851532,12
normal,19232,normal_0577,8,2022-07-12 01:13:40.256,0.8,0,2,original,False,7.890068501562234,17.210779832851532,12
normal,19233,normal_0577,9,2022-07-12 01:13:40.356,0.9,0,2,original,False,9.865810967226524,17.210779832851532,12
normal,19234,normal_0577,10,2022-07-12 01:13:40.456,1.0,0,2,original,False,10.040542553462883,17.210779832851532,12
normal,19235,normal_0577,11,2022-07-12 01:13:40.556,1.1,0,2,original,False,7.651353117564723,17.210779832851532,12
normal,19236,normal_0577,12,2022-07-12 01:13:40.656,1.2,0,2,original,False,7.029652331742936,17.210779832851532,12
normal,19237,normal_0577,13,2022-07-12 01:13:40.756,1.3,0,2,original,False,6.8835207792630575,17.210779832851532,12
normal,19238,normal_0577,14,2022-07-12 01:13:40.856,1.4,0,2,original,False,6.669537877439517,17.210779832851532,12
normal,19239,normal_0577,15,2022-07-12 01:13:40.956,1.5,0,2,original,False,5.987580535951056,17.210779832851532,12
normal,19240,normal_0577,16,2022-07-12 01:13:41.056,1.6,0,2,original,False,8.937036489602887,17.210779832851532,12
normal,19241,normal_0577,17,2022-07-12 01:13:41.156,1.7,0,2,original,False,9.514800355168344,17.210779832851532,12
normal,19242,normal_0577,18,2022-07-12 01:13:41.256,1.8,0,2,original,False,9.638628691745565,17.210779832851532,12
normal,19243,normal_0577,19,2022-07-12 01:13:41.356,1.9,0,2,original,False,5.306814710398939,17.210779832851532,12
normal,19244,normal_0577,20,2022-07-12 01:13:41.456,2.0,0,2,original,False,7.505826515391739,17.210779832851532,12
normal,19245,normal_0577,21,2022-07-12 01:13:41.556,2.1,0,2,original,False,6.618006693792541,17.210779832851532,12
normal,19246,normal_0577,22,2022-07-12 01:13:41.656,2.2,0,2,original,False,6.607747228676864,17.210779832851532,12
normal,19247,normal_0577,23,2022-07-12 01:13:41.756,2.3,0,2,original,False,6.830664385050779,17.210779832851532,12
normal,19248,normal_0577,24,2022-07-12 01:13:41.856,2.4,0,2,original,False,6.850856750507033,17.210779832851532,12
normal,19249,normal_0577,25,2022-07-12 01:13:41.956,2.5,0,2,original,False,6.3598191637357,17.210779832851532,12
normal,19250,normal_0577,26,2022-07-12 01:13:42.056,2.6,0,2,original,False,9.64279202622297,17.210779832851532,12
normal,19251,normal_0577,27,2022-07-12 01:13:42.156,2.7,0,2,original,False,9.943796995088663,17.210779832851532,12
normal,19252,normal_0577,28,2022-07-12 01:13:42.256,2.8,0,2,original,False,8.208116662556737,17.210779832851532,12
normal,19253,normal_0577,29,2022-07-12 01:13:42.356,2.9,0,2,original,False,6.646003644295362,17.210779832851532,12
normal,19254,normal_0577,30,2022-07-12 01:13:42.456,3.0,0,2,original,False,6.561371158568976,17.210779832851532,12
normal,19255,normal_0577,31,2022-07-12 01:13:42.556,3.1,0,2,original,False,7.637856990783347,17.210779832851532,12
normal,19256,normal_0577,32,2022-07-12 01:13:42.656,3.2,0,2,original,False,7.323282962995639,17.210779832851532,12
normal,19257,normal_0577,33,2022-07-12 01:13:42.756,3.3,0,2,original,False,8.217810757896586,17.210779832851532,12
normal,19258,normal_0577,34,2022-07-12 01:13:42.856,3.4,0,2,original,False,10.634932581704431,17.210779832851532,12
normal,19259,normal_0577,35,2022-07-12 01:13:42.956,3.5,0,2,original,False,8.601109401077677,17.210779832851532,12
normal,19260,normal_0577,36,2022-07-12 01:13:43.056,3.6,0,2,original,False,7.772894064568299,17.210779832851532,12
normal,19261,normal_0577,37,2022-07-12 01:13:43.156,3.7,0,2,original,False,8.310283539462713,17.210779832851532,12
normal,19262,normal_0577,38,2022-07-12 01:13:43.256,3.8,0,2,original,False,8.815973609025356,17.210779832851532,12
normal,19263,normal_0577,39,2022-07-12 01:13:43.356,3.9,0,2,original,False,6.854854035691041,17.210779832851532,12
normal,19264,normal_0577,40,2022-07-12 01:13:43.456,4.0,0,2,original,False,6.479090460215541,17.210779832851532,12
normal,19265,normal_0577,41,2022-07-12 01:13:43.556,4.1,0,2,original,False,6.87866817876093,17.210779832851532,12
normal,19266,normal_0577,42,2022-07-12 01:13:43.656,4.2,0,2,original,False,8.1594814706341,17.210779832851532,12
normal,19267,normal_0577,43,2022-07-12 01:13:43.756,4.3,0,2,original,False,9.282590836182923,17.210779832851532,12
normal,19268,normal_0577,44,2022-07-12 01:13:43.856,4.4,0,2,original,False,8.359865137601751,17.210779832851532,12
normal,19269,normal_0577,45,2022-07-12 01:13:43.956,4.5,0,2,original,False,6.466449676590175,17.210779832851532,12
normal,19270,normal_0577,46,2022-07-12 01:13:44.056,4.6,0,2,original,False,5.628015216269599,17.210779832851532,12
normal,19271,normal_0577,47,2022-07-12 01:13:44.156,4.7,0,2,original,False,5.136875203380233,17.210779832851532,12
normal,19272,normal_0577,48,2022-07-12 01:13:44.256,4.8,0,2,original,False,6.76563702075812,17.210779832851532,12
normal,19273,normal_0578,0,2022-07-12 01:13:47.379,0.0,0,2,original,False,,17.210779832851532,3
normal,19274,normal_0578,1,2022-07-12 01:13:47.479,0.1,0,2,original,False,,17.210779832851532,6
normal,19275,normal_0578,2,2022-07-12 01:13:47.579,0.2,0,2,original,False,,17.210779832851532,9
normal,19276,normal_0578,3,2022-07-12 01:13:47.679,0.3,0,2,original,False,4.857104368687648,17.210779832851532,12
normal,19277,normal_0578,4,2022-07-12 01:13:47.779,0.4,0,2,original,False,6.867673786628857,17.210779832851532,12
normal,19278,normal_0578,5,2022-07-12 01:13:47.879,0.5,0,2,original,False,7.764790186894787,17.210779832851532,12
normal,19279,normal_0578,6,2022-07-12 01:13:47.979,0.6,0,2,original,False,9.616368661292803,17.210779832851532,12
normal,19280,normal_0578,7,2022-07-12 01:13:48.079,0.7,0,2,original,False,10.965341391639793,17.210779832851532,12
normal,19281,normal_0578,8,2022-07-12 01:13:48.179,0.8,0,2,original,False,10.75416143956836,17.210779832851532,12
normal,19282,normal_0578,9,2022-07-12 01:13:48.279,0.9,0,2,original,False,10.327307424976913,17.210779832851532,12
normal,19283,normal_0578,10,2022-07-12 01:13:48.379,1.0,0,2,original,False,9.296677124194387,17.210779832851532,12
normal,19284,normal_0578,11,2022-07-12 01:13:48.479,1.1,0,2,original,False,6.470816341239303,17.210779832851532,12
normal,19285,normal_0578,12,2022-07-12 01:13:48.579,1.2,0,2,original,False,6.23990680736263,17.210779832851532,12
normal,19286,normal_0578,13,2022-07-12 01:13:48.679,1.3,0,2,original,False,5.464130722534073,17.210779832851532,12
normal,19287,normal_0578,14,2022-07-12 01:13:48.779,1.4,0,2,original,False,12.233088904353076,17.210779832851532,12
normal,19288,normal_0578,15,2022-07-12 01:13:48.879,1.5,0,2,original,False,7.6257140817990425,17.210779832851532,12
normal,19289,normal_0578,16,2022-07-12 01:13:48.979,1.6,0,2,original,False,5.68504264867713,17.210779832851532,12
normal,19290,normal_0578,17,2022-07-12 01:13:49.079,1.7,0,2,original,False,6.3560164865630195,17.210779832851532,12
normal,19291,normal_0578,18,2022-07-12 01:13:49.179,1.8,0,2,original,False,4.853740514086459,17.210779832851532,12
normal,19292,normal_0578,19,2022-07-12 01:13:49.279,1.9,0,2,original,False,5.177434537165164,17.210779832851532,12
normal,19293,normal_0578,20,2022-07-12 01:13:49.379,2.0,0,2,original,False,5.13516697526961,17.210779832851532,12
normal,19294,normal_0578,21,2022-07-12 01:13:49.479,2.1,0,2,original,False,5.66083904717377,17.210779832851532,12
normal,19295,normal_0578,22,2022-07-12 01:13:49.579,2.2,0,2,original,False,7.814338174187998,17.210779832851532,12
normal,19296,normal_0578,23,2022-07-12 01:13:49.679,2.3,0,2,original,False,6.282960891299571,17.210779832851532,12
normal,19297,normal_0578,24,2022-07-12 01:13:49.779,2.4,0,2,original,False,3.207593623453371,17.210779832851532,12
normal,19298,normal_0578,25,2022-07-12 01:13:49.879,2.5,0,2,original,False,4.466854941514922,17.210779832851532,12
normal,19299,normal_0578,26,2022-07-12 01:13:49.979,2.6,0,2,original,False,4.533808112799448,17.210779832851532,12
normal,19300,normal_0578,27,2022-07-12 01:13:50.079,2.7,0,2,original,False,5.110457309016382,17.210779832851532,12
normal,19301,normal_0578,28,2022-07-12 01:13:50.179,2.8,0,2,original,False,5.37262380247347,17.210779832851532,12
normal,19302,normal_0578,29,2022-07-12 01:13:50.279,2.9,0,2,original,False,9.939064612365808,17.210779832851532,12
normal,19303,normal_0578,30,2022-07-12 01:13:50.379,3.0,0,2,original,False,10.464167818810425,17.210779832851532,12
normal,19304,normal_0578,31,2022-07-12 01:13:50.479,3.1,0,2,original,False,11.8236674191568,17.210779832851532,12
normal,19305,normal_0578,32,2022-07-12 01:13:50.579,3.2,0,2,original,False,8.047509134940496,17.210779832851532,12
normal,19306,normal_0578,33,2022-07-12 01:13:50.679,3.3,0,2,original,False,6.312915264722507,17.210779832851532,12
normal,19307,normal_0578,34,2022-07-12 01:13:50.779,3.4,0,2,original,False,4.008972203920669,17.210779832851532,12
normal,19308,normal_0579,0,2022-07-12 01:13:55.330,0.0,0,2,original,False,,17.210779832851532,3
normal,19309,normal_0579,1,2022-07-12 01:13:55.430,0.1,0,2,original,False,,17.210779832851532,6
normal,19310,normal_0579,2,2022-07-12 01:13:55.530,0.2,0,2,original,False,,17.210779832851532,9
normal,19311,normal_0579,3,2022-07-12 01:13:55.630,0.3,0,2,original,False,7.194810900608504,17.210779832851532,12
normal,19312,normal_0579,4,2022-07-12 01:13:55.730,0.4,0,2,original,False,8.90926266956836,17.210779832851532,12
normal,19313,normal_0579,5,2022-07-12 01:13:55.830,0.5,0,2,original,False,11.892451507693712,17.210779832851532,12
normal,19314,normal_0579,6,2022-07-12 01:13:55.930,0.6,0,2,original,False,11.092155365036646,17.210779832851532,12
normal,19315,normal_0579,7,2022-07-12 01:13:56.030,0.7,0,2,original,False,9.84246227783752,17.210779832851532,12
normal,19316,normal_0579,8,2022-07-12 01:13:56.130,0.8,0,2,original,False,7.4492981212297344,17.210779832851532,12
normal,19317,normal_0579,9,2022-07-12 01:13:56.230,0.9,0,2,original,False,7.695088250557113,17.210779832851532,12
normal,19318,normal_0579,10,2022-07-12 01:13:56.330,1.0,0,2,original,False,9.544172355860233,17.210779832851532,12
normal,19319,normal_0579,11,2022-07-12 01:13:56.430,1.1,0,2,original,False,10.848818432808715,17.210779832851532,12
normal,19320,normal_0579,12,2022-07-12 01:13:56.530,1.2,0,2,original,False,10.036271944238349,17.210779832851532,12
normal,19321,normal_0579,13,2022-07-12 01:13:56.630,1.3,0,2,original,False,8.677815120824382,17.210779832851532,12
normal,19322,normal_0579,14,2022-07-12 01:13:56.730,1.4,0,2,original,False,7.529516367222213,17.210779832851532,12
normal,19323,normal_0579,15,2022-07-12 01:13:56.830,1.5,0,2,original,False,8.265221373246172,17.210779832851532,12
normal,19324,normal_0579,16,2022-07-12 01:13:56.930,1.6,0,2,original,False,10.156336750248954,17.210779832851532,12
normal,19325,normal_0579,17,2022-07-12 01:13:57.030,1.7,0,2,original,False,7.421702530279571,17.210779832851532,12
normal,19326,normal_0579,18,2022-07-12 01:13:57.130,1.8,0,2,original,False,7.696079055999514,17.210779832851532,12
normal,19327,normal_0579,19,2022-07-12 01:13:57.230,1.9,0,2,original,False,7.67573558554522,17.210779832851532,12
normal,19328,normal_0579,20,2022-07-12 01:13:57.330,2.0,0,2,original,False,6.91777508544132,17.210779832851532,12
normal,19329,normal_0579,21,2022-07-12 01:13:57.430,2.1,0,2,original,False,8.552269897002526,17.210779832851532,12
normal,19330,normal_0579,22,2022-07-12 01:13:57.530,2.2,0,2,original,False,11.111361037477336,17.210779832851532,12
normal,19331,normal_0579,23,2022-07-12 01:13:57.630,2.3,0,2,original,False,11.148546024600677,17.210779832851532,12
normal,19332,normal_0579,24,2022-07-12 01:13:57.730,2.4,0,2,original,False,8.272696792909725,17.210779832851532,12
normal,19333,normal_0579,25,2022-07-12 01:13:57.830,2.5,0,2,original,False,6.850695124125879,17.210779832851532,12
normal,19334,normal_0579,26,2022-07-12 01:13:57.930,2.6,0,2,original,False,7.859410614201173,17.210779832851532,12
normal,19335,normal_0579,27,2022-07-12 01:13:58.030,2.7,0,2,original,False,10.671187425192965,17.210779832851532,12
normal,19336,normal_0579,28,2022-07-12 01:13:58.130,2.8,0,2,original,False,9.114089781408993,17.210779832851532,12
normal,19337,normal_0579,29,2022-07-12 01:13:58.230,2.9,0,2,original,False,10.9162584413531,17.210779832851532,12
normal,19338,normal_0579,30,2022-07-12 01:13:58.330,3.0,0,2,original,False,9.400267762457409,17.210779832851532,12
normal,19339,normal_0579,31,2022-07-12 01:13:58.430,3.1,0,2,original,False,9.97619887030308,17.210779832851532,12
normal,19340,normal_0579,32,2022-07-12 01:13:58.530,3.2,0,2,original,False,9.921487191872702,17.210779832851532,12
normal,19341,normal_0579,33,2022-07-12 01:13:58.630,3.3,0,2,original,False,12.217046810846767,17.210779832851532,12
normal,19342,normal_0579,34,2022-07-12 01:13:58.730,3.4,0,2,original,False,9.28922324322141,17.210779832851532,12
normal,19343,normal_0580,0,2022-07-12 01:14:03.369,0.0,0,2,original,False,,17.210779832851532,3
normal,19344,normal_0580,1,2022-07-12 01:14:03.469,0.1,0,2,original,False,,17.210779832851532,6
normal,19345,normal_0580,2,2022-07-12 01:14:03.569,0.2,0,2,original,False,,17.210779832851532,9
normal,19346,normal_0580,3,2022-07-12 01:14:03.669,0.3,0,2,original,False,5.934107020716154,17.210779832851532,12
normal,19347,normal_0580,4,2022-07-12 01:14:03.769,0.4,0,2,original,False,6.388946330957156,17.210779832851532,12
normal,19348,normal_0580,5,2022-07-12 01:14:03.869,0.5,0,2,original,False,5.712530366301678,17.210779832851532,12
normal,19349,normal_0580,6,2022-07-12 01:14:03.969,0.6,0,2,original,False,6.447458269372775,17.210779832851532,12
normal,19350,normal_0580,7,2022-07-12 01:14:04.069,0.7,0,2,original,False,5.3193240415136644,17.210779832851532,12
normal,19351,normal_0580,8,2022-07-12 01:14:04.169,0.8,0,2,original,False,5.975028731213266,17.210779832851532,12
normal,19352,normal_0580,9,2022-07-12 01:14:04.269,0.9,0,2,original,False,8.11945171740485,17.210779832851532,12
normal,19353,normal_0580,10,2022-07-12 01:14:04.369,1.0,0,2,original,False,9.593508133271664,17.210779832851532,12
normal,19354,normal_0580,11,2022-07-12 01:14:04.469,1.1,0,2,original,False,6.50948955300405,17.210779832851532,12
normal,19355,normal_0580,12,2022-07-12 01:14:04.569,1.2,0,2,original,False,8.23751982241247,17.210779832851532,12
normal,19356,normal_0580,13,2022-07-12 01:14:04.669,1.3,0,2,original,False,10.11427082508174,17.210779832851532,12
normal,19357,normal_0580,14,2022-07-12 01:14:04.769,1.4,0,2,original,False,10.305359913644118,17.210779832851532,12
normal,19358,normal_0580,15,2022-07-12 01:14:04.869,1.5,0,2,original,False,6.927045677668634,17.210779832851532,12
normal,19359,normal_0580,16,2022-07-12 01:14:04.969,1.6,0,2,original,False,9.131337620022133,17.210779832851532,12
normal,19360,normal_0580,17,2022-07-12 01:14:05.069,1.7,0,2,original,False,6.700138955306469,17.210779832851532,12
normal,19361,normal_0580,18,2022-07-12 01:14:05.169,1.8,0,2,original,False,8.010101586781559,17.210779832851532,12
normal,19362,normal_0580,19,2022-07-12 01:14:05.269,1.9,0,2,original,False,6.352648360636773,17.210779832851532,12
normal,19363,normal_0580,20,2022-07-12 01:14:05.369,2.0,0,2,original,False,6.219041601434838,17.210779832851532,12
normal,19364,normal_0580,21,2022-07-12 01:14:05.469,2.1,0,2,original,False,5.808753059121206,17.210779832851532,12
normal,19365,normal_0580,22,2022-07-12 01:14:05.569,2.2,0,2,original,False,6.197719776625137,17.210779832851532,12
normal,19366,normal_0580,23,2022-07-12 01:14:05.669,2.3,0,2,original,False,5.1567345726468,17.210779832851532,12
normal,19367,normal_0581,0,2022-07-12 01:14:11.239,0.0,0,2,original,False,,17.210779832851532,3
normal,19368,normal_0581,1,2022-07-12 01:14:11.339,0.1,0,2,original,False,,17.210779832851532,6
normal,19369,normal_0581,2,2022-07-12 01:14:11.439,0.2,0,2,original,False,,17.210779832851532,9
normal,19370,normal_0581,3,2022-07-12 01:14:11.539,0.3,0,2,original,False,6.26013554491933,17.210779832851532,12
normal,19371,normal_0581,4,2022-07-12 01:14:11.639,0.4,0,2,original,False,8.031833420350036,17.210779832851532,12
normal,19372,normal_0581,5,2022-07-12 01:14:11.739,0.5,0,2,original,False,6.100521329057108,17.210779832851532,12
normal,19373,normal_0581,6,2022-07-12 01:14:11.839,0.6,0,2,original,False,7.905068381176502,17.210779832851532,12
normal,19374,normal_0581,7,2022-07-12 01:14:11.939,0.7,0,2,original,False,6.315030392209386,17.210779832851532,12
normal,19375,normal_0581,8,2022-07-12 01:14:12.039,0.8,0,2,original,False,5.4463885420750335,17.210779832851532,12
normal,19376,normal_0581,9,2022-07-12 01:14:12.139,0.9,0,2,original,False,6.6234745338440995,17.210779832851532,12
normal,19377,normal_0582,0,2022-07-12 01:14:28.769,0.0,0,2,original,False,,17.210779832851532,3
normal,19378,normal_0582,1,2022-07-12 01:14:28.869,0.1,0,2,original,False,,17.210779832851532,6
normal,19379,normal_0582,2,2022-07-12 01:14:28.969,0.2,0,2,original,False,,17.210779832851532,9
normal,19380,normal_0582,3,2022-07-12 01:14:29.069,0.3,0,2,original,False,8.398207149287346,17.210779832851532,12
normal,19381,normal_0582,4,2022-07-12 01:14:29.169,0.4,0,2,original,False,9.948010422232302,17.210779832851532,12
normal,19382,normal_0582,5,2022-07-12 01:14:29.269,0.5,0,2,original,False,8.22310543764068,17.210779832851532,12
normal,19383,normal_0582,6,2022-07-12 01:14:29.369,0.6,0,2,original,False,7.6607164793458,17.210779832851532,12
normal,19384,normal_0582,7,2022-07-12 01:14:29.469,0.7,0,2,original,False,5.903949908545569,17.210779832851532,12
normal,19385,normal_0582,8,2022-07-12 01:14:29.569,0.8,0,2,original,False,6.4013198329258785,17.210779832851532,12
normal,19386,normal_0582,9,2022-07-12 01:14:29.669,0.9,0,2,original,False,6.464762245513388,17.210779832851532,12
normal,19387,normal_0582,10,2022-07-12 01:14:29.769,1.0,0,2,original,False,4.792988976158914,17.210779832851532,12
normal,19388,normal_0582,11,2022-07-12 01:14:29.869,1.1,0,2,original,False,6.4099465038409775,17.210779832851532,12
normal,19389,normal_0582,12,2022-07-12 01:14:29.969,1.2,0,2,original,False,6.679134181932616,17.210779832851532,12
normal,19390,normal_0582,13,2022-07-12 01:14:30.069,1.3,0,2,original,False,5.847958183735567,17.210779832851532,12
normal,19391,normal_0582,14,2022-07-12 01:14:30.169,1.4,0,2,original,False,5.164398510006798,17.210779832851532,12
normal,19392,normal_0582,15,2022-07-12 01:14:30.269,1.5,0,2,original,False,5.555258367743513,17.210779832851532,12
normal,19393,normal_0582,16,2022-07-12 01:14:30.369,1.6,0,2,original,False,5.131638350599596,17.210779832851532,12
normal,19394,normal_0582,17,2022-07-12 01:14:30.469,1.7,0,2,original,False,4.980770774788588,17.210779832851532,12
normal,19395,normal_0582,18,2022-07-12 01:14:30.569,1.8,0,2,original,False,5.146172232191787,17.210779832851532,12
normal,19396,normal_0582,19,2022-07-12 01:14:30.669,1.9,0,2,original,False,7.803700133308339,17.210779832851532,12
normal,19397,normal_0582,20,2022-07-12 01:14:30.769,2.0,0,2,original,False,8.947113766289748,17.210779832851532,12
normal,19398,normal_0582,21,2022-07-12 01:14:30.869,2.1,0,2,original,False,10.634107190290102,17.210779832851532,12
normal,19399,normal_0582,22,2022-07-12 01:14:30.969,2.2,0,2,original,False,7.550500156179682,17.210779832851532,12
normal,19400,normal_0582,23,2022-07-12 01:14:31.069,2.3,0,2,original,False,6.302838481167696,17.210779832851532,12
normal,19401,normal_0582,24,2022-07-12 01:14:31.169,2.4,0,2,original,False,5.701084320865847,17.210779832851532,12
normal,19402,normal_0582,25,2022-07-12 01:14:31.269,2.5,0,2,original,False,5.937446237423475,17.210779832851532,12
normal,19403,normal_0582,26,2022-07-12 01:14:31.369,2.6,0,2,original,False,6.619950687960873,17.210779832851532,12
normal,19404,normal_0582,27,2022-07-12 01:14:31.469,2.7,0,2,original,False,7.800516792421611,17.210779832851532,12
normal,19405,normal_0582,28,2022-07-12 01:14:31.569,2.8,0,2,original,False,7.432096095616022,17.210779832851532,12
normal,19406,normal_0582,29,2022-07-12 01:14:31.669,2.9,0,2,original,False,6.799243350267938,17.210779832851532,12
normal,19407,normal_0582,30,2022-07-12 01:14:31.769,3.0,0,2,original,False,4.588628515920508,17.210779832851532,12
normal,19408,normal_0582,31,2022-07-12 01:14:31.869,3.1,0,2,original,False,4.867721852418253,17.210779832851532,12
normal,19409,normal_0582,32,2022-07-12 01:14:31.969,3.2,0,2,original,False,5.652516227441178,17.210779832851532,12
normal,19410,normal_0582,33,2022-07-12 01:14:32.069,3.3,0,2,original,False,5.003842202743602,17.210779832851532,12
normal,19411,normal_0582,34,2022-07-12 01:14:32.169,3.4,0,2,original,False,5.445744094733179,17.210779832851532,12
normal,19412,normal_0582,35,2022-07-12 01:14:32.269,3.5,0,2,original,False,4.329476663534826,17.210779832851532,12
normal,19413,normal_0582,36,2022-07-12 01:14:32.369,3.6,0,2,original,False,5.366892802862924,17.210779832851532,12
normal,19414,normal_0582,37,2022-07-12 01:14:32.469,3.7,0,2,original,False,8.357940002508851,17.210779832851532,12
normal,19415,normal_0582,38,2022-07-12 01:14:32.569,3.8,0,2,original,False,8.824576671428584,17.210779832851532,12
normal,19416,normal_0582,39,2022-07-12 01:14:32.669,3.9,0,2,original,False,6.99229107223894,17.210779832851532,12
normal,19417,normal_0582,40,2022-07-12 01:14:32.769,4.0,0,2,original,False,5.63326236177935,17.210779832851532,12
normal,19418,normal_0582,41,2022-07-12 01:14:32.869,4.1,0,2,original,False,6.653849057733816,17.210779832851532,12
normal,19419,normal_0582,42,2022-07-12 01:14:32.969,4.2,0,2,original,False,6.141068033361349,17.210779832851532,12
normal,19420,normal_0582,43,2022-07-12 01:14:33.069,4.3,0,2,original,False,5.662782749462434,17.210779832851532,12
normal,19421,normal_0582,44,2022-07-12 01:14:33.169,4.4,0,2,original,False,7.948979579002277,17.210779832851532,12
normal,19422,normal_0582,45,2022-07-12 01:14:33.269,4.5,0,2,original,False,7.4837070427708206,17.210779832851532,12
normal,19423,normal_0582,46,2022-07-12 01:14:33.369,4.6,0,2,original,False,6.865729489304273,17.210779832851532,12
normal,19424,normal_0582,47,2022-07-12 01:14:33.469,4.7,0,2,original,False,4.24042397784963,17.210779832851532,12
normal,19425,normal_0582,48,2022-07-12 01:14:33.569,4.8,0,2,original,False,4.667865906153271,17.210779832851532,12
normal,19426,normal_0582,49,2022-07-12 01:14:33.669,4.9,0,2,original,False,4.424097532080328,17.210779832851532,12
normal,19427,normal_0583,0,2022-07-12 01:14:35.252,0.0,0,2,original,False,,17.210779832851532,3
normal,19428,normal_0583,1,2022-07-12 01:14:35.352,0.1,0,2,original,False,,17.210779832851532,6
normal,19429,normal_0583,2,2022-07-12 01:14:35.452,0.2,0,2,original,False,,17.210779832851532,9
normal,19430,normal_0583,3,2022-07-12 01:14:35.552,0.3,0,2,original,False,5.258041371678516,17.210779832851532,12
normal,19431,normal_0583,4,2022-07-12 01:14:35.652,0.4,0,2,original,False,5.150344086063532,17.210779832851532,12
normal,19432,normal_0583,5,2022-07-12 01:14:35.752,0.5,0,2,original,False,4.9302188698625296,17.210779832851532,12
normal,19433,normal_0583,6,2022-07-12 01:14:35.852,0.6,0,2,original,False,5.705328092734472,17.210779832851532,12
normal,19434,normal_0583,7,2022-07-12 01:14:35.952,0.7,0,2,original,False,6.550061425377638,17.210779832851532,12
normal,19435,normal_0583,8,2022-07-12 01:14:36.052,0.8,0,2,original,False,9.320665475262507,17.210779832851532,12
normal,19436,normal_0583,9,2022-07-12 01:14:36.152,0.9,0,2,original,False,9.250186068300806,17.210779832851532,12
normal,19437,normal_0583,10,2022-07-12 01:14:36.252,1.0,0,2,original,False,5.082319937404045,17.210779832851532,12
normal,19438,normal_0583,11,2022-07-12 01:14:36.352,1.1,0,2,original,False,5.7673854292637445,17.210779832851532,12
normal,19439,normal_0583,12,2022-07-12 01:14:36.452,1.2,0,2,original,False,4.6883496951552655,17.210779832851532,12
normal,19440,normal_0583,13,2022-07-12 01:14:36.552,1.3,0,2,original,False,5.641979761428474,17.210779832851532,12
normal,19441,normal_0583,14,2022-07-12 01:14:36.652,1.4,0,2,original,False,6.065800447971532,17.210779832851532,12
normal,19442,normal_0583,15,2022-07-12 01:14:36.752,1.5,0,2,original,False,9.121806678153536,17.210779832851532,12
normal,19443,normal_0583,16,2022-07-12 01:14:36.852,1.6,0,2,original,False,8.227887452983389,17.210779832851532,12
normal,19444,normal_0583,17,2022-07-12 01:14:36.952,1.7,0,2,original,False,8.356363456816695,17.210779832851532,12
normal,19445,normal_0583,18,2022-07-12 01:14:37.052,1.8,0,2,original,False,6.81666335748605,17.210779832851532,12
normal,19446,normal_0583,19,2022-07-12 01:14:37.152,1.9,0,2,original,False,6.4109762494335945,17.210779832851532,12
normal,19447,normal_0583,20,2022-07-12 01:14:37.252,2.0,0,2,original,False,6.679415621354891,17.210779832851532,12
normal,19448,normal_0583,21,2022-07-12 01:14:37.352,2.1,0,2,original,False,5.796290297209614,17.210779832851532,12
normal,19449,normal_0583,22,2022-07-12 01:14:37.452,2.2,0,2,original,False,6.89552470599766,17.210779832851532,12
normal,19450,normal_0583,23,2022-07-12 01:14:37.552,2.3,0,2,original,False,6.533722140363362,17.210779832851532,12
normal,19451,normal_0583,24,2022-07-12 01:14:37.652,2.4,0,2,original,False,4.912788863379667,17.210779832851532,12
normal,19452,normal_0583,25,2022-07-12 01:14:37.752,2.5,0,2,original,False,7.576214429456953,17.210779832851532,12
normal,19453,normal_0583,26,2022-07-12 01:14:37.852,2.6,0,2,original,False,8.614958240577067,17.210779832851532,12
normal,19454,normal_0583,27,2022-07-12 01:14:37.952,2.7,0,2,original,False,10.811865441880395,17.210779832851532,12
normal,19455,normal_0583,28,2022-07-12 01:14:38.052,2.8,0,2,original,False,9.983480951510513,17.210779832851532,12
normal,19456,normal_0583,29,2022-07-12 01:14:38.152,2.9,0,2,original,False,11.394747576410895,17.210779832851532,12
normal,19457,normal_0583,30,2022-07-12 01:14:38.252,3.0,0,2,original,False,9.54588780079049,17.210779832851532,12
normal,19458,normal_0583,31,2022-07-12 01:14:38.352,3.1,0,2,original,False,7.507376022068365,17.210779832851532,12
normal,19459,normal_0583,32,2022-07-12 01:14:38.452,3.2,0,2,original,False,10.772715165087801,17.210779832851532,12
normal,19460,normal_0583,33,2022-07-12 01:14:38.552,3.3,0,2,original,False,11.418225727318996,17.210779832851532,12
normal,19461,normal_0583,34,2022-07-12 01:14:38.652,3.4,0,2,original,False,14.034757491397288,17.210779832851532,12
normal,19462,normal_0583,35,2022-07-12 01:14:38.752,3.5,0,2,original,False,5.860218020884263,17.210779832851532,12
normal,19463,normal_0583,36,2022-07-12 01:14:38.852,3.6,0,2,original,False,9.261105752765145,17.210779832851532,12
normal,19464,normal_0583,37,2022-07-12 01:14:38.952,3.7,0,2,original,False,9.310558951496688,17.210779832851532,12
normal,19465,normal_0583,38,2022-07-12 01:14:39.052,3.8,0,2,original,False,9.27673162513739,17.210779832851532,12
normal,19466,normal_0583,39,2022-07-12 01:14:39.152,3.9,0,2,original,False,9.076501972049194,17.210779832851532,12
normal,19467,normal_0583,40,2022-07-12 01:14:39.252,4.0,0,2,original,False,10.471047221895113,17.210779832851532,12
normal,19468,normal_0583,41,2022-07-12 01:14:39.352,4.1,0,2,original,False,8.525870470105597,17.210779832851532,12
normal,19469,normal_0583,42,2022-07-12 01:14:39.452,4.2,0,2,original,False,9.355744976019711,17.210779832851532,12
normal,19470,normal_0583,43,2022-07-12 01:14:39.552,4.3,0,2,original,False,7.3904050224661315,17.210779832851532,12
normal,19471,normal_0583,44,2022-07-12 01:14:39.652,4.4,0,2,original,False,6.713585416258215,17.210779832851532,12
normal,19472,normal_0583,45,2022-07-12 01:14:39.752,4.5,0,2,original,False,8.421121568552214,17.210779832851532,12
normal,19473,normal_0583,46,2022-07-12 01:14:39.852,4.6,0,2,original,False,8.454926357724787,17.210779832851532,12
normal,19474,normal_0583,47,2022-07-12 01:14:39.952,4.7,0,2,original,False,10.16229524491698,17.210779832851532,12
normal,19475,normal_0583,48,2022-07-12 01:14:40.052,4.8,0,2,original,False,10.283076691615916,17.210779832851532,12
normal,19476,normal_0583,49,2022-07-12 01:14:40.152,4.9,0,2,original,False,7.692980185801841,17.210779832851532,12
normal,19477,normal_0584,0,2022-07-12 01:14:43.335,0.0,0,2,original,False,,17.210779832851532,3
normal,19478,normal_0584,1,2022-07-12 01:14:43.435,0.1,0,2,original,False,,17.210779832851532,6
normal,19479,normal_0584,2,2022-07-12 01:14:43.535,0.2,0,2,original,False,,17.210779832851532,9
normal,19480,normal_0584,3,2022-07-12 01:14:43.635,0.3,0,2,original,False,10.54798066248774,17.210779832851532,12
normal,19481,normal_0584,4,2022-07-12 01:14:43.735,0.4,0,2,original,False,12.244374549255763,17.210779832851532,12
normal,19482,normal_0584,5,2022-07-12 01:14:43.835,0.5,0,2,original,False,13.271896847386248,17.210779832851532,12
normal,19483,normal_0584,6,2022-07-12 01:14:43.935,0.6,0,2,original,False,10.474845971812025,17.210779832851532,12
normal,19484,normal_0584,7,2022-07-12 01:14:44.035,0.7,0,2,original,False,8.914436951794285,17.210779832851532,12
normal,19485,normal_0584,8,2022-07-12 01:14:44.135,0.8,0,2,original,False,8.405288279279548,17.210779832851532,12
normal,19486,normal_0584,9,2022-07-12 01:14:44.235,0.9,0,2,original,False,11.429134122512144,17.210779832851532,12
normal,19487,normal_0584,10,2022-07-12 01:14:44.335,1.0,0,2,original,False,9.388245504819475,17.210779832851532,12
normal,19488,normal_0584,11,2022-07-12 01:14:44.435,1.1,0,2,original,False,7.29520181585123,17.210779832851532,12
normal,19489,normal_0584,12,2022-07-12 01:14:44.535,1.2,0,2,original,False,8.329010745209711,17.210779832851532,12
normal,19490,normal_0584,13,2022-07-12 01:14:44.635,1.3,0,2,original,False,7.838927322591406,17.210779832851532,12
normal,19491,normal_0584,14,2022-07-12 01:14:44.735,1.4,0,2,original,False,9.22711794438888,17.210779832851532,12
normal,19492,normal_0584,15,2022-07-12 01:14:44.835,1.5,0,2,original,False,9.12698411147315,17.210779832851532,12
normal,19493,normal_0584,16,2022-07-12 01:14:44.935,1.6,0,2,original,False,9.279904920676348,17.210779832851532,12
normal,19494,normal_0584,17,2022-07-12 01:14:45.035,1.7,0,2,original,False,10.794024374228998,17.210779832851532,12
normal,19495,normal_0584,18,2022-07-12 01:14:45.135,1.8,0,2,original,False,7.54402180179227,17.210779832851532,12
normal,19496,normal_0584,19,2022-07-12 01:14:45.235,1.9,0,2,original,False,10.753002084600666,17.210779832851532,12
normal,19497,normal_0584,20,2022-07-12 01:14:45.335,2.0,0,2,original,False,9.643641281841312,17.210779832851532,12
normal,19498,normal_0584,21,2022-07-12 01:14:45.435,2.1,0,2,original,False,11.131161003804518,17.210779832851532,12
normal,19499,normal_0584,22,2022-07-12 01:14:45.535,2.2,0,2,original,False,11.184331302784187,17.210779832851532,12
normal,19500,normal_0584,23,2022-07-12 01:14:45.635,2.3,0,2,original,False,10.342105796695508,17.210779832851532,12
normal,19501,normal_0584,24,2022-07-12 01:14:45.735,2.4,0,2,original,False,10.902601161861016,17.210779832851532,12
normal,19502,normal_0584,25,2022-07-12 01:14:45.835,2.5,0,2,original,False,12.81673773606786,17.210779832851532,12
normal,19503,normal_0584,26,2022-07-12 01:14:45.935,2.6,0,2,original,False,13.761940701505859,17.210779832851532,12
normal,19504,normal_0584,27,2022-07-12 01:14:46.035,2.7,0,2,original,False,12.64034291407819,17.210779832851532,12
normal,19505,normal_0584,28,2022-07-12 01:14:46.135,2.8,0,2,original,False,10.978562951984149,17.210779832851532,12
normal,19506,normal_0584,29,2022-07-12 01:14:46.235,2.9,0,2,original,False,13.160078292981146,17.210779832851532,12
normal,19507,normal_0584,30,2022-07-12 01:14:46.335,3.0,0,2,original,False,12.11931364914963,17.210779832851532,12
normal,19508,normal_0584,31,2022-07-12 01:14:46.435,3.1,0,2,original,False,11.437704905004924,17.210779832851532,12
normal,19509,normal_0584,32,2022-07-12 01:14:46.535,3.2,0,2,original,False,9.070988918245694,17.210779832851532,12
normal,19510,normal_0584,33,2022-07-12 01:14:46.635,3.3,0,2,original,False,10.401666183397905,17.210779832851532,12
normal,19511,normal_0584,34,2022-07-12 01:14:46.735,3.4,0,2,original,False,6.460672185690737,17.210779832851532,12
normal,19512,normal_0584,35,2022-07-12 01:14:46.835,3.5,0,2,original,False,8.250592950788455,17.210779832851532,12
normal,19513,normal_0584,36,2022-07-12 01:14:46.935,3.6,0,2,original,False,8.04958815005782,17.210779832851532,12
normal,19514,normal_0585,0,2022-07-12 01:14:51.439,0.0,0,2,original,False,,17.210779832851532,3
normal,19515,normal_0585,1,2022-07-12 01:14:51.539,0.1,0,2,original,False,,17.210779832851532,6
normal,19516,normal_0585,2,2022-07-12 01:14:51.639,0.2,0,2,original,False,,17.210779832851532,9
normal,19517,normal_0585,3,2022-07-12 01:14:51.739,0.3,0,2,original,False,11.183732064661925,17.210779832851532,12
normal,19518,normal_0585,4,2022-07-12 01:14:51.839,0.4,0,2,original,False,6.498945998742325,17.210779832851532,12
normal,19519,normal_0585,5,2022-07-12 01:14:51.939,0.5,0,2,original,False,7.2243591146819535,17.210779832851532,12
normal,19520,normal_0585,6,2022-07-12 01:14:52.039,0.6,0,2,original,False,7.594828246635649,17.210779832851532,12
normal,19521,normal_0585,7,2022-07-12 01:14:52.139,0.7,0,2,original,False,8.739920898241788,17.210779832851532,12
normal,19522,normal_0585,8,2022-07-12 01:14:52.239,0.8,0,2,original,False,6.548976448625698,17.210779832851532,12
normal,19523,normal_0585,9,2022-07-12 01:14:52.339,0.9,0,2,original,False,7.793343551707836,17.210779832851532,12
normal,19524,normal_0585,10,2022-07-12 01:14:52.439,1.0,0,2,original,False,6.602582061769855,17.210779832851532,12
normal,19525,normal_0585,11,2022-07-12 01:14:52.539,1.1,0,2,original,False,8.366782939201222,17.210779832851532,12
normal,19526,normal_0585,12,2022-07-12 01:14:52.639,1.2,0,2,original,False,7.988366568099191,17.210779832851532,12
normal,19527,normal_0585,13,2022-07-12 01:14:52.739,1.3,0,2,original,False,8.8196558436867,17.210779832851532,12
normal,19528,normal_0585,14,2022-07-12 01:14:52.839,1.4,0,2,original,False,6.916574167738804,17.210779832851532,12
normal,19529,normal_0585,15,2022-07-12 01:14:52.939,1.5,0,2,original,False,7.381031972677092,17.210779832851532,12
normal,19530,normal_0585,16,2022-07-12 01:14:53.039,1.6,0,2,original,False,6.3360267590570905,17.210779832851532,12
normal,19531,normal_0585,17,2022-07-12 01:14:53.139,1.7,0,2,original,False,6.67335061904925,17.210779832851532,12
normal,19532,normal_0585,18,2022-07-12 01:14:53.239,1.8,0,2,original,False,8.626215227720008,17.210779832851532,12
normal,19533,normal_0585,19,2022-07-12 01:14:53.339,1.9,0,2,original,False,8.75944765386572,17.210779832851532,12
normal,19534,normal_0585,20,2022-07-12 01:14:53.439,2.0,0,2,original,False,8.632254175705377,17.210779832851532,12
normal,19535,normal_0585,21,2022-07-12 01:14:53.539,2.1,0,2,original,False,5.137153358475289,17.210779832851532,12
normal,19536,normal_0585,22,2022-07-12 01:14:53.639,2.2,0,2,original,False,7.048234514708699,17.210779832851532,12
normal,19537,normal_0585,23,2022-07-12 01:14:53.739,2.3,0,2,original,False,7.4893659856974795,17.210779832851532,12
normal,19538,normal_0585,24,2022-07-12 01:14:53.839,2.4,0,2,original,False,6.839509002904298,17.210779832851532,12
normal,19539,normal_0586,0,2022-07-12 01:14:59.376,0.0,0,2,original,False,,17.210779832851532,3
normal,19540,normal_0586,1,2022-07-12 01:14:59.476,0.1,0,2,original,False,,17.210779832851532,6
normal,19541,normal_0586,2,2022-07-12 01:14:59.576,0.2,0,2,original,False,,17.210779832851532,9
normal,19542,normal_0586,3,2022-07-12 01:14:59.676,0.3,0,2,original,False,9.878185372761479,17.210779832851532,12
normal,19543,normal_0586,4,2022-07-12 01:14:59.776,0.4,0,2,original,False,9.491847155417716,17.210779832851532,12
normal,19544,normal_0586,5,2022-07-12 01:14:59.876,0.5,0,2,original,False,7.726129936149678,17.210779832851532,12
normal,19545,normal_0586,6,2022-07-12 01:14:59.976,0.6,0,2,original,False,7.043499250531535,17.210779832851532,12
normal,19546,normal_0586,7,2022-07-12 01:15:00.076,0.7,0,2,original,False,7.092959463658949,17.210779832851532,12
normal,19547,normal_0586,8,2022-07-12 01:15:00.176,0.8,0,2,original,False,6.071312624876794,17.210779832851532,12
normal,19548,normal_0586,9,2022-07-12 01:15:00.276,0.9,0,2,original,False,7.026197233988604,17.210779832851532,12
normal,19549,normal_0586,10,2022-07-12 01:15:00.376,1.0,0,2,original,False,6.9027692158469,17.210779832851532,12
normal,19550,normal_0587,0,2022-07-12 01:15:17.019,0.0,0,2,original,False,,17.210779832851532,3
normal,19551,normal_0587,1,2022-07-12 01:15:17.119,0.1,0,2,original,False,,17.210779832851532,6
normal,19552,normal_0587,2,2022-07-12 01:15:17.219,0.2,0,2,original,False,,17.210779832851532,9
normal,19553,normal_0587,3,2022-07-12 01:15:17.319,0.3,0,2,original,False,8.783558658902933,17.210779832851532,12
normal,19554,normal_0587,4,2022-07-12 01:15:17.419,0.4,0,2,original,False,7.311429153786852,17.210779832851532,12
normal,19555,normal_0587,5,2022-07-12 01:15:17.519,0.5,0,2,original,False,7.229339092517961,17.210779832851532,12
normal,19556,normal_0587,6,2022-07-12 01:15:17.619,0.6,0,2,original,False,7.780156003410525,17.210779832851532,12
normal,19557,normal_0587,7,2022-07-12 01:15:17.719,0.7,0,2,original,False,8.377416293293296,17.210779832851532,12
normal,19558,normal_0587,8,2022-07-12 01:15:17.819,0.8,0,2,original,False,7.479509374982309,17.210779832851532,12
normal,19559,normal_0587,9,2022-07-12 01:15:17.919,0.9,0,2,original,False,10.247690697969974,17.210779832851532,12
normal,19560,normal_0587,10,2022-07-12 01:15:18.019,1.0,0,2,original,False,7.826981218144143,17.210779832851532,12
normal,19561,normal_0587,11,2022-07-12 01:15:18.119,1.1,0,2,original,False,8.976815982555141,17.210779832851532,12
normal,19562,normal_0587,12,2022-07-12 01:15:18.219,1.2,0,2,original,False,6.661821941320601,17.210779832851532,12
normal,19563,normal_0587,13,2022-07-12 01:15:18.319,1.3,0,2,original,False,9.64823908677649,17.210779832851532,12
normal,19564,normal_0587,14,2022-07-12 01:15:18.419,1.4,0,2,original,False,9.188756250344122,17.210779832851532,12
normal,19565,normal_0587,15,2022-07-12 01:15:18.519,1.5,0,2,original,False,7.366839185520327,17.210779832851532,12
normal,19566,normal_0587,16,2022-07-12 01:15:18.619,1.6,0,2,original,False,7.897639211520313,17.210779832851532,12
normal,19567,normal_0587,17,2022-07-12 01:15:18.719,1.7,0,2,original,False,6.265159227707237,17.210779832851532,12
normal,19568,normal_0587,18,2022-07-12 01:15:18.819,1.8,0,2,original,False,7.458982246450908,17.210779832851532,12
normal,19569,normal_0587,19,2022-07-12 01:15:18.919,1.9,0,2,original,False,12.205414762530493,17.210779832851532,12
normal,19570,normal_0587,20,2022-07-12 01:15:19.019,2.0,0,2,original,False,10.952866792976407,17.210779832851532,12
normal,19571,normal_0587,21,2022-07-12 01:15:19.119,2.1,0,2,original,False,8.15344585079175,17.210779832851532,12
normal,19572,normal_0587,22,2022-07-12 01:15:19.219,2.2,0,2,original,False,9.441338065834355,17.210779832851532,12
normal,19573,normal_0587,23,2022-07-12 01:15:19.319,2.3,0,2,original,False,7.979273968926628,17.210779832851532,12
normal,19574,normal_0587,24,2022-07-12 01:15:19.419,2.4,0,2,original,False,10.346681903365257,17.210779832851532,12
normal,19575,normal_0587,25,2022-07-12 01:15:19.519,2.5,0,2,original,False,7.887881480751424,17.210779832851532,12
normal,19576,normal_0587,26,2022-07-12 01:15:19.619,2.6,0,2,original,False,8.650018577020013,17.210779832851532,12
normal,19577,normal_0587,27,2022-07-12 01:15:19.719,2.7,0,2,original,False,7.971097584216159,17.210779832851532,12
normal,19578,normal_0587,28,2022-07-12 01:15:19.819,2.8,0,2,original,False,8.546165574344988,17.210779832851532,12
normal,19579,normal_0587,29,2022-07-12 01:15:19.919,2.9,0,2,original,False,8.725644912908052,17.210779832851532,12
normal,19580,normal_0587,30,2022-07-12 01:15:20.019,3.0,0,2,original,False,8.499853829791599,17.210779832851532,12
normal,19581,normal_0587,31,2022-07-12 01:15:20.119,3.1,0,2,original,False,10.453553012755526,17.210779832851532,12
normal,19582,normal_0587,32,2022-07-12 01:15:20.219,3.2,0,2,original,False,7.545820857774456,17.210779832851532,12
normal,19583,normal_0587,33,2022-07-12 01:15:20.319,3.3,0,2,original,False,7.609290599931361,17.210779832851532,12
normal,19584,normal_0587,34,2022-07-12 01:15:20.419,3.4,0,2,original,False,7.481927988171488,17.210779832851532,12
normal,19585,normal_0587,35,2022-07-12 01:15:20.519,3.5,0,2,original,False,8.432147495139583,17.210779832851532,12
normal,19586,normal_0587,36,2022-07-12 01:15:20.619,3.6,0,2,original,False,9.375261044175765,17.210779832851532,12
normal,19587,normal_0587,37,2022-07-12 01:15:20.719,3.7,0,2,original,False,8.781430788192406,17.210779832851532,12
normal,19588,normal_0587,38,2022-07-12 01:15:20.819,3.8,0,2,original,False,7.532416591126352,17.210779832851532,12
normal,19589,normal_0587,39,2022-07-12 01:15:20.919,3.9,0,2,original,False,9.251449497968604,17.210779832851532,12
normal,19590,normal_0587,40,2022-07-12 01:15:21.019,4.0,0,2,original,False,8.679448664831249,17.210779832851532,12
normal,19591,normal_0587,41,2022-07-12 01:15:21.119,4.1,0,2,original,False,9.133206929609386,17.210779832851532,12
normal,19592,normal_0587,42,2022-07-12 01:15:21.219,4.2,0,2,original,False,7.0424756455703506,17.210779832851532,12
normal,19593,normal_0587,43,2022-07-12 01:15:21.319,4.3,0,2,original,False,6.586597209638222,17.210779832851532,12
normal,19594,normal_0587,44,2022-07-12 01:15:21.419,4.4,0,2,original,False,7.727981548326458,17.210779832851532,12
normal,19595,normal_0587,45,2022-07-12 01:15:21.519,4.5,0,2,original,False,9.6648167256385,17.210779832851532,12
normal,19596,normal_0587,46,2022-07-12 01:15:21.619,4.6,0,2,original,False,9.49444465957027,17.210779832851532,12
normal,19597,normal_0587,47,2022-07-12 01:15:21.719,4.7,0,2,original,False,9.693959571424795,17.210779832851532,12
normal,19598,normal_0587,48,2022-07-12 01:15:21.819,4.8,0,2,original,False,9.909638758423627,17.210779832851532,12
normal,19599,normal_0587,49,2022-07-12 01:15:21.919,4.9,0,2,original,False,6.839766489939886,17.210779832851532,12
normal,19600,normal_0588,0,2022-07-12 01:15:23.633,0.0,0,2,original,False,,17.210779832851532,3
normal,19601,normal_0588,1,2022-07-12 01:15:23.733,0.1,0,2,original,False,,17.210779832851532,6
normal,19602,normal_0588,2,2022-07-12 01:15:23.833,0.2,0,2,original,False,,17.210779832851532,9
normal,19603,normal_0588,3,2022-07-12 01:15:23.933,0.3,0,2,original,False,8.219687072265586,17.210779832851532,12
normal,19604,normal_0588,4,2022-07-12 01:15:24.033,0.4,0,2,original,False,9.76258503679771,17.210779832851532,12
normal,19605,normal_0588,5,2022-07-12 01:15:24.133,0.5,0,2,original,False,8.338069810837101,17.210779832851532,12
normal,19606,normal_0588,6,2022-07-12 01:15:24.233,0.6,0,2,original,False,8.526165893533669,17.210779832851532,12
normal,19607,normal_0588,7,2022-07-12 01:15:24.333,0.7,0,2,original,False,7.336763888754835,17.210779832851532,12
normal,19608,normal_0588,8,2022-07-12 01:15:24.433,0.8,0,2,original,False,6.074645571662703,17.210779832851532,12
normal,19609,normal_0588,9,2022-07-12 01:15:24.533,0.9,0,2,original,False,8.348786860554913,17.210779832851532,12
normal,19610,normal_0588,10,2022-07-12 01:15:24.633,1.0,0,2,original,False,8.671433353277193,17.210779832851532,12
normal,19611,normal_0588,11,2022-07-12 01:15:24.733,1.1,0,2,original,False,8.45044212363586,17.210779832851532,12
normal,19612,normal_0588,12,2022-07-12 01:15:24.833,1.2,0,2,original,False,9.774198717551041,17.210779832851532,12
normal,19613,normal_0588,13,2022-07-12 01:15:24.933,1.3,0,2,original,False,6.191276571005884,17.210779832851532,12
normal,19614,normal_0588,14,2022-07-12 01:15:25.033,1.4,0,2,original,False,7.064508425625697,17.210779832851532,12
normal,19615,normal_0588,15,2022-07-12 01:15:25.133,1.5,0,2,original,False,6.548700608101517,17.210779832851532,12
normal,19616,normal_0588,16,2022-07-12 01:15:25.233,1.6,0,2,original,False,7.112858005686907,17.210779832851532,12
normal,19617,normal_0588,17,2022-07-12 01:15:25.333,1.7,0,2,original,False,7.270734709554499,17.210779832851532,12
normal,19618,normal_0588,18,2022-07-12 01:15:25.433,1.8,0,2,original,False,5.8729351428948595,17.210779832851532,12
normal,19619,normal_0588,19,2022-07-12 01:15:25.533,1.9,0,2,original,False,6.665335623232483,17.210779832851532,12
normal,19620,normal_0588,20,2022-07-12 01:15:25.633,2.0,0,2,original,False,8.90509066898994,17.210779832851532,12
normal,19621,normal_0588,21,2022-07-12 01:15:25.733,2.1,0,2,original,False,9.35661315160031,17.210779832851532,12
normal,19622,normal_0588,22,2022-07-12 01:15:25.833,2.2,0,2,original,False,8.28897135991939,17.210779832851532,12
normal,19623,normal_0588,23,2022-07-12 01:15:25.933,2.3,0,2,original,False,8.111618288219077,17.210779832851532,12
normal,19624,normal_0588,24,2022-07-12 01:15:26.033,2.4,0,2,original,False,6.7939084351859504,17.210779832851532,12
normal,19625,normal_0588,25,2022-07-12 01:15:26.133,2.5,0,2,original,False,6.261445687352486,17.210779832851532,12
normal,19626,normal_0588,26,2022-07-12 01:15:26.233,2.6,0,2,original,False,6.899323971162921,17.210779832851532,12
normal,19627,normal_0588,27,2022-07-12 01:15:26.333,2.7,0,2,original,False,8.739194104931434,17.210779832851532,12
normal,19628,normal_0588,28,2022-07-12 01:15:26.433,2.8,0,2,original,False,9.43871832206276,17.210779832851532,12
normal,19629,normal_0588,29,2022-07-12 01:15:26.533,2.9,0,2,original,False,9.145182562917125,17.210779832851532,12
normal,19630,normal_0588,30,2022-07-12 01:15:26.633,3.0,0,2,original,False,6.9153866729677835,17.210779832851532,12
normal,19631,normal_0588,31,2022-07-12 01:15:26.733,3.1,0,2,original,False,8.459307348479303,17.210779832851532,12
normal,19632,normal_0588,32,2022-07-12 01:15:26.833,3.2,0,2,original,False,7.5935847481862515,17.210779832851532,12
normal,19633,normal_0588,33,2022-07-12 01:15:26.933,3.3,0,2,original,False,6.376603293149097,17.210779832851532,12
normal,19634,normal_0588,34,2022-07-12 01:15:27.033,3.4,0,2,original,False,6.394995605823287,17.210779832851532,12
normal,19635,normal_0588,35,2022-07-12 01:15:27.133,3.5,0,2,original,False,6.423064910144942,17.210779832851532,12
normal,19636,normal_0588,36,2022-07-12 01:15:27.233,3.6,0,2,original,False,5.921660328803699,17.210779832851532,12
normal,19637,normal_0588,37,2022-07-12 01:15:27.333,3.7,0,2,original,False,8.187754920451042,17.210779832851532,12
normal,19638,normal_0588,38,2022-07-12 01:15:27.433,3.8,0,2,original,False,7.90050694945452,17.210779832851532,12
normal,19639,normal_0588,39,2022-07-12 01:15:27.533,3.9,0,2,original,False,6.982410690044964,17.210779832851532,12
normal,19640,normal_0588,40,2022-07-12 01:15:27.633,4.0,0,2,original,False,5.6139648308784915,17.210779832851532,12
normal,19641,normal_0588,41,2022-07-12 01:15:27.733,4.1,0,2,original,False,5.565015041143459,17.210779832851532,12
normal,19642,normal_0588,42,2022-07-12 01:15:27.833,4.2,0,2,original,False,6.312804680351089,17.210779832851532,12
normal,19643,normal_0588,43,2022-07-12 01:15:27.933,4.3,0,2,original,False,5.606069853785236,17.210779832851532,12
normal,19644,normal_0588,44,2022-07-12 01:15:28.033,4.4,0,2,original,False,6.509342824188609,17.210779832851532,12
normal,19645,normal_0588,45,2022-07-12 01:15:28.133,4.5,0,2,original,False,8.848023537922218,17.210779832851532,12
normal,19646,normal_0588,46,2022-07-12 01:15:28.233,4.6,0,2,original,False,7.810314487842747,17.210779832851532,12
normal,19647,normal_0588,47,2022-07-12 01:15:28.333,4.7,0,2,original,False,6.304382234280324,17.210779832851532,12
normal,19648,normal_0588,48,2022-07-12 01:15:28.433,4.8,0,2,original,False,7.760772475176706,17.210779832851532,12
normal,19649,normal_0588,49,2022-07-12 01:15:28.533,4.9,0,2,original,False,7.105459703304034,17.210779832851532,12
normal,19650,normal_0589,0,2022-07-12 01:15:31.236,0.0,0,2,original,False,,17.210779832851532,3
normal,19651,normal_0589,1,2022-07-12 01:15:31.336,0.1,0,2,original,False,,17.210779832851532,6
normal,19652,normal_0589,2,2022-07-12 01:15:31.436,0.2,0,2,original,False,,17.210779832851532,9
normal,19653,normal_0589,3,2022-07-12 01:15:31.536,0.3,0,2,original,False,6.4258612453956685,17.210779832851532,12
normal,19654,normal_0589,4,2022-07-12 01:15:31.636,0.4,0,2,original,False,4.9026421464731404,17.210779832851532,12
normal,19655,normal_0589,5,2022-07-12 01:15:31.736,0.5,0,2,original,False,5.576361106763335,17.210779832851532,12
normal,19656,normal_0589,6,2022-07-12 01:15:31.836,0.6,0,2,original,False,4.994707800944327,17.210779832851532,12
normal,19657,normal_0589,7,2022-07-12 01:15:31.936,0.7,0,2,original,False,5.245717898855104,17.210779832851532,12
normal,19658,normal_0589,8,2022-07-12 01:15:32.036,0.8,0,2,original,False,4.967745828659899,17.210779832851532,12
normal,19659,normal_0589,9,2022-07-12 01:15:32.136,0.9,0,2,original,False,3.920809092200505,17.210779832851532,12
normal,19660,normal_0589,10,2022-07-12 01:15:32.236,1.0,0,2,original,False,5.336040895733525,17.210779832851532,12
normal,19661,normal_0589,11,2022-07-12 01:15:32.336,1.1,0,2,original,False,7.779733341863398,17.210779832851532,12
normal,19662,normal_0589,12,2022-07-12 01:15:32.436,1.2,0,2,original,False,10.333365730029133,17.210779832851532,12
normal,19663,normal_0589,13,2022-07-12 01:15:32.536,1.3,0,2,original,False,7.341749110551537,17.210779832851532,12
normal,19664,normal_0589,14,2022-07-12 01:15:32.636,1.4,0,2,original,False,7.424457207799582,17.210779832851532,12
normal,19665,normal_0589,15,2022-07-12 01:15:32.736,1.5,0,2,original,False,7.420506624247285,17.210779832851532,12
normal,19666,normal_0589,16,2022-07-12 01:15:32.836,1.6,0,2,original,False,8.79964403007176,17.210779832851532,12
normal,19667,normal_0589,17,2022-07-12 01:15:32.936,1.7,0,2,original,False,8.238792342634854,17.210779832851532,12
normal,19668,normal_0589,18,2022-07-12 01:15:33.036,1.8,0,2,original,False,9.02084724101869,17.210779832851532,12
normal,19669,normal_0589,19,2022-07-12 01:15:33.136,1.9,0,2,original,False,6.698066772299438,17.210779832851532,12
normal,19670,normal_0589,20,2022-07-12 01:15:33.236,2.0,0,2,original,False,8.321732402487937,17.210779832851532,12
normal,19671,normal_0589,21,2022-07-12 01:15:33.336,2.1,0,2,original,False,6.441424780769837,17.210779832851532,12
normal,19672,normal_0589,22,2022-07-12 01:15:33.436,2.2,0,2,original,False,5.836415823188014,17.210779832851532,12
normal,19673,normal_0589,23,2022-07-12 01:15:33.536,2.3,0,2,original,False,5.498305792715302,17.210779832851532,12
normal,19674,normal_0589,24,2022-07-12 01:15:33.636,2.4,0,2,original,False,6.893197441574251,17.210779832851532,12
normal,19675,normal_0589,25,2022-07-12 01:15:33.736,2.5,0,2,original,False,6.699706444638764,17.210779832851532,12
normal,19676,normal_0589,26,2022-07-12 01:15:33.836,2.6,0,2,original,False,6.331694559482276,17.210779832851532,12
normal,19677,normal_0589,27,2022-07-12 01:15:33.936,2.7,0,2,original,False,6.458103157476897,17.210779832851532,12
normal,19678,normal_0589,28,2022-07-12 01:15:34.036,2.8,0,2,original,False,7.655171326719527,17.210779832851532,12
normal,19679,normal_0589,29,2022-07-12 01:15:34.136,2.9,0,2,original,False,5.445948723364652,17.210779832851532,12
normal,19680,normal_0589,30,2022-07-12 01:15:34.236,3.0,0,2,original,False,5.528158186451601,17.210779832851532,12
normal,19681,normal_0589,31,2022-07-12 01:15:34.336,3.1,0,2,original,False,4.989276995844707,17.210779832851532,12
normal,19682,normal_0589,32,2022-07-12 01:15:34.436,3.2,0,2,original,False,5.132259672523244,17.210779832851532,12
normal,19683,normal_0589,33,2022-07-12 01:15:34.536,3.3,0,2,original,False,5.886087100945971,17.210779832851532,12
normal,19684,normal_0589,34,2022-07-12 01:15:34.636,3.4,0,2,original,False,7.130655418199626,17.210779832851532,12
normal,19685,normal_0589,35,2022-07-12 01:15:34.736,3.5,0,2,original,False,7.323000240802073,17.210779832851532,12
normal,19686,normal_0589,36,2022-07-12 01:15:34.836,3.6,0,2,original,False,7.714685103141681,17.210779832851532,12
normal,19687,normal_0589,37,2022-07-12 01:15:34.936,3.7,0,2,original,False,8.193936827509388,17.210779832851532,12
normal,19688,normal_0589,38,2022-07-12 01:15:35.036,3.8,0,2,original,False,8.658600051406822,17.210779832851532,12
normal,19689,normal_0589,39,2022-07-12 01:15:35.136,3.9,0,2,original,False,6.521450291885012,17.210779832851532,12
normal,19690,normal_0589,40,2022-07-12 01:15:35.236,4.0,0,2,original,False,6.501927684762838,17.210779832851532,12
normal,19691,normal_0589,41,2022-07-12 01:15:35.336,4.1,0,2,original,False,3.4708815921623537,17.210779832851532,12
normal,19692,normal_0590,0,2022-07-12 01:15:39.216,0.0,0,2,original,False,,17.210779832851532,3
normal,19693,normal_0590,1,2022-07-12 01:15:39.316,0.1,0,2,original,False,,17.210779832851532,6
normal,19694,normal_0590,2,2022-07-12 01:15:39.416,0.2,0,2,original,False,,17.210779832851532,9
normal,19695,normal_0590,3,2022-07-12 01:15:39.516,0.3,0,2,original,False,8.644833049580258,17.210779832851532,12
normal,19696,normal_0590,4,2022-07-12 01:15:39.616,0.4,0,2,original,False,8.770779724098146,17.210779832851532,12
normal,19697,normal_0590,5,2022-07-12 01:15:39.716,0.5,0,2,original,False,7.369975358411285,17.210779832851532,12
normal,19698,normal_0590,6,2022-07-12 01:15:39.816,0.6,0,2,original,False,10.23334800738746,17.210779832851532,12
normal,19699,normal_0590,7,2022-07-12 01:15:39.916,0.7,0,2,original,False,7.798059008367832,17.210779832851532,12
normal,19700,normal_0590,8,2022-07-12 01:15:40.016,0.8,0,2,original,False,5.664232193494678,17.210779832851532,12
normal,19701,normal_0590,9,2022-07-12 01:15:40.116,0.9,0,2,original,False,9.083691203081628,17.210779832851532,12
normal,19702,normal_0590,10,2022-07-12 01:15:40.216,1.0,0,2,original,False,9.493795651233782,17.210779832851532,12
normal,19703,normal_0590,11,2022-07-12 01:15:40.316,1.1,0,2,original,False,11.21556252517334,17.210779832851532,12
normal,19704,normal_0590,12,2022-07-12 01:15:40.416,1.2,0,2,original,False,9.74152167205658,17.210779832851532,12
normal,19705,normal_0590,13,2022-07-12 01:15:40.516,1.3,0,2,original,False,10.099278937972318,17.210779832851532,12
normal,19706,normal_0590,14,2022-07-12 01:15:40.616,1.4,0,2,original,False,9.313685657321491,17.210779832851532,12
normal,19707,normal_0590,15,2022-07-12 01:15:40.716,1.5,0,2,original,False,10.662599528211379,17.210779832851532,12
normal,19708,normal_0590,16,2022-07-12 01:15:40.816,1.6,0,2,original,False,10.473751356974716,17.210779832851532,12
normal,19709,normal_0590,17,2022-07-12 01:15:40.916,1.7,0,2,original,False,10.881221330201635,17.210779832851532,12
normal,19710,normal_0590,18,2022-07-12 01:15:41.016,1.8,0,2,original,False,8.953592072713024,17.210779832851532,12
normal,19711,normal_0590,19,2022-07-12 01:15:41.116,1.9,0,2,original,False,10.37231356709141,17.210779832851532,12
normal,19712,normal_0590,20,2022-07-12 01:15:41.216,2.0,0,2,original,False,8.669056794268734,17.210779832851532,12
normal,19713,normal_0590,21,2022-07-12 01:15:41.316,2.1,0,2,original,False,7.888314229907652,17.210779832851532,12
normal,19714,normal_0590,22,2022-07-12 01:15:41.416,2.2,0,2,original,False,8.515118095252292,17.210779832851532,12
normal,19715,normal_0590,23,2022-07-12 01:15:41.516,2.3,0,2,original,False,11.688662460368802,17.210779832851532,12
normal,19716,normal_0590,24,2022-07-12 01:15:41.616,2.4,0,2,original,False,9.566814330003407,17.210779832851532,12
normal,19717,normal_0590,25,2022-07-12 01:15:41.716,2.5,0,2,original,False,7.28550734225688,17.210779832851532,12
normal,19718,normal_0590,26,2022-07-12 01:15:41.816,2.6,0,2,original,False,9.138605042533582,17.210779832851532,12
normal,19719,normal_0590,27,2022-07-12 01:15:41.916,2.7,0,2,original,False,6.916253123482564,17.210779832851532,12
normal,19720,normal_0590,28,2022-07-12 01:15:42.016,2.8,0,2,original,False,9.33996849888827,17.210779832851532,12
normal,19721,normal_0591,0,2022-07-12 01:15:47.224,0.0,0,2,original,False,,17.210779832851532,3
normal,19722,normal_0591,1,2022-07-12 01:15:47.324,0.1,0,2,original,False,,17.210779832851532,6
normal,19723,normal_0591,2,2022-07-12 01:15:47.424,0.2,0,2,original,False,,17.210779832851532,9
normal,19724,normal_0591,3,2022-07-12 01:15:47.524,0.3,0,2,original,False,9.130429067615413,17.210779832851532,12
normal,19725,normal_0591,4,2022-07-12 01:15:47.624,0.4,0,2,original,False,9.535447864131287,17.210779832851532,12
normal,19726,normal_0591,5,2022-07-12 01:15:47.724,0.5,0,2,original,False,13.405890310998434,17.210779832851532,12
normal,19727,normal_0591,6,2022-07-12 01:15:47.824,0.6,0,2,original,False,10.653920590518586,17.210779832851532,12
normal,19728,normal_0591,7,2022-07-12 01:15:47.924,0.7,0,2,original,False,7.942960773751572,17.210779832851532,12
normal,19729,normal_0591,8,2022-07-12 01:15:48.024,0.8,0,2,original,False,8.091611019455451,17.210779832851532,12
normal,19730,normal_0591,9,2022-07-12 01:15:48.124,0.9,0,2,original,False,9.549646381153392,17.210779832851532,12
normal,19731,normal_0591,10,2022-07-12 01:15:48.224,1.0,0,2,original,False,9.730643827519398,17.210779832851532,12
normal,19732,normal_0591,11,2022-07-12 01:15:48.324,1.1,0,2,original,False,8.527306451709396,17.210779832851532,12
normal,19733,normal_0591,12,2022-07-12 01:15:48.424,1.2,0,2,original,False,8.813274593092396,17.210779832851532,12
normal,19734,normal_0591,13,2022-07-12 01:15:48.524,1.3,0,2,original,False,9.925794318675957,17.210779832851532,12
normal,19735,normal_0591,14,2022-07-12 01:15:48.624,1.4,0,2,original,False,10.331649767349935,17.210779832851532,12
normal,19736,normal_0591,15,2022-07-12 01:15:48.724,1.5,0,2,original,False,10.107758150463765,17.210779832851532,12
normal,19737,normal_0591,16,2022-07-12 01:15:48.824,1.6,0,2,original,False,11.572858933923992,17.210779832851532,12
normal,19738,normal_0591,17,2022-07-12 01:15:48.924,1.7,0,2,original,False,9.300190524849143,17.210779832851532,12
normal,19739,normal_0592,0,2022-07-12 01:15:55.225,0.0,0,2,original,False,,17.210779832851532,3
normal,19740,normal_0592,1,2022-07-12 01:15:55.325,0.1,0,2,original,False,,17.210779832851532,6
normal,19741,normal_0592,2,2022-07-12 01:15:55.425,0.2,0,2,original,False,,17.210779832851532,9
normal,19742,normal_0592,3,2022-07-12 01:15:55.525,0.3,0,2,original,False,5.2947085275815375,17.210779832851532,12
normal,19743,normal_0592,4,2022-07-12 01:15:55.625,0.4,0,2,original,False,5.441711307946184,17.210779832851532,12
normal,19744,normal_0592,5,2022-07-12 01:15:55.725,0.5,0,2,original,False,5.090687793294063,17.210779832851532,12
normal,19745,normal_0593,0,2022-07-12 01:16:04.244,0.0,0,2,original,False,,17.210779832851532,3
normal,19746,normal_0593,1,2022-07-12 01:16:04.344,0.1,0,2,original,False,,17.210779832851532,6
normal,19747,normal_0593,2,2022-07-12 01:16:04.444,0.2,0,2,original,False,,17.210779832851532,9
normal,19748,normal_0593,3,2022-07-12 01:16:04.544,0.3,0,2,original,False,6.264842101685386,17.210779832851532,12
normal,19749,normal_0593,4,2022-07-12 01:16:04.644,0.4,0,2,original,False,6.781290926437947,17.210779832851532,12
normal,19750,normal_0593,5,2022-07-12 01:16:04.744,0.5,0,2,original,False,6.80548699860672,17.210779832851532,12
normal,19751,normal_0593,6,2022-07-12 01:16:04.844,0.6,0,2,original,False,5.543427996233313,17.210779832851532,12
normal,19752,normal_0593,7,2022-07-12 01:16:04.944,0.7,0,2,original,False,5.643349240278269,17.210779832851532,12
normal,19753,normal_0593,8,2022-07-12 01:16:05.044,0.8,0,2,original,False,6.001609083400283,17.210779832851532,12
normal,19754,normal_0593,9,2022-07-12 01:16:05.144,0.9,0,2,original,False,8.569979074488163,17.210779832851532,12
normal,19755,normal_0593,10,2022-07-12 01:16:05.244,1.0,0,2,original,False,8.889160813097416,17.210779832851532,12
normal,19756,normal_0593,11,2022-07-12 01:16:05.344,1.1,0,2,original,False,8.342690786361525,17.210779832851532,12
normal,19757,normal_0593,12,2022-07-12 01:16:05.444,1.2,0,2,original,False,6.886954544672802,17.210779832851532,12
normal,19758,normal_0593,13,2022-07-12 01:16:05.544,1.3,0,2,original,False,7.070800477107732,17.210779832851532,12
normal,19759,normal_0593,14,2022-07-12 01:16:05.644,1.4,0,2,original,False,8.94190303426328,17.210779832851532,12
normal,19760,normal_0593,15,2022-07-12 01:16:05.744,1.5,0,2,original,False,8.231746823837495,17.210779832851532,12
normal,19761,normal_0593,16,2022-07-12 01:16:05.844,1.6,0,2,original,False,7.4132295606888094,17.210779832851532,12
normal,19762,normal_0593,17,2022-07-12 01:16:05.944,1.7,0,2,original,False,6.547193140653762,17.210779832851532,12
normal,19763,normal_0593,18,2022-07-12 01:16:06.044,1.8,0,2,original,False,7.036278906362465,17.210779832851532,12
normal,19764,normal_0593,19,2022-07-12 01:16:06.144,1.9,0,2,original,False,7.200391809515132,17.210779832851532,12
normal,19765,normal_0593,20,2022-07-12 01:16:06.244,2.0,0,2,original,False,7.6478824157399075,17.210779832851532,12
normal,19766,normal_0593,21,2022-07-12 01:16:06.344,2.1,0,2,original,False,8.945900842095961,17.210779832851532,12
normal,19767,normal_0593,22,2022-07-12 01:16:06.444,2.2,0,2,original,False,7.68000537153405,17.210779832851532,12
normal,19768,normal_0593,23,2022-07-12 01:16:06.544,2.3,0,2,original,False,4.985933278041556,17.210779832851532,12
normal,19769,normal_0593,24,2022-07-12 01:16:06.644,2.4,0,2,original,False,5.315693185869154,17.210779832851532,12
normal,19770,normal_0593,25,2022-07-12 01:16:06.744,2.5,0,2,original,False,7.024934061364904,17.210779832851532,12
normal,19771,normal_0593,26,2022-07-12 01:16:06.844,2.6,0,2,original,False,7.705918818637366,17.210779832851532,12
normal,19772,normal_0593,27,2022-07-12 01:16:06.944,2.7,0,2,original,False,6.746491374982932,17.210779832851532,12
normal,19773,normal_0593,28,2022-07-12 01:16:07.044,2.8,0,2,original,False,7.798361857627765,17.210779832851532,12
normal,19774,normal_0593,29,2022-07-12 01:16:07.144,2.9,0,2,original,False,6.824917715855862,17.210779832851532,12
normal,19775,normal_0593,30,2022-07-12 01:16:07.244,3.0,0,2,original,False,6.699749027328607,17.210779832851532,12
normal,19776,normal_0593,31,2022-07-12 01:16:07.344,3.1,0,2,original,False,8.996323474183264,17.210779832851532,12
normal,19777,normal_0593,32,2022-07-12 01:16:07.444,3.2,0,2,original,False,10.158849767685865,17.210779832851532,12
normal,19778,normal_0593,33,2022-07-12 01:16:07.544,3.3,0,2,original,False,8.996988479634899,17.210779832851532,12
normal,19779,normal_0593,34,2022-07-12 01:16:07.644,3.4,0,2,original,False,7.149889822717715,17.210779832851532,12
normal,19780,normal_0593,35,2022-07-12 01:16:07.744,3.5,0,2,original,False,9.593137876617087,17.210779832851532,12
normal,19781,normal_0593,36,2022-07-12 01:16:07.844,3.6,0,2,original,False,11.606553969463377,17.210779832851532,12
normal,19782,normal_0593,37,2022-07-12 01:16:07.944,3.7,0,2,original,False,10.979021767219143,17.210779832851532,12
normal,19783,normal_0593,38,2022-07-12 01:16:08.044,3.8,0,2,original,False,10.564529705050932,17.210779832851532,12
normal,19784,normal_0593,39,2022-07-12 01:16:08.144,3.9,0,2,original,False,10.219321645911569,17.210779832851532,12
normal,19785,normal_0593,40,2022-07-12 01:16:08.244,4.0,0,2,original,False,8.494998923829915,17.210779832851532,12
normal,19786,normal_0593,41,2022-07-12 01:16:08.344,4.1,0,2,original,False,9.50117414995889,17.210779832851532,12
normal,19787,normal_0593,42,2022-07-12 01:16:08.444,4.2,0,2,original,False,10.969526482225344,17.210779832851532,12
normal,19788,normal_0593,43,2022-07-12 01:16:08.544,4.3,0,2,original,False,8.819089904452683,17.210779832851532,12
normal,19789,normal_0593,44,2022-07-12 01:16:08.644,4.4,0,2,original,False,9.087360597969495,17.210779832851532,12
normal,19790,normal_0593,45,2022-07-12 01:16:08.744,4.5,0,2,original,False,7.679531913270995,17.210779832851532,12
normal,19791,normal_0593,46,2022-07-12 01:16:08.844,4.6,0,2,original,False,8.010947076763085,17.210779832851532,12
normal,19792,normal_0593,47,2022-07-12 01:16:08.944,4.7,0,2,original,False,8.2653293249572,17.210779832851532,12
normal,19793,normal_0593,48,2022-07-12 01:16:09.044,4.8,0,2,original,False,9.237914159610543,17.210779832851532,12
normal,19794,normal_0593,49,2022-07-12 01:16:09.144,4.9,0,2,original,False,7.631948260436569,17.210779832851532,12
normal,19795,normal_0594,0,2022-07-12 01:16:11.294,0.0,0,2,original,False,,17.210779832851532,3
normal,19796,normal_0594,1,2022-07-12 01:16:11.394,0.1,0,2,original,False,,17.210779832851532,6
normal,19797,normal_0594,2,2022-07-12 01:16:11.494,0.2,0,2,original,False,,17.210779832851532,9
normal,19798,normal_0594,3,2022-07-12 01:16:11.594,0.3,0,2,original,False,6.990280368532079,17.210779832851532,12
normal,19799,normal_0594,4,2022-07-12 01:16:11.694,0.4,0,2,original,False,6.96085358262969,17.210779832851532,12
normal,19800,normal_0594,5,2022-07-12 01:16:11.794,0.5,0,2,original,False,6.404548988782088,17.210779832851532,12
normal,19801,normal_0594,6,2022-07-12 01:16:11.894,0.6,0,2,original,False,8.624196868771522,17.210779832851532,12
normal,19802,normal_0594,7,2022-07-12 01:16:11.994,0.7,0,2,original,False,10.334135422460815,17.210779832851532,12
normal,19803,normal_0594,8,2022-07-12 01:16:12.094,0.8,0,2,original,False,7.108060206798054,17.210779832851532,12
normal,19804,normal_0594,9,2022-07-12 01:16:12.194,0.9,0,2,original,False,8.499020571147641,17.210779832851532,12
normal,19805,normal_0594,10,2022-07-12 01:16:12.294,1.0,0,2,original,False,9.211912725747391,17.210779832851532,12
normal,19806,normal_0594,11,2022-07-12 01:16:12.394,1.1,0,2,original,False,12.373887739462164,17.210779832851532,12
normal,19807,normal_0594,12,2022-07-12 01:16:12.494,1.2,0,2,original,False,10.837677066138307,17.210779832851532,12
normal,19808,normal_0594,13,2022-07-12 01:16:12.594,1.3,0,2,original,False,9.958161093731508,17.210779832851532,12
normal,19809,normal_0594,14,2022-07-12 01:16:12.694,1.4,0,2,original,False,11.989126160341959,17.210779832851532,12
normal,19810,normal_0594,15,2022-07-12 01:16:12.794,1.5,0,2,original,False,6.964241909014829,17.210779832851532,12
normal,19811,normal_0594,16,2022-07-12 01:16:12.894,1.6,0,2,original,False,5.805547469440614,17.210779832851532,12
normal,19812,normal_0594,17,2022-07-12 01:16:12.994,1.7,0,2,original,False,6.3255089420276045,17.210779832851532,12
normal,19813,normal_0594,18,2022-07-12 01:16:13.094,1.8,0,2,original,False,7.892578698849693,17.210779832851532,12
normal,19814,normal_0594,19,2022-07-12 01:16:13.194,1.9,0,2,original,False,5.956352644011887,17.210779832851532,12
normal,19815,normal_0594,20,2022-07-12 01:16:13.294,2.0,0,2,original,False,6.783168830106992,17.210779832851532,12
normal,19816,normal_0594,21,2022-07-12 01:16:13.394,2.1,0,2,original,False,7.447158415886735,17.210779832851532,12
normal,19817,normal_0594,22,2022-07-12 01:16:13.494,2.2,0,2,original,False,10.668077839927445,17.210779832851532,12
normal,19818,normal_0594,23,2022-07-12 01:16:13.594,2.3,0,2,original,False,9.58041136751732,17.210779832851532,12
normal,19819,normal_0594,24,2022-07-12 01:16:13.694,2.4,0,2,original,False,6.08002243674424,17.210779832851532,12
normal,19820,normal_0594,25,2022-07-12 01:16:13.794,2.5,0,2,original,False,6.422603132735957,17.210779832851532,12
normal,19821,normal_0594,26,2022-07-12 01:16:13.894,2.6,0,2,original,False,7.432369590351418,17.210779832851532,12
normal,19822,normal_0594,27,2022-07-12 01:16:13.994,2.7,0,2,original,False,8.311474672033336,17.210779832851532,12
normal,19823,normal_0594,28,2022-07-12 01:16:14.094,2.8,0,2,original,False,5.753370101026309,17.210779832851532,12
normal,19824,normal_0594,29,2022-07-12 01:16:14.194,2.9,0,2,original,False,9.896124414425604,17.210779832851532,12
normal,19825,normal_0594,30,2022-07-12 01:16:14.294,3.0,0,2,original,False,8.268613703850892,17.210779832851532,12
normal,19826,normal_0594,31,2022-07-12 01:16:14.394,3.1,0,2,original,False,5.632114132490791,17.210779832851532,12
normal,19827,normal_0594,32,2022-07-12 01:16:14.494,3.2,0,2,original,False,7.210586435087212,17.210779832851532,12
normal,19828,normal_0594,33,2022-07-12 01:16:14.594,3.3,0,2,original,False,9.970620129371635,17.210779832851532,12
normal,19829,normal_0594,34,2022-07-12 01:16:14.694,3.4,0,2,original,False,11.381801865097772,17.210779832851532,12
normal,19830,normal_0594,35,2022-07-12 01:16:14.794,3.5,0,2,original,False,9.538524143580537,17.210779832851532,12
normal,19831,normal_0594,36,2022-07-12 01:16:14.894,3.6,0,2,original,False,10.516538516858025,17.210779832851532,12
normal,19832,normal_0594,37,2022-07-12 01:16:14.994,3.7,0,2,original,False,13.772851379293469,17.210779832851532,12
normal,19833,normal_0594,38,2022-07-12 01:16:15.094,3.8,0,2,original,False,9.94788711889836,17.210779832851532,12
normal,19834,normal_0594,39,2022-07-12 01:16:15.194,3.9,0,2,original,False,10.828221401408946,17.210779832851532,12
normal,19835,normal_0594,40,2022-07-12 01:16:15.294,4.0,0,2,original,False,9.038454594712704,17.210779832851532,12
normal,19836,normal_0594,41,2022-07-12 01:16:15.394,4.1,0,2,original,False,8.84483781457694,17.210779832851532,12
normal,19837,normal_0594,42,2022-07-12 01:16:15.494,4.2,0,2,original,False,5.397082034543589,17.210779832851532,12
normal,19838,normal_0594,43,2022-07-12 01:16:15.594,4.3,0,2,original,False,5.3016396561632675,17.210779832851532,12
normal,19839,normal_0594,44,2022-07-12 01:16:15.694,4.4,0,2,original,False,6.548542232164481,17.210779832851532,12
normal,19840,normal_0594,45,2022-07-12 01:16:15.794,4.5,0,2,original,False,6.924920620712035,17.210779832851532,12
normal,19841,normal_0595,0,2022-07-12 01:16:19.392,0.0,0,2,original,False,,17.210779832851532,3
normal,19842,normal_0595,1,2022-07-12 01:16:19.492,0.1,0,2,original,False,,17.210779832851532,6
normal,19843,normal_0595,2,2022-07-12 01:16:19.592,0.2,0,2,original,False,,17.210779832851532,9
normal,19844,normal_0595,3,2022-07-12 01:16:19.692,0.3,0,2,original,False,7.921555823080968,17.210779832851532,12
normal,19845,normal_0595,4,2022-07-12 01:16:19.792,0.4,0,2,original,False,8.393242855205157,17.210779832851532,12
normal,19846,normal_0595,5,2022-07-12 01:16:19.892,0.5,0,2,original,False,9.343049012976868,17.210779832851532,12
normal,19847,normal_0595,6,2022-07-12 01:16:19.992,0.6,0,2,original,False,12.903626347938916,17.210779832851532,12
normal,19848,normal_0595,7,2022-07-12 01:16:20.092,0.7,0,2,original,False,9.86896503063954,17.210779832851532,12
normal,19849,normal_0595,8,2022-07-12 01:16:20.192,0.8,0,2,original,False,9.917157778259492,17.210779832851532,12
normal,19850,normal_0595,9,2022-07-12 01:16:20.292,0.9,0,2,original,False,10.53065555057997,17.210779832851532,12
normal,19851,normal_0595,10,2022-07-12 01:16:20.392,1.0,0,2,original,False,10.828426397917545,17.210779832851532,12
normal,19852,normal_0595,11,2022-07-12 01:16:20.492,1.1,0,2,original,False,11.482168253591455,17.210779832851532,12
normal,19853,normal_0595,12,2022-07-12 01:16:20.592,1.2,0,2,original,False,11.498420737116287,17.210779832851532,12
normal,19854,normal_0595,13,2022-07-12 01:16:20.692,1.3,0,2,original,False,12.659148317613969,17.210779832851532,12
normal,19855,normal_0595,14,2022-07-12 01:16:20.792,1.4,0,2,original,False,9.825015259882669,17.210779832851532,12
normal,19856,normal_0595,15,2022-07-12 01:16:20.892,1.5,0,2,original,False,12.186131385295198,17.210779832851532,12
normal,19857,normal_0595,16,2022-07-12 01:16:20.992,1.6,0,2,original,False,11.767438955672159,17.210779832851532,12
normal,19858,normal_0595,17,2022-07-12 01:16:21.092,1.7,0,2,original,False,13.2307171614128,17.210779832851532,12
normal,19859,normal_0595,18,2022-07-12 01:16:21.192,1.8,0,2,original,False,9.909158819315083,17.210779832851532,12
normal,19860,normal_0595,19,2022-07-12 01:16:21.292,1.9,0,2,original,False,11.584693690212232,17.210779832851532,12
normal,19861,normal_0595,20,2022-07-12 01:16:21.392,2.0,0,2,original,False,9.78580584315573,17.210779832851532,12
normal,19862,normal_0595,21,2022-07-12 01:16:21.492,2.1,0,2,original,False,8.797145066919072,17.210779832851532,12
normal,19863,normal_0595,22,2022-07-12 01:16:21.592,2.2,0,2,original,False,11.804056120609788,17.210779832851532,12
normal,19864,normal_0595,23,2022-07-12 01:16:21.692,2.3,0,2,original,False,13.153525994039093,17.210779832851532,12
normal,19865,normal_0595,24,2022-07-12 01:16:21.792,2.4,0,2,original,False,13.854469680233652,17.210779832851532,12
normal,19866,normal_0595,25,2022-07-12 01:16:21.892,2.5,0,2,original,False,9.780227242491875,17.210779832851532,12
normal,19867,normal_0595,26,2022-07-12 01:16:21.992,2.6,0,2,original,False,12.463404417903659,17.210779832851532,12
normal,19868,normal_0595,27,2022-07-12 01:16:22.092,2.7,0,2,original,False,9.024648368996274,17.210779832851532,12
normal,19869,normal_0595,28,2022-07-12 01:16:22.192,2.8,0,2,original,False,11.086937027579522,17.210779832851532,12
normal,19870,normal_0595,29,2022-07-12 01:16:22.292,2.9,0,2,original,False,9.928937501449427,17.210779832851532,12
normal,19871,normal_0595,30,2022-07-12 01:16:22.392,3.0,0,2,original,False,9.1473119054612,17.210779832851532,12
normal,19872,normal_0595,31,2022-07-12 01:16:22.492,3.1,0,2,original,False,8.868360653050265,17.210779832851532,12
normal,19873,normal_0595,32,2022-07-12 01:16:22.592,3.2,0,2,original,False,11.43690944260372,17.210779832851532,12
normal,19874,normal_0595,33,2022-07-12 01:16:22.692,3.3,0,2,original,False,9.12397263901773,17.210779832851532,12
normal,19875,normal_0595,34,2022-07-12 01:16:22.792,3.4,0,2,original,False,12.335334083769103,17.210779832851532,12
normal,19876,normal_0596,0,2022-07-12 01:16:27.377,0.0,0,2,original,False,,17.210779832851532,3
normal,19877,normal_0596,1,2022-07-12 01:16:27.477,0.1,0,2,original,False,,17.210779832851532,6
normal,19878,normal_0596,2,2022-07-12 01:16:27.577,0.2,0,2,original,False,,17.210779832851532,9
normal,19879,normal_0596,3,2022-07-12 01:16:27.677,0.3,0,2,original,False,6.793739143403159,17.210779832851532,12
normal,19880,normal_0596,4,2022-07-12 01:16:27.777,0.4,0,2,original,False,6.842060916276233,17.210779832851532,12
normal,19881,normal_0596,5,2022-07-12 01:16:27.877,0.5,0,2,original,False,7.229726491654747,17.210779832851532,12
normal,19882,normal_0596,6,2022-07-12 01:16:27.977,0.6,0,2,original,False,6.490116647534225,17.210779832851532,12
normal,19883,normal_0596,7,2022-07-12 01:16:28.077,0.7,0,2,original,False,7.404235852366659,17.210779832851532,12
normal,19884,normal_0596,8,2022-07-12 01:16:28.177,0.8,0,2,original,False,6.054906379777575,17.210779832851532,12
normal,19885,normal_0596,9,2022-07-12 01:16:28.277,0.9,0,2,original,False,6.342707535524049,17.210779832851532,12
normal,19886,normal_0596,10,2022-07-12 01:16:28.377,1.0,0,2,original,False,5.886460811129573,17.210779832851532,12
normal,19887,normal_0596,11,2022-07-12 01:16:28.477,1.1,0,2,original,False,6.193902530224188,17.210779832851532,12
normal,19888,normal_0596,12,2022-07-12 01:16:28.577,1.2,0,2,original,False,6.2915619986450295,17.210779832851532,12
normal,19889,normal_0596,13,2022-07-12 01:16:28.677,1.3,0,2,original,False,6.348465012723127,17.210779832851532,12
normal,19890,normal_0596,14,2022-07-12 01:16:28.777,1.4,0,2,original,False,7.149387916033829,17.210779832851532,12
normal,19891,normal_0596,15,2022-07-12 01:16:28.877,1.5,0,2,original,False,5.763269966615103,17.210779832851532,12
normal,19892,normal_0596,16,2022-07-12 01:16:28.977,1.6,0,2,original,False,5.507939313532085,17.210779832851532,12
normal,19893,normal_0596,17,2022-07-12 01:16:29.077,1.7,0,2,original,False,6.058495853423887,17.210779832851532,12
normal,19894,normal_0596,18,2022-07-12 01:16:29.177,1.8,0,2,original,False,8.101090676264528,17.210779832851532,12
normal,19895,normal_0596,19,2022-07-12 01:16:29.277,1.9,0,2,original,False,6.8410304900999295,17.210779832851532,12
normal,19896,normal_0596,20,2022-07-12 01:16:29.377,2.0,0,2,original,False,7.147285007385805,17.210779832851532,12
normal,19897,normal_0596,21,2022-07-12 01:16:29.477,2.1,0,2,original,False,7.678708238951994,17.210779832851532,12
normal,19898,normal_0597,0,2022-07-12 01:16:35.392,0.0,0,2,original,False,,17.210779832851532,3
normal,19899,normal_0597,1,2022-07-12 01:16:35.492,0.1,0,2,original,False,,17.210779832851532,6
normal,19900,normal_0597,2,2022-07-12 01:16:35.592,0.2,0,2,original,False,,17.210779832851532,9
normal,19901,normal_0597,3,2022-07-12 01:16:35.692,0.3,0,2,original,False,6.7068274465672,17.210779832851532,12
normal,19902,normal_0597,4,2022-07-12 01:16:35.792,0.4,0,2,original,False,8.176486762108896,17.210779832851532,12
normal,19903,normal_0597,5,2022-07-12 01:16:35.892,0.5,0,2,original,False,8.383558604532027,17.210779832851532,12
normal,19904,normal_0597,6,2022-07-12 01:16:35.992,0.6,0,2,original,False,9.843988233167233,17.210779832851532,12
normal,19905,normal_0597,7,2022-07-12 01:16:36.092,0.7,0,2,original,False,8.824223640346888,17.210779832851532,12
normal,19906,normal_0598,0,2022-07-12 01:16:44.524,0.0,0,2,original,False,,17.210779832851532,3
normal,19907,normal_0598,1,2022-07-12 01:16:44.624,0.1,0,2,original,False,,17.210779832851532,6
normal,19908,normal_0598,2,2022-07-12 01:16:44.724,0.2,0,2,original,False,,17.210779832851532,9
normal,19909,normal_0598,3,2022-07-12 01:16:44.824,0.3,0,2,original,False,7.988997007124594,17.210779832851532,12
normal,19910,normal_0598,4,2022-07-12 01:16:44.924,0.4,0,2,original,False,7.3196299387506985,17.210779832851532,12
normal,19911,normal_0598,5,2022-07-12 01:16:45.024,0.5,0,2,original,False,7.969994207028889,17.210779832851532,12
normal,19912,normal_0598,6,2022-07-12 01:16:45.124,0.6,0,2,original,False,8.434963611077595,17.210779832851532,12
normal,19913,normal_0598,7,2022-07-12 01:16:45.224,0.7,0,2,original,False,7.293012296014631,17.210779832851532,12
normal,19914,normal_0598,8,2022-07-12 01:16:45.324,0.8,0,2,original,False,8.620159086001589,17.210779832851532,12
normal,19915,normal_0598,9,2022-07-12 01:16:45.424,0.9,0,2,original,False,8.706889002597771,17.210779832851532,12
normal,19916,normal_0598,10,2022-07-12 01:16:45.524,1.0,0,2,original,False,8.502551753113687,17.210779832851532,12
normal,19917,normal_0598,11,2022-07-12 01:16:45.624,1.1,0,2,original,False,6.894189642539741,17.210779832851532,12
normal,19918,normal_0598,12,2022-07-12 01:16:45.724,1.2,0,2,original,False,9.324042776725483,17.210779832851532,12
normal,19919,normal_0598,13,2022-07-12 01:16:45.824,1.3,0,2,original,False,8.65899468244861,17.210779832851532,12
normal,19920,normal_0598,14,2022-07-12 01:16:45.924,1.4,0,2,original,False,6.801458383572534,17.210779832851532,12
normal,19921,normal_0598,15,2022-07-12 01:16:46.024,1.5,0,2,original,False,6.140564021524933,17.210779832851532,12
normal,19922,normal_0598,16,2022-07-12 01:16:46.124,1.6,0,2,original,False,7.64037285464191,17.210779832851532,12
normal,19923,normal_0598,17,2022-07-12 01:16:46.224,1.7,0,2,original,False,8.603076873504786,17.210779832851532,12
normal,19924,normal_0598,18,2022-07-12 01:16:46.324,1.8,0,2,original,False,7.31082747940231,17.210779832851532,12
normal,19925,normal_0598,19,2022-07-12 01:16:46.424,1.9,0,2,original,False,8.220662470930701,17.210779832851532,12
normal,19926,normal_0598,20,2022-07-12 01:16:46.524,2.0,0,2,original,False,7.1236017615247365,17.210779832851532,12
normal,19927,normal_0598,21,2022-07-12 01:16:46.624,2.1,0,2,original,False,6.2229838872092165,17.210779832851532,12
normal,19928,normal_0598,22,2022-07-12 01:16:46.724,2.2,0,2,original,False,7.420974356649752,17.210779832851532,12
normal,19929,normal_0598,23,2022-07-12 01:16:46.824,2.3,0,2,original,False,7.134198484168476,17.210779832851532,12
normal,19930,normal_0598,24,2022-07-12 01:16:46.924,2.4,0,2,original,False,7.526720544545471,17.210779832851532,12
normal,19931,normal_0598,25,2022-07-12 01:16:47.024,2.5,0,2,original,False,6.975525145362064,17.210779832851532,12
normal,19932,normal_0598,26,2022-07-12 01:16:47.124,2.6,0,2,original,False,8.00271369198166,17.210779832851532,12
normal,19933,normal_0598,27,2022-07-12 01:16:47.224,2.7,0,2,original,False,6.498458349376004,17.210779832851532,12
normal,19934,normal_0598,28,2022-07-12 01:16:47.324,2.8,0,2,original,False,6.067336496240095,17.210779832851532,12
normal,19935,normal_0598,29,2022-07-12 01:16:47.424,2.9,0,2,original,False,6.66439679700137,17.210779832851532,12
normal,19936,normal_0598,30,2022-07-12 01:16:47.524,3.0,0,2,original,False,7.3051185352938415,17.210779832851532,12
normal,19937,normal_0598,31,2022-07-12 01:16:47.624,3.1,0,2,original,False,6.16031976772856,17.210779832851532,12
normal,19938,normal_0598,32,2022-07-12 01:16:47.724,3.2,0,2,original,False,6.754108893385947,17.210779832851532,12
normal,19939,normal_0598,33,2022-07-12 01:16:47.824,3.3,0,2,original,False,7.452840412308895,17.210779832851532,12
normal,19940,normal_0598,34,2022-07-12 01:16:47.924,3.4,0,2,original,False,8.183246929294587,17.210779832851532,12
normal,19941,normal_0598,35,2022-07-12 01:16:48.024,3.5,0,2,original,False,6.853174654445561,17.210779832851532,12
normal,19942,normal_0598,36,2022-07-12 01:16:48.124,3.6,0,2,original,False,7.071374946548147,17.210779832851532,12
normal,19943,normal_0598,37,2022-07-12 01:16:48.224,3.7,0,2,original,False,6.589449846064402,17.210779832851532,12
normal,19944,normal_0598,38,2022-07-12 01:16:48.324,3.8,0,2,original,False,6.871337435471652,17.210779832851532,12
normal,19945,normal_0598,39,2022-07-12 01:16:48.424,3.9,0,2,original,False,6.5576274178298775,17.210779832851532,12
normal,19946,normal_0598,40,2022-07-12 01:16:48.524,4.0,0,2,original,False,6.5574806019591465,17.210779832851532,12
normal,19947,normal_0598,41,2022-07-12 01:16:48.624,4.1,0,2,original,False,6.075373441171881,17.210779832851532,12
normal,19948,normal_0598,42,2022-07-12 01:16:48.724,4.2,0,2,original,False,8.210219064354256,17.210779832851532,12
normal,19949,normal_0598,43,2022-07-12 01:16:48.824,4.3,0,2,original,False,10.816354113618496,17.210779832851532,12
normal,19950,normal_0598,44,2022-07-12 01:16:48.924,4.4,0,2,original,False,9.544230862831274,17.210779832851532,12
normal,19951,normal_0598,45,2022-07-12 01:16:49.024,4.5,0,2,original,False,7.12080175877517,17.210779832851532,12
normal,19952,normal_0598,46,2022-07-12 01:16:49.124,4.6,0,2,original,False,10.344250474682395,17.210779832851532,12
normal,19953,normal_0598,47,2022-07-12 01:16:49.224,4.7,0,2,original,False,8.147584757548872,17.210779832851532,12
normal,19954,normal_0598,48,2022-07-12 01:16:49.324,4.8,0,2,original,False,7.498996121086191,17.210779832851532,12
normal,19955,normal_0598,49,2022-07-12 01:16:49.424,4.9,0,2,original,False,6.322088234276122,17.210779832851532,12
normal,19956,normal_0599,0,2022-07-12 01:16:51.528,0.0,0,2,original,False,,17.210779832851532,3
normal,19957,normal_0599,1,2022-07-12 01:16:51.628,0.1,0,2,original,False,,17.210779832851532,6
normal,19958,normal_0599,2,2022-07-12 01:16:51.728,0.2,0,2,original,False,,17.210779832851532,9
normal,19959,normal_0599,3,2022-07-12 01:16:51.828,0.3,0,2,original,False,9.115265093418788,17.210779832851532,12
normal,19960,normal_0599,4,2022-07-12 01:16:51.928,0.4,0,2,original,False,8.064251196288893,17.210779832851532,12
normal,19961,normal_0599,5,2022-07-12 01:16:52.028,0.5,0,2,original,False,9.037373058415419,17.210779832851532,12
normal,19962,normal_0599,6,2022-07-12 01:16:52.128,0.6,0,2,original,False,8.642199088411457,17.210779832851532,12
normal,19963,normal_0599,7,2022-07-12 01:16:52.228,0.7,0,2,original,False,6.65683973305827,17.210779832851532,12
normal,19964,normal_0599,8,2022-07-12 01:16:52.328,0.8,0,2,original,False,7.833473881722623,17.210779832851532,12
normal,19965,normal_0599,9,2022-07-12 01:16:52.428,0.9,0,2,original,False,6.027970987982387,17.210779832851532,12
normal,19966,normal_0599,10,2022-07-12 01:16:52.528,1.0,0,2,original,False,4.689329536696125,17.210779832851532,12
normal,19967,normal_0599,11,2022-07-12 01:16:52.628,1.1,0,2,original,False,5.307985021076353,17.210779832851532,12
normal,19968,normal_0599,12,2022-07-12 01:16:52.728,1.2,0,2,original,False,7.45287962738737,17.210779832851532,12
normal,19969,normal_0599,13,2022-07-12 01:16:52.828,1.3,0,2,original,False,5.85885889233855,17.210779832851532,12
normal,19970,normal_0599,14,2022-07-12 01:16:52.928,1.4,0,2,original,False,5.297929131821644,17.210779832851532,12
normal,19971,normal_0599,15,2022-07-12 01:16:53.028,1.5,0,2,original,False,5.531305750227071,17.210779832851532,12
normal,19972,normal_0599,16,2022-07-12 01:16:53.128,1.6,0,2,original,False,6.330940056998972,17.210779832851532,12
normal,19973,normal_0599,17,2022-07-12 01:16:53.228,1.7,0,2,original,False,6.221015272295319,17.210779832851532,12
normal,19974,normal_0599,18,2022-07-12 01:16:53.328,1.8,0,2,original,False,6.068025175250565,17.210779832851532,12
normal,19975,normal_0599,19,2022-07-12 01:16:53.428,1.9,0,2,original,False,6.726383851346384,17.210779832851532,12
normal,19976,normal_0599,20,2022-07-12 01:16:53.528,2.0,0,2,original,False,6.504992540025827,17.210779832851532,12
normal,19977,normal_0599,21,2022-07-12 01:16:53.628,2.1,0,2,original,False,5.86516089696461,17.210779832851532,12
normal,19978,normal_0599,22,2022-07-12 01:16:53.728,2.2,0,2,original,False,5.920152509172721,17.210779832851532,12
normal,19979,normal_0599,23,2022-07-12 01:16:53.828,2.3,0,2,original,False,6.622862755583489,17.210779832851532,12
normal,19980,normal_0599,24,2022-07-12 01:16:53.928,2.4,0,2,original,False,5.40265100279847,17.210779832851532,12
normal,19981,normal_0599,25,2022-07-12 01:16:54.028,2.5,0,2,original,False,5.623332428229817,17.210779832851532,12
normal,19982,normal_0599,26,2022-07-12 01:16:54.128,2.6,0,2,original,False,4.1751406381362495,17.210779832851532,12
normal,19983,normal_0599,27,2022-07-12 01:16:54.228,2.7,0,2,original,False,4.108087372429221,17.210779832851532,12
normal,19984,normal_0599,28,2022-07-12 01:16:54.328,2.8,0,2,original,False,3.8464373785407817,17.210779832851532,12
normal,19985,normal_0599,29,2022-07-12 01:16:54.428,2.9,0,2,original,False,4.636864968194167,17.210779832851532,12
normal,19986,normal_0599,30,2022-07-12 01:16:54.528,3.0,0,2,original,False,4.9046665782158625,17.210779832851532,12
normal,19987,normal_0599,31,2022-07-12 01:16:54.628,3.1,0,2,original,False,5.883034259929589,17.210779832851532,12
normal,19988,normal_0599,32,2022-07-12 01:16:54.728,3.2,0,2,original,False,5.547103239760721,17.210779832851532,12
normal,19989,normal_0599,33,2022-07-12 01:16:54.828,3.3,0,2,original,False,6.021870477292506,17.210779832851532,12
normal,19990,normal_0599,34,2022-07-12 01:16:54.928,3.4,0,2,original,False,5.499715111659027,17.210779832851532,12
normal,19991,normal_0599,35,2022-07-12 01:16:55.028,3.5,0,2,original,False,7.02369318034947,17.210779832851532,12
normal,19992,normal_0599,36,2022-07-12 01:16:55.128,3.6,0,2,original,False,5.3537724021648785,17.210779832851532,12
normal,19993,normal_0599,37,2022-07-12 01:16:55.228,3.7,0,2,original,False,4.526944598358069,17.210779832851532,12
normal,19994,normal_0599,38,2022-07-12 01:16:55.328,3.8,0,2,original,False,4.3498642648232595,17.210779832851532,12
normal,19995,normal_0599,39,2022-07-12 01:16:55.428,3.9,0,2,original,False,5.0111133602601265,17.210779832851532,12
normal,19996,normal_0599,40,2022-07-12 01:16:55.528,4.0,0,2,original,False,6.709714793432704,17.210779832851532,12
normal,19997,normal_0599,41,2022-07-12 01:16:55.628,4.1,0,2,original,False,6.162707424268551,17.210779832851532,12
normal,19998,normal_0599,42,2022-07-12 01:16:55.728,4.2,0,2,original,False,8.106605439451775,17.210779832851532,12
normal,19999,normal_0599,43,2022-07-12 01:16:55.828,4.3,0,2,original,False,7.718056066005808,17.210779832851532,12
fault,0,fault_0001,0,2022-07-17 10:51:07.943,0.0,1,2,original,False,,17.210779832851532,3
fault,1,fault_0001,1,2022-07-17 10:51:08.043,0.1,1,2,original,False,,17.210779832851532,6
fault,2,fault_0001,2,2022-07-17 10:51:08.143,0.2,1,2,original,False,,17.210779832851532,9
fault,3,fault_0001,3,2022-07-17 10:51:08.243,0.3,1,2,original,True,545.1932996576604,17.210779832851532,12
fault,4,fault_0002,0,2022-07-17 10:51:16.724,0.0,1,2,original,False,,17.210779832851532,3
fault,5,fault_0002,1,2022-07-17 10:51:16.824,0.1,1,2,original,False,,17.210779832851532,6
fault,6,fault_0002,2,2022-07-17 10:51:16.924,0.2,1,2,original,False,,17.210779832851532,9
fault,7,fault_0002,3,2022-07-17 10:51:17.024,0.3,1,2,original,True,91.99217499246207,17.210779832851532,12
fault,8,fault_0002,4,2022-07-17 10:51:17.124,0.4,1,2,original,True,122.45960605592498,17.210779832851532,12
fault,9,fault_0002,5,2022-07-17 10:51:17.224,0.5,1,2,original,True,64.85381014984215,17.210779832851532,12
fault,10,fault_0002,6,2022-07-17 10:51:17.324,0.6,1,2,original,True,339.70142969035817,17.210779832851532,12
fault,11,fault_0002,7,2022-07-17 10:51:17.424,0.7,1,2,original,True,724.5809194698893,17.210779832851532,12
fault,12,fault_0002,8,2022-07-17 10:51:17.524,0.8,1,2,original,True,1335.5689831819543,17.210779832851532,12
fault,13,fault_0002,9,2022-07-17 10:51:17.624,0.9,1,2,original,True,1239.7088153142934,17.210779832851532,12
fault,14,fault_0002,10,2022-07-17 10:51:17.724,1.0,1,2,original,True,827.9110069630736,17.210779832851532,12
fault,15,fault_0002,11,2022-07-17 10:51:17.824,1.1,1,2,original,True,420.69123707249327,17.210779832851532,12
fault,16,fault_0002,12,2022-07-17 10:51:17.924,1.2,1,2,original,True,415.55949215463727,17.210779832851532,12
fault,17,fault_0002,13,2022-07-17 10:51:18.024,1.3,1,2,original,True,460.2959157236488,17.210779832851532,12
fault,18,fault_0002,14,2022-07-17 10:51:18.124,1.4,1,2,original,True,356.1796673970352,17.210779832851532,12
fault,19,fault_0002,15,2022-07-17 10:51:18.224,1.5,1,2,original,True,381.1677111292634,17.210779832851532,12
fault,20,fault_0002,16,2022-07-17 10:51:18.324,1.6,1,2,original,True,302.8450754838281,17.210779832851532,12
fault,21,fault_0002,17,2022-07-17 10:51:18.424,1.7,1,2,original,True,267.4954214171488,17.210779832851532,12
fault,22,fault_0002,18,2022-07-17 10:51:18.524,1.8,1,2,original,True,509.2549068123138,17.210779832851532,12
fault,23,fault_0002,19,2022-07-17 10:51:18.624,1.9,1,2,original,True,462.4532038297413,17.210779832851532,12
fault,24,fault_0002,20,2022-07-17 10:51:18.724,2.0,1,2,original,True,531.0884390736798,17.210779832851532,12
fault,25,fault_0002,21,2022-07-17 10:51:18.824,2.1,1,2,original,True,410.35491972430515,17.210779832851532,12
fault,26,fault_0002,22,2022-07-17 10:51:18.924,2.2,1,2,original,True,567.4751357136454,17.210779832851532,12
fault,27,fault_0002,23,2022-07-17 10:51:19.024,2.3,1,2,original,True,1421.100767869533,17.210779832851532,12
fault,28,fault_0002,24,2022-07-17 10:51:19.124,2.4,1,2,original,True,1687.8293152975364,17.210779832851532,12
fault,29,fault_0002,25,2022-07-17 10:51:19.224,2.5,1,2,original,True,1028.939244784433,17.210779832851532,12
fault,30,fault_0002,26,2022-07-17 10:51:19.324,2.6,1,2,original,True,284.67745355334335,17.210779832851532,12
fault,31,fault_0002,27,2022-07-17 10:51:19.424,2.7,1,2,original,True,118.79871457400642,17.210779832851532,12
fault,32,fault_0002,28,2022-07-17 10:51:19.524,2.8,1,2,original,True,39.23127062496494,17.210779832851532,12
fault,33,fault_0002,29,2022-07-17 10:51:19.624,2.9,1,2,original,True,52.90196307491979,17.210779832851532,12
fault,34,fault_0002,30,2022-07-17 10:51:19.724,3.0,1,2,original,True,70.63742166996629,17.210779832851532,12
fault,35,fault_0002,31,2022-07-17 10:51:19.824,3.1,1,2,original,True,85.46951655697605,17.210779832851532,12
fault,36,fault_0002,32,2022-07-17 10:51:19.924,3.2,1,2,original,True,94.96886414506255,17.210779832851532,12
fault,37,fault_0002,33,2022-07-17 10:51:20.024,3.3,1,2,original,True,129.0636414886311,17.210779832851532,12
fault,38,fault_0002,34,2022-07-17 10:51:20.124,3.4,1,2,original,True,116.39000277091095,17.210779832851532,12
fault,39,fault_0002,35,2022-07-17 10:51:20.224,3.5,1,2,original,True,68.38305187105833,17.210779832851532,12
fault,40,fault_0002,36,2022-07-17 10:51:20.324,3.6,1,2,original,True,38.72005247811264,17.210779832851532,12
fault,41,fault_0002,37,2022-07-17 10:51:20.424,3.7,1,2,original,True,26.446056638692312,17.210779832851532,12
fault,42,fault_0002,38,2022-07-17 10:51:20.524,3.8,1,2,original,True,73.74229357348253,17.210779832851532,12
fault,43,fault_0002,39,2022-07-17 10:51:20.624,3.9,1,2,original,True,76.29800170543758,17.210779832851532,12
fault,44,fault_0002,40,2022-07-17 10:51:20.724,4.0,1,2,original,True,275.4069161893401,17.210779832851532,12
fault,45,fault_0002,41,2022-07-17 10:51:20.824,4.1,1,2,original,True,259.09637453636134,17.210779832851532,12
fault,46,fault_0002,42,2022-07-17 10:51:20.924,4.2,1,2,original,True,134.9974426601749,17.210779832851532,12
fault,47,fault_0002,43,2022-07-17 10:51:21.024,4.3,1,2,original,True,59.69002646648682,17.210779832851532,12
fault,48,fault_0002,44,2022-07-17 10:51:21.124,4.4,1,2,original,True,30.156113257208577,17.210779832851532,12
fault,49,fault_0002,45,2022-07-17 10:51:21.224,4.5,1,2,original,True,35.63034640773193,17.210779832851532,12
fault,50,fault_0002,46,2022-07-17 10:51:21.324,4.6,1,2,original,True,69.52235584582569,17.210779832851532,12
fault,51,fault_0002,47,2022-07-17 10:51:21.424,4.7,1,2,original,True,58.222120468928054,17.210779832851532,12
fault,52,fault_0002,48,2022-07-17 10:51:21.524,4.8,1,2,original,True,28.870966915801926,17.210779832851532,12
fault,53,fault_0002,49,2022-07-17 10:51:21.624,4.9,1,2,original,True,129.50693804722323,17.210779832851532,12
fault,54,fault_0003,0,2022-07-17 10:51:23.615,0.0,1,2,original,False,,17.210779832851532,3
fault,55,fault_0003,1,2022-07-17 10:51:23.715,0.1,1,2,original,False,,17.210779832851532,6
fault,56,fault_0003,2,2022-07-17 10:51:23.815,0.2,1,2,original,False,,17.210779832851532,9
fault,57,fault_0003,3,2022-07-17 10:51:23.915,0.3,1,2,original,True,197.23378209051955,17.210779832851532,12
fault,58,fault_0003,4,2022-07-17 10:51:24.015,0.4,1,2,original,True,97.17177890356862,17.210779832851532,12
fault,59,fault_0003,5,2022-07-17 10:51:24.115,0.5,1,2,original,True,84.98826154877763,17.210779832851532,12
fault,60,fault_0003,6,2022-07-17 10:51:24.215,0.6,1,2,original,True,146.002706973638,17.210779832851532,12
fault,61,fault_0003,7,2022-07-17 10:51:24.315,0.7,1,2,original,True,669.5657106359549,17.210779832851532,12
fault,62,fault_0003,8,2022-07-17 10:51:24.415,0.8,1,2,original,True,656.7808822295734,17.210779832851532,12
fault,63,fault_0003,9,2022-07-17 10:51:24.515,0.9,1,2,original,True,236.31724775580653,17.210779832851532,12
fault,64,fault_0003,10,2022-07-17 10:51:24.615,1.0,1,2,original,True,51.47195677581062,17.210779832851532,12
fault,65,fault_0003,11,2022-07-17 10:51:24.715,1.1,1,2,original,True,143.33840973729045,17.210779832851532,12
fault,66,fault_0003,12,2022-07-17 10:51:24.815,1.2,1,2,original,True,167.4920136489934,17.210779832851532,12
fault,67,fault_0003,13,2022-07-17 10:51:24.915,1.3,1,2,original,True,483.3549472181038,17.210779832851532,12
fault,68,fault_0003,14,2022-07-17 10:51:25.015,1.4,1,2,original,True,541.0561369924046,17.210779832851532,12
fault,69,fault_0003,15,2022-07-17 10:51:25.115,1.5,1,2,original,True,635.546947842417,17.210779832851532,12
fault,70,fault_0003,16,2022-07-17 10:51:25.215,1.6,1,2,original,True,429.89126765973265,17.210779832851532,12
fault,71,fault_0003,17,2022-07-17 10:51:25.315,1.7,1,2,original,True,635.8377365548769,17.210779832851532,12
fault,72,fault_0003,18,2022-07-17 10:51:25.415,1.8,1,2,original,True,875.5450058094076,17.210779832851532,12
fault,73,fault_0003,19,2022-07-17 10:51:25.515,1.9,1,2,original,True,686.9316422352663,17.210779832851532,12
fault,74,fault_0003,20,2022-07-17 10:51:25.615,2.0,1,2,original,True,479.2160530005381,17.210779832851532,12
fault,75,fault_0003,21,2022-07-17 10:51:25.715,2.1,1,2,original,True,297.38216846401946,17.210779832851532,12
fault,76,fault_0003,22,2022-07-17 10:51:25.815,2.2,1,2,original,True,306.3901827864857,17.210779832851532,12
fault,77,fault_0003,23,2022-07-17 10:51:25.915,2.3,1,2,original,True,418.78824660210375,17.210779832851532,12
fault,78,fault_0003,24,2022-07-17 10:51:26.015,2.4,1,2,original,True,479.0156713373253,17.210779832851532,12
fault,79,fault_0003,25,2022-07-17 10:51:26.115,2.5,1,2,original,True,358.8032519503982,17.210779832851532,12
fault,80,fault_0003,26,2022-07-17 10:51:26.215,2.6,1,2,original,True,365.2964169349407,17.210779832851532,12
fault,81,fault_0003,27,2022-07-17 10:51:26.315,2.7,1,2,original,True,483.5749994223585,17.210779832851532,12
fault,82,fault_0003,28,2022-07-17 10:51:26.415,2.8,1,2,original,True,422.292900231735,17.210779832851532,12
fault,83,fault_0003,29,2022-07-17 10:51:26.515,2.9,1,2,original,True,336.3067445577254,17.210779832851532,12
fault,84,fault_0003,30,2022-07-17 10:51:26.615,3.0,1,2,original,True,376.6866188402294,17.210779832851532,12
fault,85,fault_0003,31,2022-07-17 10:51:26.715,3.1,1,2,original,True,369.2542179773508,17.210779832851532,12
fault,86,fault_0003,32,2022-07-17 10:51:26.815,3.2,1,2,original,True,294.5141468153987,17.210779832851532,12
fault,87,fault_0003,33,2022-07-17 10:51:26.915,3.3,1,2,original,True,341.6160083064636,17.210779832851532,12
fault,88,fault_0003,34,2022-07-17 10:51:27.015,3.4,1,2,original,True,338.1722442145765,17.210779832851532,12
fault,89,fault_0003,35,2022-07-17 10:51:27.115,3.5,1,2,original,True,569.8484610249335,17.210779832851532,12
fault,90,fault_0003,36,2022-07-17 10:51:27.215,3.6,1,2,original,True,741.5353768475496,17.210779832851532,12
fault,91,fault_0003,37,2022-07-17 10:51:27.315,3.7,1,2,original,True,903.0059704706297,17.210779832851532,12
fault,92,fault_0003,38,2022-07-17 10:51:27.415,3.8,1,2,original,True,1049.040175850211,17.210779832851532,12
fault,93,fault_0003,39,2022-07-17 10:51:27.515,3.9,1,2,original,True,692.6014866542665,17.210779832851532,12
fault,94,fault_0003,40,2022-07-17 10:51:27.615,4.0,1,2,original,True,258.40952219879756,17.210779832851532,12
fault,95,fault_0003,41,2022-07-17 10:51:27.715,4.1,1,2,original,True,147.97624400734622,17.210779832851532,12
fault,96,fault_0003,42,2022-07-17 10:51:27.815,4.2,1,2,original,True,114.87857688561378,17.210779832851532,12
fault,97,fault_0003,43,2022-07-17 10:51:27.915,4.3,1,2,original,True,69.27414477013896,17.210779832851532,12
fault,98,fault_0003,44,2022-07-17 10:51:28.015,4.4,1,2,original,True,98.82906145427177,17.210779832851532,12
fault,99,fault_0003,45,2022-07-17 10:51:28.115,4.5,1,2,original,True,125.33711481573059,17.210779832851532,12
fault,100,fault_0003,46,2022-07-17 10:51:28.215,4.6,1,2,original,True,115.72067377234251,17.210779832851532,12
fault,101,fault_0004,0,2022-07-17 10:51:31.734,0.0,1,2,original,False,,17.210779832851532,3
fault,102,fault_0004,1,2022-07-17 10:51:31.834,0.1,1,2,original,False,,17.210779832851532,6
fault,103,fault_0004,2,2022-07-17 10:51:31.934,0.2,1,2,original,False,,17.210779832851532,9
fault,104,fault_0004,3,2022-07-17 10:51:32.034,0.3,1,2,original,False,14.2783954667925,17.210779832851532,12
fault,105,fault_0004,4,2022-07-17 10:51:32.134,0.4,1,2,original,True,28.136073037818587,17.210779832851532,12
fault,106,fault_0004,5,2022-07-17 10:51:32.234,0.5,1,2,original,True,39.26813634010298,17.210779832851532,12
fault,107,fault_0004,6,2022-07-17 10:51:32.334,0.6,1,2,original,True,83.12920849542732,17.210779832851532,12
fault,108,fault_0004,7,2022-07-17 10:51:32.434,0.7,1,2,original,True,172.9522215066788,17.210779832851532,12
fault,109,fault_0004,8,2022-07-17 10:51:32.534,0.8,1,2,original,True,146.32048077112398,17.210779832851532,12
fault,110,fault_0004,9,2022-07-17 10:51:32.634,0.9,1,2,original,True,77.31869794130667,17.210779832851532,12
fault,111,fault_0004,10,2022-07-17 10:51:32.734,1.0,1,2,original,True,549.8323133053199,17.210779832851532,12
fault,112,fault_0004,11,2022-07-17 10:51:32.834,1.1,1,2,original,True,568.9628746012063,17.210779832851532,12
fault,113,fault_0004,12,2022-07-17 10:51:32.934,1.2,1,2,original,True,245.72556614847113,17.210779832851532,12
fault,114,fault_0004,13,2022-07-17 10:51:33.034,1.3,1,2,original,True,77.69547187973214,17.210779832851532,12
fault,115,fault_0004,14,2022-07-17 10:51:33.134,1.4,1,2,original,True,104.1792170789984,17.210779832851532,12
fault,116,fault_0004,15,2022-07-17 10:51:33.234,1.5,1,2,original,True,285.2728202167042,17.210779832851532,12
fault,117,fault_0004,16,2022-07-17 10:51:33.334,1.6,1,2,original,True,343.76033019970737,17.210779832851532,12
fault,118,fault_0004,17,2022-07-17 10:51:33.434,1.7,1,2,original,True,532.7659935862431,17.210779832851532,12
fault,119,fault_0004,18,2022-07-17 10:51:33.534,1.8,1,2,original,True,922.2815887895673,17.210779832851532,12
fault,120,fault_0004,19,2022-07-17 10:51:33.634,1.9,1,2,original,True,783.9602570805586,17.210779832851532,12
fault,121,fault_0004,20,2022-07-17 10:51:33.734,2.0,1,2,original,True,534.4723858521787,17.210779832851532,12
fault,122,fault_0004,21,2022-07-17 10:51:33.834,2.1,1,2,original,True,155.0626974702768,17.210779832851532,12
fault,123,fault_0004,22,2022-07-17 10:51:33.934,2.2,1,2,original,True,240.2780501049606,17.210779832851532,12
fault,124,fault_0004,23,2022-07-17 10:51:34.034,2.3,1,2,original,True,242.39389724229682,17.210779832851532,12
fault,125,fault_0004,24,2022-07-17 10:51:34.134,2.4,1,2,original,True,74.05436559288034,17.210779832851532,12
fault,126,fault_0004,25,2022-07-17 10:51:34.234,2.5,1,2,original,True,64.28321235513923,17.210779832851532,12
fault,127,fault_0004,26,2022-07-17 10:51:34.334,2.6,1,2,original,True,84.3673125808057,17.210779832851532,12
fault,128,fault_0004,27,2022-07-17 10:51:34.434,2.7,1,2,original,True,74.20024361875822,17.210779832851532,12
fault,129,fault_0004,28,2022-07-17 10:51:34.534,2.8,1,2,original,True,57.92711555918248,17.210779832851532,12
fault,130,fault_0004,29,2022-07-17 10:51:34.634,2.9,1,2,original,True,180.37350515654236,17.210779832851532,12
fault,131,fault_0004,30,2022-07-17 10:51:34.734,3.0,1,2,original,True,180.913230266294,17.210779832851532,12
fault,132,fault_0005,0,2022-07-17 10:51:39.999,0.0,1,2,original,False,,17.210779832851532,3
fault,133,fault_0005,1,2022-07-17 10:51:40.099,0.1,1,2,original,False,,17.210779832851532,6
fault,134,fault_0005,2,2022-07-17 10:51:40.199,0.2,1,2,original,False,,17.210779832851532,9
fault,135,fault_0005,3,2022-07-17 10:51:40.299,0.3,1,2,original,True,455.001460601381,17.210779832851532,12
fault,136,fault_0005,4,2022-07-17 10:51:40.399,0.4,1,2,original,True,298.0145779512774,17.210779832851532,12
fault,137,fault_0005,5,2022-07-17 10:51:40.499,0.5,1,2,original,True,933.6644017281287,17.210779832851532,12
fault,138,fault_0005,6,2022-07-17 10:51:40.599,0.6,1,2,original,True,761.3721834626759,17.210779832851532,12
fault,139,fault_0005,7,2022-07-17 10:51:40.699,0.7,1,2,original,True,672.0121540827795,17.210779832851532,12
fault,140,fault_0005,8,2022-07-17 10:51:40.799,0.8,1,2,original,True,488.1155117202086,17.210779832851532,12
fault,141,fault_0005,9,2022-07-17 10:51:40.899,0.9,1,2,original,True,617.7224665450578,17.210779832851532,12
fault,142,fault_0005,10,2022-07-17 10:51:40.999,1.0,1,2,original,True,600.8798127906109,17.210779832851532,12
fault,143,fault_0005,11,2022-07-17 10:51:41.099,1.1,1,2,original,True,598.3219933091121,17.210779832851532,12
fault,144,fault_0005,12,2022-07-17 10:51:41.199,1.2,1,2,original,True,604.0464690578871,17.210779832851532,12
fault,145,fault_0005,13,2022-07-17 10:51:41.299,1.3,1,2,original,True,376.49420958121084,17.210779832851532,12
fault,146,fault_0005,14,2022-07-17 10:51:41.399,1.4,1,2,original,True,440.56132048866374,17.210779832851532,12
fault,147,fault_0005,15,2022-07-17 10:51:41.499,1.5,1,2,original,True,479.8638361281589,17.210779832851532,12
fault,148,fault_0005,16,2022-07-17 10:51:41.599,1.6,1,2,original,True,548.0463872149719,17.210779832851532,12
fault,149,fault_0005,17,2022-07-17 10:51:41.699,1.7,1,2,original,True,573.4444907281575,17.210779832851532,12
fault,150,fault_0006,0,2022-07-17 10:51:48.093,0.0,1,2,original,False,,17.210779832851532,3
fault,151,fault_0006,1,2022-07-17 10:51:48.193,0.1,1,2,original,False,,17.210779832851532,6
fault,152,fault_0006,2,2022-07-17 10:51:48.293,0.2,1,2,original,False,,17.210779832851532,9
fault,153,fault_0007,0,2022-07-17 10:51:56.684,0.0,1,2,original,False,,17.210779832851532,3
fault,154,fault_0007,1,2022-07-17 10:51:56.784,0.1,1,2,original,False,,17.210779832851532,6
fault,155,fault_0007,2,2022-07-17 10:51:56.884,0.2,1,2,original,False,,17.210779832851532,9
fault,156,fault_0007,3,2022-07-17 10:51:56.984,0.3,1,2,original,True,637.5495756801137,17.210779832851532,12
fault,157,fault_0007,4,2022-07-17 10:51:57.084,0.4,1,2,original,True,562.0135279735211,17.210779832851532,12
fault,158,fault_0007,5,2022-07-17 10:51:57.184,0.5,1,2,original,True,328.5225048417728,17.210779832851532,12
fault,159,fault_0007,6,2022-07-17 10:51:57.284,0.6,1,2,original,True,104.55241464939073,17.210779832851532,12
fault,160,fault_0007,7,2022-07-17 10:51:57.384,0.7,1,2,original,True,75.97065238762805,17.210779832851532,12
fault,161,fault_0007,8,2022-07-17 10:51:57.484,0.8,1,2,original,True,100.57945499992017,17.210779832851532,12
fault,162,fault_0007,9,2022-07-17 10:51:57.584,0.9,1,2,original,True,256.75813983769444,17.210779832851532,12
fault,163,fault_0007,10,2022-07-17 10:51:57.684,1.0,1,2,original,True,280.1627409206195,17.210779832851532,12
fault,164,fault_0007,11,2022-07-17 10:51:57.784,1.1,1,2,original,True,183.03174612204697,17.210779832851532,12
fault,165,fault_0007,12,2022-07-17 10:51:57.884,1.2,1,2,original,True,119.39497745579811,17.210779832851532,12
fault,166,fault_0007,13,2022-07-17 10:51:57.984,1.3,1,2,original,True,117.80813405325293,17.210779832851532,12
fault,167,fault_0007,14,2022-07-17 10:51:58.084,1.4,1,2,original,True,126.54669793721764,17.210779832851532,12
fault,168,fault_0007,15,2022-07-17 10:51:58.184,1.5,1,2,original,True,76.84027482497584,17.210779832851532,12
fault,169,fault_0007,16,2022-07-17 10:51:58.284,1.6,1,2,original,True,76.76878563868851,17.210779832851532,12
fault,170,fault_0007,17,2022-07-17 10:51:58.384,1.7,1,2,original,True,65.40976852774035,17.210779832851532,12
fault,171,fault_0007,18,2022-07-17 10:51:58.484,1.8,1,2,original,True,62.42770422871495,17.210779832851532,12
fault,172,fault_0007,19,2022-07-17 10:51:58.584,1.9,1,2,original,True,135.5093865252526,17.210779832851532,12
fault,173,fault_0007,20,2022-07-17 10:51:58.684,2.0,1,2,original,True,106.91421536084121,17.210779832851532,12
fault,174,fault_0007,21,2022-07-17 10:51:58.784,2.1,1,2,original,True,70.23461609011004,17.210779832851532,12
fault,175,fault_0007,22,2022-07-17 10:51:58.884,2.2,1,2,original,True,91.19820699777424,17.210779832851532,12
fault,176,fault_0007,23,2022-07-17 10:51:58.984,2.3,1,2,original,True,59.37676191862726,17.210779832851532,12
fault,177,fault_0007,24,2022-07-17 10:51:59.084,2.4,1,2,original,True,53.79409797721796,17.210779832851532,12
fault,178,fault_0007,25,2022-07-17 10:51:59.184,2.5,1,2,original,False,13.694440792248669,17.210779832851532,12
fault,179,fault_0007,26,2022-07-17 10:51:59.284,2.6,1,2,original,True,77.51353848211146,17.210779832851532,12
fault,180,fault_0007,27,2022-07-17 10:51:59.384,2.7,1,2,original,True,129.1444416965438,17.210779832851532,12
fault,181,fault_0007,28,2022-07-17 10:51:59.484,2.8,1,2,original,True,162.72165946364964,17.210779832851532,12
fault,182,fault_0007,29,2022-07-17 10:51:59.584,2.9,1,2,original,True,133.7635392097541,17.210779832851532,12
fault,183,fault_0007,30,2022-07-17 10:51:59.684,3.0,1,2,original,True,110.0753907926617,17.210779832851532,12
fault,184,fault_0007,31,2022-07-17 10:51:59.784,3.1,1,2,original,True,83.08313958455847,17.210779832851532,12
fault,185,fault_0007,32,2022-07-17 10:51:59.884,3.2,1,2,original,True,1004.0612124107219,17.210779832851532,12
fault,186,fault_0007,33,2022-07-17 10:51:59.984,3.3,1,2,original,True,1275.6709589455108,17.210779832851532,12
fault,187,fault_0007,34,2022-07-17 10:52:00.084,3.4,1,2,original,True,1418.9805721241592,17.210779832851532,12
fault,188,fault_0007,35,2022-07-17 10:52:00.184,3.5,1,2,original,True,1072.2059639581116,17.210779832851532,12
fault,189,fault_0007,36,2022-07-17 10:52:00.284,3.6,1,2,original,True,1224.5638139079529,17.210779832851532,12
fault,190,fault_0007,37,2022-07-17 10:52:00.384,3.7,1,2,original,True,790.3212203848323,17.210779832851532,12
fault,191,fault_0007,38,2022-07-17 10:52:00.484,3.8,1,2,original,True,656.5195193857095,17.210779832851532,12
fault,192,fault_0007,39,2022-07-17 10:52:00.584,3.9,1,2,original,True,661.8376075318297,17.210779832851532,12
fault,193,fault_0007,40,2022-07-17 10:52:00.684,4.0,1,2,original,True,877.9280692770369,17.210779832851532,12
fault,194,fault_0007,41,2022-07-17 10:52:00.784,4.1,1,2,original,True,1309.7115683361487,17.210779832851532,12
fault,195,fault_0007,42,2022-07-17 10:52:00.884,4.2,1,2,original,True,1119.9758743759994,17.210779832851532,12
fault,196,fault_0007,43,2022-07-17 10:52:00.984,4.3,1,2,original,True,330.05776748660605,17.210779832851532,12
fault,197,fault_0007,44,2022-07-17 10:52:01.084,4.4,1,2,original,True,551.5427766584164,17.210779832851532,12
fault,198,fault_0007,45,2022-07-17 10:52:01.184,4.5,1,2,original,True,494.05702098910024,17.210779832851532,12
fault,199,fault_0007,46,2022-07-17 10:52:01.284,4.6,1,2,original,True,661.8468871315504,17.210779832851532,12
fault,200,fault_0007,47,2022-07-17 10:52:01.384,4.7,1,2,original,True,528.6668317396594,17.210779832851532,12
fault,201,fault_0007,48,2022-07-17 10:52:01.484,4.8,1,2,original,True,535.4028960675379,17.210779832851532,12
fault,202,fault_0007,49,2022-07-17 10:52:01.584,4.9,1,2,original,True,494.00293757301625,17.210779832851532,12
fault,203,fault_0008,0,2022-07-17 10:52:04.407,0.0,1,2,original,False,,17.210779832851532,3
fault,204,fault_0008,1,2022-07-17 10:52:04.507,0.1,1,2,original,False,,17.210779832851532,6
fault,205,fault_0008,2,2022-07-17 10:52:04.607,0.2,1,2,original,False,,17.210779832851532,9
fault,206,fault_0008,3,2022-07-17 10:52:04.707,0.3,1,2,original,True,278.1997061893101,17.210779832851532,12
fault,207,fault_0008,4,2022-07-17 10:52:04.807,0.4,1,2,original,True,361.0925025821789,17.210779832851532,12
fault,208,fault_0008,5,2022-07-17 10:52:04.907,0.5,1,2,original,True,544.9592450773897,17.210779832851532,12
fault,209,fault_0008,6,2022-07-17 10:52:05.007,0.6,1,2,original,True,541.8594901879434,17.210779832851532,12
fault,210,fault_0008,7,2022-07-17 10:52:05.107,0.7,1,2,original,True,468.9318497062009,17.210779832851532,12
fault,211,fault_0008,8,2022-07-17 10:52:05.207,0.8,1,2,original,True,340.2511532360699,17.210779832851532,12
fault,212,fault_0008,9,2022-07-17 10:52:05.307,0.9,1,2,original,True,251.4167895150661,17.210779832851532,12
fault,213,fault_0008,10,2022-07-17 10:52:05.407,1.0,1,2,original,True,500.4890450286723,17.210779832851532,12
fault,214,fault_0008,11,2022-07-17 10:52:05.507,1.1,1,2,original,True,762.2331154262477,17.210779832851532,12
fault,215,fault_0008,12,2022-07-17 10:52:05.607,1.2,1,2,original,True,608.0675601447712,17.210779832851532,12
fault,216,fault_0008,13,2022-07-17 10:52:05.707,1.3,1,2,original,True,758.2943589882781,17.210779832851532,12
fault,217,fault_0008,14,2022-07-17 10:52:05.807,1.4,1,2,original,True,309.28483892492056,17.210779832851532,12
fault,218,fault_0008,15,2022-07-17 10:52:05.907,1.5,1,2,original,True,259.39188743311774,17.210779832851532,12
fault,219,fault_0008,16,2022-07-17 10:52:06.007,1.6,1,2,original,True,252.3276365861841,17.210779832851532,12
fault,220,fault_0008,17,2022-07-17 10:52:06.107,1.7,1,2,original,True,177.01223150999982,17.210779832851532,12
fault,221,fault_0008,18,2022-07-17 10:52:06.207,1.8,1,2,original,True,135.7943370371008,17.210779832851532,12
fault,222,fault_0008,19,2022-07-17 10:52:06.307,1.9,1,2,original,True,137.59606794037103,17.210779832851532,12
fault,223,fault_0008,20,2022-07-17 10:52:06.407,2.0,1,2,original,True,162.84703772305244,17.210779832851532,12
fault,224,fault_0008,21,2022-07-17 10:52:06.507,2.1,1,2,original,True,145.95716602648596,17.210779832851532,12
fault,225,fault_0008,22,2022-07-17 10:52:06.607,2.2,1,2,original,True,171.92110722140842,17.210779832851532,12
fault,226,fault_0008,23,2022-07-17 10:52:06.707,2.3,1,2,original,True,72.61187028324943,17.210779832851532,12
fault,227,fault_0008,24,2022-07-17 10:52:06.807,2.4,1,2,original,True,62.813297018832195,17.210779832851532,12
fault,228,fault_0008,25,2022-07-17 10:52:06.907,2.5,1,2,original,True,65.76868404197232,17.210779832851532,12
fault,229,fault_0008,26,2022-07-17 10:52:07.007,2.6,1,2,original,True,39.25655473192025,17.210779832851532,12
fault,230,fault_0008,27,2022-07-17 10:52:07.107,2.7,1,2,original,True,86.9249043850855,17.210779832851532,12
fault,231,fault_0008,28,2022-07-17 10:52:07.207,2.8,1,2,original,True,144.71948682195566,17.210779832851532,12
fault,232,fault_0008,29,2022-07-17 10:52:07.307,2.9,1,2,original,True,152.72242907176363,17.210779832851532,12
fault,233,fault_0008,30,2022-07-17 10:52:07.407,3.0,1,2,original,True,222.26048244043886,17.210779832851532,12
fault,234,fault_0008,31,2022-07-17 10:52:07.507,3.1,1,2,original,True,177.37053919141349,17.210779832851532,12
fault,235,fault_0008,32,2022-07-17 10:52:07.607,3.2,1,2,original,True,180.95534913116998,17.210779832851532,12
fault,236,fault_0008,33,2022-07-17 10:52:07.707,3.3,1,2,original,True,272.7291727590673,17.210779832851532,12
fault,237,fault_0008,34,2022-07-17 10:52:07.807,3.4,1,2,original,True,713.4271668072167,17.210779832851532,12
fault,238,fault_0008,35,2022-07-17 10:52:07.907,3.5,1,2,original,True,698.3963798616277,17.210779832851532,12
fault,239,fault_0008,36,2022-07-17 10:52:08.007,3.6,1,2,original,True,481.3517681369776,17.210779832851532,12
fault,240,fault_0008,37,2022-07-17 10:52:08.107,3.7,1,2,original,True,333.23321074350787,17.210779832851532,12
fault,241,fault_0008,38,2022-07-17 10:52:08.207,3.8,1,2,original,True,505.6420011885329,17.210779832851532,12
fault,242,fault_0008,39,2022-07-17 10:52:08.307,3.9,1,2,original,True,454.2091463109593,17.210779832851532,12
fault,243,fault_0009,0,2022-07-17 10:52:12.567,0.0,1,2,original,False,,17.210779832851532,3
fault,244,fault_0009,1,2022-07-17 10:52:12.667,0.1,1,2,original,False,,17.210779832851532,6
fault,245,fault_0009,2,2022-07-17 10:52:12.767,0.2,1,2,original,False,,17.210779832851532,9
fault,246,fault_0009,3,2022-07-17 10:52:12.867,0.3,1,2,original,True,56.09025450400945,17.210779832851532,12
fault,247,fault_0009,4,2022-07-17 10:52:12.967,0.4,1,2,original,True,136.996765822696,17.210779832851532,12
fault,248,fault_0009,5,2022-07-17 10:52:13.067,0.5,1,2,original,True,396.7960464621505,17.210779832851532,12
fault,249,fault_0009,6,2022-07-17 10:52:13.167,0.6,1,2,original,True,432.40466047210845,17.210779832851532,12
fault,250,fault_0009,7,2022-07-17 10:52:13.267,0.7,1,2,original,True,95.09472970541398,17.210779832851532,12
fault,251,fault_0009,8,2022-07-17 10:52:13.367,0.8,1,2,original,True,39.24458867581878,17.210779832851532,12
fault,252,fault_0009,9,2022-07-17 10:52:13.467,0.9,1,2,original,True,34.77828893570179,17.210779832851532,12
fault,253,fault_0009,10,2022-07-17 10:52:13.567,1.0,1,2,original,True,48.3542261452969,17.210779832851532,12
fault,254,fault_0009,11,2022-07-17 10:52:13.667,1.1,1,2,original,True,50.149420284785734,17.210779832851532,12
fault,255,fault_0009,12,2022-07-17 10:52:13.767,1.2,1,2,original,True,222.84087299301262,17.210779832851532,12
fault,256,fault_0009,13,2022-07-17 10:52:13.867,1.3,1,2,original,True,771.9828467798824,17.210779832851532,12
fault,257,fault_0009,14,2022-07-17 10:52:13.967,1.4,1,2,original,True,841.000151253117,17.210779832851532,12
fault,258,fault_0009,15,2022-07-17 10:52:14.067,1.5,1,2,original,True,415.7234745972127,17.210779832851532,12
fault,259,fault_0009,16,2022-07-17 10:52:14.167,1.6,1,2,original,True,67.95687572485262,17.210779832851532,12
fault,260,fault_0009,17,2022-07-17 10:52:14.267,1.7,1,2,original,True,361.19184728269016,17.210779832851532,12
fault,261,fault_0009,18,2022-07-17 10:52:14.367,1.8,1,2,original,True,449.6658500819625,17.210779832851532,12
fault,262,fault_0009,19,2022-07-17 10:52:14.467,1.9,1,2,original,True,442.46336751874037,17.210779832851532,12
fault,263,fault_0009,20,2022-07-17 10:52:14.567,2.0,1,2,original,True,405.42526623495763,17.210779832851532,12
fault,264,fault_0009,21,2022-07-17 10:52:14.667,2.1,1,2,original,True,355.0812039647969,17.210779832851532,12
fault,265,fault_0009,22,2022-07-17 10:52:14.767,2.2,1,2,original,True,249.84568935407506,17.210779832851532,12
fault,266,fault_0009,23,2022-07-17 10:52:14.867,2.3,1,2,original,True,248.69457490756082,17.210779832851532,12
fault,267,fault_0009,24,2022-07-17 10:52:14.967,2.4,1,2,original,True,292.2936742042816,17.210779832851532,12
fault,268,fault_0010,0,2022-07-17 10:52:21.018,0.0,1,2,original,False,,17.210779832851532,3
fault,269,fault_0010,1,2022-07-17 10:52:21.118,0.1,1,2,original,False,,17.210779832851532,6
fault,270,fault_0010,2,2022-07-17 10:52:21.218,0.2,1,2,original,False,,17.210779832851532,9
fault,271,fault_0010,3,2022-07-17 10:52:21.318,0.3,1,2,original,True,474.78669311176986,17.210779832851532,12
fault,272,fault_0010,4,2022-07-17 10:52:21.418,0.4,1,2,original,True,327.78597874294985,17.210779832851532,12
fault,273,fault_0010,5,2022-07-17 10:52:21.518,0.5,1,2,original,True,323.86234242331255,17.210779832851532,12
fault,274,fault_0010,6,2022-07-17 10:52:21.618,0.6,1,2,original,True,259.0434171173286,17.210779832851532,12
fault,275,fault_0010,7,2022-07-17 10:52:21.718,0.7,1,2,original,True,334.896939587067,17.210779832851532,12
fault,276,fault_0011,0,2022-07-17 10:52:29.326,0.0,1,2,original,False,,17.210779832851532,3
fault,277,fault_0011,1,2022-07-17 10:52:29.426,0.1,1,2,original,False,,17.210779832851532,6
fault,278,fault_0011,2,2022-07-17 10:52:29.526,0.2,1,2,original,False,,17.210779832851532,9
fault,279,fault_0011,3,2022-07-17 10:52:29.626,0.3,1,2,original,True,444.518436308732,17.210779832851532,12
fault,280,fault_0012,0,2022-07-17 10:52:38.172,0.0,1,2,original,False,,17.210779832851532,3
fault,281,fault_0012,1,2022-07-17 10:52:38.272,0.1,1,2,original,False,,17.210779832851532,6
fault,282,fault_0012,2,2022-07-17 10:52:38.372,0.2,1,2,original,False,,17.210779832851532,9
fault,283,fault_0012,3,2022-07-17 10:52:38.472,0.3,1,2,original,True,285.3298772890837,17.210779832851532,12
fault,284,fault_0012,4,2022-07-17 10:52:38.572,0.4,1,2,original,True,184.92211245983037,17.210779832851532,12
fault,285,fault_0012,5,2022-07-17 10:52:38.672,0.5,1,2,original,True,224.836397283854,17.210779832851532,12
fault,286,fault_0012,6,2022-07-17 10:52:38.772,0.6,1,2,original,True,299.1180701023062,17.210779832851532,12
fault,287,fault_0012,7,2022-07-17 10:52:38.872,0.7,1,2,original,True,302.2572038151163,17.210779832851532,12
fault,288,fault_0012,8,2022-07-17 10:52:38.972,0.8,1,2,original,True,121.33402101780425,17.210779832851532,12
fault,289,fault_0012,9,2022-07-17 10:52:39.072,0.9,1,2,original,True,78.98115734098845,17.210779832851532,12
fault,290,fault_0012,10,2022-07-17 10:52:39.172,1.0,1,2,original,True,83.86193934202407,17.210779832851532,12
fault,291,fault_0012,11,2022-07-17 10:52:39.272,1.1,1,2,original,True,97.03223182230097,17.210779832851532,12
fault,292,fault_0012,12,2022-07-17 10:52:39.372,1.2,1,2,original,True,110.69743641252916,17.210779832851532,12
fault,293,fault_0012,13,2022-07-17 10:52:39.472,1.3,1,2,original,True,55.68264492923163,17.210779832851532,12
fault,294,fault_0012,14,2022-07-17 10:52:39.572,1.4,1,2,original,True,92.11024002458518,17.210779832851532,12
fault,295,fault_0012,15,2022-07-17 10:52:39.672,1.5,1,2,original,True,126.34416661342364,17.210779832851532,12
fault,296,fault_0012,16,2022-07-17 10:52:39.772,1.6,1,2,original,True,113.74909982596793,17.210779832851532,12
fault,297,fault_0012,17,2022-07-17 10:52:39.872,1.7,1,2,original,True,76.96396579173735,17.210779832851532,12
fault,298,fault_0012,18,2022-07-17 10:52:39.972,1.8,1,2,original,True,201.41202872614215,17.210779832851532,12
fault,299,fault_0012,19,2022-07-17 10:52:40.072,1.9,1,2,original,True,298.6347380443271,17.210779832851532,12
fault,300,fault_0012,20,2022-07-17 10:52:40.172,2.0,1,2,original,True,341.2157576148772,17.210779832851532,12
fault,301,fault_0012,21,2022-07-17 10:52:40.272,2.1,1,2,original,True,357.4118399830199,17.210779832851532,12
fault,302,fault_0012,22,2022-07-17 10:52:40.372,2.2,1,2,original,True,192.3463478917459,17.210779832851532,12
fault,303,fault_0012,23,2022-07-17 10:52:40.472,2.3,1,2,original,True,116.39343791830562,17.210779832851532,12
fault,304,fault_0012,24,2022-07-17 10:52:40.572,2.4,1,2,original,True,91.61113903009002,17.210779832851532,12
fault,305,fault_0012,25,2022-07-17 10:52:40.672,2.5,1,2,original,True,121.62564936614277,17.210779832851532,12
fault,306,fault_0012,26,2022-07-17 10:52:40.772,2.6,1,2,original,True,178.62266324924198,17.210779832851532,12
fault,307,fault_0012,27,2022-07-17 10:52:40.872,2.7,1,2,original,True,261.8918101838896,17.210779832851532,12
fault,308,fault_0012,28,2022-07-17 10:52:40.972,2.8,1,2,original,True,286.0404504674959,17.210779832851532,12
fault,309,fault_0012,29,2022-07-17 10:52:41.072,2.9,1,2,original,True,260.45352570868545,17.210779832851532,12
fault,310,fault_0012,30,2022-07-17 10:52:41.172,3.0,1,2,original,True,65.43704358935878,17.210779832851532,12
fault,311,fault_0012,31,2022-07-17 10:52:41.272,3.1,1,2,original,True,79.8587576150978,17.210779832851532,12
fault,312,fault_0012,32,2022-07-17 10:52:41.372,3.2,1,2,original,True,105.97300814794521,17.210779832851532,12
fault,313,fault_0012,33,2022-07-17 10:52:41.472,3.3,1,2,original,True,250.3168015312093,17.210779832851532,12
fault,314,fault_0012,34,2022-07-17 10:52:41.572,3.4,1,2,original,True,187.88079758544535,17.210779832851532,12
fault,315,fault_0012,35,2022-07-17 10:52:41.672,3.5,1,2,original,True,422.36361258438905,17.210779832851532,12
fault,316,fault_0012,36,2022-07-17 10:52:41.772,3.6,1,2,original,True,351.60363532722306,17.210779832851532,12
fault,317,fault_0012,37,2022-07-17 10:52:41.872,3.7,1,2,original,True,250.08328434665347,17.210779832851532,12
fault,318,fault_0012,38,2022-07-17 10:52:41.972,3.8,1,2,original,True,196.45051084713725,17.210779832851532,12
fault,319,fault_0012,39,2022-07-17 10:52:42.072,3.9,1,2,original,True,83.83829802464531,17.210779832851532,12
fault,320,fault_0012,40,2022-07-17 10:52:42.172,4.0,1,2,original,True,58.488190585775705,17.210779832851532,12
fault,321,fault_0012,41,2022-07-17 10:52:42.272,4.1,1,2,original,True,87.63730421260273,17.210779832851532,12
fault,322,fault_0012,42,2022-07-17 10:52:42.372,4.2,1,2,original,True,94.1351590775993,17.210779832851532,12
fault,323,fault_0012,43,2022-07-17 10:52:42.472,4.3,1,2,original,True,219.16862079694386,17.210779832851532,12
fault,324,fault_0012,44,2022-07-17 10:52:42.572,4.4,1,2,original,True,320.6400756046825,17.210779832851532,12
fault,325,fault_0012,45,2022-07-17 10:52:42.672,4.5,1,2,original,True,439.1950441172379,17.210779832851532,12
fault,326,fault_0012,46,2022-07-17 10:52:42.772,4.6,1,2,original,True,491.1952741258617,17.210779832851532,12
fault,327,fault_0012,47,2022-07-17 10:52:42.872,4.7,1,2,original,True,653.0102934213326,17.210779832851532,12
fault,328,fault_0012,48,2022-07-17 10:52:42.972,4.8,1,2,original,True,409.30255027374153,17.210779832851532,12
fault,329,fault_0012,49,2022-07-17 10:52:43.072,4.9,1,2,original,True,388.8865164367573,17.210779832851532,12
fault,330,fault_0013,0,2022-07-17 10:52:45.655,0.0,1,2,original,False,,17.210779832851532,3
fault,331,fault_0013,1,2022-07-17 10:52:45.755,0.1,1,2,original,False,,17.210779832851532,6
fault,332,fault_0013,2,2022-07-17 10:52:45.855,0.2,1,2,original,False,,17.210779832851532,9
fault,333,fault_0013,3,2022-07-17 10:52:45.955,0.3,1,2,original,True,834.0790542656563,17.210779832851532,12
fault,334,fault_0013,4,2022-07-17 10:52:46.055,0.4,1,2,original,True,1020.3118919959429,17.210779832851532,12
fault,335,fault_0013,5,2022-07-17 10:52:46.155,0.5,1,2,original,True,1003.6696451584655,17.210779832851532,12
fault,336,fault_0013,6,2022-07-17 10:52:46.255,0.6,1,2,original,True,680.1245730219822,17.210779832851532,12
fault,337,fault_0013,7,2022-07-17 10:52:46.355,0.7,1,2,original,True,699.8909535859443,17.210779832851532,12
fault,338,fault_0013,8,2022-07-17 10:52:46.455,0.8,1,2,original,True,714.9795103801047,17.210779832851532,12
fault,339,fault_0013,9,2022-07-17 10:52:46.555,0.9,1,2,original,True,740.4484970193289,17.210779832851532,12
fault,340,fault_0013,10,2022-07-17 10:52:46.655,1.0,1,2,original,True,617.0306863527821,17.210779832851532,12
fault,341,fault_0013,11,2022-07-17 10:52:46.755,1.1,1,2,original,True,592.9914361535675,17.210779832851532,12
fault,342,fault_0013,12,2022-07-17 10:52:46.855,1.2,1,2,original,True,496.8101424385444,17.210779832851532,12
fault,343,fault_0013,13,2022-07-17 10:52:46.955,1.3,1,2,original,True,539.7698492201612,17.210779832851532,12
fault,344,fault_0013,14,2022-07-17 10:52:47.055,1.4,1,2,original,True,420.5940754107357,17.210779832851532,12
fault,345,fault_0013,15,2022-07-17 10:52:47.155,1.5,1,2,original,True,28.783035635124737,17.210779832851532,12
fault,346,fault_0013,16,2022-07-17 10:52:47.255,1.6,1,2,original,True,40.755386952133726,17.210779832851532,12
fault,347,fault_0013,17,2022-07-17 10:52:47.355,1.7,1,2,original,True,37.09850641899542,17.210779832851532,12
fault,348,fault_0013,18,2022-07-17 10:52:47.455,1.8,1,2,original,True,74.09520320571278,17.210779832851532,12
fault,349,fault_0013,19,2022-07-17 10:52:47.555,1.9,1,2,original,True,126.9599219756616,17.210779832851532,12
fault,350,fault_0013,20,2022-07-17 10:52:47.655,2.0,1,2,original,True,141.26935354675004,17.210779832851532,12
fault,351,fault_0013,21,2022-07-17 10:52:47.755,2.1,1,2,original,True,129.88095684951773,17.210779832851532,12
fault,352,fault_0013,22,2022-07-17 10:52:47.855,2.2,1,2,original,True,116.06914899561332,17.210779832851532,12
fault,353,fault_0013,23,2022-07-17 10:52:47.955,2.3,1,2,original,True,363.83719946794,17.210779832851532,12
fault,354,fault_0013,24,2022-07-17 10:52:48.055,2.4,1,2,original,True,328.20630597940203,17.210779832851532,12
fault,355,fault_0013,25,2022-07-17 10:52:48.155,2.5,1,2,original,True,265.57827317998175,17.210779832851532,12
fault,356,fault_0013,26,2022-07-17 10:52:48.255,2.6,1,2,original,True,77.81732457717641,17.210779832851532,12
fault,357,fault_0013,27,2022-07-17 10:52:48.355,2.7,1,2,original,True,142.7672281471413,17.210779832851532,12
fault,358,fault_0013,28,2022-07-17 10:52:48.455,2.8,1,2,original,True,150.37184195366729,17.210779832851532,12
fault,359,fault_0013,29,2022-07-17 10:52:48.555,2.9,1,2,original,True,90.64214281726625,17.210779832851532,12
fault,360,fault_0013,30,2022-07-17 10:52:48.655,3.0,1,2,original,True,34.89423984991254,17.210779832851532,12
fault,361,fault_0013,31,2022-07-17 10:52:48.755,3.1,1,2,original,True,80.15076428532478,17.210779832851532,12
fault,362,fault_0013,32,2022-07-17 10:52:48.855,3.2,1,2,original,True,39.438526261669814,17.210779832851532,12
fault,363,fault_0013,33,2022-07-17 10:52:48.955,3.3,1,2,original,True,69.02983955689524,17.210779832851532,12
fault,364,fault_0013,34,2022-07-17 10:52:49.055,3.4,1,2,original,True,103.03267741325824,17.210779832851532,12
fault,365,fault_0013,35,2022-07-17 10:52:49.155,3.5,1,2,original,True,99.32565474740589,17.210779832851532,12
fault,366,fault_0013,36,2022-07-17 10:52:49.255,3.6,1,2,original,True,59.59767508842172,17.210779832851532,12
fault,367,fault_0013,37,2022-07-17 10:52:49.355,3.7,1,2,original,True,61.46955550537828,17.210779832851532,12
fault,368,fault_0013,38,2022-07-17 10:52:49.455,3.8,1,2,original,True,124.93463786648599,17.210779832851532,12
fault,369,fault_0013,39,2022-07-17 10:52:49.555,3.9,1,2,original,True,126.79642168701989,17.210779832851532,12
fault,370,fault_0013,40,2022-07-17 10:52:49.655,4.0,1,2,original,True,120.95240545471974,17.210779832851532,12
fault,371,fault_0013,41,2022-07-17 10:52:49.755,4.1,1,2,original,True,61.79744050895837,17.210779832851532,12
fault,372,fault_0014,0,2022-07-17 10:52:53.769,0.0,1,2,original,False,,17.210779832851532,3
fault,373,fault_0014,1,2022-07-17 10:52:53.869,0.1,1,2,original,False,,17.210779832851532,6
fault,374,fault_0014,2,2022-07-17 10:52:53.969,0.2,1,2,original,False,,17.210779832851532,9
fault,375,fault_0014,3,2022-07-17 10:52:54.069,0.3,1,2,original,True,827.8275698344161,17.210779832851532,12
fault,376,fault_0014,4,2022-07-17 10:52:54.169,0.4,1,2,original,True,1200.7100972503802,17.210779832851532,12
fault,377,fault_0014,5,2022-07-17 10:52:54.269,0.5,1,2,original,True,1090.5048943054696,17.210779832851532,12
fault,378,fault_0014,6,2022-07-17 10:52:54.369,0.6,1,2,original,True,1171.9859568166887,17.210779832851532,12
fault,379,fault_0014,7,2022-07-17 10:52:54.469,0.7,1,2,original,True,840.440612745008,17.210779832851532,12
fault,380,fault_0014,8,2022-07-17 10:52:54.569,0.8,1,2,original,True,536.9416090732254,17.210779832851532,12
fault,381,fault_0014,9,2022-07-17 10:52:54.669,0.9,1,2,original,True,575.8104581364905,17.210779832851532,12
fault,382,fault_0014,10,2022-07-17 10:52:54.769,1.0,1,2,original,True,793.4032014423854,17.210779832851532,12
fault,383,fault_0014,11,2022-07-17 10:52:54.869,1.1,1,2,original,True,883.291039216298,17.210779832851532,12
fault,384,fault_0014,12,2022-07-17 10:52:54.969,1.2,1,2,original,True,668.8924968254976,17.210779832851532,12
fault,385,fault_0014,13,2022-07-17 10:52:55.069,1.3,1,2,original,True,167.8944064636426,17.210779832851532,12
fault,386,fault_0014,14,2022-07-17 10:52:55.169,1.4,1,2,original,True,464.600853757017,17.210779832851532,12
fault,387,fault_0014,15,2022-07-17 10:52:55.269,1.5,1,2,original,True,598.4483335759664,17.210779832851532,12
fault,388,fault_0014,16,2022-07-17 10:52:55.369,1.6,1,2,original,True,592.5804304005138,17.210779832851532,12
fault,389,fault_0014,17,2022-07-17 10:52:55.469,1.7,1,2,original,True,460.326745312142,17.210779832851532,12
fault,390,fault_0014,18,2022-07-17 10:52:55.569,1.8,1,2,original,True,385.82263356615414,17.210779832851532,12
fault,391,fault_0014,19,2022-07-17 10:52:55.669,1.9,1,2,original,True,329.13122875743073,17.210779832851532,12
fault,392,fault_0014,20,2022-07-17 10:52:55.769,2.0,1,2,original,True,390.42688828314834,17.210779832851532,12
fault,393,fault_0014,21,2022-07-17 10:52:55.869,2.1,1,2,original,True,381.4404140614925,17.210779832851532,12
fault,394,fault_0014,22,2022-07-17 10:52:55.969,2.2,1,2,original,True,377.1175629174558,17.210779832851532,12
fault,395,fault_0014,23,2022-07-17 10:52:56.069,2.3,1,2,original,True,443.89446874521263,17.210779832851532,12
fault,396,fault_0014,24,2022-07-17 10:52:56.169,2.4,1,2,original,True,534.6459139209919,17.210779832851532,12
fault,397,fault_0014,25,2022-07-17 10:52:56.269,2.5,1,2,original,True,497.69068256606806,17.210779832851532,12
fault,398,fault_0014,26,2022-07-17 10:52:56.369,2.6,1,2,original,True,501.1446405523863,17.210779832851532,12
fault,399,fault_0014,27,2022-07-17 10:52:56.469,2.7,1,2,original,True,333.4913467634829,17.210779832851532,12
fault,400,fault_0015,0,2022-07-17 10:53:01.909,0.0,1,2,original,False,,17.210779832851532,3
fault,401,fault_0015,1,2022-07-17 10:53:02.009,0.1,1,2,original,False,,17.210779832851532,6
fault,402,fault_0015,2,2022-07-17 10:53:02.109,0.2,1,2,original,False,,17.210779832851532,9
fault,403,fault_0015,3,2022-07-17 10:53:02.209,0.3,1,2,original,True,254.0554891952201,17.210779832851532,12
fault,404,fault_0015,4,2022-07-17 10:53:02.309,0.4,1,2,original,True,346.1970008791055,17.210779832851532,12
fault,405,fault_0015,5,2022-07-17 10:53:02.409,0.5,1,2,original,True,379.69096860085136,17.210779832851532,12
fault,406,fault_0015,6,2022-07-17 10:53:02.509,0.6,1,2,original,True,232.37995176205823,17.210779832851532,12
fault,407,fault_0015,7,2022-07-17 10:53:02.609,0.7,1,2,original,True,206.00858932885413,17.210779832851532,12
fault,408,fault_0015,8,2022-07-17 10:53:02.709,0.8,1,2,original,True,138.86242206381343,17.210779832851532,12
fault,409,fault_0015,9,2022-07-17 10:53:02.809,0.9,1,2,original,True,88.11293374659937,17.210779832851532,12
fault,410,fault_0015,10,2022-07-17 10:53:02.909,1.0,1,2,original,True,63.696457877450165,17.210779832851532,12
fault,411,fault_0015,11,2022-07-17 10:53:03.009,1.1,1,2,original,True,60.78033181407764,17.210779832851532,12
fault,412,fault_0015,12,2022-07-17 10:53:03.109,1.2,1,2,original,True,71.7362277746478,17.210779832851532,12
fault,413,fault_0015,13,2022-07-17 10:53:03.209,1.3,1,2,original,True,125.66273123761428,17.210779832851532,12
fault,414,fault_0015,14,2022-07-17 10:53:03.309,1.4,1,2,original,True,122.6003047922928,17.210779832851532,12
fault,415,fault_0016,0,2022-07-17 10:53:11.764,0.0,1,2,original,False,,17.210779832851532,3
fault,416,fault_0016,1,2022-07-17 10:53:11.864,0.1,1,2,original,False,,17.210779832851532,6
fault,417,fault_0016,2,2022-07-17 10:53:11.964,0.2,1,2,original,False,,17.210779832851532,9
fault,418,fault_0016,3,2022-07-17 10:53:12.064,0.3,1,2,original,True,146.1053670519977,17.210779832851532,12
fault,419,fault_0016,4,2022-07-17 10:53:12.164,0.4,1,2,original,True,72.43413454587764,17.210779832851532,12
fault,420,fault_0016,5,2022-07-17 10:53:12.264,0.5,1,2,original,True,122.7065390124778,17.210779832851532,12
fault,421,fault_0016,6,2022-07-17 10:53:12.364,0.6,1,2,original,True,70.8238573754367,17.210779832851532,12
fault,422,fault_0016,7,2022-07-17 10:53:12.464,0.7,1,2,original,True,137.2815032850132,17.210779832851532,12
fault,423,fault_0016,8,2022-07-17 10:53:12.564,0.8,1,2,original,True,44.26756912955695,17.210779832851532,12
fault,424,fault_0016,9,2022-07-17 10:53:12.664,0.9,1,2,original,True,17.540725225751476,17.210779832851532,12
fault,425,fault_0016,10,2022-07-17 10:53:12.764,1.0,1,2,original,True,32.590938597159195,17.210779832851532,12
fault,426,fault_0016,11,2022-07-17 10:53:12.864,1.1,1,2,original,True,83.73542125110427,17.210779832851532,12
fault,427,fault_0016,12,2022-07-17 10:53:12.964,1.2,1,2,original,True,92.46983212200931,17.210779832851532,12
fault,428,fault_0016,13,2022-07-17 10:53:13.064,1.3,1,2,original,True,116.59981023511152,17.210779832851532,12
fault,429,fault_0016,14,2022-07-17 10:53:13.164,1.4,1,2,original,True,36.80148037456041,17.210779832851532,12
fault,430,fault_0016,15,2022-07-17 10:53:13.264,1.5,1,2,original,True,32.92814209157424,17.210779832851532,12
fault,431,fault_0016,16,2022-07-17 10:53:13.364,1.6,1,2,original,True,31.202068201230077,17.210779832851532,12
fault,432,fault_0016,17,2022-07-17 10:53:13.464,1.7,1,2,original,True,32.944899540323505,17.210779832851532,12
fault,433,fault_0016,18,2022-07-17 10:53:13.564,1.8,1,2,original,True,23.28331027235929,17.210779832851532,12
fault,434,fault_0016,19,2022-07-17 10:53:13.664,1.9,1,2,original,True,103.47015549223744,17.210779832851532,12
fault,435,fault_0016,20,2022-07-17 10:53:13.764,2.0,1,2,original,True,299.24716465129904,17.210779832851532,12
fault,436,fault_0016,21,2022-07-17 10:53:13.864,2.1,1,2,original,True,289.79551142967995,17.210779832851532,12
fault,437,fault_0016,22,2022-07-17 10:53:13.964,2.2,1,2,original,True,204.1606218029256,17.210779832851532,12
fault,438,fault_0016,23,2022-07-17 10:53:14.064,2.3,1,2,original,True,287.19493676096096,17.210779832851532,12
fault,439,fault_0016,24,2022-07-17 10:53:14.164,2.4,1,2,original,True,222.11175351102784,17.210779832851532,12
fault,440,fault_0016,25,2022-07-17 10:53:14.264,2.5,1,2,original,True,160.85567097040345,17.210779832851532,12
fault,441,fault_0016,26,2022-07-17 10:53:14.364,2.6,1,2,original,True,82.62864130632825,17.210779832851532,12
fault,442,fault_0016,27,2022-07-17 10:53:14.464,2.7,1,2,original,True,65.73508802532369,17.210779832851532,12
fault,443,fault_0016,28,2022-07-17 10:53:14.564,2.8,1,2,original,True,36.090149689707346,17.210779832851532,12
fault,444,fault_0016,29,2022-07-17 10:53:14.664,2.9,1,2,original,True,35.12287641892195,17.210779832851532,12
fault,445,fault_0016,30,2022-07-17 10:53:14.764,3.0,1,2,original,True,45.626744767210944,17.210779832851532,12
fault,446,fault_0016,31,2022-07-17 10:53:14.864,3.1,1,2,original,True,214.94901944686066,17.210779832851532,12
fault,447,fault_0016,32,2022-07-17 10:53:14.964,3.2,1,2,original,True,1083.9754583395172,17.210779832851532,12
fault,448,fault_0016,33,2022-07-17 10:53:15.064,3.3,1,2,original,True,1132.8425524755264,17.210779832851532,12
fault,449,fault_0016,34,2022-07-17 10:53:15.164,3.4,1,2,original,True,651.756419858203,17.210779832851532,12
fault,450,fault_0016,35,2022-07-17 10:53:15.264,3.5,1,2,original,True,581.2964587646184,17.210779832851532,12
fault,451,fault_0016,36,2022-07-17 10:53:15.364,3.6,1,2,original,True,807.155137329062,17.210779832851532,12
fault,452,fault_0016,37,2022-07-17 10:53:15.464,3.7,1,2,original,True,781.0468804121772,17.210779832851532,12
fault,453,fault_0016,38,2022-07-17 10:53:15.564,3.8,1,2,original,True,551.2213023649279,17.210779832851532,12
fault,454,fault_0016,39,2022-07-17 10:53:15.664,3.9,1,2,original,True,312.2580955406451,17.210779832851532,12
fault,455,fault_0016,40,2022-07-17 10:53:15.764,4.0,1,2,original,True,296.93993617756274,17.210779832851532,12
fault,456,fault_0016,41,2022-07-17 10:53:15.864,4.1,1,2,original,True,226.9763157759147,17.210779832851532,12
fault,457,fault_0016,42,2022-07-17 10:53:15.964,4.2,1,2,original,True,435.52512056062704,17.210779832851532,12
fault,458,fault_0016,43,2022-07-17 10:53:16.064,4.3,1,2,original,True,381.5856201015185,17.210779832851532,12
fault,459,fault_0016,44,2022-07-17 10:53:16.164,4.4,1,2,original,True,271.5641480582625,17.210779832851532,12
fault,460,fault_0016,45,2022-07-17 10:53:16.264,4.5,1,2,original,True,600.8868375140555,17.210779832851532,12
fault,461,fault_0016,46,2022-07-17 10:53:16.364,4.6,1,2,original,True,384.64984712959,17.210779832851532,12
fault,462,fault_0016,47,2022-07-17 10:53:16.464,4.7,1,2,original,True,359.35613975243183,17.210779832851532,12
fault,463,fault_0016,48,2022-07-17 10:53:16.564,4.8,1,2,original,True,348.1876169838554,17.210779832851532,12
fault,464,fault_0016,49,2022-07-17 10:53:16.664,4.9,1,2,original,True,236.1045676519649,17.210779832851532,12
fault,465,fault_0017,0,2022-07-17 10:53:18.444,0.0,1,2,original,False,,17.210779832851532,3
fault,466,fault_0017,1,2022-07-17 10:53:18.544,0.1,1,2,original,False,,17.210779832851532,6
fault,467,fault_0017,2,2022-07-17 10:53:18.644,0.2,1,2,original,False,,17.210779832851532,9
fault,468,fault_0017,3,2022-07-17 10:53:18.744,0.3,1,2,original,True,473.1069912650764,17.210779832851532,12
fault,469,fault_0017,4,2022-07-17 10:53:18.844,0.4,1,2,original,True,211.03705479663716,17.210779832851532,12
fault,470,fault_0017,5,2022-07-17 10:53:18.944,0.5,1,2,original,True,247.4987787386835,17.210779832851532,12
fault,471,fault_0017,6,2022-07-17 10:53:19.044,0.6,1,2,original,True,252.92442605946312,17.210779832851532,12
fault,472,fault_0017,7,2022-07-17 10:53:19.144,0.7,1,2,original,True,242.20640187432116,17.210779832851532,12
fault,473,fault_0017,8,2022-07-17 10:53:19.244,0.8,1,2,original,True,223.15533793436845,17.210779832851532,12
fault,474,fault_0017,9,2022-07-17 10:53:19.344,0.9,1,2,original,True,109.91692343907309,17.210779832851532,12
fault,475,fault_0017,10,2022-07-17 10:53:19.444,1.0,1,2,original,True,44.872111166814534,17.210779832851532,12
fault,476,fault_0017,11,2022-07-17 10:53:19.544,1.1,1,2,original,True,105.80741397264927,17.210779832851532,12
fault,477,fault_0017,12,2022-07-17 10:53:19.644,1.2,1,2,original,True,113.37444450193675,17.210779832851532,12
fault,478,fault_0017,13,2022-07-17 10:53:19.744,1.3,1,2,original,True,219.3538082143902,17.210779832851532,12
fault,479,fault_0017,14,2022-07-17 10:53:19.844,1.4,1,2,original,True,580.0288460064266,17.210779832851532,12
fault,480,fault_0017,15,2022-07-17 10:53:19.944,1.5,1,2,original,True,645.9922107985134,17.210779832851532,12
fault,481,fault_0017,16,2022-07-17 10:53:20.044,1.6,1,2,original,True,54.89274986146843,17.210779832851532,12
fault,482,fault_0017,17,2022-07-17 10:53:20.144,1.7,1,2,original,True,100.2102560175597,17.210779832851532,12
fault,483,fault_0017,18,2022-07-17 10:53:20.244,1.8,1,2,original,True,148.5304335538917,17.210779832851532,12
fault,484,fault_0017,19,2022-07-17 10:53:20.344,1.9,1,2,original,True,190.49299014224854,17.210779832851532,12
fault,485,fault_0017,20,2022-07-17 10:53:20.444,2.0,1,2,original,False,13.69542083830839,17.210779832851532,12
fault,486,fault_0017,21,2022-07-17 10:53:20.544,2.1,1,2,original,True,19.09313226225429,17.210779832851532,12
fault,487,fault_0017,22,2022-07-17 10:53:20.644,2.2,1,2,original,True,63.68890707634134,17.210779832851532,12
fault,488,fault_0017,23,2022-07-17 10:53:20.744,2.3,1,2,original,True,50.250711149296954,17.210779832851532,12
fault,489,fault_0017,24,2022-07-17 10:53:20.844,2.4,1,2,original,True,53.719590045872856,17.210779832851532,12
fault,490,fault_0017,25,2022-07-17 10:53:20.944,2.5,1,2,original,True,96.62769730018427,17.210779832851532,12
fault,491,fault_0017,26,2022-07-17 10:53:21.044,2.6,1,2,original,True,45.77795305174527,17.210779832851532,12
fault,492,fault_0017,27,2022-07-17 10:53:21.144,2.7,1,2,original,True,29.16371281912244,17.210779832851532,12
fault,493,fault_0017,28,2022-07-17 10:53:21.244,2.8,1,2,original,True,58.80490030809132,17.210779832851532,12
fault,494,fault_0017,29,2022-07-17 10:53:21.344,2.9,1,2,original,True,63.69707319088956,17.210779832851532,12
fault,495,fault_0017,30,2022-07-17 10:53:21.444,3.0,1,2,original,True,19.07108375439956,17.210779832851532,12
fault,496,fault_0017,31,2022-07-17 10:53:21.544,3.1,1,2,original,True,22.254749824683792,17.210779832851532,12
fault,497,fault_0017,32,2022-07-17 10:53:21.644,3.2,1,2,original,False,8.223295608923186,17.210779832851532,12
fault,498,fault_0017,33,2022-07-17 10:53:21.744,3.3,1,2,original,True,314.0114355448605,17.210779832851532,12
fault,499,fault_0017,34,2022-07-17 10:53:21.844,3.4,1,2,original,True,233.65536452508448,17.210779832851532,12
fault,500,fault_0017,35,2022-07-17 10:53:21.944,3.5,1,2,original,True,162.15034343331322,17.210779832851532,12
fault,501,fault_0017,36,2022-07-17 10:53:22.044,3.6,1,2,original,True,72.08545281763686,17.210779832851532,12
fault,502,fault_0017,37,2022-07-17 10:53:22.144,3.7,1,2,original,True,421.1516176437056,17.210779832851532,12
fault,503,fault_0017,38,2022-07-17 10:53:22.244,3.8,1,2,original,True,204.80902241561756,17.210779832851532,12
fault,504,fault_0017,39,2022-07-17 10:53:22.344,3.9,1,2,original,True,274.56715159908634,17.210779832851532,12
fault,505,fault_0017,40,2022-07-17 10:53:22.444,4.0,1,2,original,True,599.7513451964775,17.210779832851532,12
fault,506,fault_0017,41,2022-07-17 10:53:22.544,4.1,1,2,original,True,605.4901177160546,17.210779832851532,12
fault,507,fault_0017,42,2022-07-17 10:53:22.644,4.2,1,2,original,True,332.65011983381964,17.210779832851532,12
fault,508,fault_0017,43,2022-07-17 10:53:22.744,4.3,1,2,original,True,1273.435994607506,17.210779832851532,12
fault,509,fault_0017,44,2022-07-17 10:53:22.844,4.4,1,2,original,True,744.3575276867666,17.210779832851532,12
fault,510,fault_0017,45,2022-07-17 10:53:22.944,4.5,1,2,original,True,519.1538029918788,17.210779832851532,12
fault,511,fault_0017,46,2022-07-17 10:53:23.044,4.6,1,2,original,True,226.99194515030743,17.210779832851532,12
fault,512,fault_0017,47,2022-07-17 10:53:23.144,4.7,1,2,original,True,354.12501958559835,17.210779832851532,12
fault,513,fault_0017,48,2022-07-17 10:53:23.244,4.8,1,2,original,True,399.8872057200452,17.210779832851532,12
fault,514,fault_0017,49,2022-07-17 10:53:23.344,4.9,1,2,original,True,355.63862420206425,17.210779832851532,12
fault,515,fault_0018,0,2022-07-17 10:53:26.553,0.0,1,2,original,False,,17.210779832851532,3
fault,516,fault_0018,1,2022-07-17 10:53:26.653,0.1,1,2,original,False,,17.210779832851532,6
fault,517,fault_0018,2,2022-07-17 10:53:26.753,0.2,1,2,original,False,,17.210779832851532,9
fault,518,fault_0018,3,2022-07-17 10:53:26.853,0.3,1,2,original,True,448.11460550576055,17.210779832851532,12
fault,519,fault_0018,4,2022-07-17 10:53:26.953,0.4,1,2,original,True,418.99789308936965,17.210779832851532,12
fault,520,fault_0018,5,2022-07-17 10:53:27.053,0.5,1,2,original,True,364.90201321224293,17.210779832851532,12
fault,521,fault_0018,6,2022-07-17 10:53:27.153,0.6,1,2,original,True,280.9233714736467,17.210779832851532,12
fault,522,fault_0018,7,2022-07-17 10:53:27.253,0.7,1,2,original,True,352.69120129574407,17.210779832851532,12
fault,523,fault_0018,8,2022-07-17 10:53:27.353,0.8,1,2,original,True,744.8228053272778,17.210779832851532,12
fault,524,fault_0018,9,2022-07-17 10:53:27.453,0.9,1,2,original,True,761.890806635764,17.210779832851532,12
fault,525,fault_0018,10,2022-07-17 10:53:27.553,1.0,1,2,original,True,410.7404978633845,17.210779832851532,12
fault,526,fault_0018,11,2022-07-17 10:53:27.653,1.1,1,2,original,True,769.7693447217204,17.210779832851532,12
fault,527,fault_0018,12,2022-07-17 10:53:27.753,1.2,1,2,original,True,546.3088296778337,17.210779832851532,12
fault,528,fault_0018,13,2022-07-17 10:53:27.853,1.3,1,2,original,True,289.9250773018784,17.210779832851532,12
fault,529,fault_0018,14,2022-07-17 10:53:27.953,1.4,1,2,original,True,280.39259689778936,17.210779832851532,12
fault,530,fault_0018,15,2022-07-17 10:53:28.053,1.5,1,2,original,True,270.25666247366183,17.210779832851532,12
fault,531,fault_0018,16,2022-07-17 10:53:28.153,1.6,1,2,original,True,129.05355295975502,17.210779832851532,12
fault,532,fault_0018,17,2022-07-17 10:53:28.253,1.7,1,2,original,True,148.43144557264557,17.210779832851532,12
fault,533,fault_0018,18,2022-07-17 10:53:28.353,1.8,1,2,original,True,244.11758134393816,17.210779832851532,12
fault,534,fault_0018,19,2022-07-17 10:53:28.453,1.9,1,2,original,True,39.18493118445271,17.210779832851532,12
fault,535,fault_0018,20,2022-07-17 10:53:28.553,2.0,1,2,original,False,12.11448965355403,17.210779832851532,12
fault,536,fault_0018,21,2022-07-17 10:53:28.653,2.1,1,2,original,True,22.37757507098635,17.210779832851532,12
fault,537,fault_0018,22,2022-07-17 10:53:28.753,2.2,1,2,original,True,54.38770388149714,17.210779832851532,12
fault,538,fault_0018,23,2022-07-17 10:53:28.853,2.3,1,2,original,True,22.40334355738763,17.210779832851532,12
fault,539,fault_0018,24,2022-07-17 10:53:28.953,2.4,1,2,original,True,63.768031255675865,17.210779832851532,12
fault,540,fault_0018,25,2022-07-17 10:53:29.053,2.5,1,2,original,True,73.82659768649498,17.210779832851532,12
fault,541,fault_0018,26,2022-07-17 10:53:29.153,2.6,1,2,original,True,138.5638392203884,17.210779832851532,12
fault,542,fault_0018,27,2022-07-17 10:53:29.253,2.7,1,2,original,True,136.44125122799437,17.210779832851532,12
fault,543,fault_0018,28,2022-07-17 10:53:29.353,2.8,1,2,original,True,50.78800970113625,17.210779832851532,12
fault,544,fault_0018,29,2022-07-17 10:53:29.453,2.9,1,2,original,True,104.5418563483176,17.210779832851532,12
fault,545,fault_0018,30,2022-07-17 10:53:29.553,3.0,1,2,original,True,210.84484619123316,17.210779832851532,12
fault,546,fault_0018,31,2022-07-17 10:53:29.653,3.1,1,2,original,True,63.26224758473961,17.210779832851532,12
fault,547,fault_0018,32,2022-07-17 10:53:29.753,3.2,1,2,original,True,121.49611218878498,17.210779832851532,12
fault,548,fault_0018,33,2022-07-17 10:53:29.853,3.3,1,2,original,True,210.20507208214113,17.210779832851532,12
fault,549,fault_0018,34,2022-07-17 10:53:29.953,3.4,1,2,original,True,203.9349598457538,17.210779832851532,12
fault,550,fault_0018,35,2022-07-17 10:53:30.053,3.5,1,2,original,True,54.87301388613163,17.210779832851532,12
fault,551,fault_0019,0,2022-07-17 10:53:34.639,0.0,1,2,original,False,,17.210779832851532,3
fault,552,fault_0019,1,2022-07-17 10:53:34.739,0.1,1,2,original,False,,17.210779832851532,6
fault,553,fault_0019,2,2022-07-17 10:53:34.839,0.2,1,2,original,False,,17.210779832851532,9
fault,554,fault_0019,3,2022-07-17 10:53:34.939,0.3,1,2,original,True,39.839673719694375,17.210779832851532,12
fault,555,fault_0019,4,2022-07-17 10:53:35.039,0.4,1,2,original,True,83.28382624654805,17.210779832851532,12
fault,556,fault_0019,5,2022-07-17 10:53:35.139,0.5,1,2,original,True,86.77434411712257,17.210779832851532,12
fault,557,fault_0019,6,2022-07-17 10:53:35.239,0.6,1,2,original,True,155.03645011063472,17.210779832851532,12
fault,558,fault_0019,7,2022-07-17 10:53:35.339,0.7,1,2,original,True,178.8205665537352,17.210779832851532,12
fault,559,fault_0019,8,2022-07-17 10:53:35.439,0.8,1,2,original,True,207.39667213615851,17.210779832851532,12
fault,560,fault_0019,9,2022-07-17 10:53:35.539,0.9,1,2,original,True,670.3568130577909,17.210779832851532,12
fault,561,fault_0019,10,2022-07-17 10:53:35.639,1.0,1,2,original,True,660.3137460499397,17.210779832851532,12
fault,562,fault_0019,11,2022-07-17 10:53:35.739,1.1,1,2,original,True,779.4238633561973,17.210779832851532,12
fault,563,fault_0019,12,2022-07-17 10:53:35.839,1.2,1,2,original,True,974.313715519492,17.210779832851532,12
fault,564,fault_0019,13,2022-07-17 10:53:35.939,1.3,1,2,original,True,1167.3518589606833,17.210779832851532,12
fault,565,fault_0019,14,2022-07-17 10:53:36.039,1.4,1,2,original,True,1138.947312650942,17.210779832851532,12
fault,566,fault_0019,15,2022-07-17 10:53:36.139,1.5,1,2,original,True,928.4589807879968,17.210779832851532,12
fault,567,fault_0019,16,2022-07-17 10:53:36.239,1.6,1,2,original,True,873.1794274963532,17.210779832851532,12
fault,568,fault_0019,17,2022-07-17 10:53:36.339,1.7,1,2,original,True,310.30199673287325,17.210779832851532,12
fault,569,fault_0019,18,2022-07-17 10:53:36.439,1.8,1,2,original,True,306.178194854058,17.210779832851532,12
fault,570,fault_0019,19,2022-07-17 10:53:36.539,1.9,1,2,original,True,113.01694193022435,17.210779832851532,12
fault,571,fault_0019,20,2022-07-17 10:53:36.639,2.0,1,2,original,True,90.36515309322226,17.210779832851532,12
fault,572,fault_0019,21,2022-07-17 10:53:36.739,2.1,1,2,original,True,143.7462697201456,17.210779832851532,12
fault,573,fault_0019,22,2022-07-17 10:53:36.839,2.2,1,2,original,True,88.77764539683406,17.210779832851532,12
fault,574,fault_0019,23,2022-07-17 10:53:36.939,2.3,1,2,original,True,86.59568251667207,17.210779832851532,12
fault,575,fault_0020,0,2022-07-17 10:53:42.668,0.0,1,2,original,False,,17.210779832851532,3
fault,576,fault_0020,1,2022-07-17 10:53:42.768,0.1,1,2,original,False,,17.210779832851532,6
fault,577,fault_0020,2,2022-07-17 10:53:42.868,0.2,1,2,original,False,,17.210779832851532,9
fault,578,fault_0020,3,2022-07-17 10:53:42.968,0.3,1,2,original,True,272.1107142707422,17.210779832851532,12
fault,579,fault_0020,4,2022-07-17 10:53:43.068,0.4,1,2,original,True,105.80885836371866,17.210779832851532,12
fault,580,fault_0020,5,2022-07-17 10:53:43.168,0.5,1,2,original,True,81.92563479230836,17.210779832851532,12
fault,581,fault_0020,6,2022-07-17 10:53:43.268,0.6,1,2,original,True,41.18858199079746,17.210779832851532,12
fault,582,fault_0020,7,2022-07-17 10:53:43.368,0.7,1,2,original,True,220.38731298733663,17.210779832851532,12
fault,583,fault_0020,8,2022-07-17 10:53:43.468,0.8,1,2,original,True,160.83931771283926,17.210779832851532,12
fault,584,fault_0020,9,2022-07-17 10:53:43.568,0.9,1,2,original,True,145.81604777106813,17.210779832851532,12
fault,585,fault_0021,0,2022-07-17 10:53:52.140,0.0,1,2,original,False,,17.210779832851532,3
fault,586,fault_0021,1,2022-07-17 10:53:52.240,0.1,1,2,original,False,,17.210779832851532,6
fault,587,fault_0021,2,2022-07-17 10:53:52.340,0.2,1,2,original,False,,17.210779832851532,9
fault,588,fault_0021,3,2022-07-17 10:53:52.440,0.3,1,2,original,True,118.41703424326478,17.210779832851532,12
fault,589,fault_0021,4,2022-07-17 10:53:52.540,0.4,1,2,original,True,100.92481390107265,17.210779832851532,12
fault,590,fault_0021,5,2022-07-17 10:53:52.640,0.5,1,2,original,True,102.47033579476178,17.210779832851532,12
fault,591,fault_0021,6,2022-07-17 10:53:52.740,0.6,1,2,original,True,258.0221819019766,17.210779832851532,12
fault,592,fault_0021,7,2022-07-17 10:53:52.840,0.7,1,2,original,True,250.0824113711171,17.210779832851532,12
fault,593,fault_0021,8,2022-07-17 10:53:52.940,0.8,1,2,original,True,72.68772146567636,17.210779832851532,12
fault,594,fault_0021,9,2022-07-17 10:53:53.040,0.9,1,2,original,True,61.45654636402644,17.210779832851532,12
fault,595,fault_0021,10,2022-07-17 10:53:53.140,1.0,1,2,original,False,9.564895549023372,17.210779832851532,12
fault,596,fault_0021,11,2022-07-17 10:53:53.240,1.1,1,2,original,True,41.84930295503617,17.210779832851532,12
fault,597,fault_0021,12,2022-07-17 10:53:53.340,1.2,1,2,original,True,34.078341635953656,17.210779832851532,12
fault,598,fault_0021,13,2022-07-17 10:53:53.440,1.3,1,2,original,False,8.247010717465376,17.210779832851532,12
fault,599,fault_0021,14,2022-07-17 10:53:53.540,1.4,1,2,original,True,39.44429522719835,17.210779832851532,12
