source,source_row,clip_id,sample_index,timestamp,elapsed_seconds,y_true,seed,mode,pred,score,threshold,dimension
normal,15910,normal_0480,0,2022-07-12 01:00:50.060,0.0,0,1,startup,False,3.442384462726081,8.528429503027562,3
normal,15911,normal_0480,1,2022-07-12 01:00:50.160,0.1,0,1,startup,False,4.756977827881192,12.144759502448782,6
normal,15912,normal_0480,2,2022-07-12 01:00:50.260,0.2,0,1,startup,False,4.513351278761217,14.132739481471942,9
normal,15913,normal_0480,3,2022-07-12 01:00:50.360,0.3,0,1,startup,False,5.613216293897133,17.190355713905877,12
normal,15914,normal_0480,4,2022-07-12 01:00:50.460,0.4,0,1,startup,False,5.943789748076971,17.190355713905877,12
normal,15915,normal_0480,5,2022-07-12 01:00:50.560,0.5,0,1,startup,False,5.5015102054826315,17.190355713905877,12
normal,15916,normal_0480,6,2022-07-12 01:00:50.660,0.6,0,1,startup,False,5.688054096691468,17.190355713905877,12
normal,15917,normal_0480,7,2022-07-12 01:00:50.760,0.7,0,1,startup,False,6.565849669708188,17.190355713905877,12
normal,15918,normal_0480,8,2022-07-12 01:00:50.860,0.8,0,1,startup,False,6.46484966874007,17.190355713905877,12
normal,15919,normal_0480,9,2022-07-12 01:00:50.960,0.9,0,1,startup,False,7.791698630326245,17.190355713905877,12
normal,15920,normal_0480,10,2022-07-12 01:00:51.060,1.0,0,1,startup,False,9.027601108072759,17.190355713905877,12
normal,15921,normal_0480,11,2022-07-12 01:00:51.160,1.1,0,1,startup,False,8.700211290117206,17.190355713905877,12
normal,15922,normal_0480,12,2022-07-12 01:00:51.260,1.2,0,1,startup,False,4.834665798174467,17.190355713905877,12
normal,15923,normal_0480,13,2022-07-12 01:00:51.360,1.3,0,1,startup,False,5.390126510628997,17.190355713905877,12
normal,15924,normal_0480,14,2022-07-12 01:00:51.460,1.4,0,1,startup,False,6.792823251887013,17.190355713905877,12
normal,15925,normal_0480,15,2022-07-12 01:00:51.560,1.5,0,1,startup,False,7.287693124432197,17.190355713905877,12
normal,15926,normal_0480,16,2022-07-12 01:00:51.660,1.6,0,1,startup,False,8.205783624850557,17.190355713905877,12
normal,15927,normal_0480,17,2022-07-12 01:00:51.760,1.7,0,1,startup,False,7.736705032511962,17.190355713905877,12
normal,15928,normal_0480,18,2022-07-12 01:00:51.860,1.8,0,1,startup,False,7.544306233698431,17.190355713905877,12
normal,15929,normal_0480,19,2022-07-12 01:00:51.960,1.9,0,1,startup,False,5.977635167039596,17.190355713905877,12
normal,15930,normal_0480,20,2022-07-12 01:00:52.060,2.0,0,1,startup,False,7.757227825040007,17.190355713905877,12
normal,15931,normal_0480,21,2022-07-12 01:00:52.160,2.1,0,1,startup,False,7.167672850962318,17.190355713905877,12
normal,15932,normal_0480,22,2022-07-12 01:00:52.260,2.2,0,1,startup,False,4.913832214183689,17.190355713905877,12
normal,15933,normal_0480,23,2022-07-12 01:00:52.360,2.3,0,1,startup,False,4.717982418434816,17.190355713905877,12
normal,15934,normal_0480,24,2022-07-12 01:00:52.460,2.4,0,1,startup,False,5.356917518018186,17.190355713905877,12
normal,15935,normal_0480,25,2022-07-12 01:00:52.560,2.5,0,1,startup,False,4.962753294256435,17.190355713905877,12
normal,15936,normal_0480,26,2022-07-12 01:00:52.660,2.6,0,1,startup,False,6.109921678332188,17.190355713905877,12
normal,15937,normal_0480,27,2022-07-12 01:00:52.760,2.7,0,1,startup,False,6.4545655597844735,17.190355713905877,12
normal,15938,normal_0480,28,2022-07-12 01:00:52.860,2.8,0,1,startup,False,5.28306546775223,17.190355713905877,12
normal,15939,normal_0480,29,2022-07-12 01:00:52.960,2.9,0,1,startup,False,5.693395578936371,17.190355713905877,12
normal,15940,normal_0480,30,2022-07-12 01:00:53.060,3.0,0,1,startup,False,4.848669329693763,17.190355713905877,12
normal,15941,normal_0480,31,2022-07-12 01:00:53.160,3.1,0,1,startup,False,5.415762748149783,17.190355713905877,12
normal,15942,normal_0480,32,2022-07-12 01:00:53.260,3.2,0,1,startup,False,5.896180941692304,17.190355713905877,12
normal,15943,normal_0480,33,2022-07-12 01:00:53.360,3.3,0,1,startup,False,5.842824509071638,17.190355713905877,12
normal,15944,normal_0480,34,2022-07-12 01:00:53.460,3.4,0,1,startup,False,5.008549249563679,17.190355713905877,12
normal,15945,normal_0480,35,2022-07-12 01:00:53.560,3.5,0,1,startup,False,4.62952097524445,17.190355713905877,12
normal,15946,normal_0480,36,2022-07-12 01:00:53.660,3.6,0,1,startup,False,4.031698032936156,17.190355713905877,12
normal,15947,normal_0480,37,2022-07-12 01:00:53.760,3.7,0,1,startup,False,4.116026750784552,17.190355713905877,12
normal,15948,normal_0480,38,2022-07-12 01:00:53.860,3.8,0,1,startup,False,4.595701510000172,17.190355713905877,12
normal,15949,normal_0480,39,2022-07-12 01:00:53.960,3.9,0,1,startup,False,4.901224205614841,17.190355713905877,12
normal,15950,normal_0480,40,2022-07-12 01:00:54.060,4.0,0,1,startup,False,5.191354328827877,17.190355713905877,12
normal,15951,normal_0480,41,2022-07-12 01:00:54.160,4.1,0,1,startup,False,5.9759786560972525,17.190355713905877,12
normal,15952,normal_0480,42,2022-07-12 01:00:54.260,4.2,0,1,startup,False,5.980748970505724,17.190355713905877,12
normal,15953,normal_0480,43,2022-07-12 01:00:54.360,4.3,0,1,startup,False,7.818695737118173,17.190355713905877,12
normal,15954,normal_0480,44,2022-07-12 01:00:54.460,4.4,0,1,startup,False,6.278647825584924,17.190355713905877,12
normal,15955,normal_0480,45,2022-07-12 01:00:54.560,4.5,0,1,startup,False,5.837183707784183,17.190355713905877,12
normal,15956,normal_0480,46,2022-07-12 01:00:54.660,4.6,0,1,startup,False,5.341802268025485,17.190355713905877,12
normal,15957,normal_0480,47,2022-07-12 01:00:54.760,4.7,0,1,startup,False,5.272936618185766,17.190355713905877,12
normal,15958,normal_0480,48,2022-07-12 01:00:54.860,4.8,0,1,startup,False,4.795559954007816,17.190355713905877,12
normal,15959,normal_0480,49,2022-07-12 01:00:54.960,4.9,0,1,startup,False,5.8252197098035845,17.190355713905877,12
normal,15960,normal_0481,0,2022-07-12 01:00:56.832,0.0,0,1,startup,False,2.8708219181711634,8.528429503027562,3
normal,15961,normal_0481,1,2022-07-12 01:00:56.932,0.1,0,1,startup,False,4.4159357078709585,12.144759502448782,6
normal,15962,normal_0481,2,2022-07-12 01:00:57.032,0.2,0,1,startup,False,4.065053421319655,14.132739481471942,9
normal,15963,normal_0481,3,2022-07-12 01:00:57.132,0.3,0,1,startup,False,4.095279011866354,17.190355713905877,12
normal,15964,normal_0481,4,2022-07-12 01:00:57.232,0.4,0,1,startup,False,3.7189532551266913,17.190355713905877,12
normal,15965,normal_0481,5,2022-07-12 01:00:57.332,0.5,0,1,startup,False,3.945688921917707,17.190355713905877,12
normal,15966,normal_0481,6,2022-07-12 01:00:57.432,0.6,0,1,startup,False,4.902855524521917,17.190355713905877,12
normal,15967,normal_0481,7,2022-07-12 01:00:57.532,0.7,0,1,startup,False,4.47043054137095,17.190355713905877,12
normal,15968,normal_0481,8,2022-07-12 01:00:57.632,0.8,0,1,startup,False,5.866398129040556,17.190355713905877,12
normal,15969,normal_0481,9,2022-07-12 01:00:57.732,0.9,0,1,startup,False,4.469173440314832,17.190355713905877,12
normal,15970,normal_0481,10,2022-07-12 01:00:57.832,1.0,0,1,startup,False,4.106447063828931,17.190355713905877,12
normal,15971,normal_0481,11,2022-07-12 01:00:57.932,1.1,0,1,startup,False,4.0436351506459625,17.190355713905877,12
normal,15972,normal_0481,12,2022-07-12 01:00:58.032,1.2,0,1,startup,False,4.338612973788704,17.190355713905877,12
normal,15973,normal_0481,13,2022-07-12 01:00:58.132,1.3,0,1,startup,False,4.2595494519778505,17.190355713905877,12
normal,15974,normal_0481,14,2022-07-12 01:00:58.232,1.4,0,1,startup,False,5.126695259663802,17.190355713905877,12
normal,15975,normal_0481,15,2022-07-12 01:00:58.332,1.5,0,1,startup,False,5.067836296069901,17.190355713905877,12
normal,15976,normal_0481,16,2022-07-12 01:00:58.432,1.6,0,1,startup,False,6.264456103881035,17.190355713905877,12
normal,15977,normal_0481,17,2022-07-12 01:00:58.532,1.7,0,1,startup,False,5.533880515304533,17.190355713905877,12
normal,15978,normal_0481,18,2022-07-12 01:00:58.632,1.8,0,1,startup,False,4.8398641054555505,17.190355713905877,12
normal,15979,normal_0481,19,2022-07-12 01:00:58.732,1.9,0,1,startup,False,5.642070783678813,17.190355713905877,12
normal,15980,normal_0481,20,2022-07-12 01:00:58.832,2.0,0,1,startup,False,5.371004786917623,17.190355713905877,12
normal,15981,normal_0481,21,2022-07-12 01:00:58.932,2.1,0,1,startup,False,4.628533017005442,17.190355713905877,12
normal,15982,normal_0481,22,2022-07-12 01:00:59.032,2.2,0,1,startup,False,5.054647065257618,17.190355713905877,12
normal,15983,normal_0481,23,2022-07-12 01:00:59.132,2.3,0,1,startup,False,6.129871788484312,17.190355713905877,12
normal,15984,normal_0481,24,2022-07-12 01:00:59.232,2.4,0,1,startup,False,6.121900467545618,17.190355713905877,12
normal,15985,normal_0481,25,2022-07-12 01:00:59.332,2.5,0,1,startup,False,7.199298905698336,17.190355713905877,12
normal,15986,normal_0481,26,2022-07-12 01:00:59.432,2.6,0,1,startup,False,6.04449692180883,17.190355713905877,12
normal,15987,normal_0481,27,2022-07-12 01:00:59.532,2.7,0,1,startup,False,7.023702895718475,17.190355713905877,12
normal,15988,normal_0481,28,2022-07-12 01:00:59.632,2.8,0,1,startup,False,4.405793926588161,17.190355713905877,12
normal,15989,normal_0481,29,2022-07-12 01:00:59.732,2.9,0,1,startup,False,4.815937757750358,17.190355713905877,12
normal,15990,normal_0481,30,2022-07-12 01:00:59.832,3.0,0,1,startup,False,5.405217684210201,17.190355713905877,12
normal,15991,normal_0481,31,2022-07-12 01:00:59.932,3.1,0,1,startup,False,7.616218285281278,17.190355713905877,12
normal,15992,normal_0481,32,2022-07-12 01:01:00.032,3.2,0,1,startup,False,6.851732007077662,17.190355713905877,12
normal,15993,normal_0481,33,2022-07-12 01:01:00.132,3.3,0,1,startup,False,7.5915947500686825,17.190355713905877,12
normal,15994,normal_0481,34,2022-07-12 01:01:00.232,3.4,0,1,startup,False,5.2114031103142775,17.190355713905877,12
normal,15995,normal_0481,35,2022-07-12 01:01:00.332,3.5,0,1,startup,False,6.3417962745083285,17.190355713905877,12
normal,15996,normal_0481,36,2022-07-12 01:01:00.432,3.6,0,1,startup,False,8.707586296583699,17.190355713905877,12
normal,15997,normal_0481,37,2022-07-12 01:01:00.532,3.7,0,1,startup,False,6.359367901177999,17.190355713905877,12
normal,15998,normal_0481,38,2022-07-12 01:01:00.632,3.8,0,1,startup,False,7.333934778905744,17.190355713905877,12
normal,15999,normal_0481,39,2022-07-12 01:01:00.732,3.9,0,1,startup,False,6.018246674454415,17.190355713905877,12
normal,16000,normal_0481,40,2022-07-12 01:01:00.832,4.0,0,1,startup,False,7.575038453891005,17.190355713905877,12
normal,16001,normal_0481,41,2022-07-12 01:01:00.932,4.1,0,1,startup,False,7.359317066713147,17.190355713905877,12
normal,16002,normal_0481,42,2022-07-12 01:01:01.032,4.2,0,1,startup,False,10.579532669779105,17.190355713905877,12
normal,16003,normal_0481,43,2022-07-12 01:01:01.132,4.3,0,1,startup,False,7.577565153540144,17.190355713905877,12
normal,16004,normal_0481,44,2022-07-12 01:01:01.232,4.4,0,1,startup,False,8.46214479290137,17.190355713905877,12
normal,16005,normal_0481,45,2022-07-12 01:01:01.332,4.5,0,1,startup,False,6.45283616394713,17.190355713905877,12
normal,16006,normal_0481,46,2022-07-12 01:01:01.432,4.6,0,1,startup,False,6.195910813229993,17.190355713905877,12
normal,16007,normal_0481,47,2022-07-12 01:01:01.532,4.7,0,1,startup,False,8.25588454893261,17.190355713905877,12
normal,16008,normal_0481,48,2022-07-12 01:01:01.632,4.8,0,1,startup,False,7.000511064815402,17.190355713905877,12
normal,16009,normal_0481,49,2022-07-12 01:01:01.732,4.9,0,1,startup,False,6.50290792229897,17.190355713905877,12
normal,16010,normal_0482,0,2022-07-12 01:01:04.524,0.0,0,1,startup,False,2.490120968727899,8.528429503027562,3
normal,16011,normal_0482,1,2022-07-12 01:01:04.624,0.1,0,1,startup,False,4.525377535836711,12.144759502448782,6
normal,16012,normal_0482,2,2022-07-12 01:01:04.724,0.2,0,1,startup,False,4.701988866528581,14.132739481471942,9
normal,16013,normal_0482,3,2022-07-12 01:01:04.824,0.3,0,1,startup,False,4.270523498108012,17.190355713905877,12
normal,16014,normal_0482,4,2022-07-12 01:01:04.924,0.4,0,1,startup,False,4.8425490905302615,17.190355713905877,12
normal,16015,normal_0482,5,2022-07-12 01:01:05.024,0.5,0,1,startup,False,4.454801301934991,17.190355713905877,12
normal,16016,normal_0482,6,2022-07-12 01:01:05.124,0.6,0,1,startup,False,4.500214693413485,17.190355713905877,12
normal,16017,normal_0482,7,2022-07-12 01:01:05.224,0.7,0,1,startup,False,3.9983648624753676,17.190355713905877,12
normal,16018,normal_0482,8,2022-07-12 01:01:05.324,0.8,0,1,startup,False,4.168233397388007,17.190355713905877,12
normal,16019,normal_0482,9,2022-07-12 01:01:05.424,0.9,0,1,startup,False,3.9615887755342554,17.190355713905877,12
normal,16020,normal_0482,10,2022-07-12 01:01:05.524,1.0,0,1,startup,False,4.61758980592242,17.190355713905877,12
normal,16021,normal_0482,11,2022-07-12 01:01:05.624,1.1,0,1,startup,False,4.339291873652585,17.190355713905877,12
normal,16022,normal_0482,12,2022-07-12 01:01:05.724,1.2,0,1,startup,False,5.704716395073266,17.190355713905877,12
normal,16023,normal_0482,13,2022-07-12 01:01:05.824,1.3,0,1,startup,False,5.251241469792198,17.190355713905877,12
normal,16024,normal_0482,14,2022-07-12 01:01:05.924,1.4,0,1,startup,False,4.714955995037654,17.190355713905877,12
normal,16025,normal_0482,15,2022-07-12 01:01:06.024,1.5,0,1,startup,False,6.010438840702325,17.190355713905877,12
normal,16026,normal_0482,16,2022-07-12 01:01:06.124,1.6,0,1,startup,False,5.300200014330899,17.190355713905877,12
normal,16027,normal_0482,17,2022-07-12 01:01:06.224,1.7,0,1,startup,False,6.436986235693903,17.190355713905877,12
normal,16028,normal_0482,18,2022-07-12 01:01:06.324,1.8,0,1,startup,False,8.342370022569737,17.190355713905877,12
normal,16029,normal_0482,19,2022-07-12 01:01:06.424,1.9,0,1,startup,False,8.176797266742952,17.190355713905877,12
normal,16030,normal_0482,20,2022-07-12 01:01:06.524,2.0,0,1,startup,False,7.938763565572986,17.190355713905877,12
normal,16031,normal_0482,21,2022-07-12 01:01:06.624,2.1,0,1,startup,False,7.054631002294732,17.190355713905877,12
normal,16032,normal_0482,22,2022-07-12 01:01:06.724,2.2,0,1,startup,False,5.155702309241354,17.190355713905877,12
normal,16033,normal_0482,23,2022-07-12 01:01:06.824,2.3,0,1,startup,False,4.513657656880084,17.190355713905877,12
normal,16034,normal_0482,24,2022-07-12 01:01:06.924,2.4,0,1,startup,False,4.479702459293453,17.190355713905877,12
normal,16035,normal_0482,25,2022-07-12 01:01:07.024,2.5,0,1,startup,False,5.421945090834855,17.190355713905877,12
normal,16036,normal_0482,26,2022-07-12 01:01:07.124,2.6,0,1,startup,False,5.4543600488483905,17.190355713905877,12
normal,16037,normal_0482,27,2022-07-12 01:01:07.224,2.7,0,1,startup,False,6.5199753230897874,17.190355713905877,12
normal,16038,normal_0482,28,2022-07-12 01:01:07.324,2.8,0,1,startup,False,4.499057093257569,17.190355713905877,12
normal,16039,normal_0482,29,2022-07-12 01:01:07.424,2.9,0,1,startup,False,6.4031650976506675,17.190355713905877,12
normal,16040,normal_0482,30,2022-07-12 01:01:07.524,3.0,0,1,startup,False,5.802878739603751,17.190355713905877,12
normal,16041,normal_0482,31,2022-07-12 01:01:07.624,3.1,0,1,startup,False,6.0919899204048065,17.190355713905877,12
normal,16042,normal_0482,32,2022-07-12 01:01:07.724,3.2,0,1,startup,False,5.527676179128019,17.190355713905877,12
normal,16043,normal_0482,33,2022-07-12 01:01:07.824,3.3,0,1,startup,False,4.7918248418408895,17.190355713905877,12
normal,16044,normal_0482,34,2022-07-12 01:01:07.924,3.4,0,1,startup,False,5.096770764851406,17.190355713905877,12
normal,16045,normal_0482,35,2022-07-12 01:01:08.024,3.5,0,1,startup,False,8.076460281783746,17.190355713905877,12
normal,16046,normal_0482,36,2022-07-12 01:01:08.124,3.6,0,1,startup,False,8.566291206191947,17.190355713905877,12
normal,16047,normal_0482,37,2022-07-12 01:01:08.224,3.7,0,1,startup,False,8.716833247871477,17.190355713905877,12
normal,16048,normal_0482,38,2022-07-12 01:01:08.324,3.8,0,1,startup,False,10.262441112243012,17.190355713905877,12
normal,16049,normal_0482,39,2022-07-12 01:01:08.424,3.9,0,1,startup,False,5.639048256390657,17.190355713905877,12
normal,16050,normal_0482,40,2022-07-12 01:01:08.524,4.0,0,1,startup,False,6.351473513897458,17.190355713905877,12
normal,16051,normal_0483,0,2022-07-12 01:01:13.118,0.0,0,1,startup,False,2.7632972297143823,8.528429503027562,3
normal,16052,normal_0483,1,2022-07-12 01:01:13.218,0.1,0,1,startup,False,3.9366808105090163,12.144759502448782,6
normal,16053,normal_0483,2,2022-07-12 01:01:13.318,0.2,0,1,startup,False,4.4939170900228165,14.132739481471942,9
normal,16054,normal_0483,3,2022-07-12 01:01:13.418,0.3,0,1,startup,False,5.037784693047296,17.190355713905877,12
normal,16055,normal_0483,4,2022-07-12 01:01:13.518,0.4,0,1,startup,False,6.574155825232867,17.190355713905877,12
normal,16056,normal_0483,5,2022-07-12 01:01:13.618,0.5,0,1,startup,False,7.314700557149701,17.190355713905877,12
normal,16057,normal_0483,6,2022-07-12 01:01:13.718,0.6,0,1,startup,False,4.510560576456849,17.190355713905877,12
normal,16058,normal_0483,7,2022-07-12 01:01:13.818,0.7,0,1,startup,False,7.977012149939202,17.190355713905877,12
normal,16059,normal_0483,8,2022-07-12 01:01:13.918,0.8,0,1,startup,False,8.015586406666179,17.190355713905877,12
normal,16060,normal_0483,9,2022-07-12 01:01:14.018,0.9,0,1,startup,False,6.928110677068514,17.190355713905877,12
normal,16061,normal_0483,10,2022-07-12 01:01:14.118,1.0,0,1,startup,False,5.930878436797023,17.190355713905877,12
normal,16062,normal_0483,11,2022-07-12 01:01:14.218,1.1,0,1,startup,False,5.887836475504169,17.190355713905877,12
normal,16063,normal_0483,12,2022-07-12 01:01:14.318,1.2,0,1,startup,False,6.695672218844478,17.190355713905877,12
normal,16064,normal_0483,13,2022-07-12 01:01:14.418,1.3,0,1,startup,False,6.693101232824851,17.190355713905877,12
normal,16065,normal_0483,14,2022-07-12 01:01:14.518,1.4,0,1,startup,False,7.834281608947256,17.190355713905877,12
normal,16066,normal_0483,15,2022-07-12 01:01:14.618,1.5,0,1,startup,False,7.823335965231141,17.190355713905877,12
normal,16067,normal_0483,16,2022-07-12 01:01:14.718,1.6,0,1,startup,False,6.6189222983896725,17.190355713905877,12
normal,16068,normal_0483,17,2022-07-12 01:01:14.818,1.7,0,1,startup,False,3.8165997728701244,17.190355713905877,12
normal,16069,normal_0483,18,2022-07-12 01:01:14.918,1.8,0,1,startup,False,3.788636396956388,17.190355713905877,12
normal,16070,normal_0483,19,2022-07-12 01:01:15.018,1.9,0,1,startup,False,4.007189394796003,17.190355713905877,12
normal,16071,normal_0483,20,2022-07-12 01:01:15.118,2.0,0,1,startup,False,3.243690751632343,17.190355713905877,12
normal,16072,normal_0483,21,2022-07-12 01:01:15.218,2.1,0,1,startup,False,3.6305246021805804,17.190355713905877,12
normal,16073,normal_0483,22,2022-07-12 01:01:15.318,2.2,0,1,startup,False,3.5118826292401573,17.190355713905877,12
normal,16074,normal_0483,23,2022-07-12 01:01:15.418,2.3,0,1,startup,False,4.4334053986501845,17.190355713905877,12
normal,16075,normal_0483,24,2022-07-12 01:01:15.518,2.4,0,1,startup,False,5.089222680359605,17.190355713905877,12
normal,16076,normal_0483,25,2022-07-12 01:01:15.618,2.5,0,1,startup,False,2.7889537883900717,17.190355713905877,12
normal,16077,normal_0483,26,2022-07-12 01:01:15.718,2.6,0,1,startup,False,3.0854174117844186,17.190355713905877,12
normal,16078,normal_0483,27,2022-07-12 01:01:15.818,2.7,0,1,startup,False,3.0466152805013005,17.190355713905877,12
normal,16079,normal_0483,28,2022-07-12 01:01:15.918,2.8,0,1,startup,False,2.538846681377159,17.190355713905877,12
normal,16080,normal_0483,29,2022-07-12 01:01:16.018,2.9,0,1,startup,False,3.5119899016475227,17.190355713905877,12
normal,16081,normal_0483,30,2022-07-12 01:01:16.118,3.0,0,1,startup,False,3.863268273906791,17.190355713905877,12
normal,16082,normal_0483,31,2022-07-12 01:01:16.218,3.1,0,1,startup,False,3.963479550876805,17.190355713905877,12
normal,16083,normal_0483,32,2022-07-12 01:01:16.318,3.2,0,1,startup,False,5.43065287998391,17.190355713905877,12
normal,16084,normal_0483,33,2022-07-12 01:01:16.418,3.3,0,1,startup,False,4.829801050233735,17.190355713905877,12
normal,16085,normal_0483,34,2022-07-12 01:01:16.518,3.4,0,1,startup,False,4.714027280611385,17.190355713905877,12
normal,16086,normal_0483,35,2022-07-12 01:01:16.618,3.5,0,1,startup,False,4.847817066664478,17.190355713905877,12
normal,16087,normal_0483,36,2022-07-12 01:01:16.718,3.6,0,1,startup,False,4.923041979416381,17.190355713905877,12
normal,16088,normal_0483,37,2022-07-12 01:01:16.818,3.7,0,1,startup,False,4.769060768670532,17.190355713905877,12
normal,16089,normal_0483,38,2022-07-12 01:01:16.918,3.8,0,1,startup,False,4.936917134100662,17.190355713905877,12
normal,16090,normal_0483,39,2022-07-12 01:01:17.018,3.9,0,1,startup,False,3.714163544802253,17.190355713905877,12
normal,16091,normal_0483,40,2022-07-12 01:01:17.118,4.0,0,1,startup,False,6.235177632255185,17.190355713905877,12
normal,16092,normal_0483,41,2022-07-12 01:01:17.218,4.1,0,1,startup,False,5.103352137884077,17.190355713905877,12
normal,16093,normal_0483,42,2022-07-12 01:01:17.318,4.2,0,1,startup,False,3.933010312022962,17.190355713905877,12
normal,16094,normal_0483,43,2022-07-12 01:01:17.418,4.3,0,1,startup,False,4.093152335649051,17.190355713905877,12
normal,16095,normal_0483,44,2022-07-12 01:01:17.518,4.4,0,1,startup,False,3.414027038076054,17.190355713905877,12
normal,16096,normal_0483,45,2022-07-12 01:01:17.618,4.5,0,1,startup,False,3.0881863682479116,17.190355713905877,12
normal,16097,normal_0483,46,2022-07-12 01:01:17.718,4.6,0,1,startup,False,4.360083007796998,17.190355713905877,12
normal,16098,normal_0483,47,2022-07-12 01:01:17.818,4.7,0,1,startup,False,5.864076199392143,17.190355713905877,12
normal,16099,normal_0483,48,2022-07-12 01:01:17.918,4.8,0,1,startup,False,6.876478478753036,17.190355713905877,12
normal,16100,normal_0483,49,2022-07-12 01:01:18.018,4.9,0,1,startup,False,5.40124187999554,17.190355713905877,12
normal,16101,normal_0484,0,2022-07-12 01:01:20.296,0.0,0,1,startup,False,2.8564820633396724,8.528429503027562,3
normal,16102,normal_0484,1,2022-07-12 01:01:20.396,0.1,0,1,startup,False,4.952302876576306,12.144759502448782,6
normal,16103,normal_0484,2,2022-07-12 01:01:20.496,0.2,0,1,startup,False,6.164307292548057,14.132739481471942,9
normal,16104,normal_0484,3,2022-07-12 01:01:20.596,0.3,0,1,startup,False,7.103259064821751,17.190355713905877,12
normal,16105,normal_0484,4,2022-07-12 01:01:20.696,0.4,0,1,startup,False,6.032852799531383,17.190355713905877,12
normal,16106,normal_0484,5,2022-07-12 01:01:20.796,0.5,0,1,startup,False,4.671200772208766,17.190355713905877,12
normal,16107,normal_0484,6,2022-07-12 01:01:20.896,0.6,0,1,startup,False,4.48173151147787,17.190355713905877,12
normal,16108,normal_0484,7,2022-07-12 01:01:20.996,0.7,0,1,startup,False,5.344531049382109,17.190355713905877,12
normal,16109,normal_0484,8,2022-07-12 01:01:21.096,0.8,0,1,startup,False,4.434206756886467,17.190355713905877,12
normal,16110,normal_0484,9,2022-07-12 01:01:21.196,0.9,0,1,startup,False,5.788245478129879,17.190355713905877,12
normal,16111,normal_0484,10,2022-07-12 01:01:21.296,1.0,0,1,startup,False,5.987623925784999,17.190355713905877,12
normal,16112,normal_0484,11,2022-07-12 01:01:21.396,1.1,0,1,startup,False,6.625897395012711,17.190355713905877,12
normal,16113,normal_0484,12,2022-07-12 01:01:21.496,1.2,0,1,startup,False,5.523657223184769,17.190355713905877,12
normal,16114,normal_0484,13,2022-07-12 01:01:21.596,1.3,0,1,startup,False,6.5999873182057405,17.190355713905877,12
normal,16115,normal_0484,14,2022-07-12 01:01:21.696,1.4,0,1,startup,False,7.478477202659445,17.190355713905877,12
normal,16116,normal_0484,15,2022-07-12 01:01:21.796,1.5,0,1,startup,False,5.078887734588772,17.190355713905877,12
normal,16117,normal_0484,16,2022-07-12 01:01:21.896,1.6,0,1,startup,False,4.095969811180923,17.190355713905877,12
normal,16118,normal_0484,17,2022-07-12 01:01:21.996,1.7,0,1,startup,False,4.414763254046897,17.190355713905877,12
normal,16119,normal_0484,18,2022-07-12 01:01:22.096,1.8,0,1,startup,False,4.793092076111527,17.190355713905877,12
normal,16120,normal_0484,19,2022-07-12 01:01:22.196,1.9,0,1,startup,False,5.219117465819139,17.190355713905877,12
normal,16121,normal_0484,20,2022-07-12 01:01:22.296,2.0,0,1,startup,False,5.558481287561876,17.190355713905877,12
normal,16122,normal_0484,21,2022-07-12 01:01:22.396,2.1,0,1,startup,False,5.129871143432045,17.190355713905877,12
normal,16123,normal_0484,22,2022-07-12 01:01:22.496,2.2,0,1,startup,False,5.093076535627668,17.190355713905877,12
normal,16124,normal_0484,23,2022-07-12 01:01:22.596,2.3,0,1,startup,False,3.235630716119807,17.190355713905877,12
normal,16125,normal_0484,24,2022-07-12 01:01:22.696,2.4,0,1,startup,False,6.1140850100311,17.190355713905877,12
normal,16126,normal_0484,25,2022-07-12 01:01:22.796,2.5,0,1,startup,False,6.175116382155651,17.190355713905877,12
normal,16127,normal_0484,26,2022-07-12 01:01:22.896,2.6,0,1,startup,False,5.079529829159022,17.190355713905877,12
normal,16128,normal_0484,27,2022-07-12 01:01:22.996,2.7,0,1,startup,False,6.647100672106982,17.190355713905877,12
normal,16129,normal_0484,28,2022-07-12 01:01:23.096,2.8,0,1,startup,False,7.7430086144318535,17.190355713905877,12
normal,16130,normal_0484,29,2022-07-12 01:01:23.196,2.9,0,1,startup,False,6.960435407597323,17.190355713905877,12
normal,16131,normal_0484,30,2022-07-12 01:01:23.296,3.0,0,1,startup,False,7.590947190210437,17.190355713905877,12
normal,16132,normal_0484,31,2022-07-12 01:01:23.396,3.1,0,1,startup,False,9.032691113867289,17.190355713905877,12
normal,16133,normal_0484,32,2022-07-12 01:01:23.496,3.2,0,1,startup,False,7.901505879315403,17.190355713905877,12
normal,16134,normal_0484,33,2022-07-12 01:01:23.596,3.3,0,1,startup,False,5.784580854679012,17.190355713905877,12
normal,16135,normal_0484,34,2022-07-12 01:01:23.696,3.4,0,1,startup,False,5.401387704339192,17.190355713905877,12
normal,16136,normal_0484,35,2022-07-12 01:01:23.796,3.5,0,1,startup,False,8.407694869436012,17.190355713905877,12
normal,16137,normal_0484,36,2022-07-12 01:01:23.896,3.6,0,1,startup,False,8.239462919568663,17.190355713905877,12
normal,16138,normal_0484,37,2022-07-12 01:01:23.996,3.7,0,1,startup,False,8.54677166760046,17.190355713905877,12
normal,16139,normal_0484,38,2022-07-12 01:01:24.096,3.8,0,1,startup,False,8.810998054005209,17.190355713905877,12
normal,16140,normal_0484,39,2022-07-12 01:01:24.196,3.9,0,1,startup,False,8.370248129128845,17.190355713905877,12
normal,16141,normal_0484,40,2022-07-12 01:01:24.296,4.0,0,1,startup,False,7.211558954808865,17.190355713905877,12
normal,16142,normal_0484,41,2022-07-12 01:01:24.396,4.1,0,1,startup,False,8.515453045716932,17.190355713905877,12
normal,16143,normal_0484,42,2022-07-12 01:01:24.496,4.2,0,1,startup,False,8.059595621538206,17.190355713905877,12
normal,16144,normal_0484,43,2022-07-12 01:01:24.596,4.3,0,1,startup,False,7.518472886571682,17.190355713905877,12
normal,16145,normal_0485,0,2022-07-12 01:01:28.171,0.0,0,1,startup,False,2.757384888161137,8.528429503027562,3
normal,16146,normal_0485,1,2022-07-12 01:01:28.271,0.1,0,1,startup,False,5.270311400166028,12.144759502448782,6
normal,16147,normal_0485,2,2022-07-12 01:01:28.371,0.2,0,1,startup,False,7.002622125433572,14.132739481471942,9
normal,16148,normal_0485,3,2022-07-12 01:01:28.471,0.3,0,1,startup,False,7.042207984281535,17.190355713905877,12
normal,16149,normal_0485,4,2022-07-12 01:01:28.571,0.4,0,1,startup,False,4.940970886144218,17.190355713905877,12
normal,16150,normal_0485,5,2022-07-12 01:01:28.671,0.5,0,1,startup,False,6.424014492386501,17.190355713905877,12
normal,16151,normal_0485,6,2022-07-12 01:01:28.771,0.6,0,1,startup,False,6.985241191235015,17.190355713905877,12
normal,16152,normal_0485,7,2022-07-12 01:01:28.871,0.7,0,1,startup,False,5.246975442497453,17.190355713905877,12
normal,16153,normal_0485,8,2022-07-12 01:01:28.971,0.8,0,1,startup,False,4.02898156811311,17.190355713905877,12
normal,16154,normal_0485,9,2022-07-12 01:01:29.071,0.9,0,1,startup,False,5.019141210796727,17.190355713905877,12
normal,16155,normal_0485,10,2022-07-12 01:01:29.171,1.0,0,1,startup,False,5.560463292502342,17.190355713905877,12
normal,16156,normal_0485,11,2022-07-12 01:01:29.271,1.1,0,1,startup,False,5.517336927232479,17.190355713905877,12
normal,16157,normal_0485,12,2022-07-12 01:01:29.371,1.2,0,1,startup,False,5.605992486019878,17.190355713905877,12
normal,16158,normal_0485,13,2022-07-12 01:01:29.471,1.3,0,1,startup,False,7.5185783707922305,17.190355713905877,12
normal,16159,normal_0485,14,2022-07-12 01:01:29.571,1.4,0,1,startup,False,6.823561649234115,17.190355713905877,12
normal,16160,normal_0485,15,2022-07-12 01:01:29.671,1.5,0,1,startup,False,2.9509820869096894,17.190355713905877,12
normal,16161,normal_0485,16,2022-07-12 01:01:29.771,1.6,0,1,startup,False,3.278515823610597,17.190355713905877,12
normal,16162,normal_0485,17,2022-07-12 01:01:29.871,1.7,0,1,startup,False,4.228076971719974,17.190355713905877,12
normal,16163,normal_0485,18,2022-07-12 01:01:29.971,1.8,0,1,startup,False,3.2824526690655125,17.190355713905877,12
normal,16164,normal_0485,19,2022-07-12 01:01:30.071,1.9,0,1,startup,False,4.380267545368809,17.190355713905877,12
normal,16165,normal_0485,20,2022-07-12 01:01:30.171,2.0,0,1,startup,False,4.684186708774594,17.190355713905877,12
normal,16166,normal_0485,21,2022-07-12 01:01:30.271,2.1,0,1,startup,False,5.627133261922454,17.190355713905877,12
normal,16167,normal_0485,22,2022-07-12 01:01:30.371,2.2,0,1,startup,False,4.773486370520452,17.190355713905877,12
normal,16168,normal_0485,23,2022-07-12 01:01:30.471,2.3,0,1,startup,False,4.527165668274498,17.190355713905877,12
normal,16169,normal_0485,24,2022-07-12 01:01:30.571,2.4,0,1,startup,False,4.450511868741354,17.190355713905877,12
normal,16170,normal_0485,25,2022-07-12 01:01:30.671,2.5,0,1,startup,False,4.144709460292565,17.190355713905877,12
normal,16171,normal_0485,26,2022-07-12 01:01:30.771,2.6,0,1,startup,False,3.1961134428579943,17.190355713905877,12
normal,16172,normal_0485,27,2022-07-12 01:01:30.871,2.7,0,1,startup,False,3.952909429696056,17.190355713905877,12
normal,16173,normal_0485,28,2022-07-12 01:01:30.971,2.8,0,1,startup,False,5.009873562641345,17.190355713905877,12
normal,16174,normal_0485,29,2022-07-12 01:01:31.071,2.9,0,1,startup,False,4.4598415358380565,17.190355713905877,12
normal,16175,normal_0485,30,2022-07-12 01:01:31.171,3.0,0,1,startup,False,7.730799134181941,17.190355713905877,12
normal,16176,normal_0485,31,2022-07-12 01:01:31.271,3.1,0,1,startup,False,5.836076135380087,17.190355713905877,12
normal,16177,normal_0485,32,2022-07-12 01:01:31.371,3.2,0,1,startup,False,5.390136772231662,17.190355713905877,12
normal,16178,normal_0485,33,2022-07-12 01:01:31.471,3.3,0,1,startup,False,4.613672811487958,17.190355713905877,12
normal,16179,normal_0485,34,2022-07-12 01:01:31.571,3.4,0,1,startup,False,6.373834618899024,17.190355713905877,12
normal,16180,normal_0485,35,2022-07-12 01:01:31.671,3.5,0,1,startup,False,6.303182457013723,17.190355713905877,12
normal,16181,normal_0485,36,2022-07-12 01:01:31.771,3.6,0,1,startup,False,5.876457938568916,17.190355713905877,12
normal,16182,normal_0485,37,2022-07-12 01:01:31.871,3.7,0,1,startup,False,3.8181228345814904,17.190355713905877,12
normal,16183,normal_0485,38,2022-07-12 01:01:31.971,3.8,0,1,startup,False,7.67553380855197,17.190355713905877,12
normal,16184,normal_0485,39,2022-07-12 01:01:32.071,3.9,0,1,startup,False,7.847680755180238,17.190355713905877,12
normal,16185,normal_0485,40,2022-07-12 01:01:32.171,4.0,0,1,startup,False,4.91382863991624,17.190355713905877,12
normal,16186,normal_0485,41,2022-07-12 01:01:32.271,4.1,0,1,startup,False,4.307048263187019,17.190355713905877,12
normal,16187,normal_0485,42,2022-07-12 01:01:32.371,4.2,0,1,startup,False,4.331137041780978,17.190355713905877,12
normal,16188,normal_0485,43,2022-07-12 01:01:32.471,4.3,0,1,startup,False,4.153092189426958,17.190355713905877,12
normal,16189,normal_0486,0,2022-07-12 01:01:36.160,0.0,0,1,startup,False,2.92031208059897,8.528429503027562,3
normal,16190,normal_0486,1,2022-07-12 01:01:36.260,0.1,0,1,startup,False,4.486709785491458,12.144759502448782,6
normal,16191,normal_0486,2,2022-07-12 01:01:36.360,0.2,0,1,startup,False,5.697829788942563,14.132739481471942,9
normal,16192,normal_0486,3,2022-07-12 01:01:36.460,0.3,0,1,startup,False,6.227319066356511,17.190355713905877,12
normal,16193,normal_0486,4,2022-07-12 01:01:36.560,0.4,0,1,startup,False,5.866575434579344,17.190355713905877,12
normal,16194,normal_0486,5,2022-07-12 01:01:36.660,0.5,0,1,startup,False,6.88201209355032,17.190355713905877,12
normal,16195,normal_0486,6,2022-07-12 01:01:36.760,0.6,0,1,startup,False,5.713786280011416,17.190355713905877,12
normal,16196,normal_0486,7,2022-07-12 01:01:36.860,0.7,0,1,startup,False,4.0027053345346255,17.190355713905877,12
normal,16197,normal_0486,8,2022-07-12 01:01:36.960,0.8,0,1,startup,False,4.532889378341922,17.190355713905877,12
normal,16198,normal_0486,9,2022-07-12 01:01:37.060,0.9,0,1,startup,False,6.400853806852652,17.190355713905877,12
normal,16199,normal_0486,10,2022-07-12 01:01:37.160,1.0,0,1,startup,False,5.570707147297895,17.190355713905877,12
normal,16200,normal_0486,11,2022-07-12 01:01:37.260,1.1,0,1,startup,False,4.71282387144922,17.190355713905877,12
normal,16201,normal_0486,12,2022-07-12 01:01:37.360,1.2,0,1,startup,False,5.847205567035182,17.190355713905877,12
normal,16202,normal_0486,13,2022-07-12 01:01:37.460,1.3,0,1,startup,False,8.347367364984663,17.190355713905877,12
normal,16203,normal_0486,14,2022-07-12 01:01:37.560,1.4,0,1,startup,False,8.650324457982398,17.190355713905877,12
normal,16204,normal_0486,15,2022-07-12 01:01:37.660,1.5,0,1,startup,False,5.582386118854498,17.190355713905877,12
normal,16205,normal_0486,16,2022-07-12 01:01:37.760,1.6,0,1,startup,False,6.812909193035864,17.190355713905877,12
normal,16206,normal_0486,17,2022-07-12 01:01:37.860,1.7,0,1,startup,False,6.588706353348936,17.190355713905877,12
normal,16207,normal_0486,18,2022-07-12 01:01:37.960,1.8,0,1,startup,False,5.876492528369072,17.190355713905877,12
normal,16208,normal_0486,19,2022-07-12 01:01:38.060,1.9,0,1,startup,False,4.868527378257168,17.190355713905877,12
normal,16209,normal_0486,20,2022-07-12 01:01:38.160,2.0,0,1,startup,False,7.108252982517766,17.190355713905877,12
normal,16210,normal_0486,21,2022-07-12 01:01:38.260,2.1,0,1,startup,False,6.151420993155622,17.190355713905877,12
normal,16211,normal_0486,22,2022-07-12 01:01:38.360,2.2,0,1,startup,False,6.682177308001489,17.190355713905877,12
normal,16212,normal_0486,23,2022-07-12 01:01:38.460,2.3,0,1,startup,False,5.72748935171259,17.190355713905877,12
normal,16213,normal_0486,24,2022-07-12 01:01:38.560,2.4,0,1,startup,False,4.851059153424533,17.190355713905877,12
normal,16214,normal_0486,25,2022-07-12 01:01:38.660,2.5,0,1,startup,False,7.071561719675094,17.190355713905877,12
normal,16215,normal_0486,26,2022-07-12 01:01:38.760,2.6,0,1,startup,False,6.491408947609417,17.190355713905877,12
normal,16216,normal_0486,27,2022-07-12 01:01:38.860,2.7,0,1,startup,False,4.759373799724523,17.190355713905877,12
normal,16217,normal_0486,28,2022-07-12 01:01:38.960,2.8,0,1,startup,False,4.487056317899128,17.190355713905877,12
normal,16218,normal_0486,29,2022-07-12 01:01:39.060,2.9,0,1,startup,False,5.235230627735206,17.190355713905877,12
normal,16219,normal_0486,30,2022-07-12 01:01:39.160,3.0,0,1,startup,False,4.760392440858707,17.190355713905877,12
normal,16220,normal_0486,31,2022-07-12 01:01:39.260,3.1,0,1,startup,False,5.323980938749077,17.190355713905877,12
normal,16221,normal_0486,32,2022-07-12 01:01:39.360,3.2,0,1,startup,False,3.7977081346373684,17.190355713905877,12
normal,16222,normal_0486,33,2022-07-12 01:01:39.460,3.3,0,1,startup,False,4.271211943810327,17.190355713905877,12
normal,16223,normal_0486,34,2022-07-12 01:01:39.560,3.4,0,1,startup,False,4.806792783146537,17.190355713905877,12
normal,16224,normal_0486,35,2022-07-12 01:01:39.660,3.5,0,1,startup,False,4.846243153714578,17.190355713905877,12
normal,16225,normal_0486,36,2022-07-12 01:01:39.760,3.6,0,1,startup,False,4.454068627322271,17.190355713905877,12
normal,16226,normal_0486,37,2022-07-12 01:01:39.860,3.7,0,1,startup,False,5.264455767563484,17.190355713905877,12
normal,16227,normal_0486,38,2022-07-12 01:01:39.960,3.8,0,1,startup,False,4.911145587566335,17.190355713905877,12
normal,16228,normal_0486,39,2022-07-12 01:01:40.060,3.9,0,1,startup,False,6.217369888911593,17.190355713905877,12
normal,16229,normal_0486,40,2022-07-12 01:01:40.160,4.0,0,1,startup,False,4.0793806859214365,17.190355713905877,12
normal,16230,normal_0486,41,2022-07-12 01:01:40.260,4.1,0,1,startup,False,3.55998098620838,17.190355713905877,12
normal,16231,normal_0486,42,2022-07-12 01:01:40.360,4.2,0,1,startup,False,5.536864418909697,17.190355713905877,12
normal,16232,normal_0486,43,2022-07-12 01:01:40.460,4.3,0,1,startup,False,4.831246859137666,17.190355713905877,12
normal,16233,normal_0487,0,2022-07-12 01:01:44.306,0.0,0,1,startup,False,2.704092155558391,8.528429503027562,3
normal,16234,normal_0487,1,2022-07-12 01:01:44.406,0.1,0,1,startup,False,4.909339404504869,12.144759502448782,6
normal,16235,normal_0487,2,2022-07-12 01:01:44.506,0.2,0,1,startup,False,6.089012985639114,14.132739481471942,9
normal,16236,normal_0487,3,2022-07-12 01:01:44.606,0.3,0,1,startup,False,6.764775790150262,17.190355713905877,12
normal,16237,normal_0487,4,2022-07-12 01:01:44.706,0.4,0,1,startup,False,5.109842393435161,17.190355713905877,12
normal,16238,normal_0487,5,2022-07-12 01:01:44.806,0.5,0,1,startup,False,5.300086046208151,17.190355713905877,12
normal,16239,normal_0487,6,2022-07-12 01:01:44.906,0.6,0,1,startup,False,6.944622913222548,17.190355713905877,12
normal,16240,normal_0487,7,2022-07-12 01:01:45.006,0.7,0,1,startup,False,6.801958623363975,17.190355713905877,12
normal,16241,normal_0487,8,2022-07-12 01:01:45.106,0.8,0,1,startup,False,6.123214450662252,17.190355713905877,12
normal,16242,normal_0487,9,2022-07-12 01:01:45.206,0.9,0,1,startup,False,5.561711408599888,17.190355713905877,12
normal,16243,normal_0487,10,2022-07-12 01:01:45.306,1.0,0,1,startup,False,5.00216371693668,17.190355713905877,12
normal,16244,normal_0487,11,2022-07-12 01:01:45.406,1.1,0,1,startup,False,6.522927416535638,17.190355713905877,12
normal,16245,normal_0487,12,2022-07-12 01:01:45.506,1.2,0,1,startup,False,5.184097282642022,17.190355713905877,12
normal,16246,normal_0487,13,2022-07-12 01:01:45.606,1.3,0,1,startup,False,5.004670269061476,17.190355713905877,12
normal,16247,normal_0487,14,2022-07-12 01:01:45.706,1.4,0,1,startup,False,4.479070197107266,17.190355713905877,12
normal,16248,normal_0487,15,2022-07-12 01:01:45.806,1.5,0,1,startup,False,5.199898881774134,17.190355713905877,12
normal,16249,normal_0487,16,2022-07-12 01:01:45.906,1.6,0,1,startup,False,4.224415460053545,17.190355713905877,12
normal,16250,normal_0487,17,2022-07-12 01:01:46.006,1.7,0,1,startup,False,6.343564202971723,17.190355713905877,12
normal,16251,normal_0487,18,2022-07-12 01:01:46.106,1.8,0,1,startup,False,6.485198599380366,17.190355713905877,12
normal,16252,normal_0487,19,2022-07-12 01:01:46.206,1.9,0,1,startup,False,9.30201183692029,17.190355713905877,12
normal,16253,normal_0487,20,2022-07-12 01:01:46.306,2.0,0,1,startup,False,8.654937766249441,17.190355713905877,12
normal,16254,normal_0487,21,2022-07-12 01:01:46.406,2.1,0,1,startup,False,7.227054891605982,17.190355713905877,12
normal,16255,normal_0487,22,2022-07-12 01:01:46.506,2.2,0,1,startup,False,8.003774435392561,17.190355713905877,12
normal,16256,normal_0487,23,2022-07-12 01:01:46.606,2.3,0,1,startup,False,8.532561530124726,17.190355713905877,12
normal,16257,normal_0487,24,2022-07-12 01:01:46.706,2.4,0,1,startup,False,9.20985692173901,17.190355713905877,12
normal,16258,normal_0487,25,2022-07-12 01:01:46.806,2.5,0,1,startup,False,7.820643511388857,17.190355713905877,12
normal,16259,normal_0487,26,2022-07-12 01:01:46.906,2.6,0,1,startup,False,9.88226218641343,17.190355713905877,12
normal,16260,normal_0487,27,2022-07-12 01:01:47.006,2.7,0,1,startup,False,7.497706857453509,17.190355713905877,12
normal,16261,normal_0487,28,2022-07-12 01:01:47.106,2.8,0,1,startup,False,9.224844339758317,17.190355713905877,12
normal,16262,normal_0487,29,2022-07-12 01:01:47.206,2.9,0,1,startup,False,6.236116812682335,17.190355713905877,12
normal,16263,normal_0487,30,2022-07-12 01:01:47.306,3.0,0,1,startup,False,8.640399519673965,17.190355713905877,12
normal,16264,normal_0487,31,2022-07-12 01:01:47.406,3.1,0,1,startup,False,7.753560486109769,17.190355713905877,12
normal,16265,normal_0487,32,2022-07-12 01:01:47.506,3.2,0,1,startup,False,6.995395025094638,17.190355713905877,12
normal,16266,normal_0487,33,2022-07-12 01:01:47.606,3.3,0,1,startup,False,5.014244928531633,17.190355713905877,12
normal,16267,normal_0487,34,2022-07-12 01:01:47.706,3.4,0,1,startup,False,7.769943727914747,17.190355713905877,12
normal,16268,normal_0487,35,2022-07-12 01:01:47.806,3.5,0,1,startup,False,8.807279777089231,17.190355713905877,12
normal,16269,normal_0487,36,2022-07-12 01:01:47.906,3.6,0,1,startup,False,8.497233627770976,17.190355713905877,12
normal,16270,normal_0487,37,2022-07-12 01:01:48.006,3.7,0,1,startup,False,6.484594414746624,17.190355713905877,12
normal,16271,normal_0487,38,2022-07-12 01:01:48.106,3.8,0,1,startup,False,5.6559239350717405,17.190355713905877,12
normal,16272,normal_0487,39,2022-07-12 01:01:48.206,3.9,0,1,startup,False,4.978797228780643,17.190355713905877,12
normal,16273,normal_0487,40,2022-07-12 01:01:48.306,4.0,0,1,startup,False,4.179129482110027,17.190355713905877,12
normal,16274,normal_0487,41,2022-07-12 01:01:48.406,4.1,0,1,startup,False,4.250814190476473,17.190355713905877,12
normal,16275,normal_0487,42,2022-07-12 01:01:48.506,4.2,0,1,startup,False,4.610566136270154,17.190355713905877,12
normal,16276,normal_0488,0,2022-07-12 01:01:52.260,0.0,0,1,startup,False,2.705239155229291,8.528429503027562,3
normal,16277,normal_0488,1,2022-07-12 01:01:52.360,0.1,0,1,startup,False,4.382437006309441,12.144759502448782,6
normal,16278,normal_0488,2,2022-07-12 01:01:52.460,0.2,0,1,startup,False,4.088602827294059,14.132739481471942,9
normal,16279,normal_0488,3,2022-07-12 01:01:52.560,0.3,0,1,startup,False,4.537262124878991,17.190355713905877,12
normal,16280,normal_0488,4,2022-07-12 01:01:52.660,0.4,0,1,startup,False,4.621797229515497,17.190355713905877,12
normal,16281,normal_0488,5,2022-07-12 01:01:52.760,0.5,0,1,startup,False,5.6015253564149825,17.190355713905877,12
normal,16282,normal_0488,6,2022-07-12 01:01:52.860,0.6,0,1,startup,False,6.4182057048715295,17.190355713905877,12
normal,16283,normal_0488,7,2022-07-12 01:01:52.960,0.7,0,1,startup,False,3.632714535270731,17.190355713905877,12
normal,16284,normal_0488,8,2022-07-12 01:01:53.060,0.8,0,1,startup,False,3.37134539192744,17.190355713905877,12
normal,16285,normal_0488,9,2022-07-12 01:01:53.160,0.9,0,1,startup,False,4.736378865477223,17.190355713905877,12
normal,16286,normal_0488,10,2022-07-12 01:01:53.260,1.0,0,1,startup,False,5.945914320486523,17.190355713905877,12
normal,16287,normal_0488,11,2022-07-12 01:01:53.360,1.1,0,1,startup,False,5.22351874262859,17.190355713905877,12
normal,16288,normal_0488,12,2022-07-12 01:01:53.460,1.2,0,1,startup,False,5.4074805746744925,17.190355713905877,12
normal,16289,normal_0488,13,2022-07-12 01:01:53.560,1.3,0,1,startup,False,5.927165470141533,17.190355713905877,12
normal,16290,normal_0488,14,2022-07-12 01:01:53.660,1.4,0,1,startup,False,7.667058177408064,17.190355713905877,12
normal,16291,normal_0488,15,2022-07-12 01:01:53.760,1.5,0,1,startup,False,9.2136884242101,17.190355713905877,12
normal,16292,normal_0488,16,2022-07-12 01:01:53.860,1.6,0,1,startup,False,5.55548260538453,17.190355713905877,12
normal,16293,normal_0488,17,2022-07-12 01:01:53.960,1.7,0,1,startup,False,8.195974189777761,17.190355713905877,12
normal,16294,normal_0488,18,2022-07-12 01:01:54.060,1.8,0,1,startup,False,6.784086996896438,17.190355713905877,12
normal,16295,normal_0488,19,2022-07-12 01:01:54.160,1.9,0,1,startup,False,5.608734406729227,17.190355713905877,12
normal,16296,normal_0488,20,2022-07-12 01:01:54.260,2.0,0,1,startup,False,5.343775872168315,17.190355713905877,12
normal,16297,normal_0488,21,2022-07-12 01:01:54.360,2.1,0,1,startup,False,7.91560858918481,17.190355713905877,12
normal,16298,normal_0488,22,2022-07-12 01:01:54.460,2.2,0,1,startup,False,7.487115599834769,17.190355713905877,12
normal,16299,normal_0488,23,2022-07-12 01:01:54.560,2.3,0,1,startup,False,7.1327449079230005,17.190355713905877,12
normal,16300,normal_0488,24,2022-07-12 01:01:54.660,2.4,0,1,startup,False,5.4794381819468985,17.190355713905877,12
normal,16301,normal_0488,25,2022-07-12 01:01:54.760,2.5,0,1,startup,False,4.858452716544977,17.190355713905877,12
normal,16302,normal_0488,26,2022-07-12 01:01:54.860,2.6,0,1,startup,False,5.378185123623987,17.190355713905877,12
normal,16303,normal_0488,27,2022-07-12 01:01:54.960,2.7,0,1,startup,False,4.7417542596169415,17.190355713905877,12
normal,16304,normal_0488,28,2022-07-12 01:01:55.060,2.8,0,1,startup,False,4.652509424612678,17.190355713905877,12
normal,16305,normal_0488,29,2022-07-12 01:01:55.160,2.9,0,1,startup,False,4.867927107772039,17.190355713905877,12
normal,16306,normal_0488,30,2022-07-12 01:01:55.260,3.0,0,1,startup,False,4.168341719768502,17.190355713905877,12
normal,16307,normal_0488,31,2022-07-12 01:01:55.360,3.1,0,1,startup,False,5.486320851755638,17.190355713905877,12
normal,16308,normal_0488,32,2022-07-12 01:01:55.460,3.2,0,1,startup,False,5.9778434156699705,17.190355713905877,12
normal,16309,normal_0488,33,2022-07-12 01:01:55.560,3.3,0,1,startup,False,4.364961009112628,17.190355713905877,12
normal,16310,normal_0488,34,2022-07-12 01:01:55.660,3.4,0,1,startup,False,4.645783091266054,17.190355713905877,12
normal,16311,normal_0489,0,2022-07-12 01:02:00.218,0.0,0,1,startup,False,2.908487037637104,8.528429503027562,3
normal,16312,normal_0489,1,2022-07-12 01:02:00.318,0.1,0,1,startup,False,4.183842140064213,12.144759502448782,6
normal,16313,normal_0489,2,2022-07-12 01:02:00.418,0.2,0,1,startup,False,4.749734808141116,14.132739481471942,9
normal,16314,normal_0489,3,2022-07-12 01:02:00.518,0.3,0,1,startup,False,7.743863267765414,17.190355713905877,12
normal,16315,normal_0489,4,2022-07-12 01:02:00.618,0.4,0,1,startup,False,6.645220055231291,17.190355713905877,12
normal,16316,normal_0489,5,2022-07-12 01:02:00.718,0.5,0,1,startup,False,5.279123326254197,17.190355713905877,12
normal,16317,normal_0489,6,2022-07-12 01:02:00.818,0.6,0,1,startup,False,4.444225924760606,17.190355713905877,12
normal,16318,normal_0489,7,2022-07-12 01:02:00.918,0.7,0,1,startup,False,4.894433461976358,17.190355713905877,12
normal,16319,normal_0489,8,2022-07-12 01:02:01.018,0.8,0,1,startup,False,5.439918410241569,17.190355713905877,12
normal,16320,normal_0489,9,2022-07-12 01:02:01.118,0.9,0,1,startup,False,5.306059174499905,17.190355713905877,12
normal,16321,normal_0489,10,2022-07-12 01:02:01.218,1.0,0,1,startup,False,7.094568899630132,17.190355713905877,12
normal,16322,normal_0489,11,2022-07-12 01:02:01.318,1.1,0,1,startup,False,4.037105307770015,17.190355713905877,12
normal,16323,normal_0489,12,2022-07-12 01:02:01.418,1.2,0,1,startup,False,3.588842951656274,17.190355713905877,12
normal,16324,normal_0489,13,2022-07-12 01:02:01.518,1.3,0,1,startup,False,3.775606518191848,17.190355713905877,12
normal,16325,normal_0489,14,2022-07-12 01:02:01.618,1.4,0,1,startup,False,3.753872555646599,17.190355713905877,12
normal,16326,normal_0489,15,2022-07-12 01:02:01.718,1.5,0,1,startup,False,3.8934896761111317,17.190355713905877,12
normal,16327,normal_0489,16,2022-07-12 01:02:01.818,1.6,0,1,startup,False,4.463053971860116,17.190355713905877,12
normal,16328,normal_0489,17,2022-07-12 01:02:01.918,1.7,0,1,startup,False,5.391021973300345,17.190355713905877,12
normal,16329,normal_0489,18,2022-07-12 01:02:02.018,1.8,0,1,startup,False,6.164417402611682,17.190355713905877,12
normal,16330,normal_0489,19,2022-07-12 01:02:02.118,1.9,0,1,startup,False,4.149560324350421,17.190355713905877,12
normal,16331,normal_0489,20,2022-07-12 01:02:02.218,2.0,0,1,startup,False,4.409733734585379,17.190355713905877,12
normal,16332,normal_0489,21,2022-07-12 01:02:02.318,2.1,0,1,startup,False,4.639855368359953,17.190355713905877,12
normal,16333,normal_0489,22,2022-07-12 01:02:02.418,2.2,0,1,startup,False,4.973040940084922,17.190355713905877,12
normal,16334,normal_0490,0,2022-07-12 01:02:08.325,0.0,0,1,startup,False,3.0776929181876853,8.528429503027562,3
normal,16335,normal_0490,1,2022-07-12 01:02:08.425,0.1,0,1,startup,False,5.049797186607464,12.144759502448782,6
normal,16336,normal_0490,2,2022-07-12 01:02:08.525,0.2,0,1,startup,False,5.651560682123629,14.132739481471942,9
normal,16337,normal_0490,3,2022-07-12 01:02:08.625,0.3,0,1,startup,False,4.657244449009334,17.190355713905877,12
normal,16338,normal_0490,4,2022-07-12 01:02:08.725,0.4,0,1,startup,False,3.7678629045181995,17.190355713905877,12
normal,16339,normal_0490,5,2022-07-12 01:02:08.825,0.5,0,1,startup,False,3.942974652459564,17.190355713905877,12
normal,16340,normal_0490,6,2022-07-12 01:02:08.925,0.6,0,1,startup,False,3.9954083183389395,17.190355713905877,12
normal,16341,normal_0490,7,2022-07-12 01:02:09.025,0.7,0,1,startup,False,4.55395997543524,17.190355713905877,12
normal,16342,normal_0490,8,2022-07-12 01:02:09.125,0.8,0,1,startup,False,3.5323650169668617,17.190355713905877,12
normal,16343,normal_0490,9,2022-07-12 01:02:09.225,0.9,0,1,startup,False,3.1751028703493693,17.190355713905877,12
normal,16344,normal_0490,10,2022-07-12 01:02:09.325,1.0,0,1,startup,False,4.223719765527873,17.190355713905877,12
normal,16345,normal_0490,11,2022-07-12 01:02:09.425,1.1,0,1,startup,False,4.254012839993373,17.190355713905877,12
normal,16346,normal_0490,12,2022-07-12 01:02:09.525,1.2,0,1,startup,False,3.3677891266933977,17.190355713905877,12
normal,16347,normal_0490,13,2022-07-12 01:02:09.625,1.3,0,1,startup,False,4.6086836953777,17.190355713905877,12
normal,16348,normal_0490,14,2022-07-12 01:02:09.725,1.4,0,1,startup,False,4.16551091152302,17.190355713905877,12
normal,16349,normal_0490,15,2022-07-12 01:02:09.825,1.5,0,1,startup,False,5.575003941296466,17.190355713905877,12
normal,16350,normal_0490,16,2022-07-12 01:02:09.925,1.6,0,1,startup,False,4.937709654992754,17.190355713905877,12
normal,16351,normal_0490,17,2022-07-12 01:02:10.025,1.7,0,1,startup,False,3.187727677770585,17.190355713905877,12
normal,16352,normal_0490,18,2022-07-12 01:02:10.125,1.8,0,1,startup,False,3.924860709780821,17.190355713905877,12
normal,16353,normal_0490,19,2022-07-12 01:02:10.225,1.9,0,1,startup,False,3.801964181085655,17.190355713905877,12
normal,16354,normal_0490,20,2022-07-12 01:02:10.325,2.0,0,1,startup,False,3.9876139538672404,17.190355713905877,12
normal,16355,normal_0491,0,2022-07-12 01:02:16.224,0.0,0,1,startup,False,2.490064612174592,8.528429503027562,3
normal,16356,normal_0491,1,2022-07-12 01:02:16.324,0.1,0,1,startup,False,4.625961993802672,12.144759502448782,6
normal,16357,normal_0491,2,2022-07-12 01:02:16.424,0.2,0,1,startup,False,5.350304174969593,14.132739481471942,9
normal,16358,normal_0491,3,2022-07-12 01:02:16.524,0.3,0,1,startup,False,7.112066007752952,17.190355713905877,12
normal,16359,normal_0491,4,2022-07-12 01:02:16.624,0.4,0,1,startup,False,4.920782156207601,17.190355713905877,12
normal,16360,normal_0491,5,2022-07-12 01:02:16.724,0.5,0,1,startup,False,4.5905803347990135,17.190355713905877,12
normal,16361,normal_0491,6,2022-07-12 01:02:16.824,0.6,0,1,startup,False,4.198466757403192,17.190355713905877,12
normal,16362,normal_0491,7,2022-07-12 01:02:16.924,0.7,0,1,startup,False,3.0518811153089587,17.190355713905877,12
normal,16363,normal_0492,0,2022-07-12 01:02:33.380,0.0,0,1,startup,False,2.795872581844238,8.528429503027562,3
normal,16364,normal_0492,1,2022-07-12 01:02:33.480,0.1,0,1,startup,False,4.643341023100821,12.144759502448782,6
normal,16365,normal_0492,2,2022-07-12 01:02:33.580,0.2,0,1,startup,False,5.778616643103964,14.132739481471942,9
normal,16366,normal_0492,3,2022-07-12 01:02:33.680,0.3,0,1,startup,False,5.325427019431794,17.190355713905877,12
normal,16367,normal_0492,4,2022-07-12 01:02:33.780,0.4,0,1,startup,False,5.201496642121286,17.190355713905877,12
normal,16368,normal_0492,5,2022-07-12 01:02:33.880,0.5,0,1,startup,False,5.067032415164086,17.190355713905877,12
normal,16369,normal_0492,6,2022-07-12 01:02:33.980,0.6,0,1,startup,False,5.3831939974436125,17.190355713905877,12
normal,16370,normal_0492,7,2022-07-12 01:02:34.080,0.7,0,1,startup,False,4.112275638455943,17.190355713905877,12
normal,16371,normal_0492,8,2022-07-12 01:02:34.180,0.8,0,1,startup,False,4.837992872717898,17.190355713905877,12
normal,16372,normal_0492,9,2022-07-12 01:02:34.280,0.9,0,1,startup,False,4.612647588360269,17.190355713905877,12
normal,16373,normal_0492,10,2022-07-12 01:02:34.380,1.0,0,1,startup,False,5.1157727539519575,17.190355713905877,12
normal,16374,normal_0492,11,2022-07-12 01:02:34.480,1.1,0,1,startup,False,4.507554752823189,17.190355713905877,12
normal,16375,normal_0492,12,2022-07-12 01:02:34.580,1.2,0,1,startup,False,3.1486388229227416,17.190355713905877,12
normal,16376,normal_0492,13,2022-07-12 01:02:34.680,1.3,0,1,startup,False,4.447659304861647,17.190355713905877,12
normal,16377,normal_0492,14,2022-07-12 01:02:34.780,1.4,0,1,startup,False,3.8531069078823306,17.190355713905877,12
normal,16378,normal_0492,15,2022-07-12 01:02:34.880,1.5,0,1,startup,False,3.443875130321344,17.190355713905877,12
normal,16379,normal_0492,16,2022-07-12 01:02:34.980,1.6,0,1,startup,False,4.189244057241215,17.190355713905877,12
normal,16380,normal_0492,17,2022-07-12 01:02:35.080,1.7,0,1,startup,False,7.022781109018264,17.190355713905877,12
normal,16381,normal_0492,18,2022-07-12 01:02:35.180,1.8,0,1,startup,False,5.963811620413027,17.190355713905877,12
normal,16382,normal_0492,19,2022-07-12 01:02:35.280,1.9,0,1,startup,False,7.184400272438767,17.190355713905877,12
normal,16383,normal_0492,20,2022-07-12 01:02:35.380,2.0,0,1,startup,False,6.487187981135546,17.190355713905877,12
normal,16384,normal_0492,21,2022-07-12 01:02:35.480,2.1,0,1,startup,False,6.641080835441343,17.190355713905877,12
normal,16385,normal_0492,22,2022-07-12 01:02:35.580,2.2,0,1,startup,False,5.498610539152729,17.190355713905877,12
normal,16386,normal_0492,23,2022-07-12 01:02:35.680,2.3,0,1,startup,False,5.77055205189365,17.190355713905877,12
normal,16387,normal_0492,24,2022-07-12 01:02:35.780,2.4,0,1,startup,False,6.106065116759054,17.190355713905877,12
normal,16388,normal_0492,25,2022-07-12 01:02:35.880,2.5,0,1,startup,False,5.384789978138187,17.190355713905877,12
normal,16389,normal_0492,26,2022-07-12 01:02:35.980,2.6,0,1,startup,False,6.434650512661012,17.190355713905877,12
normal,16390,normal_0492,27,2022-07-12 01:02:36.080,2.7,0,1,startup,False,5.869251688297306,17.190355713905877,12
normal,16391,normal_0492,28,2022-07-12 01:02:36.180,2.8,0,1,startup,False,5.178954171530756,17.190355713905877,12
normal,16392,normal_0492,29,2022-07-12 01:02:36.280,2.9,0,1,startup,False,4.344734051296135,17.190355713905877,12
normal,16393,normal_0492,30,2022-07-12 01:02:36.380,3.0,0,1,startup,False,7.689206390991446,17.190355713905877,12
normal,16394,normal_0492,31,2022-07-12 01:02:36.480,3.1,0,1,startup,False,8.150461115596354,17.190355713905877,12
normal,16395,normal_0492,32,2022-07-12 01:02:36.580,3.2,0,1,startup,False,5.6708011087261045,17.190355713905877,12
normal,16396,normal_0492,33,2022-07-12 01:02:36.680,3.3,0,1,startup,False,6.189238431060962,17.190355713905877,12
normal,16397,normal_0492,34,2022-07-12 01:02:36.780,3.4,0,1,startup,False,9.355359769925549,17.190355713905877,12
normal,16398,normal_0492,35,2022-07-12 01:02:36.880,3.5,0,1,startup,False,8.962928687590184,17.190355713905877,12
normal,16399,normal_0492,36,2022-07-12 01:02:36.980,3.6,0,1,startup,False,6.653417314851302,17.190355713905877,12
normal,16400,normal_0492,37,2022-07-12 01:02:37.080,3.7,0,1,startup,False,9.076190546067226,17.190355713905877,12
normal,16401,normal_0492,38,2022-07-12 01:02:37.180,3.8,0,1,startup,False,8.81991948268971,17.190355713905877,12
normal,16402,normal_0492,39,2022-07-12 01:02:37.280,3.9,0,1,startup,False,6.294129119546692,17.190355713905877,12
normal,16403,normal_0492,40,2022-07-12 01:02:37.380,4.0,0,1,startup,False,5.7080596460597866,17.190355713905877,12
normal,16404,normal_0492,41,2022-07-12 01:02:37.480,4.1,0,1,startup,False,10.754125239730605,17.190355713905877,12
normal,16405,normal_0492,42,2022-07-12 01:02:37.580,4.2,0,1,startup,False,9.877078577403614,17.190355713905877,12
normal,16406,normal_0492,43,2022-07-12 01:02:37.680,4.3,0,1,startup,False,8.117278768672708,17.190355713905877,12
normal,16407,normal_0492,44,2022-07-12 01:02:37.780,4.4,0,1,startup,False,7.019818675213628,17.190355713905877,12
normal,16408,normal_0492,45,2022-07-12 01:02:37.880,4.5,0,1,startup,False,6.04992544269203,17.190355713905877,12
normal,16409,normal_0492,46,2022-07-12 01:02:37.980,4.6,0,1,startup,False,6.150620856869002,17.190355713905877,12
normal,16410,normal_0492,47,2022-07-12 01:02:38.080,4.7,0,1,startup,False,5.413496865237201,17.190355713905877,12
normal,16411,normal_0492,48,2022-07-12 01:02:38.180,4.8,0,1,startup,False,4.5175563610846945,17.190355713905877,12
normal,16412,normal_0492,49,2022-07-12 01:02:38.280,4.9,0,1,startup,False,3.6894191747353138,17.190355713905877,12
normal,16413,normal_0493,0,2022-07-12 01:02:40.198,0.0,0,1,startup,False,3.266975781894633,8.528429503027562,3
normal,16414,normal_0493,1,2022-07-12 01:02:40.298,0.1,0,1,startup,False,4.887621583787405,12.144759502448782,6
normal,16415,normal_0493,2,2022-07-12 01:02:40.398,0.2,0,1,startup,False,5.541944794492568,14.132739481471942,9
normal,16416,normal_0493,3,2022-07-12 01:02:40.498,0.3,0,1,startup,False,7.010234934637746,17.190355713905877,12
normal,16417,normal_0493,4,2022-07-12 01:02:40.598,0.4,0,1,startup,False,6.991214170121846,17.190355713905877,12
normal,16418,normal_0493,5,2022-07-12 01:02:40.698,0.5,0,1,startup,False,7.228211434611593,17.190355713905877,12
normal,16419,normal_0493,6,2022-07-12 01:02:40.798,0.6,0,1,startup,False,4.8732123588091545,17.190355713905877,12
normal,16420,normal_0493,7,2022-07-12 01:02:40.898,0.7,0,1,startup,False,6.890806926146852,17.190355713905877,12
normal,16421,normal_0493,8,2022-07-12 01:02:40.998,0.8,0,1,startup,False,7.113046545232306,17.190355713905877,12
normal,16422,normal_0493,9,2022-07-12 01:02:41.098,0.9,0,1,startup,False,4.9652335912661805,17.190355713905877,12
normal,16423,normal_0493,10,2022-07-12 01:02:41.198,1.0,0,1,startup,False,6.046756308504635,17.190355713905877,12
normal,16424,normal_0493,11,2022-07-12 01:02:41.298,1.1,0,1,startup,False,4.754078935121797,17.190355713905877,12
normal,16425,normal_0493,12,2022-07-12 01:02:41.398,1.2,0,1,startup,False,4.588292672839878,17.190355713905877,12
normal,16426,normal_0493,13,2022-07-12 01:02:41.498,1.3,0,1,startup,False,5.347041733686702,17.190355713905877,12
normal,16427,normal_0493,14,2022-07-12 01:02:41.598,1.4,0,1,startup,False,6.455122263274621,17.190355713905877,12
normal,16428,normal_0493,15,2022-07-12 01:02:41.698,1.5,0,1,startup,False,7.657780783856187,17.190355713905877,12
normal,16429,normal_0493,16,2022-07-12 01:02:41.798,1.6,0,1,startup,False,6.2961664834168465,17.190355713905877,12
normal,16430,normal_0493,17,2022-07-12 01:02:41.898,1.7,0,1,startup,False,5.32279709225848,17.190355713905877,12
normal,16431,normal_0493,18,2022-07-12 01:02:41.998,1.8,0,1,startup,False,4.9067330558192666,17.190355713905877,12
normal,16432,normal_0493,19,2022-07-12 01:02:42.098,1.9,0,1,startup,False,5.1408015805151415,17.190355713905877,12
normal,16433,normal_0493,20,2022-07-12 01:02:42.198,2.0,0,1,startup,False,3.9166974587185224,17.190355713905877,12
normal,16434,normal_0493,21,2022-07-12 01:02:42.298,2.1,0,1,startup,False,4.843186953678859,17.190355713905877,12
normal,16435,normal_0493,22,2022-07-12 01:02:42.398,2.2,0,1,startup,False,5.209895924737042,17.190355713905877,12
normal,16436,normal_0493,23,2022-07-12 01:02:42.498,2.3,0,1,startup,False,5.03108267864789,17.190355713905877,12
normal,16437,normal_0493,24,2022-07-12 01:02:42.598,2.4,0,1,startup,False,7.141436440939376,17.190355713905877,12
normal,16438,normal_0493,25,2022-07-12 01:02:42.698,2.5,0,1,startup,False,7.971397333694833,17.190355713905877,12
normal,16439,normal_0493,26,2022-07-12 01:02:42.798,2.6,0,1,startup,False,7.776266724264756,17.190355713905877,12
normal,16440,normal_0493,27,2022-07-12 01:02:42.898,2.7,0,1,startup,False,8.239702148797749,17.190355713905877,12
normal,16441,normal_0493,28,2022-07-12 01:02:42.998,2.8,0,1,startup,False,6.403901695470982,17.190355713905877,12
normal,16442,normal_0493,29,2022-07-12 01:02:43.098,2.9,0,1,startup,False,6.392571277806918,17.190355713905877,12
normal,16443,normal_0493,30,2022-07-12 01:02:43.198,3.0,0,1,startup,False,7.590338343797812,17.190355713905877,12
normal,16444,normal_0493,31,2022-07-12 01:02:43.298,3.1,0,1,startup,False,6.409299006873198,17.190355713905877,12
normal,16445,normal_0493,32,2022-07-12 01:02:43.398,3.2,0,1,startup,False,6.292822589962071,17.190355713905877,12
normal,16446,normal_0493,33,2022-07-12 01:02:43.498,3.3,0,1,startup,False,5.380164611838091,17.190355713905877,12
normal,16447,normal_0493,34,2022-07-12 01:02:43.598,3.4,0,1,startup,False,3.855035933275414,17.190355713905877,12
normal,16448,normal_0493,35,2022-07-12 01:02:43.698,3.5,0,1,startup,False,4.31196862038734,17.190355713905877,12
normal,16449,normal_0493,36,2022-07-12 01:02:43.798,3.6,0,1,startup,False,4.139336997381414,17.190355713905877,12
normal,16450,normal_0493,37,2022-07-12 01:02:43.898,3.7,0,1,startup,False,4.0444773815443105,17.190355713905877,12
normal,16451,normal_0493,38,2022-07-12 01:02:43.998,3.8,0,1,startup,False,4.10313783422552,17.190355713905877,12
normal,16452,normal_0493,39,2022-07-12 01:02:44.098,3.9,0,1,startup,False,4.940552159874171,17.190355713905877,12
normal,16453,normal_0493,40,2022-07-12 01:02:44.198,4.0,0,1,startup,False,5.729525547718755,17.190355713905877,12
normal,16454,normal_0493,41,2022-07-12 01:02:44.298,4.1,0,1,startup,False,5.820027154514806,17.190355713905877,12
normal,16455,normal_0493,42,2022-07-12 01:02:44.398,4.2,0,1,startup,False,3.7875952780574598,17.190355713905877,12
normal,16456,normal_0493,43,2022-07-12 01:02:44.498,4.3,0,1,startup,False,4.720938088920057,17.190355713905877,12
normal,16457,normal_0493,44,2022-07-12 01:02:44.598,4.4,0,1,startup,False,5.26628408768829,17.190355713905877,12
normal,16458,normal_0493,45,2022-07-12 01:02:44.698,4.5,0,1,startup,False,4.796273437792036,17.190355713905877,12
normal,16459,normal_0493,46,2022-07-12 01:02:44.798,4.6,0,1,startup,False,4.364234688685266,17.190355713905877,12
normal,16460,normal_0493,47,2022-07-12 01:02:44.898,4.7,0,1,startup,False,5.954958233201134,17.190355713905877,12
normal,16461,normal_0493,48,2022-07-12 01:02:44.998,4.8,0,1,startup,False,6.60781224334415,17.190355713905877,12
normal,16462,normal_0493,49,2022-07-12 01:02:45.098,4.9,0,1,startup,False,7.77492105918361,17.190355713905877,12
normal,16463,normal_0494,0,2022-07-12 01:02:48.171,0.0,0,1,startup,False,2.803719848610071,8.528429503027562,3
normal,16464,normal_0494,1,2022-07-12 01:02:48.271,0.1,0,1,startup,False,4.323925784468429,12.144759502448782,6
normal,16465,normal_0494,2,2022-07-12 01:02:48.371,0.2,0,1,startup,False,4.6143538375192845,14.132739481471942,9
normal,16466,normal_0494,3,2022-07-12 01:02:48.471,0.3,0,1,startup,False,4.477274794555398,17.190355713905877,12
normal,16467,normal_0494,4,2022-07-12 01:02:48.571,0.4,0,1,startup,False,6.120467520076783,17.190355713905877,12
normal,16468,normal_0494,5,2022-07-12 01:02:48.671,0.5,0,1,startup,False,4.94374650724573,17.190355713905877,12
normal,16469,normal_0494,6,2022-07-12 01:02:48.771,0.6,0,1,startup,False,4.989027639522839,17.190355713905877,12
normal,16470,normal_0494,7,2022-07-12 01:02:48.871,0.7,0,1,startup,False,4.876688153363441,17.190355713905877,12
normal,16471,normal_0494,8,2022-07-12 01:02:48.971,0.8,0,1,startup,False,3.9794252360245257,17.190355713905877,12
normal,16472,normal_0494,9,2022-07-12 01:02:49.071,0.9,0,1,startup,False,4.357761561509495,17.190355713905877,12
normal,16473,normal_0494,10,2022-07-12 01:02:49.171,1.0,0,1,startup,False,5.563788897344296,17.190355713905877,12
normal,16474,normal_0494,11,2022-07-12 01:02:49.271,1.1,0,1,startup,False,5.1961010297505545,17.190355713905877,12
normal,16475,normal_0494,12,2022-07-12 01:02:49.371,1.2,0,1,startup,False,3.656166798609256,17.190355713905877,12
normal,16476,normal_0494,13,2022-07-12 01:02:49.471,1.3,0,1,startup,False,3.5457680813120156,17.190355713905877,12
normal,16477,normal_0494,14,2022-07-12 01:02:49.571,1.4,0,1,startup,False,4.283593666694463,17.190355713905877,12
normal,16478,normal_0494,15,2022-07-12 01:02:49.671,1.5,0,1,startup,False,3.9941457468777957,17.190355713905877,12
normal,16479,normal_0494,16,2022-07-12 01:02:49.771,1.6,0,1,startup,False,4.1285520893484815,17.190355713905877,12
normal,16480,normal_0494,17,2022-07-12 01:02:49.871,1.7,0,1,startup,False,4.706726976820578,17.190355713905877,12
normal,16481,normal_0494,18,2022-07-12 01:02:49.971,1.8,0,1,startup,False,6.350407878542136,17.190355713905877,12
normal,16482,normal_0494,19,2022-07-12 01:02:50.071,1.9,0,1,startup,False,5.952662866875575,17.190355713905877,12
normal,16483,normal_0494,20,2022-07-12 01:02:50.171,2.0,0,1,startup,False,7.2094562047842015,17.190355713905877,12
normal,16484,normal_0494,21,2022-07-12 01:02:50.271,2.1,0,1,startup,False,9.44965069652621,17.190355713905877,12
normal,16485,normal_0494,22,2022-07-12 01:02:50.371,2.2,0,1,startup,False,7.065691639152721,17.190355713905877,12
normal,16486,normal_0494,23,2022-07-12 01:02:50.471,2.3,0,1,startup,False,5.069222548751744,17.190355713905877,12
normal,16487,normal_0494,24,2022-07-12 01:02:50.571,2.4,0,1,startup,False,5.091307957440896,17.190355713905877,12
normal,16488,normal_0494,25,2022-07-12 01:02:50.671,2.5,0,1,startup,False,5.773188180520544,17.190355713905877,12
normal,16489,normal_0494,26,2022-07-12 01:02:50.771,2.6,0,1,startup,False,4.722072626157963,17.190355713905877,12
normal,16490,normal_0494,27,2022-07-12 01:02:50.871,2.7,0,1,startup,False,8.176434346976485,17.190355713905877,12
normal,16491,normal_0494,28,2022-07-12 01:02:50.971,2.8,0,1,startup,False,5.732555393413953,17.190355713905877,12
normal,16492,normal_0494,29,2022-07-12 01:02:51.071,2.9,0,1,startup,False,5.163264298329861,17.190355713905877,12
normal,16493,normal_0494,30,2022-07-12 01:02:51.171,3.0,0,1,startup,False,4.389741953489532,17.190355713905877,12
normal,16494,normal_0494,31,2022-07-12 01:02:51.271,3.1,0,1,startup,False,7.1278460567935396,17.190355713905877,12
normal,16495,normal_0494,32,2022-07-12 01:02:51.371,3.2,0,1,startup,False,8.138385423623488,17.190355713905877,12
normal,16496,normal_0494,33,2022-07-12 01:02:51.471,3.3,0,1,startup,False,6.060872181900785,17.190355713905877,12
normal,16497,normal_0494,34,2022-07-12 01:02:51.571,3.4,0,1,startup,False,6.363544793257253,17.190355713905877,12
normal,16498,normal_0494,35,2022-07-12 01:02:51.671,3.5,0,1,startup,False,8.867701875709898,17.190355713905877,12
normal,16499,normal_0494,36,2022-07-12 01:02:51.771,3.6,0,1,startup,False,8.356548493770843,17.190355713905877,12
normal,16500,normal_0494,37,2022-07-12 01:02:51.871,3.7,0,1,startup,False,7.460706133274079,17.190355713905877,12
normal,16501,normal_0494,38,2022-07-12 01:02:51.971,3.8,0,1,startup,False,10.095312620045815,17.190355713905877,12
normal,16502,normal_0495,0,2022-07-12 01:02:56.132,0.0,0,1,startup,False,2.9683245913091008,8.528429503027562,3
normal,16503,normal_0495,1,2022-07-12 01:02:56.232,0.1,0,1,startup,False,4.573338384865737,12.144759502448782,6
normal,16504,normal_0495,2,2022-07-12 01:02:56.332,0.2,0,1,startup,False,4.31762908471185,14.132739481471942,9
normal,16505,normal_0495,3,2022-07-12 01:02:56.432,0.3,0,1,startup,False,4.584942768614275,17.190355713905877,12
normal,16506,normal_0495,4,2022-07-12 01:02:56.532,0.4,0,1,startup,False,6.221599618904982,17.190355713905877,12
normal,16507,normal_0495,5,2022-07-12 01:02:56.632,0.5,0,1,startup,False,6.1413426612468,17.190355713905877,12
normal,16508,normal_0495,6,2022-07-12 01:02:56.732,0.6,0,1,startup,False,4.396320905667183,17.190355713905877,12
normal,16509,normal_0495,7,2022-07-12 01:02:56.832,0.7,0,1,startup,False,4.930330872447018,17.190355713905877,12
normal,16510,normal_0495,8,2022-07-12 01:02:56.932,0.8,0,1,startup,False,4.640902005703562,17.190355713905877,12
normal,16511,normal_0495,9,2022-07-12 01:02:57.032,0.9,0,1,startup,False,3.99492369484701,17.190355713905877,12
normal,16512,normal_0495,10,2022-07-12 01:02:57.132,1.0,0,1,startup,False,3.5413898586708528,17.190355713905877,12
normal,16513,normal_0495,11,2022-07-12 01:02:57.232,1.1,0,1,startup,False,5.669502023212527,17.190355713905877,12
normal,16514,normal_0495,12,2022-07-12 01:02:57.332,1.2,0,1,startup,False,5.902928653533752,17.190355713905877,12
normal,16515,normal_0495,13,2022-07-12 01:02:57.432,1.3,0,1,startup,False,5.599083687838838,17.190355713905877,12
normal,16516,normal_0495,14,2022-07-12 01:02:57.532,1.4,0,1,startup,False,6.819003614250661,17.190355713905877,12
normal,16517,normal_0495,15,2022-07-12 01:02:57.632,1.5,0,1,startup,False,6.538322295096671,17.190355713905877,12
normal,16518,normal_0495,16,2022-07-12 01:02:57.732,1.6,0,1,startup,False,6.491161345356182,17.190355713905877,12
normal,16519,normal_0495,17,2022-07-12 01:02:57.832,1.7,0,1,startup,False,6.876464174453122,17.190355713905877,12
normal,16520,normal_0495,18,2022-07-12 01:02:57.932,1.8,0,1,startup,False,8.085838023754574,17.190355713905877,12
normal,16521,normal_0495,19,2022-07-12 01:02:58.032,1.9,0,1,startup,False,8.405464965486763,17.190355713905877,12
normal,16522,normal_0495,20,2022-07-12 01:02:58.132,2.0,0,1,startup,False,5.894128936806173,17.190355713905877,12
normal,16523,normal_0495,21,2022-07-12 01:02:58.232,2.1,0,1,startup,False,6.6964501425999,17.190355713905877,12
normal,16524,normal_0495,22,2022-07-12 01:02:58.332,2.2,0,1,startup,False,10.00332769130264,17.190355713905877,12
normal,16525,normal_0495,23,2022-07-12 01:02:58.432,2.3,0,1,startup,False,7.003247269460188,17.190355713905877,12
normal,16526,normal_0495,24,2022-07-12 01:02:58.532,2.4,0,1,startup,False,4.691947813590133,17.190355713905877,12
normal,16527,normal_0495,25,2022-07-12 01:02:58.632,2.5,0,1,startup,False,6.49970191553307,17.190355713905877,12
normal,16528,normal_0495,26,2022-07-12 01:02:58.732,2.6,0,1,startup,False,7.127500785306827,17.190355713905877,12
normal,16529,normal_0496,0,2022-07-12 01:03:04.194,0.0,0,1,startup,False,3.1931652927060648,8.528429503027562,3
normal,16530,normal_0496,1,2022-07-12 01:03:04.294,0.1,0,1,startup,False,4.855160551605726,12.144759502448782,6
normal,16531,normal_0496,2,2022-07-12 01:03:04.394,0.2,0,1,startup,False,6.577701105378479,14.132739481471942,9
normal,16532,normal_0496,3,2022-07-12 01:03:04.494,0.3,0,1,startup,False,6.122377841648531,17.190355713905877,12
normal,16533,normal_0496,4,2022-07-12 01:03:04.594,0.4,0,1,startup,False,4.708976312697915,17.190355713905877,12
normal,16534,normal_0496,5,2022-07-12 01:03:04.694,0.5,0,1,startup,False,4.36132323962931,17.190355713905877,12
normal,16535,normal_0496,6,2022-07-12 01:03:04.794,0.6,0,1,startup,False,6.927047115658551,17.190355713905877,12
normal,16536,normal_0496,7,2022-07-12 01:03:04.894,0.7,0,1,startup,False,6.207453852712291,17.190355713905877,12
normal,16537,normal_0496,8,2022-07-12 01:03:04.994,0.8,0,1,startup,False,5.1172211011362885,17.190355713905877,12
normal,16538,normal_0496,9,2022-07-12 01:03:05.094,0.9,0,1,startup,False,4.967105596454682,17.190355713905877,12
normal,16539,normal_0496,10,2022-07-12 01:03:05.194,1.0,0,1,startup,False,4.440900638916324,17.190355713905877,12
normal,16540,normal_0496,11,2022-07-12 01:03:05.294,1.1,0,1,startup,False,3.8593886362312135,17.190355713905877,12
normal,16541,normal_0496,12,2022-07-12 01:03:05.394,1.2,0,1,startup,False,5.0007013215433735,17.190355713905877,12
normal,16542,normal_0496,13,2022-07-12 01:03:05.494,1.3,0,1,startup,False,5.346359264208516,17.190355713905877,12
normal,16543,normal_0496,14,2022-07-12 01:03:05.594,1.4,0,1,startup,False,5.240324617290833,17.190355713905877,12
normal,16544,normal_0497,0,2022-07-12 01:03:12.228,0.0,0,1,startup,False,3.184770930702041,8.528429503027562,3
normal,16545,normal_0497,1,2022-07-12 01:03:12.328,0.1,0,1,startup,False,5.29469473694889,12.144759502448782,6
normal,16546,normal_0497,2,2022-07-12 01:03:12.428,0.2,0,1,startup,False,5.805903976201733,14.132739481471942,9
normal,16547,normal_0497,3,2022-07-12 01:03:12.528,0.3,0,1,startup,False,6.354281366464256,17.190355713905877,12
normal,16548,normal_0497,4,2022-07-12 01:03:12.628,0.4,0,1,startup,False,6.409902099222987,17.190355713905877,12
normal,16549,normal_0497,5,2022-07-12 01:03:12.728,0.5,0,1,startup,False,6.326998500570971,17.190355713905877,12
normal,16550,normal_0497,6,2022-07-12 01:03:12.828,0.6,0,1,startup,False,5.1088394916567355,17.190355713905877,12
normal,16551,normal_0497,7,2022-07-12 01:03:12.928,0.7,0,1,startup,False,5.5828580726686745,17.190355713905877,12
normal,16552,normal_0497,8,2022-07-12 01:03:13.028,0.8,0,1,startup,False,3.67122982305958,17.190355713905877,12
normal,16553,normal_0497,9,2022-07-12 01:03:13.128,0.9,0,1,startup,False,3.386173281880425,17.190355713905877,12
normal,16554,normal_0497,10,2022-07-12 01:03:13.228,1.0,0,1,startup,False,4.71242148822088,17.190355713905877,12
normal,16555,normal_0497,11,2022-07-12 01:03:13.328,1.1,0,1,startup,False,6.124137494783316,17.190355713905877,12
normal,16556,normal_0497,12,2022-07-12 01:03:13.428,1.2,0,1,startup,False,5.521241234322014,17.190355713905877,12
normal,16557,normal_0498,0,2022-07-12 01:03:22.041,0.0,0,1,startup,False,3.133399998371888,8.528429503027562,3
normal,16558,normal_0498,1,2022-07-12 01:03:22.141,0.1,0,1,startup,False,7.081087998977867,12.144759502448782,6
normal,16559,normal_0498,2,2022-07-12 01:03:22.241,0.2,0,1,startup,False,6.394118083035384,14.132739481471942,9
normal,16560,normal_0498,3,2022-07-12 01:03:22.341,0.3,0,1,startup,False,6.22949999248085,17.190355713905877,12
normal,16561,normal_0498,4,2022-07-12 01:03:22.441,0.4,0,1,startup,False,6.615816486060593,17.190355713905877,12
normal,16562,normal_0498,5,2022-07-12 01:03:22.541,0.5,0,1,startup,False,6.862011265014979,17.190355713905877,12
normal,16563,normal_0498,6,2022-07-12 01:03:22.641,0.6,0,1,startup,False,5.636837814919232,17.190355713905877,12
normal,16564,normal_0498,7,2022-07-12 01:03:22.741,0.7,0,1,startup,False,6.117527017916889,17.190355713905877,12
normal,16565,normal_0498,8,2022-07-12 01:03:22.841,0.8,0,1,startup,False,4.9887052459598165,17.190355713905877,12
normal,16566,normal_0498,9,2022-07-12 01:03:22.941,0.9,0,1,startup,False,5.342835349372572,17.190355713905877,12
normal,16567,normal_0498,10,2022-07-12 01:03:23.041,1.0,0,1,startup,False,4.82523420476531,17.190355713905877,12
normal,16568,normal_0498,11,2022-07-12 01:03:23.141,1.1,0,1,startup,False,3.261875374815528,17.190355713905877,12
normal,16569,normal_0498,12,2022-07-12 01:03:23.241,1.2,0,1,startup,False,4.258338717598638,17.190355713905877,12
normal,16570,normal_0498,13,2022-07-12 01:03:23.341,1.3,0,1,startup,False,3.9575888275258704,17.190355713905877,12
normal,16571,normal_0498,14,2022-07-12 01:03:23.441,1.4,0,1,startup,False,3.353618909229771,17.190355713905877,12
normal,16572,normal_0498,15,2022-07-12 01:03:23.541,1.5,0,1,startup,False,3.6091961884887014,17.190355713905877,12
normal,16573,normal_0498,16,2022-07-12 01:03:23.641,1.6,0,1,startup,False,4.494172383947109,17.190355713905877,12
normal,16574,normal_0498,17,2022-07-12 01:03:23.741,1.7,0,1,startup,False,3.503786500214405,17.190355713905877,12
normal,16575,normal_0498,18,2022-07-12 01:03:23.841,1.8,0,1,startup,False,4.5228977070814675,17.190355713905877,12
normal,16576,normal_0498,19,2022-07-12 01:03:23.941,1.9,0,1,startup,False,4.058484254618997,17.190355713905877,12
normal,16577,normal_0498,20,2022-07-12 01:03:24.041,2.0,0,1,startup,False,4.772303691536198,17.190355713905877,12
normal,16578,normal_0498,21,2022-07-12 01:03:24.141,2.1,0,1,startup,False,3.8478684560864833,17.190355713905877,12
normal,16579,normal_0498,22,2022-07-12 01:03:24.241,2.2,0,1,startup,False,4.630492443067402,17.190355713905877,12
normal,16580,normal_0498,23,2022-07-12 01:03:24.341,2.3,0,1,startup,False,5.166067783914915,17.190355713905877,12
normal,16581,normal_0498,24,2022-07-12 01:03:24.441,2.4,0,1,startup,False,5.01658203407962,17.190355713905877,12
normal,16582,normal_0498,25,2022-07-12 01:03:24.541,2.5,0,1,startup,False,4.920951287813095,17.190355713905877,12
normal,16583,normal_0498,26,2022-07-12 01:03:24.641,2.6,0,1,startup,False,6.250635976584523,17.190355713905877,12
normal,16584,normal_0498,27,2022-07-12 01:03:24.741,2.7,0,1,startup,False,6.361258475221251,17.190355713905877,12
normal,16585,normal_0498,28,2022-07-12 01:03:24.841,2.8,0,1,startup,False,4.6897927386392215,17.190355713905877,12
normal,16586,normal_0498,29,2022-07-12 01:03:24.941,2.9,0,1,startup,False,6.816801799670625,17.190355713905877,12
normal,16587,normal_0498,30,2022-07-12 01:03:25.041,3.0,0,1,startup,False,5.924677968094622,17.190355713905877,12
normal,16588,normal_0498,31,2022-07-12 01:03:25.141,3.1,0,1,startup,False,4.903906915006046,17.190355713905877,12
normal,16589,normal_0498,32,2022-07-12 01:03:25.241,3.2,0,1,startup,False,4.559730359531339,17.190355713905877,12
normal,16590,normal_0498,33,2022-07-12 01:03:25.341,3.3,0,1,startup,False,6.335504288320106,17.190355713905877,12
normal,16591,normal_0498,34,2022-07-12 01:03:25.441,3.4,0,1,startup,False,6.689373651789082,17.190355713905877,12
normal,16592,normal_0498,35,2022-07-12 01:03:25.541,3.5,0,1,startup,False,5.36370621088127,17.190355713905877,12
normal,16593,normal_0498,36,2022-07-12 01:03:25.641,3.6,0,1,startup,False,6.2821059313962335,17.190355713905877,12
normal,16594,normal_0498,37,2022-07-12 01:03:25.741,3.7,0,1,startup,False,4.996686868786587,17.190355713905877,12
normal,16595,normal_0498,38,2022-07-12 01:03:25.841,3.8,0,1,startup,False,5.225739843159292,17.190355713905877,12
normal,16596,normal_0498,39,2022-07-12 01:03:25.941,3.9,0,1,startup,False,4.2451456587705865,17.190355713905877,12
normal,16597,normal_0498,40,2022-07-12 01:03:26.041,4.0,0,1,startup,False,6.656106991965294,17.190355713905877,12
normal,16598,normal_0498,41,2022-07-12 01:03:26.141,4.1,0,1,startup,False,6.812092077825408,17.190355713905877,12
normal,16599,normal_0498,42,2022-07-12 01:03:26.241,4.2,0,1,startup,False,5.547209621798382,17.190355713905877,12
normal,16600,normal_0498,43,2022-07-12 01:03:26.341,4.3,0,1,startup,False,6.280223746044127,17.190355713905877,12
normal,16601,normal_0498,44,2022-07-12 01:03:26.441,4.4,0,1,startup,False,6.775163766388651,17.190355713905877,12
normal,16602,normal_0498,45,2022-07-12 01:03:26.541,4.5,0,1,startup,False,6.5363247890311555,17.190355713905877,12
normal,16603,normal_0498,46,2022-07-12 01:03:26.641,4.6,0,1,startup,False,5.474566565787801,17.190355713905877,12
normal,16604,normal_0498,47,2022-07-12 01:03:26.741,4.7,0,1,startup,False,6.6211179402048135,17.190355713905877,12
normal,16605,normal_0498,48,2022-07-12 01:03:26.841,4.8,0,1,startup,False,6.260798322147536,17.190355713905877,12
normal,16606,normal_0498,49,2022-07-12 01:03:26.941,4.9,0,1,startup,False,6.050975612933827,17.190355713905877,12
normal,16607,normal_0499,0,2022-07-12 01:03:29.848,0.0,0,1,startup,False,2.747354701145912,8.528429503027562,3
normal,16608,normal_0499,1,2022-07-12 01:03:29.948,0.1,0,1,startup,False,4.3654032936045875,12.144759502448782,6
normal,16609,normal_0499,2,2022-07-12 01:03:30.048,0.2,0,1,startup,False,4.751616473789844,14.132739481471942,9
normal,16610,normal_0499,3,2022-07-12 01:03:30.148,0.3,0,1,startup,False,3.9881226492451765,17.190355713905877,12
normal,16611,normal_0499,4,2022-07-12 01:03:30.248,0.4,0,1,startup,False,3.9800261393979928,17.190355713905877,12
normal,16612,normal_0499,5,2022-07-12 01:03:30.348,0.5,0,1,startup,False,2.775330960792207,17.190355713905877,12
normal,16613,normal_0499,6,2022-07-12 01:03:30.448,0.6,0,1,startup,False,4.558153576386697,17.190355713905877,12
normal,16614,normal_0499,7,2022-07-12 01:03:30.548,0.7,0,1,startup,False,5.174773302938354,17.190355713905877,12
normal,16615,normal_0499,8,2022-07-12 01:03:30.648,0.8,0,1,startup,False,5.06756070745802,17.190355713905877,12
normal,16616,normal_0499,9,2022-07-12 01:03:30.748,0.9,0,1,startup,False,5.762882425684344,17.190355713905877,12
normal,16617,normal_0499,10,2022-07-12 01:03:30.848,1.0,0,1,startup,False,5.311067666402648,17.190355713905877,12
normal,16618,normal_0499,11,2022-07-12 01:03:30.948,1.1,0,1,startup,False,5.227735366134691,17.190355713905877,12
normal,16619,normal_0499,12,2022-07-12 01:03:31.048,1.2,0,1,startup,False,4.431344916033207,17.190355713905877,12
normal,16620,normal_0499,13,2022-07-12 01:03:31.148,1.3,0,1,startup,False,5.156891171899752,17.190355713905877,12
normal,16621,normal_0499,14,2022-07-12 01:03:31.248,1.4,0,1,startup,False,4.995603645194053,17.190355713905877,12
normal,16622,normal_0499,15,2022-07-12 01:03:31.348,1.5,0,1,startup,False,5.327244285531443,17.190355713905877,12
normal,16623,normal_0499,16,2022-07-12 01:03:31.448,1.6,0,1,startup,False,3.4277038034428897,17.190355713905877,12
normal,16624,normal_0499,17,2022-07-12 01:03:31.548,1.7,0,1,startup,False,5.990788816705508,17.190355713905877,12
normal,16625,normal_0499,18,2022-07-12 01:03:31.648,1.8,0,1,startup,False,5.0525720329802235,17.190355713905877,12
normal,16626,normal_0499,19,2022-07-12 01:03:31.748,1.9,0,1,startup,False,3.779128061505304,17.190355713905877,12
normal,16627,normal_0499,20,2022-07-12 01:03:31.848,2.0,0,1,startup,False,4.440373180998387,17.190355713905877,12
normal,16628,normal_0499,21,2022-07-12 01:03:31.948,2.1,0,1,startup,False,6.201758330948485,17.190355713905877,12
normal,16629,normal_0499,22,2022-07-12 01:03:32.048,2.2,0,1,startup,False,6.357683389961518,17.190355713905877,12
normal,16630,normal_0499,23,2022-07-12 01:03:32.148,2.3,0,1,startup,False,6.865305892407032,17.190355713905877,12
normal,16631,normal_0499,24,2022-07-12 01:03:32.248,2.4,0,1,startup,False,7.607735734041845,17.190355713905877,12
normal,16632,normal_0499,25,2022-07-12 01:03:32.348,2.5,0,1,startup,False,9.059562356221003,17.190355713905877,12
normal,16633,normal_0499,26,2022-07-12 01:03:32.448,2.6,0,1,startup,False,8.06909155723318,17.190355713905877,12
normal,16634,normal_0499,27,2022-07-12 01:03:32.548,2.7,0,1,startup,False,3.8294839997101406,17.190355713905877,12
normal,16635,normal_0499,28,2022-07-12 01:03:32.648,2.8,0,1,startup,False,4.223744060389791,17.190355713905877,12
normal,16636,normal_0499,29,2022-07-12 01:03:32.748,2.9,0,1,startup,False,4.480437520941116,17.190355713905877,12
normal,16637,normal_0499,30,2022-07-12 01:03:32.848,3.0,0,1,startup,False,3.463913101736756,17.190355713905877,12
normal,16638,normal_0499,31,2022-07-12 01:03:32.948,3.1,0,1,startup,False,4.302325529973133,17.190355713905877,12
normal,16639,normal_0499,32,2022-07-12 01:03:33.048,3.2,0,1,startup,False,4.115710790371043,17.190355713905877,12
normal,16640,normal_0499,33,2022-07-12 01:03:33.148,3.3,0,1,startup,False,4.138025734726851,17.190355713905877,12
normal,16641,normal_0499,34,2022-07-12 01:03:33.248,3.4,0,1,startup,False,5.552207558270494,17.190355713905877,12
normal,16642,normal_0499,35,2022-07-12 01:03:33.348,3.5,0,1,startup,False,4.656123015816484,17.190355713905877,12
normal,16643,normal_0499,36,2022-07-12 01:03:33.448,3.6,0,1,startup,False,4.811292442313056,17.190355713905877,12
normal,16644,normal_0499,37,2022-07-12 01:03:33.548,3.7,0,1,startup,False,4.306740437012592,17.190355713905877,12
normal,16645,normal_0499,38,2022-07-12 01:03:33.648,3.8,0,1,startup,False,4.384188926013468,17.190355713905877,12
normal,16646,normal_0499,39,2022-07-12 01:03:33.748,3.9,0,1,startup,False,5.373528725788471,17.190355713905877,12
normal,16647,normal_0499,40,2022-07-12 01:03:33.848,4.0,0,1,startup,False,5.570595528182222,17.190355713905877,12
normal,16648,normal_0499,41,2022-07-12 01:03:33.948,4.1,0,1,startup,False,4.8885700100619935,17.190355713905877,12
normal,16649,normal_0499,42,2022-07-12 01:03:34.048,4.2,0,1,startup,False,7.0221806111156555,17.190355713905877,12
normal,16650,normal_0499,43,2022-07-12 01:03:34.148,4.3,0,1,startup,False,6.230274616776597,17.190355713905877,12
normal,16651,normal_0499,44,2022-07-12 01:03:34.248,4.4,0,1,startup,False,3.2543424060518533,17.190355713905877,12
normal,16652,normal_0499,45,2022-07-12 01:03:34.348,4.5,0,1,startup,False,4.194073749520904,17.190355713905877,12
normal,16653,normal_0499,46,2022-07-12 01:03:34.448,4.6,0,1,startup,False,6.2807810974655345,17.190355713905877,12
normal,16654,normal_0499,47,2022-07-12 01:03:34.548,4.7,0,1,startup,False,5.480305962895105,17.190355713905877,12
normal,16655,normal_0499,48,2022-07-12 01:03:34.648,4.8,0,1,startup,False,5.2654565231155805,17.190355713905877,12
normal,16656,normal_0499,49,2022-07-12 01:03:34.748,4.9,0,1,startup,False,5.827172504721096,17.190355713905877,12
normal,16657,normal_0500,0,2022-07-12 01:03:36.502,0.0,0,1,startup,False,3.787735300352345,8.528429503027562,3
normal,16658,normal_0500,1,2022-07-12 01:03:36.602,0.1,0,1,startup,False,5.969709287877644,12.144759502448782,6
normal,16659,normal_0500,2,2022-07-12 01:03:36.702,0.2,0,1,startup,False,7.237327025964196,14.132739481471942,9
normal,16660,normal_0500,3,2022-07-12 01:03:36.802,0.3,0,1,startup,False,6.385476187195161,17.190355713905877,12
normal,16661,normal_0500,4,2022-07-12 01:03:36.902,0.4,0,1,startup,False,5.248444840388722,17.190355713905877,12
normal,16662,normal_0500,5,2022-07-12 01:03:37.002,0.5,0,1,startup,False,5.737041686087539,17.190355713905877,12
normal,16663,normal_0500,6,2022-07-12 01:03:37.102,0.6,0,1,startup,False,7.326275144873592,17.190355713905877,12
normal,16664,normal_0500,7,2022-07-12 01:03:37.202,0.7,0,1,startup,False,6.392381923814087,17.190355713905877,12
normal,16665,normal_0500,8,2022-07-12 01:03:37.302,0.8,0,1,startup,False,4.657481468968311,17.190355713905877,12
normal,16666,normal_0500,9,2022-07-12 01:03:37.402,0.9,0,1,startup,False,4.4452220734528565,17.190355713905877,12
normal,16667,normal_0500,10,2022-07-12 01:03:37.502,1.0,0,1,startup,False,5.82605771746218,17.190355713905877,12
normal,16668,normal_0500,11,2022-07-12 01:03:37.602,1.1,0,1,startup,False,5.499934976786582,17.190355713905877,12
normal,16669,normal_0500,12,2022-07-12 01:03:37.702,1.2,0,1,startup,False,4.619727850824889,17.190355713905877,12
normal,16670,normal_0500,13,2022-07-12 01:03:37.802,1.3,0,1,startup,False,5.406333888540165,17.190355713905877,12
normal,16671,normal_0500,14,2022-07-12 01:03:37.902,1.4,0,1,startup,False,5.573095620260981,17.190355713905877,12
normal,16672,normal_0500,15,2022-07-12 01:03:38.002,1.5,0,1,startup,False,4.664369837709257,17.190355713905877,12
normal,16673,normal_0500,16,2022-07-12 01:03:38.102,1.6,0,1,startup,False,6.721315287343688,17.190355713905877,12
normal,16674,normal_0500,17,2022-07-12 01:03:38.202,1.7,0,1,startup,False,6.8470818758519085,17.190355713905877,12
normal,16675,normal_0500,18,2022-07-12 01:03:38.302,1.8,0,1,startup,False,5.55400740121834,17.190355713905877,12
normal,16676,normal_0500,19,2022-07-12 01:03:38.402,1.9,0,1,startup,False,4.388466183056242,17.190355713905877,12
normal,16677,normal_0500,20,2022-07-12 01:03:38.502,2.0,0,1,startup,False,5.119062001696406,17.190355713905877,12
normal,16678,normal_0500,21,2022-07-12 01:03:38.602,2.1,0,1,startup,False,5.190752072945823,17.190355713905877,12
normal,16679,normal_0500,22,2022-07-12 01:03:38.702,2.2,0,1,startup,False,4.698889454985796,17.190355713905877,12
normal,16680,normal_0500,23,2022-07-12 01:03:38.802,2.3,0,1,startup,False,5.79661826344556,17.190355713905877,12
normal,16681,normal_0500,24,2022-07-12 01:03:38.902,2.4,0,1,startup,False,8.13266433392393,17.190355713905877,12
normal,16682,normal_0500,25,2022-07-12 01:03:39.002,2.5,0,1,startup,False,7.131858261977914,17.190355713905877,12
normal,16683,normal_0500,26,2022-07-12 01:03:39.102,2.6,0,1,startup,False,4.9440754961128,17.190355713905877,12
normal,16684,normal_0500,27,2022-07-12 01:03:39.202,2.7,0,1,startup,False,7.722184717562726,17.190355713905877,12
normal,16685,normal_0500,28,2022-07-12 01:03:39.302,2.8,0,1,startup,False,9.058505920077012,17.190355713905877,12
normal,16686,normal_0500,29,2022-07-12 01:03:39.402,2.9,0,1,startup,False,6.98022178201538,17.190355713905877,12
normal,16687,normal_0500,30,2022-07-12 01:03:39.502,3.0,0,1,startup,False,6.24818198070014,17.190355713905877,12
normal,16688,normal_0500,31,2022-07-12 01:03:39.602,3.1,0,1,startup,False,7.407775071650201,17.190355713905877,12
normal,16689,normal_0500,32,2022-07-12 01:03:39.702,3.2,0,1,startup,False,6.9323244177168934,17.190355713905877,12
normal,16690,normal_0500,33,2022-07-12 01:03:39.802,3.3,0,1,startup,False,6.888290208294158,17.190355713905877,12
normal,16691,normal_0500,34,2022-07-12 01:03:39.902,3.4,0,1,startup,False,7.850054552429936,17.190355713905877,12
normal,16692,normal_0500,35,2022-07-12 01:03:40.002,3.5,0,1,startup,False,6.316663332740128,17.190355713905877,12
normal,16693,normal_0500,36,2022-07-12 01:03:40.102,3.6,0,1,startup,False,5.429673387709684,17.190355713905877,12
normal,16694,normal_0500,37,2022-07-12 01:03:40.202,3.7,0,1,startup,False,4.468548257609996,17.190355713905877,12
normal,16695,normal_0500,38,2022-07-12 01:03:40.302,3.8,0,1,startup,False,7.454038856310264,17.190355713905877,12
normal,16696,normal_0500,39,2022-07-12 01:03:40.402,3.9,0,1,startup,False,9.012882325618765,17.190355713905877,12
normal,16697,normal_0500,40,2022-07-12 01:03:40.502,4.0,0,1,startup,False,7.684684709337934,17.190355713905877,12
normal,16698,normal_0500,41,2022-07-12 01:03:40.602,4.1,0,1,startup,False,8.349476816420951,17.190355713905877,12
normal,16699,normal_0500,42,2022-07-12 01:03:40.702,4.2,0,1,startup,False,9.573761866813339,17.190355713905877,12
normal,16700,normal_0500,43,2022-07-12 01:03:40.802,4.3,0,1,startup,False,8.487789326656426,17.190355713905877,12
normal,16701,normal_0500,44,2022-07-12 01:03:40.902,4.4,0,1,startup,False,8.022247955402644,17.190355713905877,12
normal,16702,normal_0500,45,2022-07-12 01:03:41.002,4.5,0,1,startup,False,10.250623061346193,17.190355713905877,12
normal,16703,normal_0500,46,2022-07-12 01:03:41.102,4.6,0,1,startup,False,9.509617613950166,17.190355713905877,12
normal,16704,normal_0500,47,2022-07-12 01:03:41.202,4.7,0,1,startup,False,6.521569920381365,17.190355713905877,12
normal,16705,normal_0500,48,2022-07-12 01:03:41.302,4.8,0,1,startup,False,6.920586049509716,17.190355713905877,12
normal,16706,normal_0500,49,2022-07-12 01:03:41.402,4.9,0,1,startup,False,9.080854349322765,17.190355713905877,12
normal,16707,normal_0501,0,2022-07-12 01:03:44.460,0.0,0,1,startup,False,2.736879614963341,8.528429503027562,3
normal,16708,normal_0501,1,2022-07-12 01:03:44.560,0.1,0,1,startup,False,4.691972774830829,12.144759502448782,6
normal,16709,normal_0501,2,2022-07-12 01:03:44.660,0.2,0,1,startup,False,5.515212826150178,14.132739481471942,9
normal,16710,normal_0501,3,2022-07-12 01:03:44.760,0.3,0,1,startup,False,5.052196208109925,17.190355713905877,12
normal,16711,normal_0501,4,2022-07-12 01:03:44.860,0.4,0,1,startup,False,5.9460997830182425,17.190355713905877,12
normal,16712,normal_0501,5,2022-07-12 01:03:44.960,0.5,0,1,startup,False,5.0573532788189235,17.190355713905877,12
normal,16713,normal_0501,6,2022-07-12 01:03:45.060,0.6,0,1,startup,False,7.602182290927644,17.190355713905877,12
normal,16714,normal_0501,7,2022-07-12 01:03:45.160,0.7,0,1,startup,False,8.97378371994678,17.190355713905877,12
normal,16715,normal_0501,8,2022-07-12 01:03:45.260,0.8,0,1,startup,False,8.342040517263833,17.190355713905877,12
normal,16716,normal_0501,9,2022-07-12 01:03:45.360,0.9,0,1,startup,False,8.707227320474095,17.190355713905877,12
normal,16717,normal_0501,10,2022-07-12 01:03:45.460,1.0,0,1,startup,False,8.363157877664696,17.190355713905877,12
normal,16718,normal_0501,11,2022-07-12 01:03:45.560,1.1,0,1,startup,False,5.164303484128124,17.190355713905877,12
normal,16719,normal_0501,12,2022-07-12 01:03:45.660,1.2,0,1,startup,False,4.688139435133655,17.190355713905877,12
normal,16720,normal_0501,13,2022-07-12 01:03:45.760,1.3,0,1,startup,False,5.582931505122546,17.190355713905877,12
normal,16721,normal_0501,14,2022-07-12 01:03:45.860,1.4,0,1,startup,False,4.75776446179041,17.190355713905877,12
normal,16722,normal_0501,15,2022-07-12 01:03:45.960,1.5,0,1,startup,False,5.681068379379455,17.190355713905877,12
normal,16723,normal_0501,16,2022-07-12 01:03:46.060,1.6,0,1,startup,False,4.100472886749379,17.190355713905877,12
normal,16724,normal_0501,17,2022-07-12 01:03:46.160,1.7,0,1,startup,False,4.537891664658373,17.190355713905877,12
normal,16725,normal_0501,18,2022-07-12 01:03:46.260,1.8,0,1,startup,False,5.179001018888613,17.190355713905877,12
normal,16726,normal_0501,19,2022-07-12 01:03:46.360,1.9,0,1,startup,False,5.90389456561118,17.190355713905877,12
normal,16727,normal_0501,20,2022-07-12 01:03:46.460,2.0,0,1,startup,False,4.434406914419113,17.190355713905877,12
normal,16728,normal_0501,21,2022-07-12 01:03:46.560,2.1,0,1,startup,False,4.524499497574448,17.190355713905877,12
normal,16729,normal_0501,22,2022-07-12 01:03:46.660,2.2,0,1,startup,False,4.742474892963616,17.190355713905877,12
normal,16730,normal_0501,23,2022-07-12 01:03:46.760,2.3,0,1,startup,False,5.359257450483889,17.190355713905877,12
normal,16731,normal_0501,24,2022-07-12 01:03:46.860,2.4,0,1,startup,False,6.934862988316107,17.190355713905877,12
normal,16732,normal_0501,25,2022-07-12 01:03:46.960,2.5,0,1,startup,False,6.199809102211606,17.190355713905877,12
normal,16733,normal_0501,26,2022-07-12 01:03:47.060,2.6,0,1,startup,False,9.512440047676172,17.190355713905877,12
normal,16734,normal_0501,27,2022-07-12 01:03:47.160,2.7,0,1,startup,False,6.058178085106485,17.190355713905877,12
normal,16735,normal_0501,28,2022-07-12 01:03:47.260,2.8,0,1,startup,False,5.085429804341804,17.190355713905877,12
normal,16736,normal_0501,29,2022-07-12 01:03:47.360,2.9,0,1,startup,False,6.1940062226554575,17.190355713905877,12
normal,16737,normal_0501,30,2022-07-12 01:03:47.460,3.0,0,1,startup,False,7.291937975144084,17.190355713905877,12
normal,16738,normal_0501,31,2022-07-12 01:03:47.560,3.1,0,1,startup,False,5.7018039513901,17.190355713905877,12
normal,16739,normal_0501,32,2022-07-12 01:03:47.660,3.2,0,1,startup,False,5.576306654329825,17.190355713905877,12
normal,16740,normal_0501,33,2022-07-12 01:03:47.760,3.3,0,1,startup,False,4.869979843990661,17.190355713905877,12
normal,16741,normal_0501,34,2022-07-12 01:03:47.860,3.4,0,1,startup,False,5.719069945244754,17.190355713905877,12
normal,16742,normal_0501,35,2022-07-12 01:03:47.960,3.5,0,1,startup,False,8.441455190938449,17.190355713905877,12
normal,16743,normal_0501,36,2022-07-12 01:03:48.060,3.6,0,1,startup,False,5.932337484463665,17.190355713905877,12
normal,16744,normal_0502,0,2022-07-12 01:03:52.400,0.0,0,1,startup,False,2.682840657619514,8.528429503027562,3
normal,16745,normal_0502,1,2022-07-12 01:03:52.500,0.1,0,1,startup,False,3.806315353719566,12.144759502448782,6
normal,16746,normal_0502,2,2022-07-12 01:03:52.600,0.2,0,1,startup,False,4.6917624953015675,14.132739481471942,9
normal,16747,normal_0502,3,2022-07-12 01:03:52.700,0.3,0,1,startup,False,4.632760585584829,17.190355713905877,12
normal,16748,normal_0502,4,2022-07-12 01:03:52.800,0.4,0,1,startup,False,4.514631214628881,17.190355713905877,12
normal,16749,normal_0502,5,2022-07-12 01:03:52.900,0.5,0,1,startup,False,5.567632665980215,17.190355713905877,12
normal,16750,normal_0502,6,2022-07-12 01:03:53.000,0.6,0,1,startup,False,5.273022461520545,17.190355713905877,12
normal,16751,normal_0502,7,2022-07-12 01:03:53.100,0.7,0,1,startup,False,9.114318843126759,17.190355713905877,12
normal,16752,normal_0502,8,2022-07-12 01:03:53.200,0.8,0,1,startup,False,6.831984464356882,17.190355713905877,12
normal,16753,normal_0502,9,2022-07-12 01:03:53.300,0.9,0,1,startup,False,7.820214468560655,17.190355713905877,12
normal,16754,normal_0502,10,2022-07-12 01:03:53.400,1.0,0,1,startup,False,6.992638806776369,17.190355713905877,12
normal,16755,normal_0502,11,2022-07-12 01:03:53.500,1.1,0,1,startup,False,6.36737533020972,17.190355713905877,12
normal,16756,normal_0502,12,2022-07-12 01:03:53.600,1.2,0,1,startup,False,4.932492755964948,17.190355713905877,12
normal,16757,normal_0502,13,2022-07-12 01:03:53.700,1.3,0,1,startup,False,6.823623515115953,17.190355713905877,12
normal,16758,normal_0502,14,2022-07-12 01:03:53.800,1.4,0,1,startup,False,6.925069189290382,17.190355713905877,12
normal,16759,normal_0502,15,2022-07-12 01:03:53.900,1.5,0,1,startup,False,6.552104322856497,17.190355713905877,12
normal,16760,normal_0502,16,2022-07-12 01:03:54.000,1.6,0,1,startup,False,7.682219507629197,17.190355713905877,12
normal,16761,normal_0502,17,2022-07-12 01:03:54.100,1.7,0,1,startup,False,4.841181428249889,17.190355713905877,12
normal,16762,normal_0502,18,2022-07-12 01:03:54.200,1.8,0,1,startup,False,5.312122054168156,17.190355713905877,12
normal,16763,normal_0502,19,2022-07-12 01:03:54.300,1.9,0,1,startup,False,4.2652247139074415,17.190355713905877,12
normal,16764,normal_0502,20,2022-07-12 01:03:54.400,2.0,0,1,startup,False,6.20079780297765,17.190355713905877,12
normal,16765,normal_0502,21,2022-07-12 01:03:54.500,2.1,0,1,startup,False,6.753241942198589,17.190355713905877,12
normal,16766,normal_0502,22,2022-07-12 01:03:54.600,2.2,0,1,startup,False,6.267203056683999,17.190355713905877,12
normal,16767,normal_0502,23,2022-07-12 01:03:54.700,2.3,0,1,startup,False,6.493387885051959,17.190355713905877,12
normal,16768,normal_0503,0,2022-07-12 01:04:00.354,0.0,0,1,startup,False,3.0880337080965554,8.528429503027562,3
normal,16769,normal_0503,1,2022-07-12 01:04:00.454,0.1,0,1,startup,False,5.781700283353699,12.144759502448782,6
normal,16770,normal_0503,2,2022-07-12 01:04:00.554,0.2,0,1,startup,False,7.132876728069236,14.132739481471942,9
normal,16771,normal_0503,3,2022-07-12 01:04:00.654,0.3,0,1,startup,False,6.526455067047643,17.190355713905877,12
normal,16772,normal_0503,4,2022-07-12 01:04:00.754,0.4,0,1,startup,False,5.876577454432034,17.190355713905877,12
normal,16773,normal_0503,5,2022-07-12 01:04:00.854,0.5,0,1,startup,False,6.51620399066253,17.190355713905877,12
normal,16774,normal_0503,6,2022-07-12 01:04:00.954,0.6,0,1,startup,False,7.677346932444464,17.190355713905877,12
normal,16775,normal_0503,7,2022-07-12 01:04:01.054,0.7,0,1,startup,False,8.912078610955854,17.190355713905877,12
normal,16776,normal_0503,8,2022-07-12 01:04:01.154,0.8,0,1,startup,False,6.064633635820766,17.190355713905877,12
normal,16777,normal_0503,9,2022-07-12 01:04:01.254,0.9,0,1,startup,False,7.458725473839956,17.190355713905877,12
normal,16778,normal_0503,10,2022-07-12 01:04:01.354,1.0,0,1,startup,False,7.132413927466247,17.190355713905877,12
normal,16779,normal_0504,0,2022-07-12 01:04:08.260,0.0,0,1,startup,False,3.0949074350427366,8.528429503027562,3
normal,16780,normal_0504,1,2022-07-12 01:04:08.360,0.1,0,1,startup,False,5.726857287587996,12.144759502448782,6
normal,16781,normal_0504,2,2022-07-12 01:04:08.460,0.2,0,1,startup,False,6.4381261540039825,14.132739481471942,9
normal,16782,normal_0504,3,2022-07-12 01:04:08.560,0.3,0,1,startup,False,7.985141795597788,17.190355713905877,12
normal,16783,normal_0504,4,2022-07-12 01:04:08.660,0.4,0,1,startup,False,5.604200517132504,17.190355713905877,12
normal,16784,normal_0504,5,2022-07-12 01:04:08.760,0.5,0,1,startup,False,5.99710139098111,17.190355713905877,12
normal,16785,normal_0504,6,2022-07-12 01:04:08.860,0.6,0,1,startup,False,4.924913076083954,17.190355713905877,12
normal,16786,normal_0504,7,2022-07-12 01:04:08.960,0.7,0,1,startup,False,7.058772460407681,17.190355713905877,12
normal,16787,normal_0504,8,2022-07-12 01:04:09.060,0.8,0,1,startup,False,9.404439857119959,17.190355713905877,12
normal,16788,normal_0504,9,2022-07-12 01:04:09.160,0.9,0,1,startup,False,7.288953442008574,17.190355713905877,12
normal,16789,normal_0504,10,2022-07-12 01:04:09.260,1.0,0,1,startup,False,6.989531273678292,17.190355713905877,12
normal,16790,normal_0504,11,2022-07-12 01:04:09.360,1.1,0,1,startup,False,7.7264973023715875,17.190355713905877,12
normal,16791,normal_0504,12,2022-07-12 01:04:09.460,1.2,0,1,startup,False,7.850553836254545,17.190355713905877,12
normal,16792,normal_0505,0,2022-07-12 01:04:17.855,0.0,0,1,startup,False,3.0387482549089366,8.528429503027562,3
normal,16793,normal_0505,1,2022-07-12 01:04:17.955,0.1,0,1,startup,False,4.466251773661692,12.144759502448782,6
normal,16794,normal_0505,2,2022-07-12 01:04:18.055,0.2,0,1,startup,False,5.695815408631008,14.132739481471942,9
normal,16795,normal_0505,3,2022-07-12 01:04:18.155,0.3,0,1,startup,False,5.10368459597714,17.190355713905877,12
normal,16796,normal_0505,4,2022-07-12 01:04:18.255,0.4,0,1,startup,False,3.7046390744809266,17.190355713905877,12
normal,16797,normal_0505,5,2022-07-12 01:04:18.355,0.5,0,1,startup,False,6.205833479387644,17.190355713905877,12
normal,16798,normal_0505,6,2022-07-12 01:04:18.455,0.6,0,1,startup,False,6.353090674016588,17.190355713905877,12
normal,16799,normal_0505,7,2022-07-12 01:04:18.555,0.7,0,1,startup,False,5.283551292545019,17.190355713905877,12
normal,16800,normal_0505,8,2022-07-12 01:04:18.655,0.8,0,1,startup,False,5.620160850381505,17.190355713905877,12
normal,16801,normal_0505,9,2022-07-12 01:04:18.755,0.9,0,1,startup,False,8.779087492292456,17.190355713905877,12
normal,16802,normal_0505,10,2022-07-12 01:04:18.855,1.0,0,1,startup,False,8.511246897559053,17.190355713905877,12
normal,16803,normal_0505,11,2022-07-12 01:04:18.955,1.1,0,1,startup,False,4.831151435029171,17.190355713905877,12
normal,16804,normal_0505,12,2022-07-12 01:04:19.055,1.2,0,1,startup,False,6.680676924189636,17.190355713905877,12
normal,16805,normal_0505,13,2022-07-12 01:04:19.155,1.3,0,1,startup,False,6.7728556699558435,17.190355713905877,12
normal,16806,normal_0505,14,2022-07-12 01:04:19.255,1.4,0,1,startup,False,4.915161611968567,17.190355713905877,12
normal,16807,normal_0505,15,2022-07-12 01:04:19.355,1.5,0,1,startup,False,6.03065938933306,17.190355713905877,12
normal,16808,normal_0505,16,2022-07-12 01:04:19.455,1.6,0,1,startup,False,7.695436311507501,17.190355713905877,12
normal,16809,normal_0505,17,2022-07-12 01:04:19.555,1.7,0,1,startup,False,7.657806862338804,17.190355713905877,12
normal,16810,normal_0505,18,2022-07-12 01:04:19.655,1.8,0,1,startup,False,7.718061996456143,17.190355713905877,12
normal,16811,normal_0505,19,2022-07-12 01:04:19.755,1.9,0,1,startup,False,6.487300568623901,17.190355713905877,12
normal,16812,normal_0505,20,2022-07-12 01:04:19.855,2.0,0,1,startup,False,6.6963212852319804,17.190355713905877,12
normal,16813,normal_0505,21,2022-07-12 01:04:19.955,2.1,0,1,startup,False,5.772035839999166,17.190355713905877,12
normal,16814,normal_0505,22,2022-07-12 01:04:20.055,2.2,0,1,startup,False,6.5156448614358,17.190355713905877,12
normal,16815,normal_0505,23,2022-07-12 01:04:20.155,2.3,0,1,startup,False,5.900297384132286,17.190355713905877,12
normal,16816,normal_0505,24,2022-07-12 01:04:20.255,2.4,0,1,startup,False,6.205377527910119,17.190355713905877,12
normal,16817,normal_0505,25,2022-07-12 01:04:20.355,2.5,0,1,startup,False,4.034900687977291,17.190355713905877,12
normal,16818,normal_0505,26,2022-07-12 01:04:20.455,2.6,0,1,startup,False,6.462741833333,17.190355713905877,12
normal,16819,normal_0505,27,2022-07-12 01:04:20.555,2.7,0,1,startup,False,6.321147341399353,17.190355713905877,12
normal,16820,normal_0505,28,2022-07-12 01:04:20.655,2.8,0,1,startup,False,4.4872481500088295,17.190355713905877,12
normal,16821,normal_0505,29,2022-07-12 01:04:20.755,2.9,0,1,startup,False,4.185627062993295,17.190355713905877,12
normal,16822,normal_0505,30,2022-07-12 01:04:20.855,3.0,0,1,startup,False,4.908374431478469,17.190355713905877,12
normal,16823,normal_0505,31,2022-07-12 01:04:20.955,3.1,0,1,startup,False,4.223537874621626,17.190355713905877,12
normal,16824,normal_0505,32,2022-07-12 01:04:21.055,3.2,0,1,startup,False,4.205713436796798,17.190355713905877,12
normal,16825,normal_0505,33,2022-07-12 01:04:21.155,3.3,0,1,startup,False,4.723362688556088,17.190355713905877,12
normal,16826,normal_0505,34,2022-07-12 01:04:21.255,3.4,0,1,startup,False,6.249230186233145,17.190355713905877,12
normal,16827,normal_0505,35,2022-07-12 01:04:21.355,3.5,0,1,startup,False,5.840801567297875,17.190355713905877,12
normal,16828,normal_0505,36,2022-07-12 01:04:21.455,3.6,0,1,startup,False,4.062347514236225,17.190355713905877,12
normal,16829,normal_0505,37,2022-07-12 01:04:21.555,3.7,0,1,startup,False,4.559095086042217,17.190355713905877,12
normal,16830,normal_0505,38,2022-07-12 01:04:21.655,3.8,0,1,startup,False,5.079902171488945,17.190355713905877,12
normal,16831,normal_0505,39,2022-07-12 01:04:21.755,3.9,0,1,startup,False,4.234836239981695,17.190355713905877,12
normal,16832,normal_0505,40,2022-07-12 01:04:21.855,4.0,0,1,startup,False,5.5427418844372704,17.190355713905877,12
normal,16833,normal_0505,41,2022-07-12 01:04:21.955,4.1,0,1,startup,False,7.1076633720804185,17.190355713905877,12
normal,16834,normal_0505,42,2022-07-12 01:04:22.055,4.2,0,1,startup,False,6.328472881586145,17.190355713905877,12
normal,16835,normal_0505,43,2022-07-12 01:04:22.155,4.3,0,1,startup,False,6.894736879638298,17.190355713905877,12
normal,16836,normal_0505,44,2022-07-12 01:04:22.255,4.4,0,1,startup,False,7.141622124964758,17.190355713905877,12
normal,16837,normal_0505,45,2022-07-12 01:04:22.355,4.5,0,1,startup,False,6.692755548775168,17.190355713905877,12
normal,16838,normal_0505,46,2022-07-12 01:04:22.455,4.6,0,1,startup,False,6.051636135491064,17.190355713905877,12
normal,16839,normal_0505,47,2022-07-12 01:04:22.555,4.7,0,1,startup,False,4.323671438036492,17.190355713905877,12
normal,16840,normal_0505,48,2022-07-12 01:04:22.655,4.8,0,1,startup,False,6.724822203154568,17.190355713905877,12
normal,16841,normal_0505,49,2022-07-12 01:04:22.755,4.9,0,1,startup,False,7.483338517465331,17.190355713905877,12
normal,16842,normal_0506,0,2022-07-12 01:04:24.809,0.0,0,1,startup,False,3.0256437789884147,8.528429503027562,3
normal,16843,normal_0506,1,2022-07-12 01:04:24.909,0.1,0,1,startup,False,5.441248522625226,12.144759502448782,6
normal,16844,normal_0506,2,2022-07-12 01:04:25.009,0.2,0,1,startup,False,6.239917297780256,14.132739481471942,9
normal,16845,normal_0506,3,2022-07-12 01:04:25.109,0.3,0,1,startup,False,5.793301095353657,17.190355713905877,12
normal,16846,normal_0506,4,2022-07-12 01:04:25.209,0.4,0,1,startup,False,5.799617631946113,17.190355713905877,12
normal,16847,normal_0506,5,2022-07-12 01:04:25.309,0.5,0,1,startup,False,6.060144852446007,17.190355713905877,12
normal,16848,normal_0506,6,2022-07-12 01:04:25.409,0.6,0,1,startup,False,6.800518812708658,17.190355713905877,12
normal,16849,normal_0506,7,2022-07-12 01:04:25.509,0.7,0,1,startup,False,8.70345979335631,17.190355713905877,12
normal,16850,normal_0506,8,2022-07-12 01:04:25.609,0.8,0,1,startup,False,5.588728053961771,17.190355713905877,12
normal,16851,normal_0506,9,2022-07-12 01:04:25.709,0.9,0,1,startup,False,6.0464639756056515,17.190355713905877,12
normal,16852,normal_0506,10,2022-07-12 01:04:25.809,1.0,0,1,startup,False,5.674863148225879,17.190355713905877,12
normal,16853,normal_0506,11,2022-07-12 01:04:25.909,1.1,0,1,startup,False,4.464670553029332,17.190355713905877,12
normal,16854,normal_0506,12,2022-07-12 01:04:26.009,1.2,0,1,startup,False,5.315680884661776,17.190355713905877,12
normal,16855,normal_0506,13,2022-07-12 01:04:26.109,1.3,0,1,startup,False,8.014166575991242,17.190355713905877,12
normal,16856,normal_0506,14,2022-07-12 01:04:26.209,1.4,0,1,startup,False,7.509141668290807,17.190355713905877,12
normal,16857,normal_0506,15,2022-07-12 01:04:26.309,1.5,0,1,startup,False,6.185172552111813,17.190355713905877,12
normal,16858,normal_0506,16,2022-07-12 01:04:26.409,1.6,0,1,startup,False,6.295702381379645,17.190355713905877,12
normal,16859,normal_0506,17,2022-07-12 01:04:26.509,1.7,0,1,startup,False,6.901478525319093,17.190355713905877,12
normal,16860,normal_0506,18,2022-07-12 01:04:26.609,1.8,0,1,startup,False,6.142674287199742,17.190355713905877,12
normal,16861,normal_0506,19,2022-07-12 01:04:26.709,1.9,0,1,startup,False,4.7460140673706075,17.190355713905877,12
normal,16862,normal_0506,20,2022-07-12 01:04:26.809,2.0,0,1,startup,False,5.372607544541715,17.190355713905877,12
normal,16863,normal_0506,21,2022-07-12 01:04:26.909,2.1,0,1,startup,False,5.760227661613239,17.190355713905877,12
normal,16864,normal_0506,22,2022-07-12 01:04:27.009,2.2,0,1,startup,False,4.474618159159276,17.190355713905877,12
normal,16865,normal_0506,23,2022-07-12 01:04:27.109,2.3,0,1,startup,False,7.368454671879068,17.190355713905877,12
normal,16866,normal_0506,24,2022-07-12 01:04:27.209,2.4,0,1,startup,False,8.480573281270482,17.190355713905877,12
normal,16867,normal_0506,25,2022-07-12 01:04:27.309,2.5,0,1,startup,False,6.000846748683617,17.190355713905877,12
normal,16868,normal_0506,26,2022-07-12 01:04:27.409,2.6,0,1,startup,False,5.92618347781501,17.190355713905877,12
normal,16869,normal_0506,27,2022-07-12 01:04:27.509,2.7,0,1,startup,False,5.507351869655995,17.190355713905877,12
normal,16870,normal_0506,28,2022-07-12 01:04:27.609,2.8,0,1,startup,False,5.537599759142691,17.190355713905877,12
normal,16871,normal_0506,29,2022-07-12 01:04:27.709,2.9,0,1,startup,False,5.295424642464413,17.190355713905877,12
normal,16872,normal_0506,30,2022-07-12 01:04:27.809,3.0,0,1,startup,False,5.947842234378423,17.190355713905877,12
normal,16873,normal_0506,31,2022-07-12 01:04:27.909,3.1,0,1,startup,False,5.8255205557503515,17.190355713905877,12
normal,16874,normal_0506,32,2022-07-12 01:04:28.009,3.2,0,1,startup,False,5.08250162915125,17.190355713905877,12
normal,16875,normal_0506,33,2022-07-12 01:04:28.109,3.3,0,1,startup,False,3.515271606245064,17.190355713905877,12
normal,16876,normal_0506,34,2022-07-12 01:04:28.209,3.4,0,1,startup,False,4.849660510228016,17.190355713905877,12
normal,16877,normal_0506,35,2022-07-12 01:04:28.309,3.5,0,1,startup,False,4.964996626418659,17.190355713905877,12
normal,16878,normal_0506,36,2022-07-12 01:04:28.409,3.6,0,1,startup,False,4.6433055280582325,17.190355713905877,12
normal,16879,normal_0506,37,2022-07-12 01:04:28.509,3.7,0,1,startup,False,4.518773691957371,17.190355713905877,12
normal,16880,normal_0506,38,2022-07-12 01:04:28.609,3.8,0,1,startup,False,5.126239630535111,17.190355713905877,12
normal,16881,normal_0506,39,2022-07-12 01:04:28.709,3.9,0,1,startup,False,4.389535893570489,17.190355713905877,12
normal,16882,normal_0506,40,2022-07-12 01:04:28.809,4.0,0,1,startup,False,6.558956040544819,17.190355713905877,12
normal,16883,normal_0506,41,2022-07-12 01:04:28.909,4.1,0,1,startup,False,7.318495961011338,17.190355713905877,12
normal,16884,normal_0506,42,2022-07-12 01:04:29.009,4.2,0,1,startup,False,6.247602838896582,17.190355713905877,12
normal,16885,normal_0506,43,2022-07-12 01:04:29.109,4.3,0,1,startup,False,6.528763816565804,17.190355713905877,12
normal,16886,normal_0506,44,2022-07-12 01:04:29.209,4.4,0,1,startup,False,6.439541170108768,17.190355713905877,12
normal,16887,normal_0506,45,2022-07-12 01:04:29.309,4.5,0,1,startup,False,6.775101964291052,17.190355713905877,12
normal,16888,normal_0506,46,2022-07-12 01:04:29.409,4.6,0,1,startup,False,7.052852511572171,17.190355713905877,12
normal,16889,normal_0506,47,2022-07-12 01:04:29.509,4.7,0,1,startup,False,5.871706080609469,17.190355713905877,12
normal,16890,normal_0506,48,2022-07-12 01:04:29.609,4.8,0,1,startup,False,5.231989994759236,17.190355713905877,12
normal,16891,normal_0506,49,2022-07-12 01:04:29.709,4.9,0,1,startup,False,4.830337192962939,17.190355713905877,12
normal,16892,normal_0507,0,2022-07-12 01:04:32.499,0.0,0,1,startup,False,2.9267689629187057,8.528429503027562,3
normal,16893,normal_0507,1,2022-07-12 01:04:32.599,0.1,0,1,startup,False,5.425704847801297,12.144759502448782,6
normal,16894,normal_0507,2,2022-07-12 01:04:32.699,0.2,0,1,startup,False,4.98195519187699,14.132739481471942,9
normal,16895,normal_0507,3,2022-07-12 01:04:32.799,0.3,0,1,startup,False,4.137785503239235,17.190355713905877,12
normal,16896,normal_0507,4,2022-07-12 01:04:32.899,0.4,0,1,startup,False,3.993789993521144,17.190355713905877,12
normal,16897,normal_0507,5,2022-07-12 01:04:32.999,0.5,0,1,startup,False,6.772876191544233,17.190355713905877,12
normal,16898,normal_0507,6,2022-07-12 01:04:33.099,0.6,0,1,startup,False,6.2320712239486715,17.190355713905877,12
normal,16899,normal_0507,7,2022-07-12 01:04:33.199,0.7,0,1,startup,False,4.122999420117537,17.190355713905877,12
normal,16900,normal_0507,8,2022-07-12 01:04:33.299,0.8,0,1,startup,False,4.794531004083697,17.190355713905877,12
normal,16901,normal_0507,9,2022-07-12 01:04:33.399,0.9,0,1,startup,False,6.956101715897607,17.190355713905877,12
normal,16902,normal_0507,10,2022-07-12 01:04:33.499,1.0,0,1,startup,False,6.782805784613432,17.190355713905877,12
normal,16903,normal_0507,11,2022-07-12 01:04:33.599,1.1,0,1,startup,False,5.327306422921976,17.190355713905877,12
normal,16904,normal_0507,12,2022-07-12 01:04:33.699,1.2,0,1,startup,False,6.247049085978987,17.190355713905877,12
normal,16905,normal_0507,13,2022-07-12 01:04:33.799,1.3,0,1,startup,False,7.433536395980828,17.190355713905877,12
normal,16906,normal_0507,14,2022-07-12 01:04:33.899,1.4,0,1,startup,False,5.597911062125491,17.190355713905877,12
normal,16907,normal_0507,15,2022-07-12 01:04:33.999,1.5,0,1,startup,False,5.796766775507466,17.190355713905877,12
normal,16908,normal_0507,16,2022-07-12 01:04:34.099,1.6,0,1,startup,False,8.33340170046557,17.190355713905877,12
normal,16909,normal_0507,17,2022-07-12 01:04:34.199,1.7,0,1,startup,False,7.213638445621462,17.190355713905877,12
normal,16910,normal_0507,18,2022-07-12 01:04:34.299,1.8,0,1,startup,False,6.908920346651997,17.190355713905877,12
normal,16911,normal_0507,19,2022-07-12 01:04:34.399,1.9,0,1,startup,False,8.34021022543245,17.190355713905877,12
normal,16912,normal_0507,20,2022-07-12 01:04:34.499,2.0,0,1,startup,False,6.614003672854437,17.190355713905877,12
normal,16913,normal_0507,21,2022-07-12 01:04:34.599,2.1,0,1,startup,False,5.865077416846373,17.190355713905877,12
normal,16914,normal_0507,22,2022-07-12 01:04:34.699,2.2,0,1,startup,False,6.47992112318784,17.190355713905877,12
normal,16915,normal_0507,23,2022-07-12 01:04:34.799,2.3,0,1,startup,False,5.719180091149347,17.190355713905877,12
normal,16916,normal_0507,24,2022-07-12 01:04:34.899,2.4,0,1,startup,False,5.339242749326251,17.190355713905877,12
normal,16917,normal_0507,25,2022-07-12 01:04:34.999,2.5,0,1,startup,False,4.506866995797559,17.190355713905877,12
normal,16918,normal_0507,26,2022-07-12 01:04:35.099,2.6,0,1,startup,False,4.586670315051764,17.190355713905877,12
normal,16919,normal_0507,27,2022-07-12 01:04:35.199,2.7,0,1,startup,False,5.494124667507114,17.190355713905877,12
normal,16920,normal_0507,28,2022-07-12 01:04:35.299,2.8,0,1,startup,False,3.7324722772770245,17.190355713905877,12
normal,16921,normal_0507,29,2022-07-12 01:04:35.399,2.9,0,1,startup,False,3.651565814336709,17.190355713905877,12
normal,16922,normal_0507,30,2022-07-12 01:04:35.499,3.0,0,1,startup,False,4.727349456901707,17.190355713905877,12
normal,16923,normal_0507,31,2022-07-12 01:04:35.599,3.1,0,1,startup,False,4.797856049828457,17.190355713905877,12
normal,16924,normal_0507,32,2022-07-12 01:04:35.699,3.2,0,1,startup,False,4.251797726814637,17.190355713905877,12
normal,16925,normal_0507,33,2022-07-12 01:04:35.799,3.3,0,1,startup,False,6.147556876603128,17.190355713905877,12
normal,16926,normal_0507,34,2022-07-12 01:04:35.899,3.4,0,1,startup,False,5.377479025347705,17.190355713905877,12
normal,16927,normal_0507,35,2022-07-12 01:04:35.999,3.5,0,1,startup,False,6.7644765490371395,17.190355713905877,12
normal,16928,normal_0507,36,2022-07-12 01:04:36.099,3.6,0,1,startup,False,4.4070388488718875,17.190355713905877,12
normal,16929,normal_0507,37,2022-07-12 01:04:36.199,3.7,0,1,startup,False,3.584761857702743,17.190355713905877,12
normal,16930,normal_0508,0,2022-07-12 01:04:40.439,0.0,0,1,startup,False,2.8493411217357205,8.528429503027562,3
normal,16931,normal_0508,1,2022-07-12 01:04:40.539,0.1,0,1,startup,False,4.677266302718433,12.144759502448782,6
normal,16932,normal_0508,2,2022-07-12 01:04:40.639,0.2,0,1,startup,False,4.219690271414581,14.132739481471942,9
normal,16933,normal_0508,3,2022-07-12 01:04:40.739,0.3,0,1,startup,False,3.5844819848319096,17.190355713905877,12
normal,16934,normal_0508,4,2022-07-12 01:04:40.839,0.4,0,1,startup,False,4.12537353918999,17.190355713905877,12
normal,16935,normal_0508,5,2022-07-12 01:04:40.939,0.5,0,1,startup,False,3.53044452256038,17.190355713905877,12
normal,16936,normal_0508,6,2022-07-12 01:04:41.039,0.6,0,1,startup,False,3.6111557840807924,17.190355713905877,12
normal,16937,normal_0508,7,2022-07-12 01:04:41.139,0.7,0,1,startup,False,4.317507792242099,17.190355713905877,12
normal,16938,normal_0508,8,2022-07-12 01:04:41.239,0.8,0,1,startup,False,5.793777965804656,17.190355713905877,12
normal,16939,normal_0508,9,2022-07-12 01:04:41.339,0.9,0,1,startup,False,7.4188438395686225,17.190355713905877,12
normal,16940,normal_0508,10,2022-07-12 01:04:41.439,1.0,0,1,startup,False,4.9872782603832455,17.190355713905877,12
normal,16941,normal_0508,11,2022-07-12 01:04:41.539,1.1,0,1,startup,False,5.728586044915459,17.190355713905877,12
normal,16942,normal_0508,12,2022-07-12 01:04:41.639,1.2,0,1,startup,False,7.113875562023827,17.190355713905877,12
normal,16943,normal_0508,13,2022-07-12 01:04:41.739,1.3,0,1,startup,False,6.96809116314962,17.190355713905877,12
normal,16944,normal_0508,14,2022-07-12 01:04:41.839,1.4,0,1,startup,False,5.493996441943024,17.190355713905877,12
normal,16945,normal_0508,15,2022-07-12 01:04:41.939,1.5,0,1,startup,False,8.152174597072262,17.190355713905877,12
normal,16946,normal_0508,16,2022-07-12 01:04:42.039,1.6,0,1,startup,False,7.470259744512057,17.190355713905877,12
normal,16947,normal_0508,17,2022-07-12 01:04:42.139,1.7,0,1,startup,False,6.94714069127397,17.190355713905877,12
normal,16948,normal_0508,18,2022-07-12 01:04:42.239,1.8,0,1,startup,False,7.550251332747485,17.190355713905877,12
normal,16949,normal_0508,19,2022-07-12 01:04:42.339,1.9,0,1,startup,False,7.63665685428581,17.190355713905877,12
normal,16950,normal_0508,20,2022-07-12 01:04:42.439,2.0,0,1,startup,False,6.614463135587839,17.190355713905877,12
normal,16951,normal_0508,21,2022-07-12 01:04:42.539,2.1,0,1,startup,False,5.089514076327322,17.190355713905877,12
normal,16952,normal_0508,22,2022-07-12 01:04:42.639,2.2,0,1,startup,False,4.396296787416915,17.190355713905877,12
normal,16953,normal_0508,23,2022-07-12 01:04:42.739,2.3,0,1,startup,False,6.243992016145011,17.190355713905877,12
normal,16954,normal_0508,24,2022-07-12 01:04:42.839,2.4,0,1,startup,False,6.5202969638977475,17.190355713905877,12
normal,16955,normal_0508,25,2022-07-12 01:04:42.939,2.5,0,1,startup,False,7.119713092635195,17.190355713905877,12
normal,16956,normal_0508,26,2022-07-12 01:04:43.039,2.6,0,1,startup,False,6.808729096914458,17.190355713905877,12
normal,16957,normal_0509,0,2022-07-12 01:04:48.514,0.0,0,1,startup,False,3.0245049748274546,8.528429503027562,3
normal,16958,normal_0509,1,2022-07-12 01:04:48.614,0.1,0,1,startup,False,4.125022803989936,12.144759502448782,6
normal,16959,normal_0509,2,2022-07-12 01:04:48.714,0.2,0,1,startup,False,3.540333386499818,14.132739481471942,9
normal,16960,normal_0509,3,2022-07-12 01:04:48.814,0.3,0,1,startup,False,3.9324987447398376,17.190355713905877,12
normal,16961,normal_0509,4,2022-07-12 01:04:48.914,0.4,0,1,startup,False,5.417131185711719,17.190355713905877,12
normal,16962,normal_0509,5,2022-07-12 01:04:49.014,0.5,0,1,startup,False,5.410056775305971,17.190355713905877,12
normal,16963,normal_0509,6,2022-07-12 01:04:49.114,0.6,0,1,startup,False,4.869269770645503,17.190355713905877,12
normal,16964,normal_0509,7,2022-07-12 01:04:49.214,0.7,0,1,startup,False,6.057672658394949,17.190355713905877,12
normal,16965,normal_0509,8,2022-07-12 01:04:49.314,0.8,0,1,startup,False,6.341483842808823,17.190355713905877,12
normal,16966,normal_0509,9,2022-07-12 01:04:49.414,0.9,0,1,startup,False,5.776223595709267,17.190355713905877,12
normal,16967,normal_0509,10,2022-07-12 01:04:49.514,1.0,0,1,startup,False,7.968086472242629,17.190355713905877,12
normal,16968,normal_0509,11,2022-07-12 01:04:49.614,1.1,0,1,startup,False,6.670218714426272,17.190355713905877,12
normal,16969,normal_0509,12,2022-07-12 01:04:49.714,1.2,0,1,startup,False,6.646619321963808,17.190355713905877,12
normal,16970,normal_0510,0,2022-07-12 01:04:58.256,0.0,0,1,startup,False,2.735992058691165,8.528429503027562,3
normal,16971,normal_0510,1,2022-07-12 01:04:58.356,0.1,0,1,startup,False,4.977951465682766,12.144759502448782,6
normal,16972,normal_0510,2,2022-07-12 01:04:58.456,0.2,0,1,startup,False,8.357515257987155,14.132739481471942,9
normal,16973,normal_0510,3,2022-07-12 01:04:58.556,0.3,0,1,startup,False,7.999039363602549,17.190355713905877,12
normal,16974,normal_0510,4,2022-07-12 01:04:58.656,0.4,0,1,startup,False,6.757631555826771,17.190355713905877,12
normal,16975,normal_0510,5,2022-07-12 01:04:58.756,0.5,0,1,startup,False,5.590723757980032,17.190355713905877,12
normal,16976,normal_0510,6,2022-07-12 01:04:58.856,0.6,0,1,startup,False,7.185747032987455,17.190355713905877,12
normal,16977,normal_0510,7,2022-07-12 01:04:58.956,0.7,0,1,startup,False,5.191603445773901,17.190355713905877,12
normal,16978,normal_0510,8,2022-07-12 01:04:59.056,0.8,0,1,startup,False,5.646335433921512,17.190355713905877,12
normal,16979,normal_0510,9,2022-07-12 01:04:59.156,0.9,0,1,startup,False,4.996436031708486,17.190355713905877,12
normal,16980,normal_0510,10,2022-07-12 01:04:59.256,1.0,0,1,startup,False,4.150309684638346,17.190355713905877,12
normal,16981,normal_0510,11,2022-07-12 01:04:59.356,1.1,0,1,startup,False,3.678704105656343,17.190355713905877,12
normal,16982,normal_0510,12,2022-07-12 01:04:59.456,1.2,0,1,startup,False,5.022704519369661,17.190355713905877,12
normal,16983,normal_0510,13,2022-07-12 01:04:59.556,1.3,0,1,startup,False,5.565339857083178,17.190355713905877,12
normal,16984,normal_0510,14,2022-07-12 01:04:59.656,1.4,0,1,startup,False,5.286589165408481,17.190355713905877,12
normal,16985,normal_0510,15,2022-07-12 01:04:59.756,1.5,0,1,startup,False,4.364317010606722,17.190355713905877,12
normal,16986,normal_0510,16,2022-07-12 01:04:59.856,1.6,0,1,startup,False,4.763556108497846,17.190355713905877,12
normal,16987,normal_0510,17,2022-07-12 01:04:59.956,1.7,0,1,startup,False,4.676239038215665,17.190355713905877,12
normal,16988,normal_0510,18,2022-07-12 01:05:00.056,1.8,0,1,startup,False,3.922554615646824,17.190355713905877,12
normal,16989,normal_0510,19,2022-07-12 01:05:00.156,1.9,0,1,startup,False,4.400574493087694,17.190355713905877,12
normal,16990,normal_0510,20,2022-07-12 01:05:00.256,2.0,0,1,startup,False,4.317337968223021,17.190355713905877,12
normal,16991,normal_0510,21,2022-07-12 01:05:00.356,2.1,0,1,startup,False,3.912581951849499,17.190355713905877,12
normal,16992,normal_0510,22,2022-07-12 01:05:00.456,2.2,0,1,startup,False,4.801606089969238,17.190355713905877,12
normal,16993,normal_0510,23,2022-07-12 01:05:00.556,2.3,0,1,startup,False,5.166625564620906,17.190355713905877,12
normal,16994,normal_0510,24,2022-07-12 01:05:00.656,2.4,0,1,startup,False,4.625415570764649,17.190355713905877,12
normal,16995,normal_0510,25,2022-07-12 01:05:00.756,2.5,0,1,startup,False,4.359493856111059,17.190355713905877,12
normal,16996,normal_0510,26,2022-07-12 01:05:00.856,2.6,0,1,startup,False,4.016566857853094,17.190355713905877,12
normal,16997,normal_0510,27,2022-07-12 01:05:00.956,2.7,0,1,startup,False,5.781905707671879,17.190355713905877,12
normal,16998,normal_0510,28,2022-07-12 01:05:01.056,2.8,0,1,startup,False,7.2797691668310485,17.190355713905877,12
normal,16999,normal_0510,29,2022-07-12 01:05:01.156,2.9,0,1,startup,False,6.693848342077881,17.190355713905877,12
normal,17000,normal_0510,30,2022-07-12 01:05:01.256,3.0,0,1,startup,False,8.235897118899691,17.190355713905877,12
normal,17001,normal_0510,31,2022-07-12 01:05:01.356,3.1,0,1,startup,False,9.92625150124235,17.190355713905877,12
normal,17002,normal_0510,32,2022-07-12 01:05:01.456,3.2,0,1,startup,False,7.280207315063194,17.190355713905877,12
normal,17003,normal_0510,33,2022-07-12 01:05:01.556,3.3,0,1,startup,False,5.993838604465176,17.190355713905877,12
normal,17004,normal_0510,34,2022-07-12 01:05:01.656,3.4,0,1,startup,False,6.495570881377254,17.190355713905877,12
normal,17005,normal_0510,35,2022-07-12 01:05:01.756,3.5,0,1,startup,False,7.015783272491767,17.190355713905877,12
normal,17006,normal_0510,36,2022-07-12 01:05:01.856,3.6,0,1,startup,False,5.848328950053188,17.190355713905877,12
normal,17007,normal_0510,37,2022-07-12 01:05:01.956,3.7,0,1,startup,False,7.256849889184873,17.190355713905877,12
normal,17008,normal_0510,38,2022-07-12 01:05:02.056,3.8,0,1,startup,False,5.886279894001306,17.190355713905877,12
normal,17009,normal_0510,39,2022-07-12 01:05:02.156,3.9,0,1,startup,False,7.322637667745818,17.190355713905877,12
normal,17010,normal_0510,40,2022-07-12 01:05:02.256,4.0,0,1,startup,False,5.387865572599269,17.190355713905877,12
normal,17011,normal_0510,41,2022-07-12 01:05:02.356,4.1,0,1,startup,False,8.506052561172709,17.190355713905877,12
normal,17012,normal_0510,42,2022-07-12 01:05:02.456,4.2,0,1,startup,False,7.146314871897724,17.190355713905877,12
normal,17013,normal_0510,43,2022-07-12 01:05:02.556,4.3,0,1,startup,False,5.262458065487887,17.190355713905877,12
normal,17014,normal_0510,44,2022-07-12 01:05:02.656,4.4,0,1,startup,False,5.206547231951132,17.190355713905877,12
normal,17015,normal_0510,45,2022-07-12 01:05:02.756,4.5,0,1,startup,False,8.534711558789459,17.190355713905877,12
normal,17016,normal_0510,46,2022-07-12 01:05:02.856,4.6,0,1,startup,False,7.984678120964804,17.190355713905877,12
normal,17017,normal_0510,47,2022-07-12 01:05:02.956,4.7,0,1,startup,False,6.301141565082014,17.190355713905877,12
normal,17018,normal_0510,48,2022-07-12 01:05:03.056,4.8,0,1,startup,False,8.455050499800379,17.190355713905877,12
normal,17019,normal_0510,49,2022-07-12 01:05:03.156,4.9,0,1,startup,False,8.020440916149964,17.190355713905877,12
normal,17020,normal_0511,0,2022-07-12 01:05:04.844,0.0,0,1,startup,False,2.862796486623903,8.528429503027562,3
normal,17021,normal_0511,1,2022-07-12 01:05:04.944,0.1,0,1,startup,False,5.660130307167398,12.144759502448782,6
normal,17022,normal_0511,2,2022-07-12 01:05:05.044,0.2,0,1,startup,False,9.852305607618808,14.132739481471942,9
normal,17023,normal_0511,3,2022-07-12 01:05:05.144,0.3,0,1,startup,False,9.224860223567859,17.190355713905877,12
normal,17024,normal_0511,4,2022-07-12 01:05:05.244,0.4,0,1,startup,False,9.500332070054853,17.190355713905877,12
normal,17025,normal_0511,5,2022-07-12 01:05:05.344,0.5,0,1,startup,False,9.314273986564933,17.190355713905877,12
normal,17026,normal_0511,6,2022-07-12 01:05:05.444,0.6,0,1,startup,False,9.652975377237269,17.190355713905877,12
normal,17027,normal_0511,7,2022-07-12 01:05:05.544,0.7,0,1,startup,False,8.3134876791927,17.190355713905877,12
normal,17028,normal_0511,8,2022-07-12 01:05:05.644,0.8,0,1,startup,False,9.434570652342062,17.190355713905877,12
normal,17029,normal_0511,9,2022-07-12 01:05:05.744,0.9,0,1,startup,False,7.300668608172125,17.190355713905877,12
normal,17030,normal_0511,10,2022-07-12 01:05:05.844,1.0,0,1,startup,False,8.399284687401643,17.190355713905877,12
normal,17031,normal_0511,11,2022-07-12 01:05:05.944,1.1,0,1,startup,False,6.62893121493273,17.190355713905877,12
normal,17032,normal_0511,12,2022-07-12 01:05:06.044,1.2,0,1,startup,False,5.778740005630109,17.190355713905877,12
normal,17033,normal_0511,13,2022-07-12 01:05:06.144,1.3,0,1,startup,False,7.620599129299761,17.190355713905877,12
normal,17034,normal_0511,14,2022-07-12 01:05:06.244,1.4,0,1,startup,False,8.038749945323904,17.190355713905877,12
normal,17035,normal_0511,15,2022-07-12 01:05:06.344,1.5,0,1,startup,False,6.847732104406496,17.190355713905877,12
normal,17036,normal_0511,16,2022-07-12 01:05:06.444,1.6,0,1,startup,False,6.597278260351067,17.190355713905877,12
normal,17037,normal_0511,17,2022-07-12 01:05:06.544,1.7,0,1,startup,False,4.92446364861054,17.190355713905877,12
normal,17038,normal_0511,18,2022-07-12 01:05:06.644,1.8,0,1,startup,False,5.603577076602968,17.190355713905877,12
normal,17039,normal_0511,19,2022-07-12 01:05:06.744,1.9,0,1,startup,False,6.3295962693284356,17.190355713905877,12
normal,17040,normal_0511,20,2022-07-12 01:05:06.844,2.0,0,1,startup,False,6.358418200446177,17.190355713905877,12
normal,17041,normal_0511,21,2022-07-12 01:05:06.944,2.1,0,1,startup,False,4.93730300553731,17.190355713905877,12
normal,17042,normal_0511,22,2022-07-12 01:05:07.044,2.2,0,1,startup,False,6.116079068169945,17.190355713905877,12
normal,17043,normal_0511,23,2022-07-12 01:05:07.144,2.3,0,1,startup,False,5.843981624038404,17.190355713905877,12
normal,17044,normal_0511,24,2022-07-12 01:05:07.244,2.4,0,1,startup,False,6.230221140997,17.190355713905877,12
normal,17045,normal_0511,25,2022-07-12 01:05:07.344,2.5,0,1,startup,False,5.918788711989355,17.190355713905877,12
normal,17046,normal_0511,26,2022-07-12 01:05:07.444,2.6,0,1,startup,False,4.854769929272855,17.190355713905877,12
normal,17047,normal_0511,27,2022-07-12 01:05:07.544,2.7,0,1,startup,False,5.146243342120262,17.190355713905877,12
normal,17048,normal_0511,28,2022-07-12 01:05:07.644,2.8,0,1,startup,False,3.8726843971367404,17.190355713905877,12
normal,17049,normal_0511,29,2022-07-12 01:05:07.744,2.9,0,1,startup,False,4.239587126668633,17.190355713905877,12
normal,17050,normal_0511,30,2022-07-12 01:05:07.844,3.0,0,1,startup,False,4.853812537746656,17.190355713905877,12
normal,17051,normal_0511,31,2022-07-12 01:05:07.944,3.1,0,1,startup,False,5.60832849602672,17.190355713905877,12
normal,17052,normal_0511,32,2022-07-12 01:05:08.044,3.2,0,1,startup,False,5.72182437971408,17.190355713905877,12
normal,17053,normal_0511,33,2022-07-12 01:05:08.144,3.3,0,1,startup,False,6.073702126627561,17.190355713905877,12
normal,17054,normal_0511,34,2022-07-12 01:05:08.244,3.4,0,1,startup,False,5.873953553790799,17.190355713905877,12
normal,17055,normal_0511,35,2022-07-12 01:05:08.344,3.5,0,1,startup,False,6.399634184190744,17.190355713905877,12
normal,17056,normal_0511,36,2022-07-12 01:05:08.444,3.6,0,1,startup,False,6.170625033148428,17.190355713905877,12
normal,17057,normal_0511,37,2022-07-12 01:05:08.544,3.7,0,1,startup,False,4.94278811496059,17.190355713905877,12
normal,17058,normal_0511,38,2022-07-12 01:05:08.644,3.8,0,1,startup,False,5.623494237906822,17.190355713905877,12
normal,17059,normal_0511,39,2022-07-12 01:05:08.744,3.9,0,1,startup,False,5.449983334749569,17.190355713905877,12
normal,17060,normal_0511,40,2022-07-12 01:05:08.844,4.0,0,1,startup,False,5.387212112452662,17.190355713905877,12
normal,17061,normal_0511,41,2022-07-12 01:05:08.944,4.1,0,1,startup,False,6.847851554636859,17.190355713905877,12
normal,17062,normal_0511,42,2022-07-12 01:05:09.044,4.2,0,1,startup,False,6.089318548635049,17.190355713905877,12
normal,17063,normal_0511,43,2022-07-12 01:05:09.144,4.3,0,1,startup,False,6.158541054825176,17.190355713905877,12
normal,17064,normal_0511,44,2022-07-12 01:05:09.244,4.4,0,1,startup,False,5.647806742934065,17.190355713905877,12
normal,17065,normal_0511,45,2022-07-12 01:05:09.344,4.5,0,1,startup,False,5.412341664843487,17.190355713905877,12
normal,17066,normal_0511,46,2022-07-12 01:05:09.444,4.6,0,1,startup,False,5.663935796039947,17.190355713905877,12
normal,17067,normal_0511,47,2022-07-12 01:05:09.544,4.7,0,1,startup,False,7.129278672457115,17.190355713905877,12
normal,17068,normal_0511,48,2022-07-12 01:05:09.644,4.8,0,1,startup,False,7.470475097076154,17.190355713905877,12
normal,17069,normal_0511,49,2022-07-12 01:05:09.744,4.9,0,1,startup,False,8.392713332310766,17.190355713905877,12
normal,17070,normal_0512,0,2022-07-12 01:05:12.740,0.0,0,1,startup,False,2.7110876981509042,8.528429503027562,3
normal,17071,normal_0512,1,2022-07-12 01:05:12.840,0.1,0,1,startup,False,3.7702463486742857,12.144759502448782,6
normal,17072,normal_0512,2,2022-07-12 01:05:12.940,0.2,0,1,startup,False,4.254045826447182,14.132739481471942,9
normal,17073,normal_0512,3,2022-07-12 01:05:13.040,0.3,0,1,startup,False,4.133189153937879,17.190355713905877,12
normal,17074,normal_0512,4,2022-07-12 01:05:13.140,0.4,0,1,startup,False,3.9161907235054776,17.190355713905877,12
normal,17075,normal_0512,5,2022-07-12 01:05:13.240,0.5,0,1,startup,False,3.472835024206896,17.190355713905877,12
normal,17076,normal_0512,6,2022-07-12 01:05:13.340,0.6,0,1,startup,False,3.7681418862091203,17.190355713905877,12
normal,17077,normal_0512,7,2022-07-12 01:05:13.440,0.7,0,1,startup,False,4.196284713090074,17.190355713905877,12
normal,17078,normal_0512,8,2022-07-12 01:05:13.540,0.8,0,1,startup,False,4.083305526403338,17.190355713905877,12
normal,17079,normal_0512,9,2022-07-12 01:05:13.640,0.9,0,1,startup,False,5.048309626262696,17.190355713905877,12
normal,17080,normal_0512,10,2022-07-12 01:05:13.740,1.0,0,1,startup,False,5.946162303891003,17.190355713905877,12
normal,17081,normal_0512,11,2022-07-12 01:05:13.840,1.1,0,1,startup,False,3.559729976611556,17.190355713905877,12
normal,17082,normal_0512,12,2022-07-12 01:05:13.940,1.2,0,1,startup,False,3.7527630052576026,17.190355713905877,12
normal,17083,normal_0512,13,2022-07-12 01:05:14.040,1.3,0,1,startup,False,4.023551250069196,17.190355713905877,12
normal,17084,normal_0512,14,2022-07-12 01:05:14.140,1.4,0,1,startup,False,3.7332489801877777,17.190355713905877,12
normal,17085,normal_0512,15,2022-07-12 01:05:14.240,1.5,0,1,startup,False,3.8311903334504267,17.190355713905877,12
normal,17086,normal_0512,16,2022-07-12 01:05:14.340,1.6,0,1,startup,False,4.378421378041509,17.190355713905877,12
normal,17087,normal_0512,17,2022-07-12 01:05:14.440,1.7,0,1,startup,False,3.794463875579452,17.190355713905877,12
normal,17088,normal_0512,18,2022-07-12 01:05:14.540,1.8,0,1,startup,False,4.357739713091851,17.190355713905877,12
normal,17089,normal_0512,19,2022-07-12 01:05:14.640,1.9,0,1,startup,False,4.369270050986945,17.190355713905877,12
normal,17090,normal_0512,20,2022-07-12 01:05:14.740,2.0,0,1,startup,False,4.0601923217238065,17.190355713905877,12
normal,17091,normal_0512,21,2022-07-12 01:05:14.840,2.1,0,1,startup,False,4.473181339068776,17.190355713905877,12
normal,17092,normal_0512,22,2022-07-12 01:05:14.940,2.2,0,1,startup,False,5.018465215308251,17.190355713905877,12
normal,17093,normal_0512,23,2022-07-12 01:05:15.040,2.3,0,1,startup,False,6.306916148544093,17.190355713905877,12
normal,17094,normal_0512,24,2022-07-12 01:05:15.140,2.4,0,1,startup,False,7.184310100793208,17.190355713905877,12
normal,17095,normal_0512,25,2022-07-12 01:05:15.240,2.5,0,1,startup,False,6.873449559937789,17.190355713905877,12
normal,17096,normal_0512,26,2022-07-12 01:05:15.340,2.6,0,1,startup,False,9.22976406621143,17.190355713905877,12
normal,17097,normal_0512,27,2022-07-12 01:05:15.440,2.7,0,1,startup,False,8.109766265559045,17.190355713905877,12
normal,17098,normal_0512,28,2022-07-12 01:05:15.540,2.8,0,1,startup,False,4.498461174881783,17.190355713905877,12
normal,17099,normal_0512,29,2022-07-12 01:05:15.640,2.9,0,1,startup,False,4.238187056825482,17.190355713905877,12
normal,17100,normal_0512,30,2022-07-12 01:05:15.740,3.0,0,1,startup,False,5.493688735159875,17.190355713905877,12
normal,17101,normal_0512,31,2022-07-12 01:05:15.840,3.1,0,1,startup,False,4.924548165129322,17.190355713905877,12
normal,17102,normal_0512,32,2022-07-12 01:05:15.940,3.2,0,1,startup,False,6.328384408720113,17.190355713905877,12
normal,17103,normal_0512,33,2022-07-12 01:05:16.040,3.3,0,1,startup,False,4.536263588820814,17.190355713905877,12
normal,17104,normal_0512,34,2022-07-12 01:05:16.140,3.4,0,1,startup,False,5.851444694879953,17.190355713905877,12
normal,17105,normal_0512,35,2022-07-12 01:05:16.240,3.5,0,1,startup,False,5.762134009464633,17.190355713905877,12
normal,17106,normal_0512,36,2022-07-12 01:05:16.340,3.6,0,1,startup,False,6.787618216578548,17.190355713905877,12
normal,17107,normal_0512,37,2022-07-12 01:05:16.440,3.7,0,1,startup,False,6.332679954640161,17.190355713905877,12
normal,17108,normal_0513,0,2022-07-12 01:05:20.820,0.0,0,1,startup,False,3.5416544087419606,8.528429503027562,3
normal,17109,normal_0513,1,2022-07-12 01:05:20.920,0.1,0,1,startup,False,6.293776164015014,12.144759502448782,6
normal,17110,normal_0513,2,2022-07-12 01:05:21.020,0.2,0,1,startup,False,5.559083905724078,14.132739481471942,9
normal,17111,normal_0513,3,2022-07-12 01:05:21.120,0.3,0,1,startup,False,7.83738087270132,17.190355713905877,12
normal,17112,normal_0513,4,2022-07-12 01:05:21.220,0.4,0,1,startup,False,9.137105404090997,17.190355713905877,12
normal,17113,normal_0513,5,2022-07-12 01:05:21.320,0.5,0,1,startup,False,8.101202255088474,17.190355713905877,12
normal,17114,normal_0513,6,2022-07-12 01:05:21.420,0.6,0,1,startup,False,5.600055050806996,17.190355713905877,12
normal,17115,normal_0513,7,2022-07-12 01:05:21.520,0.7,0,1,startup,False,6.54274531580472,17.190355713905877,12
normal,17116,normal_0513,8,2022-07-12 01:05:21.620,0.8,0,1,startup,False,6.233305036071789,17.190355713905877,12
normal,17117,normal_0513,9,2022-07-12 01:05:21.720,0.9,0,1,startup,False,5.644119975176057,17.190355713905877,12
normal,17118,normal_0513,10,2022-07-12 01:05:21.820,1.0,0,1,startup,False,5.422015255694529,17.190355713905877,12
normal,17119,normal_0513,11,2022-07-12 01:05:21.920,1.1,0,1,startup,False,10.240610111397707,17.190355713905877,12
normal,17120,normal_0513,12,2022-07-12 01:05:22.020,1.2,0,1,startup,False,9.325341596454138,17.190355713905877,12
normal,17121,normal_0513,13,2022-07-12 01:05:22.120,1.3,0,1,startup,False,6.5953720075619495,17.190355713905877,12
normal,17122,normal_0513,14,2022-07-12 01:05:22.220,1.4,0,1,startup,False,6.8170255157415305,17.190355713905877,12
normal,17123,normal_0513,15,2022-07-12 01:05:22.320,1.5,0,1,startup,False,7.989760442717728,17.190355713905877,12
normal,17124,normal_0513,16,2022-07-12 01:05:22.420,1.6,0,1,startup,False,6.865813496069035,17.190355713905877,12
normal,17125,normal_0513,17,2022-07-12 01:05:22.520,1.7,0,1,startup,False,7.387498207376648,17.190355713905877,12
normal,17126,normal_0513,18,2022-07-12 01:05:22.620,1.8,0,1,startup,False,6.696711097039625,17.190355713905877,12
normal,17127,normal_0513,19,2022-07-12 01:05:22.720,1.9,0,1,startup,False,5.7817467346713975,17.190355713905877,12
normal,17128,normal_0513,20,2022-07-12 01:05:22.820,2.0,0,1,startup,False,6.315410325051239,17.190355713905877,12
normal,17129,normal_0513,21,2022-07-12 01:05:22.920,2.1,0,1,startup,False,5.349184454018954,17.190355713905877,12
normal,17130,normal_0513,22,2022-07-12 01:05:23.020,2.2,0,1,startup,False,5.91419491654463,17.190355713905877,12
normal,17131,normal_0513,23,2022-07-12 01:05:23.120,2.3,0,1,startup,False,5.039163679041452,17.190355713905877,12
normal,17132,normal_0513,24,2022-07-12 01:05:23.220,2.4,0,1,startup,False,4.034770637656984,17.190355713905877,12
normal,17133,normal_0513,25,2022-07-12 01:05:23.320,2.5,0,1,startup,False,4.195581752995014,17.190355713905877,12
normal,17134,normal_0514,0,2022-07-12 01:05:28.740,0.0,0,1,startup,False,2.901157851486559,8.528429503027562,3
normal,17135,normal_0514,1,2022-07-12 01:05:28.840,0.1,0,1,startup,False,4.933645614463025,12.144759502448782,6
normal,17136,normal_0514,2,2022-07-12 01:05:28.940,0.2,0,1,startup,False,5.353610754950504,14.132739481471942,9
normal,17137,normal_0514,3,2022-07-12 01:05:29.040,0.3,0,1,startup,False,4.54299253194062,17.190355713905877,12
normal,17138,normal_0514,4,2022-07-12 01:05:29.140,0.4,0,1,startup,False,6.560261064323941,17.190355713905877,12
normal,17139,normal_0514,5,2022-07-12 01:05:29.240,0.5,0,1,startup,False,4.1623153580878745,17.190355713905877,12
normal,17140,normal_0514,6,2022-07-12 01:05:29.340,0.6,0,1,startup,False,3.5000105701916926,17.190355713905877,12
normal,17141,normal_0514,7,2022-07-12 01:05:29.440,0.7,0,1,startup,False,5.841485881710053,17.190355713905877,12
normal,17142,normal_0514,8,2022-07-12 01:05:29.540,0.8,0,1,startup,False,5.021623610813387,17.190355713905877,12
normal,17143,normal_0514,9,2022-07-12 01:05:29.640,0.9,0,1,startup,False,4.752044529968108,17.190355713905877,12
normal,17144,normal_0514,10,2022-07-12 01:05:29.740,1.0,0,1,startup,False,6.362085963047779,17.190355713905877,12
normal,17145,normal_0514,11,2022-07-12 01:05:29.840,1.1,0,1,startup,False,7.269930624702477,17.190355713905877,12
normal,17146,normal_0514,12,2022-07-12 01:05:29.940,1.2,0,1,startup,False,7.396679171832273,17.190355713905877,12
normal,17147,normal_0515,0,2022-07-12 01:05:45.204,0.0,0,1,startup,False,2.783159067572866,8.528429503027562,3
normal,17148,normal_0515,1,2022-07-12 01:05:45.304,0.1,0,1,startup,False,3.955153889652097,12.144759502448782,6
normal,17149,normal_0515,2,2022-07-12 01:05:45.404,0.2,0,1,startup,False,5.283762153929928,14.132739481471942,9
normal,17150,normal_0515,3,2022-07-12 01:05:45.504,0.3,0,1,startup,False,5.012850832554754,17.190355713905877,12
normal,17151,normal_0515,4,2022-07-12 01:05:45.604,0.4,0,1,startup,False,5.126507261154183,17.190355713905877,12
normal,17152,normal_0515,5,2022-07-12 01:05:45.704,0.5,0,1,startup,False,6.0793067574667585,17.190355713905877,12
normal,17153,normal_0515,6,2022-07-12 01:05:45.804,0.6,0,1,startup,False,5.488906719011967,17.190355713905877,12
normal,17154,normal_0515,7,2022-07-12 01:05:45.904,0.7,0,1,startup,False,5.80561027619942,17.190355713905877,12
normal,17155,normal_0515,8,2022-07-12 01:05:46.004,0.8,0,1,startup,False,4.668125339630162,17.190355713905877,12
normal,17156,normal_0515,9,2022-07-12 01:05:46.104,0.9,0,1,startup,False,6.540845096399484,17.190355713905877,12
normal,17157,normal_0515,10,2022-07-12 01:05:46.204,1.0,0,1,startup,False,7.001879137998273,17.190355713905877,12
normal,17158,normal_0515,11,2022-07-12 01:05:46.304,1.1,0,1,startup,False,5.057341956461009,17.190355713905877,12
normal,17159,normal_0515,12,2022-07-12 01:05:46.404,1.2,0,1,startup,False,5.939031703155724,17.190355713905877,12
normal,17160,normal_0515,13,2022-07-12 01:05:46.504,1.3,0,1,startup,False,5.207321759159878,17.190355713905877,12
normal,17161,normal_0515,14,2022-07-12 01:05:46.604,1.4,0,1,startup,False,5.62281959231243,17.190355713905877,12
normal,17162,normal_0515,15,2022-07-12 01:05:46.704,1.5,0,1,startup,False,5.964999734375262,17.190355713905877,12
normal,17163,normal_0515,16,2022-07-12 01:05:46.804,1.6,0,1,startup,False,6.824741888519936,17.190355713905877,12
normal,17164,normal_0515,17,2022-07-12 01:05:46.904,1.7,0,1,startup,False,7.051520041607087,17.190355713905877,12
normal,17165,normal_0515,18,2022-07-12 01:05:47.004,1.8,0,1,startup,False,7.053233258484176,17.190355713905877,12
normal,17166,normal_0515,19,2022-07-12 01:05:47.104,1.9,0,1,startup,False,4.925849477778484,17.190355713905877,12
normal,17167,normal_0515,20,2022-07-12 01:05:47.204,2.0,0,1,startup,False,4.146069522839601,17.190355713905877,12
normal,17168,normal_0515,21,2022-07-12 01:05:47.304,2.1,0,1,startup,False,4.971956071243727,17.190355713905877,12
normal,17169,normal_0515,22,2022-07-12 01:05:47.404,2.2,0,1,startup,False,4.402474825463489,17.190355713905877,12
normal,17170,normal_0515,23,2022-07-12 01:05:47.504,2.3,0,1,startup,False,4.043467282596699,17.190355713905877,12
normal,17171,normal_0515,24,2022-07-12 01:05:47.604,2.4,0,1,startup,False,4.871502224549254,17.190355713905877,12
normal,17172,normal_0515,25,2022-07-12 01:05:47.704,2.5,0,1,startup,False,4.6480422643064605,17.190355713905877,12
normal,17173,normal_0515,26,2022-07-12 01:05:47.804,2.6,0,1,startup,False,6.435900813107199,17.190355713905877,12
normal,17174,normal_0515,27,2022-07-12 01:05:47.904,2.7,0,1,startup,False,5.065750652023772,17.190355713905877,12
normal,17175,normal_0515,28,2022-07-12 01:05:48.004,2.8,0,1,startup,False,4.807934927367193,17.190355713905877,12
normal,17176,normal_0515,29,2022-07-12 01:05:48.104,2.9,0,1,startup,False,5.58222491188928,17.190355713905877,12
normal,17177,normal_0515,30,2022-07-12 01:05:48.204,3.0,0,1,startup,False,5.599296941953498,17.190355713905877,12
normal,17178,normal_0515,31,2022-07-12 01:05:48.304,3.1,0,1,startup,False,5.93291327463786,17.190355713905877,12
normal,17179,normal_0515,32,2022-07-12 01:05:48.404,3.2,0,1,startup,False,6.370908487378225,17.190355713905877,12
normal,17180,normal_0515,33,2022-07-12 01:05:48.504,3.3,0,1,startup,False,6.560652677180438,17.190355713905877,12
normal,17181,normal_0515,34,2022-07-12 01:05:48.604,3.4,0,1,startup,False,7.6151877807226285,17.190355713905877,12
normal,17182,normal_0515,35,2022-07-12 01:05:48.704,3.5,0,1,startup,False,7.162107484594595,17.190355713905877,12
normal,17183,normal_0515,36,2022-07-12 01:05:48.804,3.6,0,1,startup,False,4.119626088797256,17.190355713905877,12
normal,17184,normal_0515,37,2022-07-12 01:05:48.904,3.7,0,1,startup,False,4.541496225501154,17.190355713905877,12
normal,17185,normal_0515,38,2022-07-12 01:05:49.004,3.8,0,1,startup,False,4.259645682973436,17.190355713905877,12
normal,17186,normal_0515,39,2022-07-12 01:05:49.104,3.9,0,1,startup,False,4.035019609064691,17.190355713905877,12
normal,17187,normal_0515,40,2022-07-12 01:05:49.204,4.0,0,1,startup,False,4.123451928003205,17.190355713905877,12
normal,17188,normal_0515,41,2022-07-12 01:05:49.304,4.1,0,1,startup,False,4.373790881638501,17.190355713905877,12
normal,17189,normal_0515,42,2022-07-12 01:05:49.404,4.2,0,1,startup,False,5.347540704351046,17.190355713905877,12
normal,17190,normal_0515,43,2022-07-12 01:05:49.504,4.3,0,1,startup,False,6.201343747902618,17.190355713905877,12
normal,17191,normal_0515,44,2022-07-12 01:05:49.604,4.4,0,1,startup,False,4.33631332235929,17.190355713905877,12
normal,17192,normal_0515,45,2022-07-12 01:05:49.704,4.5,0,1,startup,False,4.188220359530213,17.190355713905877,12
normal,17193,normal_0515,46,2022-07-12 01:05:49.804,4.6,0,1,startup,False,4.654464765276497,17.190355713905877,12
normal,17194,normal_0515,47,2022-07-12 01:05:49.904,4.7,0,1,startup,False,4.250304745168974,17.190355713905877,12
normal,17195,normal_0515,48,2022-07-12 01:05:50.004,4.8,0,1,startup,False,4.264685497688438,17.190355713905877,12
normal,17196,normal_0515,49,2022-07-12 01:05:50.104,4.9,0,1,startup,False,4.646033329759661,17.190355713905877,12
normal,17197,normal_0516,0,2022-07-12 01:05:53.230,0.0,0,1,startup,False,3.1435090586020236,8.528429503027562,3
normal,17198,normal_0516,1,2022-07-12 01:05:53.330,0.1,0,1,startup,False,5.763844371235363,12.144759502448782,6
normal,17199,normal_0516,2,2022-07-12 01:05:53.430,0.2,0,1,startup,False,5.3292715939842505,14.132739481471942,9
normal,17200,normal_0516,3,2022-07-12 01:05:53.530,0.3,0,1,startup,False,4.495957730701967,17.190355713905877,12
normal,17201,normal_0516,4,2022-07-12 01:05:53.630,0.4,0,1,startup,False,3.967697436673068,17.190355713905877,12
normal,17202,normal_0516,5,2022-07-12 01:05:53.730,0.5,0,1,startup,False,4.189896062212086,17.190355713905877,12
normal,17203,normal_0516,6,2022-07-12 01:05:53.830,0.6,0,1,startup,False,4.487358375308654,17.190355713905877,12
normal,17204,normal_0516,7,2022-07-12 01:05:53.930,0.7,0,1,startup,False,4.784019679065125,17.190355713905877,12
normal,17205,normal_0516,8,2022-07-12 01:05:54.030,0.8,0,1,startup,False,4.570097497694034,17.190355713905877,12
normal,17206,normal_0516,9,2022-07-12 01:05:54.130,0.9,0,1,startup,False,5.546675907039119,17.190355713905877,12
normal,17207,normal_0516,10,2022-07-12 01:05:54.230,1.0,0,1,startup,False,4.74060403584,17.190355713905877,12
normal,17208,normal_0516,11,2022-07-12 01:05:54.330,1.1,0,1,startup,False,3.316819526637741,17.190355713905877,12
normal,17209,normal_0516,12,2022-07-12 01:05:54.430,1.2,0,1,startup,False,4.715671746689648,17.190355713905877,12
normal,17210,normal_0516,13,2022-07-12 01:05:54.530,1.3,0,1,startup,False,4.804063142744749,17.190355713905877,12
normal,17211,normal_0516,14,2022-07-12 01:05:54.630,1.4,0,1,startup,False,4.125371367806758,17.190355713905877,12
normal,17212,normal_0516,15,2022-07-12 01:05:54.730,1.5,0,1,startup,False,4.13760302868824,17.190355713905877,12
normal,17213,normal_0516,16,2022-07-12 01:05:54.830,1.6,0,1,startup,False,4.118053540961178,17.190355713905877,12
normal,17214,normal_0516,17,2022-07-12 01:05:54.930,1.7,0,1,startup,False,4.960972594773756,17.190355713905877,12
normal,17215,normal_0516,18,2022-07-12 01:05:55.030,1.8,0,1,startup,False,6.370167725534575,17.190355713905877,12
normal,17216,normal_0516,19,2022-07-12 01:05:55.130,1.9,0,1,startup,False,4.484028825811588,17.190355713905877,12
normal,17217,normal_0516,20,2022-07-12 01:05:55.230,2.0,0,1,startup,False,5.009989903405039,17.190355713905877,12
normal,17218,normal_0516,21,2022-07-12 01:05:55.330,2.1,0,1,startup,False,5.36957181061445,17.190355713905877,12
normal,17219,normal_0516,22,2022-07-12 01:05:55.430,2.2,0,1,startup,False,4.40327309804879,17.190355713905877,12
normal,17220,normal_0516,23,2022-07-12 01:05:55.530,2.3,0,1,startup,False,5.641883184412828,17.190355713905877,12
normal,17221,normal_0516,24,2022-07-12 01:05:55.630,2.4,0,1,startup,False,6.840258971853548,17.190355713905877,12
normal,17222,normal_0516,25,2022-07-12 01:05:55.730,2.5,0,1,startup,False,6.087202340949165,17.190355713905877,12
normal,17223,normal_0516,26,2022-07-12 01:05:55.830,2.6,0,1,startup,False,5.097086628914947,17.190355713905877,12
normal,17224,normal_0516,27,2022-07-12 01:05:55.930,2.7,0,1,startup,False,6.116861165195641,17.190355713905877,12
normal,17225,normal_0516,28,2022-07-12 01:05:56.030,2.8,0,1,startup,False,5.945169078642038,17.190355713905877,12
normal,17226,normal_0516,29,2022-07-12 01:05:56.130,2.9,0,1,startup,False,5.016041162031715,17.190355713905877,12
normal,17227,normal_0516,30,2022-07-12 01:05:56.230,3.0,0,1,startup,False,5.9109305599245126,17.190355713905877,12
normal,17228,normal_0516,31,2022-07-12 01:05:56.330,3.1,0,1,startup,False,5.361296684600704,17.190355713905877,12
normal,17229,normal_0516,32,2022-07-12 01:05:56.430,3.2,0,1,startup,False,4.43374148534411,17.190355713905877,12
normal,17230,normal_0516,33,2022-07-12 01:05:56.530,3.3,0,1,startup,False,4.9398985996452796,17.190355713905877,12
normal,17231,normal_0516,34,2022-07-12 01:05:56.630,3.4,0,1,startup,False,9.166899444287985,17.190355713905877,12
normal,17232,normal_0516,35,2022-07-12 01:05:56.730,3.5,0,1,startup,False,9.562225563383386,17.190355713905877,12
normal,17233,normal_0516,36,2022-07-12 01:05:56.830,3.6,0,1,startup,False,7.221197649780311,17.190355713905877,12
normal,17234,normal_0516,37,2022-07-12 01:05:56.930,3.7,0,1,startup,False,6.871834553858274,17.190355713905877,12
normal,17235,normal_0516,38,2022-07-12 01:05:57.030,3.8,0,1,startup,False,7.664873479971715,17.190355713905877,12
normal,17236,normal_0516,39,2022-07-12 01:05:57.130,3.9,0,1,startup,False,6.717472388438195,17.190355713905877,12
normal,17237,normal_0516,40,2022-07-12 01:05:57.230,4.0,0,1,startup,False,6.302448336776762,17.190355713905877,12
normal,17238,normal_0516,41,2022-07-12 01:05:57.330,4.1,0,1,startup,False,7.959464936881638,17.190355713905877,12
normal,17239,normal_0516,42,2022-07-12 01:05:57.430,4.2,0,1,startup,False,8.135164769054049,17.190355713905877,12
normal,17240,normal_0516,43,2022-07-12 01:05:57.530,4.3,0,1,startup,False,5.5510784598762415,17.190355713905877,12
normal,17241,normal_0516,44,2022-07-12 01:05:57.630,4.4,0,1,startup,False,5.380173436709365,17.190355713905877,12
normal,17242,normal_0516,45,2022-07-12 01:05:57.730,4.5,0,1,startup,False,7.113196430435479,17.190355713905877,12
normal,17243,normal_0516,46,2022-07-12 01:05:57.830,4.6,0,1,startup,False,7.085979938556226,17.190355713905877,12
normal,17244,normal_0516,47,2022-07-12 01:05:57.930,4.7,0,1,startup,False,5.337419230318362,17.190355713905877,12
normal,17245,normal_0516,48,2022-07-12 01:05:58.030,4.8,0,1,startup,False,6.228627698805578,17.190355713905877,12
normal,17246,normal_0516,49,2022-07-12 01:05:58.130,4.9,0,1,startup,False,6.527284689834,17.190355713905877,12
normal,17247,normal_0517,0,2022-07-12 01:06:01.096,0.0,0,1,startup,False,2.652486495749716,8.528429503027562,3
normal,17248,normal_0517,1,2022-07-12 01:06:01.196,0.1,0,1,startup,False,3.6429249535008337,12.144759502448782,6
normal,17249,normal_0517,2,2022-07-12 01:06:01.296,0.2,0,1,startup,False,4.770806934026765,14.132739481471942,9
normal,17250,normal_0517,3,2022-07-12 01:06:01.396,0.3,0,1,startup,False,4.825048628755156,17.190355713905877,12
normal,17251,normal_0517,4,2022-07-12 01:06:01.496,0.4,0,1,startup,False,4.754994352015283,17.190355713905877,12
normal,17252,normal_0517,5,2022-07-12 01:06:01.596,0.5,0,1,startup,False,4.3481542207968635,17.190355713905877,12
normal,17253,normal_0517,6,2022-07-12 01:06:01.696,0.6,0,1,startup,False,4.423582201606351,17.190355713905877,12
normal,17254,normal_0517,7,2022-07-12 01:06:01.796,0.7,0,1,startup,False,5.340659124576119,17.190355713905877,12
normal,17255,normal_0517,8,2022-07-12 01:06:01.896,0.8,0,1,startup,False,5.2185613775420405,17.190355713905877,12
normal,17256,normal_0517,9,2022-07-12 01:06:01.996,0.9,0,1,startup,False,7.938041333095646,17.190355713905877,12
normal,17257,normal_0517,10,2022-07-12 01:06:02.096,1.0,0,1,startup,False,4.260244131791303,17.190355713905877,12
normal,17258,normal_0517,11,2022-07-12 01:06:02.196,1.1,0,1,startup,False,4.045643363327632,17.190355713905877,12
normal,17259,normal_0517,12,2022-07-12 01:06:02.296,1.2,0,1,startup,False,4.353888660604383,17.190355713905877,12
normal,17260,normal_0517,13,2022-07-12 01:06:02.396,1.3,0,1,startup,False,5.435805830411407,17.190355713905877,12
normal,17261,normal_0517,14,2022-07-12 01:06:02.496,1.4,0,1,startup,False,5.416645146874126,17.190355713905877,12
normal,17262,normal_0517,15,2022-07-12 01:06:02.596,1.5,0,1,startup,False,5.105080301981002,17.190355713905877,12
normal,17263,normal_0517,16,2022-07-12 01:06:02.696,1.6,0,1,startup,False,4.686952248498111,17.190355713905877,12
normal,17264,normal_0517,17,2022-07-12 01:06:02.796,1.7,0,1,startup,False,6.594315603477969,17.190355713905877,12
normal,17265,normal_0517,18,2022-07-12 01:06:02.896,1.8,0,1,startup,False,6.908677843405106,17.190355713905877,12
normal,17266,normal_0517,19,2022-07-12 01:06:02.996,1.9,0,1,startup,False,4.709050790226297,17.190355713905877,12
normal,17267,normal_0517,20,2022-07-12 01:06:03.096,2.0,0,1,startup,False,5.669533127100816,17.190355713905877,12
normal,17268,normal_0517,21,2022-07-12 01:06:03.196,2.1,0,1,startup,False,4.5282703455566375,17.190355713905877,12
normal,17269,normal_0517,22,2022-07-12 01:06:03.296,2.2,0,1,startup,False,5.289510392597263,17.190355713905877,12
normal,17270,normal_0517,23,2022-07-12 01:06:03.396,2.3,0,1,startup,False,5.639377895155136,17.190355713905877,12
normal,17271,normal_0517,24,2022-07-12 01:06:03.496,2.4,0,1,startup,False,6.688063540695052,17.190355713905877,12
normal,17272,normal_0517,25,2022-07-12 01:06:03.596,2.5,0,1,startup,False,7.464560754151066,17.190355713905877,12
normal,17273,normal_0517,26,2022-07-12 01:06:03.696,2.6,0,1,startup,False,7.4023785690090955,17.190355713905877,12
normal,17274,normal_0517,27,2022-07-12 01:06:03.796,2.7,0,1,startup,False,3.7490303728914913,17.190355713905877,12
normal,17275,normal_0517,28,2022-07-12 01:06:03.896,2.8,0,1,startup,False,3.7244954571063853,17.190355713905877,12
normal,17276,normal_0517,29,2022-07-12 01:06:03.996,2.9,0,1,startup,False,5.423738085278306,17.190355713905877,12
normal,17277,normal_0517,30,2022-07-12 01:06:04.096,3.0,0,1,startup,False,4.659227335273761,17.190355713905877,12
normal,17278,normal_0517,31,2022-07-12 01:06:04.196,3.1,0,1,startup,False,4.226141044830471,17.190355713905877,12
normal,17279,normal_0517,32,2022-07-12 01:06:04.296,3.2,0,1,startup,False,3.973751663042109,17.190355713905877,12
normal,17280,normal_0517,33,2022-07-12 01:06:04.396,3.3,0,1,startup,False,4.877833573234901,17.190355713905877,12
normal,17281,normal_0517,34,2022-07-12 01:06:04.496,3.4,0,1,startup,False,5.406195253180348,17.190355713905877,12
normal,17282,normal_0517,35,2022-07-12 01:06:04.596,3.5,0,1,startup,False,4.908212141706074,17.190355713905877,12
normal,17283,normal_0517,36,2022-07-12 01:06:04.696,3.6,0,1,startup,False,4.64432946991354,17.190355713905877,12
normal,17284,normal_0517,37,2022-07-12 01:06:04.796,3.7,0,1,startup,False,4.870842436168342,17.190355713905877,12
normal,17285,normal_0517,38,2022-07-12 01:06:04.896,3.8,0,1,startup,False,4.75992128757797,17.190355713905877,12
normal,17286,normal_0517,39,2022-07-12 01:06:04.996,3.9,0,1,startup,False,4.73887652338487,17.190355713905877,12
normal,17287,normal_0518,0,2022-07-12 01:06:09.221,0.0,0,1,startup,False,2.9309636944927484,8.528429503027562,3
normal,17288,normal_0518,1,2022-07-12 01:06:09.321,0.1,0,1,startup,False,4.37747943927742,12.144759502448782,6
normal,17289,normal_0518,2,2022-07-12 01:06:09.421,0.2,0,1,startup,False,4.858303317163546,14.132739481471942,9
normal,17290,normal_0518,3,2022-07-12 01:06:09.521,0.3,0,1,startup,False,5.8347003059977816,17.190355713905877,12
normal,17291,normal_0518,4,2022-07-12 01:06:09.621,0.4,0,1,startup,False,5.237758016557258,17.190355713905877,12
normal,17292,normal_0518,5,2022-07-12 01:06:09.721,0.5,0,1,startup,False,4.292773651155035,17.190355713905877,12
normal,17293,normal_0518,6,2022-07-12 01:06:09.821,0.6,0,1,startup,False,3.354106763922853,17.190355713905877,12
normal,17294,normal_0518,7,2022-07-12 01:06:09.921,0.7,0,1,startup,False,5.5050544263298855,17.190355713905877,12
normal,17295,normal_0518,8,2022-07-12 01:06:10.021,0.8,0,1,startup,False,4.377731645177713,17.190355713905877,12
normal,17296,normal_0518,9,2022-07-12 01:06:10.121,0.9,0,1,startup,False,4.042331347314703,17.190355713905877,12
normal,17297,normal_0518,10,2022-07-12 01:06:10.221,1.0,0,1,startup,False,3.6582448818909765,17.190355713905877,12
normal,17298,normal_0518,11,2022-07-12 01:06:10.321,1.1,0,1,startup,False,4.660363309232828,17.190355713905877,12
normal,17299,normal_0518,12,2022-07-12 01:06:10.421,1.2,0,1,startup,False,4.98787847125611,17.190355713905877,12
normal,17300,normal_0518,13,2022-07-12 01:06:10.521,1.3,0,1,startup,False,3.840691741377522,17.190355713905877,12
normal,17301,normal_0518,14,2022-07-12 01:06:10.621,1.4,0,1,startup,False,5.280440851482605,17.190355713905877,12
normal,17302,normal_0518,15,2022-07-12 01:06:10.721,1.5,0,1,startup,False,5.64007174482239,17.190355713905877,12
normal,17303,normal_0518,16,2022-07-12 01:06:10.821,1.6,0,1,startup,False,5.2293390782578895,17.190355713905877,12
normal,17304,normal_0518,17,2022-07-12 01:06:10.921,1.7,0,1,startup,False,5.131990173246341,17.190355713905877,12
normal,17305,normal_0518,18,2022-07-12 01:06:11.021,1.8,0,1,startup,False,6.705288301622186,17.190355713905877,12
normal,17306,normal_0518,19,2022-07-12 01:06:11.121,1.9,0,1,startup,False,5.250316914851687,17.190355713905877,12
normal,17307,normal_0518,20,2022-07-12 01:06:11.221,2.0,0,1,startup,False,4.78823676272183,17.190355713905877,12
normal,17308,normal_0518,21,2022-07-12 01:06:11.321,2.1,0,1,startup,False,5.126101157547602,17.190355713905877,12
normal,17309,normal_0518,22,2022-07-12 01:06:11.421,2.2,0,1,startup,False,4.199860298881743,17.190355713905877,12
normal,17310,normal_0518,23,2022-07-12 01:06:11.521,2.3,0,1,startup,False,4.501930565509581,17.190355713905877,12
normal,17311,normal_0518,24,2022-07-12 01:06:11.621,2.4,0,1,startup,False,4.473865387689203,17.190355713905877,12
normal,17312,normal_0519,0,2022-07-12 01:06:17.179,0.0,0,1,startup,False,3.5413683140471846,8.528429503027562,3
normal,17313,normal_0519,1,2022-07-12 01:06:17.279,0.1,0,1,startup,False,6.325635759840254,12.144759502448782,6
normal,17314,normal_0519,2,2022-07-12 01:06:17.379,0.2,0,1,startup,False,6.653770474908209,14.132739481471942,9
normal,17315,normal_0519,3,2022-07-12 01:06:17.479,0.3,0,1,startup,False,7.133774680143218,17.190355713905877,12
normal,17316,normal_0519,4,2022-07-12 01:06:17.579,0.4,0,1,startup,False,3.2567098369805008,17.190355713905877,12
normal,17317,normal_0519,5,2022-07-12 01:06:17.679,0.5,0,1,startup,False,3.797557341555353,17.190355713905877,12
normal,17318,normal_0519,6,2022-07-12 01:06:17.779,0.6,0,1,startup,False,5.174427268698564,17.190355713905877,12
normal,17319,normal_0519,7,2022-07-12 01:06:17.879,0.7,0,1,startup,False,4.5416899252761365,17.190355713905877,12
normal,17320,normal_0519,8,2022-07-12 01:06:17.979,0.8,0,1,startup,False,4.578999114925568,17.190355713905877,12
normal,17321,normal_0519,9,2022-07-12 01:06:18.079,0.9,0,1,startup,False,7.135616746099932,17.190355713905877,12
normal,17322,normal_0519,10,2022-07-12 01:06:18.179,1.0,0,1,startup,False,6.659927817074277,17.190355713905877,12
normal,17323,normal_0519,11,2022-07-12 01:06:18.279,1.1,0,1,startup,False,7.097001265505745,17.190355713905877,12
normal,17324,normal_0519,12,2022-07-12 01:06:18.379,1.2,0,1,startup,False,8.320334678192227,17.190355713905877,12
normal,17325,normal_0520,0,2022-07-12 01:06:26.758,0.0,0,1,startup,False,3.313873619329363,8.528429503027562,3
normal,17326,normal_0520,1,2022-07-12 01:06:26.858,0.1,0,1,startup,False,5.965296966426536,12.144759502448782,6
normal,17327,normal_0520,2,2022-07-12 01:06:26.958,0.2,0,1,startup,False,5.519127959534606,14.132739481471942,9
normal,17328,normal_0520,3,2022-07-12 01:06:27.058,0.3,0,1,startup,False,5.66248456214455,17.190355713905877,12
normal,17329,normal_0520,4,2022-07-12 01:06:27.158,0.4,0,1,startup,False,5.800435737130695,17.190355713905877,12
normal,17330,normal_0520,5,2022-07-12 01:06:27.258,0.5,0,1,startup,False,5.641923948001744,17.190355713905877,12
normal,17331,normal_0520,6,2022-07-12 01:06:27.358,0.6,0,1,startup,False,5.563407224973399,17.190355713905877,12
normal,17332,normal_0520,7,2022-07-12 01:06:27.458,0.7,0,1,startup,False,6.723219736781185,17.190355713905877,12
normal,17333,normal_0520,8,2022-07-12 01:06:27.558,0.8,0,1,startup,False,4.948884997217397,17.190355713905877,12
normal,17334,normal_0520,9,2022-07-12 01:06:27.658,0.9,0,1,startup,False,5.308255715789762,17.190355713905877,12
normal,17335,normal_0520,10,2022-07-12 01:06:27.758,1.0,0,1,startup,False,5.2565971689577955,17.190355713905877,12
normal,17336,normal_0520,11,2022-07-12 01:06:27.858,1.1,0,1,startup,False,4.731821414915449,17.190355713905877,12
normal,17337,normal_0520,12,2022-07-12 01:06:27.958,1.2,0,1,startup,False,5.22512687982295,17.190355713905877,12
normal,17338,normal_0520,13,2022-07-12 01:06:28.058,1.3,0,1,startup,False,4.933847034014208,17.190355713905877,12
normal,17339,normal_0520,14,2022-07-12 01:06:28.158,1.4,0,1,startup,False,4.666081855602643,17.190355713905877,12
normal,17340,normal_0520,15,2022-07-12 01:06:28.258,1.5,0,1,startup,False,5.05126237317662,17.190355713905877,12
normal,17341,normal_0520,16,2022-07-12 01:06:28.358,1.6,0,1,startup,False,6.1046371584340395,17.190355713905877,12
normal,17342,normal_0520,17,2022-07-12 01:06:28.458,1.7,0,1,startup,False,6.2255907225205815,17.190355713905877,12
normal,17343,normal_0520,18,2022-07-12 01:06:28.558,1.8,0,1,startup,False,7.585524988744115,17.190355713905877,12
normal,17344,normal_0520,19,2022-07-12 01:06:28.658,1.9,0,1,startup,False,6.667638847131666,17.190355713905877,12
normal,17345,normal_0520,20,2022-07-12 01:06:28.758,2.0,0,1,startup,False,5.973610509957763,17.190355713905877,12
normal,17346,normal_0520,21,2022-07-12 01:06:28.858,2.1,0,1,startup,False,7.5707354789688335,17.190355713905877,12
normal,17347,normal_0520,22,2022-07-12 01:06:28.958,2.2,0,1,startup,False,7.3683666837402475,17.190355713905877,12
normal,17348,normal_0520,23,2022-07-12 01:06:29.058,2.3,0,1,startup,False,8.82829796681398,17.190355713905877,12
normal,17349,normal_0520,24,2022-07-12 01:06:29.158,2.4,0,1,startup,False,8.273057196975376,17.190355713905877,12
normal,17350,normal_0520,25,2022-07-12 01:06:29.258,2.5,0,1,startup,False,9.855833507593868,17.190355713905877,12
normal,17351,normal_0520,26,2022-07-12 01:06:29.358,2.6,0,1,startup,False,7.036575022937295,17.190355713905877,12
normal,17352,normal_0520,27,2022-07-12 01:06:29.458,2.7,0,1,startup,False,6.841704897384468,17.190355713905877,12
normal,17353,normal_0520,28,2022-07-12 01:06:29.558,2.8,0,1,startup,False,6.376029485889331,17.190355713905877,12
normal,17354,normal_0520,29,2022-07-12 01:06:29.658,2.9,0,1,startup,False,9.268774110712044,17.190355713905877,12
normal,17355,normal_0520,30,2022-07-12 01:06:29.758,3.0,0,1,startup,False,6.571498258686879,17.190355713905877,12
normal,17356,normal_0520,31,2022-07-12 01:06:29.858,3.1,0,1,startup,False,5.769689269875651,17.190355713905877,12
normal,17357,normal_0520,32,2022-07-12 01:06:29.958,3.2,0,1,startup,False,5.874085262392536,17.190355713905877,12
normal,17358,normal_0520,33,2022-07-12 01:06:30.058,3.3,0,1,startup,False,8.99918391107029,17.190355713905877,12
normal,17359,normal_0520,34,2022-07-12 01:06:30.158,3.4,0,1,startup,False,11.274618594486926,17.190355713905877,12
normal,17360,normal_0520,35,2022-07-12 01:06:30.258,3.5,0,1,startup,False,8.676643714960004,17.190355713905877,12
normal,17361,normal_0520,36,2022-07-12 01:06:30.358,3.6,0,1,startup,False,8.76733352528072,17.190355713905877,12
normal,17362,normal_0520,37,2022-07-12 01:06:30.458,3.7,0,1,startup,False,8.680228100397873,17.190355713905877,12
normal,17363,normal_0520,38,2022-07-12 01:06:30.558,3.8,0,1,startup,False,9.569825763132531,17.190355713905877,12
normal,17364,normal_0520,39,2022-07-12 01:06:30.658,3.9,0,1,startup,False,6.991998538806354,17.190355713905877,12
normal,17365,normal_0520,40,2022-07-12 01:06:30.758,4.0,0,1,startup,False,6.773453649781934,17.190355713905877,12
normal,17366,normal_0520,41,2022-07-12 01:06:30.858,4.1,0,1,startup,False,6.9548354430605865,17.190355713905877,12
normal,17367,normal_0520,42,2022-07-12 01:06:30.958,4.2,0,1,startup,False,6.495313998325972,17.190355713905877,12
normal,17368,normal_0520,43,2022-07-12 01:06:31.058,4.3,0,1,startup,False,6.242607135171596,17.190355713905877,12
normal,17369,normal_0520,44,2022-07-12 01:06:31.158,4.4,0,1,startup,False,4.420009847925771,17.190355713905877,12
normal,17370,normal_0520,45,2022-07-12 01:06:31.258,4.5,0,1,startup,False,6.343164127688578,17.190355713905877,12
normal,17371,normal_0520,46,2022-07-12 01:06:31.358,4.6,0,1,startup,False,6.756284261421864,17.190355713905877,12
normal,17372,normal_0520,47,2022-07-12 01:06:31.458,4.7,0,1,startup,False,5.582247967596672,17.190355713905877,12
normal,17373,normal_0520,48,2022-07-12 01:06:31.558,4.8,0,1,startup,False,4.901367454342203,17.190355713905877,12
normal,17374,normal_0520,49,2022-07-12 01:06:31.658,4.9,0,1,startup,False,7.342534888515829,17.190355713905877,12
normal,17375,normal_0521,0,2022-07-12 01:06:33.408,0.0,0,1,startup,False,3.031447450800327,8.528429503027562,3
normal,17376,normal_0521,1,2022-07-12 01:06:33.508,0.1,0,1,startup,False,4.183553154362666,12.144759502448782,6
normal,17377,normal_0521,2,2022-07-12 01:06:33.608,0.2,0,1,startup,False,4.234240748427137,14.132739481471942,9
normal,17378,normal_0521,3,2022-07-12 01:06:33.708,0.3,0,1,startup,False,4.770623701112565,17.190355713905877,12
normal,17379,normal_0521,4,2022-07-12 01:06:33.808,0.4,0,1,startup,False,3.9499485154591736,17.190355713905877,12
normal,17380,normal_0521,5,2022-07-12 01:06:33.908,0.5,0,1,startup,False,3.8952290851605937,17.190355713905877,12
normal,17381,normal_0521,6,2022-07-12 01:06:34.008,0.6,0,1,startup,False,5.260603844102807,17.190355713905877,12
normal,17382,normal_0521,7,2022-07-12 01:06:34.108,0.7,0,1,startup,False,4.854664855199702,17.190355713905877,12
normal,17383,normal_0521,8,2022-07-12 01:06:34.208,0.8,0,1,startup,False,6.010799600353913,17.190355713905877,12
normal,17384,normal_0521,9,2022-07-12 01:06:34.308,0.9,0,1,startup,False,5.865790070848103,17.190355713905877,12
normal,17385,normal_0521,10,2022-07-12 01:06:34.408,1.0,0,1,startup,False,4.912345123971853,17.190355713905877,12
normal,17386,normal_0521,11,2022-07-12 01:06:34.508,1.1,0,1,startup,False,5.627611650829014,17.190355713905877,12
normal,17387,normal_0521,12,2022-07-12 01:06:34.608,1.2,0,1,startup,False,3.6547459602535093,17.190355713905877,12
normal,17388,normal_0521,13,2022-07-12 01:06:34.708,1.3,0,1,startup,False,4.582716011310621,17.190355713905877,12
normal,17389,normal_0521,14,2022-07-12 01:06:34.808,1.4,0,1,startup,False,4.7795282683302,17.190355713905877,12
normal,17390,normal_0521,15,2022-07-12 01:06:34.908,1.5,0,1,startup,False,4.3806740050258535,17.190355713905877,12
normal,17391,normal_0521,16,2022-07-12 01:06:35.008,1.6,0,1,startup,False,5.616970378979461,17.190355713905877,12
normal,17392,normal_0521,17,2022-07-12 01:06:35.108,1.7,0,1,startup,False,6.026941016427919,17.190355713905877,12
normal,17393,normal_0521,18,2022-07-12 01:06:35.208,1.8,0,1,startup,False,3.910846092013654,17.190355713905877,12
normal,17394,normal_0521,19,2022-07-12 01:06:35.308,1.9,0,1,startup,False,3.997721425489632,17.190355713905877,12
normal,17395,normal_0521,20,2022-07-12 01:06:35.408,2.0,0,1,startup,False,5.274842407357753,17.190355713905877,12
normal,17396,normal_0521,21,2022-07-12 01:06:35.508,2.1,0,1,startup,False,5.066305837196677,17.190355713905877,12
normal,17397,normal_0521,22,2022-07-12 01:06:35.608,2.2,0,1,startup,False,4.303150209516806,17.190355713905877,12
normal,17398,normal_0521,23,2022-07-12 01:06:35.708,2.3,0,1,startup,False,4.4743758827707385,17.190355713905877,12
normal,17399,normal_0521,24,2022-07-12 01:06:35.808,2.4,0,1,startup,False,5.042993599724879,17.190355713905877,12
normal,17400,normal_0521,25,2022-07-12 01:06:35.908,2.5,0,1,startup,False,6.542112769611801,17.190355713905877,12
normal,17401,normal_0521,26,2022-07-12 01:06:36.008,2.6,0,1,startup,False,3.6102131278523997,17.190355713905877,12
normal,17402,normal_0521,27,2022-07-12 01:06:36.108,2.7,0,1,startup,False,4.286543063091161,17.190355713905877,12
normal,17403,normal_0521,28,2022-07-12 01:06:36.208,2.8,0,1,startup,False,4.495501882106831,17.190355713905877,12
normal,17404,normal_0521,29,2022-07-12 01:06:36.308,2.9,0,1,startup,False,3.7117644361398923,17.190355713905877,12
normal,17405,normal_0521,30,2022-07-12 01:06:36.408,3.0,0,1,startup,False,3.0911961433072586,17.190355713905877,12
normal,17406,normal_0521,31,2022-07-12 01:06:36.508,3.1,0,1,startup,False,4.680416059977636,17.190355713905877,12
normal,17407,normal_0521,32,2022-07-12 01:06:36.608,3.2,0,1,startup,False,5.028470985002765,17.190355713905877,12
normal,17408,normal_0521,33,2022-07-12 01:06:36.708,3.3,0,1,startup,False,4.9123579874969385,17.190355713905877,12
normal,17409,normal_0521,34,2022-07-12 01:06:36.808,3.4,0,1,startup,False,4.366177156108611,17.190355713905877,12
normal,17410,normal_0521,35,2022-07-12 01:06:36.908,3.5,0,1,startup,False,5.409332441599116,17.190355713905877,12
normal,17411,normal_0521,36,2022-07-12 01:06:37.008,3.6,0,1,startup,False,5.723048841285635,17.190355713905877,12
normal,17412,normal_0521,37,2022-07-12 01:06:37.108,3.7,0,1,startup,False,4.949942746201952,17.190355713905877,12
normal,17413,normal_0521,38,2022-07-12 01:06:37.208,3.8,0,1,startup,False,6.012387469737315,17.190355713905877,12
normal,17414,normal_0521,39,2022-07-12 01:06:37.308,3.9,0,1,startup,False,6.42297491197807,17.190355713905877,12
normal,17415,normal_0521,40,2022-07-12 01:06:37.408,4.0,0,1,startup,False,4.701900682887356,17.190355713905877,12
normal,17416,normal_0521,41,2022-07-12 01:06:37.508,4.1,0,1,startup,False,6.582418919978636,17.190355713905877,12
normal,17417,normal_0521,42,2022-07-12 01:06:37.608,4.2,0,1,startup,False,8.255376934392505,17.190355713905877,12
normal,17418,normal_0521,43,2022-07-12 01:06:37.708,4.3,0,1,startup,False,5.365118599337975,17.190355713905877,12
normal,17419,normal_0521,44,2022-07-12 01:06:37.808,4.4,0,1,startup,False,4.840245366036491,17.190355713905877,12
normal,17420,normal_0521,45,2022-07-12 01:06:37.908,4.5,0,1,startup,False,5.576443469035479,17.190355713905877,12
normal,17421,normal_0521,46,2022-07-12 01:06:38.008,4.6,0,1,startup,False,5.1281224185397605,17.190355713905877,12
normal,17422,normal_0521,47,2022-07-12 01:06:38.108,4.7,0,1,startup,False,4.802624098899819,17.190355713905877,12
normal,17423,normal_0521,48,2022-07-12 01:06:38.208,4.8,0,1,startup,False,5.3678781480431415,17.190355713905877,12
normal,17424,normal_0521,49,2022-07-12 01:06:38.308,4.9,0,1,startup,False,5.842524526696198,17.190355713905877,12
normal,17425,normal_0522,0,2022-07-12 01:06:41.133,0.0,0,1,startup,False,2.641197847667421,8.528429503027562,3
normal,17426,normal_0522,1,2022-07-12 01:06:41.233,0.1,0,1,startup,False,4.779222038012388,12.144759502448782,6
normal,17427,normal_0522,2,2022-07-12 01:06:41.333,0.2,0,1,startup,False,4.364878822254572,14.132739481471942,9
normal,17428,normal_0522,3,2022-07-12 01:06:41.433,0.3,0,1,startup,False,3.766469220974818,17.190355713905877,12
normal,17429,normal_0522,4,2022-07-12 01:06:41.533,0.4,0,1,startup,False,4.592759031895524,17.190355713905877,12
normal,17430,normal_0522,5,2022-07-12 01:06:41.633,0.5,0,1,startup,False,5.666194394216349,17.190355713905877,12
normal,17431,normal_0522,6,2022-07-12 01:06:41.733,0.6,0,1,startup,False,6.159449962393283,17.190355713905877,12
normal,17432,normal_0522,7,2022-07-12 01:06:41.833,0.7,0,1,startup,False,5.127856100739095,17.190355713905877,12
normal,17433,normal_0522,8,2022-07-12 01:06:41.933,0.8,0,1,startup,False,8.419680219381071,17.190355713905877,12
normal,17434,normal_0522,9,2022-07-12 01:06:42.033,0.9,0,1,startup,False,6.384967204890122,17.190355713905877,12
normal,17435,normal_0522,10,2022-07-12 01:06:42.133,1.0,0,1,startup,False,5.208757167573531,17.190355713905877,12
normal,17436,normal_0522,11,2022-07-12 01:06:42.233,1.1,0,1,startup,False,5.067189062241782,17.190355713905877,12
normal,17437,normal_0522,12,2022-07-12 01:06:42.333,1.2,0,1,startup,False,6.166149204332643,17.190355713905877,12
normal,17438,normal_0522,13,2022-07-12 01:06:42.433,1.3,0,1,startup,False,6.072763788177638,17.190355713905877,12
normal,17439,normal_0522,14,2022-07-12 01:06:42.533,1.4,0,1,startup,False,6.845590845300034,17.190355713905877,12
normal,17440,normal_0522,15,2022-07-12 01:06:42.633,1.5,0,1,startup,False,6.51091987306215,17.190355713905877,12
normal,17441,normal_0522,16,2022-07-12 01:06:42.733,1.6,0,1,startup,False,7.3693706979477565,17.190355713905877,12
normal,17442,normal_0522,17,2022-07-12 01:06:42.833,1.7,0,1,startup,False,5.00494162215364,17.190355713905877,12
normal,17443,normal_0522,18,2022-07-12 01:06:42.933,1.8,0,1,startup,False,4.128670115694088,17.190355713905877,12
normal,17444,normal_0522,19,2022-07-12 01:06:43.033,1.9,0,1,startup,False,4.655561015190156,17.190355713905877,12
normal,17445,normal_0522,20,2022-07-12 01:06:43.133,2.0,0,1,startup,False,3.908464493651967,17.190355713905877,12
normal,17446,normal_0522,21,2022-07-12 01:06:43.233,2.1,0,1,startup,False,3.855431420351902,17.190355713905877,12
normal,17447,normal_0522,22,2022-07-12 01:06:43.333,2.2,0,1,startup,False,4.245515049606225,17.190355713905877,12
normal,17448,normal_0522,23,2022-07-12 01:06:43.433,2.3,0,1,startup,False,4.23811068018898,17.190355713905877,12
normal,17449,normal_0522,24,2022-07-12 01:06:43.533,2.4,0,1,startup,False,5.289104019785955,17.190355713905877,12
normal,17450,normal_0522,25,2022-07-12 01:06:43.633,2.5,0,1,startup,False,6.304908808814674,17.190355713905877,12
normal,17451,normal_0522,26,2022-07-12 01:06:43.733,2.6,0,1,startup,False,4.183704085132904,17.190355713905877,12
normal,17452,normal_0522,27,2022-07-12 01:06:43.833,2.7,0,1,startup,False,4.03894365952229,17.190355713905877,12
normal,17453,normal_0522,28,2022-07-12 01:06:43.933,2.8,0,1,startup,False,3.240220170413662,17.190355713905877,12
normal,17454,normal_0522,29,2022-07-12 01:06:44.033,2.9,0,1,startup,False,3.5573324279986624,17.190355713905877,12
normal,17455,normal_0522,30,2022-07-12 01:06:44.133,3.0,0,1,startup,False,4.185658978321095,17.190355713905877,12
normal,17456,normal_0522,31,2022-07-12 01:06:44.233,3.1,0,1,startup,False,4.324865213783681,17.190355713905877,12
normal,17457,normal_0522,32,2022-07-12 01:06:44.333,3.2,0,1,startup,False,3.4573515865359776,17.190355713905877,12
normal,17458,normal_0522,33,2022-07-12 01:06:44.433,3.3,0,1,startup,False,4.393336302431289,17.190355713905877,12
normal,17459,normal_0522,34,2022-07-12 01:06:44.533,3.4,0,1,startup,False,3.872832617280457,17.190355713905877,12
normal,17460,normal_0522,35,2022-07-12 01:06:44.633,3.5,0,1,startup,False,3.7114273892542067,17.190355713905877,12
normal,17461,normal_0522,36,2022-07-12 01:06:44.733,3.6,0,1,startup,False,4.214764673823453,17.190355713905877,12
normal,17462,normal_0522,37,2022-07-12 01:06:44.833,3.7,0,1,startup,False,4.047840978818058,17.190355713905877,12
normal,17463,normal_0522,38,2022-07-12 01:06:44.933,3.8,0,1,startup,False,4.436569852153952,17.190355713905877,12
normal,17464,normal_0523,0,2022-07-12 01:06:49.173,0.0,0,1,startup,False,3.364092992135134,8.528429503027562,3
normal,17465,normal_0523,1,2022-07-12 01:06:49.273,0.1,0,1,startup,False,6.008606689047099,12.144759502448782,6
normal,17466,normal_0523,2,2022-07-12 01:06:49.373,0.2,0,1,startup,False,6.2064350115584865,14.132739481471942,9
normal,17467,normal_0523,3,2022-07-12 01:06:49.473,0.3,0,1,startup,False,7.79173394044852,17.190355713905877,12
normal,17468,normal_0523,4,2022-07-12 01:06:49.573,0.4,0,1,startup,False,7.293098336052283,17.190355713905877,12
normal,17469,normal_0523,5,2022-07-12 01:06:49.673,0.5,0,1,startup,False,6.72132405926883,17.190355713905877,12
normal,17470,normal_0523,6,2022-07-12 01:06:49.773,0.6,0,1,startup,False,7.805896019676758,17.190355713905877,12
normal,17471,normal_0523,7,2022-07-12 01:06:49.873,0.7,0,1,startup,False,7.360773548875671,17.190355713905877,12
normal,17472,normal_0523,8,2022-07-12 01:06:49.973,0.8,0,1,startup,False,7.086043898599404,17.190355713905877,12
normal,17473,normal_0523,9,2022-07-12 01:06:50.073,0.9,0,1,startup,False,5.411923008985943,17.190355713905877,12
normal,17474,normal_0523,10,2022-07-12 01:06:50.173,1.0,0,1,startup,False,7.595063030102302,17.190355713905877,12
normal,17475,normal_0523,11,2022-07-12 01:06:50.273,1.1,0,1,startup,False,9.303722834988399,17.190355713905877,12
normal,17476,normal_0523,12,2022-07-12 01:06:50.373,1.2,0,1,startup,False,7.322266994146698,17.190355713905877,12
normal,17477,normal_0523,13,2022-07-12 01:06:50.473,1.3,0,1,startup,False,4.97598576293713,17.190355713905877,12
normal,17478,normal_0523,14,2022-07-12 01:06:50.573,1.4,0,1,startup,False,6.4812768554845395,17.190355713905877,12
normal,17479,normal_0523,15,2022-07-12 01:06:50.673,1.5,0,1,startup,False,6.790050526806975,17.190355713905877,12
normal,17480,normal_0523,16,2022-07-12 01:06:50.773,1.6,0,1,startup,False,5.542627938593833,17.190355713905877,12
normal,17481,normal_0523,17,2022-07-12 01:06:50.873,1.7,0,1,startup,False,6.515503228384286,17.190355713905877,12
normal,17482,normal_0523,18,2022-07-12 01:06:50.973,1.8,0,1,startup,False,6.571897461256948,17.190355713905877,12
normal,17483,normal_0523,19,2022-07-12 01:06:51.073,1.9,0,1,startup,False,6.144572897607137,17.190355713905877,12
normal,17484,normal_0523,20,2022-07-12 01:06:51.173,2.0,0,1,startup,False,6.098316228043979,17.190355713905877,12
normal,17485,normal_0523,21,2022-07-12 01:06:51.273,2.1,0,1,startup,False,4.9289537493358395,17.190355713905877,12
normal,17486,normal_0523,22,2022-07-12 01:06:51.373,2.2,0,1,startup,False,5.6348438813483925,17.190355713905877,12
normal,17487,normal_0523,23,2022-07-12 01:06:51.473,2.3,0,1,startup,False,6.301438247163293,17.190355713905877,12
normal,17488,normal_0523,24,2022-07-12 01:06:51.573,2.4,0,1,startup,False,5.973447070959729,17.190355713905877,12
normal,17489,normal_0524,0,2022-07-12 01:06:57.151,0.0,0,1,startup,False,2.9312376979698733,8.528429503027562,3
normal,17490,normal_0524,1,2022-07-12 01:06:57.251,0.1,0,1,startup,False,4.425244007779824,12.144759502448782,6
normal,17491,normal_0524,2,2022-07-12 01:06:57.351,0.2,0,1,startup,False,4.086622734977756,14.132739481471942,9
normal,17492,normal_0524,3,2022-07-12 01:06:57.451,0.3,0,1,startup,False,4.96132039580236,17.190355713905877,12
normal,17493,normal_0524,4,2022-07-12 01:06:57.551,0.4,0,1,startup,False,6.387415947658911,17.190355713905877,12
normal,17494,normal_0524,5,2022-07-12 01:06:57.651,0.5,0,1,startup,False,6.497238904662531,17.190355713905877,12
normal,17495,normal_0524,6,2022-07-12 01:06:57.751,0.6,0,1,startup,False,4.233293548880891,17.190355713905877,12
normal,17496,normal_0524,7,2022-07-12 01:06:57.851,0.7,0,1,startup,False,5.135863486290668,17.190355713905877,12
normal,17497,normal_0524,8,2022-07-12 01:06:57.951,0.8,0,1,startup,False,5.57350429581775,17.190355713905877,12
normal,17498,normal_0524,9,2022-07-12 01:06:58.051,0.9,0,1,startup,False,4.800797064789931,17.190355713905877,12
normal,17499,normal_0524,10,2022-07-12 01:06:58.151,1.0,0,1,startup,False,6.134153431084247,17.190355713905877,12
normal,17500,normal_0525,0,2022-07-12 01:07:07.819,0.0,0,1,startup,False,3.0612623661741845,8.528429503027562,3
normal,17501,normal_0525,1,2022-07-12 01:07:07.919,0.1,0,1,startup,False,4.596560885707411,12.144759502448782,6
normal,17502,normal_0525,2,2022-07-12 01:07:08.019,0.2,0,1,startup,False,4.518321610214138,14.132739481471942,9
normal,17503,normal_0525,3,2022-07-12 01:07:08.119,0.3,0,1,startup,False,4.429074565927531,17.190355713905877,12
normal,17504,normal_0525,4,2022-07-12 01:07:08.219,0.4,0,1,startup,False,4.906407958316969,17.190355713905877,12
normal,17505,normal_0525,5,2022-07-12 01:07:08.319,0.5,0,1,startup,False,4.84864428748232,17.190355713905877,12
normal,17506,normal_0525,6,2022-07-12 01:07:08.419,0.6,0,1,startup,False,5.450508486940056,17.190355713905877,12
normal,17507,normal_0525,7,2022-07-12 01:07:08.519,0.7,0,1,startup,False,6.583440912495961,17.190355713905877,12
normal,17508,normal_0525,8,2022-07-12 01:07:08.619,0.8,0,1,startup,False,5.013405846645788,17.190355713905877,12
normal,17509,normal_0525,9,2022-07-12 01:07:08.719,0.9,0,1,startup,False,4.871499035995446,17.190355713905877,12
normal,17510,normal_0525,10,2022-07-12 01:07:08.819,1.0,0,1,startup,False,4.537976181136334,17.190355713905877,12
normal,17511,normal_0525,11,2022-07-12 01:07:08.919,1.1,0,1,startup,False,5.3475801577212065,17.190355713905877,12
normal,17512,normal_0525,12,2022-07-12 01:07:09.019,1.2,0,1,startup,False,4.990254544921694,17.190355713905877,12
normal,17513,normal_0525,13,2022-07-12 01:07:09.119,1.3,0,1,startup,False,5.707681295192959,17.190355713905877,12
normal,17514,normal_0525,14,2022-07-12 01:07:09.219,1.4,0,1,startup,False,6.471429371357231,17.190355713905877,12
normal,17515,normal_0525,15,2022-07-12 01:07:09.319,1.5,0,1,startup,False,7.5542173637575925,17.190355713905877,12
normal,17516,normal_0525,16,2022-07-12 01:07:09.419,1.6,0,1,startup,False,4.185955960732572,17.190355713905877,12
normal,17517,normal_0525,17,2022-07-12 01:07:09.519,1.7,0,1,startup,False,4.480899017158923,17.190355713905877,12
normal,17518,normal_0525,18,2022-07-12 01:07:09.619,1.8,0,1,startup,False,5.1895326429840285,17.190355713905877,12
normal,17519,normal_0525,19,2022-07-12 01:07:09.719,1.9,0,1,startup,False,4.9082369319503725,17.190355713905877,12
normal,17520,normal_0525,20,2022-07-12 01:07:09.819,2.0,0,1,startup,False,3.9214680328612066,17.190355713905877,12
normal,17521,normal_0525,21,2022-07-12 01:07:09.919,2.1,0,1,startup,False,4.306455651915436,17.190355713905877,12
normal,17522,normal_0525,22,2022-07-12 01:07:10.019,2.2,0,1,startup,False,3.9376059190740835,17.190355713905877,12
normal,17523,normal_0525,23,2022-07-12 01:07:10.119,2.3,0,1,startup,False,4.960120387037978,17.190355713905877,12
normal,17524,normal_0525,24,2022-07-12 01:07:10.219,2.4,0,1,startup,False,4.563025281556628,17.190355713905877,12
normal,17525,normal_0525,25,2022-07-12 01:07:10.319,2.5,0,1,startup,False,3.697351143879174,17.190355713905877,12
normal,17526,normal_0525,26,2022-07-12 01:07:10.419,2.6,0,1,startup,False,4.03174307909002,17.190355713905877,12
normal,17527,normal_0525,27,2022-07-12 01:07:10.519,2.7,0,1,startup,False,5.0164820065658935,17.190355713905877,12
normal,17528,normal_0525,28,2022-07-12 01:07:10.619,2.8,0,1,startup,False,5.317684143206032,17.190355713905877,12
normal,17529,normal_0525,29,2022-07-12 01:07:10.719,2.9,0,1,startup,False,5.6241144872866355,17.190355713905877,12
normal,17530,normal_0525,30,2022-07-12 01:07:10.819,3.0,0,1,startup,False,5.639547290194466,17.190355713905877,12
normal,17531,normal_0525,31,2022-07-12 01:07:10.919,3.1,0,1,startup,False,8.146897216536393,17.190355713905877,12
normal,17532,normal_0525,32,2022-07-12 01:07:11.019,3.2,0,1,startup,False,7.527191474241103,17.190355713905877,12
normal,17533,normal_0525,33,2022-07-12 01:07:11.119,3.3,0,1,startup,False,4.3417844845484845,17.190355713905877,12
normal,17534,normal_0525,34,2022-07-12 01:07:11.219,3.4,0,1,startup,False,3.7630106083665105,17.190355713905877,12
normal,17535,normal_0525,35,2022-07-12 01:07:11.319,3.5,0,1,startup,False,4.701384983631084,17.190355713905877,12
normal,17536,normal_0525,36,2022-07-12 01:07:11.419,3.6,0,1,startup,False,3.9454151575697316,17.190355713905877,12
normal,17537,normal_0525,37,2022-07-12 01:07:11.519,3.7,0,1,startup,False,5.563692848550675,17.190355713905877,12
normal,17538,normal_0525,38,2022-07-12 01:07:11.619,3.8,0,1,startup,False,4.030079786149061,17.190355713905877,12
normal,17539,normal_0525,39,2022-07-12 01:07:11.719,3.9,0,1,startup,False,4.4373846190127555,17.190355713905877,12
normal,17540,normal_0525,40,2022-07-12 01:07:11.819,4.0,0,1,startup,False,5.128206209245848,17.190355713905877,12
normal,17541,normal_0525,41,2022-07-12 01:07:11.919,4.1,0,1,startup,False,5.774473608210255,17.190355713905877,12
normal,17542,normal_0525,42,2022-07-12 01:07:12.019,4.2,0,1,startup,False,4.882781943576778,17.190355713905877,12
normal,17543,normal_0525,43,2022-07-12 01:07:12.119,4.3,0,1,startup,False,5.213698745359629,17.190355713905877,12
normal,17544,normal_0525,44,2022-07-12 01:07:12.219,4.4,0,1,startup,False,4.589752548411604,17.190355713905877,12
normal,17545,normal_0525,45,2022-07-12 01:07:12.319,4.5,0,1,startup,False,5.880030825590257,17.190355713905877,12
normal,17546,normal_0525,46,2022-07-12 01:07:12.419,4.6,0,1,startup,False,7.337169404065138,17.190355713905877,12
normal,17547,normal_0525,47,2022-07-12 01:07:12.519,4.7,0,1,startup,False,5.7642455461947995,17.190355713905877,12
normal,17548,normal_0525,48,2022-07-12 01:07:12.619,4.8,0,1,startup,False,7.63622100618045,17.190355713905877,12
normal,17549,normal_0525,49,2022-07-12 01:07:12.719,4.9,0,1,startup,False,5.8035049256109295,17.190355713905877,12
normal,17550,normal_0526,0,2022-07-12 01:07:14.504,0.0,0,1,startup,False,2.7159708160158935,8.528429503027562,3
normal,17551,normal_0526,1,2022-07-12 01:07:14.604,0.1,0,1,startup,False,5.209276716780116,12.144759502448782,6
normal,17552,normal_0526,2,2022-07-12 01:07:14.704,0.2,0,1,startup,False,4.672231549028796,14.132739481471942,9
normal,17553,normal_0526,3,2022-07-12 01:07:14.804,0.3,0,1,startup,False,4.756551164879026,17.190355713905877,12
normal,17554,normal_0526,4,2022-07-12 01:07:14.904,0.4,0,1,startup,False,6.665244468700097,17.190355713905877,12
normal,17555,normal_0526,5,2022-07-12 01:07:15.004,0.5,0,1,startup,False,5.112411428386686,17.190355713905877,12
normal,17556,normal_0526,6,2022-07-12 01:07:15.104,0.6,0,1,startup,False,4.492165583864413,17.190355713905877,12
normal,17557,normal_0526,7,2022-07-12 01:07:15.204,0.7,0,1,startup,False,4.931021167926559,17.190355713905877,12
normal,17558,normal_0526,8,2022-07-12 01:07:15.304,0.8,0,1,startup,False,5.574952966849993,17.190355713905877,12
normal,17559,normal_0526,9,2022-07-12 01:07:15.404,0.9,0,1,startup,False,7.3565275711129425,17.190355713905877,12
normal,17560,normal_0526,10,2022-07-12 01:07:15.504,1.0,0,1,startup,False,6.635283715311975,17.190355713905877,12
normal,17561,normal_0526,11,2022-07-12 01:07:15.604,1.1,0,1,startup,False,5.528795926687808,17.190355713905877,12
normal,17562,normal_0526,12,2022-07-12 01:07:15.704,1.2,0,1,startup,False,6.616301107213813,17.190355713905877,12
normal,17563,normal_0526,13,2022-07-12 01:07:15.804,1.3,0,1,startup,False,5.290428441808277,17.190355713905877,12
normal,17564,normal_0526,14,2022-07-12 01:07:15.904,1.4,0,1,startup,False,6.2381486783170494,17.190355713905877,12
normal,17565,normal_0526,15,2022-07-12 01:07:16.004,1.5,0,1,startup,False,5.279326971265371,17.190355713905877,12
normal,17566,normal_0526,16,2022-07-12 01:07:16.104,1.6,0,1,startup,False,5.020459875070919,17.190355713905877,12
normal,17567,normal_0526,17,2022-07-12 01:07:16.204,1.7,0,1,startup,False,4.259172173266249,17.190355713905877,12
normal,17568,normal_0526,18,2022-07-12 01:07:16.304,1.8,0,1,startup,False,7.360357841859182,17.190355713905877,12
normal,17569,normal_0526,19,2022-07-12 01:07:16.404,1.9,0,1,startup,False,7.218358929935203,17.190355713905877,12
normal,17570,normal_0526,20,2022-07-12 01:07:16.504,2.0,0,1,startup,False,7.755773389702246,17.190355713905877,12
normal,17571,normal_0526,21,2022-07-12 01:07:16.604,2.1,0,1,startup,False,7.369262911314442,17.190355713905877,12
normal,17572,normal_0526,22,2022-07-12 01:07:16.704,2.2,0,1,startup,False,7.382948578529271,17.190355713905877,12
normal,17573,normal_0526,23,2022-07-12 01:07:16.804,2.3,0,1,startup,False,6.9700080649733325,17.190355713905877,12
normal,17574,normal_0526,24,2022-07-12 01:07:16.904,2.4,0,1,startup,False,5.39398091982799,17.190355713905877,12
normal,17575,normal_0526,25,2022-07-12 01:07:17.004,2.5,0,1,startup,False,6.952164235717682,17.190355713905877,12
normal,17576,normal_0526,26,2022-07-12 01:07:17.104,2.6,0,1,startup,False,7.143708047218057,17.190355713905877,12
normal,17577,normal_0526,27,2022-07-12 01:07:17.204,2.7,0,1,startup,False,5.781464516697514,17.190355713905877,12
normal,17578,normal_0526,28,2022-07-12 01:07:17.304,2.8,0,1,startup,False,5.475538417327003,17.190355713905877,12
normal,17579,normal_0526,29,2022-07-12 01:07:17.404,2.9,0,1,startup,False,6.582088862788339,17.190355713905877,12
normal,17580,normal_0526,30,2022-07-12 01:07:17.504,3.0,0,1,startup,False,4.725312907575997,17.190355713905877,12
normal,17581,normal_0526,31,2022-07-12 01:07:17.604,3.1,0,1,startup,False,5.217655980833709,17.190355713905877,12
normal,17582,normal_0526,32,2022-07-12 01:07:17.704,3.2,0,1,startup,False,4.926029402854416,17.190355713905877,12
normal,17583,normal_0526,33,2022-07-12 01:07:17.804,3.3,0,1,startup,False,4.277473789079471,17.190355713905877,12
normal,17584,normal_0526,34,2022-07-12 01:07:17.904,3.4,0,1,startup,False,4.461674540893117,17.190355713905877,12
normal,17585,normal_0526,35,2022-07-12 01:07:18.004,3.5,0,1,startup,False,4.844500010619884,17.190355713905877,12
normal,17586,normal_0526,36,2022-07-12 01:07:18.104,3.6,0,1,startup,False,5.534839962940042,17.190355713905877,12
normal,17587,normal_0526,37,2022-07-12 01:07:18.204,3.7,0,1,startup,False,5.38371161197648,17.190355713905877,12
normal,17588,normal_0526,38,2022-07-12 01:07:18.304,3.8,0,1,startup,False,3.5649542624374897,17.190355713905877,12
normal,17589,normal_0526,39,2022-07-12 01:07:18.404,3.9,0,1,startup,False,3.7442110752942783,17.190355713905877,12
normal,17590,normal_0526,40,2022-07-12 01:07:18.504,4.0,0,1,startup,False,4.107520686097607,17.190355713905877,12
normal,17591,normal_0526,41,2022-07-12 01:07:18.604,4.1,0,1,startup,False,4.202334877158191,17.190355713905877,12
normal,17592,normal_0526,42,2022-07-12 01:07:18.704,4.2,0,1,startup,False,4.246890175154731,17.190355713905877,12
normal,17593,normal_0526,43,2022-07-12 01:07:18.804,4.3,0,1,startup,False,4.860052036118905,17.190355713905877,12
normal,17594,normal_0526,44,2022-07-12 01:07:18.904,4.4,0,1,startup,False,4.357743452448494,17.190355713905877,12
normal,17595,normal_0526,45,2022-07-12 01:07:19.004,4.5,0,1,startup,False,6.137549694130749,17.190355713905877,12
normal,17596,normal_0526,46,2022-07-12 01:07:19.104,4.6,0,1,startup,False,5.786935820397706,17.190355713905877,12
normal,17597,normal_0526,47,2022-07-12 01:07:19.204,4.7,0,1,startup,False,5.6651323201247,17.190355713905877,12
normal,17598,normal_0526,48,2022-07-12 01:07:19.304,4.8,0,1,startup,False,5.538490128691543,17.190355713905877,12
normal,17599,normal_0526,49,2022-07-12 01:07:19.404,4.9,0,1,startup,False,4.408060876673479,17.190355713905877,12
normal,17600,normal_0527,0,2022-07-12 01:07:21.267,0.0,0,1,startup,False,3.913764815620612,8.528429503027562,3
normal,17601,normal_0527,1,2022-07-12 01:07:21.367,0.1,0,1,startup,False,5.79709402443121,12.144759502448782,6
normal,17602,normal_0527,2,2022-07-12 01:07:21.467,0.2,0,1,startup,False,4.929954523826387,14.132739481471942,9
normal,17603,normal_0527,3,2022-07-12 01:07:21.567,0.3,0,1,startup,False,6.570528148691659,17.190355713905877,12
normal,17604,normal_0527,4,2022-07-12 01:07:21.667,0.4,0,1,startup,False,7.691517544093346,17.190355713905877,12
normal,17605,normal_0527,5,2022-07-12 01:07:21.767,0.5,0,1,startup,False,7.490177745209153,17.190355713905877,12
normal,17606,normal_0527,6,2022-07-12 01:07:21.867,0.6,0,1,startup,False,7.935352980932063,17.190355713905877,12
normal,17607,normal_0527,7,2022-07-12 01:07:21.967,0.7,0,1,startup,False,11.185386333285374,17.190355713905877,12
normal,17608,normal_0527,8,2022-07-12 01:07:22.067,0.8,0,1,startup,False,12.392867584520761,17.190355713905877,12
normal,17609,normal_0527,9,2022-07-12 01:07:22.167,0.9,0,1,startup,False,7.7313124986128114,17.190355713905877,12
normal,17610,normal_0527,10,2022-07-12 01:07:22.267,1.0,0,1,startup,False,8.758898387092456,17.190355713905877,12
normal,17611,normal_0527,11,2022-07-12 01:07:22.367,1.1,0,1,startup,False,10.816480403946498,17.190355713905877,12
normal,17612,normal_0527,12,2022-07-12 01:07:22.467,1.2,0,1,startup,False,9.48108209426126,17.190355713905877,12
normal,17613,normal_0527,13,2022-07-12 01:07:22.567,1.3,0,1,startup,False,6.880228991348307,17.190355713905877,12
normal,17614,normal_0527,14,2022-07-12 01:07:22.667,1.4,0,1,startup,False,8.482412627149023,17.190355713905877,12
normal,17615,normal_0527,15,2022-07-12 01:07:22.767,1.5,0,1,startup,False,8.186279933766803,17.190355713905877,12
normal,17616,normal_0527,16,2022-07-12 01:07:22.867,1.6,0,1,startup,False,7.65049062120522,17.190355713905877,12
normal,17617,normal_0527,17,2022-07-12 01:07:22.967,1.7,0,1,startup,False,8.06091493867812,17.190355713905877,12
normal,17618,normal_0527,18,2022-07-12 01:07:23.067,1.8,0,1,startup,False,6.229007561131786,17.190355713905877,12
normal,17619,normal_0527,19,2022-07-12 01:07:23.167,1.9,0,1,startup,False,6.036692552883627,17.190355713905877,12
normal,17620,normal_0527,20,2022-07-12 01:07:23.267,2.0,0,1,startup,False,5.825314277559196,17.190355713905877,12
normal,17621,normal_0527,21,2022-07-12 01:07:23.367,2.1,0,1,startup,False,5.333434033056389,17.190355713905877,12
normal,17622,normal_0527,22,2022-07-12 01:07:23.467,2.2,0,1,startup,False,5.622392789961656,17.190355713905877,12
normal,17623,normal_0527,23,2022-07-12 01:07:23.567,2.3,0,1,startup,False,5.153334965075643,17.190355713905877,12
normal,17624,normal_0527,24,2022-07-12 01:07:23.667,2.4,0,1,startup,False,5.221744128126319,17.190355713905877,12
normal,17625,normal_0527,25,2022-07-12 01:07:23.767,2.5,0,1,startup,False,5.724380119847646,17.190355713905877,12
normal,17626,normal_0527,26,2022-07-12 01:07:23.867,2.6,0,1,startup,False,4.798937868575472,17.190355713905877,12
normal,17627,normal_0527,27,2022-07-12 01:07:23.967,2.7,0,1,startup,False,3.5679913887537396,17.190355713905877,12
normal,17628,normal_0527,28,2022-07-12 01:07:24.067,2.8,0,1,startup,False,4.445241972038175,17.190355713905877,12
normal,17629,normal_0527,29,2022-07-12 01:07:24.167,2.9,0,1,startup,False,4.2415617115869795,17.190355713905877,12
normal,17630,normal_0527,30,2022-07-12 01:07:24.267,3.0,0,1,startup,False,4.107389681608461,17.190355713905877,12
normal,17631,normal_0527,31,2022-07-12 01:07:24.367,3.1,0,1,startup,False,4.074994432392606,17.190355713905877,12
normal,17632,normal_0527,32,2022-07-12 01:07:24.467,3.2,0,1,startup,False,4.705951655912139,17.190355713905877,12
normal,17633,normal_0527,33,2022-07-12 01:07:24.567,3.3,0,1,startup,False,6.379023960243152,17.190355713905877,12
normal,17634,normal_0527,34,2022-07-12 01:07:24.667,3.4,0,1,startup,False,5.0221427016465405,17.190355713905877,12
normal,17635,normal_0527,35,2022-07-12 01:07:24.767,3.5,0,1,startup,False,4.890876234274461,17.190355713905877,12
normal,17636,normal_0527,36,2022-07-12 01:07:24.867,3.6,0,1,startup,False,6.762619882619515,17.190355713905877,12
normal,17637,normal_0527,37,2022-07-12 01:07:24.967,3.7,0,1,startup,False,6.274970068399598,17.190355713905877,12
normal,17638,normal_0527,38,2022-07-12 01:07:25.067,3.8,0,1,startup,False,5.7746624486040385,17.190355713905877,12
normal,17639,normal_0527,39,2022-07-12 01:07:25.167,3.9,0,1,startup,False,7.407612786233456,17.190355713905877,12
normal,17640,normal_0527,40,2022-07-12 01:07:25.267,4.0,0,1,startup,False,7.837467261815751,17.190355713905877,12
normal,17641,normal_0527,41,2022-07-12 01:07:25.367,4.1,0,1,startup,False,6.936797888924295,17.190355713905877,12
normal,17642,normal_0527,42,2022-07-12 01:07:25.467,4.2,0,1,startup,False,5.3215360148094595,17.190355713905877,12
normal,17643,normal_0527,43,2022-07-12 01:07:25.567,4.3,0,1,startup,False,4.859278499113203,17.190355713905877,12
normal,17644,normal_0527,44,2022-07-12 01:07:25.667,4.4,0,1,startup,False,6.021043718632654,17.190355713905877,12
normal,17645,normal_0527,45,2022-07-12 01:07:25.767,4.5,0,1,startup,False,4.321222643555084,17.190355713905877,12
normal,17646,normal_0527,46,2022-07-12 01:07:25.867,4.6,0,1,startup,False,4.924369545012545,17.190355713905877,12
normal,17647,normal_0527,47,2022-07-12 01:07:25.967,4.7,0,1,startup,False,5.2841440777995965,17.190355713905877,12
normal,17648,normal_0527,48,2022-07-12 01:07:26.067,4.8,0,1,startup,False,5.41636058928672,17.190355713905877,12
normal,17649,normal_0528,0,2022-07-12 01:07:29.260,0.0,0,1,startup,False,2.760820697217937,8.528429503027562,3
normal,17650,normal_0528,1,2022-07-12 01:07:29.360,0.1,0,1,startup,False,4.452954212255224,12.144759502448782,6
normal,17651,normal_0528,2,2022-07-12 01:07:29.460,0.2,0,1,startup,False,7.366334103246575,14.132739481471942,9
normal,17652,normal_0528,3,2022-07-12 01:07:29.560,0.3,0,1,startup,False,7.572118534191515,17.190355713905877,12
normal,17653,normal_0528,4,2022-07-12 01:07:29.660,0.4,0,1,startup,False,5.312603538588324,17.190355713905877,12
normal,17654,normal_0528,5,2022-07-12 01:07:29.760,0.5,0,1,startup,False,5.992499544154887,17.190355713905877,12
normal,17655,normal_0528,6,2022-07-12 01:07:29.860,0.6,0,1,startup,False,6.865812777844267,17.190355713905877,12
normal,17656,normal_0528,7,2022-07-12 01:07:29.960,0.7,0,1,startup,False,6.374367065062594,17.190355713905877,12
normal,17657,normal_0528,8,2022-07-12 01:07:30.060,0.8,0,1,startup,False,6.861310621264833,17.190355713905877,12
normal,17658,normal_0528,9,2022-07-12 01:07:30.160,0.9,0,1,startup,False,8.522442022572937,17.190355713905877,12
normal,17659,normal_0528,10,2022-07-12 01:07:30.260,1.0,0,1,startup,False,10.691072177539237,17.190355713905877,12
normal,17660,normal_0528,11,2022-07-12 01:07:30.360,1.1,0,1,startup,False,8.826508254618687,17.190355713905877,12
normal,17661,normal_0528,12,2022-07-12 01:07:30.460,1.2,0,1,startup,False,6.108304740156818,17.190355713905877,12
normal,17662,normal_0528,13,2022-07-12 01:07:30.560,1.3,0,1,startup,False,5.801855009950893,17.190355713905877,12
normal,17663,normal_0528,14,2022-07-12 01:07:30.660,1.4,0,1,startup,False,6.193957966674738,17.190355713905877,12
normal,17664,normal_0528,15,2022-07-12 01:07:30.760,1.5,0,1,startup,False,4.902007642729277,17.190355713905877,12
normal,17665,normal_0528,16,2022-07-12 01:07:30.860,1.6,0,1,startup,False,6.132625002332572,17.190355713905877,12
normal,17666,normal_0528,17,2022-07-12 01:07:30.960,1.7,0,1,startup,False,5.28788313490105,17.190355713905877,12
normal,17667,normal_0528,18,2022-07-12 01:07:31.060,1.8,0,1,startup,False,5.468459809598271,17.190355713905877,12
normal,17668,normal_0528,19,2022-07-12 01:07:31.160,1.9,0,1,startup,False,5.716796174291379,17.190355713905877,12
normal,17669,normal_0528,20,2022-07-12 01:07:31.260,2.0,0,1,startup,False,5.7764007812448535,17.190355713905877,12
normal,17670,normal_0528,21,2022-07-12 01:07:31.360,2.1,0,1,startup,False,5.230443863608106,17.190355713905877,12
normal,17671,normal_0528,22,2022-07-12 01:07:31.460,2.2,0,1,startup,False,5.134092424256796,17.190355713905877,12
normal,17672,normal_0528,23,2022-07-12 01:07:31.560,2.3,0,1,startup,False,5.389550959391315,17.190355713905877,12
normal,17673,normal_0528,24,2022-07-12 01:07:31.660,2.4,0,1,startup,False,6.022301807784868,17.190355713905877,12
normal,17674,normal_0528,25,2022-07-12 01:07:31.760,2.5,0,1,startup,False,5.576135575874419,17.190355713905877,12
normal,17675,normal_0528,26,2022-07-12 01:07:31.860,2.6,0,1,startup,False,5.369026106134952,17.190355713905877,12
normal,17676,normal_0528,27,2022-07-12 01:07:31.960,2.7,0,1,startup,False,7.521039770464144,17.190355713905877,12
normal,17677,normal_0528,28,2022-07-12 01:07:32.060,2.8,0,1,startup,False,6.062133962774163,17.190355713905877,12
normal,17678,normal_0528,29,2022-07-12 01:07:32.160,2.9,0,1,startup,False,3.139001239687375,17.190355713905877,12
normal,17679,normal_0528,30,2022-07-12 01:07:32.260,3.0,0,1,startup,False,3.6222717692686333,17.190355713905877,12
normal,17680,normal_0528,31,2022-07-12 01:07:32.360,3.1,0,1,startup,False,3.8899016435695555,17.190355713905877,12
normal,17681,normal_0528,32,2022-07-12 01:07:32.460,3.2,0,1,startup,False,3.370308504766336,17.190355713905877,12
normal,17682,normal_0528,33,2022-07-12 01:07:32.560,3.3,0,1,startup,False,4.465096721018662,17.190355713905877,12
normal,17683,normal_0528,34,2022-07-12 01:07:32.660,3.4,0,1,startup,False,4.565939950354934,17.190355713905877,12
normal,17684,normal_0528,35,2022-07-12 01:07:32.760,3.5,0,1,startup,False,5.539767146018911,17.190355713905877,12
normal,17685,normal_0529,0,2022-07-12 01:07:37.255,0.0,0,1,startup,False,3.5320081752715087,8.528429503027562,3
normal,17686,normal_0529,1,2022-07-12 01:07:37.355,0.1,0,1,startup,False,5.60137257103689,12.144759502448782,6
normal,17687,normal_0529,2,2022-07-12 01:07:37.455,0.2,0,1,startup,False,4.978708316631183,14.132739481471942,9
normal,17688,normal_0529,3,2022-07-12 01:07:37.555,0.3,0,1,startup,False,5.359501089906881,17.190355713905877,12
normal,17689,normal_0529,4,2022-07-12 01:07:37.655,0.4,0,1,startup,False,4.321055484825652,17.190355713905877,12
normal,17690,normal_0529,5,2022-07-12 01:07:37.755,0.5,0,1,startup,False,7.562799119263823,17.190355713905877,12
normal,17691,normal_0529,6,2022-07-12 01:07:37.855,0.6,0,1,startup,False,5.905857736672433,17.190355713905877,12
normal,17692,normal_0529,7,2022-07-12 01:07:37.955,0.7,0,1,startup,False,5.068379679926768,17.190355713905877,12
normal,17693,normal_0529,8,2022-07-12 01:07:38.055,0.8,0,1,startup,False,6.79225672076015,17.190355713905877,12
normal,17694,normal_0529,9,2022-07-12 01:07:38.155,0.9,0,1,startup,False,7.596675522612091,17.190355713905877,12
normal,17695,normal_0529,10,2022-07-12 01:07:38.255,1.0,0,1,startup,False,6.20689614526084,17.190355713905877,12
normal,17696,normal_0529,11,2022-07-12 01:07:38.355,1.1,0,1,startup,False,6.873566077860816,17.190355713905877,12
normal,17697,normal_0529,12,2022-07-12 01:07:38.455,1.2,0,1,startup,False,8.17701160282915,17.190355713905877,12
normal,17698,normal_0529,13,2022-07-12 01:07:38.555,1.3,0,1,startup,False,8.927971473066082,17.190355713905877,12
normal,17699,normal_0529,14,2022-07-12 01:07:38.655,1.4,0,1,startup,False,6.316325979239769,17.190355713905877,12
normal,17700,normal_0529,15,2022-07-12 01:07:38.755,1.5,0,1,startup,False,5.643650725386882,17.190355713905877,12
normal,17701,normal_0529,16,2022-07-12 01:07:38.855,1.6,0,1,startup,False,8.130989258192036,17.190355713905877,12
normal,17702,normal_0529,17,2022-07-12 01:07:38.955,1.7,0,1,startup,False,7.293174209662233,17.190355713905877,12
normal,17703,normal_0529,18,2022-07-12 01:07:39.055,1.8,0,1,startup,False,4.306657645774542,17.190355713905877,12
normal,17704,normal_0529,19,2022-07-12 01:07:39.155,1.9,0,1,startup,False,4.989798093875892,17.190355713905877,12
normal,17705,normal_0529,20,2022-07-12 01:07:39.255,2.0,0,1,startup,False,6.425907996297934,17.190355713905877,12
normal,17706,normal_0529,21,2022-07-12 01:07:39.355,2.1,0,1,startup,False,5.820716298693168,17.190355713905877,12
normal,17707,normal_0529,22,2022-07-12 01:07:39.455,2.2,0,1,startup,False,5.684188047189029,17.190355713905877,12
normal,17708,normal_0529,23,2022-07-12 01:07:39.555,2.3,0,1,startup,False,5.429021745698524,17.190355713905877,12
normal,17709,normal_0529,24,2022-07-12 01:07:39.655,2.4,0,1,startup,False,5.869580007052013,17.190355713905877,12
normal,17710,normal_0530,0,2022-07-12 01:07:45.179,0.0,0,1,startup,False,2.498730977619591,8.528429503027562,3
normal,17711,normal_0530,1,2022-07-12 01:07:45.279,0.1,0,1,startup,False,4.961848904056812,12.144759502448782,6
normal,17712,normal_0530,2,2022-07-12 01:07:45.379,0.2,0,1,startup,False,5.196095672815662,14.132739481471942,9
normal,17713,normal_0530,3,2022-07-12 01:07:45.479,0.3,0,1,startup,False,4.320678018219875,17.190355713905877,12
normal,17714,normal_0530,4,2022-07-12 01:07:45.579,0.4,0,1,startup,False,6.014947650265537,17.190355713905877,12
normal,17715,normal_0530,5,2022-07-12 01:07:45.679,0.5,0,1,startup,False,4.510118271939489,17.190355713905877,12
normal,17716,normal_0530,6,2022-07-12 01:07:45.779,0.6,0,1,startup,False,3.6145241722459476,17.190355713905877,12
normal,17717,normal_0530,7,2022-07-12 01:07:45.879,0.7,0,1,startup,False,4.075985031904126,17.190355713905877,12
normal,17718,normal_0530,8,2022-07-12 01:07:45.979,0.8,0,1,startup,False,6.123792731427952,17.190355713905877,12
normal,17719,normal_0530,9,2022-07-12 01:07:46.079,0.9,0,1,startup,False,5.612914308082107,17.190355713905877,12
normal,17720,normal_0530,10,2022-07-12 01:07:46.179,1.0,0,1,startup,False,5.540101748228335,17.190355713905877,12
normal,17721,normal_0531,0,2022-07-12 01:07:53.071,0.0,0,1,startup,False,2.8509805765899285,8.528429503027562,3
normal,17722,normal_0532,0,2022-07-12 01:07:54.616,0.0,0,1,startup,False,2.724531441645097,8.528429503027562,3
normal,17723,normal_0532,1,2022-07-12 01:07:54.716,0.1,0,1,startup,False,4.4936561379460915,12.144759502448782,6
normal,17724,normal_0532,2,2022-07-12 01:07:54.816,0.2,0,1,startup,False,4.381819191223627,14.132739481471942,9
normal,17725,normal_0532,3,2022-07-12 01:07:54.916,0.3,0,1,startup,False,4.0581005864172015,17.190355713905877,12
normal,17726,normal_0532,4,2022-07-12 01:07:55.016,0.4,0,1,startup,False,5.012982487680276,17.190355713905877,12
normal,17727,normal_0532,5,2022-07-12 01:07:55.116,0.5,0,1,startup,False,6.0820846734882705,17.190355713905877,12
normal,17728,normal_0532,6,2022-07-12 01:07:55.216,0.6,0,1,startup,False,5.433990898503703,17.190355713905877,12
normal,17729,normal_0532,7,2022-07-12 01:07:55.316,0.7,0,1,startup,False,5.789970530567179,17.190355713905877,12
normal,17730,normal_0532,8,2022-07-12 01:07:55.416,0.8,0,1,startup,False,5.388682634972588,17.190355713905877,12
normal,17731,normal_0532,9,2022-07-12 01:07:55.516,0.9,0,1,startup,False,6.370503857220394,17.190355713905877,12
normal,17732,normal_0532,10,2022-07-12 01:07:55.616,1.0,0,1,startup,False,6.060589122910855,17.190355713905877,12
normal,17733,normal_0532,11,2022-07-12 01:07:55.716,1.1,0,1,startup,False,4.874870410334893,17.190355713905877,12
normal,17734,normal_0532,12,2022-07-12 01:07:55.816,1.2,0,1,startup,False,5.7282545003627385,17.190355713905877,12
normal,17735,normal_0532,13,2022-07-12 01:07:55.916,1.3,0,1,startup,False,5.912102897375098,17.190355713905877,12
normal,17736,normal_0532,14,2022-07-12 01:07:56.016,1.4,0,1,startup,False,6.528105015524627,17.190355713905877,12
normal,17737,normal_0532,15,2022-07-12 01:07:56.116,1.5,0,1,startup,False,4.9344541363331205,17.190355713905877,12
normal,17738,normal_0532,16,2022-07-12 01:07:56.216,1.6,0,1,startup,False,3.4905797147450084,17.190355713905877,12
normal,17739,normal_0532,17,2022-07-12 01:07:56.316,1.7,0,1,startup,False,4.517470386058741,17.190355713905877,12
normal,17740,normal_0532,18,2022-07-12 01:07:56.416,1.8,0,1,startup,False,6.206551804892219,17.190355713905877,12
normal,17741,normal_0532,19,2022-07-12 01:07:56.516,1.9,0,1,startup,False,4.613363913364968,17.190355713905877,12
normal,17742,normal_0532,20,2022-07-12 01:07:56.616,2.0,0,1,startup,False,3.87267280439766,17.190355713905877,12
normal,17743,normal_0532,21,2022-07-12 01:07:56.716,2.1,0,1,startup,False,4.692360434777135,17.190355713905877,12
normal,17744,normal_0532,22,2022-07-12 01:07:56.816,2.2,0,1,startup,False,5.298011891776176,17.190355713905877,12
normal,17745,normal_0532,23,2022-07-12 01:07:56.916,2.3,0,1,startup,False,6.1012246502392244,17.190355713905877,12
normal,17746,normal_0532,24,2022-07-12 01:07:57.016,2.4,0,1,startup,False,3.8012869250346397,17.190355713905877,12
normal,17747,normal_0532,25,2022-07-12 01:07:57.116,2.5,0,1,startup,False,5.022574443874803,17.190355713905877,12
normal,17748,normal_0532,26,2022-07-12 01:07:57.216,2.6,0,1,startup,False,4.83863310656355,17.190355713905877,12
normal,17749,normal_0532,27,2022-07-12 01:07:57.316,2.7,0,1,startup,False,5.000387449920361,17.190355713905877,12
normal,17750,normal_0532,28,2022-07-12 01:07:57.416,2.8,0,1,startup,False,4.45582428884232,17.190355713905877,12
normal,17751,normal_0532,29,2022-07-12 01:07:57.516,2.9,0,1,startup,False,6.641908461071563,17.190355713905877,12
normal,17752,normal_0532,30,2022-07-12 01:07:57.616,3.0,0,1,startup,False,5.764527424526438,17.190355713905877,12
normal,17753,normal_0532,31,2022-07-12 01:07:57.716,3.1,0,1,startup,False,5.9420301430272495,17.190355713905877,12
normal,17754,normal_0532,32,2022-07-12 01:07:57.816,3.2,0,1,startup,False,5.058923126639249,17.190355713905877,12
normal,17755,normal_0532,33,2022-07-12 01:07:57.916,3.3,0,1,startup,False,3.8570833115825844,17.190355713905877,12
normal,17756,normal_0532,34,2022-07-12 01:07:58.016,3.4,0,1,startup,False,5.652977648329175,17.190355713905877,12
normal,17757,normal_0532,35,2022-07-12 01:07:58.116,3.5,0,1,startup,False,5.3760991975631205,17.190355713905877,12
normal,17758,normal_0532,36,2022-07-12 01:07:58.216,3.6,0,1,startup,False,4.490287053816098,17.190355713905877,12
normal,17759,normal_0532,37,2022-07-12 01:07:58.316,3.7,0,1,startup,False,4.180989054589183,17.190355713905877,12
normal,17760,normal_0532,38,2022-07-12 01:07:58.416,3.8,0,1,startup,False,4.8505439459200055,17.190355713905877,12
normal,17761,normal_0532,39,2022-07-12 01:07:58.516,3.9,0,1,startup,False,4.813142764326306,17.190355713905877,12
normal,17762,normal_0532,40,2022-07-12 01:07:58.616,4.0,0,1,startup,False,6.119293285393469,17.190355713905877,12
normal,17763,normal_0532,41,2022-07-12 01:07:58.716,4.1,0,1,startup,False,4.285382996034951,17.190355713905877,12
normal,17764,normal_0532,42,2022-07-12 01:07:58.816,4.2,0,1,startup,False,3.707753430849941,17.190355713905877,12
normal,17765,normal_0532,43,2022-07-12 01:07:58.916,4.3,0,1,startup,False,4.897168421450611,17.190355713905877,12
normal,17766,normal_0532,44,2022-07-12 01:07:59.016,4.4,0,1,startup,False,5.139567372909464,17.190355713905877,12
normal,17767,normal_0532,45,2022-07-12 01:07:59.116,4.5,0,1,startup,False,5.181189145613746,17.190355713905877,12
normal,17768,normal_0532,46,2022-07-12 01:07:59.216,4.6,0,1,startup,False,5.887187205442727,17.190355713905877,12
normal,17769,normal_0532,47,2022-07-12 01:07:59.316,4.7,0,1,startup,False,5.332446683248294,17.190355713905877,12
normal,17770,normal_0532,48,2022-07-12 01:07:59.416,4.8,0,1,startup,False,6.3702196644047575,17.190355713905877,12
normal,17771,normal_0532,49,2022-07-12 01:07:59.516,4.9,0,1,startup,False,4.678492435787541,17.190355713905877,12
normal,17772,normal_0533,0,2022-07-12 01:08:01.324,0.0,0,1,startup,False,2.74046530178983,8.528429503027562,3
normal,17773,normal_0533,1,2022-07-12 01:08:01.424,0.1,0,1,startup,False,4.255402790123779,12.144759502448782,6
normal,17774,normal_0533,2,2022-07-12 01:08:01.524,0.2,0,1,startup,False,4.348906672412591,14.132739481471942,9
normal,17775,normal_0533,3,2022-07-12 01:08:01.624,0.3,0,1,startup,False,4.7198898326810514,17.190355713905877,12
normal,17776,normal_0533,4,2022-07-12 01:08:01.724,0.4,0,1,startup,False,5.315287537993362,17.190355713905877,12
normal,17777,normal_0533,5,2022-07-12 01:08:01.824,0.5,0,1,startup,False,4.430444386365549,17.190355713905877,12
normal,17778,normal_0533,6,2022-07-12 01:08:01.924,0.6,0,1,startup,False,6.0831971144588115,17.190355713905877,12
normal,17779,normal_0533,7,2022-07-12 01:08:02.024,0.7,0,1,startup,False,3.9831557161390863,17.190355713905877,12
normal,17780,normal_0533,8,2022-07-12 01:08:02.124,0.8,0,1,startup,False,3.5316025781225475,17.190355713905877,12
normal,17781,normal_0533,9,2022-07-12 01:08:02.224,0.9,0,1,startup,False,3.7522946337364886,17.190355713905877,12
normal,17782,normal_0533,10,2022-07-12 01:08:02.324,1.0,0,1,startup,False,3.4083951569404007,17.190355713905877,12
normal,17783,normal_0533,11,2022-07-12 01:08:02.424,1.1,0,1,startup,False,3.749820953848201,17.190355713905877,12
normal,17784,normal_0533,12,2022-07-12 01:08:02.524,1.2,0,1,startup,False,4.677505733038439,17.190355713905877,12
normal,17785,normal_0533,13,2022-07-12 01:08:02.624,1.3,0,1,startup,False,5.838672750120915,17.190355713905877,12
normal,17786,normal_0533,14,2022-07-12 01:08:02.724,1.4,0,1,startup,False,7.001919343962712,17.190355713905877,12
normal,17787,normal_0533,15,2022-07-12 01:08:02.824,1.5,0,1,startup,False,5.340187845566758,17.190355713905877,12
normal,17788,normal_0533,16,2022-07-12 01:08:02.924,1.6,0,1,startup,False,5.658271851400606,17.190355713905877,12
normal,17789,normal_0533,17,2022-07-12 01:08:03.024,1.7,0,1,startup,False,5.648824239290249,17.190355713905877,12
normal,17790,normal_0533,18,2022-07-12 01:08:03.124,1.8,0,1,startup,False,6.07656527707722,17.190355713905877,12
normal,17791,normal_0533,19,2022-07-12 01:08:03.224,1.9,0,1,startup,False,4.327164258035593,17.190355713905877,12
normal,17792,normal_0533,20,2022-07-12 01:08:03.324,2.0,0,1,startup,False,5.451364448985817,17.190355713905877,12
normal,17793,normal_0533,21,2022-07-12 01:08:03.424,2.1,0,1,startup,False,5.586473261335916,17.190355713905877,12
normal,17794,normal_0533,22,2022-07-12 01:08:03.524,2.2,0,1,startup,False,5.950741770146977,17.190355713905877,12
normal,17795,normal_0533,23,2022-07-12 01:08:03.624,2.3,0,1,startup,False,5.634171721348979,17.190355713905877,12
normal,17796,normal_0533,24,2022-07-12 01:08:03.724,2.4,0,1,startup,False,5.680784540878729,17.190355713905877,12
normal,17797,normal_0533,25,2022-07-12 01:08:03.824,2.5,0,1,startup,False,5.563659049883659,17.190355713905877,12
normal,17798,normal_0533,26,2022-07-12 01:08:03.924,2.6,0,1,startup,False,5.65247434718252,17.190355713905877,12
normal,17799,normal_0533,27,2022-07-12 01:08:04.024,2.7,0,1,startup,False,4.549810513338385,17.190355713905877,12
normal,17800,normal_0533,28,2022-07-12 01:08:04.124,2.8,0,1,startup,False,4.8826693927390155,17.190355713905877,12
normal,17801,normal_0533,29,2022-07-12 01:08:04.224,2.9,0,1,startup,False,6.151670494201336,17.190355713905877,12
normal,17802,normal_0533,30,2022-07-12 01:08:04.324,3.0,0,1,startup,False,5.796729846421781,17.190355713905877,12
normal,17803,normal_0533,31,2022-07-12 01:08:04.424,3.1,0,1,startup,False,6.241212051056427,17.190355713905877,12
normal,17804,normal_0533,32,2022-07-12 01:08:04.524,3.2,0,1,startup,False,4.647050910974864,17.190355713905877,12
normal,17805,normal_0533,33,2022-07-12 01:08:04.624,3.3,0,1,startup,False,4.102996961143499,17.190355713905877,12
normal,17806,normal_0533,34,2022-07-12 01:08:04.724,3.4,0,1,startup,False,3.8086070902783247,17.190355713905877,12
normal,17807,normal_0533,35,2022-07-12 01:08:04.824,3.5,0,1,startup,False,3.5567812090218083,17.190355713905877,12
normal,17808,normal_0533,36,2022-07-12 01:08:04.924,3.6,0,1,startup,False,3.6652562921414193,17.190355713905877,12
normal,17809,normal_0533,37,2022-07-12 01:08:05.024,3.7,0,1,startup,False,3.7426312501909274,17.190355713905877,12
normal,17810,normal_0533,38,2022-07-12 01:08:05.124,3.8,0,1,startup,False,3.2491559608136895,17.190355713905877,12
normal,17811,normal_0533,39,2022-07-12 01:08:05.224,3.9,0,1,startup,False,5.16922413514711,17.190355713905877,12
normal,17812,normal_0533,40,2022-07-12 01:08:05.324,4.0,0,1,startup,False,4.0049624441565275,17.190355713905877,12
normal,17813,normal_0533,41,2022-07-12 01:08:05.424,4.1,0,1,startup,False,3.442392531774934,17.190355713905877,12
normal,17814,normal_0533,42,2022-07-12 01:08:05.524,4.2,0,1,startup,False,3.453439461734847,17.190355713905877,12
normal,17815,normal_0533,43,2022-07-12 01:08:05.624,4.3,0,1,startup,False,3.0804569301676015,17.190355713905877,12
normal,17816,normal_0533,44,2022-07-12 01:08:05.724,4.4,0,1,startup,False,3.135365210193476,17.190355713905877,12
normal,17817,normal_0533,45,2022-07-12 01:08:05.824,4.5,0,1,startup,False,4.030696387487047,17.190355713905877,12
normal,17818,normal_0533,46,2022-07-12 01:08:05.924,4.6,0,1,startup,False,3.911765239754505,17.190355713905877,12
normal,17819,normal_0533,47,2022-07-12 01:08:06.024,4.7,0,1,startup,False,4.988677152576848,17.190355713905877,12
normal,17820,normal_0533,48,2022-07-12 01:08:06.124,4.8,0,1,startup,False,4.959165621345174,17.190355713905877,12
normal,17821,normal_0533,49,2022-07-12 01:08:06.224,4.9,0,1,startup,False,3.8297452484185976,17.190355713905877,12
normal,17822,normal_0534,0,2022-07-12 01:08:09.198,0.0,0,1,startup,False,2.9322637488793815,8.528429503027562,3
normal,17823,normal_0534,1,2022-07-12 01:08:09.298,0.1,0,1,startup,False,4.145709951692825,12.144759502448782,6
normal,17824,normal_0534,2,2022-07-12 01:08:09.398,0.2,0,1,startup,False,6.415137242661249,14.132739481471942,9
normal,17825,normal_0534,3,2022-07-12 01:08:09.498,0.3,0,1,startup,False,6.087704254198147,17.190355713905877,12
normal,17826,normal_0534,4,2022-07-12 01:08:09.598,0.4,0,1,startup,False,5.204012272892355,17.190355713905877,12
normal,17827,normal_0534,5,2022-07-12 01:08:09.698,0.5,0,1,startup,False,4.29469760798909,17.190355713905877,12
normal,17828,normal_0534,6,2022-07-12 01:08:09.798,0.6,0,1,startup,False,4.588626676210428,17.190355713905877,12
normal,17829,normal_0534,7,2022-07-12 01:08:09.898,0.7,0,1,startup,False,4.670055587497979,17.190355713905877,12
normal,17830,normal_0534,8,2022-07-12 01:08:09.998,0.8,0,1,startup,False,6.299983993296506,17.190355713905877,12
normal,17831,normal_0534,9,2022-07-12 01:08:10.098,0.9,0,1,startup,False,5.20434929326498,17.190355713905877,12
normal,17832,normal_0534,10,2022-07-12 01:08:10.198,1.0,0,1,startup,False,3.842213305779603,17.190355713905877,12
normal,17833,normal_0534,11,2022-07-12 01:08:10.298,1.1,0,1,startup,False,3.8093040952700283,17.190355713905877,12
normal,17834,normal_0534,12,2022-07-12 01:08:10.398,1.2,0,1,startup,False,3.416551320159514,17.190355713905877,12
normal,17835,normal_0534,13,2022-07-12 01:08:10.498,1.3,0,1,startup,False,4.203713061982535,17.190355713905877,12
normal,17836,normal_0534,14,2022-07-12 01:08:10.598,1.4,0,1,startup,False,4.754907872450302,17.190355713905877,12
normal,17837,normal_0534,15,2022-07-12 01:08:10.698,1.5,0,1,startup,False,4.266918948031478,17.190355713905877,12
normal,17838,normal_0534,16,2022-07-12 01:08:10.798,1.6,0,1,startup,False,4.70656293348447,17.190355713905877,12
normal,17839,normal_0534,17,2022-07-12 01:08:10.898,1.7,0,1,startup,False,4.8758923634980365,17.190355713905877,12
normal,17840,normal_0534,18,2022-07-12 01:08:10.998,1.8,0,1,startup,False,4.509795279394552,17.190355713905877,12
normal,17841,normal_0534,19,2022-07-12 01:08:11.098,1.9,0,1,startup,False,4.934540249290531,17.190355713905877,12
normal,17842,normal_0534,20,2022-07-12 01:08:11.198,2.0,0,1,startup,False,5.498767827438069,17.190355713905877,12
normal,17843,normal_0534,21,2022-07-12 01:08:11.298,2.1,0,1,startup,False,5.583608745679489,17.190355713905877,12
normal,17844,normal_0534,22,2022-07-12 01:08:11.398,2.2,0,1,startup,False,6.205169300366372,17.190355713905877,12
normal,17845,normal_0534,23,2022-07-12 01:08:11.498,2.3,0,1,startup,False,6.053060681014371,17.190355713905877,12
normal,17846,normal_0534,24,2022-07-12 01:08:11.598,2.4,0,1,startup,False,6.653436443316087,17.190355713905877,12
normal,17847,normal_0534,25,2022-07-12 01:08:11.698,2.5,0,1,startup,False,7.90585478795979,17.190355713905877,12
normal,17848,normal_0534,26,2022-07-12 01:08:11.798,2.6,0,1,startup,False,5.88842078252706,17.190355713905877,12
normal,17849,normal_0534,27,2022-07-12 01:08:11.898,2.7,0,1,startup,False,5.265790533426325,17.190355713905877,12
normal,17850,normal_0534,28,2022-07-12 01:08:11.998,2.8,0,1,startup,False,5.877312069624531,17.190355713905877,12
normal,17851,normal_0534,29,2022-07-12 01:08:12.098,2.9,0,1,startup,False,4.784144688413564,17.190355713905877,12
normal,17852,normal_0534,30,2022-07-12 01:08:12.198,3.0,0,1,startup,False,4.878052858045432,17.190355713905877,12
normal,17853,normal_0534,31,2022-07-12 01:08:12.298,3.1,0,1,startup,False,6.457498362232263,17.190355713905877,12
normal,17854,normal_0534,32,2022-07-12 01:08:12.398,3.2,0,1,startup,False,6.502047681317937,17.190355713905877,12
normal,17855,normal_0534,33,2022-07-12 01:08:12.498,3.3,0,1,startup,False,4.904480687855222,17.190355713905877,12
normal,17856,normal_0534,34,2022-07-12 01:08:12.598,3.4,0,1,startup,False,4.807902639839949,17.190355713905877,12
normal,17857,normal_0534,35,2022-07-12 01:08:12.698,3.5,0,1,startup,False,6.385375850284901,17.190355713905877,12
normal,17858,normal_0534,36,2022-07-12 01:08:12.798,3.6,0,1,startup,False,7.148029920196832,17.190355713905877,12
normal,17859,normal_0534,37,2022-07-12 01:08:12.898,3.7,0,1,startup,False,6.209500810497055,17.190355713905877,12
normal,17860,normal_0535,0,2022-07-12 01:08:17.218,0.0,0,1,startup,False,3.0273789603609687,8.528429503027562,3
normal,17861,normal_0535,1,2022-07-12 01:08:17.318,0.1,0,1,startup,False,4.159546002400004,12.144759502448782,6
normal,17862,normal_0535,2,2022-07-12 01:08:17.418,0.2,0,1,startup,False,3.881662727320856,14.132739481471942,9
normal,17863,normal_0535,3,2022-07-12 01:08:17.518,0.3,0,1,startup,False,3.696490580211342,17.190355713905877,12
normal,17864,normal_0535,4,2022-07-12 01:08:17.618,0.4,0,1,startup,False,4.052864154051809,17.190355713905877,12
normal,17865,normal_0535,5,2022-07-12 01:08:17.718,0.5,0,1,startup,False,3.555827129399912,17.190355713905877,12
normal,17866,normal_0535,6,2022-07-12 01:08:17.818,0.6,0,1,startup,False,3.538285121707084,17.190355713905877,12
normal,17867,normal_0535,7,2022-07-12 01:08:17.918,0.7,0,1,startup,False,5.805154280803142,17.190355713905877,12
normal,17868,normal_0535,8,2022-07-12 01:08:18.018,0.8,0,1,startup,False,6.018600166879192,17.190355713905877,12
normal,17869,normal_0535,9,2022-07-12 01:08:18.118,0.9,0,1,startup,False,7.284700309271407,17.190355713905877,12
normal,17870,normal_0535,10,2022-07-12 01:08:18.218,1.0,0,1,startup,False,7.311594945058489,17.190355713905877,12
normal,17871,normal_0535,11,2022-07-12 01:08:18.318,1.1,0,1,startup,False,5.059505248987769,17.190355713905877,12
normal,17872,normal_0535,12,2022-07-12 01:08:18.418,1.2,0,1,startup,False,5.227871097486593,17.190355713905877,12
normal,17873,normal_0535,13,2022-07-12 01:08:18.518,1.3,0,1,startup,False,6.1196611397301055,17.190355713905877,12
normal,17874,normal_0535,14,2022-07-12 01:08:18.618,1.4,0,1,startup,False,5.203461386322678,17.190355713905877,12
normal,17875,normal_0535,15,2022-07-12 01:08:18.718,1.5,0,1,startup,False,5.435032509798518,17.190355713905877,12
normal,17876,normal_0535,16,2022-07-12 01:08:18.818,1.6,0,1,startup,False,4.9172810413175965,17.190355713905877,12
normal,17877,normal_0535,17,2022-07-12 01:08:18.918,1.7,0,1,startup,False,6.551173611702435,17.190355713905877,12
normal,17878,normal_0535,18,2022-07-12 01:08:19.018,1.8,0,1,startup,False,8.197139894653244,17.190355713905877,12
normal,17879,normal_0535,19,2022-07-12 01:08:19.118,1.9,0,1,startup,False,6.661429524147323,17.190355713905877,12
normal,17880,normal_0535,20,2022-07-12 01:08:19.218,2.0,0,1,startup,False,5.995528214227182,17.190355713905877,12
normal,17881,normal_0535,21,2022-07-12 01:08:19.318,2.1,0,1,startup,False,7.261601411271118,17.190355713905877,12
normal,17882,normal_0535,22,2022-07-12 01:08:19.418,2.2,0,1,startup,False,7.045007500407686,17.190355713905877,12
normal,17883,normal_0535,23,2022-07-12 01:08:19.518,2.3,0,1,startup,False,5.7162486820657765,17.190355713905877,12
normal,17884,normal_0535,24,2022-07-12 01:08:19.618,2.4,0,1,startup,False,8.158138279651123,17.190355713905877,12
normal,17885,normal_0536,0,2022-07-12 01:08:25.251,0.0,0,1,startup,False,2.6261406789463817,8.528429503027562,3
normal,17886,normal_0536,1,2022-07-12 01:08:25.351,0.1,0,1,startup,False,4.3534964745994005,12.144759502448782,6
normal,17887,normal_0536,2,2022-07-12 01:08:25.451,0.2,0,1,startup,False,3.9472439498983936,14.132739481471942,9
normal,17888,normal_0536,3,2022-07-12 01:08:25.551,0.3,0,1,startup,False,4.610296077917228,17.190355713905877,12
normal,17889,normal_0536,4,2022-07-12 01:08:25.651,0.4,0,1,startup,False,5.271222646596309,17.190355713905877,12
normal,17890,normal_0536,5,2022-07-12 01:08:25.751,0.5,0,1,startup,False,6.209716365743065,17.190355713905877,12
normal,17891,normal_0536,6,2022-07-12 01:08:25.851,0.6,0,1,startup,False,5.263308688806668,17.190355713905877,12
normal,17892,normal_0536,7,2022-07-12 01:08:25.951,0.7,0,1,startup,False,4.689229287812426,17.190355713905877,12
normal,17893,normal_0536,8,2022-07-12 01:08:26.051,0.8,0,1,startup,False,6.09576614056631,17.190355713905877,12
normal,17894,normal_0536,9,2022-07-12 01:08:26.151,0.9,0,1,startup,False,5.912699526224081,17.190355713905877,12
normal,17895,normal_0537,0,2022-07-12 01:08:34.704,0.0,0,1,startup,False,3.0243904475287406,8.528429503027562,3
normal,17896,normal_0537,1,2022-07-12 01:08:34.804,0.1,0,1,startup,False,4.738242656978189,12.144759502448782,6
normal,17897,normal_0537,2,2022-07-12 01:08:34.904,0.2,0,1,startup,False,5.126383001259162,14.132739481471942,9
normal,17898,normal_0537,3,2022-07-12 01:08:35.004,0.3,0,1,startup,False,4.475146681485338,17.190355713905877,12
normal,17899,normal_0537,4,2022-07-12 01:08:35.104,0.4,0,1,startup,False,4.739296568164228,17.190355713905877,12
normal,17900,normal_0537,5,2022-07-12 01:08:35.204,0.5,0,1,startup,False,4.949336838158059,17.190355713905877,12
normal,17901,normal_0537,6,2022-07-12 01:08:35.304,0.6,0,1,startup,False,6.071508242047168,17.190355713905877,12
normal,17902,normal_0537,7,2022-07-12 01:08:35.404,0.7,0,1,startup,False,6.426995066918208,17.190355713905877,12
normal,17903,normal_0537,8,2022-07-12 01:08:35.504,0.8,0,1,startup,False,3.6752493622377522,17.190355713905877,12
normal,17904,normal_0537,9,2022-07-12 01:08:35.604,0.9,0,1,startup,False,3.9136611997537516,17.190355713905877,12
normal,17905,normal_0537,10,2022-07-12 01:08:35.704,1.0,0,1,startup,False,4.471835332116394,17.190355713905877,12
normal,17906,normal_0537,11,2022-07-12 01:08:35.804,1.1,0,1,startup,False,3.898003979909024,17.190355713905877,12
normal,17907,normal_0537,12,2022-07-12 01:08:35.904,1.2,0,1,startup,False,4.061592991014633,17.190355713905877,12
normal,17908,normal_0537,13,2022-07-12 01:08:36.004,1.3,0,1,startup,False,4.258133889458605,17.190355713905877,12
normal,17909,normal_0537,14,2022-07-12 01:08:36.104,1.4,0,1,startup,False,4.374908222208576,17.190355713905877,12
normal,17910,normal_0537,15,2022-07-12 01:08:36.204,1.5,0,1,startup,False,5.284803549201839,17.190355713905877,12
normal,17911,normal_0537,16,2022-07-12 01:08:36.304,1.6,0,1,startup,False,4.7481713784339155,17.190355713905877,12
normal,17912,normal_0537,17,2022-07-12 01:08:36.404,1.7,0,1,startup,False,3.963242075515252,17.190355713905877,12
normal,17913,normal_0537,18,2022-07-12 01:08:36.504,1.8,0,1,startup,False,4.33884333333625,17.190355713905877,12
normal,17914,normal_0537,19,2022-07-12 01:08:36.604,1.9,0,1,startup,False,5.016067806399879,17.190355713905877,12
normal,17915,normal_0537,20,2022-07-12 01:08:36.704,2.0,0,1,startup,False,5.029315393413134,17.190355713905877,12
normal,17916,normal_0537,21,2022-07-12 01:08:36.804,2.1,0,1,startup,False,4.986953399778649,17.190355713905877,12
normal,17917,normal_0537,22,2022-07-12 01:08:36.904,2.2,0,1,startup,False,4.618800219837003,17.190355713905877,12
normal,17918,normal_0537,23,2022-07-12 01:08:37.004,2.3,0,1,startup,False,7.9305009222965825,17.190355713905877,12
normal,17919,normal_0537,24,2022-07-12 01:08:37.104,2.4,0,1,startup,False,7.066349961518722,17.190355713905877,12
normal,17920,normal_0537,25,2022-07-12 01:08:37.204,2.5,0,1,startup,False,4.493481081647416,17.190355713905877,12
normal,17921,normal_0537,26,2022-07-12 01:08:37.304,2.6,0,1,startup,False,4.852266882663448,17.190355713905877,12
normal,17922,normal_0537,27,2022-07-12 01:08:37.404,2.7,0,1,startup,False,6.1270412943348695,17.190355713905877,12
normal,17923,normal_0537,28,2022-07-12 01:08:37.504,2.8,0,1,startup,False,5.612141127245139,17.190355713905877,12
normal,17924,normal_0537,29,2022-07-12 01:08:37.604,2.9,0,1,startup,False,6.787650878596739,17.190355713905877,12
normal,17925,normal_0537,30,2022-07-12 01:08:37.704,3.0,0,1,startup,False,4.8567881219866935,17.190355713905877,12
normal,17926,normal_0537,31,2022-07-12 01:08:37.804,3.1,0,1,startup,False,6.512387058008774,17.190355713905877,12
normal,17927,normal_0537,32,2022-07-12 01:08:37.904,3.2,0,1,startup,False,6.407469044294138,17.190355713905877,12
normal,17928,normal_0537,33,2022-07-12 01:08:38.004,3.3,0,1,startup,False,5.466752597898234,17.190355713905877,12
normal,17929,normal_0537,34,2022-07-12 01:08:38.104,3.4,0,1,startup,False,4.823825458856536,17.190355713905877,12
normal,17930,normal_0537,35,2022-07-12 01:08:38.204,3.5,0,1,startup,False,5.29706673450975,17.190355713905877,12
normal,17931,normal_0537,36,2022-07-12 01:08:38.304,3.6,0,1,startup,False,4.246698526387383,17.190355713905877,12
normal,17932,normal_0537,37,2022-07-12 01:08:38.404,3.7,0,1,startup,False,3.81498612027366,17.190355713905877,12
normal,17933,normal_0537,38,2022-07-12 01:08:38.504,3.8,0,1,startup,False,5.286475751873964,17.190355713905877,12
normal,17934,normal_0537,39,2022-07-12 01:08:38.604,3.9,0,1,startup,False,5.508188758348544,17.190355713905877,12
normal,17935,normal_0537,40,2022-07-12 01:08:38.704,4.0,0,1,startup,False,7.556875024815831,17.190355713905877,12
normal,17936,normal_0537,41,2022-07-12 01:08:38.804,4.1,0,1,startup,False,3.992958667724376,17.190355713905877,12
normal,17937,normal_0537,42,2022-07-12 01:08:38.904,4.2,0,1,startup,False,3.965368243330556,17.190355713905877,12
normal,17938,normal_0537,43,2022-07-12 01:08:39.004,4.3,0,1,startup,False,4.951765751856979,17.190355713905877,12
normal,17939,normal_0537,44,2022-07-12 01:08:39.104,4.4,0,1,startup,False,5.360845829500513,17.190355713905877,12
normal,17940,normal_0537,45,2022-07-12 01:08:39.204,4.5,0,1,startup,False,5.1817809149630385,17.190355713905877,12
normal,17941,normal_0537,46,2022-07-12 01:08:39.304,4.6,0,1,startup,False,4.847393491671826,17.190355713905877,12
normal,17942,normal_0537,47,2022-07-12 01:08:39.404,4.7,0,1,startup,False,4.640772630211422,17.190355713905877,12
normal,17943,normal_0537,48,2022-07-12 01:08:39.504,4.8,0,1,startup,False,5.238174965038625,17.190355713905877,12
normal,17944,normal_0537,49,2022-07-12 01:08:39.604,4.9,0,1,startup,False,6.900734462302715,17.190355713905877,12
normal,17945,normal_0538,0,2022-07-12 01:08:41.601,0.0,0,1,startup,False,2.9115068034650435,8.528429503027562,3
normal,17946,normal_0538,1,2022-07-12 01:08:41.701,0.1,0,1,startup,False,4.166365218896755,12.144759502448782,6
normal,17947,normal_0538,2,2022-07-12 01:08:41.801,0.2,0,1,startup,False,4.642942857155405,14.132739481471942,9
normal,17948,normal_0538,3,2022-07-12 01:08:41.901,0.3,0,1,startup,False,4.169566901982271,17.190355713905877,12
normal,17949,normal_0538,4,2022-07-12 01:08:42.001,0.4,0,1,startup,False,4.219136517578944,17.190355713905877,12
normal,17950,normal_0538,5,2022-07-12 01:08:42.101,0.5,0,1,startup,False,3.9149224827182536,17.190355713905877,12
normal,17951,normal_0538,6,2022-07-12 01:08:42.201,0.6,0,1,startup,False,4.06903237465364,17.190355713905877,12
normal,17952,normal_0538,7,2022-07-12 01:08:42.301,0.7,0,1,startup,False,3.5114809966528466,17.190355713905877,12
normal,17953,normal_0538,8,2022-07-12 01:08:42.401,0.8,0,1,startup,False,5.356027698594988,17.190355713905877,12
normal,17954,normal_0538,9,2022-07-12 01:08:42.501,0.9,0,1,startup,False,4.754734759622629,17.190355713905877,12
normal,17955,normal_0538,10,2022-07-12 01:08:42.601,1.0,0,1,startup,False,4.9886240808026265,17.190355713905877,12
normal,17956,normal_0538,11,2022-07-12 01:08:42.701,1.1,0,1,startup,False,5.855231470948032,17.190355713905877,12
normal,17957,normal_0538,12,2022-07-12 01:08:42.801,1.2,0,1,startup,False,5.474332265736535,17.190355713905877,12
normal,17958,normal_0538,13,2022-07-12 01:08:42.901,1.3,0,1,startup,False,4.549142152849829,17.190355713905877,12
normal,17959,normal_0538,14,2022-07-12 01:08:43.001,1.4,0,1,startup,False,6.343461771321905,17.190355713905877,12
normal,17960,normal_0538,15,2022-07-12 01:08:43.101,1.5,0,1,startup,False,5.527140556544204,17.190355713905877,12
normal,17961,normal_0538,16,2022-07-12 01:08:43.201,1.6,0,1,startup,False,5.1912033757448,17.190355713905877,12
normal,17962,normal_0538,17,2022-07-12 01:08:43.301,1.7,0,1,startup,False,5.519715991824221,17.190355713905877,12
normal,17963,normal_0538,18,2022-07-12 01:08:43.401,1.8,0,1,startup,False,5.132511518483946,17.190355713905877,12
normal,17964,normal_0538,19,2022-07-12 01:08:43.501,1.9,0,1,startup,False,3.9637962440167835,17.190355713905877,12
normal,17965,normal_0538,20,2022-07-12 01:08:43.601,2.0,0,1,startup,False,4.215125700842297,17.190355713905877,12
normal,17966,normal_0538,21,2022-07-12 01:08:43.701,2.1,0,1,startup,False,5.2981059175221015,17.190355713905877,12
normal,17967,normal_0538,22,2022-07-12 01:08:43.801,2.2,0,1,startup,False,6.137301250578362,17.190355713905877,12
normal,17968,normal_0538,23,2022-07-12 01:08:43.901,2.3,0,1,startup,False,5.237411321968461,17.190355713905877,12
normal,17969,normal_0538,24,2022-07-12 01:08:44.001,2.4,0,1,startup,False,5.472177825541405,17.190355713905877,12
normal,17970,normal_0538,25,2022-07-12 01:08:44.101,2.5,0,1,startup,False,7.1206783481538585,17.190355713905877,12
normal,17971,normal_0538,26,2022-07-12 01:08:44.201,2.6,0,1,startup,False,5.830857412623072,17.190355713905877,12
normal,17972,normal_0538,27,2022-07-12 01:08:44.301,2.7,0,1,startup,False,7.191256945079648,17.190355713905877,12
normal,17973,normal_0538,28,2022-07-12 01:08:44.401,2.8,0,1,startup,False,6.397573381715338,17.190355713905877,12
normal,17974,normal_0538,29,2022-07-12 01:08:44.501,2.9,0,1,startup,False,6.164691355251973,17.190355713905877,12
normal,17975,normal_0538,30,2022-07-12 01:08:44.601,3.0,0,1,startup,False,5.801280191137826,17.190355713905877,12
normal,17976,normal_0538,31,2022-07-12 01:08:44.701,3.1,0,1,startup,False,8.415192875660594,17.190355713905877,12
normal,17977,normal_0538,32,2022-07-12 01:08:44.801,3.2,0,1,startup,False,7.40416998336609,17.190355713905877,12
normal,17978,normal_0538,33,2022-07-12 01:08:44.901,3.3,0,1,startup,False,7.444870181979926,17.190355713905877,12
normal,17979,normal_0538,34,2022-07-12 01:08:45.001,3.4,0,1,startup,False,7.0165438903944315,17.190355713905877,12
normal,17980,normal_0538,35,2022-07-12 01:08:45.101,3.5,0,1,startup,False,7.218682571333387,17.190355713905877,12
normal,17981,normal_0538,36,2022-07-12 01:08:45.201,3.6,0,1,startup,False,6.768859002288353,17.190355713905877,12
normal,17982,normal_0538,37,2022-07-12 01:08:45.301,3.7,0,1,startup,False,5.663475514698853,17.190355713905877,12
normal,17983,normal_0538,38,2022-07-12 01:08:45.401,3.8,0,1,startup,False,7.817629619460536,17.190355713905877,12
normal,17984,normal_0538,39,2022-07-12 01:08:45.501,3.9,0,1,startup,False,8.157662933504527,17.190355713905877,12
normal,17985,normal_0538,40,2022-07-12 01:08:45.601,4.0,0,1,startup,False,7.2694426771381755,17.190355713905877,12
normal,17986,normal_0538,41,2022-07-12 01:08:45.701,4.1,0,1,startup,False,6.365154643654711,17.190355713905877,12
normal,17987,normal_0538,42,2022-07-12 01:08:45.801,4.2,0,1,startup,False,6.865216345867785,17.190355713905877,12
normal,17988,normal_0538,43,2022-07-12 01:08:45.901,4.3,0,1,startup,False,5.695703673828357,17.190355713905877,12
normal,17989,normal_0538,44,2022-07-12 01:08:46.001,4.4,0,1,startup,False,6.288514572428855,17.190355713905877,12
normal,17990,normal_0538,45,2022-07-12 01:08:46.101,4.5,0,1,startup,False,5.305501276545453,17.190355713905877,12
normal,17991,normal_0538,46,2022-07-12 01:08:46.201,4.6,0,1,startup,False,4.291702089328756,17.190355713905877,12
normal,17992,normal_0538,47,2022-07-12 01:08:46.301,4.7,0,1,startup,False,4.328271743748273,17.190355713905877,12
normal,17993,normal_0538,48,2022-07-12 01:08:46.401,4.8,0,1,startup,False,5.01761863027581,17.190355713905877,12
normal,17994,normal_0538,49,2022-07-12 01:08:46.501,4.9,0,1,startup,False,4.855251896577012,17.190355713905877,12
normal,17995,normal_0539,0,2022-07-12 01:08:49.676,0.0,0,1,startup,False,2.579193196731605,8.528429503027562,3
normal,17996,normal_0539,1,2022-07-12 01:08:49.776,0.1,0,1,startup,False,5.359301374472607,12.144759502448782,6
normal,17997,normal_0539,2,2022-07-12 01:08:49.876,0.2,0,1,startup,False,5.926989852931293,14.132739481471942,9
normal,17998,normal_0539,3,2022-07-12 01:08:49.976,0.3,0,1,startup,False,7.451278538205973,17.190355713905877,12
normal,17999,normal_0539,4,2022-07-12 01:08:50.076,0.4,0,1,startup,False,6.85076033251613,17.190355713905877,12
normal,18000,normal_0539,5,2022-07-12 01:08:50.176,0.5,0,1,startup,False,7.241098837763986,17.190355713905877,12
normal,18001,normal_0539,6,2022-07-12 01:08:50.276,0.6,0,1,startup,False,6.881286358525732,17.190355713905877,12
normal,18002,normal_0539,7,2022-07-12 01:08:50.376,0.7,0,1,startup,False,5.587910407598885,17.190355713905877,12
normal,18003,normal_0539,8,2022-07-12 01:08:50.476,0.8,0,1,startup,False,6.2522220759695175,17.190355713905877,12
normal,18004,normal_0539,9,2022-07-12 01:08:50.576,0.9,0,1,startup,False,5.6635075860165065,17.190355713905877,12
normal,18005,normal_0539,10,2022-07-12 01:08:50.676,1.0,0,1,startup,False,6.199930265864397,17.190355713905877,12
normal,18006,normal_0539,11,2022-07-12 01:08:50.776,1.1,0,1,startup,False,7.619738033905735,17.190355713905877,12
normal,18007,normal_0539,12,2022-07-12 01:08:50.876,1.2,0,1,startup,False,5.4873434910248475,17.190355713905877,12
normal,18008,normal_0539,13,2022-07-12 01:08:50.976,1.3,0,1,startup,False,4.164323391802167,17.190355713905877,12
normal,18009,normal_0539,14,2022-07-12 01:08:51.076,1.4,0,1,startup,False,4.9294082006545095,17.190355713905877,12
normal,18010,normal_0539,15,2022-07-12 01:08:51.176,1.5,0,1,startup,False,5.1432751442121925,17.190355713905877,12
normal,18011,normal_0539,16,2022-07-12 01:08:51.276,1.6,0,1,startup,False,4.643016314895909,17.190355713905877,12
normal,18012,normal_0539,17,2022-07-12 01:08:51.376,1.7,0,1,startup,False,4.115077204689077,17.190355713905877,12
normal,18013,normal_0539,18,2022-07-12 01:08:51.476,1.8,0,1,startup,False,4.4028797341685655,17.190355713905877,12
normal,18014,normal_0539,19,2022-07-12 01:08:51.576,1.9,0,1,startup,False,6.505474635007765,17.190355713905877,12
normal,18015,normal_0539,20,2022-07-12 01:08:51.676,2.0,0,1,startup,False,4.124437373457892,17.190355713905877,12
normal,18016,normal_0539,21,2022-07-12 01:08:51.776,2.1,0,1,startup,False,4.009997250720764,17.190355713905877,12
normal,18017,normal_0539,22,2022-07-12 01:08:51.876,2.2,0,1,startup,False,5.0889180889187955,17.190355713905877,12
normal,18018,normal_0539,23,2022-07-12 01:08:51.976,2.3,0,1,startup,False,4.810042468348699,17.190355713905877,12
normal,18019,normal_0539,24,2022-07-12 01:08:52.076,2.4,0,1,startup,False,4.195688884743748,17.190355713905877,12
normal,18020,normal_0539,25,2022-07-12 01:08:52.176,2.5,0,1,startup,False,5.791867470926098,17.190355713905877,12
normal,18021,normal_0539,26,2022-07-12 01:08:52.276,2.6,0,1,startup,False,6.102312446003226,17.190355713905877,12
normal,18022,normal_0539,27,2022-07-12 01:08:52.376,2.7,0,1,startup,False,5.770724078633877,17.190355713905877,12
normal,18023,normal_0539,28,2022-07-12 01:08:52.476,2.8,0,1,startup,False,3.78185431884132,17.190355713905877,12
normal,18024,normal_0539,29,2022-07-12 01:08:52.576,2.9,0,1,startup,False,4.638072745351305,17.190355713905877,12
normal,18025,normal_0539,30,2022-07-12 01:08:52.676,3.0,0,1,startup,False,5.8198050362499485,17.190355713905877,12
normal,18026,normal_0539,31,2022-07-12 01:08:52.776,3.1,0,1,startup,False,4.216046690258706,17.190355713905877,12
normal,18027,normal_0539,32,2022-07-12 01:08:52.876,3.2,0,1,startup,False,4.815075989594494,17.190355713905877,12
normal,18028,normal_0539,33,2022-07-12 01:08:52.976,3.3,0,1,startup,False,4.9312304608314825,17.190355713905877,12
normal,18029,normal_0539,34,2022-07-12 01:08:53.076,3.4,0,1,startup,False,4.660253070422744,17.190355713905877,12
normal,18030,normal_0540,0,2022-07-12 01:08:57.709,0.0,0,1,startup,False,3.3475443981930693,8.528429503027562,3
normal,18031,normal_0540,1,2022-07-12 01:08:57.809,0.1,0,1,startup,False,4.813169123176142,12.144759502448782,6
normal,18032,normal_0540,2,2022-07-12 01:08:57.909,0.2,0,1,startup,False,4.728582248816551,14.132739481471942,9
normal,18033,normal_0540,3,2022-07-12 01:08:58.009,0.3,0,1,startup,False,5.653065704080285,17.190355713905877,12
normal,18034,normal_0540,4,2022-07-12 01:08:58.109,0.4,0,1,startup,False,6.614072419548191,17.190355713905877,12
normal,18035,normal_0540,5,2022-07-12 01:08:58.209,0.5,0,1,startup,False,7.5132961794530475,17.190355713905877,12
normal,18036,normal_0540,6,2022-07-12 01:08:58.309,0.6,0,1,startup,False,8.626558987376447,17.190355713905877,12
normal,18037,normal_0540,7,2022-07-12 01:08:58.409,0.7,0,1,startup,False,8.988071961225936,17.190355713905877,12
normal,18038,normal_0540,8,2022-07-12 01:08:58.509,0.8,0,1,startup,False,6.468211860079533,17.190355713905877,12
normal,18039,normal_0540,9,2022-07-12 01:08:58.609,0.9,0,1,startup,False,5.32292615665138,17.190355713905877,12
normal,18040,normal_0540,10,2022-07-12 01:08:58.709,1.0,0,1,startup,False,3.96752731733156,17.190355713905877,12
normal,18041,normal_0540,11,2022-07-12 01:08:58.809,1.1,0,1,startup,False,4.808141419754623,17.190355713905877,12
normal,18042,normal_0540,12,2022-07-12 01:08:58.909,1.2,0,1,startup,False,5.648921138869355,17.190355713905877,12
normal,18043,normal_0540,13,2022-07-12 01:08:59.009,1.3,0,1,startup,False,5.107015957850077,17.190355713905877,12
normal,18044,normal_0540,14,2022-07-12 01:08:59.109,1.4,0,1,startup,False,4.19826449740406,17.190355713905877,12
normal,18045,normal_0540,15,2022-07-12 01:08:59.209,1.5,0,1,startup,False,5.157527813111246,17.190355713905877,12
normal,18046,normal_0540,16,2022-07-12 01:08:59.309,1.6,0,1,startup,False,4.947247751180445,17.190355713905877,12
normal,18047,normal_0540,17,2022-07-12 01:08:59.409,1.7,0,1,startup,False,4.558910749104815,17.190355713905877,12
normal,18048,normal_0540,18,2022-07-12 01:08:59.509,1.8,0,1,startup,False,4.566227016821646,17.190355713905877,12
normal,18049,normal_0540,19,2022-07-12 01:08:59.609,1.9,0,1,startup,False,4.495157159294334,17.190355713905877,12
normal,18050,normal_0540,20,2022-07-12 01:08:59.709,2.0,0,1,startup,False,4.760854189119365,17.190355713905877,12
normal,18051,normal_0540,21,2022-07-12 01:08:59.809,2.1,0,1,startup,False,4.621100566654893,17.190355713905877,12
normal,18052,normal_0540,22,2022-07-12 01:08:59.909,2.2,0,1,startup,False,4.940038734716819,17.190355713905877,12
normal,18053,normal_0541,0,2022-07-12 01:09:05.688,0.0,0,1,startup,False,3.4804212058892823,8.528429503027562,3
normal,18054,normal_0541,1,2022-07-12 01:09:05.788,0.1,0,1,startup,False,4.961525069358905,12.144759502448782,6
normal,18055,normal_0541,2,2022-07-12 01:09:05.888,0.2,0,1,startup,False,4.048803424436713,14.132739481471942,9
normal,18056,normal_0541,3,2022-07-12 01:09:05.988,0.3,0,1,startup,False,4.420553014229808,17.190355713905877,12
normal,18057,normal_0541,4,2022-07-12 01:09:06.088,0.4,0,1,startup,False,6.146214956332462,17.190355713905877,12
normal,18058,normal_0541,5,2022-07-12 01:09:06.188,0.5,0,1,startup,False,5.727747670733912,17.190355713905877,12
normal,18059,normal_0541,6,2022-07-12 01:09:06.288,0.6,0,1,startup,False,7.65919729454179,17.190355713905877,12
normal,18060,normal_0541,7,2022-07-12 01:09:06.388,0.7,0,1,startup,False,5.148721319718019,17.190355713905877,12
normal,18061,normal_0541,8,2022-07-12 01:09:06.488,0.8,0,1,startup,False,5.529472036492662,17.190355713905877,12
normal,18062,normal_0541,9,2022-07-12 01:09:06.588,0.9,0,1,startup,False,5.521197193922727,17.190355713905877,12
normal,18063,normal_0542,0,2022-07-12 01:09:13.905,0.0,0,1,startup,False,2.968588928844425,8.528429503027562,3
normal,18064,normal_0542,1,2022-07-12 01:09:14.005,0.1,0,1,startup,False,4.086190107078497,12.144759502448782,6
normal,18065,normal_0542,2,2022-07-12 01:09:14.105,0.2,0,1,startup,False,4.178765164126946,14.132739481471942,9
normal,18066,normal_0542,3,2022-07-12 01:09:14.205,0.3,0,1,startup,False,3.994242332298983,17.190355713905877,12
normal,18067,normal_0542,4,2022-07-12 01:09:14.305,0.4,0,1,startup,False,4.064302071642024,17.190355713905877,12
normal,18068,normal_0542,5,2022-07-12 01:09:14.405,0.5,0,1,startup,False,6.329570880563073,17.190355713905877,12
normal,18069,normal_0542,6,2022-07-12 01:09:14.505,0.6,0,1,startup,False,6.900456578786233,17.190355713905877,12
normal,18070,normal_0542,7,2022-07-12 01:09:14.605,0.7,0,1,startup,False,5.567278539210698,17.190355713905877,12
normal,18071,normal_0543,0,2022-07-12 01:09:23.128,0.0,0,1,startup,False,2.9817100510213645,8.528429503027562,3
normal,18072,normal_0543,1,2022-07-12 01:09:23.228,0.1,0,1,startup,False,4.352775578134389,12.144759502448782,6
normal,18073,normal_0543,2,2022-07-12 01:09:23.328,0.2,0,1,startup,False,3.7755650314923628,14.132739481471942,9
normal,18074,normal_0543,3,2022-07-12 01:09:23.428,0.3,0,1,startup,False,3.1347005557033976,17.190355713905877,12
normal,18075,normal_0543,4,2022-07-12 01:09:23.528,0.4,0,1,startup,False,4.576958493974269,17.190355713905877,12
normal,18076,normal_0543,5,2022-07-12 01:09:23.628,0.5,0,1,startup,False,4.971199020792457,17.190355713905877,12
normal,18077,normal_0543,6,2022-07-12 01:09:23.728,0.6,0,1,startup,False,5.619678120524161,17.190355713905877,12
normal,18078,normal_0543,7,2022-07-12 01:09:23.828,0.7,0,1,startup,False,4.752380611668388,17.190355713905877,12
normal,18079,normal_0543,8,2022-07-12 01:09:23.928,0.8,0,1,startup,False,6.837095757462672,17.190355713905877,12
normal,18080,normal_0543,9,2022-07-12 01:09:24.028,0.9,0,1,startup,False,5.990121515872852,17.190355713905877,12
normal,18081,normal_0543,10,2022-07-12 01:09:24.128,1.0,0,1,startup,False,5.302139001809548,17.190355713905877,12
normal,18082,normal_0543,11,2022-07-12 01:09:24.228,1.1,0,1,startup,False,4.3061170349852365,17.190355713905877,12
normal,18083,normal_0543,12,2022-07-12 01:09:24.328,1.2,0,1,startup,False,5.049967891678124,17.190355713905877,12
normal,18084,normal_0543,13,2022-07-12 01:09:24.428,1.3,0,1,startup,False,5.911739442206482,17.190355713905877,12
normal,18085,normal_0543,14,2022-07-12 01:09:24.528,1.4,0,1,startup,False,3.9403197291729968,17.190355713905877,12
normal,18086,normal_0543,15,2022-07-12 01:09:24.628,1.5,0,1,startup,False,7.762579500665367,17.190355713905877,12
normal,18087,normal_0543,16,2022-07-12 01:09:24.728,1.6,0,1,startup,False,6.243238755253428,17.190355713905877,12
normal,18088,normal_0543,17,2022-07-12 01:09:24.828,1.7,0,1,startup,False,3.8283313163994355,17.190355713905877,12
normal,18089,normal_0543,18,2022-07-12 01:09:24.928,1.8,0,1,startup,False,3.8501391546316324,17.190355713905877,12
normal,18090,normal_0543,19,2022-07-12 01:09:25.028,1.9,0,1,startup,False,6.524732922863739,17.190355713905877,12
normal,18091,normal_0543,20,2022-07-12 01:09:25.128,2.0,0,1,startup,False,6.090775068665138,17.190355713905877,12
normal,18092,normal_0543,21,2022-07-12 01:09:25.228,2.1,0,1,startup,False,5.509729233056005,17.190355713905877,12
normal,18093,normal_0543,22,2022-07-12 01:09:25.328,2.2,0,1,startup,False,5.804440491974031,17.190355713905877,12
normal,18094,normal_0543,23,2022-07-12 01:09:25.428,2.3,0,1,startup,False,8.60899287630205,17.190355713905877,12
normal,18095,normal_0543,24,2022-07-12 01:09:25.528,2.4,0,1,startup,False,7.296063061424134,17.190355713905877,12
normal,18096,normal_0543,25,2022-07-12 01:09:25.628,2.5,0,1,startup,False,4.723650701377396,17.190355713905877,12
normal,18097,normal_0543,26,2022-07-12 01:09:25.728,2.6,0,1,startup,False,5.508013471111495,17.190355713905877,12
normal,18098,normal_0543,27,2022-07-12 01:09:25.828,2.7,0,1,startup,False,6.184884544509476,17.190355713905877,12
normal,18099,normal_0543,28,2022-07-12 01:09:25.928,2.8,0,1,startup,False,4.0945075542726705,17.190355713905877,12
normal,18100,normal_0543,29,2022-07-12 01:09:26.028,2.9,0,1,startup,False,4.699583389491293,17.190355713905877,12
normal,18101,normal_0543,30,2022-07-12 01:09:26.128,3.0,0,1,startup,False,6.932832470705155,17.190355713905877,12
normal,18102,normal_0543,31,2022-07-12 01:09:26.228,3.1,0,1,startup,False,7.417623026001609,17.190355713905877,12
normal,18103,normal_0543,32,2022-07-12 01:09:26.328,3.2,0,1,startup,False,8.320555973767112,17.190355713905877,12
normal,18104,normal_0543,33,2022-07-12 01:09:26.428,3.3,0,1,startup,False,5.2799588857605,17.190355713905877,12
normal,18105,normal_0543,34,2022-07-12 01:09:26.528,3.4,0,1,startup,False,4.346410976740111,17.190355713905877,12
normal,18106,normal_0543,35,2022-07-12 01:09:26.628,3.5,0,1,startup,False,4.637096043873553,17.190355713905877,12
normal,18107,normal_0543,36,2022-07-12 01:09:26.728,3.6,0,1,startup,False,4.375857400181919,17.190355713905877,12
normal,18108,normal_0543,37,2022-07-12 01:09:26.828,3.7,0,1,startup,False,4.306205942550836,17.190355713905877,12
normal,18109,normal_0543,38,2022-07-12 01:09:26.928,3.8,0,1,startup,False,4.092006956755769,17.190355713905877,12
normal,18110,normal_0543,39,2022-07-12 01:09:27.028,3.9,0,1,startup,False,3.886135626572008,17.190355713905877,12
normal,18111,normal_0543,40,2022-07-12 01:09:27.128,4.0,0,1,startup,False,5.1424858836870175,17.190355713905877,12
normal,18112,normal_0543,41,2022-07-12 01:09:27.228,4.1,0,1,startup,False,4.628501625302095,17.190355713905877,12
normal,18113,normal_0543,42,2022-07-12 01:09:27.328,4.2,0,1,startup,False,3.650353066764657,17.190355713905877,12
normal,18114,normal_0543,43,2022-07-12 01:09:27.428,4.3,0,1,startup,False,3.6073247258599235,17.190355713905877,12
normal,18115,normal_0543,44,2022-07-12 01:09:27.528,4.4,0,1,startup,False,3.5682773768537057,17.190355713905877,12
normal,18116,normal_0543,45,2022-07-12 01:09:27.628,4.5,0,1,startup,False,3.3463126883620173,17.190355713905877,12
normal,18117,normal_0543,46,2022-07-12 01:09:27.728,4.6,0,1,startup,False,3.4123158319240683,17.190355713905877,12
normal,18118,normal_0543,47,2022-07-12 01:09:27.828,4.7,0,1,startup,False,3.8483019571039314,17.190355713905877,12
normal,18119,normal_0543,48,2022-07-12 01:09:27.928,4.8,0,1,startup,False,5.635648323172702,17.190355713905877,12
normal,18120,normal_0543,49,2022-07-12 01:09:28.028,4.9,0,1,startup,False,5.361504902429951,17.190355713905877,12
normal,18121,normal_0544,0,2022-07-12 01:09:29.681,0.0,0,1,startup,False,2.5671472442644028,8.528429503027562,3
normal,18122,normal_0544,1,2022-07-12 01:09:29.781,0.1,0,1,startup,False,4.476042638353358,12.144759502448782,6
normal,18123,normal_0544,2,2022-07-12 01:09:29.881,0.2,0,1,startup,False,4.217922016887903,14.132739481471942,9
normal,18124,normal_0544,3,2022-07-12 01:09:29.981,0.3,0,1,startup,False,3.370608583245575,17.190355713905877,12
normal,18125,normal_0544,4,2022-07-12 01:09:30.081,0.4,0,1,startup,False,4.350508628883817,17.190355713905877,12
normal,18126,normal_0544,5,2022-07-12 01:09:30.181,0.5,0,1,startup,False,4.109744136685307,17.190355713905877,12
normal,18127,normal_0544,6,2022-07-12 01:09:30.281,0.6,0,1,startup,False,3.4634778540558027,17.190355713905877,12
normal,18128,normal_0544,7,2022-07-12 01:09:30.381,0.7,0,1,startup,False,3.1256924761159066,17.190355713905877,12
normal,18129,normal_0544,8,2022-07-12 01:09:30.481,0.8,0,1,startup,False,4.9366682116458716,17.190355713905877,12
normal,18130,normal_0544,9,2022-07-12 01:09:30.581,0.9,0,1,startup,False,4.802772091213437,17.190355713905877,12
normal,18131,normal_0544,10,2022-07-12 01:09:30.681,1.0,0,1,startup,False,4.918822938995034,17.190355713905877,12
normal,18132,normal_0544,11,2022-07-12 01:09:30.781,1.1,0,1,startup,False,4.510378753926377,17.190355713905877,12
normal,18133,normal_0544,12,2022-07-12 01:09:30.881,1.2,0,1,startup,False,5.095810987918819,17.190355713905877,12
normal,18134,normal_0544,13,2022-07-12 01:09:30.981,1.3,0,1,startup,False,6.3207778455062655,17.190355713905877,12
normal,18135,normal_0544,14,2022-07-12 01:09:31.081,1.4,0,1,startup,False,4.898910595791622,17.190355713905877,12
normal,18136,normal_0544,15,2022-07-12 01:09:31.181,1.5,0,1,startup,False,7.131704588980289,17.190355713905877,12
normal,18137,normal_0544,16,2022-07-12 01:09:31.281,1.6,0,1,startup,False,7.3901927160335035,17.190355713905877,12
normal,18138,normal_0544,17,2022-07-12 01:09:31.381,1.7,0,1,startup,False,6.405945967977419,17.190355713905877,12
normal,18139,normal_0544,18,2022-07-12 01:09:31.481,1.8,0,1,startup,False,5.464940997717354,17.190355713905877,12
normal,18140,normal_0544,19,2022-07-12 01:09:31.581,1.9,0,1,startup,False,7.17703057144068,17.190355713905877,12
normal,18141,normal_0544,20,2022-07-12 01:09:31.681,2.0,0,1,startup,False,6.212409623150048,17.190355713905877,12
normal,18142,normal_0544,21,2022-07-12 01:09:31.781,2.1,0,1,startup,False,5.2465195741247594,17.190355713905877,12
normal,18143,normal_0544,22,2022-07-12 01:09:31.881,2.2,0,1,startup,False,6.6180380726140084,17.190355713905877,12
normal,18144,normal_0544,23,2022-07-12 01:09:31.981,2.3,0,1,startup,False,5.779872147719635,17.190355713905877,12
normal,18145,normal_0544,24,2022-07-12 01:09:32.081,2.4,0,1,startup,False,5.548328841771553,17.190355713905877,12
normal,18146,normal_0544,25,2022-07-12 01:09:32.181,2.5,0,1,startup,False,5.664133429493387,17.190355713905877,12
normal,18147,normal_0544,26,2022-07-12 01:09:32.281,2.6,0,1,startup,False,8.675985526557403,17.190355713905877,12
normal,18148,normal_0544,27,2022-07-12 01:09:32.381,2.7,0,1,startup,False,8.181450763430053,17.190355713905877,12
normal,18149,normal_0544,28,2022-07-12 01:09:32.481,2.8,0,1,startup,False,4.203288169535024,17.190355713905877,12
normal,18150,normal_0544,29,2022-07-12 01:09:32.581,2.9,0,1,startup,False,5.477543095219838,17.190355713905877,12
normal,18151,normal_0544,30,2022-07-12 01:09:32.681,3.0,0,1,startup,False,7.464039561990105,17.190355713905877,12
normal,18152,normal_0544,31,2022-07-12 01:09:32.781,3.1,0,1,startup,False,6.19980767282866,17.190355713905877,12
normal,18153,normal_0544,32,2022-07-12 01:09:32.881,3.2,0,1,startup,False,5.294537376925929,17.190355713905877,12
normal,18154,normal_0544,33,2022-07-12 01:09:32.981,3.3,0,1,startup,False,7.312943992229889,17.190355713905877,12
normal,18155,normal_0544,34,2022-07-12 01:09:33.081,3.4,0,1,startup,False,7.093435465384445,17.190355713905877,12
normal,18156,normal_0544,35,2022-07-12 01:09:33.181,3.5,0,1,startup,False,6.6384254254690775,17.190355713905877,12
normal,18157,normal_0544,36,2022-07-12 01:09:33.281,3.6,0,1,startup,False,5.4200712590292355,17.190355713905877,12
normal,18158,normal_0544,37,2022-07-12 01:09:33.381,3.7,0,1,startup,False,7.189455638825963,17.190355713905877,12
normal,18159,normal_0544,38,2022-07-12 01:09:33.481,3.8,0,1,startup,False,6.736236883309152,17.190355713905877,12
normal,18160,normal_0544,39,2022-07-12 01:09:33.581,3.9,0,1,startup,False,4.399425215301122,17.190355713905877,12
normal,18161,normal_0544,40,2022-07-12 01:09:33.681,4.0,0,1,startup,False,3.7905104689804774,17.190355713905877,12
normal,18162,normal_0544,41,2022-07-12 01:09:33.781,4.1,0,1,startup,False,5.7746450550112876,17.190355713905877,12
normal,18163,normal_0544,42,2022-07-12 01:09:33.881,4.2,0,1,startup,False,4.9314232182841105,17.190355713905877,12
normal,18164,normal_0544,43,2022-07-12 01:09:33.981,4.3,0,1,startup,False,5.720169015580138,17.190355713905877,12
normal,18165,normal_0544,44,2022-07-12 01:09:34.081,4.4,0,1,startup,False,5.428318456116993,17.190355713905877,12
normal,18166,normal_0544,45,2022-07-12 01:09:34.181,4.5,0,1,startup,False,4.86028226428755,17.190355713905877,12
normal,18167,normal_0544,46,2022-07-12 01:09:34.281,4.6,0,1,startup,False,4.743501414860935,17.190355713905877,12
normal,18168,normal_0544,47,2022-07-12 01:09:34.381,4.7,0,1,startup,False,5.311049822978974,17.190355713905877,12
normal,18169,normal_0544,48,2022-07-12 01:09:34.481,4.8,0,1,startup,False,5.907104554066365,17.190355713905877,12
normal,18170,normal_0544,49,2022-07-12 01:09:34.581,4.9,0,1,startup,False,5.832195168873899,17.190355713905877,12
normal,18171,normal_0545,0,2022-07-12 01:09:37.774,0.0,0,1,startup,False,2.8521387164824636,8.528429503027562,3
normal,18172,normal_0545,1,2022-07-12 01:09:37.874,0.1,0,1,startup,False,4.0125282841696,12.144759502448782,6
normal,18173,normal_0545,2,2022-07-12 01:09:37.974,0.2,0,1,startup,False,4.3258695065914825,14.132739481471942,9
normal,18174,normal_0545,3,2022-07-12 01:09:38.074,0.3,0,1,startup,False,3.8041274669730636,17.190355713905877,12
normal,18175,normal_0545,4,2022-07-12 01:09:38.174,0.4,0,1,startup,False,3.9555750386475634,17.190355713905877,12
normal,18176,normal_0545,5,2022-07-12 01:09:38.274,0.5,0,1,startup,False,5.144242072670334,17.190355713905877,12
normal,18177,normal_0545,6,2022-07-12 01:09:38.374,0.6,0,1,startup,False,4.878339714290287,17.190355713905877,12
normal,18178,normal_0545,7,2022-07-12 01:09:38.474,0.7,0,1,startup,False,6.158672738722865,17.190355713905877,12
normal,18179,normal_0545,8,2022-07-12 01:09:38.574,0.8,0,1,startup,False,8.568548141136937,17.190355713905877,12
normal,18180,normal_0545,9,2022-07-12 01:09:38.674,0.9,0,1,startup,False,6.340649733027892,17.190355713905877,12
normal,18181,normal_0545,10,2022-07-12 01:09:38.774,1.0,0,1,startup,False,5.549364095746995,17.190355713905877,12
normal,18182,normal_0545,11,2022-07-12 01:09:38.874,1.1,0,1,startup,False,5.206652905065226,17.190355713905877,12
normal,18183,normal_0545,12,2022-07-12 01:09:38.974,1.2,0,1,startup,False,5.854516635197333,17.190355713905877,12
normal,18184,normal_0545,13,2022-07-12 01:09:39.074,1.3,0,1,startup,False,5.79431181784545,17.190355713905877,12
normal,18185,normal_0545,14,2022-07-12 01:09:39.174,1.4,0,1,startup,False,4.481745186667716,17.190355713905877,12
normal,18186,normal_0545,15,2022-07-12 01:09:39.274,1.5,0,1,startup,False,6.056170819274383,17.190355713905877,12
normal,18187,normal_0545,16,2022-07-12 01:09:39.374,1.6,0,1,startup,False,5.957488626891244,17.190355713905877,12
normal,18188,normal_0545,17,2022-07-12 01:09:39.474,1.7,0,1,startup,False,3.6211331990313207,17.190355713905877,12
normal,18189,normal_0545,18,2022-07-12 01:09:39.574,1.8,0,1,startup,False,3.568957600066331,17.190355713905877,12
normal,18190,normal_0545,19,2022-07-12 01:09:39.674,1.9,0,1,startup,False,5.615572217354019,17.190355713905877,12
normal,18191,normal_0545,20,2022-07-12 01:09:39.774,2.0,0,1,startup,False,5.889259482200808,17.190355713905877,12
normal,18192,normal_0545,21,2022-07-12 01:09:39.874,2.1,0,1,startup,False,4.627121906056287,17.190355713905877,12
normal,18193,normal_0545,22,2022-07-12 01:09:39.974,2.2,0,1,startup,False,6.376530983725775,17.190355713905877,12
normal,18194,normal_0545,23,2022-07-12 01:09:40.074,2.3,0,1,startup,False,6.526983673706252,17.190355713905877,12
normal,18195,normal_0545,24,2022-07-12 01:09:40.174,2.4,0,1,startup,False,7.253694831224568,17.190355713905877,12
normal,18196,normal_0545,25,2022-07-12 01:09:40.274,2.5,0,1,startup,False,5.38493803545461,17.190355713905877,12
normal,18197,normal_0545,26,2022-07-12 01:09:40.374,2.6,0,1,startup,False,5.276620120728273,17.190355713905877,12
normal,18198,normal_0545,27,2022-07-12 01:09:40.474,2.7,0,1,startup,False,6.904600080244261,17.190355713905877,12
normal,18199,normal_0545,28,2022-07-12 01:09:40.574,2.8,0,1,startup,False,4.560904145012883,17.190355713905877,12
normal,18200,normal_0545,29,2022-07-12 01:09:40.674,2.9,0,1,startup,False,4.513359368518067,17.190355713905877,12
normal,18201,normal_0545,30,2022-07-12 01:09:40.774,3.0,0,1,startup,False,6.693216874124252,17.190355713905877,12
normal,18202,normal_0545,31,2022-07-12 01:09:40.874,3.1,0,1,startup,False,7.203711119144856,17.190355713905877,12
normal,18203,normal_0545,32,2022-07-12 01:09:40.974,3.2,0,1,startup,False,5.701241271233712,17.190355713905877,12
normal,18204,normal_0545,33,2022-07-12 01:09:41.074,3.3,0,1,startup,False,5.857304788224628,17.190355713905877,12
normal,18205,normal_0545,34,2022-07-12 01:09:41.174,3.4,0,1,startup,False,4.783958183736293,17.190355713905877,12
normal,18206,normal_0545,35,2022-07-12 01:09:41.274,3.5,0,1,startup,False,5.324930251595202,17.190355713905877,12
normal,18207,normal_0546,0,2022-07-12 01:09:45.835,0.0,0,1,startup,False,3.3378673082295625,8.528429503027562,3
normal,18208,normal_0546,1,2022-07-12 01:09:45.935,0.1,0,1,startup,False,5.529753922539408,12.144759502448782,6
normal,18209,normal_0546,2,2022-07-12 01:09:46.035,0.2,0,1,startup,False,7.453277457143662,14.132739481471942,9
normal,18210,normal_0546,3,2022-07-12 01:09:46.135,0.3,0,1,startup,False,7.480304177280371,17.190355713905877,12
normal,18211,normal_0546,4,2022-07-12 01:09:46.235,0.4,0,1,startup,False,6.219836717319362,17.190355713905877,12
normal,18212,normal_0546,5,2022-07-12 01:09:46.335,0.5,0,1,startup,False,4.00548021363868,17.190355713905877,12
normal,18213,normal_0546,6,2022-07-12 01:09:46.435,0.6,0,1,startup,False,6.491959513586834,17.190355713905877,12
normal,18214,normal_0546,7,2022-07-12 01:09:46.535,0.7,0,1,startup,False,6.560608518617101,17.190355713905877,12
normal,18215,normal_0546,8,2022-07-12 01:09:46.635,0.8,0,1,startup,False,5.1408793207967225,17.190355713905877,12
normal,18216,normal_0546,9,2022-07-12 01:09:46.735,0.9,0,1,startup,False,6.381000034539048,17.190355713905877,12
normal,18217,normal_0546,10,2022-07-12 01:09:46.835,1.0,0,1,startup,False,7.872699443925268,17.190355713905877,12
normal,18218,normal_0546,11,2022-07-12 01:09:46.935,1.1,0,1,startup,False,7.188541869273495,17.190355713905877,12
normal,18219,normal_0546,12,2022-07-12 01:09:47.035,1.2,0,1,startup,False,5.756791562579454,17.190355713905877,12
normal,18220,normal_0546,13,2022-07-12 01:09:47.135,1.3,0,1,startup,False,5.680222951415606,17.190355713905877,12
normal,18221,normal_0546,14,2022-07-12 01:09:47.235,1.4,0,1,startup,False,6.245671564631629,17.190355713905877,12
normal,18222,normal_0546,15,2022-07-12 01:09:47.335,1.5,0,1,startup,False,5.643213498155924,17.190355713905877,12
normal,18223,normal_0546,16,2022-07-12 01:09:47.435,1.6,0,1,startup,False,5.804366724704158,17.190355713905877,12
normal,18224,normal_0546,17,2022-07-12 01:09:47.535,1.7,0,1,startup,False,8.50502431394797,17.190355713905877,12
normal,18225,normal_0546,18,2022-07-12 01:09:47.635,1.8,0,1,startup,False,6.078688626328985,17.190355713905877,12
normal,18226,normal_0546,19,2022-07-12 01:09:47.735,1.9,0,1,startup,False,4.213675152264406,17.190355713905877,12
normal,18227,normal_0546,20,2022-07-12 01:09:47.835,2.0,0,1,startup,False,4.5182479167539125,17.190355713905877,12
normal,18228,normal_0546,21,2022-07-12 01:09:47.935,2.1,0,1,startup,False,5.098330960016884,17.190355713905877,12
normal,18229,normal_0547,0,2022-07-12 01:09:53.876,0.0,0,1,startup,False,2.7044508599815353,8.528429503027562,3
normal,18230,normal_0547,1,2022-07-12 01:09:53.976,0.1,0,1,startup,False,4.622697730708174,12.144759502448782,6
normal,18231,normal_0547,2,2022-07-12 01:09:54.076,0.2,0,1,startup,False,6.763940965654342,14.132739481471942,9
normal,18232,normal_0547,3,2022-07-12 01:09:54.176,0.3,0,1,startup,False,5.878901781071786,17.190355713905877,12
normal,18233,normal_0547,4,2022-07-12 01:09:54.276,0.4,0,1,startup,False,4.028892803938384,17.190355713905877,12
normal,18234,normal_0547,5,2022-07-12 01:09:54.376,0.5,0,1,startup,False,5.0082523875206775,17.190355713905877,12
normal,18235,normal_0547,6,2022-07-12 01:09:54.476,0.6,0,1,startup,False,5.95696498635842,17.190355713905877,12
normal,18236,normal_0548,0,2022-07-12 01:10:01.958,0.0,0,1,startup,False,2.8301928434913495,8.528429503027562,3
normal,18237,normal_0548,1,2022-07-12 01:10:02.058,0.1,0,1,startup,False,4.3889287186378825,12.144759502448782,6
normal,18238,normal_0548,2,2022-07-12 01:10:02.158,0.2,0,1,startup,False,4.612400920758932,14.132739481471942,9
normal,18239,normal_0548,3,2022-07-12 01:10:02.258,0.3,0,1,startup,False,4.050281575245762,17.190355713905877,12
normal,18240,normal_0548,4,2022-07-12 01:10:02.358,0.4,0,1,startup,False,3.230497793062158,17.190355713905877,12
normal,18241,normal_0548,5,2022-07-12 01:10:02.458,0.5,0,1,startup,False,3.0074516922558288,17.190355713905877,12
normal,18242,normal_0548,6,2022-07-12 01:10:02.558,0.6,0,1,startup,False,4.638272949529741,17.190355713905877,12
normal,18243,normal_0548,7,2022-07-12 01:10:02.658,0.7,0,1,startup,False,4.707920858068942,17.190355713905877,12
normal,18244,normal_0549,0,2022-07-12 01:10:11.168,0.0,0,1,startup,False,2.659114866300017,8.528429503027562,3
normal,18245,normal_0549,1,2022-07-12 01:10:11.268,0.1,0,1,startup,False,4.101915767993032,12.144759502448782,6
normal,18246,normal_0549,2,2022-07-12 01:10:11.368,0.2,0,1,startup,False,3.907517698694532,14.132739481471942,9
normal,18247,normal_0549,3,2022-07-12 01:10:11.468,0.3,0,1,startup,False,3.959161781385873,17.190355713905877,12
normal,18248,normal_0549,4,2022-07-12 01:10:11.568,0.4,0,1,startup,False,5.38037509694108,17.190355713905877,12
normal,18249,normal_0549,5,2022-07-12 01:10:11.668,0.5,0,1,startup,False,4.961197836214905,17.190355713905877,12
normal,18250,normal_0549,6,2022-07-12 01:10:11.768,0.6,0,1,startup,False,6.8793365422666755,17.190355713905877,12
normal,18251,normal_0549,7,2022-07-12 01:10:11.868,0.7,0,1,startup,False,5.905311767757294,17.190355713905877,12
normal,18252,normal_0549,8,2022-07-12 01:10:11.968,0.8,0,1,startup,False,5.702809403348582,17.190355713905877,12
normal,18253,normal_0549,9,2022-07-12 01:10:12.068,0.9,0,1,startup,False,5.137563855301353,17.190355713905877,12
normal,18254,normal_0549,10,2022-07-12 01:10:12.168,1.0,0,1,startup,False,5.161709453272384,17.190355713905877,12
normal,18255,normal_0549,11,2022-07-12 01:10:12.268,1.1,0,1,startup,False,5.709364794512083,17.190355713905877,12
normal,18256,normal_0549,12,2022-07-12 01:10:12.368,1.2,0,1,startup,False,5.409807340739987,17.190355713905877,12
normal,18257,normal_0549,13,2022-07-12 01:10:12.468,1.3,0,1,startup,False,4.480772734535683,17.190355713905877,12
normal,18258,normal_0549,14,2022-07-12 01:10:12.568,1.4,0,1,startup,False,4.94004053549261,17.190355713905877,12
normal,18259,normal_0549,15,2022-07-12 01:10:12.668,1.5,0,1,startup,False,4.808610161711291,17.190355713905877,12
normal,18260,normal_0549,16,2022-07-12 01:10:12.768,1.6,0,1,startup,False,4.012846971267356,17.190355713905877,12
normal,18261,normal_0549,17,2022-07-12 01:10:12.868,1.7,0,1,startup,False,4.978286987073986,17.190355713905877,12
normal,18262,normal_0549,18,2022-07-12 01:10:12.968,1.8,0,1,startup,False,3.632902266835272,17.190355713905877,12
normal,18263,normal_0549,19,2022-07-12 01:10:13.068,1.9,0,1,startup,False,3.6263563371281204,17.190355713905877,12
normal,18264,normal_0549,20,2022-07-12 01:10:13.168,2.0,0,1,startup,False,4.0230439408450245,17.190355713905877,12
normal,18265,normal_0549,21,2022-07-12 01:10:13.268,2.1,0,1,startup,False,4.789512406799995,17.190355713905877,12
normal,18266,normal_0549,22,2022-07-12 01:10:13.368,2.2,0,1,startup,False,6.22060227844474,17.190355713905877,12
normal,18267,normal_0549,23,2022-07-12 01:10:13.468,2.3,0,1,startup,False,6.3129834261373565,17.190355713905877,12
normal,18268,normal_0549,24,2022-07-12 01:10:13.568,2.4,0,1,startup,False,3.7345834117433516,17.190355713905877,12
normal,18269,normal_0549,25,2022-07-12 01:10:13.668,2.5,0,1,startup,False,4.5360873187250625,17.190355713905877,12
normal,18270,normal_0549,26,2022-07-12 01:10:13.768,2.6,0,1,startup,False,5.979054953180365,17.190355713905877,12
normal,18271,normal_0549,27,2022-07-12 01:10:13.868,2.7,0,1,startup,False,4.923198764590582,17.190355713905877,12
normal,18272,normal_0549,28,2022-07-12 01:10:13.968,2.8,0,1,startup,False,6.152896936545525,17.190355713905877,12
normal,18273,normal_0549,29,2022-07-12 01:10:14.068,2.9,0,1,startup,False,5.652895285587242,17.190355713905877,12
normal,18274,normal_0549,30,2022-07-12 01:10:14.168,3.0,0,1,startup,False,5.936378038454179,17.190355713905877,12
normal,18275,normal_0549,31,2022-07-12 01:10:14.268,3.1,0,1,startup,False,6.697740469198414,17.190355713905877,12
normal,18276,normal_0549,32,2022-07-12 01:10:14.368,3.2,0,1,startup,False,6.052130024602187,17.190355713905877,12
normal,18277,normal_0549,33,2022-07-12 01:10:14.468,3.3,0,1,startup,False,5.195450545828713,17.190355713905877,12
normal,18278,normal_0549,34,2022-07-12 01:10:14.568,3.4,0,1,startup,False,4.310131846551379,17.190355713905877,12
normal,18279,normal_0549,35,2022-07-12 01:10:14.668,3.5,0,1,startup,False,4.368010857323801,17.190355713905877,12
normal,18280,normal_0549,36,2022-07-12 01:10:14.768,3.6,0,1,startup,False,5.001058420280502,17.190355713905877,12
normal,18281,normal_0549,37,2022-07-12 01:10:14.868,3.7,0,1,startup,False,5.610679599307334,17.190355713905877,12
normal,18282,normal_0549,38,2022-07-12 01:10:14.968,3.8,0,1,startup,False,5.423199571639313,17.190355713905877,12
normal,18283,normal_0549,39,2022-07-12 01:10:15.068,3.9,0,1,startup,False,8.215405237142543,17.190355713905877,12
normal,18284,normal_0549,40,2022-07-12 01:10:15.168,4.0,0,1,startup,False,6.00766816167086,17.190355713905877,12
normal,18285,normal_0549,41,2022-07-12 01:10:15.268,4.1,0,1,startup,False,4.116655169212264,17.190355713905877,12
normal,18286,normal_0549,42,2022-07-12 01:10:15.368,4.2,0,1,startup,False,4.417402488451044,17.190355713905877,12
normal,18287,normal_0549,43,2022-07-12 01:10:15.468,4.3,0,1,startup,False,5.407228423970562,17.190355713905877,12
normal,18288,normal_0549,44,2022-07-12 01:10:15.568,4.4,0,1,startup,False,4.428572239737895,17.190355713905877,12
normal,18289,normal_0549,45,2022-07-12 01:10:15.668,4.5,0,1,startup,False,5.207163860329704,17.190355713905877,12
normal,18290,normal_0549,46,2022-07-12 01:10:15.768,4.6,0,1,startup,False,4.938485193859539,17.190355713905877,12
normal,18291,normal_0549,47,2022-07-12 01:10:15.868,4.7,0,1,startup,False,6.6121895158628,17.190355713905877,12
normal,18292,normal_0549,48,2022-07-12 01:10:15.968,4.8,0,1,startup,False,4.871286742726562,17.190355713905877,12
normal,18293,normal_0549,49,2022-07-12 01:10:16.068,4.9,0,1,startup,False,4.063678627230962,17.190355713905877,12
normal,18294,normal_0550,0,2022-07-12 01:10:18.055,0.0,0,1,startup,False,3.0765859632480135,8.528429503027562,3
normal,18295,normal_0550,1,2022-07-12 01:10:18.155,0.1,0,1,startup,False,5.399805302749006,12.144759502448782,6
normal,18296,normal_0550,2,2022-07-12 01:10:18.255,0.2,0,1,startup,False,9.852065355644582,14.132739481471942,9
normal,18297,normal_0550,3,2022-07-12 01:10:18.355,0.3,0,1,startup,False,8.606575033913439,17.190355713905877,12
normal,18298,normal_0550,4,2022-07-12 01:10:18.455,0.4,0,1,startup,False,6.607633796501182,17.190355713905877,12
normal,18299,normal_0550,5,2022-07-12 01:10:18.555,0.5,0,1,startup,False,6.399428608384868,17.190355713905877,12
normal,18300,normal_0550,6,2022-07-12 01:10:18.655,0.6,0,1,startup,False,9.415126687649046,17.190355713905877,12
normal,18301,normal_0550,7,2022-07-12 01:10:18.755,0.7,0,1,startup,False,9.084340004002833,17.190355713905877,12
normal,18302,normal_0550,8,2022-07-12 01:10:18.855,0.8,0,1,startup,False,5.777596418718927,17.190355713905877,12
normal,18303,normal_0550,9,2022-07-12 01:10:18.955,0.9,0,1,startup,False,6.3885490101966464,17.190355713905877,12
normal,18304,normal_0550,10,2022-07-12 01:10:19.055,1.0,0,1,startup,False,7.312407085014836,17.190355713905877,12
normal,18305,normal_0550,11,2022-07-12 01:10:19.155,1.1,0,1,startup,False,6.14602400411239,17.190355713905877,12
normal,18306,normal_0550,12,2022-07-12 01:10:19.255,1.2,0,1,startup,False,5.006904796144321,17.190355713905877,12
normal,18307,normal_0550,13,2022-07-12 01:10:19.355,1.3,0,1,startup,False,8.91539746358278,17.190355713905877,12
normal,18308,normal_0550,14,2022-07-12 01:10:19.455,1.4,0,1,startup,False,9.403780178233038,17.190355713905877,12
normal,18309,normal_0550,15,2022-07-12 01:10:19.555,1.5,0,1,startup,False,7.692817817879186,17.190355713905877,12
normal,18310,normal_0550,16,2022-07-12 01:10:19.655,1.6,0,1,startup,False,7.835654631283512,17.190355713905877,12
normal,18311,normal_0550,17,2022-07-12 01:10:19.755,1.7,0,1,startup,False,7.379686267080726,17.190355713905877,12
normal,18312,normal_0550,18,2022-07-12 01:10:19.855,1.8,0,1,startup,False,7.644430585862959,17.190355713905877,12
normal,18313,normal_0550,19,2022-07-12 01:10:19.955,1.9,0,1,startup,False,7.717724722820906,17.190355713905877,12
normal,18314,normal_0550,20,2022-07-12 01:10:20.055,2.0,0,1,startup,False,6.653002880770306,17.190355713905877,12
normal,18315,normal_0550,21,2022-07-12 01:10:20.155,2.1,0,1,startup,False,5.8781576543466,17.190355713905877,12
normal,18316,normal_0550,22,2022-07-12 01:10:20.255,2.2,0,1,startup,False,4.595949937455259,17.190355713905877,12
normal,18317,normal_0550,23,2022-07-12 01:10:20.355,2.3,0,1,startup,False,4.574271405450761,17.190355713905877,12
normal,18318,normal_0550,24,2022-07-12 01:10:20.455,2.4,0,1,startup,False,6.131085035922554,17.190355713905877,12
normal,18319,normal_0550,25,2022-07-12 01:10:20.555,2.5,0,1,startup,False,4.878192929112126,17.190355713905877,12
normal,18320,normal_0550,26,2022-07-12 01:10:20.655,2.6,0,1,startup,False,3.671221524593295,17.190355713905877,12
normal,18321,normal_0550,27,2022-07-12 01:10:20.755,2.7,0,1,startup,False,4.724016795407945,17.190355713905877,12
normal,18322,normal_0550,28,2022-07-12 01:10:20.855,2.8,0,1,startup,False,5.144857389269349,17.190355713905877,12
normal,18323,normal_0550,29,2022-07-12 01:10:20.955,2.9,0,1,startup,False,4.8189346872433845,17.190355713905877,12
normal,18324,normal_0550,30,2022-07-12 01:10:21.055,3.0,0,1,startup,False,5.881945626501528,17.190355713905877,12
normal,18325,normal_0550,31,2022-07-12 01:10:21.155,3.1,0,1,startup,False,5.900715732631082,17.190355713905877,12
normal,18326,normal_0550,32,2022-07-12 01:10:21.255,3.2,0,1,startup,False,5.498104101745499,17.190355713905877,12
normal,18327,normal_0550,33,2022-07-12 01:10:21.355,3.3,0,1,startup,False,5.680968324272276,17.190355713905877,12
normal,18328,normal_0550,34,2022-07-12 01:10:21.455,3.4,0,1,startup,False,5.153833423693366,17.190355713905877,12
normal,18329,normal_0550,35,2022-07-12 01:10:21.555,3.5,0,1,startup,False,6.049527722204202,17.190355713905877,12
normal,18330,normal_0550,36,2022-07-12 01:10:21.655,3.6,0,1,startup,False,4.77667861280544,17.190355713905877,12
normal,18331,normal_0550,37,2022-07-12 01:10:21.755,3.7,0,1,startup,False,4.751011152130369,17.190355713905877,12
normal,18332,normal_0550,38,2022-07-12 01:10:21.855,3.8,0,1,startup,False,5.293944340560694,17.190355713905877,12
normal,18333,normal_0550,39,2022-07-12 01:10:21.955,3.9,0,1,startup,False,6.296908066489147,17.190355713905877,12
normal,18334,normal_0550,40,2022-07-12 01:10:22.055,4.0,0,1,startup,False,4.917696482561182,17.190355713905877,12
normal,18335,normal_0550,41,2022-07-12 01:10:22.155,4.1,0,1,startup,False,7.7858699450527835,17.190355713905877,12
normal,18336,normal_0550,42,2022-07-12 01:10:22.255,4.2,0,1,startup,False,6.90814281071239,17.190355713905877,12
normal,18337,normal_0550,43,2022-07-12 01:10:22.355,4.3,0,1,startup,False,5.739412317081123,17.190355713905877,12
normal,18338,normal_0550,44,2022-07-12 01:10:22.455,4.4,0,1,startup,False,5.7503880433823085,17.190355713905877,12
normal,18339,normal_0550,45,2022-07-12 01:10:22.555,4.5,0,1,startup,False,7.94222109012983,17.190355713905877,12
normal,18340,normal_0550,46,2022-07-12 01:10:22.655,4.6,0,1,startup,False,7.698887195930309,17.190355713905877,12
normal,18341,normal_0550,47,2022-07-12 01:10:22.755,4.7,0,1,startup,False,6.439764811847961,17.190355713905877,12
normal,18342,normal_0550,48,2022-07-12 01:10:22.855,4.8,0,1,startup,False,8.307381874627273,17.190355713905877,12
normal,18343,normal_0551,0,2022-07-12 01:10:26.247,0.0,0,1,startup,False,2.744044267394002,8.528429503027562,3
normal,18344,normal_0551,1,2022-07-12 01:10:26.347,0.1,0,1,startup,False,4.820618150887762,12.144759502448782,6
normal,18345,normal_0551,2,2022-07-12 01:10:26.447,0.2,0,1,startup,False,4.519727600951089,14.132739481471942,9
normal,18346,normal_0551,3,2022-07-12 01:10:26.547,0.3,0,1,startup,False,6.059922760050434,17.190355713905877,12
normal,18347,normal_0551,4,2022-07-12 01:10:26.647,0.4,0,1,startup,False,5.360659287549351,17.190355713905877,12
normal,18348,normal_0551,5,2022-07-12 01:10:26.747,0.5,0,1,startup,False,4.5640462709897305,17.190355713905877,12
normal,18349,normal_0551,6,2022-07-12 01:10:26.847,0.6,0,1,startup,False,3.9026062080348094,17.190355713905877,12
normal,18350,normal_0551,7,2022-07-12 01:10:26.947,0.7,0,1,startup,False,3.778284783495358,17.190355713905877,12
normal,18351,normal_0551,8,2022-07-12 01:10:27.047,0.8,0,1,startup,False,4.383562502654582,17.190355713905877,12
normal,18352,normal_0551,9,2022-07-12 01:10:27.147,0.9,0,1,startup,False,4.5453514767361565,17.190355713905877,12
normal,18353,normal_0551,10,2022-07-12 01:10:27.247,1.0,0,1,startup,False,5.337697165258589,17.190355713905877,12
normal,18354,normal_0551,11,2022-07-12 01:10:27.347,1.1,0,1,startup,False,4.549000670017211,17.190355713905877,12
normal,18355,normal_0551,12,2022-07-12 01:10:27.447,1.2,0,1,startup,False,6.81113961983461,17.190355713905877,12
normal,18356,normal_0551,13,2022-07-12 01:10:27.547,1.3,0,1,startup,False,5.962400362738774,17.190355713905877,12
normal,18357,normal_0551,14,2022-07-12 01:10:27.647,1.4,0,1,startup,False,4.7337475262246755,17.190355713905877,12
normal,18358,normal_0551,15,2022-07-12 01:10:27.747,1.5,0,1,startup,False,5.09952620688889,17.190355713905877,12
normal,18359,normal_0551,16,2022-07-12 01:10:27.847,1.6,0,1,startup,False,4.938104242083154,17.190355713905877,12
normal,18360,normal_0551,17,2022-07-12 01:10:27.947,1.7,0,1,startup,False,4.485756938842791,17.190355713905877,12
normal,18361,normal_0551,18,2022-07-12 01:10:28.047,1.8,0,1,startup,False,4.37117978069345,17.190355713905877,12
normal,18362,normal_0551,19,2022-07-12 01:10:28.147,1.9,0,1,startup,False,6.022482446131937,17.190355713905877,12
normal,18363,normal_0551,20,2022-07-12 01:10:28.247,2.0,0,1,startup,False,7.356271135626261,17.190355713905877,12
normal,18364,normal_0551,21,2022-07-12 01:10:28.347,2.1,0,1,startup,False,6.279905756152624,17.190355713905877,12
normal,18365,normal_0551,22,2022-07-12 01:10:28.447,2.2,0,1,startup,False,4.789868028553964,17.190355713905877,12
normal,18366,normal_0551,23,2022-07-12 01:10:28.547,2.3,0,1,startup,False,5.315595880990532,17.190355713905877,12
normal,18367,normal_0551,24,2022-07-12 01:10:28.647,2.4,0,1,startup,False,6.276009643135047,17.190355713905877,12
normal,18368,normal_0551,25,2022-07-12 01:10:28.747,2.5,0,1,startup,False,5.692989228490717,17.190355713905877,12
normal,18369,normal_0551,26,2022-07-12 01:10:28.847,2.6,0,1,startup,False,5.686468968959675,17.190355713905877,12
normal,18370,normal_0551,27,2022-07-12 01:10:28.947,2.7,0,1,startup,False,5.845756241530231,17.190355713905877,12
normal,18371,normal_0551,28,2022-07-12 01:10:29.047,2.8,0,1,startup,False,5.596399425186222,17.190355713905877,12
normal,18372,normal_0551,29,2022-07-12 01:10:29.147,2.9,0,1,startup,False,7.207686319797795,17.190355713905877,12
normal,18373,normal_0551,30,2022-07-12 01:10:29.247,3.0,0,1,startup,False,5.1032973179791625,17.190355713905877,12
normal,18374,normal_0551,31,2022-07-12 01:10:29.347,3.1,0,1,startup,False,4.797928642905119,17.190355713905877,12
normal,18375,normal_0551,32,2022-07-12 01:10:29.447,3.2,0,1,startup,False,3.565278940096769,17.190355713905877,12
normal,18376,normal_0551,33,2022-07-12 01:10:29.547,3.3,0,1,startup,False,3.26876160783101,17.190355713905877,12
normal,18377,normal_0551,34,2022-07-12 01:10:29.647,3.4,0,1,startup,False,3.9046930923508536,17.190355713905877,12
normal,18378,normal_0551,35,2022-07-12 01:10:29.747,3.5,0,1,startup,False,4.893201211689632,17.190355713905877,12
normal,18379,normal_0551,36,2022-07-12 01:10:29.847,3.6,0,1,startup,False,4.6007668448540775,17.190355713905877,12
normal,18380,normal_0551,37,2022-07-12 01:10:29.947,3.7,0,1,startup,False,6.490737861280056,17.190355713905877,12
normal,18381,normal_0551,38,2022-07-12 01:10:30.047,3.8,0,1,startup,False,5.484326539813474,17.190355713905877,12
normal,18382,normal_0551,39,2022-07-12 01:10:30.147,3.9,0,1,startup,False,5.883683849892883,17.190355713905877,12
normal,18383,normal_0551,40,2022-07-12 01:10:30.247,4.0,0,1,startup,False,5.945049295544094,17.190355713905877,12
normal,18384,normal_0551,41,2022-07-12 01:10:30.347,4.1,0,1,startup,False,6.307596803514743,17.190355713905877,12
normal,18385,normal_0551,42,2022-07-12 01:10:30.447,4.2,0,1,startup,False,6.862145094000811,17.190355713905877,12
normal,18386,normal_0551,43,2022-07-12 01:10:30.547,4.3,0,1,startup,False,6.2133052101431145,17.190355713905877,12
normal,18387,normal_0551,44,2022-07-12 01:10:30.647,4.4,0,1,startup,False,5.20912455310691,17.190355713905877,12
normal,18388,normal_0551,45,2022-07-12 01:10:30.747,4.5,0,1,startup,False,5.775020538334465,17.190355713905877,12
normal,18389,normal_0552,0,2022-07-12 01:10:34.272,0.0,0,1,startup,False,2.946389405845537,8.528429503027562,3
normal,18390,normal_0552,1,2022-07-12 01:10:34.372,0.1,0,1,startup,False,4.092380802552543,12.144759502448782,6
normal,18391,normal_0552,2,2022-07-12 01:10:34.472,0.2,0,1,startup,False,5.323565340340452,14.132739481471942,9
normal,18392,normal_0552,3,2022-07-12 01:10:34.572,0.3,0,1,startup,False,4.770162582722779,17.190355713905877,12
normal,18393,normal_0552,4,2022-07-12 01:10:34.672,0.4,0,1,startup,False,4.188867011791393,17.190355713905877,12
normal,18394,normal_0552,5,2022-07-12 01:10:34.772,0.5,0,1,startup,False,4.851718396457496,17.190355713905877,12
normal,18395,normal_0552,6,2022-07-12 01:10:34.872,0.6,0,1,startup,False,4.729167036898163,17.190355713905877,12
normal,18396,normal_0552,7,2022-07-12 01:10:34.972,0.7,0,1,startup,False,6.035548442500029,17.190355713905877,12
normal,18397,normal_0552,8,2022-07-12 01:10:35.072,0.8,0,1,startup,False,6.44683357463695,17.190355713905877,12
normal,18398,normal_0552,9,2022-07-12 01:10:35.172,0.9,0,1,startup,False,4.810701924241221,17.190355713905877,12
normal,18399,normal_0552,10,2022-07-12 01:10:35.272,1.0,0,1,startup,False,5.079920310046224,17.190355713905877,12
normal,18400,normal_0552,11,2022-07-12 01:10:35.372,1.1,0,1,startup,False,6.047520109409311,17.190355713905877,12
normal,18401,normal_0552,12,2022-07-12 01:10:35.472,1.2,0,1,startup,False,5.514150122654529,17.190355713905877,12
normal,18402,normal_0552,13,2022-07-12 01:10:35.572,1.3,0,1,startup,False,5.386848740746261,17.190355713905877,12
normal,18403,normal_0552,14,2022-07-12 01:10:35.672,1.4,0,1,startup,False,6.1523542843473855,17.190355713905877,12
normal,18404,normal_0552,15,2022-07-12 01:10:35.772,1.5,0,1,startup,False,6.569216771106284,17.190355713905877,12
normal,18405,normal_0552,16,2022-07-12 01:10:35.872,1.6,0,1,startup,False,6.931253102886176,17.190355713905877,12
normal,18406,normal_0552,17,2022-07-12 01:10:35.972,1.7,0,1,startup,False,3.6236799906074872,17.190355713905877,12
normal,18407,normal_0552,18,2022-07-12 01:10:36.072,1.8,0,1,startup,False,4.263887728462412,17.190355713905877,12
normal,18408,normal_0552,19,2022-07-12 01:10:36.172,1.9,0,1,startup,False,4.975123620571556,17.190355713905877,12
normal,18409,normal_0552,20,2022-07-12 01:10:36.272,2.0,0,1,startup,False,4.4589946345376,17.190355713905877,12
normal,18410,normal_0552,21,2022-07-12 01:10:36.372,2.1,0,1,startup,False,4.311218372624056,17.190355713905877,12
normal,18411,normal_0552,22,2022-07-12 01:10:36.472,2.2,0,1,startup,False,5.980637916597734,17.190355713905877,12
normal,18412,normal_0552,23,2022-07-12 01:10:36.572,2.3,0,1,startup,False,5.553934104570505,17.190355713905877,12
normal,18413,normal_0552,24,2022-07-12 01:10:36.672,2.4,0,1,startup,False,6.265944975383361,17.190355713905877,12
normal,18414,normal_0552,25,2022-07-12 01:10:36.772,2.5,0,1,startup,False,5.984410193072761,17.190355713905877,12
normal,18415,normal_0552,26,2022-07-12 01:10:36.872,2.6,0,1,startup,False,5.351670764020665,17.190355713905877,12
normal,18416,normal_0552,27,2022-07-12 01:10:36.972,2.7,0,1,startup,False,5.809573109056912,17.190355713905877,12
normal,18417,normal_0552,28,2022-07-12 01:10:37.072,2.8,0,1,startup,False,4.7624462287088996,17.190355713905877,12
normal,18418,normal_0552,29,2022-07-12 01:10:37.172,2.9,0,1,startup,False,4.316842445991701,17.190355713905877,12
normal,18419,normal_0552,30,2022-07-12 01:10:37.272,3.0,0,1,startup,False,5.145732321814996,17.190355713905877,12
normal,18420,normal_0552,31,2022-07-12 01:10:37.372,3.1,0,1,startup,False,5.49011700831217,17.190355713905877,12
normal,18421,normal_0552,32,2022-07-12 01:10:37.472,3.2,0,1,startup,False,7.272926574869995,17.190355713905877,12
normal,18422,normal_0552,33,2022-07-12 01:10:37.572,3.3,0,1,startup,False,4.073657097604938,17.190355713905877,12
normal,18423,normal_0552,34,2022-07-12 01:10:37.672,3.4,0,1,startup,False,3.276722588682159,17.190355713905877,12
normal,18424,normal_0552,35,2022-07-12 01:10:37.772,3.5,0,1,startup,False,4.171836745862409,17.190355713905877,12
normal,18425,normal_0552,36,2022-07-12 01:10:37.872,3.6,0,1,startup,False,5.475223475418294,17.190355713905877,12
normal,18426,normal_0552,37,2022-07-12 01:10:37.972,3.7,0,1,startup,False,4.914484962701169,17.190355713905877,12
normal,18427,normal_0552,38,2022-07-12 01:10:38.072,3.8,0,1,startup,False,5.15410528113735,17.190355713905877,12
normal,18428,normal_0552,39,2022-07-12 01:10:38.172,3.9,0,1,startup,False,4.819754436218669,17.190355713905877,12
normal,18429,normal_0552,40,2022-07-12 01:10:38.272,4.0,0,1,startup,False,6.907581361236134,17.190355713905877,12
normal,18430,normal_0552,41,2022-07-12 01:10:38.372,4.1,0,1,startup,False,9.538237006740504,17.190355713905877,12
normal,18431,normal_0552,42,2022-07-12 01:10:38.472,4.2,0,1,startup,False,6.445836166011277,17.190355713905877,12
normal,18432,normal_0552,43,2022-07-12 01:10:38.572,4.3,0,1,startup,False,7.913308420734327,17.190355713905877,12
normal,18433,normal_0552,44,2022-07-12 01:10:38.672,4.4,0,1,startup,False,8.020380730481675,17.190355713905877,12
normal,18434,normal_0553,0,2022-07-12 01:10:42.242,0.0,0,1,startup,False,2.7086316491732023,8.528429503027562,3
normal,18435,normal_0553,1,2022-07-12 01:10:42.342,0.1,0,1,startup,False,5.080056085837529,12.144759502448782,6
normal,18436,normal_0553,2,2022-07-12 01:10:42.442,0.2,0,1,startup,False,6.5256466066440515,14.132739481471942,9
normal,18437,normal_0553,3,2022-07-12 01:10:42.542,0.3,0,1,startup,False,5.80244712761623,17.190355713905877,12
normal,18438,normal_0553,4,2022-07-12 01:10:42.642,0.4,0,1,startup,False,4.599040408793339,17.190355713905877,12
normal,18439,normal_0553,5,2022-07-12 01:10:42.742,0.5,0,1,startup,False,4.336849399652216,17.190355713905877,12
normal,18440,normal_0553,6,2022-07-12 01:10:42.842,0.6,0,1,startup,False,4.781478320527784,17.190355713905877,12
normal,18441,normal_0553,7,2022-07-12 01:10:42.942,0.7,0,1,startup,False,4.439250084349349,17.190355713905877,12
normal,18442,normal_0553,8,2022-07-12 01:10:43.042,0.8,0,1,startup,False,4.481049708180301,17.190355713905877,12
normal,18443,normal_0553,9,2022-07-12 01:10:43.142,0.9,0,1,startup,False,4.120547880234813,17.190355713905877,12
normal,18444,normal_0553,10,2022-07-12 01:10:43.242,1.0,0,1,startup,False,5.7257517666701885,17.190355713905877,12
normal,18445,normal_0553,11,2022-07-12 01:10:43.342,1.1,0,1,startup,False,4.969068428576666,17.190355713905877,12
normal,18446,normal_0553,12,2022-07-12 01:10:43.442,1.2,0,1,startup,False,3.5823506660096,17.190355713905877,12
normal,18447,normal_0553,13,2022-07-12 01:10:43.542,1.3,0,1,startup,False,4.274321682353097,17.190355713905877,12
normal,18448,normal_0553,14,2022-07-12 01:10:43.642,1.4,0,1,startup,False,3.7018661983174086,17.190355713905877,12
normal,18449,normal_0553,15,2022-07-12 01:10:43.742,1.5,0,1,startup,False,3.625566228049349,17.190355713905877,12
normal,18450,normal_0553,16,2022-07-12 01:10:43.842,1.6,0,1,startup,False,3.939721783511653,17.190355713905877,12
normal,18451,normal_0553,17,2022-07-12 01:10:43.942,1.7,0,1,startup,False,4.2967657758669695,17.190355713905877,12
normal,18452,normal_0553,18,2022-07-12 01:10:44.042,1.8,0,1,startup,False,5.271992703966869,17.190355713905877,12
normal,18453,normal_0553,19,2022-07-12 01:10:44.142,1.9,0,1,startup,False,7.213281226230213,17.190355713905877,12
normal,18454,normal_0553,20,2022-07-12 01:10:44.242,2.0,0,1,startup,False,4.633648226414655,17.190355713905877,12
normal,18455,normal_0553,21,2022-07-12 01:10:44.342,2.1,0,1,startup,False,4.192137611004405,17.190355713905877,12
normal,18456,normal_0553,22,2022-07-12 01:10:44.442,2.2,0,1,startup,False,3.736721675781284,17.190355713905877,12
normal,18457,normal_0553,23,2022-07-12 01:10:44.542,2.3,0,1,startup,False,4.377862180324024,17.190355713905877,12
normal,18458,normal_0553,24,2022-07-12 01:10:44.642,2.4,0,1,startup,False,4.467701937958848,17.190355713905877,12
normal,18459,normal_0553,25,2022-07-12 01:10:44.742,2.5,0,1,startup,False,5.876678086722568,17.190355713905877,12
normal,18460,normal_0553,26,2022-07-12 01:10:44.842,2.6,0,1,startup,False,4.709045416189917,17.190355713905877,12
normal,18461,normal_0553,27,2022-07-12 01:10:44.942,2.7,0,1,startup,False,7.110064047415969,17.190355713905877,12
normal,18462,normal_0553,28,2022-07-12 01:10:45.042,2.8,0,1,startup,False,6.466544010654333,17.190355713905877,12
normal,18463,normal_0553,29,2022-07-12 01:10:45.142,2.9,0,1,startup,False,5.729067174844596,17.190355713905877,12
normal,18464,normal_0553,30,2022-07-12 01:10:45.242,3.0,0,1,startup,False,5.829724957041006,17.190355713905877,12
normal,18465,normal_0554,0,2022-07-12 01:10:50.426,0.0,0,1,startup,False,2.7600109998216062,8.528429503027562,3
normal,18466,normal_0554,1,2022-07-12 01:10:50.526,0.1,0,1,startup,False,4.49820428917875,12.144759502448782,6
normal,18467,normal_0554,2,2022-07-12 01:10:50.626,0.2,0,1,startup,False,5.3770074705257995,14.132739481471942,9
normal,18468,normal_0554,3,2022-07-12 01:10:50.726,0.3,0,1,startup,False,6.949406089914769,17.190355713905877,12
normal,18469,normal_0554,4,2022-07-12 01:10:50.826,0.4,0,1,startup,False,7.233149230809286,17.190355713905877,12
normal,18470,normal_0554,5,2022-07-12 01:10:50.926,0.5,0,1,startup,False,8.057475523989295,17.190355713905877,12
normal,18471,normal_0554,6,2022-07-12 01:10:51.026,0.6,0,1,startup,False,8.257959640132862,17.190355713905877,12
normal,18472,normal_0554,7,2022-07-12 01:10:51.126,0.7,0,1,startup,False,6.441843916350353,17.190355713905877,12
normal,18473,normal_0554,8,2022-07-12 01:10:51.226,0.8,0,1,startup,False,5.191569825668472,17.190355713905877,12
normal,18474,normal_0554,9,2022-07-12 01:10:51.326,0.9,0,1,startup,False,6.457543956305392,17.190355713905877,12
normal,18475,normal_0554,10,2022-07-12 01:10:51.426,1.0,0,1,startup,False,7.6818057468086565,17.190355713905877,12
normal,18476,normal_0554,11,2022-07-12 01:10:51.526,1.1,0,1,startup,False,5.097831281413212,17.190355713905877,12
normal,18477,normal_0554,12,2022-07-12 01:10:51.626,1.2,0,1,startup,False,4.6907508514576035,17.190355713905877,12
normal,18478,normal_0554,13,2022-07-12 01:10:51.726,1.3,0,1,startup,False,5.7855996119578705,17.190355713905877,12
normal,18479,normal_0554,14,2022-07-12 01:10:51.826,1.4,0,1,startup,False,4.927017378963593,17.190355713905877,12
normal,18480,normal_0554,15,2022-07-12 01:10:51.926,1.5,0,1,startup,False,6.046322970202412,17.190355713905877,12
normal,18481,normal_0554,16,2022-07-12 01:10:52.026,1.6,0,1,startup,False,6.83760512891071,17.190355713905877,12
normal,18482,normal_0555,0,2022-07-12 01:10:58.467,0.0,0,1,startup,False,2.649099728772893,8.528429503027562,3
normal,18483,normal_0555,1,2022-07-12 01:10:58.567,0.1,0,1,startup,False,4.559289285761501,12.144759502448782,6
normal,18484,normal_0555,2,2022-07-12 01:10:58.667,0.2,0,1,startup,False,4.041251225455606,14.132739481471942,9
normal,18485,normal_0556,0,2022-07-12 01:11:00.537,0.0,0,1,startup,False,2.8061073412518645,8.528429503027562,3
normal,18486,normal_0556,1,2022-07-12 01:11:00.637,0.1,0,1,startup,False,5.945868644313877,12.144759502448782,6
normal,18487,normal_0556,2,2022-07-12 01:11:00.737,0.2,0,1,startup,False,6.5459875285823035,14.132739481471942,9
normal,18488,normal_0556,3,2022-07-12 01:11:00.837,0.3,0,1,startup,False,5.883771236136403,17.190355713905877,12
normal,18489,normal_0556,4,2022-07-12 01:11:00.937,0.4,0,1,startup,False,5.226458089946624,17.190355713905877,12
normal,18490,normal_0556,5,2022-07-12 01:11:01.037,0.5,0,1,startup,False,5.295932697739173,17.190355713905877,12
normal,18491,normal_0556,6,2022-07-12 01:11:01.137,0.6,0,1,startup,False,6.547333422803589,17.190355713905877,12
normal,18492,normal_0556,7,2022-07-12 01:11:01.237,0.7,0,1,startup,False,5.771039597224507,17.190355713905877,12
normal,18493,normal_0556,8,2022-07-12 01:11:01.337,0.8,0,1,startup,False,4.880134795105385,17.190355713905877,12
normal,18494,normal_0556,9,2022-07-12 01:11:01.437,0.9,0,1,startup,False,5.055897157458655,17.190355713905877,12
normal,18495,normal_0556,10,2022-07-12 01:11:01.537,1.0,0,1,startup,False,5.7037158494854125,17.190355713905877,12
normal,18496,normal_0556,11,2022-07-12 01:11:01.637,1.1,0,1,startup,False,5.4102269259415685,17.190355713905877,12
normal,18497,normal_0556,12,2022-07-12 01:11:01.737,1.2,0,1,startup,False,5.545701738626551,17.190355713905877,12
normal,18498,normal_0556,13,2022-07-12 01:11:01.837,1.3,0,1,startup,False,6.921395297125923,17.190355713905877,12
normal,18499,normal_0556,14,2022-07-12 01:11:01.937,1.4,0,1,startup,False,5.157142582501161,17.190355713905877,12
normal,18500,normal_0556,15,2022-07-12 01:11:02.037,1.5,0,1,startup,False,5.33511205914585,17.190355713905877,12
normal,18501,normal_0556,16,2022-07-12 01:11:02.137,1.6,0,1,startup,False,5.524504083465493,17.190355713905877,12
normal,18502,normal_0556,17,2022-07-12 01:11:02.237,1.7,0,1,startup,False,4.513686281478819,17.190355713905877,12
normal,18503,normal_0556,18,2022-07-12 01:11:02.337,1.8,0,1,startup,False,5.031330838184494,17.190355713905877,12
normal,18504,normal_0556,19,2022-07-12 01:11:02.437,1.9,0,1,startup,False,6.337587043515613,17.190355713905877,12
normal,18505,normal_0556,20,2022-07-12 01:11:02.537,2.0,0,1,startup,False,5.82487630993892,17.190355713905877,12
normal,18506,normal_0556,21,2022-07-12 01:11:02.637,2.1,0,1,startup,False,5.109524275942981,17.190355713905877,12
normal,18507,normal_0556,22,2022-07-12 01:11:02.737,2.2,0,1,startup,False,4.923079682640147,17.190355713905877,12
normal,18508,normal_0556,23,2022-07-12 01:11:02.837,2.3,0,1,startup,False,5.855556857441128,17.190355713905877,12
normal,18509,normal_0556,24,2022-07-12 01:11:02.937,2.4,0,1,startup,False,5.203581804450647,17.190355713905877,12
normal,18510,normal_0556,25,2022-07-12 01:11:03.037,2.5,0,1,startup,False,4.916017599486232,17.190355713905877,12
normal,18511,normal_0556,26,2022-07-12 01:11:03.137,2.6,0,1,startup,False,5.679783119733068,17.190355713905877,12
normal,18512,normal_0556,27,2022-07-12 01:11:03.237,2.7,0,1,startup,False,6.438483293599691,17.190355713905877,12
normal,18513,normal_0556,28,2022-07-12 01:11:03.337,2.8,0,1,startup,False,5.433667206306041,17.190355713905877,12
normal,18514,normal_0556,29,2022-07-12 01:11:03.437,2.9,0,1,startup,False,7.247917567065002,17.190355713905877,12
normal,18515,normal_0556,30,2022-07-12 01:11:03.537,3.0,0,1,startup,False,7.268643127981899,17.190355713905877,12
normal,18516,normal_0556,31,2022-07-12 01:11:03.637,3.1,0,1,startup,False,5.354819029369449,17.190355713905877,12
normal,18517,normal_0556,32,2022-07-12 01:11:03.737,3.2,0,1,startup,False,4.086639685561068,17.190355713905877,12
normal,18518,normal_0556,33,2022-07-12 01:11:03.837,3.3,0,1,startup,False,3.769230808508126,17.190355713905877,12
normal,18519,normal_0556,34,2022-07-12 01:11:03.937,3.4,0,1,startup,False,4.201012983440874,17.190355713905877,12
normal,18520,normal_0556,35,2022-07-12 01:11:04.037,3.5,0,1,startup,False,3.815131790378286,17.190355713905877,12
normal,18521,normal_0556,36,2022-07-12 01:11:04.137,3.6,0,1,startup,False,5.295091544112695,17.190355713905877,12
normal,18522,normal_0556,37,2022-07-12 01:11:04.237,3.7,0,1,startup,False,4.141632682813083,17.190355713905877,12
normal,18523,normal_0556,38,2022-07-12 01:11:04.337,3.8,0,1,startup,False,3.894095423237721,17.190355713905877,12
normal,18524,normal_0556,39,2022-07-12 01:11:04.437,3.9,0,1,startup,False,3.181357904530063,17.190355713905877,12
normal,18525,normal_0556,40,2022-07-12 01:11:04.537,4.0,0,1,startup,False,4.6987019247684545,17.190355713905877,12
normal,18526,normal_0556,41,2022-07-12 01:11:04.637,4.1,0,1,startup,False,5.024376800123445,17.190355713905877,12
normal,18527,normal_0556,42,2022-07-12 01:11:04.737,4.2,0,1,startup,False,4.324659949630816,17.190355713905877,12
normal,18528,normal_0556,43,2022-07-12 01:11:04.837,4.3,0,1,startup,False,4.623216783626667,17.190355713905877,12
normal,18529,normal_0556,44,2022-07-12 01:11:04.937,4.4,0,1,startup,False,5.418202492385925,17.190355713905877,12
normal,18530,normal_0556,45,2022-07-12 01:11:05.037,4.5,0,1,startup,False,6.286555401391532,17.190355713905877,12
normal,18531,normal_0556,46,2022-07-12 01:11:05.137,4.6,0,1,startup,False,7.722199089547168,17.190355713905877,12
normal,18532,normal_0556,47,2022-07-12 01:11:05.237,4.7,0,1,startup,False,7.787737591131537,17.190355713905877,12
normal,18533,normal_0556,48,2022-07-12 01:11:05.337,4.8,0,1,startup,False,5.252864575158526,17.190355713905877,12
normal,18534,normal_0556,49,2022-07-12 01:11:05.437,4.9,0,1,startup,False,5.4749122985321925,17.190355713905877,12
normal,18535,normal_0557,0,2022-07-12 01:11:07.348,0.0,0,1,startup,False,3.532885425349262,8.528429503027562,3
normal,18536,normal_0557,1,2022-07-12 01:11:07.448,0.1,0,1,startup,False,5.102883107092852,12.144759502448782,6
normal,18537,normal_0557,2,2022-07-12 01:11:07.548,0.2,0,1,startup,False,6.625913928591485,14.132739481471942,9
normal,18538,normal_0557,3,2022-07-12 01:11:07.648,0.3,0,1,startup,False,6.0358751247450355,17.190355713905877,12
normal,18539,normal_0557,4,2022-07-12 01:11:07.748,0.4,0,1,startup,False,5.042726561733233,17.190355713905877,12
normal,18540,normal_0557,5,2022-07-12 01:11:07.848,0.5,0,1,startup,False,7.127730018537746,17.190355713905877,12
normal,18541,normal_0557,6,2022-07-12 01:11:07.948,0.6,0,1,startup,False,6.611733446909504,17.190355713905877,12
normal,18542,normal_0557,7,2022-07-12 01:11:08.048,0.7,0,1,startup,False,6.5279411593393135,17.190355713905877,12
normal,18543,normal_0557,8,2022-07-12 01:11:08.148,0.8,0,1,startup,False,5.5286456858296535,17.190355713905877,12
normal,18544,normal_0557,9,2022-07-12 01:11:08.248,0.9,0,1,startup,False,4.0925998646179895,17.190355713905877,12
normal,18545,normal_0557,10,2022-07-12 01:11:08.348,1.0,0,1,startup,False,4.861759945179037,17.190355713905877,12
normal,18546,normal_0557,11,2022-07-12 01:11:08.448,1.1,0,1,startup,False,4.531157675404911,17.190355713905877,12
normal,18547,normal_0557,12,2022-07-12 01:11:08.548,1.2,0,1,startup,False,4.146172374224784,17.190355713905877,12
normal,18548,normal_0557,13,2022-07-12 01:11:08.648,1.3,0,1,startup,False,4.264463022253481,17.190355713905877,12
normal,18549,normal_0557,14,2022-07-12 01:11:08.748,1.4,0,1,startup,False,4.65072869070385,17.190355713905877,12
normal,18550,normal_0557,15,2022-07-12 01:11:08.848,1.5,0,1,startup,False,4.444053061899515,17.190355713905877,12
normal,18551,normal_0557,16,2022-07-12 01:11:08.948,1.6,0,1,startup,False,4.81481957819376,17.190355713905877,12
normal,18552,normal_0557,17,2022-07-12 01:11:09.048,1.7,0,1,startup,False,3.5447262189172863,17.190355713905877,12
normal,18553,normal_0557,18,2022-07-12 01:11:09.148,1.8,0,1,startup,False,3.601132535975783,17.190355713905877,12
normal,18554,normal_0557,19,2022-07-12 01:11:09.248,1.9,0,1,startup,False,3.5570310448607207,17.190355713905877,12
normal,18555,normal_0557,20,2022-07-12 01:11:09.348,2.0,0,1,startup,False,3.9077091944727087,17.190355713905877,12
normal,18556,normal_0557,21,2022-07-12 01:11:09.448,2.1,0,1,startup,False,4.372701058439933,17.190355713905877,12
normal,18557,normal_0557,22,2022-07-12 01:11:09.548,2.2,0,1,startup,False,5.825224715808963,17.190355713905877,12
normal,18558,normal_0557,23,2022-07-12 01:11:09.648,2.3,0,1,startup,False,5.764900160627633,17.190355713905877,12
normal,18559,normal_0557,24,2022-07-12 01:11:09.748,2.4,0,1,startup,False,7.535526511200366,17.190355713905877,12
normal,18560,normal_0557,25,2022-07-12 01:11:09.848,2.5,0,1,startup,False,5.705051680238547,17.190355713905877,12
normal,18561,normal_0557,26,2022-07-12 01:11:09.948,2.6,0,1,startup,False,5.836070162369518,17.190355713905877,12
normal,18562,normal_0557,27,2022-07-12 01:11:10.048,2.7,0,1,startup,False,6.137412269273592,17.190355713905877,12
normal,18563,normal_0557,28,2022-07-12 01:11:10.148,2.8,0,1,startup,False,6.323519563508612,17.190355713905877,12
normal,18564,normal_0557,29,2022-07-12 01:11:10.248,2.9,0,1,startup,False,5.290832397495082,17.190355713905877,12
normal,18565,normal_0557,30,2022-07-12 01:11:10.348,3.0,0,1,startup,False,5.217191925534086,17.190355713905877,12
normal,18566,normal_0557,31,2022-07-12 01:11:10.448,3.1,0,1,startup,False,4.312984979927829,17.190355713905877,12
normal,18567,normal_0557,32,2022-07-12 01:11:10.548,3.2,0,1,startup,False,4.4678051051103065,17.190355713905877,12
normal,18568,normal_0557,33,2022-07-12 01:11:10.648,3.3,0,1,startup,False,4.291414845589698,17.190355713905877,12
normal,18569,normal_0557,34,2022-07-12 01:11:10.748,3.4,0,1,startup,False,3.196432485367047,17.190355713905877,12
normal,18570,normal_0557,35,2022-07-12 01:11:10.848,3.5,0,1,startup,False,3.9721983472797757,17.190355713905877,12
normal,18571,normal_0557,36,2022-07-12 01:11:10.948,3.6,0,1,startup,False,2.99786128322518,17.190355713905877,12
normal,18572,normal_0557,37,2022-07-12 01:11:11.048,3.7,0,1,startup,False,3.0526136667338055,17.190355713905877,12
normal,18573,normal_0557,38,2022-07-12 01:11:11.148,3.8,0,1,startup,False,4.390995078562661,17.190355713905877,12
normal,18574,normal_0557,39,2022-07-12 01:11:11.248,3.9,0,1,startup,False,5.233072350433584,17.190355713905877,12
normal,18575,normal_0557,40,2022-07-12 01:11:11.348,4.0,0,1,startup,False,5.457053053906452,17.190355713905877,12
normal,18576,normal_0557,41,2022-07-12 01:11:11.448,4.1,0,1,startup,False,7.330098768867064,17.190355713905877,12
normal,18577,normal_0557,42,2022-07-12 01:11:11.548,4.2,0,1,startup,False,5.487098929734029,17.190355713905877,12
normal,18578,normal_0557,43,2022-07-12 01:11:11.648,4.3,0,1,startup,False,5.646062910000837,17.190355713905877,12
normal,18579,normal_0557,44,2022-07-12 01:11:11.748,4.4,0,1,startup,False,6.6404912759518195,17.190355713905877,12
normal,18580,normal_0557,45,2022-07-12 01:11:11.848,4.5,0,1,startup,False,6.6296855208147045,17.190355713905877,12
normal,18581,normal_0557,46,2022-07-12 01:11:11.948,4.6,0,1,startup,False,7.369496186654576,17.190355713905877,12
normal,18582,normal_0557,47,2022-07-12 01:11:12.048,4.7,0,1,startup,False,5.565355283042169,17.190355713905877,12
normal,18583,normal_0557,48,2022-07-12 01:11:12.148,4.8,0,1,startup,False,7.296847058636056,17.190355713905877,12
normal,18584,normal_0557,49,2022-07-12 01:11:12.248,4.9,0,1,startup,False,7.9736835610480155,17.190355713905877,12
normal,18585,normal_0558,0,2022-07-12 01:11:14.704,0.0,0,1,startup,False,2.6007175348586955,8.528429503027562,3
normal,18586,normal_0558,1,2022-07-12 01:11:14.804,0.1,0,1,startup,False,4.854315358004655,12.144759502448782,6
normal,18587,normal_0558,2,2022-07-12 01:11:14.904,0.2,0,1,startup,False,4.274589697250469,14.132739481471942,9
normal,18588,normal_0558,3,2022-07-12 01:11:15.004,0.3,0,1,startup,False,6.1117970429987825,17.190355713905877,12
normal,18589,normal_0558,4,2022-07-12 01:11:15.104,0.4,0,1,startup,False,6.875649402301365,17.190355713905877,12
normal,18590,normal_0558,5,2022-07-12 01:11:15.204,0.5,0,1,startup,False,7.228822873953948,17.190355713905877,12
normal,18591,normal_0558,6,2022-07-12 01:11:15.304,0.6,0,1,startup,False,7.118470956803257,17.190355713905877,12
normal,18592,normal_0558,7,2022-07-12 01:11:15.404,0.7,0,1,startup,False,7.440411982496579,17.190355713905877,12
normal,18593,normal_0558,8,2022-07-12 01:11:15.504,0.8,0,1,startup,False,8.216610897279633,17.190355713905877,12
normal,18594,normal_0558,9,2022-07-12 01:11:15.604,0.9,0,1,startup,False,5.713632907659183,17.190355713905877,12
normal,18595,normal_0558,10,2022-07-12 01:11:15.704,1.0,0,1,startup,False,6.730939458705128,17.190355713905877,12
normal,18596,normal_0558,11,2022-07-12 01:11:15.804,1.1,0,1,startup,False,6.762478598328211,17.190355713905877,12
normal,18597,normal_0558,12,2022-07-12 01:11:15.904,1.2,0,1,startup,False,6.431019862389358,17.190355713905877,12
normal,18598,normal_0558,13,2022-07-12 01:11:16.004,1.3,0,1,startup,False,4.506578138574452,17.190355713905877,12
normal,18599,normal_0558,14,2022-07-12 01:11:16.104,1.4,0,1,startup,False,6.066805098315847,17.190355713905877,12
normal,18600,normal_0558,15,2022-07-12 01:11:16.204,1.5,0,1,startup,False,4.654954698611005,17.190355713905877,12
normal,18601,normal_0558,16,2022-07-12 01:11:16.304,1.6,0,1,startup,False,3.727289293304749,17.190355713905877,12
normal,18602,normal_0558,17,2022-07-12 01:11:16.404,1.7,0,1,startup,False,3.875273279557468,17.190355713905877,12
normal,18603,normal_0558,18,2022-07-12 01:11:16.504,1.8,0,1,startup,False,3.724836414589347,17.190355713905877,12
normal,18604,normal_0558,19,2022-07-12 01:11:16.604,1.9,0,1,startup,False,4.0137709162358775,17.190355713905877,12
normal,18605,normal_0558,20,2022-07-12 01:11:16.704,2.0,0,1,startup,False,3.6496925980493526,17.190355713905877,12
normal,18606,normal_0558,21,2022-07-12 01:11:16.804,2.1,0,1,startup,False,5.458006059358185,17.190355713905877,12
normal,18607,normal_0558,22,2022-07-12 01:11:16.904,2.2,0,1,startup,False,6.073317196362846,17.190355713905877,12
normal,18608,normal_0558,23,2022-07-12 01:11:17.004,2.3,0,1,startup,False,4.248609286320958,17.190355713905877,12
normal,18609,normal_0558,24,2022-07-12 01:11:17.104,2.4,0,1,startup,False,3.9041187193774096,17.190355713905877,12
normal,18610,normal_0558,25,2022-07-12 01:11:17.204,2.5,0,1,startup,False,4.52994388118734,17.190355713905877,12
normal,18611,normal_0558,26,2022-07-12 01:11:17.304,2.6,0,1,startup,False,4.799754314459166,17.190355713905877,12
normal,18612,normal_0558,27,2022-07-12 01:11:17.404,2.7,0,1,startup,False,3.9498183826678646,17.190355713905877,12
normal,18613,normal_0558,28,2022-07-12 01:11:17.504,2.8,0,1,startup,False,5.587791895740797,17.190355713905877,12
normal,18614,normal_0558,29,2022-07-12 01:11:17.604,2.9,0,1,startup,False,4.001867759369297,17.190355713905877,12
normal,18615,normal_0558,30,2022-07-12 01:11:17.704,3.0,0,1,startup,False,5.475844554391449,17.190355713905877,12
normal,18616,normal_0558,31,2022-07-12 01:11:17.804,3.1,0,1,startup,False,5.150298438311376,17.190355713905877,12
normal,18617,normal_0558,32,2022-07-12 01:11:17.904,3.2,0,1,startup,False,5.807601486480759,17.190355713905877,12
normal,18618,normal_0558,33,2022-07-12 01:11:18.004,3.3,0,1,startup,False,5.543025959434885,17.190355713905877,12
normal,18619,normal_0558,34,2022-07-12 01:11:18.104,3.4,0,1,startup,False,4.393792868983283,17.190355713905877,12
normal,18620,normal_0558,35,2022-07-12 01:11:18.204,3.5,0,1,startup,False,3.932871776213168,17.190355713905877,12
normal,18621,normal_0558,36,2022-07-12 01:11:18.304,3.6,0,1,startup,False,6.321364374767585,17.190355713905877,12
normal,18622,normal_0558,37,2022-07-12 01:11:18.404,3.7,0,1,startup,False,5.594056772545009,17.190355713905877,12
normal,18623,normal_0558,38,2022-07-12 01:11:18.504,3.8,0,1,startup,False,4.693891055459437,17.190355713905877,12
normal,18624,normal_0558,39,2022-07-12 01:11:18.604,3.9,0,1,startup,False,7.83106255867446,17.190355713905877,12
normal,18625,normal_0558,40,2022-07-12 01:11:18.704,4.0,0,1,startup,False,6.325828458716348,17.190355713905877,12
normal,18626,normal_0558,41,2022-07-12 01:11:18.804,4.1,0,1,startup,False,4.871267924732642,17.190355713905877,12
normal,18627,normal_0558,42,2022-07-12 01:11:18.904,4.2,0,1,startup,False,4.813779859882246,17.190355713905877,12
normal,18628,normal_0558,43,2022-07-12 01:11:19.004,4.3,0,1,startup,False,7.038241407070929,17.190355713905877,12
normal,18629,normal_0558,44,2022-07-12 01:11:19.104,4.4,0,1,startup,False,7.039649951732301,17.190355713905877,12
normal,18630,normal_0559,0,2022-07-12 01:11:22.827,0.0,0,1,startup,False,2.992688328155155,8.528429503027562,3
normal,18631,normal_0559,1,2022-07-12 01:11:22.927,0.1,0,1,startup,False,5.58589919301132,12.144759502448782,6
normal,18632,normal_0559,2,2022-07-12 01:11:23.027,0.2,0,1,startup,False,6.570935915313344,14.132739481471942,9
normal,18633,normal_0559,3,2022-07-12 01:11:23.127,0.3,0,1,startup,False,8.36056627171934,17.190355713905877,12
normal,18634,normal_0559,4,2022-07-12 01:11:23.227,0.4,0,1,startup,False,7.6250873671134904,17.190355713905877,12
normal,18635,normal_0559,5,2022-07-12 01:11:23.327,0.5,0,1,startup,False,6.645840704416364,17.190355713905877,12
normal,18636,normal_0559,6,2022-07-12 01:11:23.427,0.6,0,1,startup,False,7.350365250984419,17.190355713905877,12
normal,18637,normal_0559,7,2022-07-12 01:11:23.527,0.7,0,1,startup,False,6.962310543135101,17.190355713905877,12
normal,18638,normal_0559,8,2022-07-12 01:11:23.627,0.8,0,1,startup,False,6.644761253315521,17.190355713905877,12
normal,18639,normal_0559,9,2022-07-12 01:11:23.727,0.9,0,1,startup,False,7.318062736666375,17.190355713905877,12
normal,18640,normal_0559,10,2022-07-12 01:11:23.827,1.0,0,1,startup,False,7.5423683791941105,17.190355713905877,12
normal,18641,normal_0559,11,2022-07-12 01:11:23.927,1.1,0,1,startup,False,7.039077999595965,17.190355713905877,12
normal,18642,normal_0559,12,2022-07-12 01:11:24.027,1.2,0,1,startup,False,8.866410337164632,17.190355713905877,12
normal,18643,normal_0559,13,2022-07-12 01:11:24.127,1.3,0,1,startup,False,9.254075930494402,17.190355713905877,12
normal,18644,normal_0559,14,2022-07-12 01:11:24.227,1.4,0,1,startup,False,9.074754353748554,17.190355713905877,12
normal,18645,normal_0559,15,2022-07-12 01:11:24.327,1.5,0,1,startup,False,8.214997965104304,17.190355713905877,12
normal,18646,normal_0559,16,2022-07-12 01:11:24.427,1.6,0,1,startup,False,6.249892701677385,17.190355713905877,12
normal,18647,normal_0559,17,2022-07-12 01:11:24.527,1.7,0,1,startup,False,8.019717844197926,17.190355713905877,12
normal,18648,normal_0559,18,2022-07-12 01:11:24.627,1.8,0,1,startup,False,8.416020375637903,17.190355713905877,12
normal,18649,normal_0559,19,2022-07-12 01:11:24.727,1.9,0,1,startup,False,7.694613268741301,17.190355713905877,12
normal,18650,normal_0559,20,2022-07-12 01:11:24.827,2.0,0,1,startup,False,7.306528404242677,17.190355713905877,12
normal,18651,normal_0559,21,2022-07-12 01:11:24.927,2.1,0,1,startup,False,5.019762717539783,17.190355713905877,12
normal,18652,normal_0559,22,2022-07-12 01:11:25.027,2.2,0,1,startup,False,5.350319642503385,17.190355713905877,12
normal,18653,normal_0559,23,2022-07-12 01:11:25.127,2.3,0,1,startup,False,5.080230995986903,17.190355713905877,12
normal,18654,normal_0559,24,2022-07-12 01:11:25.227,2.4,0,1,startup,False,4.921889753319717,17.190355713905877,12
normal,18655,normal_0559,25,2022-07-12 01:11:25.327,2.5,0,1,startup,False,4.457233681827442,17.190355713905877,12
normal,18656,normal_0559,26,2022-07-12 01:11:25.427,2.6,0,1,startup,False,5.302853974630094,17.190355713905877,12
normal,18657,normal_0559,27,2022-07-12 01:11:25.527,2.7,0,1,startup,False,4.466977258791592,17.190355713905877,12
normal,18658,normal_0559,28,2022-07-12 01:11:25.627,2.8,0,1,startup,False,5.679064362816887,17.190355713905877,12
normal,18659,normal_0559,29,2022-07-12 01:11:25.727,2.9,0,1,startup,False,5.021007308919928,17.190355713905877,12
normal,18660,normal_0560,0,2022-07-12 01:11:30.788,0.0,0,1,startup,False,2.6831693590663046,8.528429503027562,3
normal,18661,normal_0560,1,2022-07-12 01:11:30.888,0.1,0,1,startup,False,3.902596558100819,12.144759502448782,6
normal,18662,normal_0560,2,2022-07-12 01:11:30.988,0.2,0,1,startup,False,4.226595849074425,14.132739481471942,9
normal,18663,normal_0560,3,2022-07-12 01:11:31.088,0.3,0,1,startup,False,6.321264477589957,17.190355713905877,12
normal,18664,normal_0560,4,2022-07-12 01:11:31.188,0.4,0,1,startup,False,6.62816902686396,17.190355713905877,12
normal,18665,normal_0560,5,2022-07-12 01:11:31.288,0.5,0,1,startup,False,5.096308659824285,17.190355713905877,12
normal,18666,normal_0560,6,2022-07-12 01:11:31.388,0.6,0,1,startup,False,4.4593617308289,17.190355713905877,12
normal,18667,normal_0560,7,2022-07-12 01:11:31.488,0.7,0,1,startup,False,5.530044913598314,17.190355713905877,12
normal,18668,normal_0560,8,2022-07-12 01:11:31.588,0.8,0,1,startup,False,6.001609458393253,17.190355713905877,12
normal,18669,normal_0560,9,2022-07-12 01:11:31.688,0.9,0,1,startup,False,5.220416337757346,17.190355713905877,12
normal,18670,normal_0560,10,2022-07-12 01:11:31.788,1.0,0,1,startup,False,7.147152083565183,17.190355713905877,12
normal,18671,normal_0560,11,2022-07-12 01:11:31.888,1.1,0,1,startup,False,4.785306927308774,17.190355713905877,12
normal,18672,normal_0560,12,2022-07-12 01:11:31.988,1.2,0,1,startup,False,4.531097228480669,17.190355713905877,12
normal,18673,normal_0560,13,2022-07-12 01:11:32.088,1.3,0,1,startup,False,3.662203742264314,17.190355713905877,12
normal,18674,normal_0560,14,2022-07-12 01:11:32.188,1.4,0,1,startup,False,4.678163769658849,17.190355713905877,12
normal,18675,normal_0560,15,2022-07-12 01:11:32.288,1.5,0,1,startup,False,4.7049560175157055,17.190355713905877,12
normal,18676,normal_0560,16,2022-07-12 01:11:32.388,1.6,0,1,startup,False,5.398193014978358,17.190355713905877,12
normal,18677,normal_0560,17,2022-07-12 01:11:32.488,1.7,0,1,startup,False,3.549273594983924,17.190355713905877,12
normal,18678,normal_0560,18,2022-07-12 01:11:32.588,1.8,0,1,startup,False,4.808906052652752,17.190355713905877,12
normal,18679,normal_0561,0,2022-07-12 01:11:38.853,0.0,0,1,startup,False,6.101614922101232,8.528429503027562,3
normal,18680,normal_0561,1,2022-07-12 01:11:38.953,0.1,0,1,startup,False,6.336758715718804,12.144759502448782,6
normal,18681,normal_0561,2,2022-07-12 01:11:39.053,0.2,0,1,startup,False,6.398455690112335,14.132739481471942,9
normal,18682,normal_0561,3,2022-07-12 01:11:39.153,0.3,0,1,startup,False,6.821740783218279,17.190355713905877,12
normal,18683,normal_0561,4,2022-07-12 01:11:39.253,0.4,0,1,startup,False,7.086926139622522,17.190355713905877,12
normal,18684,normal_0562,0,2022-07-12 01:11:47.790,0.0,0,1,startup,False,2.751729546251586,8.528429503027562,3
normal,18685,normal_0562,1,2022-07-12 01:11:47.890,0.1,0,1,startup,False,5.248811413928988,12.144759502448782,6
normal,18686,normal_0562,2,2022-07-12 01:11:47.990,0.2,0,1,startup,False,7.108376242714107,14.132739481471942,9
normal,18687,normal_0562,3,2022-07-12 01:11:48.090,0.3,0,1,startup,False,6.657246181351075,17.190355713905877,12
normal,18688,normal_0562,4,2022-07-12 01:11:48.190,0.4,0,1,startup,False,6.43189621767457,17.190355713905877,12
normal,18689,normal_0562,5,2022-07-12 01:11:48.290,0.5,0,1,startup,False,7.424334227873963,17.190355713905877,12
normal,18690,normal_0562,6,2022-07-12 01:11:48.390,0.6,0,1,startup,False,8.94128436649059,17.190355713905877,12
normal,18691,normal_0562,7,2022-07-12 01:11:48.490,0.7,0,1,startup,False,8.247889800574795,17.190355713905877,12
normal,18692,normal_0562,8,2022-07-12 01:11:48.590,0.8,0,1,startup,False,5.553762715396197,17.190355713905877,12
normal,18693,normal_0562,9,2022-07-12 01:11:48.690,0.9,0,1,startup,False,4.8173506191240785,17.190355713905877,12
normal,18694,normal_0562,10,2022-07-12 01:11:48.790,1.0,0,1,startup,False,4.680197466568086,17.190355713905877,12
normal,18695,normal_0562,11,2022-07-12 01:11:48.890,1.1,0,1,startup,False,4.424007317966856,17.190355713905877,12
normal,18696,normal_0562,12,2022-07-12 01:11:48.990,1.2,0,1,startup,False,4.230053785933024,17.190355713905877,12
normal,18697,normal_0562,13,2022-07-12 01:11:49.090,1.3,0,1,startup,False,5.006508347387966,17.190355713905877,12
normal,18698,normal_0562,14,2022-07-12 01:11:49.190,1.4,0,1,startup,False,6.099415846645835,17.190355713905877,12
normal,18699,normal_0562,15,2022-07-12 01:11:49.290,1.5,0,1,startup,False,7.82707138025433,17.190355713905877,12
normal,18700,normal_0562,16,2022-07-12 01:11:49.390,1.6,0,1,startup,False,5.206955640610141,17.190355713905877,12
normal,18701,normal_0562,17,2022-07-12 01:11:49.490,1.7,0,1,startup,False,5.303580236090485,17.190355713905877,12
normal,18702,normal_0562,18,2022-07-12 01:11:49.590,1.8,0,1,startup,False,4.6780230304403245,17.190355713905877,12
normal,18703,normal_0562,19,2022-07-12 01:11:49.690,1.9,0,1,startup,False,5.364048691984699,17.190355713905877,12
normal,18704,normal_0562,20,2022-07-12 01:11:49.790,2.0,0,1,startup,False,5.246533284457486,17.190355713905877,12
normal,18705,normal_0562,21,2022-07-12 01:11:49.890,2.1,0,1,startup,False,5.6376526568757965,17.190355713905877,12
normal,18706,normal_0562,22,2022-07-12 01:11:49.990,2.2,0,1,startup,False,6.65690148726529,17.190355713905877,12
normal,18707,normal_0562,23,2022-07-12 01:11:50.090,2.3,0,1,startup,False,10.128229759334758,17.190355713905877,12
normal,18708,normal_0562,24,2022-07-12 01:11:50.190,2.4,0,1,startup,False,8.752618251176738,17.190355713905877,12
normal,18709,normal_0562,25,2022-07-12 01:11:50.290,2.5,0,1,startup,False,7.6733051052781045,17.190355713905877,12
normal,18710,normal_0562,26,2022-07-12 01:11:50.390,2.6,0,1,startup,False,5.860180186194154,17.190355713905877,12
normal,18711,normal_0562,27,2022-07-12 01:11:50.490,2.7,0,1,startup,False,6.467834746734963,17.190355713905877,12
normal,18712,normal_0562,28,2022-07-12 01:11:50.590,2.8,0,1,startup,False,6.388173299216254,17.190355713905877,12
normal,18713,normal_0562,29,2022-07-12 01:11:50.690,2.9,0,1,startup,False,5.741021399146547,17.190355713905877,12
normal,18714,normal_0562,30,2022-07-12 01:11:50.790,3.0,0,1,startup,False,5.866804214032796,17.190355713905877,12
normal,18715,normal_0562,31,2022-07-12 01:11:50.890,3.1,0,1,startup,False,6.177244004936682,17.190355713905877,12
normal,18716,normal_0562,32,2022-07-12 01:11:50.990,3.2,0,1,startup,False,6.245910636203655,17.190355713905877,12
normal,18717,normal_0562,33,2022-07-12 01:11:51.090,3.3,0,1,startup,False,5.904311129952006,17.190355713905877,12
normal,18718,normal_0562,34,2022-07-12 01:11:51.190,3.4,0,1,startup,False,5.7543425410512254,17.190355713905877,12
normal,18719,normal_0562,35,2022-07-12 01:11:51.290,3.5,0,1,startup,False,5.2691114469694345,17.190355713905877,12
normal,18720,normal_0562,36,2022-07-12 01:11:51.390,3.6,0,1,startup,False,5.783498323916862,17.190355713905877,12
normal,18721,normal_0562,37,2022-07-12 01:11:51.490,3.7,0,1,startup,False,5.194342674409029,17.190355713905877,12
normal,18722,normal_0562,38,2022-07-12 01:11:51.590,3.8,0,1,startup,False,7.989000232277072,17.190355713905877,12
normal,18723,normal_0562,39,2022-07-12 01:11:51.690,3.9,0,1,startup,False,9.376357050189968,17.190355713905877,12
normal,18724,normal_0562,40,2022-07-12 01:11:51.790,4.0,0,1,startup,False,9.192493943068724,17.190355713905877,12
normal,18725,normal_0562,41,2022-07-12 01:11:51.890,4.1,0,1,startup,False,4.929331074574251,17.190355713905877,12
normal,18726,normal_0562,42,2022-07-12 01:11:51.990,4.2,0,1,startup,False,5.074452061064478,17.190355713905877,12
normal,18727,normal_0562,43,2022-07-12 01:11:52.090,4.3,0,1,startup,False,5.627367730844097,17.190355713905877,12
normal,18728,normal_0562,44,2022-07-12 01:11:52.190,4.4,0,1,startup,False,6.421261942032265,17.190355713905877,12
normal,18729,normal_0562,45,2022-07-12 01:11:52.290,4.5,0,1,startup,False,6.804381170803084,17.190355713905877,12
normal,18730,normal_0562,46,2022-07-12 01:11:52.390,4.6,0,1,startup,False,7.1555028600906505,17.190355713905877,12
normal,18731,normal_0562,47,2022-07-12 01:11:52.490,4.7,0,1,startup,False,7.756187699449353,17.190355713905877,12
normal,18732,normal_0562,48,2022-07-12 01:11:52.590,4.8,0,1,startup,False,7.45681453019857,17.190355713905877,12
normal,18733,normal_0562,49,2022-07-12 01:11:52.690,4.9,0,1,startup,False,6.956471310738848,17.190355713905877,12
normal,18734,normal_0563,0,2022-07-12 01:11:55.696,0.0,0,1,startup,False,3.6743890265201853,8.528429503027562,3
normal,18735,normal_0563,1,2022-07-12 01:11:55.796,0.1,0,1,startup,False,4.930135965651549,12.144759502448782,6
normal,18736,normal_0563,2,2022-07-12 01:11:55.896,0.2,0,1,startup,False,5.8603579696851815,14.132739481471942,9
normal,18737,normal_0563,3,2022-07-12 01:11:55.996,0.3,0,1,startup,False,10.082689398723039,17.190355713905877,12
normal,18738,normal_0563,4,2022-07-12 01:11:56.096,0.4,0,1,startup,False,10.53606661958435,17.190355713905877,12
normal,18739,normal_0563,5,2022-07-12 01:11:56.196,0.5,0,1,startup,False,7.334449214306784,17.190355713905877,12
normal,18740,normal_0563,6,2022-07-12 01:11:56.296,0.6,0,1,startup,False,6.143443822471134,17.190355713905877,12
normal,18741,normal_0563,7,2022-07-12 01:11:56.396,0.7,0,1,startup,False,6.988290111258382,17.190355713905877,12
normal,18742,normal_0563,8,2022-07-12 01:11:56.496,0.8,0,1,startup,False,7.6511191068276805,17.190355713905877,12
normal,18743,normal_0563,9,2022-07-12 01:11:56.596,0.9,0,1,startup,False,6.077324939710805,17.190355713905877,12
normal,18744,normal_0563,10,2022-07-12 01:11:56.696,1.0,0,1,startup,False,5.786166172359144,17.190355713905877,12
normal,18745,normal_0563,11,2022-07-12 01:11:56.796,1.1,0,1,startup,False,6.26402126455366,17.190355713905877,12
normal,18746,normal_0563,12,2022-07-12 01:11:56.896,1.2,0,1,startup,False,5.587601706268348,17.190355713905877,12
normal,18747,normal_0563,13,2022-07-12 01:11:56.996,1.3,0,1,startup,False,5.686434078628949,17.190355713905877,12
normal,18748,normal_0563,14,2022-07-12 01:11:57.096,1.4,0,1,startup,False,4.038205183727582,17.190355713905877,12
normal,18749,normal_0563,15,2022-07-12 01:11:57.196,1.5,0,1,startup,False,4.4812865808915845,17.190355713905877,12
normal,18750,normal_0563,16,2022-07-12 01:11:57.296,1.6,0,1,startup,False,4.504074035336092,17.190355713905877,12
normal,18751,normal_0563,17,2022-07-12 01:11:57.396,1.7,0,1,startup,False,4.5408188810117345,17.190355713905877,12
normal,18752,normal_0563,18,2022-07-12 01:11:57.496,1.8,0,1,startup,False,4.008820157807779,17.190355713905877,12
normal,18753,normal_0563,19,2022-07-12 01:11:57.596,1.9,0,1,startup,False,5.597379506232022,17.190355713905877,12
normal,18754,normal_0563,20,2022-07-12 01:11:57.696,2.0,0,1,startup,False,6.904077181924664,17.190355713905877,12
normal,18755,normal_0563,21,2022-07-12 01:11:57.796,2.1,0,1,startup,False,7.773703811631039,17.190355713905877,12
normal,18756,normal_0563,22,2022-07-12 01:11:57.896,2.2,0,1,startup,False,5.558792931374492,17.190355713905877,12
normal,18757,normal_0563,23,2022-07-12 01:11:57.996,2.3,0,1,startup,False,5.010957444765757,17.190355713905877,12
normal,18758,normal_0563,24,2022-07-12 01:11:58.096,2.4,0,1,startup,False,4.438647269496704,17.190355713905877,12
normal,18759,normal_0563,25,2022-07-12 01:11:58.196,2.5,0,1,startup,False,4.625414035759493,17.190355713905877,12
normal,18760,normal_0563,26,2022-07-12 01:11:58.296,2.6,0,1,startup,False,6.28182613337214,17.190355713905877,12
normal,18761,normal_0563,27,2022-07-12 01:11:58.396,2.7,0,1,startup,False,9.02232285162113,17.190355713905877,12
normal,18762,normal_0563,28,2022-07-12 01:11:58.496,2.8,0,1,startup,False,7.825172260375363,17.190355713905877,12
normal,18763,normal_0563,29,2022-07-12 01:11:58.596,2.9,0,1,startup,False,8.384798138802987,17.190355713905877,12
normal,18764,normal_0563,30,2022-07-12 01:11:58.696,3.0,0,1,startup,False,6.695233996015174,17.190355713905877,12
normal,18765,normal_0563,31,2022-07-12 01:11:58.796,3.1,0,1,startup,False,5.7049390582980415,17.190355713905877,12
normal,18766,normal_0563,32,2022-07-12 01:11:58.896,3.2,0,1,startup,False,5.116019471979394,17.190355713905877,12
normal,18767,normal_0563,33,2022-07-12 01:11:58.996,3.3,0,1,startup,False,7.52701871806768,17.190355713905877,12
normal,18768,normal_0563,34,2022-07-12 01:11:59.096,3.4,0,1,startup,False,6.694065905425662,17.190355713905877,12
normal,18769,normal_0563,35,2022-07-12 01:11:59.196,3.5,0,1,startup,False,5.813205076325627,17.190355713905877,12
normal,18770,normal_0563,36,2022-07-12 01:11:59.296,3.6,0,1,startup,False,6.989534912752933,17.190355713905877,12
normal,18771,normal_0563,37,2022-07-12 01:11:59.396,3.7,0,1,startup,False,7.458292845325854,17.190355713905877,12
normal,18772,normal_0563,38,2022-07-12 01:11:59.496,3.8,0,1,startup,False,7.5196720496281335,17.190355713905877,12
normal,18773,normal_0563,39,2022-07-12 01:11:59.596,3.9,0,1,startup,False,5.036682113096686,17.190355713905877,12
normal,18774,normal_0563,40,2022-07-12 01:11:59.696,4.0,0,1,startup,False,4.949177387741745,17.190355713905877,12
normal,18775,normal_0563,41,2022-07-12 01:11:59.796,4.1,0,1,startup,False,4.136192860636387,17.190355713905877,12
normal,18776,normal_0563,42,2022-07-12 01:11:59.896,4.2,0,1,startup,False,4.309642558985188,17.190355713905877,12
normal,18777,normal_0563,43,2022-07-12 01:11:59.996,4.3,0,1,startup,False,3.645678427522946,17.190355713905877,12
normal,18778,normal_0563,44,2022-07-12 01:12:00.096,4.4,0,1,startup,False,7.496634363285803,17.190355713905877,12
normal,18779,normal_0563,45,2022-07-12 01:12:00.196,4.5,0,1,startup,False,5.985696706787281,17.190355713905877,12
normal,18780,normal_0563,46,2022-07-12 01:12:00.296,4.6,0,1,startup,False,7.068635462315729,17.190355713905877,12
normal,18781,normal_0563,47,2022-07-12 01:12:00.396,4.7,0,1,startup,False,4.774752753872695,17.190355713905877,12
normal,18782,normal_0563,48,2022-07-12 01:12:00.496,4.8,0,1,startup,False,6.428309037507534,17.190355713905877,12
normal,18783,normal_0563,49,2022-07-12 01:12:00.596,4.9,0,1,startup,False,7.517789066242409,17.190355713905877,12
normal,18784,normal_0564,0,2022-07-12 01:12:03.184,0.0,0,1,startup,False,2.844528023150877,8.528429503027562,3
normal,18785,normal_0564,1,2022-07-12 01:12:03.284,0.1,0,1,startup,False,5.608508163140249,12.144759502448782,6
normal,18786,normal_0564,2,2022-07-12 01:12:03.384,0.2,0,1,startup,False,8.16895182790604,14.132739481471942,9
normal,18787,normal_0564,3,2022-07-12 01:12:03.484,0.3,0,1,startup,False,6.8941004109892825,17.190355713905877,12
normal,18788,normal_0564,4,2022-07-12 01:12:03.584,0.4,0,1,startup,False,12.708054993960591,17.190355713905877,12
normal,18789,normal_0564,5,2022-07-12 01:12:03.684,0.5,0,1,startup,False,12.95812538412381,17.190355713905877,12
normal,18790,normal_0564,6,2022-07-12 01:12:03.784,0.6,0,1,startup,False,15.312994353680736,17.190355713905877,12
normal,18791,normal_0564,7,2022-07-12 01:12:03.884,0.7,0,1,startup,False,11.763457119784892,17.190355713905877,12
normal,18792,normal_0564,8,2022-07-12 01:12:03.984,0.8,0,1,startup,False,12.820674687452492,17.190355713905877,12
normal,18793,normal_0564,9,2022-07-12 01:12:04.084,0.9,0,1,startup,False,13.942691713484308,17.190355713905877,12
normal,18794,normal_0564,10,2022-07-12 01:12:04.184,1.0,0,1,startup,False,10.994230137385717,17.190355713905877,12
normal,18795,normal_0564,11,2022-07-12 01:12:04.284,1.1,0,1,startup,False,9.065100496323193,17.190355713905877,12
normal,18796,normal_0564,12,2022-07-12 01:12:04.384,1.2,0,1,startup,False,10.40802234417385,17.190355713905877,12
normal,18797,normal_0564,13,2022-07-12 01:12:04.484,1.3,0,1,startup,False,9.08447020348655,17.190355713905877,12
normal,18798,normal_0564,14,2022-07-12 01:12:04.584,1.4,0,1,startup,False,12.813204611361702,17.190355713905877,12
normal,18799,normal_0564,15,2022-07-12 01:12:04.684,1.5,0,1,startup,False,10.052509032255507,17.190355713905877,12
normal,18800,normal_0564,16,2022-07-12 01:12:04.784,1.6,0,1,startup,False,7.480027565924596,17.190355713905877,12
normal,18801,normal_0564,17,2022-07-12 01:12:04.884,1.7,0,1,startup,False,5.564941219826176,17.190355713905877,12
normal,18802,normal_0564,18,2022-07-12 01:12:04.984,1.8,0,1,startup,False,5.443024248899264,17.190355713905877,12
normal,18803,normal_0564,19,2022-07-12 01:12:05.084,1.9,0,1,startup,False,5.98499406922217,17.190355713905877,12
normal,18804,normal_0564,20,2022-07-12 01:12:05.184,2.0,0,1,startup,False,6.9123079816612885,17.190355713905877,12
normal,18805,normal_0564,21,2022-07-12 01:12:05.284,2.1,0,1,startup,False,6.0421744639324855,17.190355713905877,12
normal,18806,normal_0564,22,2022-07-12 01:12:05.384,2.2,0,1,startup,False,8.49861915976954,17.190355713905877,12
normal,18807,normal_0564,23,2022-07-12 01:12:05.484,2.3,0,1,startup,False,8.95499213218383,17.190355713905877,12
normal,18808,normal_0564,24,2022-07-12 01:12:05.584,2.4,0,1,startup,False,5.9047824429516655,17.190355713905877,12
normal,18809,normal_0564,25,2022-07-12 01:12:05.684,2.5,0,1,startup,False,6.293485184830459,17.190355713905877,12
normal,18810,normal_0564,26,2022-07-12 01:12:05.784,2.6,0,1,startup,False,6.281026396662635,17.190355713905877,12
normal,18811,normal_0564,27,2022-07-12 01:12:05.884,2.7,0,1,startup,False,5.712787435047279,17.190355713905877,12
normal,18812,normal_0564,28,2022-07-12 01:12:05.984,2.8,0,1,startup,False,5.500698874991904,17.190355713905877,12
normal,18813,normal_0564,29,2022-07-12 01:12:06.084,2.9,0,1,startup,False,6.448565474420974,17.190355713905877,12
normal,18814,normal_0564,30,2022-07-12 01:12:06.184,3.0,0,1,startup,False,5.981858140139849,17.190355713905877,12
normal,18815,normal_0564,31,2022-07-12 01:12:06.284,3.1,0,1,startup,False,8.306519447287652,17.190355713905877,12
normal,18816,normal_0564,32,2022-07-12 01:12:06.384,3.2,0,1,startup,False,7.7395163735702885,17.190355713905877,12
normal,18817,normal_0564,33,2022-07-12 01:12:06.484,3.3,0,1,startup,False,7.590651570618917,17.190355713905877,12
normal,18818,normal_0564,34,2022-07-12 01:12:06.584,3.4,0,1,startup,False,6.286773090084689,17.190355713905877,12
normal,18819,normal_0564,35,2022-07-12 01:12:06.684,3.5,0,1,startup,False,7.5995170313497065,17.190355713905877,12
normal,18820,normal_0564,36,2022-07-12 01:12:06.784,3.6,0,1,startup,False,11.81520502330249,17.190355713905877,12
normal,18821,normal_0564,37,2022-07-12 01:12:06.884,3.7,0,1,startup,False,13.749789778821915,17.190355713905877,12
normal,18822,normal_0564,38,2022-07-12 01:12:06.984,3.8,0,1,startup,False,13.707687720511831,17.190355713905877,12
normal,18823,normal_0564,39,2022-07-12 01:12:07.084,3.9,0,1,startup,False,16.534001410636336,17.190355713905877,12
normal,18824,normal_0564,40,2022-07-12 01:12:07.184,4.0,0,1,startup,False,14.262831030914038,17.190355713905877,12
normal,18825,normal_0564,41,2022-07-12 01:12:07.284,4.1,0,1,startup,False,10.417075516559812,17.190355713905877,12
normal,18826,normal_0564,42,2022-07-12 01:12:07.384,4.2,0,1,startup,False,6.833445104477249,17.190355713905877,12
normal,18827,normal_0564,43,2022-07-12 01:12:07.484,4.3,0,1,startup,False,7.834811788452843,17.190355713905877,12
normal,18828,normal_0565,0,2022-07-12 01:12:11.247,0.0,0,1,startup,False,4.86425383279888,8.528429503027562,3
normal,18829,normal_0565,1,2022-07-12 01:12:11.347,0.1,0,1,startup,False,7.697511427349756,12.144759502448782,6
normal,18830,normal_0565,2,2022-07-12 01:12:11.447,0.2,0,1,startup,False,8.242176026008218,14.132739481471942,9
normal,18831,normal_0565,3,2022-07-12 01:12:11.547,0.3,0,1,startup,False,7.31789911132813,17.190355713905877,12
normal,18832,normal_0565,4,2022-07-12 01:12:11.647,0.4,0,1,startup,False,6.853705422912198,17.190355713905877,12
normal,18833,normal_0565,5,2022-07-12 01:12:11.747,0.5,0,1,startup,False,6.589110804758215,17.190355713905877,12
normal,18834,normal_0565,6,2022-07-12 01:12:11.847,0.6,0,1,startup,False,6.751991855383397,17.190355713905877,12
normal,18835,normal_0565,7,2022-07-12 01:12:11.947,0.7,0,1,startup,False,6.29081965647541,17.190355713905877,12
normal,18836,normal_0565,8,2022-07-12 01:12:12.047,0.8,0,1,startup,False,10.793474629366717,17.190355713905877,12
normal,18837,normal_0565,9,2022-07-12 01:12:12.147,0.9,0,1,startup,False,10.262047720176112,17.190355713905877,12
normal,18838,normal_0565,10,2022-07-12 01:12:12.247,1.0,0,1,startup,False,6.824332469024039,17.190355713905877,12
normal,18839,normal_0565,11,2022-07-12 01:12:12.347,1.1,0,1,startup,False,6.9567690576476275,17.190355713905877,12
normal,18840,normal_0565,12,2022-07-12 01:12:12.447,1.2,0,1,startup,False,6.111780865128519,17.190355713905877,12
normal,18841,normal_0565,13,2022-07-12 01:12:12.547,1.3,0,1,startup,False,6.873023653237372,17.190355713905877,12
normal,18842,normal_0565,14,2022-07-12 01:12:12.647,1.4,0,1,startup,False,7.047781829839529,17.190355713905877,12
normal,18843,normal_0565,15,2022-07-12 01:12:12.747,1.5,0,1,startup,False,8.318874323692723,17.190355713905877,12
normal,18844,normal_0565,16,2022-07-12 01:12:12.847,1.6,0,1,startup,False,8.679745692705392,17.190355713905877,12
normal,18845,normal_0565,17,2022-07-12 01:12:12.947,1.7,0,1,startup,False,11.255060065761484,17.190355713905877,12
normal,18846,normal_0565,18,2022-07-12 01:12:13.047,1.8,0,1,startup,False,7.1526461426567165,17.190355713905877,12
normal,18847,normal_0565,19,2022-07-12 01:12:13.147,1.9,0,1,startup,False,9.841380770796663,17.190355713905877,12
normal,18848,normal_0565,20,2022-07-12 01:12:13.247,2.0,0,1,startup,False,6.796050298948059,17.190355713905877,12
normal,18849,normal_0565,21,2022-07-12 01:12:13.347,2.1,0,1,startup,False,6.469737144865672,17.190355713905877,12
normal,18850,normal_0565,22,2022-07-12 01:12:13.447,2.2,0,1,startup,False,7.173218289277084,17.190355713905877,12
normal,18851,normal_0565,23,2022-07-12 01:12:13.547,2.3,0,1,startup,False,7.929336474218483,17.190355713905877,12
normal,18852,normal_0565,24,2022-07-12 01:12:13.647,2.4,0,1,startup,False,7.812345635687441,17.190355713905877,12
normal,18853,normal_0565,25,2022-07-12 01:12:13.747,2.5,0,1,startup,False,9.506326907325578,17.190355713905877,12
normal,18854,normal_0565,26,2022-07-12 01:12:13.847,2.6,0,1,startup,False,8.125061971143987,17.190355713905877,12
normal,18855,normal_0565,27,2022-07-12 01:12:13.947,2.7,0,1,startup,False,7.43666081403069,17.190355713905877,12
normal,18856,normal_0565,28,2022-07-12 01:12:14.047,2.8,0,1,startup,False,6.497573067924053,17.190355713905877,12
normal,18857,normal_0565,29,2022-07-12 01:12:14.147,2.9,0,1,startup,False,7.210559571677089,17.190355713905877,12
normal,18858,normal_0566,0,2022-07-12 01:12:19.195,0.0,0,1,startup,False,4.842332574523678,8.528429503027562,3
normal,18859,normal_0566,1,2022-07-12 01:12:19.295,0.1,0,1,startup,False,6.296648684442034,12.144759502448782,6
normal,18860,normal_0566,2,2022-07-12 01:12:19.395,0.2,0,1,startup,False,6.929869011808962,14.132739481471942,9
normal,18861,normal_0566,3,2022-07-12 01:12:19.495,0.3,0,1,startup,False,5.462413311962285,17.190355713905877,12
normal,18862,normal_0566,4,2022-07-12 01:12:19.595,0.4,0,1,startup,False,6.874301995288063,17.190355713905877,12
normal,18863,normal_0566,5,2022-07-12 01:12:19.695,0.5,0,1,startup,False,5.96278974484419,17.190355713905877,12
normal,18864,normal_0566,6,2022-07-12 01:12:19.795,0.6,0,1,startup,False,7.092320983273302,17.190355713905877,12
normal,18865,normal_0566,7,2022-07-12 01:12:19.895,0.7,0,1,startup,False,6.324298846587694,17.190355713905877,12
normal,18866,normal_0566,8,2022-07-12 01:12:19.995,0.8,0,1,startup,False,5.361305426833913,17.190355713905877,12
normal,18867,normal_0566,9,2022-07-12 01:12:20.095,0.9,0,1,startup,False,5.430852149968236,17.190355713905877,12
normal,18868,normal_0566,10,2022-07-12 01:12:20.195,1.0,0,1,startup,False,5.421021927675738,17.190355713905877,12
normal,18869,normal_0566,11,2022-07-12 01:12:20.295,1.1,0,1,startup,False,6.50604790505155,17.190355713905877,12
normal,18870,normal_0566,12,2022-07-12 01:12:20.395,1.2,0,1,startup,False,7.096046578628676,17.190355713905877,12
normal,18871,normal_0566,13,2022-07-12 01:12:20.495,1.3,0,1,startup,False,8.350550859179986,17.190355713905877,12
normal,18872,normal_0566,14,2022-07-12 01:12:20.595,1.4,0,1,startup,False,9.25538733828052,17.190355713905877,12
normal,18873,normal_0566,15,2022-07-12 01:12:20.695,1.5,0,1,startup,False,7.000828379899143,17.190355713905877,12
normal,18874,normal_0566,16,2022-07-12 01:12:20.795,1.6,0,1,startup,False,6.030306066941828,17.190355713905877,12
normal,18875,normal_0566,17,2022-07-12 01:12:20.895,1.7,0,1,startup,False,5.45866463506797,17.190355713905877,12
normal,18876,normal_0567,0,2022-07-12 01:12:27.208,0.0,0,1,startup,False,4.327638927636315,8.528429503027562,3
normal,18877,normal_0567,1,2022-07-12 01:12:27.308,0.1,0,1,startup,False,8.60144665668791,12.144759502448782,6
normal,18878,normal_0567,2,2022-07-12 01:12:27.408,0.2,0,1,startup,False,7.535465773345621,14.132739481471942,9
normal,18879,normal_0567,3,2022-07-12 01:12:27.508,0.3,0,1,startup,False,9.202293480167754,17.190355713905877,12
normal,18880,normal_0568,0,2022-07-12 01:12:29.385,0.0,0,1,startup,False,5.826198759579354,8.528429503027562,3
normal,18881,normal_0568,1,2022-07-12 01:12:29.485,0.1,0,1,startup,False,8.201822287089417,12.144759502448782,6
normal,18882,normal_0568,2,2022-07-12 01:12:29.585,0.2,0,1,startup,False,6.76810466828177,14.132739481471942,9
normal,18883,normal_0568,3,2022-07-12 01:12:29.685,0.3,0,1,startup,False,6.9717089225457,17.190355713905877,12
normal,18884,normal_0568,4,2022-07-12 01:12:29.785,0.4,0,1,startup,False,7.333004925811739,17.190355713905877,12
normal,18885,normal_0568,5,2022-07-12 01:12:29.885,0.5,0,1,startup,False,6.064288116395076,17.190355713905877,12
normal,18886,normal_0568,6,2022-07-12 01:12:29.985,0.6,0,1,startup,False,6.449223588745633,17.190355713905877,12
normal,18887,normal_0568,7,2022-07-12 01:12:30.085,0.7,0,1,startup,False,7.318944554771381,17.190355713905877,12
normal,18888,normal_0568,8,2022-07-12 01:12:30.185,0.8,0,1,startup,False,7.456427350952016,17.190355713905877,12
normal,18889,normal_0568,9,2022-07-12 01:12:30.285,0.9,0,1,startup,False,9.361748061004576,17.190355713905877,12
normal,18890,normal_0568,10,2022-07-12 01:12:30.385,1.0,0,1,startup,False,10.608189262110624,17.190355713905877,12
normal,18891,normal_0568,11,2022-07-12 01:12:30.485,1.1,0,1,startup,False,11.963162883963186,17.190355713905877,12
normal,18892,normal_0568,12,2022-07-12 01:12:30.585,1.2,0,1,startup,False,7.188767255036572,17.190355713905877,12
normal,18893,normal_0568,13,2022-07-12 01:12:30.685,1.3,0,1,startup,False,9.520406241056756,17.190355713905877,12
normal,18894,normal_0568,14,2022-07-12 01:12:30.785,1.4,0,1,startup,False,9.849484706262983,17.190355713905877,12
normal,18895,normal_0568,15,2022-07-12 01:12:30.885,1.5,0,1,startup,False,7.2909502872308645,17.190355713905877,12
normal,18896,normal_0568,16,2022-07-12 01:12:30.985,1.6,0,1,startup,False,8.427109481730602,17.190355713905877,12
normal,18897,normal_0568,17,2022-07-12 01:12:31.085,1.7,0,1,startup,False,10.304717923992635,17.190355713905877,12
normal,18898,normal_0568,18,2022-07-12 01:12:31.185,1.8,0,1,startup,False,12.284149567548798,17.190355713905877,12
normal,18899,normal_0568,19,2022-07-12 01:12:31.285,1.9,0,1,startup,False,7.528808918414461,17.190355713905877,12
normal,18900,normal_0568,20,2022-07-12 01:12:31.385,2.0,0,1,startup,False,8.414665163479569,17.190355713905877,12
normal,18901,normal_0568,21,2022-07-12 01:12:31.485,2.1,0,1,startup,False,11.227242494639603,17.190355713905877,12
normal,18902,normal_0568,22,2022-07-12 01:12:31.585,2.2,0,1,startup,False,8.593434188913093,17.190355713905877,12
normal,18903,normal_0568,23,2022-07-12 01:12:31.685,2.3,0,1,startup,False,7.679744628090665,17.190355713905877,12
normal,18904,normal_0568,24,2022-07-12 01:12:31.785,2.4,0,1,startup,False,8.823785168404738,17.190355713905877,12
normal,18905,normal_0568,25,2022-07-12 01:12:31.885,2.5,0,1,startup,False,8.152237378439096,17.190355713905877,12
normal,18906,normal_0568,26,2022-07-12 01:12:31.985,2.6,0,1,startup,False,8.330781508424856,17.190355713905877,12
normal,18907,normal_0568,27,2022-07-12 01:12:32.085,2.7,0,1,startup,False,9.030787620952944,17.190355713905877,12
normal,18908,normal_0568,28,2022-07-12 01:12:32.185,2.8,0,1,startup,False,9.044580432606802,17.190355713905877,12
normal,18909,normal_0568,29,2022-07-12 01:12:32.285,2.9,0,1,startup,False,7.618179751632841,17.190355713905877,12
normal,18910,normal_0568,30,2022-07-12 01:12:32.385,3.0,0,1,startup,False,7.220544264081278,17.190355713905877,12
normal,18911,normal_0568,31,2022-07-12 01:12:32.485,3.1,0,1,startup,False,7.377710774954321,17.190355713905877,12
normal,18912,normal_0568,32,2022-07-12 01:12:32.585,3.2,0,1,startup,False,6.010304446447569,17.190355713905877,12
normal,18913,normal_0568,33,2022-07-12 01:12:32.685,3.3,0,1,startup,False,7.278725898982633,17.190355713905877,12
normal,18914,normal_0568,34,2022-07-12 01:12:32.785,3.4,0,1,startup,False,9.119487449082813,17.190355713905877,12
normal,18915,normal_0568,35,2022-07-12 01:12:32.885,3.5,0,1,startup,False,9.33412635522795,17.190355713905877,12
normal,18916,normal_0568,36,2022-07-12 01:12:32.985,3.6,0,1,startup,False,7.968780675515764,17.190355713905877,12
normal,18917,normal_0568,37,2022-07-12 01:12:33.085,3.7,0,1,startup,False,8.960225027101622,17.190355713905877,12
normal,18918,normal_0568,38,2022-07-12 01:12:33.185,3.8,0,1,startup,False,9.743702532144246,17.190355713905877,12
normal,18919,normal_0568,39,2022-07-12 01:12:33.285,3.9,0,1,startup,False,7.210485978615064,17.190355713905877,12
normal,18920,normal_0568,40,2022-07-12 01:12:33.385,4.0,0,1,startup,False,8.59935722311783,17.190355713905877,12
normal,18921,normal_0568,41,2022-07-12 01:12:33.485,4.1,0,1,startup,False,8.281784851405076,17.190355713905877,12
normal,18922,normal_0568,42,2022-07-12 01:12:33.585,4.2,0,1,startup,False,8.91253023569329,17.190355713905877,12
normal,18923,normal_0568,43,2022-07-12 01:12:33.685,4.3,0,1,startup,False,10.087518411663549,17.190355713905877,12
normal,18924,normal_0568,44,2022-07-12 01:12:33.785,4.4,0,1,startup,False,9.440757618976534,17.190355713905877,12
normal,18925,normal_0568,45,2022-07-12 01:12:33.885,4.5,0,1,startup,False,8.035590043656914,17.190355713905877,12
normal,18926,normal_0568,46,2022-07-12 01:12:33.985,4.6,0,1,startup,False,8.893098907315961,17.190355713905877,12
normal,18927,normal_0568,47,2022-07-12 01:12:34.085,4.7,0,1,startup,False,6.495212796913252,17.190355713905877,12
normal,18928,normal_0568,48,2022-07-12 01:12:34.185,4.8,0,1,startup,False,8.288364020343126,17.190355713905877,12
normal,18929,normal_0568,49,2022-07-12 01:12:34.285,4.9,0,1,startup,False,9.128192773519158,17.190355713905877,12
normal,18930,normal_0569,0,2022-07-12 01:12:36.055,0.0,0,1,startup,False,3.1271890929378636,8.528429503027562,3
normal,18931,normal_0569,1,2022-07-12 01:12:36.155,0.1,0,1,startup,False,4.818871351057526,12.144759502448782,6
normal,18932,normal_0569,2,2022-07-12 01:12:36.255,0.2,0,1,startup,False,4.349536232358872,14.132739481471942,9
normal,18933,normal_0569,3,2022-07-12 01:12:36.355,0.3,0,1,startup,False,3.589466546483883,17.190355713905877,12
normal,18934,normal_0569,4,2022-07-12 01:12:36.455,0.4,0,1,startup,False,4.056388651942401,17.190355713905877,12
normal,18935,normal_0569,5,2022-07-12 01:12:36.555,0.5,0,1,startup,False,4.4611473261501144,17.190355713905877,12
normal,18936,normal_0569,6,2022-07-12 01:12:36.655,0.6,0,1,startup,False,4.274928067452913,17.190355713905877,12
normal,18937,normal_0569,7,2022-07-12 01:12:36.755,0.7,0,1,startup,False,4.335632010148504,17.190355713905877,12
normal,18938,normal_0569,8,2022-07-12 01:12:36.855,0.8,0,1,startup,False,4.62908301329716,17.190355713905877,12
normal,18939,normal_0569,9,2022-07-12 01:12:36.955,0.9,0,1,startup,False,5.2050020352050685,17.190355713905877,12
normal,18940,normal_0569,10,2022-07-12 01:12:37.055,1.0,0,1,startup,False,4.626456300910932,17.190355713905877,12
normal,18941,normal_0569,11,2022-07-12 01:12:37.155,1.1,0,1,startup,False,4.786238555491023,17.190355713905877,12
normal,18942,normal_0569,12,2022-07-12 01:12:37.255,1.2,0,1,startup,False,3.7891505244230324,17.190355713905877,12
normal,18943,normal_0569,13,2022-07-12 01:12:37.355,1.3,0,1,startup,False,4.89338739497254,17.190355713905877,12
normal,18944,normal_0569,14,2022-07-12 01:12:37.455,1.4,0,1,startup,False,5.201214499297629,17.190355713905877,12
normal,18945,normal_0569,15,2022-07-12 01:12:37.555,1.5,0,1,startup,False,4.6221277711550695,17.190355713905877,12
normal,18946,normal_0569,16,2022-07-12 01:12:37.655,1.6,0,1,startup,False,6.820453625433291,17.190355713905877,12
normal,18947,normal_0569,17,2022-07-12 01:12:37.755,1.7,0,1,startup,False,9.241387526431856,17.190355713905877,12
normal,18948,normal_0569,18,2022-07-12 01:12:37.855,1.8,0,1,startup,False,7.567379249576132,17.190355713905877,12
normal,18949,normal_0569,19,2022-07-12 01:12:37.955,1.9,0,1,startup,False,5.93410104271962,17.190355713905877,12
normal,18950,normal_0569,20,2022-07-12 01:12:38.055,2.0,0,1,startup,False,6.878327727307059,17.190355713905877,12
normal,18951,normal_0569,21,2022-07-12 01:12:38.155,2.1,0,1,startup,False,5.830322595355205,17.190355713905877,12
normal,18952,normal_0569,22,2022-07-12 01:12:38.255,2.2,0,1,startup,False,5.383095849479597,17.190355713905877,12
normal,18953,normal_0569,23,2022-07-12 01:12:38.355,2.3,0,1,startup,False,6.029586755821409,17.190355713905877,12
normal,18954,normal_0569,24,2022-07-12 01:12:38.455,2.4,0,1,startup,False,6.037214367207379,17.190355713905877,12
normal,18955,normal_0569,25,2022-07-12 01:12:38.555,2.5,0,1,startup,False,5.578570869591282,17.190355713905877,12
normal,18956,normal_0569,26,2022-07-12 01:12:38.655,2.6,0,1,startup,False,6.188275263490315,17.190355713905877,12
normal,18957,normal_0569,27,2022-07-12 01:12:38.755,2.7,0,1,startup,False,6.033327740279474,17.190355713905877,12
normal,18958,normal_0569,28,2022-07-12 01:12:38.855,2.8,0,1,startup,False,5.564793752029088,17.190355713905877,12
normal,18959,normal_0569,29,2022-07-12 01:12:38.955,2.9,0,1,startup,False,4.435108247702845,17.190355713905877,12
normal,18960,normal_0569,30,2022-07-12 01:12:39.055,3.0,0,1,startup,False,5.09168193621609,17.190355713905877,12
normal,18961,normal_0569,31,2022-07-12 01:12:39.155,3.1,0,1,startup,False,3.900941734996309,17.190355713905877,12
normal,18962,normal_0569,32,2022-07-12 01:12:39.255,3.2,0,1,startup,False,4.612513950881452,17.190355713905877,12
normal,18963,normal_0569,33,2022-07-12 01:12:39.355,3.3,0,1,startup,False,5.297512994805236,17.190355713905877,12
normal,18964,normal_0569,34,2022-07-12 01:12:39.455,3.4,0,1,startup,False,6.947719921704664,17.190355713905877,12
normal,18965,normal_0569,35,2022-07-12 01:12:39.555,3.5,0,1,startup,False,5.5530954302880025,17.190355713905877,12
normal,18966,normal_0569,36,2022-07-12 01:12:39.655,3.6,0,1,startup,False,4.44032338446829,17.190355713905877,12
normal,18967,normal_0569,37,2022-07-12 01:12:39.755,3.7,0,1,startup,False,4.490899716068248,17.190355713905877,12
normal,18968,normal_0569,38,2022-07-12 01:12:39.855,3.8,0,1,startup,False,4.172791195883036,17.190355713905877,12
normal,18969,normal_0569,39,2022-07-12 01:12:39.955,3.9,0,1,startup,False,4.447061629103966,17.190355713905877,12
normal,18970,normal_0569,40,2022-07-12 01:12:40.055,4.0,0,1,startup,False,4.3628433979597,17.190355713905877,12
normal,18971,normal_0569,41,2022-07-12 01:12:40.155,4.1,0,1,startup,False,4.931226600558456,17.190355713905877,12
normal,18972,normal_0569,42,2022-07-12 01:12:40.255,4.2,0,1,startup,False,6.555948116267248,17.190355713905877,12
normal,18973,normal_0569,43,2022-07-12 01:12:40.355,4.3,0,1,startup,False,6.721537675785239,17.190355713905877,12
normal,18974,normal_0569,44,2022-07-12 01:12:40.455,4.4,0,1,startup,False,5.546292787766473,17.190355713905877,12
normal,18975,normal_0569,45,2022-07-12 01:12:40.555,4.5,0,1,startup,False,6.480436588871467,17.190355713905877,12
normal,18976,normal_0569,46,2022-07-12 01:12:40.655,4.6,0,1,startup,False,6.951659765228632,17.190355713905877,12
normal,18977,normal_0569,47,2022-07-12 01:12:40.755,4.7,0,1,startup,False,6.0380711210914715,17.190355713905877,12
normal,18978,normal_0569,48,2022-07-12 01:12:40.855,4.8,0,1,startup,False,6.040791978168406,17.190355713905877,12
normal,18979,normal_0569,49,2022-07-12 01:12:40.955,4.9,0,1,startup,False,4.912288615877406,17.190355713905877,12
normal,18980,normal_0570,0,2022-07-12 01:12:43.312,0.0,0,1,startup,False,7.062317044554113,8.528429503027562,3
normal,18981,normal_0570,1,2022-07-12 01:12:43.412,0.1,0,1,startup,False,10.468989384995606,12.144759502448782,6
normal,18982,normal_0570,2,2022-07-12 01:12:43.512,0.2,0,1,startup,True,14.590951818942038,14.132739481471942,9
normal,18983,normal_0570,3,2022-07-12 01:12:43.612,0.3,0,1,startup,False,13.80866074090877,17.190355713905877,12
normal,18984,normal_0570,4,2022-07-12 01:12:43.712,0.4,0,1,startup,False,11.941865845171888,17.190355713905877,12
normal,18985,normal_0570,5,2022-07-12 01:12:43.812,0.5,0,1,startup,False,15.193427322899456,17.190355713905877,12
normal,18986,normal_0570,6,2022-07-12 01:12:43.912,0.6,0,1,startup,True,18.47841445639,17.190355713905877,12
normal,18987,normal_0570,7,2022-07-12 01:12:44.012,0.7,0,1,startup,True,36.6084085901124,17.190355713905877,12
normal,18988,normal_0570,8,2022-07-12 01:12:44.112,0.8,0,1,startup,True,26.951074986459574,17.190355713905877,12
normal,18989,normal_0570,9,2022-07-12 01:12:44.212,0.9,0,1,startup,True,19.825168596482985,17.190355713905877,12
normal,18990,normal_0570,10,2022-07-12 01:12:44.312,1.0,0,1,startup,True,24.84749490228584,17.190355713905877,12
normal,18991,normal_0570,11,2022-07-12 01:12:44.412,1.1,0,1,startup,True,30.306489482577295,17.190355713905877,12
normal,18992,normal_0570,12,2022-07-12 01:12:44.512,1.2,0,1,startup,True,33.54773272788283,17.190355713905877,12
normal,18993,normal_0570,13,2022-07-12 01:12:44.612,1.3,0,1,startup,True,22.72074882924621,17.190355713905877,12
normal,18994,normal_0570,14,2022-07-12 01:12:44.712,1.4,0,1,startup,False,16.865292208969578,17.190355713905877,12
normal,18995,normal_0570,15,2022-07-12 01:12:44.812,1.5,0,1,startup,False,8.129536498280672,17.190355713905877,12
normal,18996,normal_0570,16,2022-07-12 01:12:44.912,1.6,0,1,startup,False,13.50072150279612,17.190355713905877,12
normal,18997,normal_0570,17,2022-07-12 01:12:45.012,1.7,0,1,startup,False,13.002093452227337,17.190355713905877,12
normal,18998,normal_0570,18,2022-07-12 01:12:45.112,1.8,0,1,startup,False,6.773129443308744,17.190355713905877,12
normal,18999,normal_0570,19,2022-07-12 01:12:45.212,1.9,0,1,startup,False,8.990507869798343,17.190355713905877,12
normal,19000,normal_0570,20,2022-07-12 01:12:45.312,2.0,0,1,startup,True,18.95817467232846,17.190355713905877,12
normal,19001,normal_0570,21,2022-07-12 01:12:45.412,2.1,0,1,startup,True,28.4353088943627,17.190355713905877,12
normal,19002,normal_0570,22,2022-07-12 01:12:45.512,2.2,0,1,startup,True,18.194792824279805,17.190355713905877,12
normal,19003,normal_0570,23,2022-07-12 01:12:45.612,2.3,0,1,startup,True,20.415458342814134,17.190355713905877,12
normal,19004,normal_0570,24,2022-07-12 01:12:45.712,2.4,0,1,startup,False,14.190789760255434,17.190355713905877,12
normal,19005,normal_0570,25,2022-07-12 01:12:45.812,2.5,0,1,startup,False,9.961013761662874,17.190355713905877,12
normal,19006,normal_0570,26,2022-07-12 01:12:45.912,2.6,0,1,startup,False,8.811105755001508,17.190355713905877,12
normal,19007,normal_0570,27,2022-07-12 01:12:46.012,2.7,0,1,startup,False,10.445502728373434,17.190355713905877,12
normal,19008,normal_0570,28,2022-07-12 01:12:46.112,2.8,0,1,startup,False,8.016545377677753,17.190355713905877,12
normal,19009,normal_0570,29,2022-07-12 01:12:46.212,2.9,0,1,startup,False,7.797530480451829,17.190355713905877,12
normal,19010,normal_0570,30,2022-07-12 01:12:46.312,3.0,0,1,startup,False,6.9306813813968215,17.190355713905877,12
normal,19011,normal_0570,31,2022-07-12 01:12:46.412,3.1,0,1,startup,False,11.009484033814442,17.190355713905877,12
normal,19012,normal_0570,32,2022-07-12 01:12:46.512,3.2,0,1,startup,False,12.879091430985955,17.190355713905877,12
normal,19013,normal_0570,33,2022-07-12 01:12:46.612,3.3,0,1,startup,False,9.39807274345615,17.190355713905877,12
normal,19014,normal_0570,34,2022-07-12 01:12:46.712,3.4,0,1,startup,False,10.526690583322946,17.190355713905877,12
normal,19015,normal_0570,35,2022-07-12 01:12:46.812,3.5,0,1,startup,False,9.596040595309839,17.190355713905877,12
normal,19016,normal_0570,36,2022-07-12 01:12:46.912,3.6,0,1,startup,False,5.658728814971786,17.190355713905877,12
normal,19017,normal_0570,37,2022-07-12 01:12:47.012,3.7,0,1,startup,False,10.888379415739458,17.190355713905877,12
normal,19018,normal_0570,38,2022-07-12 01:12:47.112,3.8,0,1,startup,False,14.157420621018671,17.190355713905877,12
normal,19019,normal_0570,39,2022-07-12 01:12:47.212,3.9,0,1,startup,False,11.752925752424542,17.190355713905877,12
normal,19020,normal_0570,40,2022-07-12 01:12:47.312,4.0,0,1,startup,False,15.479196225375526,17.190355713905877,12
normal,19021,normal_0570,41,2022-07-12 01:12:47.412,4.1,0,1,startup,False,14.27788245737942,17.190355713905877,12
normal,19022,normal_0570,42,2022-07-12 01:12:47.512,4.2,0,1,startup,False,12.868414259109993,17.190355713905877,12
normal,19023,normal_0570,43,2022-07-12 01:12:47.612,4.3,0,1,startup,False,14.045793899728004,17.190355713905877,12
normal,19024,normal_0571,0,2022-07-12 01:12:51.468,0.0,0,1,startup,False,3.152875354139941,8.528429503027562,3
normal,19025,normal_0571,1,2022-07-12 01:12:51.568,0.1,0,1,startup,False,5.907199550028469,12.144759502448782,6
normal,19026,normal_0571,2,2022-07-12 01:12:51.668,0.2,0,1,startup,False,7.418755057753532,14.132739481471942,9
normal,19027,normal_0571,3,2022-07-12 01:12:51.768,0.3,0,1,startup,False,7.048442982428241,17.190355713905877,12
normal,19028,normal_0571,4,2022-07-12 01:12:51.868,0.4,0,1,startup,False,5.568714261815675,17.190355713905877,12
normal,19029,normal_0571,5,2022-07-12 01:12:51.968,0.5,0,1,startup,False,5.449576516074231,17.190355713905877,12
normal,19030,normal_0571,6,2022-07-12 01:12:52.068,0.6,0,1,startup,False,5.237806968595593,17.190355713905877,12
normal,19031,normal_0571,7,2022-07-12 01:12:52.168,0.7,0,1,startup,False,4.668834787571288,17.190355713905877,12
normal,19032,normal_0571,8,2022-07-12 01:12:52.268,0.8,0,1,startup,False,5.666607144847439,17.190355713905877,12
normal,19033,normal_0571,9,2022-07-12 01:12:52.368,0.9,0,1,startup,False,4.793632137940612,17.190355713905877,12
normal,19034,normal_0571,10,2022-07-12 01:12:52.468,1.0,0,1,startup,False,4.887319686095459,17.190355713905877,12
normal,19035,normal_0571,11,2022-07-12 01:12:52.568,1.1,0,1,startup,False,4.98075608568296,17.190355713905877,12
normal,19036,normal_0571,12,2022-07-12 01:12:52.668,1.2,0,1,startup,False,5.426891334607049,17.190355713905877,12
normal,19037,normal_0571,13,2022-07-12 01:12:52.768,1.3,0,1,startup,False,7.2332928315606555,17.190355713905877,12
normal,19038,normal_0571,14,2022-07-12 01:12:52.868,1.4,0,1,startup,False,7.7431913343216054,17.190355713905877,12
normal,19039,normal_0571,15,2022-07-12 01:12:52.968,1.5,0,1,startup,False,4.736629123383766,17.190355713905877,12
normal,19040,normal_0571,16,2022-07-12 01:12:53.068,1.6,0,1,startup,False,4.659901142131085,17.190355713905877,12
normal,19041,normal_0571,17,2022-07-12 01:12:53.168,1.7,0,1,startup,False,4.839393659054241,17.190355713905877,12
normal,19042,normal_0571,18,2022-07-12 01:12:53.268,1.8,0,1,startup,False,4.002069976903401,17.190355713905877,12
normal,19043,normal_0571,19,2022-07-12 01:12:53.368,1.9,0,1,startup,False,5.086406541325008,17.190355713905877,12
normal,19044,normal_0571,20,2022-07-12 01:12:53.468,2.0,0,1,startup,False,6.289117564215087,17.190355713905877,12
normal,19045,normal_0571,21,2022-07-12 01:12:53.568,2.1,0,1,startup,False,7.338147466918485,17.190355713905877,12
normal,19046,normal_0571,22,2022-07-12 01:12:53.668,2.2,0,1,startup,False,6.975423866793204,17.190355713905877,12
normal,19047,normal_0571,23,2022-07-12 01:12:53.768,2.3,0,1,startup,False,5.353431714275709,17.190355713905877,12
normal,19048,normal_0571,24,2022-07-12 01:12:53.868,2.4,0,1,startup,False,8.352608071687982,17.190355713905877,12
normal,19049,normal_0571,25,2022-07-12 01:12:53.968,2.5,0,1,startup,False,4.254468543449418,17.190355713905877,12
normal,19050,normal_0571,26,2022-07-12 01:12:54.068,2.6,0,1,startup,False,4.934843626104408,17.190355713905877,12
normal,19051,normal_0571,27,2022-07-12 01:12:54.168,2.7,0,1,startup,False,4.546194682259033,17.190355713905877,12
normal,19052,normal_0571,28,2022-07-12 01:12:54.268,2.8,0,1,startup,False,4.315831300150999,17.190355713905877,12
normal,19053,normal_0571,29,2022-07-12 01:12:54.368,2.9,0,1,startup,False,4.572625871477104,17.190355713905877,12
normal,19054,normal_0571,30,2022-07-12 01:12:54.468,3.0,0,1,startup,False,7.137024598361286,17.190355713905877,12
normal,19055,normal_0571,31,2022-07-12 01:12:54.568,3.1,0,1,startup,False,5.873563971503111,17.190355713905877,12
normal,19056,normal_0571,32,2022-07-12 01:12:54.668,3.2,0,1,startup,False,5.433593211748452,17.190355713905877,12
normal,19057,normal_0571,33,2022-07-12 01:12:54.768,3.3,0,1,startup,False,4.171375396287028,17.190355713905877,12
normal,19058,normal_0571,34,2022-07-12 01:12:54.868,3.4,0,1,startup,False,3.881732794393696,17.190355713905877,12
normal,19059,normal_0571,35,2022-07-12 01:12:54.968,3.5,0,1,startup,False,4.039435916328355,17.190355713905877,12
normal,19060,normal_0571,36,2022-07-12 01:12:55.068,3.6,0,1,startup,False,3.8630437079361846,17.190355713905877,12
normal,19061,normal_0571,37,2022-07-12 01:12:55.168,3.7,0,1,startup,False,4.820652372760841,17.190355713905877,12
normal,19062,normal_0571,38,2022-07-12 01:12:55.268,3.8,0,1,startup,False,6.799992468097484,17.190355713905877,12
normal,19063,normal_0571,39,2022-07-12 01:12:55.368,3.9,0,1,startup,False,10.1587624981135,17.190355713905877,12
normal,19064,normal_0571,40,2022-07-12 01:12:55.468,4.0,0,1,startup,False,9.142821098577018,17.190355713905877,12
normal,19065,normal_0571,41,2022-07-12 01:12:55.568,4.1,0,1,startup,False,8.75306566906483,17.190355713905877,12
normal,19066,normal_0572,0,2022-07-12 01:12:59.519,0.0,0,1,startup,False,5.135821261019025,8.528429503027562,3
normal,19067,normal_0572,1,2022-07-12 01:12:59.619,0.1,0,1,startup,False,7.3826493992292,12.144759502448782,6
normal,19068,normal_0572,2,2022-07-12 01:12:59.719,0.2,0,1,startup,False,8.111074693033302,14.132739481471942,9
normal,19069,normal_0572,3,2022-07-12 01:12:59.819,0.3,0,1,startup,False,8.706318090011207,17.190355713905877,12
normal,19070,normal_0572,4,2022-07-12 01:12:59.919,0.4,0,1,startup,False,8.245651539065799,17.190355713905877,12
normal,19071,normal_0572,5,2022-07-12 01:13:00.019,0.5,0,1,startup,False,9.78290911288231,17.190355713905877,12
normal,19072,normal_0572,6,2022-07-12 01:13:00.119,0.6,0,1,startup,False,8.294554120387653,17.190355713905877,12
normal,19073,normal_0572,7,2022-07-12 01:13:00.219,0.7,0,1,startup,False,11.43683741393679,17.190355713905877,12
normal,19074,normal_0572,8,2022-07-12 01:13:00.319,0.8,0,1,startup,False,7.871319465717127,17.190355713905877,12
normal,19075,normal_0572,9,2022-07-12 01:13:00.419,0.9,0,1,startup,False,7.894864199640131,17.190355713905877,12
normal,19076,normal_0572,10,2022-07-12 01:13:00.519,1.0,0,1,startup,False,6.81731900683586,17.190355713905877,12
normal,19077,normal_0572,11,2022-07-12 01:13:00.619,1.1,0,1,startup,False,7.136140353215526,17.190355713905877,12
normal,19078,normal_0572,12,2022-07-12 01:13:00.719,1.2,0,1,startup,False,7.580396848012474,17.190355713905877,12
normal,19079,normal_0572,13,2022-07-12 01:13:00.819,1.3,0,1,startup,False,8.46684382043403,17.190355713905877,12
normal,19080,normal_0572,14,2022-07-12 01:13:00.919,1.4,0,1,startup,False,7.599306173193871,17.190355713905877,12
normal,19081,normal_0572,15,2022-07-12 01:13:01.019,1.5,0,1,startup,False,13.211129953251842,17.190355713905877,12
normal,19082,normal_0572,16,2022-07-12 01:13:01.119,1.6,0,1,startup,False,11.970498904215999,17.190355713905877,12
normal,19083,normal_0572,17,2022-07-12 01:13:01.219,1.7,0,1,startup,False,11.848093746181792,17.190355713905877,12
normal,19084,normal_0572,18,2022-07-12 01:13:01.319,1.8,0,1,startup,False,11.898659070555931,17.190355713905877,12
normal,19085,normal_0572,19,2022-07-12 01:13:01.419,1.9,0,1,startup,False,9.652901079776596,17.190355713905877,12
normal,19086,normal_0572,20,2022-07-12 01:13:01.519,2.0,0,1,startup,False,10.38718765306807,17.190355713905877,12
normal,19087,normal_0572,21,2022-07-12 01:13:01.619,2.1,0,1,startup,False,10.094225819335833,17.190355713905877,12
normal,19088,normal_0572,22,2022-07-12 01:13:01.719,2.2,0,1,startup,False,11.26136346966677,17.190355713905877,12
normal,19089,normal_0572,23,2022-07-12 01:13:01.819,2.3,0,1,startup,False,9.494704421504622,17.190355713905877,12
normal,19090,normal_0572,24,2022-07-12 01:13:01.919,2.4,0,1,startup,False,9.888831315252071,17.190355713905877,12
normal,19091,normal_0572,25,2022-07-12 01:13:02.019,2.5,0,1,startup,False,9.245727791044363,17.190355713905877,12
normal,19092,normal_0572,26,2022-07-12 01:13:02.119,2.6,0,1,startup,False,8.426688290605759,17.190355713905877,12
normal,19093,normal_0572,27,2022-07-12 01:13:02.219,2.7,0,1,startup,False,8.543475314824569,17.190355713905877,12
normal,19094,normal_0572,28,2022-07-12 01:13:02.319,2.8,0,1,startup,False,9.430579089211749,17.190355713905877,12
normal,19095,normal_0572,29,2022-07-12 01:13:02.419,2.9,0,1,startup,False,8.97063529166301,17.190355713905877,12
normal,19096,normal_0573,0,2022-07-12 01:13:07.457,0.0,0,1,startup,False,3.0909418056477094,8.528429503027562,3
normal,19097,normal_0573,1,2022-07-12 01:13:07.557,0.1,0,1,startup,False,7.109657434591223,12.144759502448782,6
normal,19098,normal_0573,2,2022-07-12 01:13:07.657,0.2,0,1,startup,False,7.349553868656152,14.132739481471942,9
normal,19099,normal_0573,3,2022-07-12 01:13:07.757,0.3,0,1,startup,False,12.644324049209954,17.190355713905877,12
normal,19100,normal_0573,4,2022-07-12 01:13:07.857,0.4,0,1,startup,False,10.245300672633782,17.190355713905877,12
normal,19101,normal_0573,5,2022-07-12 01:13:07.957,0.5,0,1,startup,False,10.496754391214168,17.190355713905877,12
normal,19102,normal_0573,6,2022-07-12 01:13:08.057,0.6,0,1,startup,False,8.008035911673156,17.190355713905877,12
normal,19103,normal_0573,7,2022-07-12 01:13:08.157,0.7,0,1,startup,False,8.234026055489682,17.190355713905877,12
normal,19104,normal_0573,8,2022-07-12 01:13:08.257,0.8,0,1,startup,False,9.043411670167352,17.190355713905877,12
normal,19105,normal_0573,9,2022-07-12 01:13:08.357,0.9,0,1,startup,False,8.683737498140584,17.190355713905877,12
normal,19106,normal_0573,10,2022-07-12 01:13:08.457,1.0,0,1,startup,False,10.22399988821155,17.190355713905877,12
normal,19107,normal_0573,11,2022-07-12 01:13:08.557,1.1,0,1,startup,False,10.629183323725925,17.190355713905877,12
normal,19108,normal_0573,12,2022-07-12 01:13:08.657,1.2,0,1,startup,False,7.881396212012329,17.190355713905877,12
normal,19109,normal_0573,13,2022-07-12 01:13:08.757,1.3,0,1,startup,False,8.221868013959218,17.190355713905877,12
normal,19110,normal_0573,14,2022-07-12 01:13:08.857,1.4,0,1,startup,False,8.4543747055768,17.190355713905877,12
normal,19111,normal_0573,15,2022-07-12 01:13:08.957,1.5,0,1,startup,False,7.726025186903391,17.190355713905877,12
normal,19112,normal_0573,16,2022-07-12 01:13:09.057,1.6,0,1,startup,False,7.840145224053474,17.190355713905877,12
normal,19113,normal_0573,17,2022-07-12 01:13:09.157,1.7,0,1,startup,False,8.887173846400492,17.190355713905877,12
normal,19114,normal_0573,18,2022-07-12 01:13:09.257,1.8,0,1,startup,False,9.224228059181648,17.190355713905877,12
normal,19115,normal_0573,19,2022-07-12 01:13:09.357,1.9,0,1,startup,False,12.16798794703407,17.190355713905877,12
normal,19116,normal_0574,0,2022-07-12 01:13:15.417,0.0,0,1,startup,False,2.981189819318537,8.528429503027562,3
normal,19117,normal_0574,1,2022-07-12 01:13:15.517,0.1,0,1,startup,False,4.834783725136634,12.144759502448782,6
normal,19118,normal_0574,2,2022-07-12 01:13:15.617,0.2,0,1,startup,False,5.454222436015536,14.132739481471942,9
normal,19119,normal_0574,3,2022-07-12 01:13:15.717,0.3,0,1,startup,False,4.857962162427075,17.190355713905877,12
normal,19120,normal_0574,4,2022-07-12 01:13:15.817,0.4,0,1,startup,False,5.248607050451722,17.190355713905877,12
normal,19121,normal_0574,5,2022-07-12 01:13:15.917,0.5,0,1,startup,False,5.434267762201242,17.190355713905877,12
normal,19122,normal_0574,6,2022-07-12 01:13:16.017,0.6,0,1,startup,False,7.036375126657605,17.190355713905877,12
normal,19123,normal_0574,7,2022-07-12 01:13:16.117,0.7,0,1,startup,False,7.27803222390251,17.190355713905877,12
normal,19124,normal_0575,0,2022-07-12 01:13:24.740,0.0,0,1,startup,False,3.642327292554776,8.528429503027562,3
normal,19125,normal_0575,1,2022-07-12 01:13:24.840,0.1,0,1,startup,False,7.812080760514309,12.144759502448782,6
normal,19126,normal_0575,2,2022-07-12 01:13:24.940,0.2,0,1,startup,False,6.327396372652997,14.132739481471942,9
normal,19127,normal_0575,3,2022-07-12 01:13:25.040,0.3,0,1,startup,False,6.982941789113676,17.190355713905877,12
normal,19128,normal_0575,4,2022-07-12 01:13:25.140,0.4,0,1,startup,False,9.210222996921368,17.190355713905877,12
normal,19129,normal_0575,5,2022-07-12 01:13:25.240,0.5,0,1,startup,False,10.364346304042932,17.190355713905877,12
normal,19130,normal_0575,6,2022-07-12 01:13:25.340,0.6,0,1,startup,False,10.859922485833767,17.190355713905877,12
normal,19131,normal_0575,7,2022-07-12 01:13:25.440,0.7,0,1,startup,False,7.5491343874925905,17.190355713905877,12
normal,19132,normal_0575,8,2022-07-12 01:13:25.540,0.8,0,1,startup,False,7.759430411973745,17.190355713905877,12
normal,19133,normal_0575,9,2022-07-12 01:13:25.640,0.9,0,1,startup,False,7.399915584689928,17.190355713905877,12
normal,19134,normal_0575,10,2022-07-12 01:13:25.740,1.0,0,1,startup,False,7.285060566407269,17.190355713905877,12
normal,19135,normal_0575,11,2022-07-12 01:13:25.840,1.1,0,1,startup,False,6.7978663199550455,17.190355713905877,12
normal,19136,normal_0575,12,2022-07-12 01:13:25.940,1.2,0,1,startup,False,8.084357019243434,17.190355713905877,12
normal,19137,normal_0575,13,2022-07-12 01:13:26.040,1.3,0,1,startup,False,6.799788850858957,17.190355713905877,12
normal,19138,normal_0575,14,2022-07-12 01:13:26.140,1.4,0,1,startup,False,6.2507384844997675,17.190355713905877,12
normal,19139,normal_0575,15,2022-07-12 01:13:26.240,1.5,0,1,startup,False,7.106336229940692,17.190355713905877,12
normal,19140,normal_0575,16,2022-07-12 01:13:26.340,1.6,0,1,startup,False,7.389954057588505,17.190355713905877,12
normal,19141,normal_0575,17,2022-07-12 01:13:26.440,1.7,0,1,startup,False,4.997099097981535,17.190355713905877,12
normal,19142,normal_0575,18,2022-07-12 01:13:26.540,1.8,0,1,startup,False,6.04734236396604,17.190355713905877,12
normal,19143,normal_0575,19,2022-07-12 01:13:26.640,1.9,0,1,startup,False,5.66987647653122,17.190355713905877,12
normal,19144,normal_0575,20,2022-07-12 01:13:26.740,2.0,0,1,startup,False,5.33702972016564,17.190355713905877,12
normal,19145,normal_0575,21,2022-07-12 01:13:26.840,2.1,0,1,startup,False,7.195602720052514,17.190355713905877,12
normal,19146,normal_0575,22,2022-07-12 01:13:26.940,2.2,0,1,startup,False,9.04735930798602,17.190355713905877,12
normal,19147,normal_0575,23,2022-07-12 01:13:27.040,2.3,0,1,startup,False,10.009815082401804,17.190355713905877,12
normal,19148,normal_0575,24,2022-07-12 01:13:27.140,2.4,0,1,startup,False,5.831601709933004,17.190355713905877,12
normal,19149,normal_0575,25,2022-07-12 01:13:27.240,2.5,0,1,startup,False,5.212007783569133,17.190355713905877,12
normal,19150,normal_0575,26,2022-07-12 01:13:27.340,2.6,0,1,startup,False,5.815504935830143,17.190355713905877,12
normal,19151,normal_0575,27,2022-07-12 01:13:27.440,2.7,0,1,startup,False,5.775829904217286,17.190355713905877,12
normal,19152,normal_0575,28,2022-07-12 01:13:27.540,2.8,0,1,startup,False,6.195777166248304,17.190355713905877,12
normal,19153,normal_0575,29,2022-07-12 01:13:27.640,2.9,0,1,startup,False,9.284959973245268,17.190355713905877,12
normal,19154,normal_0575,30,2022-07-12 01:13:27.740,3.0,0,1,startup,False,9.134092481973678,17.190355713905877,12
normal,19155,normal_0575,31,2022-07-12 01:13:27.840,3.1,0,1,startup,False,6.709888725632426,17.190355713905877,12
normal,19156,normal_0575,32,2022-07-12 01:13:27.940,3.2,0,1,startup,False,5.905240104478057,17.190355713905877,12
normal,19157,normal_0575,33,2022-07-12 01:13:28.040,3.3,0,1,startup,False,7.500284412325184,17.190355713905877,12
normal,19158,normal_0575,34,2022-07-12 01:13:28.140,3.4,0,1,startup,False,5.822824231257117,17.190355713905877,12
normal,19159,normal_0575,35,2022-07-12 01:13:28.240,3.5,0,1,startup,False,7.334659650485448,17.190355713905877,12
normal,19160,normal_0575,36,2022-07-12 01:13:28.340,3.6,0,1,startup,False,6.885520962458406,17.190355713905877,12
normal,19161,normal_0575,37,2022-07-12 01:13:28.440,3.7,0,1,startup,False,8.90365862133446,17.190355713905877,12
normal,19162,normal_0575,38,2022-07-12 01:13:28.540,3.8,0,1,startup,False,8.511652000076323,17.190355713905877,12
normal,19163,normal_0575,39,2022-07-12 01:13:28.640,3.9,0,1,startup,False,9.949024307670742,17.190355713905877,12
normal,19164,normal_0575,40,2022-07-12 01:13:28.740,4.0,0,1,startup,False,10.785806180034273,17.190355713905877,12
normal,19165,normal_0575,41,2022-07-12 01:13:28.840,4.1,0,1,startup,False,6.659305911728034,17.190355713905877,12
normal,19166,normal_0575,42,2022-07-12 01:13:28.940,4.2,0,1,startup,False,5.128717821042631,17.190355713905877,12
normal,19167,normal_0575,43,2022-07-12 01:13:29.040,4.3,0,1,startup,False,6.268610329634702,17.190355713905877,12
normal,19168,normal_0575,44,2022-07-12 01:13:29.140,4.4,0,1,startup,False,7.794244802164777,17.190355713905877,12
normal,19169,normal_0575,45,2022-07-12 01:13:29.240,4.5,0,1,startup,False,6.9570816668627815,17.190355713905877,12
normal,19170,normal_0575,46,2022-07-12 01:13:29.340,4.6,0,1,startup,False,8.74723839595129,17.190355713905877,12
normal,19171,normal_0575,47,2022-07-12 01:13:29.440,4.7,0,1,startup,False,9.180577172192825,17.190355713905877,12
normal,19172,normal_0575,48,2022-07-12 01:13:29.540,4.8,0,1,startup,False,10.415645492912745,17.190355713905877,12
normal,19173,normal_0575,49,2022-07-12 01:13:29.640,4.9,0,1,startup,False,6.5467169007275565,17.190355713905877,12
normal,19174,normal_0576,0,2022-07-12 01:13:32.840,0.0,0,1,startup,False,3.6097747350954057,8.528429503027562,3
normal,19175,normal_0576,1,2022-07-12 01:13:32.940,0.1,0,1,startup,False,9.77806075898932,12.144759502448782,6
normal,19176,normal_0576,2,2022-07-12 01:13:33.040,0.2,0,1,startup,False,10.054771863074143,14.132739481471942,9
normal,19177,normal_0576,3,2022-07-12 01:13:33.140,0.3,0,1,startup,False,12.203899379064435,17.190355713905877,12
normal,19178,normal_0576,4,2022-07-12 01:13:33.240,0.4,0,1,startup,False,9.981175676001012,17.190355713905877,12
normal,19179,normal_0576,5,2022-07-12 01:13:33.340,0.5,0,1,startup,False,11.718342430770072,17.190355713905877,12
normal,19180,normal_0576,6,2022-07-12 01:13:33.440,0.6,0,1,startup,False,11.088425530473508,17.190355713905877,12
normal,19181,normal_0576,7,2022-07-12 01:13:33.540,0.7,0,1,startup,False,8.677187368794687,17.190355713905877,12
normal,19182,normal_0576,8,2022-07-12 01:13:33.640,0.8,0,1,startup,False,9.830466052866788,17.190355713905877,12
normal,19183,normal_0576,9,2022-07-12 01:13:33.740,0.9,0,1,startup,False,6.287179268046146,17.190355713905877,12
normal,19184,normal_0576,10,2022-07-12 01:13:33.840,1.0,0,1,startup,False,7.5363561401147,17.190355713905877,12
normal,19185,normal_0576,11,2022-07-12 01:13:33.940,1.1,0,1,startup,False,8.578411301078786,17.190355713905877,12
normal,19186,normal_0576,12,2022-07-12 01:13:34.040,1.2,0,1,startup,False,7.764939217224622,17.190355713905877,12
normal,19187,normal_0576,13,2022-07-12 01:13:34.140,1.3,0,1,startup,False,12.981694131710887,17.190355713905877,12
normal,19188,normal_0576,14,2022-07-12 01:13:34.240,1.4,0,1,startup,False,12.439538033266457,17.190355713905877,12
normal,19189,normal_0576,15,2022-07-12 01:13:34.340,1.5,0,1,startup,False,8.594598547246756,17.190355713905877,12
normal,19190,normal_0576,16,2022-07-12 01:13:34.440,1.6,0,1,startup,False,10.571245003315335,17.190355713905877,12
normal,19191,normal_0576,17,2022-07-12 01:13:34.540,1.7,0,1,startup,False,9.99232786671405,17.190355713905877,12
normal,19192,normal_0576,18,2022-07-12 01:13:34.640,1.8,0,1,startup,False,9.293853322420201,17.190355713905877,12
normal,19193,normal_0576,19,2022-07-12 01:13:34.740,1.9,0,1,startup,False,12.018457984528993,17.190355713905877,12
normal,19194,normal_0576,20,2022-07-12 01:13:34.840,2.0,0,1,startup,False,13.678393186830954,17.190355713905877,12
normal,19195,normal_0576,21,2022-07-12 01:13:34.940,2.1,0,1,startup,False,12.238439061827396,17.190355713905877,12
normal,19196,normal_0576,22,2022-07-12 01:13:35.040,2.2,0,1,startup,False,15.309442299083077,17.190355713905877,12
normal,19197,normal_0576,23,2022-07-12 01:13:35.140,2.3,0,1,startup,False,12.088010470609293,17.190355713905877,12
normal,19198,normal_0576,24,2022-07-12 01:13:35.240,2.4,0,1,startup,False,12.564991435964988,17.190355713905877,12
normal,19199,normal_0576,25,2022-07-12 01:13:35.340,2.5,0,1,startup,False,13.695639135779205,17.190355713905877,12
normal,19200,normal_0576,26,2022-07-12 01:13:35.440,2.6,0,1,startup,False,13.79816406814723,17.190355713905877,12
normal,19201,normal_0576,27,2022-07-12 01:13:35.540,2.7,0,1,startup,False,14.759985545046968,17.190355713905877,12
normal,19202,normal_0576,28,2022-07-12 01:13:35.640,2.8,0,1,startup,False,8.027555553116898,17.190355713905877,12
normal,19203,normal_0576,29,2022-07-12 01:13:35.740,2.9,0,1,startup,False,10.200363425015786,17.190355713905877,12
normal,19204,normal_0576,30,2022-07-12 01:13:35.840,3.0,0,1,startup,False,9.611055950301338,17.190355713905877,12
normal,19205,normal_0576,31,2022-07-12 01:13:35.940,3.1,0,1,startup,False,9.995222466218408,17.190355713905877,12
normal,19206,normal_0576,32,2022-07-12 01:13:36.040,3.2,0,1,startup,False,7.960478550799125,17.190355713905877,12
normal,19207,normal_0576,33,2022-07-12 01:13:36.140,3.3,0,1,startup,False,10.505673159671089,17.190355713905877,12
normal,19208,normal_0576,34,2022-07-12 01:13:36.240,3.4,0,1,startup,False,8.406910348791637,17.190355713905877,12
normal,19209,normal_0576,35,2022-07-12 01:13:36.340,3.5,0,1,startup,False,9.289465942984592,17.190355713905877,12
normal,19210,normal_0576,36,2022-07-12 01:13:36.440,3.6,0,1,startup,False,8.148952814192288,17.190355713905877,12
normal,19211,normal_0576,37,2022-07-12 01:13:36.540,3.7,0,1,startup,False,7.303168009049055,17.190355713905877,12
normal,19212,normal_0576,38,2022-07-12 01:13:36.640,3.8,0,1,startup,False,7.98603465980049,17.190355713905877,12
normal,19213,normal_0576,39,2022-07-12 01:13:36.740,3.9,0,1,startup,False,9.121177402326753,17.190355713905877,12
normal,19214,normal_0576,40,2022-07-12 01:13:36.840,4.0,0,1,startup,False,8.261432878673952,17.190355713905877,12
normal,19215,normal_0576,41,2022-07-12 01:13:36.940,4.1,0,1,startup,False,12.250662049299043,17.190355713905877,12
normal,19216,normal_0576,42,2022-07-12 01:13:37.040,4.2,0,1,startup,False,9.368628977516801,17.190355713905877,12
normal,19217,normal_0576,43,2022-07-12 01:13:37.140,4.3,0,1,startup,False,6.994298240937193,17.190355713905877,12
normal,19218,normal_0576,44,2022-07-12 01:13:37.240,4.4,0,1,startup,False,12.83004216213032,17.190355713905877,12
normal,19219,normal_0576,45,2022-07-12 01:13:37.340,4.5,0,1,startup,False,12.239614353555757,17.190355713905877,12
normal,19220,normal_0576,46,2022-07-12 01:13:37.440,4.6,0,1,startup,False,11.605577812990708,17.190355713905877,12
normal,19221,normal_0576,47,2022-07-12 01:13:37.540,4.7,0,1,startup,False,16.68487282301494,17.190355713905877,12
normal,19222,normal_0576,48,2022-07-12 01:13:37.640,4.8,0,1,startup,False,13.98842935427195,17.190355713905877,12
normal,19223,normal_0576,49,2022-07-12 01:13:37.740,4.9,0,1,startup,False,11.76471601579985,17.190355713905877,12
normal,19224,normal_0577,0,2022-07-12 01:13:39.456,0.0,0,1,startup,False,3.3607685154708817,8.528429503027562,3
normal,19225,normal_0577,1,2022-07-12 01:13:39.556,0.1,0,1,startup,False,6.406908355149625,12.144759502448782,6
normal,19226,normal_0577,2,2022-07-12 01:13:39.656,0.2,0,1,startup,False,7.15126116002481,14.132739481471942,9
normal,19227,normal_0577,3,2022-07-12 01:13:39.756,0.3,0,1,startup,False,8.560330990828827,17.190355713905877,12
normal,19228,normal_0577,4,2022-07-12 01:13:39.856,0.4,0,1,startup,False,7.188851920261031,17.190355713905877,12
normal,19229,normal_0577,5,2022-07-12 01:13:39.956,0.5,0,1,startup,False,7.766048813878389,17.190355713905877,12
normal,19230,normal_0577,6,2022-07-12 01:13:40.056,0.6,0,1,startup,False,8.267558185956267,17.190355713905877,12
normal,19231,normal_0577,7,2022-07-12 01:13:40.156,0.7,0,1,startup,False,7.847592200282689,17.190355713905877,12
normal,19232,normal_0577,8,2022-07-12 01:13:40.256,0.8,0,1,startup,False,8.116315545545413,17.190355713905877,12
normal,19233,normal_0577,9,2022-07-12 01:13:40.356,0.9,0,1,startup,False,11.562400055658888,17.190355713905877,12
normal,19234,normal_0577,10,2022-07-12 01:13:40.456,1.0,0,1,startup,False,9.95536256079215,17.190355713905877,12
normal,19235,normal_0577,11,2022-07-12 01:13:40.556,1.1,0,1,startup,False,7.898367358308574,17.190355713905877,12
normal,19236,normal_0577,12,2022-07-12 01:13:40.656,1.2,0,1,startup,False,7.57751325403335,17.190355713905877,12
normal,19237,normal_0577,13,2022-07-12 01:13:40.756,1.3,0,1,startup,False,6.6539656707489305,17.190355713905877,12
normal,19238,normal_0577,14,2022-07-12 01:13:40.856,1.4,0,1,startup,False,7.156636477120204,17.190355713905877,12
normal,19239,normal_0577,15,2022-07-12 01:13:40.956,1.5,0,1,startup,False,6.076318063577156,17.190355713905877,12
normal,19240,normal_0577,16,2022-07-12 01:13:41.056,1.6,0,1,startup,False,8.825767702294765,17.190355713905877,12
normal,19241,normal_0577,17,2022-07-12 01:13:41.156,1.7,0,1,startup,False,9.495629709912302,17.190355713905877,12
normal,19242,normal_0577,18,2022-07-12 01:13:41.256,1.8,0,1,startup,False,6.591638600823965,17.190355713905877,12
normal,19243,normal_0577,19,2022-07-12 01:13:41.356,1.9,0,1,startup,False,6.267725157235489,17.190355713905877,12
normal,19244,normal_0577,20,2022-07-12 01:13:41.456,2.0,0,1,startup,False,7.800280147831935,17.190355713905877,12
normal,19245,normal_0577,21,2022-07-12 01:13:41.556,2.1,0,1,startup,False,6.698363341985805,17.190355713905877,12
normal,19246,normal_0577,22,2022-07-12 01:13:41.656,2.2,0,1,startup,False,6.728481356859735,17.190355713905877,12
normal,19247,normal_0577,23,2022-07-12 01:13:41.756,2.3,0,1,startup,False,7.54422973637376,17.190355713905877,12
normal,19248,normal_0577,24,2022-07-12 01:13:41.856,2.4,0,1,startup,False,7.9207136822664586,17.190355713905877,12
normal,19249,normal_0577,25,2022-07-12 01:13:41.956,2.5,0,1,startup,False,7.6150818700086775,17.190355713905877,12
normal,19250,normal_0577,26,2022-07-12 01:13:42.056,2.6,0,1,startup,False,10.031970573115458,17.190355713905877,12
normal,19251,normal_0577,27,2022-07-12 01:13:42.156,2.7,0,1,startup,False,9.327543964300187,17.190355713905877,12
normal,19252,normal_0577,28,2022-07-12 01:13:42.256,2.8,0,1,startup,False,8.52489990861389,17.190355713905877,12
normal,19253,normal_0577,29,2022-07-12 01:13:42.356,2.9,0,1,startup,False,6.411771365856466,17.190355713905877,12
normal,19254,normal_0577,30,2022-07-12 01:13:42.456,3.0,0,1,startup,False,7.10530303958396,17.190355713905877,12
normal,19255,normal_0577,31,2022-07-12 01:13:42.556,3.1,0,1,startup,False,9.001313195672033,17.190355713905877,12
normal,19256,normal_0577,32,2022-07-12 01:13:42.656,3.2,0,1,startup,False,7.257202105166305,17.190355713905877,12
normal,19257,normal_0577,33,2022-07-12 01:13:42.756,3.3,0,1,startup,False,7.989239433116151,17.190355713905877,12
normal,19258,normal_0577,34,2022-07-12 01:13:42.856,3.4,0,1,startup,False,7.097442128081184,17.190355713905877,12
normal,19259,normal_0577,35,2022-07-12 01:13:42.956,3.5,0,1,startup,False,6.556596085930262,17.190355713905877,12
normal,19260,normal_0577,36,2022-07-12 01:13:43.056,3.6,0,1,startup,False,8.44434850360929,17.190355713905877,12
normal,19261,normal_0577,37,2022-07-12 01:13:43.156,3.7,0,1,startup,False,7.8544135604343355,17.190355713905877,12
normal,19262,normal_0577,38,2022-07-12 01:13:43.256,3.8,0,1,startup,False,8.85199649985111,17.190355713905877,12
normal,19263,normal_0577,39,2022-07-12 01:13:43.356,3.9,0,1,startup,False,6.97184962029794,17.190355713905877,12
normal,19264,normal_0577,40,2022-07-12 01:13:43.456,4.0,0,1,startup,False,7.491164083671995,17.190355713905877,12
normal,19265,normal_0577,41,2022-07-12 01:13:43.556,4.1,0,1,startup,False,7.746166357454548,17.190355713905877,12
normal,19266,normal_0577,42,2022-07-12 01:13:43.656,4.2,0,1,startup,False,10.185572174603616,17.190355713905877,12
normal,19267,normal_0577,43,2022-07-12 01:13:43.756,4.3,0,1,startup,False,9.061037890739266,17.190355713905877,12
normal,19268,normal_0577,44,2022-07-12 01:13:43.856,4.4,0,1,startup,False,8.04413533473886,17.190355713905877,12
normal,19269,normal_0577,45,2022-07-12 01:13:43.956,4.5,0,1,startup,False,6.738375605759224,17.190355713905877,12
normal,19270,normal_0577,46,2022-07-12 01:13:44.056,4.6,0,1,startup,False,5.217177563222563,17.190355713905877,12
normal,19271,normal_0577,47,2022-07-12 01:13:44.156,4.7,0,1,startup,False,5.198015300033671,17.190355713905877,12
normal,19272,normal_0577,48,2022-07-12 01:13:44.256,4.8,0,1,startup,False,7.382342677389187,17.190355713905877,12
normal,19273,normal_0578,0,2022-07-12 01:13:47.379,0.0,0,1,startup,False,3.0033134562518327,8.528429503027562,3
normal,19274,normal_0578,1,2022-07-12 01:13:47.479,0.1,0,1,startup,False,5.010080843918824,12.144759502448782,6
normal,19275,normal_0578,2,2022-07-12 01:13:47.579,0.2,0,1,startup,False,4.962917109458345,14.132739481471942,9
normal,19276,normal_0578,3,2022-07-12 01:13:47.679,0.3,0,1,startup,False,3.9894800707026024,17.190355713905877,12
normal,19277,normal_0578,4,2022-07-12 01:13:47.779,0.4,0,1,startup,False,6.477594541560721,17.190355713905877,12
normal,19278,normal_0578,5,2022-07-12 01:13:47.879,0.5,0,1,startup,False,7.66925119368811,17.190355713905877,12
normal,19279,normal_0578,6,2022-07-12 01:13:47.979,0.6,0,1,startup,False,9.515998898815202,17.190355713905877,12
normal,19280,normal_0578,7,2022-07-12 01:13:48.079,0.7,0,1,startup,False,10.660350157870928,17.190355713905877,12
normal,19281,normal_0578,8,2022-07-12 01:13:48.179,0.8,0,1,startup,False,10.45806181800205,17.190355713905877,12
normal,19282,normal_0578,9,2022-07-12 01:13:48.279,0.9,0,1,startup,False,10.778861850308562,17.190355713905877,12
normal,19283,normal_0578,10,2022-07-12 01:13:48.379,1.0,0,1,startup,False,9.977574471814753,17.190355713905877,12
normal,19284,normal_0578,11,2022-07-12 01:13:48.479,1.1,0,1,startup,False,6.809529939486433,17.190355713905877,12
normal,19285,normal_0578,12,2022-07-12 01:13:48.579,1.2,0,1,startup,False,6.3253562998846355,17.190355713905877,12
normal,19286,normal_0578,13,2022-07-12 01:13:48.679,1.3,0,1,startup,False,6.226361652447216,17.190355713905877,12
normal,19287,normal_0578,14,2022-07-12 01:13:48.779,1.4,0,1,startup,False,13.115347924856012,17.190355713905877,12
normal,19288,normal_0578,15,2022-07-12 01:13:48.879,1.5,0,1,startup,False,7.6240627654647835,17.190355713905877,12
normal,19289,normal_0578,16,2022-07-12 01:13:48.979,1.6,0,1,startup,False,5.946952942630038,17.190355713905877,12
normal,19290,normal_0578,17,2022-07-12 01:13:49.079,1.7,0,1,startup,False,5.848116794377711,17.190355713905877,12
normal,19291,normal_0578,18,2022-07-12 01:13:49.179,1.8,0,1,startup,False,4.391652572504116,17.190355713905877,12
normal,19292,normal_0578,19,2022-07-12 01:13:49.279,1.9,0,1,startup,False,4.839212995671218,17.190355713905877,12
normal,19293,normal_0578,20,2022-07-12 01:13:49.379,2.0,0,1,startup,False,4.593602164018097,17.190355713905877,12
normal,19294,normal_0578,21,2022-07-12 01:13:49.479,2.1,0,1,startup,False,5.9859145926627875,17.190355713905877,12
normal,19295,normal_0578,22,2022-07-12 01:13:49.579,2.2,0,1,startup,False,8.891525936013936,17.190355713905877,12
normal,19296,normal_0578,23,2022-07-12 01:13:49.679,2.3,0,1,startup,False,7.4690856770561345,17.190355713905877,12
normal,19297,normal_0578,24,2022-07-12 01:13:49.779,2.4,0,1,startup,False,3.2231598906362025,17.190355713905877,12
normal,19298,normal_0578,25,2022-07-12 01:13:49.879,2.5,0,1,startup,False,4.686804557693304,17.190355713905877,12
normal,19299,normal_0578,26,2022-07-12 01:13:49.979,2.6,0,1,startup,False,4.572698888740688,17.190355713905877,12
normal,19300,normal_0578,27,2022-07-12 01:13:50.079,2.7,0,1,startup,False,4.898621935504345,17.190355713905877,12
normal,19301,normal_0578,28,2022-07-12 01:13:50.179,2.8,0,1,startup,False,5.074895281032566,17.190355713905877,12
normal,19302,normal_0578,29,2022-07-12 01:13:50.279,2.9,0,1,startup,False,9.86967319867367,17.190355713905877,12
normal,19303,normal_0578,30,2022-07-12 01:13:50.379,3.0,0,1,startup,False,10.848800717974441,17.190355713905877,12
normal,19304,normal_0578,31,2022-07-12 01:13:50.479,3.1,0,1,startup,False,10.291729147599312,17.190355713905877,12
normal,19305,normal_0578,32,2022-07-12 01:13:50.579,3.2,0,1,startup,False,7.605331526634249,17.190355713905877,12
normal,19306,normal_0578,33,2022-07-12 01:13:50.679,3.3,0,1,startup,False,6.223367701614209,17.190355713905877,12
normal,19307,normal_0578,34,2022-07-12 01:13:50.779,3.4,0,1,startup,False,4.14654107048004,17.190355713905877,12
normal,19308,normal_0579,0,2022-07-12 01:13:55.330,0.0,0,1,startup,False,3.85126783147571,8.528429503027562,3
normal,19309,normal_0579,1,2022-07-12 01:13:55.430,0.1,0,1,startup,False,8.06269421285167,12.144759502448782,6
normal,19310,normal_0579,2,2022-07-12 01:13:55.530,0.2,0,1,startup,False,8.666459408821598,14.132739481471942,9
normal,19311,normal_0579,3,2022-07-12 01:13:55.630,0.3,0,1,startup,False,8.555090014211254,17.190355713905877,12
normal,19312,normal_0579,4,2022-07-12 01:13:55.730,0.4,0,1,startup,False,8.496685101215181,17.190355713905877,12
normal,19313,normal_0579,5,2022-07-12 01:13:55.830,0.5,0,1,startup,False,12.048719501449195,17.190355713905877,12
normal,19314,normal_0579,6,2022-07-12 01:13:55.930,0.6,0,1,startup,False,12.182465742786714,17.190355713905877,12
normal,19315,normal_0579,7,2022-07-12 01:13:56.030,0.7,0,1,startup,False,8.036453681111826,17.190355713905877,12
normal,19316,normal_0579,8,2022-07-12 01:13:56.130,0.8,0,1,startup,False,8.044121203340191,17.190355713905877,12
normal,19317,normal_0579,9,2022-07-12 01:13:56.230,0.9,0,1,startup,False,8.83786922263316,17.190355713905877,12
normal,19318,normal_0579,10,2022-07-12 01:13:56.330,1.0,0,1,startup,False,9.530166587280007,17.190355713905877,12
normal,19319,normal_0579,11,2022-07-12 01:13:56.430,1.1,0,1,startup,False,10.506870391056374,17.190355713905877,12
normal,19320,normal_0579,12,2022-07-12 01:13:56.530,1.2,0,1,startup,False,9.93264162179107,17.190355713905877,12
normal,19321,normal_0579,13,2022-07-12 01:13:56.630,1.3,0,1,startup,False,10.007812617096718,17.190355713905877,12
normal,19322,normal_0579,14,2022-07-12 01:13:56.730,1.4,0,1,startup,False,9.766058972104194,17.190355713905877,12
normal,19323,normal_0579,15,2022-07-12 01:13:56.830,1.5,0,1,startup,False,10.292350252199164,17.190355713905877,12
normal,19324,normal_0579,16,2022-07-12 01:13:56.930,1.6,0,1,startup,False,10.594626012200893,17.190355713905877,12
normal,19325,normal_0579,17,2022-07-12 01:13:57.030,1.7,0,1,startup,False,7.600097589881768,17.190355713905877,12
normal,19326,normal_0579,18,2022-07-12 01:13:57.130,1.8,0,1,startup,False,8.33666330657817,17.190355713905877,12
normal,19327,normal_0579,19,2022-07-12 01:13:57.230,1.9,0,1,startup,False,8.479401219027517,17.190355713905877,12
normal,19328,normal_0579,20,2022-07-12 01:13:57.330,2.0,0,1,startup,False,8.592452631705333,17.190355713905877,12
normal,19329,normal_0579,21,2022-07-12 01:13:57.430,2.1,0,1,startup,False,8.630096675338567,17.190355713905877,12
normal,19330,normal_0579,22,2022-07-12 01:13:57.530,2.2,0,1,startup,False,11.22324119521822,17.190355713905877,12
normal,19331,normal_0579,23,2022-07-12 01:13:57.630,2.3,0,1,startup,False,10.353158651962627,17.190355713905877,12
normal,19332,normal_0579,24,2022-07-12 01:13:57.730,2.4,0,1,startup,False,6.6947907062519,17.190355713905877,12
normal,19333,normal_0579,25,2022-07-12 01:13:57.830,2.5,0,1,startup,False,6.873203136977874,17.190355713905877,12
normal,19334,normal_0579,26,2022-07-12 01:13:57.930,2.6,0,1,startup,False,7.686591690792407,17.190355713905877,12
normal,19335,normal_0579,27,2022-07-12 01:13:58.030,2.7,0,1,startup,False,10.38415186307137,17.190355713905877,12
normal,19336,normal_0579,28,2022-07-12 01:13:58.130,2.8,0,1,startup,False,8.802631395692154,17.190355713905877,12
normal,19337,normal_0579,29,2022-07-12 01:13:58.230,2.9,0,1,startup,False,11.573005543674999,17.190355713905877,12
normal,19338,normal_0579,30,2022-07-12 01:13:58.330,3.0,0,1,startup,False,11.596527159999253,17.190355713905877,12
normal,19339,normal_0579,31,2022-07-12 01:13:58.430,3.1,0,1,startup,False,12.39193060485329,17.190355713905877,12
normal,19340,normal_0579,32,2022-07-12 01:13:58.530,3.2,0,1,startup,False,11.428872147232646,17.190355713905877,12
normal,19341,normal_0579,33,2022-07-12 01:13:58.630,3.3,0,1,startup,False,12.564932907475866,17.190355713905877,12
normal,19342,normal_0579,34,2022-07-12 01:13:58.730,3.4,0,1,startup,False,9.506314134286093,17.190355713905877,12
normal,19343,normal_0580,0,2022-07-12 01:14:03.369,0.0,0,1,startup,False,2.7764477895057453,8.528429503027562,3
normal,19344,normal_0580,1,2022-07-12 01:14:03.469,0.1,0,1,startup,False,4.14494416899346,12.144759502448782,6
normal,19345,normal_0580,2,2022-07-12 01:14:03.569,0.2,0,1,startup,False,4.712674517506526,14.132739481471942,9
normal,19346,normal_0580,3,2022-07-12 01:14:03.669,0.3,0,1,startup,False,6.362304975142367,17.190355713905877,12
normal,19347,normal_0580,4,2022-07-12 01:14:03.769,0.4,0,1,startup,False,5.657221863241373,17.190355713905877,12
normal,19348,normal_0580,5,2022-07-12 01:14:03.869,0.5,0,1,startup,False,5.606001082761001,17.190355713905877,12
normal,19349,normal_0580,6,2022-07-12 01:14:03.969,0.6,0,1,startup,False,5.9458437719824975,17.190355713905877,12
normal,19350,normal_0580,7,2022-07-12 01:14:04.069,0.7,0,1,startup,False,4.485336687196608,17.190355713905877,12
normal,19351,normal_0580,8,2022-07-12 01:14:04.169,0.8,0,1,startup,False,6.214737100057112,17.190355713905877,12
normal,19352,normal_0580,9,2022-07-12 01:14:04.269,0.9,0,1,startup,False,8.275586737931684,17.190355713905877,12
normal,19353,normal_0580,10,2022-07-12 01:14:04.369,1.0,0,1,startup,False,11.251665249471658,17.190355713905877,12
normal,19354,normal_0580,11,2022-07-12 01:14:04.469,1.1,0,1,startup,False,6.822528374964341,17.190355713905877,12
normal,19355,normal_0580,12,2022-07-12 01:14:04.569,1.2,0,1,startup,False,7.840893059330701,17.190355713905877,12
normal,19356,normal_0580,13,2022-07-12 01:14:04.669,1.3,0,1,startup,False,8.95180139773275,17.190355713905877,12
normal,19357,normal_0580,14,2022-07-12 01:14:04.769,1.4,0,1,startup,False,9.654142444371367,17.190355713905877,12
normal,19358,normal_0580,15,2022-07-12 01:14:04.869,1.5,0,1,startup,False,6.858974354804388,17.190355713905877,12
normal,19359,normal_0580,16,2022-07-12 01:14:04.969,1.6,0,1,startup,False,9.179067153358302,17.190355713905877,12
normal,19360,normal_0580,17,2022-07-12 01:14:05.069,1.7,0,1,startup,False,5.68432578503065,17.190355713905877,12
normal,19361,normal_0580,18,2022-07-12 01:14:05.169,1.8,0,1,startup,False,6.421997215427798,17.190355713905877,12
normal,19362,normal_0580,19,2022-07-12 01:14:05.269,1.9,0,1,startup,False,5.480775500473113,17.190355713905877,12
normal,19363,normal_0580,20,2022-07-12 01:14:05.369,2.0,0,1,startup,False,7.049511059539138,17.190355713905877,12
normal,19364,normal_0580,21,2022-07-12 01:14:05.469,2.1,0,1,startup,False,5.208962766830287,17.190355713905877,12
normal,19365,normal_0580,22,2022-07-12 01:14:05.569,2.2,0,1,startup,False,5.640432125646735,17.190355713905877,12
normal,19366,normal_0580,23,2022-07-12 01:14:05.669,2.3,0,1,startup,False,4.48370221216163,17.190355713905877,12
normal,19367,normal_0581,0,2022-07-12 01:14:11.239,0.0,0,1,startup,False,5.7412373026132055,8.528429503027562,3
normal,19368,normal_0581,1,2022-07-12 01:14:11.339,0.1,0,1,startup,False,6.646345688153845,12.144759502448782,6
normal,19369,normal_0581,2,2022-07-12 01:14:11.439,0.2,0,1,startup,False,8.218454646213639,14.132739481471942,9
normal,19370,normal_0581,3,2022-07-12 01:14:11.539,0.3,0,1,startup,False,6.459505444036987,17.190355713905877,12
normal,19371,normal_0581,4,2022-07-12 01:14:11.639,0.4,0,1,startup,False,7.57478183273318,17.190355713905877,12
normal,19372,normal_0581,5,2022-07-12 01:14:11.739,0.5,0,1,startup,False,5.954693419976797,17.190355713905877,12
normal,19373,normal_0581,6,2022-07-12 01:14:11.839,0.6,0,1,startup,False,8.957300216962656,17.190355713905877,12
normal,19374,normal_0581,7,2022-07-12 01:14:11.939,0.7,0,1,startup,False,6.77803192083693,17.190355713905877,12
normal,19375,normal_0581,8,2022-07-12 01:14:12.039,0.8,0,1,startup,False,5.485444040314436,17.190355713905877,12
normal,19376,normal_0581,9,2022-07-12 01:14:12.139,0.9,0,1,startup,False,7.000134131820464,17.190355713905877,12
normal,19377,normal_0582,0,2022-07-12 01:14:28.769,0.0,0,1,startup,False,4.355365228216559,8.528429503027562,3
normal,19378,normal_0582,1,2022-07-12 01:14:28.869,0.1,0,1,startup,False,6.959028564936131,12.144759502448782,6
normal,19379,normal_0582,2,2022-07-12 01:14:28.969,0.2,0,1,startup,False,8.771241696657544,14.132739481471942,9
normal,19380,normal_0582,3,2022-07-12 01:14:29.069,0.3,0,1,startup,False,7.434944341989773,17.190355713905877,12
normal,19381,normal_0582,4,2022-07-12 01:14:29.169,0.4,0,1,startup,False,8.706179050674669,17.190355713905877,12
normal,19382,normal_0582,5,2022-07-12 01:14:29.269,0.5,0,1,startup,False,8.370010203890768,17.190355713905877,12
normal,19383,normal_0582,6,2022-07-12 01:14:29.369,0.6,0,1,startup,False,7.274844768030563,17.190355713905877,12
normal,19384,normal_0582,7,2022-07-12 01:14:29.469,0.7,0,1,startup,False,6.409799234338403,17.190355713905877,12
normal,19385,normal_0582,8,2022-07-12 01:14:29.569,0.8,0,1,startup,False,5.732099795984709,17.190355713905877,12
normal,19386,normal_0582,9,2022-07-12 01:14:29.669,0.9,0,1,startup,False,5.650075882606471,17.190355713905877,12
normal,19387,normal_0582,10,2022-07-12 01:14:29.769,1.0,0,1,startup,False,4.45558541919812,17.190355713905877,12
normal,19388,normal_0582,11,2022-07-12 01:14:29.869,1.1,0,1,startup,False,6.123181052482769,17.190355713905877,12
normal,19389,normal_0582,12,2022-07-12 01:14:29.969,1.2,0,1,startup,False,8.959840404687553,17.190355713905877,12
normal,19390,normal_0582,13,2022-07-12 01:14:30.069,1.3,0,1,startup,False,7.3652194855203525,17.190355713905877,12
normal,19391,normal_0582,14,2022-07-12 01:14:30.169,1.4,0,1,startup,False,5.238929943115163,17.190355713905877,12
normal,19392,normal_0582,15,2022-07-12 01:14:30.269,1.5,0,1,startup,False,5.873766593669045,17.190355713905877,12
normal,19393,normal_0582,16,2022-07-12 01:14:30.369,1.6,0,1,startup,False,5.1912044598163645,17.190355713905877,12
normal,19394,normal_0582,17,2022-07-12 01:14:30.469,1.7,0,1,startup,False,5.181093446843784,17.190355713905877,12
normal,19395,normal_0582,18,2022-07-12 01:14:30.569,1.8,0,1,startup,False,5.9296065621482485,17.190355713905877,12
normal,19396,normal_0582,19,2022-07-12 01:14:30.669,1.9,0,1,startup,False,7.4962732892932324,17.190355713905877,12
normal,19397,normal_0582,20,2022-07-12 01:14:30.769,2.0,0,1,startup,False,7.406480075483097,17.190355713905877,12
normal,19398,normal_0582,21,2022-07-12 01:14:30.869,2.1,0,1,startup,False,9.623784229771154,17.190355713905877,12
normal,19399,normal_0582,22,2022-07-12 01:14:30.969,2.2,0,1,startup,False,7.617092941586225,17.190355713905877,12
normal,19400,normal_0582,23,2022-07-12 01:14:31.069,2.3,0,1,startup,False,5.900636616471073,17.190355713905877,12
normal,19401,normal_0582,24,2022-07-12 01:14:31.169,2.4,0,1,startup,False,5.926833622290279,17.190355713905877,12
normal,19402,normal_0582,25,2022-07-12 01:14:31.269,2.5,0,1,startup,False,5.357871564665721,17.190355713905877,12
normal,19403,normal_0582,26,2022-07-12 01:14:31.369,2.6,0,1,startup,False,5.697981031055272,17.190355713905877,12
normal,19404,normal_0582,27,2022-07-12 01:14:31.469,2.7,0,1,startup,False,7.731196717557471,17.190355713905877,12
normal,19405,normal_0582,28,2022-07-12 01:14:31.569,2.8,0,1,startup,False,7.746130431934883,17.190355713905877,12
normal,19406,normal_0582,29,2022-07-12 01:14:31.669,2.9,0,1,startup,False,9.382850031458009,17.190355713905877,12
normal,19407,normal_0582,30,2022-07-12 01:14:31.769,3.0,0,1,startup,False,5.158107015634364,17.190355713905877,12
normal,19408,normal_0582,31,2022-07-12 01:14:31.869,3.1,0,1,startup,False,4.995906256983389,17.190355713905877,12
normal,19409,normal_0582,32,2022-07-12 01:14:31.969,3.2,0,1,startup,False,5.819119077814921,17.190355713905877,12
normal,19410,normal_0582,33,2022-07-12 01:14:32.069,3.3,0,1,startup,False,5.191552371699879,17.190355713905877,12
normal,19411,normal_0582,34,2022-07-12 01:14:32.169,3.4,0,1,startup,False,5.673742119979038,17.190355713905877,12
normal,19412,normal_0582,35,2022-07-12 01:14:32.269,3.5,0,1,startup,False,4.838743146196544,17.190355713905877,12
normal,19413,normal_0582,36,2022-07-12 01:14:32.369,3.6,0,1,startup,False,5.106951399265675,17.190355713905877,12
normal,19414,normal_0582,37,2022-07-12 01:14:32.469,3.7,0,1,startup,False,6.678531827042611,17.190355713905877,12
normal,19415,normal_0582,38,2022-07-12 01:14:32.569,3.8,0,1,startup,False,7.773233546309737,17.190355713905877,12
normal,19416,normal_0582,39,2022-07-12 01:14:32.669,3.9,0,1,startup,False,6.730328148322494,17.190355713905877,12
normal,19417,normal_0582,40,2022-07-12 01:14:32.769,4.0,0,1,startup,False,6.1734153058551415,17.190355713905877,12
normal,19418,normal_0582,41,2022-07-12 01:14:32.869,4.1,0,1,startup,False,6.571129690565749,17.190355713905877,12
normal,19419,normal_0582,42,2022-07-12 01:14:32.969,4.2,0,1,startup,False,5.981825255165234,17.190355713905877,12
normal,19420,normal_0582,43,2022-07-12 01:14:33.069,4.3,0,1,startup,False,5.279714490771639,17.190355713905877,12
normal,19421,normal_0582,44,2022-07-12 01:14:33.169,4.4,0,1,startup,False,7.871694984738628,17.190355713905877,12
normal,19422,normal_0582,45,2022-07-12 01:14:33.269,4.5,0,1,startup,False,8.555300516523298,17.190355713905877,12
normal,19423,normal_0582,46,2022-07-12 01:14:33.369,4.6,0,1,startup,False,9.093774723692718,17.190355713905877,12
normal,19424,normal_0582,47,2022-07-12 01:14:33.469,4.7,0,1,startup,False,4.149224017394137,17.190355713905877,12
normal,19425,normal_0582,48,2022-07-12 01:14:33.569,4.8,0,1,startup,False,5.144567032482835,17.190355713905877,12
normal,19426,normal_0582,49,2022-07-12 01:14:33.669,4.9,0,1,startup,False,4.391651322181077,17.190355713905877,12
normal,19427,normal_0583,0,2022-07-12 01:14:35.252,0.0,0,1,startup,False,3.1171002105099124,8.528429503027562,3
normal,19428,normal_0583,1,2022-07-12 01:14:35.352,0.1,0,1,startup,False,5.1340560656943515,12.144759502448782,6
normal,19429,normal_0583,2,2022-07-12 01:14:35.452,0.2,0,1,startup,False,4.744304206532612,14.132739481471942,9
normal,19430,normal_0583,3,2022-07-12 01:14:35.552,0.3,0,1,startup,False,5.060560006381289,17.190355713905877,12
normal,19431,normal_0583,4,2022-07-12 01:14:35.652,0.4,0,1,startup,False,5.008323400753144,17.190355713905877,12
normal,19432,normal_0583,5,2022-07-12 01:14:35.752,0.5,0,1,startup,False,4.715765580191266,17.190355713905877,12
normal,19433,normal_0583,6,2022-07-12 01:14:35.852,0.6,0,1,startup,False,5.265487155108108,17.190355713905877,12
normal,19434,normal_0583,7,2022-07-12 01:14:35.952,0.7,0,1,startup,False,6.678477766986579,17.190355713905877,12
normal,19435,normal_0583,8,2022-07-12 01:14:36.052,0.8,0,1,startup,False,8.693006083353737,17.190355713905877,12
normal,19436,normal_0583,9,2022-07-12 01:14:36.152,0.9,0,1,startup,False,8.318017929184489,17.190355713905877,12
normal,19437,normal_0583,10,2022-07-12 01:14:36.252,1.0,0,1,startup,False,5.160363188502807,17.190355713905877,12
normal,19438,normal_0583,11,2022-07-12 01:14:36.352,1.1,0,1,startup,False,6.4229241939098625,17.190355713905877,12
normal,19439,normal_0583,12,2022-07-12 01:14:36.452,1.2,0,1,startup,False,4.381270423511462,17.190355713905877,12
normal,19440,normal_0583,13,2022-07-12 01:14:36.552,1.3,0,1,startup,False,5.143072174610826,17.190355713905877,12
normal,19441,normal_0583,14,2022-07-12 01:14:36.652,1.4,0,1,startup,False,5.418976244818607,17.190355713905877,12
normal,19442,normal_0583,15,2022-07-12 01:14:36.752,1.5,0,1,startup,False,8.682949563464323,17.190355713905877,12
normal,19443,normal_0583,16,2022-07-12 01:14:36.852,1.6,0,1,startup,False,8.646604574712123,17.190355713905877,12
normal,19444,normal_0583,17,2022-07-12 01:14:36.952,1.7,0,1,startup,False,9.878973639244922,17.190355713905877,12
normal,19445,normal_0583,18,2022-07-12 01:14:37.052,1.8,0,1,startup,False,6.645779108172603,17.190355713905877,12
normal,19446,normal_0583,19,2022-07-12 01:14:37.152,1.9,0,1,startup,False,6.443028297114738,17.190355713905877,12
normal,19447,normal_0583,20,2022-07-12 01:14:37.252,2.0,0,1,startup,False,6.252974801508197,17.190355713905877,12
normal,19448,normal_0583,21,2022-07-12 01:14:37.352,2.1,0,1,startup,False,5.3815257459812855,17.190355713905877,12
normal,19449,normal_0583,22,2022-07-12 01:14:37.452,2.2,0,1,startup,False,7.137059437999359,17.190355713905877,12
normal,19450,normal_0583,23,2022-07-12 01:14:37.552,2.3,0,1,startup,False,5.733674750473035,17.190355713905877,12
normal,19451,normal_0583,24,2022-07-12 01:14:37.652,2.4,0,1,startup,False,4.425384785873492,17.190355713905877,12
normal,19452,normal_0583,25,2022-07-12 01:14:37.752,2.5,0,1,startup,False,6.188871670119775,17.190355713905877,12
normal,19453,normal_0583,26,2022-07-12 01:14:37.852,2.6,0,1,startup,False,9.235573789830266,17.190355713905877,12
normal,19454,normal_0583,27,2022-07-12 01:14:37.952,2.7,0,1,startup,False,10.32650840112988,17.190355713905877,12
normal,19455,normal_0583,28,2022-07-12 01:14:38.052,2.8,0,1,startup,False,9.613768062351182,17.190355713905877,12
normal,19456,normal_0583,29,2022-07-12 01:14:38.152,2.9,0,1,startup,False,10.1128053745374,17.190355713905877,12
normal,19457,normal_0583,30,2022-07-12 01:14:38.252,3.0,0,1,startup,False,8.89922696768319,17.190355713905877,12
normal,19458,normal_0583,31,2022-07-12 01:14:38.352,3.1,0,1,startup,False,6.449263265339705,17.190355713905877,12
normal,19459,normal_0583,32,2022-07-12 01:14:38.452,3.2,0,1,startup,False,9.929085082145798,17.190355713905877,12
normal,19460,normal_0583,33,2022-07-12 01:14:38.552,3.3,0,1,startup,False,11.651988615971748,17.190355713905877,12
normal,19461,normal_0583,34,2022-07-12 01:14:38.652,3.4,0,1,startup,False,14.565333062765093,17.190355713905877,12
normal,19462,normal_0583,35,2022-07-12 01:14:38.752,3.5,0,1,startup,False,5.600277466219933,17.190355713905877,12
normal,19463,normal_0583,36,2022-07-12 01:14:38.852,3.6,0,1,startup,False,9.115723424710426,17.190355713905877,12
normal,19464,normal_0583,37,2022-07-12 01:14:38.952,3.7,0,1,startup,False,9.323879270911698,17.190355713905877,12
normal,19465,normal_0583,38,2022-07-12 01:14:39.052,3.8,0,1,startup,False,9.220364168933983,17.190355713905877,12
normal,19466,normal_0583,39,2022-07-12 01:14:39.152,3.9,0,1,startup,False,9.227831993376531,17.190355713905877,12
normal,19467,normal_0583,40,2022-07-12 01:14:39.252,4.0,0,1,startup,False,9.870688882140328,17.190355713905877,12
normal,19468,normal_0583,41,2022-07-12 01:14:39.352,4.1,0,1,startup,False,7.918500134370455,17.190355713905877,12
normal,19469,normal_0583,42,2022-07-12 01:14:39.452,4.2,0,1,startup,False,7.741561430278291,17.190355713905877,12
normal,19470,normal_0583,43,2022-07-12 01:14:39.552,4.3,0,1,startup,False,8.315688430902307,17.190355713905877,12
normal,19471,normal_0583,44,2022-07-12 01:14:39.652,4.4,0,1,startup,False,6.6367587969715975,17.190355713905877,12
normal,19472,normal_0583,45,2022-07-12 01:14:39.752,4.5,0,1,startup,False,8.110011803678365,17.190355713905877,12
normal,19473,normal_0583,46,2022-07-12 01:14:39.852,4.6,0,1,startup,False,8.111963987490624,17.190355713905877,12
normal,19474,normal_0583,47,2022-07-12 01:14:39.952,4.7,0,1,startup,False,9.235319634822222,17.190355713905877,12
normal,19475,normal_0583,48,2022-07-12 01:14:40.052,4.8,0,1,startup,False,9.287388227865526,17.190355713905877,12
normal,19476,normal_0583,49,2022-07-12 01:14:40.152,4.9,0,1,startup,False,7.433228092008107,17.190355713905877,12
normal,19477,normal_0584,0,2022-07-12 01:14:43.335,0.0,0,1,startup,False,5.359476841203897,8.528429503027562,3
normal,19478,normal_0584,1,2022-07-12 01:14:43.435,0.1,0,1,startup,False,8.705469407304822,12.144759502448782,6
normal,19479,normal_0584,2,2022-07-12 01:14:43.535,0.2,0,1,startup,False,10.621287652175209,14.132739481471942,9
normal,19480,normal_0584,3,2022-07-12 01:14:43.635,0.3,0,1,startup,False,10.470875560688885,17.190355713905877,12
normal,19481,normal_0584,4,2022-07-12 01:14:43.735,0.4,0,1,startup,False,12.740251398597364,17.190355713905877,12
normal,19482,normal_0584,5,2022-07-12 01:14:43.835,0.5,0,1,startup,False,12.39952341824517,17.190355713905877,12
normal,19483,normal_0584,6,2022-07-12 01:14:43.935,0.6,0,1,startup,False,10.32836370657574,17.190355713905877,12
normal,19484,normal_0584,7,2022-07-12 01:14:44.035,0.7,0,1,startup,False,9.50924565944659,17.190355713905877,12
normal,19485,normal_0584,8,2022-07-12 01:14:44.135,0.8,0,1,startup,False,8.342929822558027,17.190355713905877,12
normal,19486,normal_0584,9,2022-07-12 01:14:44.235,0.9,0,1,startup,False,10.419314679472674,17.190355713905877,12
normal,19487,normal_0584,10,2022-07-12 01:14:44.335,1.0,0,1,startup,False,10.013701581829997,17.190355713905877,12
normal,19488,normal_0584,11,2022-07-12 01:14:44.435,1.1,0,1,startup,False,7.638794762368954,17.190355713905877,12
normal,19489,normal_0584,12,2022-07-12 01:14:44.535,1.2,0,1,startup,False,8.522509213755644,17.190355713905877,12
normal,19490,normal_0584,13,2022-07-12 01:14:44.635,1.3,0,1,startup,False,7.675596779179668,17.190355713905877,12
normal,19491,normal_0584,14,2022-07-12 01:14:44.735,1.4,0,1,startup,False,9.365704376755874,17.190355713905877,12
normal,19492,normal_0584,15,2022-07-12 01:14:44.835,1.5,0,1,startup,False,8.05285392912863,17.190355713905877,12
normal,19493,normal_0584,16,2022-07-12 01:14:44.935,1.6,0,1,startup,False,8.140173579041415,17.190355713905877,12
normal,19494,normal_0584,17,2022-07-12 01:14:45.035,1.7,0,1,startup,False,11.038791125489066,17.190355713905877,12
normal,19495,normal_0584,18,2022-07-12 01:14:45.135,1.8,0,1,startup,False,7.628273344157778,17.190355713905877,12
normal,19496,normal_0584,19,2022-07-12 01:14:45.235,1.9,0,1,startup,False,10.709572627993037,17.190355713905877,12
normal,19497,normal_0584,20,2022-07-12 01:14:45.335,2.0,0,1,startup,False,11.219658309181332,17.190355713905877,12
normal,19498,normal_0584,21,2022-07-12 01:14:45.435,2.1,0,1,startup,False,11.924472149561586,17.190355713905877,12
normal,19499,normal_0584,22,2022-07-12 01:14:45.535,2.2,0,1,startup,False,10.837380030425184,17.190355713905877,12
normal,19500,normal_0584,23,2022-07-12 01:14:45.635,2.3,0,1,startup,False,10.519553878175852,17.190355713905877,12
normal,19501,normal_0584,24,2022-07-12 01:14:45.735,2.4,0,1,startup,False,11.15409146999832,17.190355713905877,12
normal,19502,normal_0584,25,2022-07-12 01:14:45.835,2.5,0,1,startup,False,12.813678636522548,17.190355713905877,12
normal,19503,normal_0584,26,2022-07-12 01:14:45.935,2.6,0,1,startup,False,11.507741987841415,17.190355713905877,12
normal,19504,normal_0584,27,2022-07-12 01:14:46.035,2.7,0,1,startup,False,12.42895169232602,17.190355713905877,12
normal,19505,normal_0584,28,2022-07-12 01:14:46.135,2.8,0,1,startup,False,10.946129816078864,17.190355713905877,12
normal,19506,normal_0584,29,2022-07-12 01:14:46.235,2.9,0,1,startup,False,12.378958724378142,17.190355713905877,12
normal,19507,normal_0584,30,2022-07-12 01:14:46.335,3.0,0,1,startup,False,12.106435005270235,17.190355713905877,12
normal,19508,normal_0584,31,2022-07-12 01:14:46.435,3.1,0,1,startup,False,10.429891748345042,17.190355713905877,12
normal,19509,normal_0584,32,2022-07-12 01:14:46.535,3.2,0,1,startup,False,7.7317535484011835,17.190355713905877,12
normal,19510,normal_0584,33,2022-07-12 01:14:46.635,3.3,0,1,startup,False,10.255778823007622,17.190355713905877,12
normal,19511,normal_0584,34,2022-07-12 01:14:46.735,3.4,0,1,startup,False,6.6868637462046285,17.190355713905877,12
normal,19512,normal_0584,35,2022-07-12 01:14:46.835,3.5,0,1,startup,False,7.8268797710464755,17.190355713905877,12
normal,19513,normal_0584,36,2022-07-12 01:14:46.935,3.6,0,1,startup,False,7.913201083280791,17.190355713905877,12
normal,19514,normal_0585,0,2022-07-12 01:14:51.439,0.0,0,1,startup,False,3.0881197192653387,8.528429503027562,3
normal,19515,normal_0585,1,2022-07-12 01:14:51.539,0.1,0,1,startup,False,7.904919547377008,12.144759502448782,6
normal,19516,normal_0585,2,2022-07-12 01:14:51.639,0.2,0,1,startup,False,10.033846113711157,14.132739481471942,9
normal,19517,normal_0585,3,2022-07-12 01:14:51.739,0.3,0,1,startup,False,7.582687920245846,17.190355713905877,12
normal,19518,normal_0585,4,2022-07-12 01:14:51.839,0.4,0,1,startup,False,6.7850599004258365,17.190355713905877,12
normal,19519,normal_0585,5,2022-07-12 01:14:51.939,0.5,0,1,startup,False,7.934026859438266,17.190355713905877,12
normal,19520,normal_0585,6,2022-07-12 01:14:52.039,0.6,0,1,startup,False,7.633586542408342,17.190355713905877,12
normal,19521,normal_0585,7,2022-07-12 01:14:52.139,0.7,0,1,startup,False,9.036472534527078,17.190355713905877,12
normal,19522,normal_0585,8,2022-07-12 01:14:52.239,0.8,0,1,startup,False,6.589213229018006,17.190355713905877,12
normal,19523,normal_0585,9,2022-07-12 01:14:52.339,0.9,0,1,startup,False,9.248430065197468,17.190355713905877,12
normal,19524,normal_0585,10,2022-07-12 01:14:52.439,1.0,0,1,startup,False,7.498719250551921,17.190355713905877,12
normal,19525,normal_0585,11,2022-07-12 01:14:52.539,1.1,0,1,startup,False,10.885447462337265,17.190355713905877,12
normal,19526,normal_0585,12,2022-07-12 01:14:52.639,1.2,0,1,startup,False,8.002571917706705,17.190355713905877,12
normal,19527,normal_0585,13,2022-07-12 01:14:52.739,1.3,0,1,startup,False,9.132421520402438,17.190355713905877,12
normal,19528,normal_0585,14,2022-07-12 01:14:52.839,1.4,0,1,startup,False,7.23090340527732,17.190355713905877,12
normal,19529,normal_0585,15,2022-07-12 01:14:52.939,1.5,0,1,startup,False,7.29490786048528,17.190355713905877,12
normal,19530,normal_0585,16,2022-07-12 01:14:53.039,1.6,0,1,startup,False,6.91653343902724,17.190355713905877,12
normal,19531,normal_0585,17,2022-07-12 01:14:53.139,1.7,0,1,startup,False,6.856157671183441,17.190355713905877,12
normal,19532,normal_0585,18,2022-07-12 01:14:53.239,1.8,0,1,startup,False,7.963586241461947,17.190355713905877,12
normal,19533,normal_0585,19,2022-07-12 01:14:53.339,1.9,0,1,startup,False,8.313369543553247,17.190355713905877,12
normal,19534,normal_0585,20,2022-07-12 01:14:53.439,2.0,0,1,startup,False,5.893147812223005,17.190355713905877,12
normal,19535,normal_0585,21,2022-07-12 01:14:53.539,2.1,0,1,startup,False,5.738370971215367,17.190355713905877,12
normal,19536,normal_0585,22,2022-07-12 01:14:53.639,2.2,0,1,startup,False,7.648400807874626,17.190355713905877,12
normal,19537,normal_0585,23,2022-07-12 01:14:53.739,2.3,0,1,startup,False,7.680576705117119,17.190355713905877,12
normal,19538,normal_0585,24,2022-07-12 01:14:53.839,2.4,0,1,startup,False,7.036464676135088,17.190355713905877,12
normal,19539,normal_0586,0,2022-07-12 01:14:59.376,0.0,0,1,startup,False,3.6375522583164788,8.528429503027562,3
normal,19540,normal_0586,1,2022-07-12 01:14:59.476,0.1,0,1,startup,False,7.233318562721814,12.144759502448782,6
normal,19541,normal_0586,2,2022-07-12 01:14:59.576,0.2,0,1,startup,False,7.24429182732373,14.132739481471942,9
normal,19542,normal_0586,3,2022-07-12 01:14:59.676,0.3,0,1,startup,False,10.183047792767734,17.190355713905877,12
normal,19543,normal_0586,4,2022-07-12 01:14:59.776,0.4,0,1,startup,False,9.424414257438547,17.190355713905877,12
normal,19544,normal_0586,5,2022-07-12 01:14:59.876,0.5,0,1,startup,False,7.345836937452237,17.190355713905877,12
normal,19545,normal_0586,6,2022-07-12 01:14:59.976,0.6,0,1,startup,False,7.3812659858828855,17.190355713905877,12
normal,19546,normal_0586,7,2022-07-12 01:15:00.076,0.7,0,1,startup,False,7.236835052438136,17.190355713905877,12
normal,19547,normal_0586,8,2022-07-12 01:15:00.176,0.8,0,1,startup,False,6.634416208189654,17.190355713905877,12
normal,19548,normal_0586,9,2022-07-12 01:15:00.276,0.9,0,1,startup,False,6.650190235340645,17.190355713905877,12
normal,19549,normal_0586,10,2022-07-12 01:15:00.376,1.0,0,1,startup,False,7.193839676073731,17.190355713905877,12
normal,19550,normal_0587,0,2022-07-12 01:15:17.019,0.0,0,1,startup,False,4.707901277607838,8.528429503027562,3
normal,19551,normal_0587,1,2022-07-12 01:15:17.119,0.1,0,1,startup,False,8.516876016288466,12.144759502448782,6
normal,19552,normal_0587,2,2022-07-12 01:15:17.219,0.2,0,1,startup,False,10.54287624191643,14.132739481471942,9
normal,19553,normal_0587,3,2022-07-12 01:15:17.319,0.3,0,1,startup,False,9.281261583770252,17.190355713905877,12
normal,19554,normal_0587,4,2022-07-12 01:15:17.419,0.4,0,1,startup,False,7.442383125530634,17.190355713905877,12
normal,19555,normal_0587,5,2022-07-12 01:15:17.519,0.5,0,1,startup,False,7.5054625279781835,17.190355713905877,12
normal,19556,normal_0587,6,2022-07-12 01:15:17.619,0.6,0,1,startup,False,7.629436774375575,17.190355713905877,12
normal,19557,normal_0587,7,2022-07-12 01:15:17.719,0.7,0,1,startup,False,9.487294093258882,17.190355713905877,12
normal,19558,normal_0587,8,2022-07-12 01:15:17.819,0.8,0,1,startup,False,8.606519139707958,17.190355713905877,12
normal,19559,normal_0587,9,2022-07-12 01:15:17.919,0.9,0,1,startup,False,9.113399502701531,17.190355713905877,12
normal,19560,normal_0587,10,2022-07-12 01:15:18.019,1.0,0,1,startup,False,7.996854340117557,17.190355713905877,12
normal,19561,normal_0587,11,2022-07-12 01:15:18.119,1.1,0,1,startup,False,9.14514207669133,17.190355713905877,12
normal,19562,normal_0587,12,2022-07-12 01:15:18.219,1.2,0,1,startup,False,6.523056539385648,17.190355713905877,12
normal,19563,normal_0587,13,2022-07-12 01:15:18.319,1.3,0,1,startup,False,9.979983891445075,17.190355713905877,12
normal,19564,normal_0587,14,2022-07-12 01:15:18.419,1.4,0,1,startup,False,9.154130018450303,17.190355713905877,12
normal,19565,normal_0587,15,2022-07-12 01:15:18.519,1.5,0,1,startup,False,7.249023329944322,17.190355713905877,12
normal,19566,normal_0587,16,2022-07-12 01:15:18.619,1.6,0,1,startup,False,8.378727126097747,17.190355713905877,12
normal,19567,normal_0587,17,2022-07-12 01:15:18.719,1.7,0,1,startup,False,6.069960359805737,17.190355713905877,12
normal,19568,normal_0587,18,2022-07-12 01:15:18.819,1.8,0,1,startup,False,7.312911628163857,17.190355713905877,12
normal,19569,normal_0587,19,2022-07-12 01:15:18.919,1.9,0,1,startup,False,12.078846740804964,17.190355713905877,12
normal,19570,normal_0587,20,2022-07-12 01:15:19.019,2.0,0,1,startup,False,9.718710956321443,17.190355713905877,12
normal,19571,normal_0587,21,2022-07-12 01:15:19.119,2.1,0,1,startup,False,8.420465272387412,17.190355713905877,12
normal,19572,normal_0587,22,2022-07-12 01:15:19.219,2.2,0,1,startup,False,9.290383939221813,17.190355713905877,12
normal,19573,normal_0587,23,2022-07-12 01:15:19.319,2.3,0,1,startup,False,8.468023491921796,17.190355713905877,12
normal,19574,normal_0587,24,2022-07-12 01:15:19.419,2.4,0,1,startup,False,6.534288273246489,17.190355713905877,12
normal,19575,normal_0587,25,2022-07-12 01:15:19.519,2.5,0,1,startup,False,9.174210392402694,17.190355713905877,12
normal,19576,normal_0587,26,2022-07-12 01:15:19.619,2.6,0,1,startup,False,8.502050803821133,17.190355713905877,12
normal,19577,normal_0587,27,2022-07-12 01:15:19.719,2.7,0,1,startup,False,8.2801848619301,17.190355713905877,12
normal,19578,normal_0587,28,2022-07-12 01:15:19.819,2.8,0,1,startup,False,8.342881259110323,17.190355713905877,12
normal,19579,normal_0587,29,2022-07-12 01:15:19.919,2.9,0,1,startup,False,8.507797864592664,17.190355713905877,12
normal,19580,normal_0587,30,2022-07-12 01:15:20.019,3.0,0,1,startup,False,8.571899537984326,17.190355713905877,12
normal,19581,normal_0587,31,2022-07-12 01:15:20.119,3.1,0,1,startup,False,9.742398324307949,17.190355713905877,12
normal,19582,normal_0587,32,2022-07-12 01:15:20.219,3.2,0,1,startup,False,7.736592069390098,17.190355713905877,12
normal,19583,normal_0587,33,2022-07-12 01:15:20.319,3.3,0,1,startup,False,7.789465309518681,17.190355713905877,12
normal,19584,normal_0587,34,2022-07-12 01:15:20.419,3.4,0,1,startup,False,7.428435044375277,17.190355713905877,12
normal,19585,normal_0587,35,2022-07-12 01:15:20.519,3.5,0,1,startup,False,8.576421820337538,17.190355713905877,12
normal,19586,normal_0587,36,2022-07-12 01:15:20.619,3.6,0,1,startup,False,11.742313960567726,17.190355713905877,12
normal,19587,normal_0587,37,2022-07-12 01:15:20.719,3.7,0,1,startup,False,8.061950938857684,17.190355713905877,12
normal,19588,normal_0587,38,2022-07-12 01:15:20.819,3.8,0,1,startup,False,7.7447294185731055,17.190355713905877,12
normal,19589,normal_0587,39,2022-07-12 01:15:20.919,3.9,0,1,startup,False,9.26966628352561,17.190355713905877,12
normal,19590,normal_0587,40,2022-07-12 01:15:21.019,4.0,0,1,startup,False,9.318702602548987,17.190355713905877,12
normal,19591,normal_0587,41,2022-07-12 01:15:21.119,4.1,0,1,startup,False,6.332524830175544,17.190355713905877,12
normal,19592,normal_0587,42,2022-07-12 01:15:21.219,4.2,0,1,startup,False,9.485907529673561,17.190355713905877,12
normal,19593,normal_0587,43,2022-07-12 01:15:21.319,4.3,0,1,startup,False,6.70827081451313,17.190355713905877,12
normal,19594,normal_0587,44,2022-07-12 01:15:21.419,4.4,0,1,startup,False,8.111625431013783,17.190355713905877,12
normal,19595,normal_0587,45,2022-07-12 01:15:21.519,4.5,0,1,startup,False,9.518320527956508,17.190355713905877,12
normal,19596,normal_0587,46,2022-07-12 01:15:21.619,4.6,0,1,startup,False,9.330577058283252,17.190355713905877,12
normal,19597,normal_0587,47,2022-07-12 01:15:21.719,4.7,0,1,startup,False,10.266139883410553,17.190355713905877,12
normal,19598,normal_0587,48,2022-07-12 01:15:21.819,4.8,0,1,startup,False,9.118780310643615,17.190355713905877,12
normal,19599,normal_0587,49,2022-07-12 01:15:21.919,4.9,0,1,startup,False,6.879470307711028,17.190355713905877,12
normal,19600,normal_0588,0,2022-07-12 01:15:23.633,0.0,0,1,startup,False,2.614660411083171,8.528429503027562,3
normal,19601,normal_0588,1,2022-07-12 01:15:23.733,0.1,0,1,startup,False,6.870670560603845,12.144759502448782,6
normal,19602,normal_0588,2,2022-07-12 01:15:23.833,0.2,0,1,startup,False,8.493512890668791,14.132739481471942,9
normal,19603,normal_0588,3,2022-07-12 01:15:23.933,0.3,0,1,startup,False,10.473829536704622,17.190355713905877,12
normal,19604,normal_0588,4,2022-07-12 01:15:24.033,0.4,0,1,startup,False,9.645161408761494,17.190355713905877,12
normal,19605,normal_0588,5,2022-07-12 01:15:24.133,0.5,0,1,startup,False,8.500152889406982,17.190355713905877,12
normal,19606,normal_0588,6,2022-07-12 01:15:24.233,0.6,0,1,startup,False,9.108443301518427,17.190355713905877,12
normal,19607,normal_0588,7,2022-07-12 01:15:24.333,0.7,0,1,startup,False,6.858708128594036,17.190355713905877,12
normal,19608,normal_0588,8,2022-07-12 01:15:24.433,0.8,0,1,startup,False,7.013005964911294,17.190355713905877,12
normal,19609,normal_0588,9,2022-07-12 01:15:24.533,0.9,0,1,startup,False,8.409138318491948,17.190355713905877,12
normal,19610,normal_0588,10,2022-07-12 01:15:24.633,1.0,0,1,startup,False,8.738265757625356,17.190355713905877,12
normal,19611,normal_0588,11,2022-07-12 01:15:24.733,1.1,0,1,startup,False,8.51150515559601,17.190355713905877,12
normal,19612,normal_0588,12,2022-07-12 01:15:24.833,1.2,0,1,startup,False,6.34967930364364,17.190355713905877,12
normal,19613,normal_0588,13,2022-07-12 01:15:24.933,1.3,0,1,startup,False,5.7287496541332175,17.190355713905877,12
normal,19614,normal_0588,14,2022-07-12 01:15:25.033,1.4,0,1,startup,False,7.709593294679254,17.190355713905877,12
normal,19615,normal_0588,15,2022-07-12 01:15:25.133,1.5,0,1,startup,False,6.64027860185242,17.190355713905877,12
normal,19616,normal_0588,16,2022-07-12 01:15:25.233,1.6,0,1,startup,False,7.143390181581159,17.190355713905877,12
normal,19617,normal_0588,17,2022-07-12 01:15:25.333,1.7,0,1,startup,False,7.69779258926963,17.190355713905877,12
normal,19618,normal_0588,18,2022-07-12 01:15:25.433,1.8,0,1,startup,False,6.673979032068073,17.190355713905877,12
normal,19619,normal_0588,19,2022-07-12 01:15:25.533,1.9,0,1,startup,False,6.919033157254766,17.190355713905877,12
normal,19620,normal_0588,20,2022-07-12 01:15:25.633,2.0,0,1,startup,False,9.232642815121498,17.190355713905877,12
normal,19621,normal_0588,21,2022-07-12 01:15:25.733,2.1,0,1,startup,False,9.304295111557384,17.190355713905877,12
normal,19622,normal_0588,22,2022-07-12 01:15:25.833,2.2,0,1,startup,False,8.359797678315902,17.190355713905877,12
normal,19623,normal_0588,23,2022-07-12 01:15:25.933,2.3,0,1,startup,False,8.28972997938113,17.190355713905877,12
normal,19624,normal_0588,24,2022-07-12 01:15:26.033,2.4,0,1,startup,False,7.402574251416417,17.190355713905877,12
normal,19625,normal_0588,25,2022-07-12 01:15:26.133,2.5,0,1,startup,False,7.042772279424177,17.190355713905877,12
normal,19626,normal_0588,26,2022-07-12 01:15:26.233,2.6,0,1,startup,False,6.923303143661611,17.190355713905877,12
normal,19627,normal_0588,27,2022-07-12 01:15:26.333,2.7,0,1,startup,False,8.683007929102624,17.190355713905877,12
normal,19628,normal_0588,28,2022-07-12 01:15:26.433,2.8,0,1,startup,False,8.936358742981376,17.190355713905877,12
normal,19629,normal_0588,29,2022-07-12 01:15:26.533,2.9,0,1,startup,False,6.918119146263619,17.190355713905877,12
normal,19630,normal_0588,30,2022-07-12 01:15:26.633,3.0,0,1,startup,False,7.739833753712828,17.190355713905877,12
normal,19631,normal_0588,31,2022-07-12 01:15:26.733,3.1,0,1,startup,False,8.555262514820502,17.190355713905877,12
normal,19632,normal_0588,32,2022-07-12 01:15:26.833,3.2,0,1,startup,False,7.458741707093669,17.190355713905877,12
normal,19633,normal_0588,33,2022-07-12 01:15:26.933,3.3,0,1,startup,False,6.509016791384118,17.190355713905877,12
normal,19634,normal_0588,34,2022-07-12 01:15:27.033,3.4,0,1,startup,False,7.427248270525606,17.190355713905877,12
normal,19635,normal_0588,35,2022-07-12 01:15:27.133,3.5,0,1,startup,False,6.754690965139603,17.190355713905877,12
normal,19636,normal_0588,36,2022-07-12 01:15:27.233,3.6,0,1,startup,False,6.574461214655238,17.190355713905877,12
normal,19637,normal_0588,37,2022-07-12 01:15:27.333,3.7,0,1,startup,False,7.818403341370142,17.190355713905877,12
normal,19638,normal_0588,38,2022-07-12 01:15:27.433,3.8,0,1,startup,False,7.833920297104902,17.190355713905877,12
normal,19639,normal_0588,39,2022-07-12 01:15:27.533,3.9,0,1,startup,False,6.992557767930965,17.190355713905877,12
normal,19640,normal_0588,40,2022-07-12 01:15:27.633,4.0,0,1,startup,False,5.315114224886238,17.190355713905877,12
normal,19641,normal_0588,41,2022-07-12 01:15:27.733,4.1,0,1,startup,False,5.564572618689987,17.190355713905877,12
normal,19642,normal_0588,42,2022-07-12 01:15:27.833,4.2,0,1,startup,False,6.702530290268814,17.190355713905877,12
normal,19643,normal_0588,43,2022-07-12 01:15:27.933,4.3,0,1,startup,False,5.5899957470588895,17.190355713905877,12
normal,19644,normal_0588,44,2022-07-12 01:15:28.033,4.4,0,1,startup,False,6.168619048589095,17.190355713905877,12
normal,19645,normal_0588,45,2022-07-12 01:15:28.133,4.5,0,1,startup,False,6.765288466063152,17.190355713905877,12
normal,19646,normal_0588,46,2022-07-12 01:15:28.233,4.6,0,1,startup,False,6.404262086654166,17.190355713905877,12
normal,19647,normal_0588,47,2022-07-12 01:15:28.333,4.7,0,1,startup,False,6.988865050704648,17.190355713905877,12
normal,19648,normal_0588,48,2022-07-12 01:15:28.433,4.8,0,1,startup,False,7.707958442579508,17.190355713905877,12
normal,19649,normal_0588,49,2022-07-12 01:15:28.533,4.9,0,1,startup,False,7.029995808965876,17.190355713905877,12
normal,19650,normal_0589,0,2022-07-12 01:15:31.236,0.0,0,1,startup,False,2.730894091494664,8.528429503027562,3
normal,19651,normal_0589,1,2022-07-12 01:15:31.336,0.1,0,1,startup,False,4.946414445147037,12.144759502448782,6
normal,19652,normal_0589,2,2022-07-12 01:15:31.436,0.2,0,1,startup,False,6.433597721568763,14.132739481471942,9
normal,19653,normal_0589,3,2022-07-12 01:15:31.536,0.3,0,1,startup,False,8.234288908523949,17.190355713905877,12
normal,19654,normal_0589,4,2022-07-12 01:15:31.636,0.4,0,1,startup,False,4.8804653383169585,17.190355713905877,12
normal,19655,normal_0589,5,2022-07-12 01:15:31.736,0.5,0,1,startup,False,5.606695202317157,17.190355713905877,12
normal,19656,normal_0589,6,2022-07-12 01:15:31.836,0.6,0,1,startup,False,5.058016222401599,17.190355713905877,12
normal,19657,normal_0589,7,2022-07-12 01:15:31.936,0.7,0,1,startup,False,5.126581556445037,17.190355713905877,12
normal,19658,normal_0589,8,2022-07-12 01:15:32.036,0.8,0,1,startup,False,4.96760807164867,17.190355713905877,12
normal,19659,normal_0589,9,2022-07-12 01:15:32.136,0.9,0,1,startup,False,4.127727574432414,17.190355713905877,12
normal,19660,normal_0589,10,2022-07-12 01:15:32.236,1.0,0,1,startup,False,5.215053816505114,17.190355713905877,12
normal,19661,normal_0589,11,2022-07-12 01:15:32.336,1.1,0,1,startup,False,7.2344740068995605,17.190355713905877,12
normal,19662,normal_0589,12,2022-07-12 01:15:32.436,1.2,0,1,startup,False,9.492733350436971,17.190355713905877,12
normal,19663,normal_0589,13,2022-07-12 01:15:32.536,1.3,0,1,startup,False,7.152200700285213,17.190355713905877,12
normal,19664,normal_0589,14,2022-07-12 01:15:32.636,1.4,0,1,startup,False,7.8718995517208095,17.190355713905877,12
normal,19665,normal_0589,15,2022-07-12 01:15:32.736,1.5,0,1,startup,False,7.495508657212427,17.190355713905877,12
normal,19666,normal_0589,16,2022-07-12 01:15:32.836,1.6,0,1,startup,False,9.100170064856338,17.190355713905877,12
normal,19667,normal_0589,17,2022-07-12 01:15:32.936,1.7,0,1,startup,False,7.635162415086592,17.190355713905877,12
normal,19668,normal_0589,18,2022-07-12 01:15:33.036,1.8,0,1,startup,False,8.671114427030707,17.190355713905877,12
normal,19669,normal_0589,19,2022-07-12 01:15:33.136,1.9,0,1,startup,False,7.972520264990192,17.190355713905877,12
normal,19670,normal_0589,20,2022-07-12 01:15:33.236,2.0,0,1,startup,False,9.285731460760847,17.190355713905877,12
normal,19671,normal_0589,21,2022-07-12 01:15:33.336,2.1,0,1,startup,False,6.211267836830864,17.190355713905877,12
normal,19672,normal_0589,22,2022-07-12 01:15:33.436,2.2,0,1,startup,False,5.975482509166083,17.190355713905877,12
normal,19673,normal_0589,23,2022-07-12 01:15:33.536,2.3,0,1,startup,False,5.414063580555695,17.190355713905877,12
normal,19674,normal_0589,24,2022-07-12 01:15:33.636,2.4,0,1,startup,False,6.6229213326637995,17.190355713905877,12
normal,19675,normal_0589,25,2022-07-12 01:15:33.736,2.5,0,1,startup,False,6.937506656635658,17.190355713905877,12
normal,19676,normal_0589,26,2022-07-12 01:15:33.836,2.6,0,1,startup,False,6.006833569566897,17.190355713905877,12
normal,19677,normal_0589,27,2022-07-12 01:15:33.936,2.7,0,1,startup,False,5.901241889337869,17.190355713905877,12
normal,19678,normal_0589,28,2022-07-12 01:15:34.036,2.8,0,1,startup,False,6.348818924221523,17.190355713905877,12
normal,19679,normal_0589,29,2022-07-12 01:15:34.136,2.9,0,1,startup,False,5.691074059172191,17.190355713905877,12
normal,19680,normal_0589,30,2022-07-12 01:15:34.236,3.0,0,1,startup,False,5.381063037252023,17.190355713905877,12
normal,19681,normal_0589,31,2022-07-12 01:15:34.336,3.1,0,1,startup,False,5.122213972057242,17.190355713905877,12
normal,19682,normal_0589,32,2022-07-12 01:15:34.436,3.2,0,1,startup,False,5.372708591990221,17.190355713905877,12
normal,19683,normal_0589,33,2022-07-12 01:15:34.536,3.3,0,1,startup,False,5.908361737185642,17.190355713905877,12
normal,19684,normal_0589,34,2022-07-12 01:15:34.636,3.4,0,1,startup,False,6.4597798709215075,17.190355713905877,12
normal,19685,normal_0589,35,2022-07-12 01:15:34.736,3.5,0,1,startup,False,7.228984689689313,17.190355713905877,12
normal,19686,normal_0589,36,2022-07-12 01:15:34.836,3.6,0,1,startup,False,9.02826056442532,17.190355713905877,12
normal,19687,normal_0589,37,2022-07-12 01:15:34.936,3.7,0,1,startup,False,9.386092798748438,17.190355713905877,12
normal,19688,normal_0589,38,2022-07-12 01:15:35.036,3.8,0,1,startup,False,8.583987870330132,17.190355713905877,12
normal,19689,normal_0589,39,2022-07-12 01:15:35.136,3.9,0,1,startup,False,6.453188867721303,17.190355713905877,12
normal,19690,normal_0589,40,2022-07-12 01:15:35.236,4.0,0,1,startup,False,5.997363760226873,17.190355713905877,12
normal,19691,normal_0589,41,2022-07-12 01:15:35.336,4.1,0,1,startup,False,3.3846135869791043,17.190355713905877,12
normal,19692,normal_0590,0,2022-07-12 01:15:39.216,0.0,0,1,startup,False,7.112627198956591,8.528429503027562,3
normal,19693,normal_0590,1,2022-07-12 01:15:39.316,0.1,0,1,startup,False,7.873914565387739,12.144759502448782,6
normal,19694,normal_0590,2,2022-07-12 01:15:39.416,0.2,0,1,startup,False,9.681762099325994,14.132739481471942,9
normal,19695,normal_0590,3,2022-07-12 01:15:39.516,0.3,0,1,startup,False,8.429282435797486,17.190355713905877,12
normal,19696,normal_0590,4,2022-07-12 01:15:39.616,0.4,0,1,startup,False,8.591754310364067,17.190355713905877,12
normal,19697,normal_0590,5,2022-07-12 01:15:39.716,0.5,0,1,startup,False,7.411950324060079,17.190355713905877,12
normal,19698,normal_0590,6,2022-07-12 01:15:39.816,0.6,0,1,startup,False,10.150509440465484,17.190355713905877,12
normal,19699,normal_0590,7,2022-07-12 01:15:39.916,0.7,0,1,startup,False,6.830059787767978,17.190355713905877,12
normal,19700,normal_0590,8,2022-07-12 01:15:40.016,0.8,0,1,startup,False,5.640581260789392,17.190355713905877,12
normal,19701,normal_0590,9,2022-07-12 01:15:40.116,0.9,0,1,startup,False,9.349847759531725,17.190355713905877,12
normal,19702,normal_0590,10,2022-07-12 01:15:40.216,1.0,0,1,startup,False,9.263760604734221,17.190355713905877,12
normal,19703,normal_0590,11,2022-07-12 01:15:40.316,1.1,0,1,startup,False,10.296057579875862,17.190355713905877,12
normal,19704,normal_0590,12,2022-07-12 01:15:40.416,1.2,0,1,startup,False,11.459960248159144,17.190355713905877,12
normal,19705,normal_0590,13,2022-07-12 01:15:40.516,1.3,0,1,startup,False,11.613358801461079,17.190355713905877,12
normal,19706,normal_0590,14,2022-07-12 01:15:40.616,1.4,0,1,startup,False,9.105382973923623,17.190355713905877,12
normal,19707,normal_0590,15,2022-07-12 01:15:40.716,1.5,0,1,startup,False,10.932183287836088,17.190355713905877,12
normal,19708,normal_0590,16,2022-07-12 01:15:40.816,1.6,0,1,startup,False,10.295913419622435,17.190355713905877,12
normal,19709,normal_0590,17,2022-07-12 01:15:40.916,1.7,0,1,startup,False,10.096331944578898,17.190355713905877,12
normal,19710,normal_0590,18,2022-07-12 01:15:41.016,1.8,0,1,startup,False,8.530902223378261,17.190355713905877,12
normal,19711,normal_0590,19,2022-07-12 01:15:41.116,1.9,0,1,startup,False,10.000019954625957,17.190355713905877,12
normal,19712,normal_0590,20,2022-07-12 01:15:41.216,2.0,0,1,startup,False,8.764576224516174,17.190355713905877,12
normal,19713,normal_0590,21,2022-07-12 01:15:41.316,2.1,0,1,startup,False,7.663764059785816,17.190355713905877,12
normal,19714,normal_0590,22,2022-07-12 01:15:41.416,2.2,0,1,startup,False,8.320640766516084,17.190355713905877,12
normal,19715,normal_0590,23,2022-07-12 01:15:41.516,2.3,0,1,startup,False,9.223404199185827,17.190355713905877,12
normal,19716,normal_0590,24,2022-07-12 01:15:41.616,2.4,0,1,startup,False,9.69742759959609,17.190355713905877,12
normal,19717,normal_0590,25,2022-07-12 01:15:41.716,2.5,0,1,startup,False,7.243423637084665,17.190355713905877,12
normal,19718,normal_0590,26,2022-07-12 01:15:41.816,2.6,0,1,startup,False,8.869401040670652,17.190355713905877,12
normal,19719,normal_0590,27,2022-07-12 01:15:41.916,2.7,0,1,startup,False,6.91657501432861,17.190355713905877,12
normal,19720,normal_0590,28,2022-07-12 01:15:42.016,2.8,0,1,startup,False,10.14407679174948,17.190355713905877,12
normal,19721,normal_0591,0,2022-07-12 01:15:47.224,0.0,0,1,startup,False,4.009369829557333,8.528429503027562,3
normal,19722,normal_0591,1,2022-07-12 01:15:47.324,0.1,0,1,startup,False,7.561607202412626,12.144759502448782,6
normal,19723,normal_0591,2,2022-07-12 01:15:47.424,0.2,0,1,startup,False,8.166831497633678,14.132739481471942,9
normal,19724,normal_0591,3,2022-07-12 01:15:47.524,0.3,0,1,startup,False,8.181448370515293,17.190355713905877,12
normal,19725,normal_0591,4,2022-07-12 01:15:47.624,0.4,0,1,startup,False,10.858757688043054,17.190355713905877,12
normal,19726,normal_0591,5,2022-07-12 01:15:47.724,0.5,0,1,startup,False,13.250766650473688,17.190355713905877,12
normal,19727,normal_0591,6,2022-07-12 01:15:47.824,0.6,0,1,startup,False,11.413715117322193,17.190355713905877,12
normal,19728,normal_0591,7,2022-07-12 01:15:47.924,0.7,0,1,startup,False,8.779471952682064,17.190355713905877,12
normal,19729,normal_0591,8,2022-07-12 01:15:48.024,0.8,0,1,startup,False,8.019071242859235,17.190355713905877,12
normal,19730,normal_0591,9,2022-07-12 01:15:48.124,0.9,0,1,startup,False,8.722471135672713,17.190355713905877,12
normal,19731,normal_0591,10,2022-07-12 01:15:48.224,1.0,0,1,startup,False,9.579388247793194,17.190355713905877,12
normal,19732,normal_0591,11,2022-07-12 01:15:48.324,1.1,0,1,startup,False,8.732466647170506,17.190355713905877,12
normal,19733,normal_0591,12,2022-07-12 01:15:48.424,1.2,0,1,startup,False,8.017535828524982,17.190355713905877,12
normal,19734,normal_0591,13,2022-07-12 01:15:48.524,1.3,0,1,startup,False,8.27041889159329,17.190355713905877,12
normal,19735,normal_0591,14,2022-07-12 01:15:48.624,1.4,0,1,startup,False,8.56761380507064,17.190355713905877,12
normal,19736,normal_0591,15,2022-07-12 01:15:48.724,1.5,0,1,startup,False,9.307218602849366,17.190355713905877,12
normal,19737,normal_0591,16,2022-07-12 01:15:48.824,1.6,0,1,startup,False,11.675615849612964,17.190355713905877,12
normal,19738,normal_0591,17,2022-07-12 01:15:48.924,1.7,0,1,startup,False,9.262529903384253,17.190355713905877,12
normal,19739,normal_0592,0,2022-07-12 01:15:55.225,0.0,0,1,startup,False,2.9178126959734016,8.528429503027562,3
normal,19740,normal_0592,1,2022-07-12 01:15:55.325,0.1,0,1,startup,False,4.518557024977215,12.144759502448782,6
normal,19741,normal_0592,2,2022-07-12 01:15:55.425,0.2,0,1,startup,False,5.646073688112302,14.132739481471942,9
normal,19742,normal_0592,3,2022-07-12 01:15:55.525,0.3,0,1,startup,False,5.129108550434812,17.190355713905877,12
normal,19743,normal_0592,4,2022-07-12 01:15:55.625,0.4,0,1,startup,False,4.52324262779593,17.190355713905877,12
normal,19744,normal_0592,5,2022-07-12 01:15:55.725,0.5,0,1,startup,False,4.231109322651419,17.190355713905877,12
normal,19745,normal_0593,0,2022-07-12 01:16:04.244,0.0,0,1,startup,False,3.6936202538354497,8.528429503027562,3
normal,19746,normal_0593,1,2022-07-12 01:16:04.344,0.1,0,1,startup,False,6.583115466088539,12.144759502448782,6
normal,19747,normal_0593,2,2022-07-12 01:16:04.444,0.2,0,1,startup,False,5.918737416379073,14.132739481471942,9
normal,19748,normal_0593,3,2022-07-12 01:16:04.544,0.3,0,1,startup,False,6.159841044018436,17.190355713905877,12
normal,19749,normal_0593,4,2022-07-12 01:16:04.644,0.4,0,1,startup,False,7.06617251630681,17.190355713905877,12
normal,19750,normal_0593,5,2022-07-12 01:16:04.744,0.5,0,1,startup,False,6.924187717665216,17.190355713905877,12
normal,19751,normal_0593,6,2022-07-12 01:16:04.844,0.6,0,1,startup,False,6.801972499482811,17.190355713905877,12
normal,19752,normal_0593,7,2022-07-12 01:16:04.944,0.7,0,1,startup,False,6.172748810418306,17.190355713905877,12
normal,19753,normal_0593,8,2022-07-12 01:16:05.044,0.8,0,1,startup,False,6.896654816088351,17.190355713905877,12
normal,19754,normal_0593,9,2022-07-12 01:16:05.144,0.9,0,1,startup,False,8.452116872646743,17.190355713905877,12
normal,19755,normal_0593,10,2022-07-12 01:16:05.244,1.0,0,1,startup,False,9.229152033127649,17.190355713905877,12
normal,19756,normal_0593,11,2022-07-12 01:16:05.344,1.1,0,1,startup,False,8.8320722103042,17.190355713905877,12
normal,19757,normal_0593,12,2022-07-12 01:16:05.444,1.2,0,1,startup,False,7.59288988049351,17.190355713905877,12
normal,19758,normal_0593,13,2022-07-12 01:16:05.544,1.3,0,1,startup,False,6.834541118299939,17.190355713905877,12
normal,19759,normal_0593,14,2022-07-12 01:16:05.644,1.4,0,1,startup,False,8.97429722031808,17.190355713905877,12
normal,19760,normal_0593,15,2022-07-12 01:16:05.744,1.5,0,1,startup,False,8.649020882456902,17.190355713905877,12
normal,19761,normal_0593,16,2022-07-12 01:16:05.844,1.6,0,1,startup,False,7.434263966329072,17.190355713905877,12
normal,19762,normal_0593,17,2022-07-12 01:16:05.944,1.7,0,1,startup,False,6.728474543809595,17.190355713905877,12
normal,19763,normal_0593,18,2022-07-12 01:16:06.044,1.8,0,1,startup,False,7.41862536556419,17.190355713905877,12
normal,19764,normal_0593,19,2022-07-12 01:16:06.144,1.9,0,1,startup,False,7.0027164655507415,17.190355713905877,12
normal,19765,normal_0593,20,2022-07-12 01:16:06.244,2.0,0,1,startup,False,7.565015507630412,17.190355713905877,12
normal,19766,normal_0593,21,2022-07-12 01:16:06.344,2.1,0,1,startup,False,8.80411738259669,17.190355713905877,12
normal,19767,normal_0593,22,2022-07-12 01:16:06.444,2.2,0,1,startup,False,8.527729859989334,17.190355713905877,12
normal,19768,normal_0593,23,2022-07-12 01:16:06.544,2.3,0,1,startup,False,6.48445236386034,17.190355713905877,12
normal,19769,normal_0593,24,2022-07-12 01:16:06.644,2.4,0,1,startup,False,6.096845471025095,17.190355713905877,12
normal,19770,normal_0593,25,2022-07-12 01:16:06.744,2.5,0,1,startup,False,7.305535108208185,17.190355713905877,12
normal,19771,normal_0593,26,2022-07-12 01:16:06.844,2.6,0,1,startup,False,7.7605336072721425,17.190355713905877,12
normal,19772,normal_0593,27,2022-07-12 01:16:06.944,2.7,0,1,startup,False,6.96099962555455,17.190355713905877,12
normal,19773,normal_0593,28,2022-07-12 01:16:07.044,2.8,0,1,startup,False,8.367217146037639,17.190355713905877,12
normal,19774,normal_0593,29,2022-07-12 01:16:07.144,2.9,0,1,startup,False,7.225156505894369,17.190355713905877,12
normal,19775,normal_0593,30,2022-07-12 01:16:07.244,3.0,0,1,startup,False,6.405171233234896,17.190355713905877,12
normal,19776,normal_0593,31,2022-07-12 01:16:07.344,3.1,0,1,startup,False,9.161727205153298,17.190355713905877,12
normal,19777,normal_0593,32,2022-07-12 01:16:07.444,3.2,0,1,startup,False,11.29436704269891,17.190355713905877,12
normal,19778,normal_0593,33,2022-07-12 01:16:07.544,3.3,0,1,startup,False,7.290253985733932,17.190355713905877,12
normal,19779,normal_0593,34,2022-07-12 01:16:07.644,3.4,0,1,startup,False,7.397418002935548,17.190355713905877,12
normal,19780,normal_0593,35,2022-07-12 01:16:07.744,3.5,0,1,startup,False,9.488276158147052,17.190355713905877,12
normal,19781,normal_0593,36,2022-07-12 01:16:07.844,3.6,0,1,startup,False,11.051948003665998,17.190355713905877,12
normal,19782,normal_0593,37,2022-07-12 01:16:07.944,3.7,0,1,startup,False,10.778613404748048,17.190355713905877,12
normal,19783,normal_0593,38,2022-07-12 01:16:08.044,3.8,0,1,startup,False,10.663260363230043,17.190355713905877,12
normal,19784,normal_0593,39,2022-07-12 01:16:08.144,3.9,0,1,startup,False,12.346458616659957,17.190355713905877,12
normal,19785,normal_0593,40,2022-07-12 01:16:08.244,4.0,0,1,startup,False,10.259165007079336,17.190355713905877,12
normal,19786,normal_0593,41,2022-07-12 01:16:08.344,4.1,0,1,startup,False,10.344626084084252,17.190355713905877,12
normal,19787,normal_0593,42,2022-07-12 01:16:08.444,4.2,0,1,startup,False,11.156320055313428,17.190355713905877,12
normal,19788,normal_0593,43,2022-07-12 01:16:08.544,4.3,0,1,startup,False,9.121401781553402,17.190355713905877,12
normal,19789,normal_0593,44,2022-07-12 01:16:08.644,4.4,0,1,startup,False,9.50386273946014,17.190355713905877,12
normal,19790,normal_0593,45,2022-07-12 01:16:08.744,4.5,0,1,startup,False,8.388005189100147,17.190355713905877,12
normal,19791,normal_0593,46,2022-07-12 01:16:08.844,4.6,0,1,startup,False,8.583719507314932,17.190355713905877,12
normal,19792,normal_0593,47,2022-07-12 01:16:08.944,4.7,0,1,startup,False,8.236549818339704,17.190355713905877,12
normal,19793,normal_0593,48,2022-07-12 01:16:09.044,4.8,0,1,startup,False,9.448911709385289,17.190355713905877,12
normal,19794,normal_0593,49,2022-07-12 01:16:09.144,4.9,0,1,startup,False,8.509252344528491,17.190355713905877,12
normal,19795,normal_0594,0,2022-07-12 01:16:11.294,0.0,0,1,startup,False,3.1013568039893453,8.528429503027562,3
normal,19796,normal_0594,1,2022-07-12 01:16:11.394,0.1,0,1,startup,False,4.55046347996239,12.144759502448782,6
normal,19797,normal_0594,2,2022-07-12 01:16:11.494,0.2,0,1,startup,False,5.725946921569807,14.132739481471942,9
normal,19798,normal_0594,3,2022-07-12 01:16:11.594,0.3,0,1,startup,False,6.506073607318783,17.190355713905877,12
normal,19799,normal_0594,4,2022-07-12 01:16:11.694,0.4,0,1,startup,False,6.374499231263387,17.190355713905877,12
normal,19800,normal_0594,5,2022-07-12 01:16:11.794,0.5,0,1,startup,False,5.718578511893028,17.190355713905877,12
normal,19801,normal_0594,6,2022-07-12 01:16:11.894,0.6,0,1,startup,False,8.782250392954012,17.190355713905877,12
normal,19802,normal_0594,7,2022-07-12 01:16:11.994,0.7,0,1,startup,False,10.731837742077612,17.190355713905877,12
normal,19803,normal_0594,8,2022-07-12 01:16:12.094,0.8,0,1,startup,False,6.961724506156301,17.190355713905877,12
normal,19804,normal_0594,9,2022-07-12 01:16:12.194,0.9,0,1,startup,False,7.44178788471083,17.190355713905877,12
normal,19805,normal_0594,10,2022-07-12 01:16:12.294,1.0,0,1,startup,False,8.479084366643349,17.190355713905877,12
normal,19806,normal_0594,11,2022-07-12 01:16:12.394,1.1,0,1,startup,False,11.340070327689928,17.190355713905877,12
normal,19807,normal_0594,12,2022-07-12 01:16:12.494,1.2,0,1,startup,False,10.351427152994756,17.190355713905877,12
normal,19808,normal_0594,13,2022-07-12 01:16:12.594,1.3,0,1,startup,False,8.911977418501113,17.190355713905877,12
normal,19809,normal_0594,14,2022-07-12 01:16:12.694,1.4,0,1,startup,False,11.501888223637788,17.190355713905877,12
normal,19810,normal_0594,15,2022-07-12 01:16:12.794,1.5,0,1,startup,False,6.921930299178233,17.190355713905877,12
normal,19811,normal_0594,16,2022-07-12 01:16:12.894,1.6,0,1,startup,False,5.740204982881006,17.190355713905877,12
normal,19812,normal_0594,17,2022-07-12 01:16:12.994,1.7,0,1,startup,False,6.15649490318181,17.190355713905877,12
normal,19813,normal_0594,18,2022-07-12 01:16:13.094,1.8,0,1,startup,False,7.953827303925056,17.190355713905877,12
normal,19814,normal_0594,19,2022-07-12 01:16:13.194,1.9,0,1,startup,False,5.1207873006709415,17.190355713905877,12
normal,19815,normal_0594,20,2022-07-12 01:16:13.294,2.0,0,1,startup,False,5.932523117016474,17.190355713905877,12
normal,19816,normal_0594,21,2022-07-12 01:16:13.394,2.1,0,1,startup,False,7.341968535778965,17.190355713905877,12
normal,19817,normal_0594,22,2022-07-12 01:16:13.494,2.2,0,1,startup,False,11.550313594663194,17.190355713905877,12
normal,19818,normal_0594,23,2022-07-12 01:16:13.594,2.3,0,1,startup,False,9.943904172929667,17.190355713905877,12
normal,19819,normal_0594,24,2022-07-12 01:16:13.694,2.4,0,1,startup,False,6.5729960332123305,17.190355713905877,12
normal,19820,normal_0594,25,2022-07-12 01:16:13.794,2.5,0,1,startup,False,6.599436446481635,17.190355713905877,12
normal,19821,normal_0594,26,2022-07-12 01:16:13.894,2.6,0,1,startup,False,6.65603150654779,17.190355713905877,12
normal,19822,normal_0594,27,2022-07-12 01:16:13.994,2.7,0,1,startup,False,7.482806596767045,17.190355713905877,12
normal,19823,normal_0594,28,2022-07-12 01:16:14.094,2.8,0,1,startup,False,5.9325925267283806,17.190355713905877,12
normal,19824,normal_0594,29,2022-07-12 01:16:14.194,2.9,0,1,startup,False,11.346904027841811,17.190355713905877,12
normal,19825,normal_0594,30,2022-07-12 01:16:14.294,3.0,0,1,startup,False,8.247419405947303,17.190355713905877,12
normal,19826,normal_0594,31,2022-07-12 01:16:14.394,3.1,0,1,startup,False,6.592081076112561,17.190355713905877,12
normal,19827,normal_0594,32,2022-07-12 01:16:14.494,3.2,0,1,startup,False,6.6758865328874295,17.190355713905877,12
normal,19828,normal_0594,33,2022-07-12 01:16:14.594,3.3,0,1,startup,False,9.408069423853366,17.190355713905877,12
normal,19829,normal_0594,34,2022-07-12 01:16:14.694,3.4,0,1,startup,False,10.435459953451646,17.190355713905877,12
normal,19830,normal_0594,35,2022-07-12 01:16:14.794,3.5,0,1,startup,False,8.276685384985134,17.190355713905877,12
normal,19831,normal_0594,36,2022-07-12 01:16:14.894,3.6,0,1,startup,False,9.498241409482791,17.190355713905877,12
normal,19832,normal_0594,37,2022-07-12 01:16:14.994,3.7,0,1,startup,False,12.199154923385539,17.190355713905877,12
normal,19833,normal_0594,38,2022-07-12 01:16:15.094,3.8,0,1,startup,False,9.502247225447347,17.190355713905877,12
normal,19834,normal_0594,39,2022-07-12 01:16:15.194,3.9,0,1,startup,False,10.885533608462266,17.190355713905877,12
normal,19835,normal_0594,40,2022-07-12 01:16:15.294,4.0,0,1,startup,False,9.13302934205125,17.190355713905877,12
normal,19836,normal_0594,41,2022-07-12 01:16:15.394,4.1,0,1,startup,False,7.920924803647551,17.190355713905877,12
normal,19837,normal_0594,42,2022-07-12 01:16:15.494,4.2,0,1,startup,False,5.790758225258403,17.190355713905877,12
normal,19838,normal_0594,43,2022-07-12 01:16:15.594,4.3,0,1,startup,False,5.1675443534452725,17.190355713905877,12
normal,19839,normal_0594,44,2022-07-12 01:16:15.694,4.4,0,1,startup,False,6.611515655279855,17.190355713905877,12
normal,19840,normal_0594,45,2022-07-12 01:16:15.794,4.5,0,1,startup,False,7.009131903169205,17.190355713905877,12
normal,19841,normal_0595,0,2022-07-12 01:16:19.392,0.0,0,1,startup,False,6.386471848722104,8.528429503027562,3
normal,19842,normal_0595,1,2022-07-12 01:16:19.492,0.1,0,1,startup,False,8.677489822425272,12.144759502448782,6
normal,19843,normal_0595,2,2022-07-12 01:16:19.592,0.2,0,1,startup,False,9.127237093354273,14.132739481471942,9
normal,19844,normal_0595,3,2022-07-12 01:16:19.692,0.3,0,1,startup,False,8.25534188915613,17.190355713905877,12
normal,19845,normal_0595,4,2022-07-12 01:16:19.792,0.4,0,1,startup,False,8.17767220754517,17.190355713905877,12
normal,19846,normal_0595,5,2022-07-12 01:16:19.892,0.5,0,1,startup,False,9.275374256754427,17.190355713905877,12
normal,19847,normal_0595,6,2022-07-12 01:16:19.992,0.6,0,1,startup,False,11.627910947844128,17.190355713905877,12
normal,19848,normal_0595,7,2022-07-12 01:16:20.092,0.7,0,1,startup,False,11.476375873645086,17.190355713905877,12
normal,19849,normal_0595,8,2022-07-12 01:16:20.192,0.8,0,1,startup,False,9.485940043710988,17.190355713905877,12
normal,19850,normal_0595,9,2022-07-12 01:16:20.292,0.9,0,1,startup,False,10.812342660345537,17.190355713905877,12
normal,19851,normal_0595,10,2022-07-12 01:16:20.392,1.0,0,1,startup,False,10.674771224308586,17.190355713905877,12
normal,19852,normal_0595,11,2022-07-12 01:16:20.492,1.1,0,1,startup,False,13.265373876807812,17.190355713905877,12
normal,19853,normal_0595,12,2022-07-12 01:16:20.592,1.2,0,1,startup,False,10.38284104300893,17.190355713905877,12
normal,19854,normal_0595,13,2022-07-12 01:16:20.692,1.3,0,1,startup,False,12.976401483706416,17.190355713905877,12
normal,19855,normal_0595,14,2022-07-12 01:16:20.792,1.4,0,1,startup,False,10.044942762563645,17.190355713905877,12
normal,19856,normal_0595,15,2022-07-12 01:16:20.892,1.5,0,1,startup,False,12.631159628446307,17.190355713905877,12
normal,19857,normal_0595,16,2022-07-12 01:16:20.992,1.6,0,1,startup,False,11.511981867380905,17.190355713905877,12
normal,19858,normal_0595,17,2022-07-12 01:16:21.092,1.7,0,1,startup,False,13.401788203778073,17.190355713905877,12
normal,19859,normal_0595,18,2022-07-12 01:16:21.192,1.8,0,1,startup,False,10.600661792898427,17.190355713905877,12
normal,19860,normal_0595,19,2022-07-12 01:16:21.292,1.9,0,1,startup,False,11.480145196291092,17.190355713905877,12
normal,19861,normal_0595,20,2022-07-12 01:16:21.392,2.0,0,1,startup,False,10.184185750409794,17.190355713905877,12
normal,19862,normal_0595,21,2022-07-12 01:16:21.492,2.1,0,1,startup,False,8.630973293500446,17.190355713905877,12
normal,19863,normal_0595,22,2022-07-12 01:16:21.592,2.2,0,1,startup,False,11.584808465999005,17.190355713905877,12
normal,19864,normal_0595,23,2022-07-12 01:16:21.692,2.3,0,1,startup,False,14.122966714877593,17.190355713905877,12
normal,19865,normal_0595,24,2022-07-12 01:16:21.792,2.4,0,1,startup,False,11.549746923378137,17.190355713905877,12
normal,19866,normal_0595,25,2022-07-12 01:16:21.892,2.5,0,1,startup,False,10.038417755494105,17.190355713905877,12
normal,19867,normal_0595,26,2022-07-12 01:16:21.992,2.6,0,1,startup,False,12.680639761103524,17.190355713905877,12
normal,19868,normal_0595,27,2022-07-12 01:16:22.092,2.7,0,1,startup,False,8.950174667238144,17.190355713905877,12
normal,19869,normal_0595,28,2022-07-12 01:16:22.192,2.8,0,1,startup,False,11.256472392425085,17.190355713905877,12
normal,19870,normal_0595,29,2022-07-12 01:16:22.292,2.9,0,1,startup,False,11.42714140030308,17.190355713905877,12
normal,19871,normal_0595,30,2022-07-12 01:16:22.392,3.0,0,1,startup,False,8.615243613008785,17.190355713905877,12
normal,19872,normal_0595,31,2022-07-12 01:16:22.492,3.1,0,1,startup,False,9.161476294187265,17.190355713905877,12
normal,19873,normal_0595,32,2022-07-12 01:16:22.592,3.2,0,1,startup,False,11.04307670412554,17.190355713905877,12
normal,19874,normal_0595,33,2022-07-12 01:16:22.692,3.3,0,1,startup,False,9.157053035008857,17.190355713905877,12
normal,19875,normal_0595,34,2022-07-12 01:16:22.792,3.4,0,1,startup,False,13.917444402315343,17.190355713905877,12
normal,19876,normal_0596,0,2022-07-12 01:16:27.377,0.0,0,1,startup,False,3.277818737308946,8.528429503027562,3
normal,19877,normal_0596,1,2022-07-12 01:16:27.477,0.1,0,1,startup,False,5.899056893573557,12.144759502448782,6
normal,19878,normal_0596,2,2022-07-12 01:16:27.577,0.2,0,1,startup,False,6.808994700882313,14.132739481471942,9
normal,19879,normal_0596,3,2022-07-12 01:16:27.677,0.3,0,1,startup,False,6.866685560645698,17.190355713905877,12
normal,19880,normal_0596,4,2022-07-12 01:16:27.777,0.4,0,1,startup,False,7.379940158884414,17.190355713905877,12
normal,19881,normal_0596,5,2022-07-12 01:16:27.877,0.5,0,1,startup,False,8.155410636773583,17.190355713905877,12
normal,19882,normal_0596,6,2022-07-12 01:16:27.977,0.6,0,1,startup,False,6.343507777571837,17.190355713905877,12
normal,19883,normal_0596,7,2022-07-12 01:16:28.077,0.7,0,1,startup,False,7.482500100805827,17.190355713905877,12
normal,19884,normal_0596,8,2022-07-12 01:16:28.177,0.8,0,1,startup,False,6.37252939324594,17.190355713905877,12
normal,19885,normal_0596,9,2022-07-12 01:16:28.277,0.9,0,1,startup,False,6.339250050489092,17.190355713905877,12
normal,19886,normal_0596,10,2022-07-12 01:16:28.377,1.0,0,1,startup,False,6.299830741890764,17.190355713905877,12
normal,19887,normal_0596,11,2022-07-12 01:16:28.477,1.1,0,1,startup,False,6.703965538492895,17.190355713905877,12
normal,19888,normal_0596,12,2022-07-12 01:16:28.577,1.2,0,1,startup,False,6.055629224647707,17.190355713905877,12
normal,19889,normal_0596,13,2022-07-12 01:16:28.677,1.3,0,1,startup,False,6.242172826170825,17.190355713905877,12
normal,19890,normal_0596,14,2022-07-12 01:16:28.777,1.4,0,1,startup,False,5.14085192340815,17.190355713905877,12
normal,19891,normal_0596,15,2022-07-12 01:16:28.877,1.5,0,1,startup,False,5.575902760386969,17.190355713905877,12
normal,19892,normal_0596,16,2022-07-12 01:16:28.977,1.6,0,1,startup,False,6.049284117319837,17.190355713905877,12
normal,19893,normal_0596,17,2022-07-12 01:16:29.077,1.7,0,1,startup,False,5.983232104334839,17.190355713905877,12
normal,19894,normal_0596,18,2022-07-12 01:16:29.177,1.8,0,1,startup,False,7.959755410392046,17.190355713905877,12
normal,19895,normal_0596,19,2022-07-12 01:16:29.277,1.9,0,1,startup,False,6.871654767075776,17.190355713905877,12
normal,19896,normal_0596,20,2022-07-12 01:16:29.377,2.0,0,1,startup,False,7.1979363595549115,17.190355713905877,12
normal,19897,normal_0596,21,2022-07-12 01:16:29.477,2.1,0,1,startup,False,8.09372380163671,17.190355713905877,12
normal,19898,normal_0597,0,2022-07-12 01:16:35.392,0.0,0,1,startup,False,2.696851609885372,8.528429503027562,3
normal,19899,normal_0597,1,2022-07-12 01:16:35.492,0.1,0,1,startup,False,6.345478920690092,12.144759502448782,6
normal,19900,normal_0597,2,2022-07-12 01:16:35.592,0.2,0,1,startup,False,5.6717641859784695,14.132739481471942,9
normal,19901,normal_0597,3,2022-07-12 01:16:35.692,0.3,0,1,startup,False,6.2131012193817305,17.190355713905877,12
normal,19902,normal_0597,4,2022-07-12 01:16:35.792,0.4,0,1,startup,False,7.466686017630792,17.190355713905877,12
normal,19903,normal_0597,5,2022-07-12 01:16:35.892,0.5,0,1,startup,False,8.174337582421254,17.190355713905877,12
normal,19904,normal_0597,6,2022-07-12 01:16:35.992,0.6,0,1,startup,False,10.021376832641101,17.190355713905877,12
normal,19905,normal_0597,7,2022-07-12 01:16:36.092,0.7,0,1,startup,False,8.806991260661748,17.190355713905877,12
normal,19906,normal_0598,0,2022-07-12 01:16:44.524,0.0,0,1,startup,False,4.371553360142176,8.528429503027562,3
normal,19907,normal_0598,1,2022-07-12 01:16:44.624,0.1,0,1,startup,False,7.889043801059082,12.144759502448782,6
normal,19908,normal_0598,2,2022-07-12 01:16:44.724,0.2,0,1,startup,False,8.406560301287044,14.132739481471942,9
normal,19909,normal_0598,3,2022-07-12 01:16:44.824,0.3,0,1,startup,False,7.093603380184077,17.190355713905877,12
normal,19910,normal_0598,4,2022-07-12 01:16:44.924,0.4,0,1,startup,False,7.067128199410487,17.190355713905877,12
normal,19911,normal_0598,5,2022-07-12 01:16:45.024,0.5,0,1,startup,False,8.114377772763993,17.190355713905877,12
normal,19912,normal_0598,6,2022-07-12 01:16:45.124,0.6,0,1,startup,False,8.28195892461222,17.190355713905877,12
normal,19913,normal_0598,7,2022-07-12 01:16:45.224,0.7,0,1,startup,False,7.4498379036515665,17.190355713905877,12
normal,19914,normal_0598,8,2022-07-12 01:16:45.324,0.8,0,1,startup,False,8.352209594588713,17.190355713905877,12
normal,19915,normal_0598,9,2022-07-12 01:16:45.424,0.9,0,1,startup,False,8.899872878481888,17.190355713905877,12
normal,19916,normal_0598,10,2022-07-12 01:16:45.524,1.0,0,1,startup,False,6.794088821575784,17.190355713905877,12
normal,19917,normal_0598,11,2022-07-12 01:16:45.624,1.1,0,1,startup,False,6.894086014015348,17.190355713905877,12
normal,19918,normal_0598,12,2022-07-12 01:16:45.724,1.2,0,1,startup,False,9.234421185683887,17.190355713905877,12
normal,19919,normal_0598,13,2022-07-12 01:16:45.824,1.3,0,1,startup,False,8.240645923007966,17.190355713905877,12
normal,19920,normal_0598,14,2022-07-12 01:16:45.924,1.4,0,1,startup,False,8.885054602333314,17.190355713905877,12
normal,19921,normal_0598,15,2022-07-12 01:16:46.024,1.5,0,1,startup,False,7.045446650383081,17.190355713905877,12
normal,19922,normal_0598,16,2022-07-12 01:16:46.124,1.6,0,1,startup,False,7.625741751306603,17.190355713905877,12
normal,19923,normal_0598,17,2022-07-12 01:16:46.224,1.7,0,1,startup,False,8.770067352432468,17.190355713905877,12
normal,19924,normal_0598,18,2022-07-12 01:16:46.324,1.8,0,1,startup,False,7.19095049190027,17.190355713905877,12
normal,19925,normal_0598,19,2022-07-12 01:16:46.424,1.9,0,1,startup,False,7.474634249201935,17.190355713905877,12
normal,19926,normal_0598,20,2022-07-12 01:16:46.524,2.0,0,1,startup,False,6.2175969364107875,17.190355713905877,12
normal,19927,normal_0598,21,2022-07-12 01:16:46.624,2.1,0,1,startup,False,7.085078568351483,17.190355713905877,12
normal,19928,normal_0598,22,2022-07-12 01:16:46.724,2.2,0,1,startup,False,7.490572348327005,17.190355713905877,12
normal,19929,normal_0598,23,2022-07-12 01:16:46.824,2.3,0,1,startup,False,7.378452865833255,17.190355713905877,12
normal,19930,normal_0598,24,2022-07-12 01:16:46.924,2.4,0,1,startup,False,7.450830289217353,17.190355713905877,12
normal,19931,normal_0598,25,2022-07-12 01:16:47.024,2.5,0,1,startup,False,6.946790607057267,17.190355713905877,12
normal,19932,normal_0598,26,2022-07-12 01:16:47.124,2.6,0,1,startup,False,6.531420590525335,17.190355713905877,12
normal,19933,normal_0598,27,2022-07-12 01:16:47.224,2.7,0,1,startup,False,6.161806254207644,17.190355713905877,12
normal,19934,normal_0598,28,2022-07-12 01:16:47.324,2.8,0,1,startup,False,6.013354844056642,17.190355713905877,12
normal,19935,normal_0598,29,2022-07-12 01:16:47.424,2.9,0,1,startup,False,6.658068167777957,17.190355713905877,12
normal,19936,normal_0598,30,2022-07-12 01:16:47.524,3.0,0,1,startup,False,6.927058395446676,17.190355713905877,12
normal,19937,normal_0598,31,2022-07-12 01:16:47.624,3.1,0,1,startup,False,7.298589967488275,17.190355713905877,12
normal,19938,normal_0598,32,2022-07-12 01:16:47.724,3.2,0,1,startup,False,6.868638204463107,17.190355713905877,12
normal,19939,normal_0598,33,2022-07-12 01:16:47.824,3.3,0,1,startup,False,7.438393190754254,17.190355713905877,12
normal,19940,normal_0598,34,2022-07-12 01:16:47.924,3.4,0,1,startup,False,7.9958582498981015,17.190355713905877,12
normal,19941,normal_0598,35,2022-07-12 01:16:48.024,3.5,0,1,startup,False,6.951377405858272,17.190355713905877,12
normal,19942,normal_0598,36,2022-07-12 01:16:48.124,3.6,0,1,startup,False,6.287746333991869,17.190355713905877,12
normal,19943,normal_0598,37,2022-07-12 01:16:48.224,3.7,0,1,startup,False,6.368835633384249,17.190355713905877,12
normal,19944,normal_0598,38,2022-07-12 01:16:48.324,3.8,0,1,startup,False,7.264475209151618,17.190355713905877,12
normal,19945,normal_0598,39,2022-07-12 01:16:48.424,3.9,0,1,startup,False,6.9114850695041925,17.190355713905877,12
normal,19946,normal_0598,40,2022-07-12 01:16:48.524,4.0,0,1,startup,False,6.90850144380133,17.190355713905877,12
normal,19947,normal_0598,41,2022-07-12 01:16:48.624,4.1,0,1,startup,False,5.983767450414537,17.190355713905877,12
normal,19948,normal_0598,42,2022-07-12 01:16:48.724,4.2,0,1,startup,False,8.706095572293137,17.190355713905877,12
normal,19949,normal_0598,43,2022-07-12 01:16:48.824,4.3,0,1,startup,False,7.941216376623482,17.190355713905877,12
normal,19950,normal_0598,44,2022-07-12 01:16:48.924,4.4,0,1,startup,False,9.16185889759987,17.190355713905877,12
normal,19951,normal_0598,45,2022-07-12 01:16:49.024,4.5,0,1,startup,False,6.705202804464926,17.190355713905877,12
normal,19952,normal_0598,46,2022-07-12 01:16:49.124,4.6,0,1,startup,False,9.529201800763628,17.190355713905877,12
normal,19953,normal_0598,47,2022-07-12 01:16:49.224,4.7,0,1,startup,False,7.994353216947512,17.190355713905877,12
normal,19954,normal_0598,48,2022-07-12 01:16:49.324,4.8,0,1,startup,False,9.675714521643885,17.190355713905877,12
normal,19955,normal_0598,49,2022-07-12 01:16:49.424,4.9,0,1,startup,False,7.24361767756319,17.190355713905877,12
normal,19956,normal_0599,0,2022-07-12 01:16:51.528,0.0,0,1,startup,False,3.438663736826138,8.528429503027562,3
normal,19957,normal_0599,1,2022-07-12 01:16:51.628,0.1,0,1,startup,False,5.774423827516613,12.144759502448782,6
normal,19958,normal_0599,2,2022-07-12 01:16:51.728,0.2,0,1,startup,False,7.6952595170335405,14.132739481471942,9
normal,19959,normal_0599,3,2022-07-12 01:16:51.828,0.3,0,1,startup,False,8.895362602377919,17.190355713905877,12
normal,19960,normal_0599,4,2022-07-12 01:16:51.928,0.4,0,1,startup,False,8.079895915953502,17.190355713905877,12
normal,19961,normal_0599,5,2022-07-12 01:16:52.028,0.5,0,1,startup,False,9.237142518197222,17.190355713905877,12
normal,19962,normal_0599,6,2022-07-12 01:16:52.128,0.6,0,1,startup,False,9.470818823208084,17.190355713905877,12
normal,19963,normal_0599,7,2022-07-12 01:16:52.228,0.7,0,1,startup,False,6.4506286323646815,17.190355713905877,12
normal,19964,normal_0599,8,2022-07-12 01:16:52.328,0.8,0,1,startup,False,6.627219745437168,17.190355713905877,12
normal,19965,normal_0599,9,2022-07-12 01:16:52.428,0.9,0,1,startup,False,5.345459731369042,17.190355713905877,12
normal,19966,normal_0599,10,2022-07-12 01:16:52.528,1.0,0,1,startup,False,4.822656251880261,17.190355713905877,12
normal,19967,normal_0599,11,2022-07-12 01:16:52.628,1.1,0,1,startup,False,5.7408262819149245,17.190355713905877,12
normal,19968,normal_0599,12,2022-07-12 01:16:52.728,1.2,0,1,startup,False,8.033893692900278,17.190355713905877,12
normal,19969,normal_0599,13,2022-07-12 01:16:52.828,1.3,0,1,startup,False,5.740482095304635,17.190355713905877,12
normal,19970,normal_0599,14,2022-07-12 01:16:52.928,1.4,0,1,startup,False,4.640137073848666,17.190355713905877,12
normal,19971,normal_0599,15,2022-07-12 01:16:53.028,1.5,0,1,startup,False,5.197931530202232,17.190355713905877,12
normal,19972,normal_0599,16,2022-07-12 01:16:53.128,1.6,0,1,startup,False,6.820536390263996,17.190355713905877,12
normal,19973,normal_0599,17,2022-07-12 01:16:53.228,1.7,0,1,startup,False,7.3602566649284515,17.190355713905877,12
normal,19974,normal_0599,18,2022-07-12 01:16:53.328,1.8,0,1,startup,False,5.955207334040688,17.190355713905877,12
normal,19975,normal_0599,19,2022-07-12 01:16:53.428,1.9,0,1,startup,False,6.38797398375386,17.190355713905877,12
normal,19976,normal_0599,20,2022-07-12 01:16:53.528,2.0,0,1,startup,False,5.9604109815848565,17.190355713905877,12
normal,19977,normal_0599,21,2022-07-12 01:16:53.628,2.1,0,1,startup,False,4.758493974677625,17.190355713905877,12
normal,19978,normal_0599,22,2022-07-12 01:16:53.728,2.2,0,1,startup,False,5.070082423627129,17.190355713905877,12
normal,19979,normal_0599,23,2022-07-12 01:16:53.828,2.3,0,1,startup,False,6.039562316677496,17.190355713905877,12
normal,19980,normal_0599,24,2022-07-12 01:16:53.928,2.4,0,1,startup,False,5.013581306408752,17.190355713905877,12
normal,19981,normal_0599,25,2022-07-12 01:16:54.028,2.5,0,1,startup,False,4.299847342254476,17.190355713905877,12
normal,19982,normal_0599,26,2022-07-12 01:16:54.128,2.6,0,1,startup,False,4.300570031293836,17.190355713905877,12
normal,19983,normal_0599,27,2022-07-12 01:16:54.228,2.7,0,1,startup,False,4.184033264844601,17.190355713905877,12
normal,19984,normal_0599,28,2022-07-12 01:16:54.328,2.8,0,1,startup,False,3.9498182080882445,17.190355713905877,12
normal,19985,normal_0599,29,2022-07-12 01:16:54.428,2.9,0,1,startup,False,4.711297425848776,17.190355713905877,12
normal,19986,normal_0599,30,2022-07-12 01:16:54.528,3.0,0,1,startup,False,4.991517481457308,17.190355713905877,12
normal,19987,normal_0599,31,2022-07-12 01:16:54.628,3.1,0,1,startup,False,5.152655592249256,17.190355713905877,12
normal,19988,normal_0599,32,2022-07-12 01:16:54.728,3.2,0,1,startup,False,5.163000881230598,17.190355713905877,12
normal,19989,normal_0599,33,2022-07-12 01:16:54.828,3.3,0,1,startup,False,6.459407646697435,17.190355713905877,12
normal,19990,normal_0599,34,2022-07-12 01:16:54.928,3.4,0,1,startup,False,5.921095820405648,17.190355713905877,12
normal,19991,normal_0599,35,2022-07-12 01:16:55.028,3.5,0,1,startup,False,6.2058182776480075,17.190355713905877,12
normal,19992,normal_0599,36,2022-07-12 01:16:55.128,3.6,0,1,startup,False,5.063741123883986,17.190355713905877,12
normal,19993,normal_0599,37,2022-07-12 01:16:55.228,3.7,0,1,startup,False,4.5708077217026055,17.190355713905877,12
normal,19994,normal_0599,38,2022-07-12 01:16:55.328,3.8,0,1,startup,False,3.7907740015641354,17.190355713905877,12
normal,19995,normal_0599,39,2022-07-12 01:16:55.428,3.9,0,1,startup,False,5.5199146471790845,17.190355713905877,12
normal,19996,normal_0599,40,2022-07-12 01:16:55.528,4.0,0,1,startup,False,6.940200535412364,17.190355713905877,12
normal,19997,normal_0599,41,2022-07-12 01:16:55.628,4.1,0,1,startup,False,5.953970537686704,17.190355713905877,12
normal,19998,normal_0599,42,2022-07-12 01:16:55.728,4.2,0,1,startup,False,7.822188993329404,17.190355713905877,12
normal,19999,normal_0599,43,2022-07-12 01:16:55.828,4.3,0,1,startup,False,8.215205761677131,17.190355713905877,12
fault,0,fault_0001,0,2022-07-17 10:51:07.943,0.0,1,1,startup,True,26.18649053129859,8.528429503027562,3
fault,1,fault_0001,1,2022-07-17 10:51:08.043,0.1,1,1,startup,True,189.32604986268572,12.144759502448782,6
fault,2,fault_0001,2,2022-07-17 10:51:08.143,0.2,1,1,startup,True,436.9989298627838,14.132739481471942,9
fault,3,fault_0001,3,2022-07-17 10:51:08.243,0.3,1,1,startup,True,578.1931396340093,17.190355713905877,12
fault,4,fault_0002,0,2022-07-17 10:51:16.724,0.0,1,1,startup,True,13.598450736718673,8.528429503027562,3
fault,5,fault_0002,1,2022-07-17 10:51:16.824,0.1,1,1,startup,True,42.80954505696639,12.144759502448782,6
fault,6,fault_0002,2,2022-07-17 10:51:16.924,0.2,1,1,startup,True,73.01410355084029,14.132739481471942,9
fault,7,fault_0002,3,2022-07-17 10:51:17.024,0.3,1,1,startup,True,92.78441601023637,17.190355713905877,12
fault,8,fault_0002,4,2022-07-17 10:51:17.124,0.4,1,1,startup,True,118.51471668975273,17.190355713905877,12
fault,9,fault_0002,5,2022-07-17 10:51:17.224,0.5,1,1,startup,True,66.81834092103261,17.190355713905877,12
fault,10,fault_0002,6,2022-07-17 10:51:17.324,0.6,1,1,startup,True,322.509743226228,17.190355713905877,12
fault,11,fault_0002,7,2022-07-17 10:51:17.424,0.7,1,1,startup,True,762.8693532280594,17.190355713905877,12
fault,12,fault_0002,8,2022-07-17 10:51:17.524,0.8,1,1,startup,True,1121.6062638811145,17.190355713905877,12
fault,13,fault_0002,9,2022-07-17 10:51:17.624,0.9,1,1,startup,True,1244.8608863105378,17.190355713905877,12
fault,14,fault_0002,10,2022-07-17 10:51:17.724,1.0,1,1,startup,True,813.2964393437229,17.190355713905877,12
fault,15,fault_0002,11,2022-07-17 10:51:17.824,1.1,1,1,startup,True,428.00971057251854,17.190355713905877,12
fault,16,fault_0002,12,2022-07-17 10:51:17.924,1.2,1,1,startup,True,414.44109032342783,17.190355713905877,12
fault,17,fault_0002,13,2022-07-17 10:51:18.024,1.3,1,1,startup,True,459.3513051966719,17.190355713905877,12
fault,18,fault_0002,14,2022-07-17 10:51:18.124,1.4,1,1,startup,True,363.31122085714145,17.190355713905877,12
fault,19,fault_0002,15,2022-07-17 10:51:18.224,1.5,1,1,startup,True,364.3244114219687,17.190355713905877,12
fault,20,fault_0002,16,2022-07-17 10:51:18.324,1.6,1,1,startup,True,291.32097009166716,17.190355713905877,12
fault,21,fault_0002,17,2022-07-17 10:51:18.424,1.7,1,1,startup,True,267.5452537888991,17.190355713905877,12
fault,22,fault_0002,18,2022-07-17 10:51:18.524,1.8,1,1,startup,True,505.45949054921317,17.190355713905877,12
fault,23,fault_0002,19,2022-07-17 10:51:18.624,1.9,1,1,startup,True,438.02901689990847,17.190355713905877,12
fault,24,fault_0002,20,2022-07-17 10:51:18.724,2.0,1,1,startup,True,508.470629030173,17.190355713905877,12
fault,25,fault_0002,21,2022-07-17 10:51:18.824,2.1,1,1,startup,True,409.34048037294946,17.190355713905877,12
fault,26,fault_0002,22,2022-07-17 10:51:18.924,2.2,1,1,startup,True,608.7875894101137,17.190355713905877,12
fault,27,fault_0002,23,2022-07-17 10:51:19.024,2.3,1,1,startup,True,1161.3427636919384,17.190355713905877,12
fault,28,fault_0002,24,2022-07-17 10:51:19.124,2.4,1,1,startup,True,1177.1810304135531,17.190355713905877,12
fault,29,fault_0002,25,2022-07-17 10:51:19.224,2.5,1,1,startup,True,1152.8710506969185,17.190355713905877,12
fault,30,fault_0002,26,2022-07-17 10:51:19.324,2.6,1,1,startup,True,307.13149425397955,17.190355713905877,12
fault,31,fault_0002,27,2022-07-17 10:51:19.424,2.7,1,1,startup,True,110.46213029899295,17.190355713905877,12
fault,32,fault_0002,28,2022-07-17 10:51:19.524,2.8,1,1,startup,True,38.21842858569322,17.190355713905877,12
fault,33,fault_0002,29,2022-07-17 10:51:19.624,2.9,1,1,startup,True,50.21702037639079,17.190355713905877,12
fault,34,fault_0002,30,2022-07-17 10:51:19.724,3.0,1,1,startup,True,72.2440024935028,17.190355713905877,12
fault,35,fault_0002,31,2022-07-17 10:51:19.824,3.1,1,1,startup,True,82.99899517651926,17.190355713905877,12
fault,36,fault_0002,32,2022-07-17 10:51:19.924,3.2,1,1,startup,True,93.62676805526307,17.190355713905877,12
fault,37,fault_0002,33,2022-07-17 10:51:20.024,3.3,1,1,startup,True,123.53707551216647,17.190355713905877,12
fault,38,fault_0002,34,2022-07-17 10:51:20.124,3.4,1,1,startup,True,126.27966240719323,17.190355713905877,12
fault,39,fault_0002,35,2022-07-17 10:51:20.224,3.5,1,1,startup,True,49.68746365380575,17.190355713905877,12
fault,40,fault_0002,36,2022-07-17 10:51:20.324,3.6,1,1,startup,True,31.858813839109462,17.190355713905877,12
fault,41,fault_0002,37,2022-07-17 10:51:20.424,3.7,1,1,startup,True,21.4602221858874,17.190355713905877,12
fault,42,fault_0002,38,2022-07-17 10:51:20.524,3.8,1,1,startup,True,81.72323205202113,17.190355713905877,12
fault,43,fault_0002,39,2022-07-17 10:51:20.624,3.9,1,1,startup,True,96.95402973953064,17.190355713905877,12
fault,44,fault_0002,40,2022-07-17 10:51:20.724,4.0,1,1,startup,True,227.1189699189629,17.190355713905877,12
fault,45,fault_0002,41,2022-07-17 10:51:20.824,4.1,1,1,startup,True,185.88213633984327,17.190355713905877,12
fault,46,fault_0002,42,2022-07-17 10:51:20.924,4.2,1,1,startup,True,165.77692710410258,17.190355713905877,12
fault,47,fault_0002,43,2022-07-17 10:51:21.024,4.3,1,1,startup,True,50.18189558841392,17.190355713905877,12
fault,48,fault_0002,44,2022-07-17 10:51:21.124,4.4,1,1,startup,True,35.75221542223616,17.190355713905877,12
fault,49,fault_0002,45,2022-07-17 10:51:21.224,4.5,1,1,startup,True,34.627442971285724,17.190355713905877,12
fault,50,fault_0002,46,2022-07-17 10:51:21.324,4.6,1,1,startup,True,57.85578537502003,17.190355713905877,12
fault,51,fault_0002,47,2022-07-17 10:51:21.424,4.7,1,1,startup,True,44.16036029405296,17.190355713905877,12
fault,52,fault_0002,48,2022-07-17 10:51:21.524,4.8,1,1,startup,True,33.859265891712205,17.190355713905877,12
fault,53,fault_0002,49,2022-07-17 10:51:21.624,4.9,1,1,startup,True,135.86798491490086,17.190355713905877,12
fault,54,fault_0003,0,2022-07-17 10:51:23.615,0.0,1,1,startup,False,3.7585580896503434,8.528429503027562,3
fault,55,fault_0003,1,2022-07-17 10:51:23.715,0.1,1,1,startup,True,12.782796666359904,12.144759502448782,6
fault,56,fault_0003,2,2022-07-17 10:51:23.815,0.2,1,1,startup,True,47.879928768227686,14.132739481471942,9
fault,57,fault_0003,3,2022-07-17 10:51:23.915,0.3,1,1,startup,True,143.9810116183783,17.190355713905877,12
fault,58,fault_0003,4,2022-07-17 10:51:24.015,0.4,1,1,startup,True,71.9981300310658,17.190355713905877,12
fault,59,fault_0003,5,2022-07-17 10:51:24.115,0.5,1,1,startup,True,87.19856273450151,17.190355713905877,12
fault,60,fault_0003,6,2022-07-17 10:51:24.215,0.6,1,1,startup,True,191.88100986619685,17.190355713905877,12
fault,61,fault_0003,7,2022-07-17 10:51:24.315,0.7,1,1,startup,True,584.830408316117,17.190355713905877,12
fault,62,fault_0003,8,2022-07-17 10:51:24.415,0.8,1,1,startup,True,470.00196739398086,17.190355713905877,12
fault,63,fault_0003,9,2022-07-17 10:51:24.515,0.9,1,1,startup,True,282.57958826880446,17.190355713905877,12
fault,64,fault_0003,10,2022-07-17 10:51:24.615,1.0,1,1,startup,True,55.613811965583466,17.190355713905877,12
fault,65,fault_0003,11,2022-07-17 10:51:24.715,1.1,1,1,startup,True,131.5121508003136,17.190355713905877,12
fault,66,fault_0003,12,2022-07-17 10:51:24.815,1.2,1,1,startup,True,114.64067809129793,17.190355713905877,12
fault,67,fault_0003,13,2022-07-17 10:51:24.915,1.3,1,1,startup,True,434.1261701301231,17.190355713905877,12
fault,68,fault_0003,14,2022-07-17 10:51:25.015,1.4,1,1,startup,True,508.13046590823535,17.190355713905877,12
fault,69,fault_0003,15,2022-07-17 10:51:25.115,1.5,1,1,startup,True,617.7803465246044,17.190355713905877,12
fault,70,fault_0003,16,2022-07-17 10:51:25.215,1.6,1,1,startup,True,427.67383893633405,17.190355713905877,12
fault,71,fault_0003,17,2022-07-17 10:51:25.315,1.7,1,1,startup,True,648.911240211117,17.190355713905877,12
fault,72,fault_0003,18,2022-07-17 10:51:25.415,1.8,1,1,startup,True,835.5629670874686,17.190355713905877,12
fault,73,fault_0003,19,2022-07-17 10:51:25.515,1.9,1,1,startup,True,682.6435194717031,17.190355713905877,12
fault,74,fault_0003,20,2022-07-17 10:51:25.615,2.0,1,1,startup,True,466.7412357244819,17.190355713905877,12
fault,75,fault_0003,21,2022-07-17 10:51:25.715,2.1,1,1,startup,True,283.7016786065586,17.190355713905877,12
fault,76,fault_0003,22,2022-07-17 10:51:25.815,2.2,1,1,startup,True,308.40113392012216,17.190355713905877,12
fault,77,fault_0003,23,2022-07-17 10:51:25.915,2.3,1,1,startup,True,418.9391951706525,17.190355713905877,12
fault,78,fault_0003,24,2022-07-17 10:51:26.015,2.4,1,1,startup,True,473.4345848528756,17.190355713905877,12
fault,79,fault_0003,25,2022-07-17 10:51:26.115,2.5,1,1,startup,True,376.6017508478285,17.190355713905877,12
fault,80,fault_0003,26,2022-07-17 10:51:26.215,2.6,1,1,startup,True,380.44602873561735,17.190355713905877,12
fault,81,fault_0003,27,2022-07-17 10:51:26.315,2.7,1,1,startup,True,503.92780474823365,17.190355713905877,12
fault,82,fault_0003,28,2022-07-17 10:51:26.415,2.8,1,1,startup,True,420.0023206407736,17.190355713905877,12
fault,83,fault_0003,29,2022-07-17 10:51:26.515,2.9,1,1,startup,True,339.27750336580976,17.190355713905877,12
fault,84,fault_0003,30,2022-07-17 10:51:26.615,3.0,1,1,startup,True,362.9146889580998,17.190355713905877,12
fault,85,fault_0003,31,2022-07-17 10:51:26.715,3.1,1,1,startup,True,383.38522439352,17.190355713905877,12
fault,86,fault_0003,32,2022-07-17 10:51:26.815,3.2,1,1,startup,True,296.59584351360155,17.190355713905877,12
fault,87,fault_0003,33,2022-07-17 10:51:26.915,3.3,1,1,startup,True,322.937548683118,17.190355713905877,12
fault,88,fault_0003,34,2022-07-17 10:51:27.015,3.4,1,1,startup,True,331.7996340395549,17.190355713905877,12
fault,89,fault_0003,35,2022-07-17 10:51:27.115,3.5,1,1,startup,True,572.3866886427712,17.190355713905877,12
fault,90,fault_0003,36,2022-07-17 10:51:27.215,3.6,1,1,startup,True,753.5468318267793,17.190355713905877,12
fault,91,fault_0003,37,2022-07-17 10:51:27.315,3.7,1,1,startup,True,887.6969806702692,17.190355713905877,12
fault,92,fault_0003,38,2022-07-17 10:51:27.415,3.8,1,1,startup,True,997.5266387210258,17.190355713905877,12
fault,93,fault_0003,39,2022-07-17 10:51:27.515,3.9,1,1,startup,True,767.1676604175274,17.190355713905877,12
fault,94,fault_0003,40,2022-07-17 10:51:27.615,4.0,1,1,startup,True,238.62372993646193,17.190355713905877,12
fault,95,fault_0003,41,2022-07-17 10:51:27.715,4.1,1,1,startup,True,146.5110972831261,17.190355713905877,12
fault,96,fault_0003,42,2022-07-17 10:51:27.815,4.2,1,1,startup,True,103.95714215495028,17.190355713905877,12
fault,97,fault_0003,43,2022-07-17 10:51:27.915,4.3,1,1,startup,True,68.16146062568221,17.190355713905877,12
fault,98,fault_0003,44,2022-07-17 10:51:28.015,4.4,1,1,startup,True,79.73334970613024,17.190355713905877,12
fault,99,fault_0003,45,2022-07-17 10:51:28.115,4.5,1,1,startup,True,114.40638131879986,17.190355713905877,12
fault,100,fault_0003,46,2022-07-17 10:51:28.215,4.6,1,1,startup,True,97.24501889594046,17.190355713905877,12
fault,101,fault_0004,0,2022-07-17 10:51:31.734,0.0,1,1,startup,False,4.002276506026343,8.528429503027562,3
fault,102,fault_0004,1,2022-07-17 10:51:31.834,0.1,1,1,startup,False,6.659536586660603,12.144759502448782,6
fault,103,fault_0004,2,2022-07-17 10:51:31.934,0.2,1,1,startup,False,9.704265248754893,14.132739481471942,9
fault,104,fault_0004,3,2022-07-17 10:51:32.034,0.3,1,1,startup,False,12.745222254008143,17.190355713905877,12
fault,105,fault_0004,4,2022-07-17 10:51:32.134,0.4,1,1,startup,True,26.335091366183097,17.190355713905877,12
fault,106,fault_0004,5,2022-07-17 10:51:32.234,0.5,1,1,startup,True,32.30053258755984,17.190355713905877,12
fault,107,fault_0004,6,2022-07-17 10:51:32.334,0.6,1,1,startup,True,72.00241520434278,17.190355713905877,12
fault,108,fault_0004,7,2022-07-17 10:51:32.434,0.7,1,1,startup,True,136.22221630822332,17.190355713905877,12
fault,109,fault_0004,8,2022-07-17 10:51:32.534,0.8,1,1,startup,True,146.41874720231516,17.190355713905877,12
fault,110,fault_0004,9,2022-07-17 10:51:32.634,0.9,1,1,startup,True,83.86136054836139,17.190355713905877,12
fault,111,fault_0004,10,2022-07-17 10:51:32.734,1.0,1,1,startup,True,466.43160970452885,17.190355713905877,12
fault,112,fault_0004,11,2022-07-17 10:51:32.834,1.1,1,1,startup,True,438.4688032828599,17.190355713905877,12
fault,113,fault_0004,12,2022-07-17 10:51:32.934,1.2,1,1,startup,True,288.19570658438784,17.190355713905877,12
fault,114,fault_0004,13,2022-07-17 10:51:33.034,1.3,1,1,startup,True,58.936831620762256,17.190355713905877,12
fault,115,fault_0004,14,2022-07-17 10:51:33.134,1.4,1,1,startup,True,120.1012529334719,17.190355713905877,12
fault,116,fault_0004,15,2022-07-17 10:51:33.234,1.5,1,1,startup,True,248.1574708768048,17.190355713905877,12
fault,117,fault_0004,16,2022-07-17 10:51:33.334,1.6,1,1,startup,True,257.46527850222907,17.190355713905877,12
fault,118,fault_0004,17,2022-07-17 10:51:33.434,1.7,1,1,startup,True,494.5151454084859,17.190355713905877,12
fault,119,fault_0004,18,2022-07-17 10:51:33.534,1.8,1,1,startup,True,770.9811621399921,17.190355713905877,12
fault,120,fault_0004,19,2022-07-17 10:51:33.634,1.9,1,1,startup,True,748.1406095024793,17.190355713905877,12
fault,121,fault_0004,20,2022-07-17 10:51:33.734,2.0,1,1,startup,True,422.62970260662325,17.190355713905877,12
fault,122,fault_0004,21,2022-07-17 10:51:33.834,2.1,1,1,startup,True,189.17282551378298,17.190355713905877,12
fault,123,fault_0004,22,2022-07-17 10:51:33.934,2.2,1,1,startup,True,209.09092311434898,17.190355713905877,12
fault,124,fault_0004,23,2022-07-17 10:51:34.034,2.3,1,1,startup,True,168.07658193262728,17.190355713905877,12
fault,125,fault_0004,24,2022-07-17 10:51:34.134,2.4,1,1,startup,True,78.05472289202201,17.190355713905877,12
fault,126,fault_0004,25,2022-07-17 10:51:34.234,2.5,1,1,startup,True,57.100913567117736,17.190355713905877,12
fault,127,fault_0004,26,2022-07-17 10:51:34.334,2.6,1,1,startup,True,77.34397925055768,17.190355713905877,12
fault,128,fault_0004,27,2022-07-17 10:51:34.434,2.7,1,1,startup,True,49.910407404742976,17.190355713905877,12
fault,129,fault_0004,28,2022-07-17 10:51:34.534,2.8,1,1,startup,True,51.79682963158147,17.190355713905877,12
fault,130,fault_0004,29,2022-07-17 10:51:34.634,2.9,1,1,startup,True,180.2628639596339,17.190355713905877,12
fault,131,fault_0004,30,2022-07-17 10:51:34.734,3.0,1,1,startup,True,199.17173420036306,17.190355713905877,12
fault,132,fault_0005,0,2022-07-17 10:51:39.999,0.0,1,1,startup,False,6.879425569780917,8.528429503027562,3
fault,133,fault_0005,1,2022-07-17 10:51:40.099,0.1,1,1,startup,False,11.222086698327695,12.144759502448782,6
fault,134,fault_0005,2,2022-07-17 10:51:40.199,0.2,1,1,startup,True,44.52056028149388,14.132739481471942,9
fault,135,fault_0005,3,2022-07-17 10:51:40.299,0.3,1,1,startup,True,437.6025084378685,17.190355713905877,12
fault,136,fault_0005,4,2022-07-17 10:51:40.399,0.4,1,1,startup,True,305.82192233950184,17.190355713905877,12
fault,137,fault_0005,5,2022-07-17 10:51:40.499,0.5,1,1,startup,True,926.2685229183354,17.190355713905877,12
fault,138,fault_0005,6,2022-07-17 10:51:40.599,0.6,1,1,startup,True,748.9462592821316,17.190355713905877,12
fault,139,fault_0005,7,2022-07-17 10:51:40.699,0.7,1,1,startup,True,748.6154075430387,17.190355713905877,12
fault,140,fault_0005,8,2022-07-17 10:51:40.799,0.8,1,1,startup,True,491.2337912966071,17.190355713905877,12
fault,141,fault_0005,9,2022-07-17 10:51:40.899,0.9,1,1,startup,True,614.2510636483162,17.190355713905877,12
fault,142,fault_0005,10,2022-07-17 10:51:40.999,1.0,1,1,startup,True,596.0976721160066,17.190355713905877,12
fault,143,fault_0005,11,2022-07-17 10:51:41.099,1.1,1,1,startup,True,603.0887963847252,17.190355713905877,12
fault,144,fault_0005,12,2022-07-17 10:51:41.199,1.2,1,1,startup,True,579.3443807638363,17.190355713905877,12
fault,145,fault_0005,13,2022-07-17 10:51:41.299,1.3,1,1,startup,True,375.4069799062934,17.190355713905877,12
fault,146,fault_0005,14,2022-07-17 10:51:41.399,1.4,1,1,startup,True,435.1327455220724,17.190355713905877,12
fault,147,fault_0005,15,2022-07-17 10:51:41.499,1.5,1,1,startup,True,478.4835588775727,17.190355713905877,12
fault,148,fault_0005,16,2022-07-17 10:51:41.599,1.6,1,1,startup,True,554.3469361309737,17.190355713905877,12
fault,149,fault_0005,17,2022-07-17 10:51:41.699,1.7,1,1,startup,True,562.8398264350778,17.190355713905877,12
fault,150,fault_0006,0,2022-07-17 10:51:48.093,0.0,1,1,startup,True,221.52152814836265,8.528429503027562,3
fault,151,fault_0006,1,2022-07-17 10:51:48.193,0.1,1,1,startup,True,385.3073140976689,12.144759502448782,6
fault,152,fault_0006,2,2022-07-17 10:51:48.293,0.2,1,1,startup,True,443.9198911698547,14.132739481471942,9
fault,153,fault_0007,0,2022-07-17 10:51:56.684,0.0,1,1,startup,True,58.851588772416584,8.528429503027562,3
fault,154,fault_0007,1,2022-07-17 10:51:56.784,0.1,1,1,startup,True,220.03120422812202,12.144759502448782,6
fault,155,fault_0007,2,2022-07-17 10:51:56.884,0.2,1,1,startup,True,531.4351881124998,14.132739481471942,9
fault,156,fault_0007,3,2022-07-17 10:51:56.984,0.3,1,1,startup,True,628.1305941816623,17.190355713905877,12
fault,157,fault_0007,4,2022-07-17 10:51:57.084,0.4,1,1,startup,True,525.8824698467355,17.190355713905877,12
fault,158,fault_0007,5,2022-07-17 10:51:57.184,0.5,1,1,startup,True,296.5310672797674,17.190355713905877,12
fault,159,fault_0007,6,2022-07-17 10:51:57.284,0.6,1,1,startup,True,104.61659665032619,17.190355713905877,12
fault,160,fault_0007,7,2022-07-17 10:51:57.384,0.7,1,1,startup,True,74.9313797629068,17.190355713905877,12
fault,161,fault_0007,8,2022-07-17 10:51:57.484,0.8,1,1,startup,True,98.99971562432201,17.190355713905877,12
fault,162,fault_0007,9,2022-07-17 10:51:57.584,0.9,1,1,startup,True,247.8806892918175,17.190355713905877,12
fault,163,fault_0007,10,2022-07-17 10:51:57.684,1.0,1,1,startup,True,226.8637589598223,17.190355713905877,12
fault,164,fault_0007,11,2022-07-17 10:51:57.784,1.1,1,1,startup,True,178.3370028630851,17.190355713905877,12
fault,165,fault_0007,12,2022-07-17 10:51:57.884,1.2,1,1,startup,True,117.18612808654164,17.190355713905877,12
fault,166,fault_0007,13,2022-07-17 10:51:57.984,1.3,1,1,startup,True,114.20642867240946,17.190355713905877,12
fault,167,fault_0007,14,2022-07-17 10:51:58.084,1.4,1,1,startup,True,123.32507902757415,17.190355713905877,12
fault,168,fault_0007,15,2022-07-17 10:51:58.184,1.5,1,1,startup,True,84.42234071889321,17.190355713905877,12
fault,169,fault_0007,16,2022-07-17 10:51:58.284,1.6,1,1,startup,True,82.26693917588172,17.190355713905877,12
fault,170,fault_0007,17,2022-07-17 10:51:58.384,1.7,1,1,startup,True,71.35650732611792,17.190355713905877,12
fault,171,fault_0007,18,2022-07-17 10:51:58.484,1.8,1,1,startup,True,50.953311847806134,17.190355713905877,12
fault,172,fault_0007,19,2022-07-17 10:51:58.584,1.9,1,1,startup,True,119.8074867688678,17.190355713905877,12
fault,173,fault_0007,20,2022-07-17 10:51:58.684,2.0,1,1,startup,True,130.10724447839118,17.190355713905877,12
fault,174,fault_0007,21,2022-07-17 10:51:58.784,2.1,1,1,startup,True,50.64733020230915,17.190355713905877,12
fault,175,fault_0007,22,2022-07-17 10:51:58.884,2.2,1,1,startup,True,69.32487285856104,17.190355713905877,12
fault,176,fault_0007,23,2022-07-17 10:51:58.984,2.3,1,1,startup,True,64.99500940972742,17.190355713905877,12
fault,177,fault_0007,24,2022-07-17 10:51:59.084,2.4,1,1,startup,True,78.02011665740008,17.190355713905877,12
fault,178,fault_0007,25,2022-07-17 10:51:59.184,2.5,1,1,startup,False,15.473353887454316,17.190355713905877,12
fault,179,fault_0007,26,2022-07-17 10:51:59.284,2.6,1,1,startup,True,56.989373408842255,17.190355713905877,12
fault,180,fault_0007,27,2022-07-17 10:51:59.384,2.7,1,1,startup,True,125.25028334407656,17.190355713905877,12
fault,181,fault_0007,28,2022-07-17 10:51:59.484,2.8,1,1,startup,True,152.32776938279125,17.190355713905877,12
fault,182,fault_0007,29,2022-07-17 10:51:59.584,2.9,1,1,startup,True,91.58723749397858,17.190355713905877,12
fault,183,fault_0007,30,2022-07-17 10:51:59.684,3.0,1,1,startup,True,143.21221818717248,17.190355713905877,12
fault,184,fault_0007,31,2022-07-17 10:51:59.784,3.1,1,1,startup,True,99.44716084211615,17.190355713905877,12
fault,185,fault_0007,32,2022-07-17 10:51:59.884,3.2,1,1,startup,True,1011.3925836446766,17.190355713905877,12
fault,186,fault_0007,33,2022-07-17 10:51:59.984,3.3,1,1,startup,True,1310.442356708032,17.190355713905877,12
fault,187,fault_0007,34,2022-07-17 10:52:00.084,3.4,1,1,startup,True,1406.0607091325753,17.190355713905877,12
fault,188,fault_0007,35,2022-07-17 10:52:00.184,3.5,1,1,startup,True,1057.4275858964263,17.190355713905877,12
fault,189,fault_0007,36,2022-07-17 10:52:00.284,3.6,1,1,startup,True,1253.8010593119213,17.190355713905877,12
fault,190,fault_0007,37,2022-07-17 10:52:00.384,3.7,1,1,startup,True,782.6665202764037,17.190355713905877,12
fault,191,fault_0007,38,2022-07-17 10:52:00.484,3.8,1,1,startup,True,652.0321087884994,17.190355713905877,12
fault,192,fault_0007,39,2022-07-17 10:52:00.584,3.9,1,1,startup,True,655.8153723189915,17.190355713905877,12
fault,193,fault_0007,40,2022-07-17 10:52:00.684,4.0,1,1,startup,True,933.1086049341646,17.190355713905877,12
fault,194,fault_0007,41,2022-07-17 10:52:00.784,4.1,1,1,startup,True,1273.4243710922908,17.190355713905877,12
fault,195,fault_0007,42,2022-07-17 10:52:00.884,4.2,1,1,startup,True,825.5869124370136,17.190355713905877,12
fault,196,fault_0007,43,2022-07-17 10:52:00.984,4.3,1,1,startup,True,389.0169203120956,17.190355713905877,12
fault,197,fault_0007,44,2022-07-17 10:52:01.084,4.4,1,1,startup,True,651.0698233013094,17.190355713905877,12
fault,198,fault_0007,45,2022-07-17 10:52:01.184,4.5,1,1,startup,True,564.5257655205062,17.190355713905877,12
fault,199,fault_0007,46,2022-07-17 10:52:01.284,4.6,1,1,startup,True,659.3219543661357,17.190355713905877,12
fault,200,fault_0007,47,2022-07-17 10:52:01.384,4.7,1,1,startup,True,529.9363118557707,17.190355713905877,12
fault,201,fault_0007,48,2022-07-17 10:52:01.484,4.8,1,1,startup,True,517.0479122806395,17.190355713905877,12
fault,202,fault_0007,49,2022-07-17 10:52:01.584,4.9,1,1,startup,True,471.70655265788776,17.190355713905877,12
fault,203,fault_0008,0,2022-07-17 10:52:04.407,0.0,1,1,startup,True,52.37859000945317,8.528429503027562,3
fault,204,fault_0008,1,2022-07-17 10:52:04.507,0.1,1,1,startup,True,107.1725802147272,12.144759502448782,6
fault,205,fault_0008,2,2022-07-17 10:52:04.607,0.2,1,1,startup,True,231.00157101567123,14.132739481471942,9
fault,206,fault_0008,3,2022-07-17 10:52:04.707,0.3,1,1,startup,True,276.8213812955789,17.190355713905877,12
fault,207,fault_0008,4,2022-07-17 10:52:04.807,0.4,1,1,startup,True,373.7466056883172,17.190355713905877,12
fault,208,fault_0008,5,2022-07-17 10:52:04.907,0.5,1,1,startup,True,562.9821235922848,17.190355713905877,12
fault,209,fault_0008,6,2022-07-17 10:52:05.007,0.6,1,1,startup,True,550.0002243666955,17.190355713905877,12
fault,210,fault_0008,7,2022-07-17 10:52:05.107,0.7,1,1,startup,True,462.1490326845091,17.190355713905877,12
fault,211,fault_0008,8,2022-07-17 10:52:05.207,0.8,1,1,startup,True,325.8382384246768,17.190355713905877,12
fault,212,fault_0008,9,2022-07-17 10:52:05.307,0.9,1,1,startup,True,256.6303333261674,17.190355713905877,12
fault,213,fault_0008,10,2022-07-17 10:52:05.407,1.0,1,1,startup,True,499.5405765577332,17.190355713905877,12
fault,214,fault_0008,11,2022-07-17 10:52:05.507,1.1,1,1,startup,True,697.0110985102689,17.190355713905877,12
fault,215,fault_0008,12,2022-07-17 10:52:05.607,1.2,1,1,startup,True,628.4375442007766,17.190355713905877,12
fault,216,fault_0008,13,2022-07-17 10:52:05.707,1.3,1,1,startup,True,600.0123942504706,17.190355713905877,12
fault,217,fault_0008,14,2022-07-17 10:52:05.807,1.4,1,1,startup,True,236.0035433542255,17.190355713905877,12
fault,218,fault_0008,15,2022-07-17 10:52:05.907,1.5,1,1,startup,True,282.833876188876,17.190355713905877,12
fault,219,fault_0008,16,2022-07-17 10:52:06.007,1.6,1,1,startup,True,216.753416192707,17.190355713905877,12
fault,220,fault_0008,17,2022-07-17 10:52:06.107,1.7,1,1,startup,True,173.35512741449315,17.190355713905877,12
fault,221,fault_0008,18,2022-07-17 10:52:06.207,1.8,1,1,startup,True,132.89492275124783,17.190355713905877,12
fault,222,fault_0008,19,2022-07-17 10:52:06.307,1.9,1,1,startup,True,141.04717933480018,17.190355713905877,12
fault,223,fault_0008,20,2022-07-17 10:52:06.407,2.0,1,1,startup,True,157.88842846371023,17.190355713905877,12
fault,224,fault_0008,21,2022-07-17 10:52:06.507,2.1,1,1,startup,True,140.60934589358567,17.190355713905877,12
fault,225,fault_0008,22,2022-07-17 10:52:06.607,2.2,1,1,startup,True,165.867672919234,17.190355713905877,12
fault,226,fault_0008,23,2022-07-17 10:52:06.707,2.3,1,1,startup,True,73.87172384051902,17.190355713905877,12
fault,227,fault_0008,24,2022-07-17 10:52:06.807,2.4,1,1,startup,True,67.20731662260896,17.190355713905877,12
fault,228,fault_0008,25,2022-07-17 10:52:06.907,2.5,1,1,startup,True,56.045170717983815,17.190355713905877,12
fault,229,fault_0008,26,2022-07-17 10:52:07.007,2.6,1,1,startup,True,35.97904310230323,17.190355713905877,12
fault,230,fault_0008,27,2022-07-17 10:52:07.107,2.7,1,1,startup,True,94.74355007712776,17.190355713905877,12
fault,231,fault_0008,28,2022-07-17 10:52:07.207,2.8,1,1,startup,True,138.2373398446021,17.190355713905877,12
fault,232,fault_0008,29,2022-07-17 10:52:07.307,2.9,1,1,startup,True,101.9306825259881,17.190355713905877,12
fault,233,fault_0008,30,2022-07-17 10:52:07.407,3.0,1,1,startup,True,255.4679230082891,17.190355713905877,12
fault,234,fault_0008,31,2022-07-17 10:52:07.507,3.1,1,1,startup,True,185.6855876065982,17.190355713905877,12
fault,235,fault_0008,32,2022-07-17 10:52:07.607,3.2,1,1,startup,True,137.9096718708275,17.190355713905877,12
fault,236,fault_0008,33,2022-07-17 10:52:07.707,3.3,1,1,startup,True,232.78555494428474,17.190355713905877,12
fault,237,fault_0008,34,2022-07-17 10:52:07.807,3.4,1,1,startup,True,673.2505685145521,17.190355713905877,12
fault,238,fault_0008,35,2022-07-17 10:52:07.907,3.5,1,1,startup,True,712.0102486180415,17.190355713905877,12
fault,239,fault_0008,36,2022-07-17 10:52:08.007,3.6,1,1,startup,True,364.0651491698442,17.190355713905877,12
fault,240,fault_0008,37,2022-07-17 10:52:08.107,3.7,1,1,startup,True,319.783207459792,17.190355713905877,12
fault,241,fault_0008,38,2022-07-17 10:52:08.207,3.8,1,1,startup,True,455.92488691640773,17.190355713905877,12
fault,242,fault_0008,39,2022-07-17 10:52:08.307,3.9,1,1,startup,True,482.6942176275339,17.190355713905877,12
fault,243,fault_0009,0,2022-07-17 10:52:12.567,0.0,1,1,startup,False,5.5997890118123745,8.528429503027562,3
fault,244,fault_0009,1,2022-07-17 10:52:12.667,0.1,1,1,startup,False,8.656372316480585,12.144759502448782,6
fault,245,fault_0009,2,2022-07-17 10:52:12.767,0.2,1,1,startup,True,37.170051127616716,14.132739481471942,9
fault,246,fault_0009,3,2022-07-17 10:52:12.867,0.3,1,1,startup,True,53.30563940217514,17.190355713905877,12
fault,247,fault_0009,4,2022-07-17 10:52:12.967,0.4,1,1,startup,True,146.07759934335218,17.190355713905877,12
fault,248,fault_0009,5,2022-07-17 10:52:13.067,0.5,1,1,startup,True,348.7186863471708,17.190355713905877,12
fault,249,fault_0009,6,2022-07-17 10:52:13.167,0.6,1,1,startup,True,289.80245131092124,17.190355713905877,12
fault,250,fault_0009,7,2022-07-17 10:52:13.267,0.7,1,1,startup,True,121.47273088344711,17.190355713905877,12
fault,251,fault_0009,8,2022-07-17 10:52:13.367,0.8,1,1,startup,True,36.59302209768707,17.190355713905877,12
fault,252,fault_0009,9,2022-07-17 10:52:13.467,0.9,1,1,startup,True,32.419809000703395,17.190355713905877,12
fault,253,fault_0009,10,2022-07-17 10:52:13.567,1.0,1,1,startup,True,40.37564092306412,17.190355713905877,12
fault,254,fault_0009,11,2022-07-17 10:52:13.667,1.1,1,1,startup,True,54.612370888550004,17.190355713905877,12
fault,255,fault_0009,12,2022-07-17 10:52:13.767,1.2,1,1,startup,True,266.76071186935866,17.190355713905877,12
fault,256,fault_0009,13,2022-07-17 10:52:13.867,1.3,1,1,startup,True,688.779135753902,17.190355713905877,12
fault,257,fault_0009,14,2022-07-17 10:52:13.967,1.4,1,1,startup,True,639.2742919143309,17.190355713905877,12
fault,258,fault_0009,15,2022-07-17 10:52:14.067,1.5,1,1,startup,True,486.2431202485822,17.190355713905877,12
fault,259,fault_0009,16,2022-07-17 10:52:14.167,1.6,1,1,startup,True,54.58140764760389,17.190355713905877,12
fault,260,fault_0009,17,2022-07-17 10:52:14.267,1.7,1,1,startup,True,339.23440917976376,17.190355713905877,12
fault,261,fault_0009,18,2022-07-17 10:52:14.367,1.8,1,1,startup,True,477.9838400743693,17.190355713905877,12
fault,262,fault_0009,19,2022-07-17 10:52:14.467,1.9,1,1,startup,True,428.23635566941795,17.190355713905877,12
fault,263,fault_0009,20,2022-07-17 10:52:14.567,2.0,1,1,startup,True,399.7793054343422,17.190355713905877,12
fault,264,fault_0009,21,2022-07-17 10:52:14.667,2.1,1,1,startup,True,350.69180108382943,17.190355713905877,12
fault,265,fault_0009,22,2022-07-17 10:52:14.767,2.2,1,1,startup,True,246.34638005841674,17.190355713905877,12
fault,266,fault_0009,23,2022-07-17 10:52:14.867,2.3,1,1,startup,True,250.335237657498,17.190355713905877,12
fault,267,fault_0009,24,2022-07-17 10:52:14.967,2.4,1,1,startup,True,291.3639590934024,17.190355713905877,12
fault,268,fault_0010,0,2022-07-17 10:52:21.018,0.0,1,1,startup,True,21.668833866181973,8.528429503027562,3
fault,269,fault_0010,1,2022-07-17 10:52:21.118,0.1,1,1,startup,True,49.98632492711218,12.144759502448782,6
fault,270,fault_0010,2,2022-07-17 10:52:21.218,0.2,1,1,startup,True,243.17823339492355,14.132739481471942,9
fault,271,fault_0010,3,2022-07-17 10:52:21.318,0.3,1,1,startup,True,445.6320843500146,17.190355713905877,12
fault,272,fault_0010,4,2022-07-17 10:52:21.418,0.4,1,1,startup,True,332.3929885672106,17.190355713905877,12
fault,273,fault_0010,5,2022-07-17 10:52:21.518,0.5,1,1,startup,True,304.9235944209152,17.190355713905877,12
fault,274,fault_0010,6,2022-07-17 10:52:21.618,0.6,1,1,startup,True,250.70203635816506,17.190355713905877,12
fault,275,fault_0010,7,2022-07-17 10:52:21.718,0.7,1,1,startup,True,336.24387307023613,17.190355713905877,12
fault,276,fault_0011,0,2022-07-17 10:52:29.326,0.0,1,1,startup,True,88.38274045369171,8.528429503027562,3
fault,277,fault_0011,1,2022-07-17 10:52:29.426,0.1,1,1,startup,True,144.53336424218628,12.144759502448782,6
fault,278,fault_0011,2,2022-07-17 10:52:29.526,0.2,1,1,startup,True,208.24880139550186,14.132739481471942,9
fault,279,fault_0011,3,2022-07-17 10:52:29.626,0.3,1,1,startup,True,423.5364947533653,17.190355713905877,12
fault,280,fault_0012,0,2022-07-17 10:52:38.172,0.0,1,1,startup,True,101.15948050939885,8.528429503027562,3
fault,281,fault_0012,1,2022-07-17 10:52:38.272,0.1,1,1,startup,True,152.7675750312666,12.144759502448782,6
fault,282,fault_0012,2,2022-07-17 10:52:38.372,0.2,1,1,startup,True,203.3416341309886,14.132739481471942,9
fault,283,fault_0012,3,2022-07-17 10:52:38.472,0.3,1,1,startup,True,322.6796966651866,17.190355713905877,12
fault,284,fault_0012,4,2022-07-17 10:52:38.572,0.4,1,1,startup,True,240.96373214052235,17.190355713905877,12
fault,285,fault_0012,5,2022-07-17 10:52:38.672,0.5,1,1,startup,True,183.51391496448693,17.190355713905877,12
fault,286,fault_0012,6,2022-07-17 10:52:38.772,0.6,1,1,startup,True,275.169564542592,17.190355713905877,12
fault,287,fault_0012,7,2022-07-17 10:52:38.872,0.7,1,1,startup,True,259.72632911458743,17.190355713905877,12
fault,288,fault_0012,8,2022-07-17 10:52:38.972,0.8,1,1,startup,True,140.52422357470184,17.190355713905877,12
fault,289,fault_0012,9,2022-07-17 10:52:39.072,0.9,1,1,startup,True,70.02806176405495,17.190355713905877,12
fault,290,fault_0012,10,2022-07-17 10:52:39.172,1.0,1,1,startup,True,83.5123793160423,17.190355713905877,12
fault,291,fault_0012,11,2022-07-17 10:52:39.272,1.1,1,1,startup,True,95.88596752814499,17.190355713905877,12
fault,292,fault_0012,12,2022-07-17 10:52:39.372,1.2,1,1,startup,True,98.55897444749418,17.190355713905877,12
fault,293,fault_0012,13,2022-07-17 10:52:39.472,1.3,1,1,startup,True,63.626070209844855,17.190355713905877,12
fault,294,fault_0012,14,2022-07-17 10:52:39.572,1.4,1,1,startup,True,87.76756646791817,17.190355713905877,12
fault,295,fault_0012,15,2022-07-17 10:52:39.672,1.5,1,1,startup,True,142.63794639652812,17.190355713905877,12
fault,296,fault_0012,16,2022-07-17 10:52:39.772,1.6,1,1,startup,True,138.74330858497436,17.190355713905877,12
fault,297,fault_0012,17,2022-07-17 10:52:39.872,1.7,1,1,startup,True,82.50377725536053,17.190355713905877,12
fault,298,fault_0012,18,2022-07-17 10:52:39.972,1.8,1,1,startup,True,179.5793167902767,17.190355713905877,12
fault,299,fault_0012,19,2022-07-17 10:52:40.072,1.9,1,1,startup,True,270.71216345582144,17.190355713905877,12
fault,300,fault_0012,20,2022-07-17 10:52:40.172,2.0,1,1,startup,True,342.32488678997714,17.190355713905877,12
fault,301,fault_0012,21,2022-07-17 10:52:40.272,2.1,1,1,startup,True,269.7983291747221,17.190355713905877,12
fault,302,fault_0012,22,2022-07-17 10:52:40.372,2.2,1,1,startup,True,205.64301355095319,17.190355713905877,12
fault,303,fault_0012,23,2022-07-17 10:52:40.472,2.3,1,1,startup,True,79.38573595623292,17.190355713905877,12
fault,304,fault_0012,24,2022-07-17 10:52:40.572,2.4,1,1,startup,True,117.50157694949358,17.190355713905877,12
fault,305,fault_0012,25,2022-07-17 10:52:40.672,2.5,1,1,startup,True,122.71961487330424,17.190355713905877,12
fault,306,fault_0012,26,2022-07-17 10:52:40.772,2.6,1,1,startup,True,121.93639739330825,17.190355713905877,12
fault,307,fault_0012,27,2022-07-17 10:52:40.872,2.7,1,1,startup,True,288.1837479911071,17.190355713905877,12
fault,308,fault_0012,28,2022-07-17 10:52:40.972,2.8,1,1,startup,True,290.7907842314594,17.190355713905877,12
fault,309,fault_0012,29,2022-07-17 10:52:41.072,2.9,1,1,startup,True,173.32262181981918,17.190355713905877,12
fault,310,fault_0012,30,2022-07-17 10:52:41.172,3.0,1,1,startup,True,89.96417200249049,17.190355713905877,12
fault,311,fault_0012,31,2022-07-17 10:52:41.272,3.1,1,1,startup,True,66.5016057234537,17.190355713905877,12
fault,312,fault_0012,32,2022-07-17 10:52:41.372,3.2,1,1,startup,True,77.17757714238056,17.190355713905877,12
fault,313,fault_0012,33,2022-07-17 10:52:41.472,3.3,1,1,startup,True,284.42573117596874,17.190355713905877,12
fault,314,fault_0012,34,2022-07-17 10:52:41.572,3.4,1,1,startup,True,235.92825411069694,17.190355713905877,12
fault,315,fault_0012,35,2022-07-17 10:52:41.672,3.5,1,1,startup,True,311.77586799677084,17.190355713905877,12
fault,316,fault_0012,36,2022-07-17 10:52:41.772,3.6,1,1,startup,True,304.35647033999254,17.190355713905877,12
fault,317,fault_0012,37,2022-07-17 10:52:41.872,3.7,1,1,startup,True,307.98665921479886,17.190355713905877,12
fault,318,fault_0012,38,2022-07-17 10:52:41.972,3.8,1,1,startup,True,138.75661215549675,17.190355713905877,12
fault,319,fault_0012,39,2022-07-17 10:52:42.072,3.9,1,1,startup,True,56.661000300620756,17.190355713905877,12
fault,320,fault_0012,40,2022-07-17 10:52:42.172,4.0,1,1,startup,True,76.10595559205713,17.190355713905877,12
fault,321,fault_0012,41,2022-07-17 10:52:42.272,4.1,1,1,startup,True,92.55065894708254,17.190355713905877,12
fault,322,fault_0012,42,2022-07-17 10:52:42.372,4.2,1,1,startup,True,107.68879864349933,17.190355713905877,12
fault,323,fault_0012,43,2022-07-17 10:52:42.472,4.3,1,1,startup,True,218.6259710826816,17.190355713905877,12
fault,324,fault_0012,44,2022-07-17 10:52:42.572,4.4,1,1,startup,True,327.0552026843042,17.190355713905877,12
fault,325,fault_0012,45,2022-07-17 10:52:42.672,4.5,1,1,startup,True,442.34943352461585,17.190355713905877,12
fault,326,fault_0012,46,2022-07-17 10:52:42.772,4.6,1,1,startup,True,487.50076813452284,17.190355713905877,12
fault,327,fault_0012,47,2022-07-17 10:52:42.872,4.7,1,1,startup,True,629.6053584850853,17.190355713905877,12
fault,328,fault_0012,48,2022-07-17 10:52:42.972,4.8,1,1,startup,True,419.5487971173664,17.190355713905877,12
fault,329,fault_0012,49,2022-07-17 10:52:43.072,4.9,1,1,startup,True,387.3293385621893,17.190355713905877,12
fault,330,fault_0013,0,2022-07-17 10:52:45.655,0.0,1,1,startup,False,6.299641798755716,8.528429503027562,3
fault,331,fault_0013,1,2022-07-17 10:52:45.755,0.1,1,1,startup,True,31.89291597317856,12.144759502448782,6
fault,332,fault_0013,2,2022-07-17 10:52:45.855,0.2,1,1,startup,True,342.0917342559703,14.132739481471942,9
fault,333,fault_0013,3,2022-07-17 10:52:45.955,0.3,1,1,startup,True,832.2522777750755,17.190355713905877,12
fault,334,fault_0013,4,2022-07-17 10:52:46.055,0.4,1,1,startup,True,1089.4774008736756,17.190355713905877,12
fault,335,fault_0013,5,2022-07-17 10:52:46.155,0.5,1,1,startup,True,1109.852786085168,17.190355713905877,12
fault,336,fault_0013,6,2022-07-17 10:52:46.255,0.6,1,1,startup,True,653.7371155316505,17.190355713905877,12
fault,337,fault_0013,7,2022-07-17 10:52:46.355,0.7,1,1,startup,True,683.2633722935849,17.190355713905877,12
fault,338,fault_0013,8,2022-07-17 10:52:46.455,0.8,1,1,startup,True,720.3523237989747,17.190355713905877,12
fault,339,fault_0013,9,2022-07-17 10:52:46.555,0.9,1,1,startup,True,712.795282080302,17.190355713905877,12
fault,340,fault_0013,10,2022-07-17 10:52:46.655,1.0,1,1,startup,True,618.4012499726249,17.190355713905877,12
fault,341,fault_0013,11,2022-07-17 10:52:46.755,1.1,1,1,startup,True,587.9899553507804,17.190355713905877,12
fault,342,fault_0013,12,2022-07-17 10:52:46.855,1.2,1,1,startup,True,504.3614277645783,17.190355713905877,12
fault,343,fault_0013,13,2022-07-17 10:52:46.955,1.3,1,1,startup,True,538.268936733824,17.190355713905877,12
fault,344,fault_0013,14,2022-07-17 10:52:47.055,1.4,1,1,startup,True,399.0071337979683,17.190355713905877,12
fault,345,fault_0013,15,2022-07-17 10:52:47.155,1.5,1,1,startup,True,28.329901440246672,17.190355713905877,12
fault,346,fault_0013,16,2022-07-17 10:52:47.255,1.6,1,1,startup,True,41.934599788672905,17.190355713905877,12
fault,347,fault_0013,17,2022-07-17 10:52:47.355,1.7,1,1,startup,True,37.69358802720671,17.190355713905877,12
fault,348,fault_0013,18,2022-07-17 10:52:47.455,1.8,1,1,startup,True,72.26765324467802,17.190355713905877,12
fault,349,fault_0013,19,2022-07-17 10:52:47.555,1.9,1,1,startup,True,123.79809088444999,17.190355713905877,12
fault,350,fault_0013,20,2022-07-17 10:52:47.655,2.0,1,1,startup,True,115.87619355526016,17.190355713905877,12
fault,351,fault_0013,21,2022-07-17 10:52:47.755,2.1,1,1,startup,True,126.07730586156255,17.190355713905877,12
fault,352,fault_0013,22,2022-07-17 10:52:47.855,2.2,1,1,startup,True,112.60836762629033,17.190355713905877,12
fault,353,fault_0013,23,2022-07-17 10:52:47.955,2.3,1,1,startup,True,337.85329612303303,17.190355713905877,12
fault,354,fault_0013,24,2022-07-17 10:52:48.055,2.4,1,1,startup,True,223.32573951564845,17.190355713905877,12
fault,355,fault_0013,25,2022-07-17 10:52:48.155,2.5,1,1,startup,True,285.26574695269494,17.190355713905877,12
fault,356,fault_0013,26,2022-07-17 10:52:48.255,2.6,1,1,startup,True,98.59931098635937,17.190355713905877,12
fault,357,fault_0013,27,2022-07-17 10:52:48.355,2.7,1,1,startup,True,119.8382968355917,17.190355713905877,12
fault,358,fault_0013,28,2022-07-17 10:52:48.455,2.8,1,1,startup,True,101.75155639852893,17.190355713905877,12
fault,359,fault_0013,29,2022-07-17 10:52:48.555,2.9,1,1,startup,True,115.58624997479859,17.190355713905877,12
fault,360,fault_0013,30,2022-07-17 10:52:48.655,3.0,1,1,startup,True,31.944597007639135,17.190355713905877,12
fault,361,fault_0013,31,2022-07-17 10:52:48.755,3.1,1,1,startup,True,59.21828514195523,17.190355713905877,12
fault,362,fault_0013,32,2022-07-17 10:52:48.855,3.2,1,1,startup,True,30.21063778672345,17.190355713905877,12
fault,363,fault_0013,33,2022-07-17 10:52:48.955,3.3,1,1,startup,True,82.92714565035396,17.190355713905877,12
fault,364,fault_0013,34,2022-07-17 10:52:49.055,3.4,1,1,startup,True,94.18330072955654,17.190355713905877,12
fault,365,fault_0013,35,2022-07-17 10:52:49.155,3.5,1,1,startup,True,71.67147218262603,17.190355713905877,12
fault,366,fault_0013,36,2022-07-17 10:52:49.255,3.6,1,1,startup,True,56.44584835663481,17.190355713905877,12
fault,367,fault_0013,37,2022-07-17 10:52:49.355,3.7,1,1,startup,True,43.10314743598504,17.190355713905877,12
fault,368,fault_0013,38,2022-07-17 10:52:49.455,3.8,1,1,startup,True,154.88880410502384,17.190355713905877,12
fault,369,fault_0013,39,2022-07-17 10:52:49.555,3.9,1,1,startup,True,126.3911474303485,17.190355713905877,12
fault,370,fault_0013,40,2022-07-17 10:52:49.655,4.0,1,1,startup,True,84.10523129231561,17.190355713905877,12
fault,371,fault_0013,41,2022-07-17 10:52:49.755,4.1,1,1,startup,True,49.99408283258432,17.190355713905877,12
fault,372,fault_0014,0,2022-07-17 10:52:53.769,0.0,1,1,startup,False,7.580268404305911,8.528429503027562,3
fault,373,fault_0014,1,2022-07-17 10:52:53.869,0.1,1,1,startup,False,9.171874318684052,12.144759502448782,6
fault,374,fault_0014,2,2022-07-17 10:52:53.969,0.2,1,1,startup,True,495.05048875715136,14.132739481471942,9
fault,375,fault_0014,3,2022-07-17 10:52:54.069,0.3,1,1,startup,True,798.1887372079905,17.190355713905877,12
fault,376,fault_0014,4,2022-07-17 10:52:54.169,0.4,1,1,startup,True,1188.1036449756464,17.190355713905877,12
fault,377,fault_0014,5,2022-07-17 10:52:54.269,0.5,1,1,startup,True,1105.3947948929012,17.190355713905877,12
fault,378,fault_0014,6,2022-07-17 10:52:54.369,0.6,1,1,startup,True,1114.137294645166,17.190355713905877,12
fault,379,fault_0014,7,2022-07-17 10:52:54.469,0.7,1,1,startup,True,821.961225566741,17.190355713905877,12
fault,380,fault_0014,8,2022-07-17 10:52:54.569,0.8,1,1,startup,True,532.00146767779,17.190355713905877,12
fault,381,fault_0014,9,2022-07-17 10:52:54.669,0.9,1,1,startup,True,576.5900003296887,17.190355713905877,12
fault,382,fault_0014,10,2022-07-17 10:52:54.769,1.0,1,1,startup,True,797.7768256731631,17.190355713905877,12
fault,383,fault_0014,11,2022-07-17 10:52:54.869,1.1,1,1,startup,True,1049.4043313019324,17.190355713905877,12
fault,384,fault_0014,12,2022-07-17 10:52:54.969,1.2,1,1,startup,True,801.6551966363032,17.190355713905877,12
fault,385,fault_0014,13,2022-07-17 10:52:55.069,1.3,1,1,startup,True,246.08416353362617,17.190355713905877,12
fault,386,fault_0014,14,2022-07-17 10:52:55.169,1.4,1,1,startup,True,485.90844893027014,17.190355713905877,12
fault,387,fault_0014,15,2022-07-17 10:52:55.269,1.5,1,1,startup,True,554.7221503750277,17.190355713905877,12
fault,388,fault_0014,16,2022-07-17 10:52:55.369,1.6,1,1,startup,True,586.6311836665424,17.190355713905877,12
fault,389,fault_0014,17,2022-07-17 10:52:55.469,1.7,1,1,startup,True,446.92555042398646,17.190355713905877,12
fault,390,fault_0014,18,2022-07-17 10:52:55.569,1.8,1,1,startup,True,385.68402956756665,17.190355713905877,12
fault,391,fault_0014,19,2022-07-17 10:52:55.669,1.9,1,1,startup,True,333.6428666423336,17.190355713905877,12
fault,392,fault_0014,20,2022-07-17 10:52:55.769,2.0,1,1,startup,True,396.82336269707594,17.190355713905877,12
fault,393,fault_0014,21,2022-07-17 10:52:55.869,2.1,1,1,startup,True,387.124856701383,17.190355713905877,12
fault,394,fault_0014,22,2022-07-17 10:52:55.969,2.2,1,1,startup,True,375.50268034449925,17.190355713905877,12
fault,395,fault_0014,23,2022-07-17 10:52:56.069,2.3,1,1,startup,True,433.51005109663566,17.190355713905877,12
fault,396,fault_0014,24,2022-07-17 10:52:56.169,2.4,1,1,startup,True,524.9860244426698,17.190355713905877,12
fault,397,fault_0014,25,2022-07-17 10:52:56.269,2.5,1,1,startup,True,496.4033403947961,17.190355713905877,12
fault,398,fault_0014,26,2022-07-17 10:52:56.369,2.6,1,1,startup,True,469.80628581679383,17.190355713905877,12
fault,399,fault_0014,27,2022-07-17 10:52:56.469,2.7,1,1,startup,True,333.33634608899666,17.190355713905877,12
fault,400,fault_0015,0,2022-07-17 10:53:01.909,0.0,1,1,startup,True,81.54392272594262,8.528429503027562,3
fault,401,fault_0015,1,2022-07-17 10:53:02.009,0.1,1,1,startup,True,133.37296936528173,12.144759502448782,6
fault,402,fault_0015,2,2022-07-17 10:53:02.109,0.2,1,1,startup,True,190.400829392255,14.132739481471942,9
fault,403,fault_0015,3,2022-07-17 10:53:02.209,0.3,1,1,startup,True,276.3136881963519,17.190355713905877,12
fault,404,fault_0015,4,2022-07-17 10:53:02.309,0.4,1,1,startup,True,323.61765346064857,17.190355713905877,12
fault,405,fault_0015,5,2022-07-17 10:53:02.409,0.5,1,1,startup,True,298.0499570011241,17.190355713905877,12
fault,406,fault_0015,6,2022-07-17 10:53:02.509,0.6,1,1,startup,True,297.21015240296396,17.190355713905877,12
fault,407,fault_0015,7,2022-07-17 10:53:02.609,0.7,1,1,startup,True,187.56585799321266,17.190355713905877,12
fault,408,fault_0015,8,2022-07-17 10:53:02.709,0.8,1,1,startup,True,126.02547606608988,17.190355713905877,12
fault,409,fault_0015,9,2022-07-17 10:53:02.809,0.9,1,1,startup,True,120.67204650087022,17.190355713905877,12
fault,410,fault_0015,10,2022-07-17 10:53:02.909,1.0,1,1,startup,True,57.0986946400581,17.190355713905877,12
fault,411,fault_0015,11,2022-07-17 10:53:03.009,1.1,1,1,startup,True,55.84934417248203,17.190355713905877,12
fault,412,fault_0015,12,2022-07-17 10:53:03.109,1.2,1,1,startup,True,83.89821965002115,17.190355713905877,12
fault,413,fault_0015,13,2022-07-17 10:53:03.209,1.3,1,1,startup,True,103.76345109468684,17.190355713905877,12
fault,414,fault_0015,14,2022-07-17 10:53:03.309,1.4,1,1,startup,True,112.10793984581387,17.190355713905877,12
fault,415,fault_0016,0,2022-07-17 10:53:11.764,0.0,1,1,startup,False,2.8413070992099643,8.528429503027562,3
fault,416,fault_0016,1,2022-07-17 10:53:11.864,0.1,1,1,startup,False,6.255614570711819,12.144759502448782,6
fault,417,fault_0016,2,2022-07-17 10:53:11.964,0.2,1,1,startup,True,18.49736444848234,14.132739481471942,9
fault,418,fault_0016,3,2022-07-17 10:53:12.064,0.3,1,1,startup,True,132.819540835628,17.190355713905877,12
fault,419,fault_0016,4,2022-07-17 10:53:12.164,0.4,1,1,startup,True,60.14320665112518,17.190355713905877,12
fault,420,fault_0016,5,2022-07-17 10:53:12.264,0.5,1,1,startup,True,132.9983890977096,17.190355713905877,12
fault,421,fault_0016,6,2022-07-17 10:53:12.364,0.6,1,1,startup,True,66.35914865796106,17.190355713905877,12
fault,422,fault_0016,7,2022-07-17 10:53:12.464,0.7,1,1,startup,True,113.8233744864339,17.190355713905877,12
fault,423,fault_0016,8,2022-07-17 10:53:12.564,0.8,1,1,startup,True,37.43998999782157,17.190355713905877,12
fault,424,fault_0016,9,2022-07-17 10:53:12.664,0.9,1,1,startup,False,13.708552715920902,17.190355713905877,12
fault,425,fault_0016,10,2022-07-17 10:53:12.764,1.0,1,1,startup,True,31.818621479994963,17.190355713905877,12
fault,426,fault_0016,11,2022-07-17 10:53:12.864,1.1,1,1,startup,True,80.81566652235804,17.190355713905877,12
fault,427,fault_0016,12,2022-07-17 10:53:12.964,1.2,1,1,startup,True,67.7898434068225,17.190355713905877,12
fault,428,fault_0016,13,2022-07-17 10:53:13.064,1.3,1,1,startup,True,109.36541831868196,17.190355713905877,12
fault,429,fault_0016,14,2022-07-17 10:53:13.164,1.4,1,1,startup,True,36.258320575812434,17.190355713905877,12
fault,430,fault_0016,15,2022-07-17 10:53:13.264,1.5,1,1,startup,True,26.691185094952306,17.190355713905877,12
fault,431,fault_0016,16,2022-07-17 10:53:13.364,1.6,1,1,startup,True,30.979235888516296,17.190355713905877,12
fault,432,fault_0016,17,2022-07-17 10:53:13.464,1.7,1,1,startup,True,29.30311894681333,17.190355713905877,12
fault,433,fault_0016,18,2022-07-17 10:53:13.564,1.8,1,1,startup,True,20.54789869766066,17.190355713905877,12
fault,434,fault_0016,19,2022-07-17 10:53:13.664,1.9,1,1,startup,True,118.66309710959987,17.190355713905877,12
fault,435,fault_0016,20,2022-07-17 10:53:13.764,2.0,1,1,startup,True,291.11518240426483,17.190355713905877,12
fault,436,fault_0016,21,2022-07-17 10:53:13.864,2.1,1,1,startup,True,294.61155577094263,17.190355713905877,12
fault,437,fault_0016,22,2022-07-17 10:53:13.964,2.2,1,1,startup,True,152.14090444373608,17.190355713905877,12
fault,438,fault_0016,23,2022-07-17 10:53:14.064,2.3,1,1,startup,True,275.4248648529572,17.190355713905877,12
fault,439,fault_0016,24,2022-07-17 10:53:14.164,2.4,1,1,startup,True,233.7728211987432,17.190355713905877,12
fault,440,fault_0016,25,2022-07-17 10:53:14.264,2.5,1,1,startup,True,108.24878102457727,17.190355713905877,12
fault,441,fault_0016,26,2022-07-17 10:53:14.364,2.6,1,1,startup,True,77.9670902637967,17.190355713905877,12
fault,442,fault_0016,27,2022-07-17 10:53:14.464,2.7,1,1,startup,True,63.81173976890142,17.190355713905877,12
fault,443,fault_0016,28,2022-07-17 10:53:14.564,2.8,1,1,startup,True,37.37698114202378,17.190355713905877,12
fault,444,fault_0016,29,2022-07-17 10:53:14.664,2.9,1,1,startup,True,31.14717853102147,17.190355713905877,12
fault,445,fault_0016,30,2022-07-17 10:53:14.764,3.0,1,1,startup,True,39.285635963795094,17.190355713905877,12
fault,446,fault_0016,31,2022-07-17 10:53:14.864,3.1,1,1,startup,True,216.45631318150345,17.190355713905877,12
fault,447,fault_0016,32,2022-07-17 10:53:14.964,3.2,1,1,startup,True,1004.1358518639242,17.190355713905877,12
fault,448,fault_0016,33,2022-07-17 10:53:15.064,3.3,1,1,startup,True,956.2718267599489,17.190355713905877,12
fault,449,fault_0016,34,2022-07-17 10:53:15.164,3.4,1,1,startup,True,762.6151194847434,17.190355713905877,12
fault,450,fault_0016,35,2022-07-17 10:53:15.264,3.5,1,1,startup,True,596.1246695880963,17.190355713905877,12
fault,451,fault_0016,36,2022-07-17 10:53:15.364,3.6,1,1,startup,True,795.7764118534104,17.190355713905877,12
fault,452,fault_0016,37,2022-07-17 10:53:15.464,3.7,1,1,startup,True,758.5474876898251,17.190355713905877,12
fault,453,fault_0016,38,2022-07-17 10:53:15.564,3.8,1,1,startup,True,519.5477746237016,17.190355713905877,12
fault,454,fault_0016,39,2022-07-17 10:53:15.664,3.9,1,1,startup,True,309.802866667051,17.190355713905877,12
fault,455,fault_0016,40,2022-07-17 10:53:15.764,4.0,1,1,startup,True,300.0488287416614,17.190355713905877,12
fault,456,fault_0016,41,2022-07-17 10:53:15.864,4.1,1,1,startup,True,228.81581137888068,17.190355713905877,12
fault,457,fault_0016,42,2022-07-17 10:53:15.964,4.2,1,1,startup,True,428.150567147794,17.190355713905877,12
fault,458,fault_0016,43,2022-07-17 10:53:16.064,4.3,1,1,startup,True,415.5541484233012,17.190355713905877,12
fault,459,fault_0016,44,2022-07-17 10:53:16.164,4.4,1,1,startup,True,283.7486949129774,17.190355713905877,12
fault,460,fault_0016,45,2022-07-17 10:53:16.264,4.5,1,1,startup,True,559.9449752448174,17.190355713905877,12
fault,461,fault_0016,46,2022-07-17 10:53:16.364,4.6,1,1,startup,True,389.4159818736979,17.190355713905877,12
fault,462,fault_0016,47,2022-07-17 10:53:16.464,4.7,1,1,startup,True,345.66111537395597,17.190355713905877,12
fault,463,fault_0016,48,2022-07-17 10:53:16.564,4.8,1,1,startup,True,330.2054797913623,17.190355713905877,12
fault,464,fault_0016,49,2022-07-17 10:53:16.664,4.9,1,1,startup,True,242.54607764265285,17.190355713905877,12
fault,465,fault_0017,0,2022-07-17 10:53:18.444,0.0,1,1,startup,True,74.56679663546073,8.528429503027562,3
fault,466,fault_0017,1,2022-07-17 10:53:18.544,0.1,1,1,startup,True,101.07737725963696,12.144759502448782,6
fault,467,fault_0017,2,2022-07-17 10:53:18.644,0.2,1,1,startup,True,208.29002607811213,14.132739481471942,9
fault,468,fault_0017,3,2022-07-17 10:53:18.744,0.3,1,1,startup,True,453.2664857249766,17.190355713905877,12
fault,469,fault_0017,4,2022-07-17 10:53:18.844,0.4,1,1,startup,True,209.8156648673784,17.190355713905877,12
fault,470,fault_0017,5,2022-07-17 10:53:18.944,0.5,1,1,startup,True,236.34762960243575,17.190355713905877,12
fault,471,fault_0017,6,2022-07-17 10:53:19.044,0.6,1,1,startup,True,215.40079336820017,17.190355713905877,12
fault,472,fault_0017,7,2022-07-17 10:53:19.144,0.7,1,1,startup,True,244.28491850225868,17.190355713905877,12
fault,473,fault_0017,8,2022-07-17 10:53:19.244,0.8,1,1,startup,True,179.50249840612705,17.190355713905877,12
fault,474,fault_0017,9,2022-07-17 10:53:19.344,0.9,1,1,startup,True,96.47581088426256,17.190355713905877,12
fault,475,fault_0017,10,2022-07-17 10:53:19.444,1.0,1,1,startup,True,39.38139950057465,17.190355713905877,12
fault,476,fault_0017,11,2022-07-17 10:53:19.544,1.1,1,1,startup,True,93.74657212291268,17.190355713905877,12
fault,477,fault_0017,12,2022-07-17 10:53:19.644,1.2,1,1,startup,True,90.76527559025025,17.190355713905877,12
fault,478,fault_0017,13,2022-07-17 10:53:19.744,1.3,1,1,startup,True,259.08727572869464,17.190355713905877,12
fault,479,fault_0017,14,2022-07-17 10:53:19.844,1.4,1,1,startup,True,519.7599285205926,17.190355713905877,12
fault,480,fault_0017,15,2022-07-17 10:53:19.944,1.5,1,1,startup,True,551.192444885305,17.190355713905877,12
fault,481,fault_0017,16,2022-07-17 10:53:20.044,1.6,1,1,startup,True,50.57413411825471,17.190355713905877,12
fault,482,fault_0017,17,2022-07-17 10:53:20.144,1.7,1,1,startup,True,71.99261168856579,17.190355713905877,12
fault,483,fault_0017,18,2022-07-17 10:53:20.244,1.8,1,1,startup,True,134.87137143635425,17.190355713905877,12
fault,484,fault_0017,19,2022-07-17 10:53:20.344,1.9,1,1,startup,True,179.5159258438745,17.190355713905877,12
fault,485,fault_0017,20,2022-07-17 10:53:20.444,2.0,1,1,startup,False,12.887504351171641,17.190355713905877,12
fault,486,fault_0017,21,2022-07-17 10:53:20.544,2.1,1,1,startup,False,16.91726322361078,17.190355713905877,12
fault,487,fault_0017,22,2022-07-17 10:53:20.644,2.2,1,1,startup,True,62.13776313114257,17.190355713905877,12
fault,488,fault_0017,23,2022-07-17 10:53:20.744,2.3,1,1,startup,True,48.42600886075893,17.190355713905877,12
fault,489,fault_0017,24,2022-07-17 10:53:20.844,2.4,1,1,startup,True,46.622324179052384,17.190355713905877,12
fault,490,fault_0017,25,2022-07-17 10:53:20.944,2.5,1,1,startup,True,93.24549906635819,17.190355713905877,12
fault,491,fault_0017,26,2022-07-17 10:53:21.044,2.6,1,1,startup,True,45.200354408862886,17.190355713905877,12
fault,492,fault_0017,27,2022-07-17 10:53:21.144,2.7,1,1,startup,True,28.40607390027171,17.190355713905877,12
fault,493,fault_0017,28,2022-07-17 10:53:21.244,2.8,1,1,startup,True,57.3033607169907,17.190355713905877,12
fault,494,fault_0017,29,2022-07-17 10:53:21.344,2.9,1,1,startup,True,66.64252557458177,17.190355713905877,12
fault,495,fault_0017,30,2022-07-17 10:53:21.444,3.0,1,1,startup,True,18.457411287518532,17.190355713905877,12
fault,496,fault_0017,31,2022-07-17 10:53:21.544,3.1,1,1,startup,True,18.146884314796218,17.190355713905877,12
fault,497,fault_0017,32,2022-07-17 10:53:21.644,3.2,1,1,startup,False,9.012840656893877,17.190355713905877,12
fault,498,fault_0017,33,2022-07-17 10:53:21.744,3.3,1,1,startup,True,303.9840958660673,17.190355713905877,12
fault,499,fault_0017,34,2022-07-17 10:53:21.844,3.4,1,1,startup,True,221.5342094428842,17.190355713905877,12
fault,500,fault_0017,35,2022-07-17 10:53:21.944,3.5,1,1,startup,True,122.91771240520522,17.190355713905877,12
fault,501,fault_0017,36,2022-07-17 10:53:22.044,3.6,1,1,startup,True,46.380577364889554,17.190355713905877,12
fault,502,fault_0017,37,2022-07-17 10:53:22.144,3.7,1,1,startup,True,403.7469426809152,17.190355713905877,12
fault,503,fault_0017,38,2022-07-17 10:53:22.244,3.8,1,1,startup,True,194.66461272490562,17.190355713905877,12
fault,504,fault_0017,39,2022-07-17 10:53:22.344,3.9,1,1,startup,True,244.44222778377818,17.190355713905877,12
fault,505,fault_0017,40,2022-07-17 10:53:22.444,4.0,1,1,startup,True,580.2660659160534,17.190355713905877,12
fault,506,fault_0017,41,2022-07-17 10:53:22.544,4.1,1,1,startup,True,606.9625175270818,17.190355713905877,12
fault,507,fault_0017,42,2022-07-17 10:53:22.644,4.2,1,1,startup,True,304.44031279014564,17.190355713905877,12
fault,508,fault_0017,43,2022-07-17 10:53:22.744,4.3,1,1,startup,True,1223.8647003012873,17.190355713905877,12
fault,509,fault_0017,44,2022-07-17 10:53:22.844,4.4,1,1,startup,True,769.0703243613619,17.190355713905877,12
fault,510,fault_0017,45,2022-07-17 10:53:22.944,4.5,1,1,startup,True,432.31044176700476,17.190355713905877,12
fault,511,fault_0017,46,2022-07-17 10:53:23.044,4.6,1,1,startup,True,225.88909337965273,17.190355713905877,12
fault,512,fault_0017,47,2022-07-17 10:53:23.144,4.7,1,1,startup,True,350.0561053180905,17.190355713905877,12
fault,513,fault_0017,48,2022-07-17 10:53:23.244,4.8,1,1,startup,True,392.8447657034787,17.190355713905877,12
fault,514,fault_0017,49,2022-07-17 10:53:23.344,4.9,1,1,startup,True,354.8881178655378,17.190355713905877,12
fault,515,fault_0018,0,2022-07-17 10:53:26.553,0.0,1,1,startup,True,25.165007509509202,8.528429503027562,3
fault,516,fault_0018,1,2022-07-17 10:53:26.653,0.1,1,1,startup,True,49.328744613014685,12.144759502448782,6
fault,517,fault_0018,2,2022-07-17 10:53:26.753,0.2,1,1,startup,True,300.23312813576246,14.132739481471942,9
fault,518,fault_0018,3,2022-07-17 10:53:26.853,0.3,1,1,startup,True,438.35542620247674,17.190355713905877,12
fault,519,fault_0018,4,2022-07-17 10:53:26.953,0.4,1,1,startup,True,415.74726681955934,17.190355713905877,12
fault,520,fault_0018,5,2022-07-17 10:53:27.053,0.5,1,1,startup,True,343.0897358905458,17.190355713905877,12
fault,521,fault_0018,6,2022-07-17 10:53:27.153,0.6,1,1,startup,True,282.06874101926593,17.190355713905877,12
fault,522,fault_0018,7,2022-07-17 10:53:27.253,0.7,1,1,startup,True,354.3516597790457,17.190355713905877,12
fault,523,fault_0018,8,2022-07-17 10:53:27.353,0.8,1,1,startup,True,740.4509113095331,17.190355713905877,12
fault,524,fault_0018,9,2022-07-17 10:53:27.453,0.9,1,1,startup,True,771.6337507353708,17.190355713905877,12
fault,525,fault_0018,10,2022-07-17 10:53:27.553,1.0,1,1,startup,True,414.80723866420504,17.190355713905877,12
fault,526,fault_0018,11,2022-07-17 10:53:27.653,1.1,1,1,startup,True,748.7508963636574,17.190355713905877,12
fault,527,fault_0018,12,2022-07-17 10:53:27.753,1.2,1,1,startup,True,537.4914934663032,17.190355713905877,12
fault,528,fault_0018,13,2022-07-17 10:53:27.853,1.3,1,1,startup,True,290.78352361780895,17.190355713905877,12
fault,529,fault_0018,14,2022-07-17 10:53:27.953,1.4,1,1,startup,True,267.71733226760455,17.190355713905877,12
fault,530,fault_0018,15,2022-07-17 10:53:28.053,1.5,1,1,startup,True,273.0455581631683,17.190355713905877,12
fault,531,fault_0018,16,2022-07-17 10:53:28.153,1.6,1,1,startup,True,132.5267673744729,17.190355713905877,12
fault,532,fault_0018,17,2022-07-17 10:53:28.253,1.7,1,1,startup,True,155.99588496623613,17.190355713905877,12
fault,533,fault_0018,18,2022-07-17 10:53:28.353,1.8,1,1,startup,True,255.23793093545882,17.190355713905877,12
fault,534,fault_0018,19,2022-07-17 10:53:28.453,1.9,1,1,startup,True,31.454959478687385,17.190355713905877,12
fault,535,fault_0018,20,2022-07-17 10:53:28.553,2.0,1,1,startup,False,12.965663217817873,17.190355713905877,12
fault,536,fault_0018,21,2022-07-17 10:53:28.653,2.1,1,1,startup,True,21.692035255806537,17.190355713905877,12
fault,537,fault_0018,22,2022-07-17 10:53:28.753,2.2,1,1,startup,True,52.09345630412686,17.190355713905877,12
fault,538,fault_0018,23,2022-07-17 10:53:28.853,2.3,1,1,startup,True,23.575638232872144,17.190355713905877,12
fault,539,fault_0018,24,2022-07-17 10:53:28.953,2.4,1,1,startup,True,64.68032508358714,17.190355713905877,12
fault,540,fault_0018,25,2022-07-17 10:53:29.053,2.5,1,1,startup,True,59.18126371912712,17.190355713905877,12
fault,541,fault_0018,26,2022-07-17 10:53:29.153,2.6,1,1,startup,True,132.9999405840214,17.190355713905877,12
fault,542,fault_0018,27,2022-07-17 10:53:29.253,2.7,1,1,startup,True,130.62859123928854,17.190355713905877,12
fault,543,fault_0018,28,2022-07-17 10:53:29.353,2.8,1,1,startup,True,42.87234938014491,17.190355713905877,12
fault,544,fault_0018,29,2022-07-17 10:53:29.453,2.9,1,1,startup,True,99.30106424021402,17.190355713905877,12
fault,545,fault_0018,30,2022-07-17 10:53:29.553,3.0,1,1,startup,True,200.1311432574347,17.190355713905877,12
fault,546,fault_0018,31,2022-07-17 10:53:29.653,3.1,1,1,startup,True,59.33169976531657,17.190355713905877,12
fault,547,fault_0018,32,2022-07-17 10:53:29.753,3.2,1,1,startup,True,80.8573245482538,17.190355713905877,12
fault,548,fault_0018,33,2022-07-17 10:53:29.853,3.3,1,1,startup,True,203.6876717619633,17.190355713905877,12
fault,549,fault_0018,34,2022-07-17 10:53:29.953,3.4,1,1,startup,True,195.29150174985415,17.190355713905877,12
fault,550,fault_0018,35,2022-07-17 10:53:30.053,3.5,1,1,startup,True,36.91952409590415,17.190355713905877,12
fault,551,fault_0019,0,2022-07-17 10:53:34.639,0.0,1,1,startup,False,3.6634160547165795,8.528429503027562,3
fault,552,fault_0019,1,2022-07-17 10:53:34.739,0.1,1,1,startup,False,6.435993889171703,12.144759502448782,6
fault,553,fault_0019,2,2022-07-17 10:53:34.839,0.2,1,1,startup,False,8.704848418313812,14.132739481471942,9
fault,554,fault_0019,3,2022-07-17 10:53:34.939,0.3,1,1,startup,True,32.38364655105425,17.190355713905877,12
fault,555,fault_0019,4,2022-07-17 10:53:35.039,0.4,1,1,startup,True,69.00799740697549,17.190355713905877,12
fault,556,fault_0019,5,2022-07-17 10:53:35.139,0.5,1,1,startup,True,81.03809882683804,17.190355713905877,12
fault,557,fault_0019,6,2022-07-17 10:53:35.239,0.6,1,1,startup,True,149.68912913835055,17.190355713905877,12
fault,558,fault_0019,7,2022-07-17 10:53:35.339,0.7,1,1,startup,True,170.69918995440457,17.190355713905877,12
fault,559,fault_0019,8,2022-07-17 10:53:35.439,0.8,1,1,startup,True,155.01766871138457,17.190355713905877,12
fault,560,fault_0019,9,2022-07-17 10:53:35.539,0.9,1,1,startup,True,635.3578717572409,17.190355713905877,12
fault,561,fault_0019,10,2022-07-17 10:53:35.639,1.0,1,1,startup,True,665.4722488498473,17.190355713905877,12
fault,562,fault_0019,11,2022-07-17 10:53:35.739,1.1,1,1,startup,True,756.9673450330749,17.190355713905877,12
fault,563,fault_0019,12,2022-07-17 10:53:35.839,1.2,1,1,startup,True,969.5512703350576,17.190355713905877,12
fault,564,fault_0019,13,2022-07-17 10:53:35.939,1.3,1,1,startup,True,1102.5991437640223,17.190355713905877,12
fault,565,fault_0019,14,2022-07-17 10:53:36.039,1.4,1,1,startup,True,1085.1579614219886,17.190355713905877,12
fault,566,fault_0019,15,2022-07-17 10:53:36.139,1.5,1,1,startup,True,905.0453455333161,17.190355713905877,12
fault,567,fault_0019,16,2022-07-17 10:53:36.239,1.6,1,1,startup,True,811.9216360476804,17.190355713905877,12
fault,568,fault_0019,17,2022-07-17 10:53:36.339,1.7,1,1,startup,True,315.1842216496066,17.190355713905877,12
fault,569,fault_0019,18,2022-07-17 10:53:36.439,1.8,1,1,startup,True,300.0894167674549,17.190355713905877,12
fault,570,fault_0019,19,2022-07-17 10:53:36.539,1.9,1,1,startup,True,108.90445926421377,17.190355713905877,12
fault,571,fault_0019,20,2022-07-17 10:53:36.639,2.0,1,1,startup,True,84.13078631454763,17.190355713905877,12
fault,572,fault_0019,21,2022-07-17 10:53:36.739,2.1,1,1,startup,True,136.13752515366184,17.190355713905877,12
fault,573,fault_0019,22,2022-07-17 10:53:36.839,2.2,1,1,startup,True,87.35942278120594,17.190355713905877,12
fault,574,fault_0019,23,2022-07-17 10:53:36.939,2.3,1,1,startup,True,71.35643237882188,17.190355713905877,12
fault,575,fault_0020,0,2022-07-17 10:53:42.668,0.0,1,1,startup,False,4.519532014202566,8.528429503027562,3
fault,576,fault_0020,1,2022-07-17 10:53:42.768,0.1,1,1,startup,False,8.736208495493031,12.144759502448782,6
fault,577,fault_0020,2,2022-07-17 10:53:42.868,0.2,1,1,startup,True,264.17923145472645,14.132739481471942,9
fault,578,fault_0020,3,2022-07-17 10:53:42.968,0.3,1,1,startup,True,271.755814165134,17.190355713905877,12
fault,579,fault_0020,4,2022-07-17 10:53:43.068,0.4,1,1,startup,True,86.2712349995328,17.190355713905877,12
fault,580,fault_0020,5,2022-07-17 10:53:43.168,0.5,1,1,startup,True,73.90100620079286,17.190355713905877,12
fault,581,fault_0020,6,2022-07-17 10:53:43.268,0.6,1,1,startup,True,27.80877093089634,17.190355713905877,12
fault,582,fault_0020,7,2022-07-17 10:53:43.368,0.7,1,1,startup,True,214.16994636641166,17.190355713905877,12
fault,583,fault_0020,8,2022-07-17 10:53:43.468,0.8,1,1,startup,True,138.10411394100157,17.190355713905877,12
fault,584,fault_0020,9,2022-07-17 10:53:43.568,0.9,1,1,startup,True,127.65549566246159,17.190355713905877,12
fault,585,fault_0021,0,2022-07-17 10:53:52.140,0.0,1,1,startup,False,3.128749160775788,8.528429503027562,3
fault,586,fault_0021,1,2022-07-17 10:53:52.240,0.1,1,1,startup,False,5.000355061854718,12.144759502448782,6
fault,587,fault_0021,2,2022-07-17 10:53:52.340,0.2,1,1,startup,False,4.937315170506926,14.132739481471942,9
fault,588,fault_0021,3,2022-07-17 10:53:52.440,0.3,1,1,startup,True,113.69711726377082,17.190355713905877,12
fault,589,fault_0021,4,2022-07-17 10:53:52.540,0.4,1,1,startup,True,93.2913215144801,17.190355713905877,12
fault,590,fault_0021,5,2022-07-17 10:53:52.640,0.5,1,1,startup,True,96.02781104980615,17.190355713905877,12
fault,591,fault_0021,6,2022-07-17 10:53:52.740,0.6,1,1,startup,True,248.64571526485386,17.190355713905877,12
fault,592,fault_0021,7,2022-07-17 10:53:52.840,0.7,1,1,startup,True,234.5556311569051,17.190355713905877,12
fault,593,fault_0021,8,2022-07-17 10:53:52.940,0.8,1,1,startup,True,60.510491613313015,17.190355713905877,12
fault,594,fault_0021,9,2022-07-17 10:53:53.040,0.9,1,1,startup,True,63.15259593877302,17.190355713905877,12
fault,595,fault_0021,10,2022-07-17 10:53:53.140,1.0,1,1,startup,False,9.067619300913076,17.190355713905877,12
fault,596,fault_0021,11,2022-07-17 10:53:53.240,1.1,1,1,startup,True,39.23849337789017,17.190355713905877,12
fault,597,fault_0021,12,2022-07-17 10:53:53.340,1.2,1,1,startup,True,31.62033200325718,17.190355713905877,12
fault,598,fault_0021,13,2022-07-17 10:53:53.440,1.3,1,1,startup,False,7.130661086481108,17.190355713905877,12
fault,599,fault_0021,14,2022-07-17 10:53:53.540,1.4,1,1,startup,True,39.999640596339844,17.190355713905877,12
