source,source_row,clip_id,sample_index,timestamp,elapsed_seconds,AI0_Vibration,AI1_Vibration,AI2_Current,y_true,split
normal,11963,normal_0360,0,2022-07-12 00:45:02.356,0.0,-0.230031,-0.238333,207.49309,0,calibration
normal,11964,normal_0360,1,2022-07-12 00:45:02.456,0.1,-0.013989,0.073075,192.82939,0,calibration
normal,11965,normal_0360,2,2022-07-12 00:45:02.556,0.2,-0.038308,0.123155,155.53739,0,calibration
normal,11966,normal_0360,3,2022-07-12 00:45:02.656,0.3,0.058172,0.108202,97.975147,0,calibration
normal,11967,normal_0360,4,2022-07-12 00:45:02.756,0.4,0.039121,0.028843,32.103542,0,calibration
normal,11968,normal_0360,5,2022-07-12 00:45:02.856,0.5,-0.214341,-0.294566,-39.929156,0,calibration
normal,11969,normal_0360,6,2022-07-12 00:45:02.956,0.6,-0.189704,-0.166899,-106.8082,0,calibration
normal,11970,normal_0360,7,2022-07-12 00:45:03.056,0.7,-0.106621,0.129433,-159.70697,0,calibration
normal,11971,normal_0360,8,2022-07-12 00:45:03.156,0.8,0.096183,0.167114,-201.71931,0,calibration
normal,11972,normal_0360,9,2022-07-12 00:45:03.256,0.9,0.119843,0.153899,-200.33708,0,calibration
normal,11973,normal_0360,10,2022-07-12 00:45:03.356,1.0,-0.046358,-0.129762,-168.90981,0,calibration
normal,11974,normal_0360,11,2022-07-12 00:45:03.456,1.1,-0.074605,-0.242625,-118.33657,0,calibration
normal,11975,normal_0360,12,2022-07-12 00:45:03.556,1.2,-0.226,-0.083078,-53.86687,0,calibration
normal,11976,normal_0360,13,2022-07-12 00:45:03.656,1.3,-0.066294,0.187471,15.511634,0,calibration
normal,11977,normal_0360,14,2022-07-12 00:45:03.756,1.4,0.204198,0.272643,87.661992,0,calibration
normal,11978,normal_0360,15,2022-07-12 00:45:03.856,1.5,-0.022084,-0.093046,145.10562,0,calibration
normal,11979,normal_0360,16,2022-07-12 00:45:03.956,1.6,0.037781,-0.269441,194.41059,0,calibration
normal,11980,normal_0360,17,2022-07-12 00:45:04.056,1.7,0.093901,-0.149437,208.51972,0,calibration
normal,11981,normal_0360,18,2022-07-12 00:45:04.156,1.8,-0.09084,0.043489,183.68151,0,calibration
normal,11982,normal_0360,19,2022-07-12 00:45:04.256,1.9,0.076031,0.261698,139.22884,0,calibration
normal,11983,normal_0360,20,2022-07-12 00:45:04.356,2.0,-0.006462,0.119124,75.834283,0,calibration
normal,11984,normal_0360,21,2022-07-12 00:45:04.456,2.1,-0.08354,-0.21238,7.540227,0,calibration
normal,11985,normal_0360,22,2022-07-12 00:45:04.556,2.2,0.058013,-0.234757,-67.080148,0,calibration
normal,11986,normal_0360,23,2022-07-12 00:45:04.656,2.3,0.07938,-0.032317,-129.56049,0,calibration
normal,11987,normal_0360,24,2022-07-12 00:45:04.756,2.4,0.140721,0.233769,-181.75533,0,calibration
normal,11988,normal_0360,25,2022-07-12 00:45:04.856,2.5,0.01579,0.209848,-210.91666,0,calibration
normal,11989,normal_0360,26,2022-07-12 00:45:04.956,2.6,-0.060765,-0.092069,-195.25757,0,calibration
normal,11990,normal_0360,27,2022-07-12 00:45:05.056,2.7,-0.018542,-0.273404,-156.67858,0,calibration
normal,11991,normal_0360,28,2022-07-12 00:45:05.156,2.8,-0.020143,-0.205636,-96.970093,0,calibration
normal,11992,normal_0360,29,2022-07-12 00:45:05.256,2.9,0.1663,0.134224,-29.372696,0,calibration
normal,11993,normal_0360,30,2022-07-12 00:45:05.356,3.0,0.148419,0.308939,44.239526,0,calibration
normal,11994,normal_0360,31,2022-07-12 00:45:05.456,3.1,-0.027023,0.093012,113.17171,0,calibration
normal,11995,normal_0360,32,2022-07-12 00:45:05.556,3.2,-0.044291,-0.095248,167.78996,0,calibration
normal,11996,normal_0360,33,2022-07-12 00:45:05.656,3.3,-0.064239,-0.117183,209.08609,0,calibration
normal,11997,normal_0360,34,2022-07-12 00:45:05.756,3.4,-0.021642,-0.062857,206.56183,0,calibration
normal,11998,normal_0360,35,2022-07-12 00:45:05.856,3.5,-0.029509,0.111972,173.85306,0,calibration
normal,11999,normal_0360,36,2022-07-12 00:45:05.956,3.6,0.114178,0.242137,120.2556,0,calibration
normal,12000,normal_0360,37,2022-07-12 00:45:06.056,3.7,0.180049,0.04484,52.346117,0,calibration
normal,12001,normal_0360,38,2022-07-12 00:45:06.156,3.8,-0.027579,-0.227207,-19.875886,0,calibration
normal,12002,normal_0360,39,2022-07-12 00:45:06.256,3.9,0.032729,-0.114038,-94.195973,0,calibration
normal,12003,normal_0360,40,2022-07-12 00:45:06.356,4.0,-0.093337,0.04652,-151.70648,0,calibration
normal,12004,normal_0360,41,2022-07-12 00:45:06.456,4.1,-0.137967,0.137096,-199.78037,0,calibration
normal,12005,normal_0360,42,2022-07-12 00:45:06.556,4.2,0.146841,0.245225,-212.78265,0,calibration
normal,12006,normal_0360,43,2022-07-12 00:45:06.656,4.3,0.071342,-0.056522,-186.05759,0,calibration
normal,12007,normal_0360,44,2022-07-12 00:45:06.756,4.4,0.05413,-0.263243,-139.7344,0,calibration
normal,12008,normal_0360,45,2022-07-12 00:45:06.856,4.5,0.058728,-0.092796,-74.179658,0,calibration
normal,12009,normal_0360,46,2022-07-12 00:45:06.956,4.6,-0.081451,0.043738,-4.011751,0,calibration
normal,12010,normal_0360,47,2022-07-12 00:45:07.056,4.7,0.018254,0.218817,72.142252,0,calibration
normal,12011,normal_0360,48,2022-07-12 00:45:07.156,4.8,0.050611,0.170373,135.74328,0,calibration
normal,12012,normal_0360,49,2022-07-12 00:45:07.256,4.9,-0.025048,-0.161812,187.74452,0,calibration
normal,12013,normal_0361,0,2022-07-12 00:45:10.440,0.0,-0.000348,0.089107,110.07692,0,calibration
normal,12014,normal_0361,1,2022-07-12 00:45:10.540,0.1,0.014911,-0.025061,106.46845,0,calibration
normal,12015,normal_0361,2,2022-07-12 00:45:10.640,0.2,0.101196,0.042309,88.394414,0,calibration
normal,12016,normal_0361,3,2022-07-12 00:45:10.740,0.3,-0.017241,0.023008,62.478669,0,calibration
normal,12017,normal_0361,4,2022-07-12 00:45:10.840,0.4,0.073176,-0.012493,19.546392,0,calibration
normal,12018,normal_0361,5,2022-07-12 00:45:10.940,0.5,0.104239,0.081296,-19.912364,0,calibration
normal,12019,normal_0361,6,2022-07-12 00:45:11.040,0.6,0.01138,0.020976,-72.289952,0,calibration
normal,12020,normal_0361,7,2022-07-12 00:45:11.140,0.7,0.071394,-0.047382,-104.53917,0,calibration
normal,12021,normal_0361,8,2022-07-12 00:45:11.240,0.8,0.020531,0.014278,-107.17799,0,calibration
normal,12022,normal_0361,9,2022-07-12 00:45:11.340,0.9,-0.065686,0.002902,-108.73295,0,calibration
normal,12023,normal_0361,10,2022-07-12 00:45:11.440,1.0,0.082588,0.034679,-93.205701,0,calibration
normal,12024,normal_0361,11,2022-07-12 00:45:11.540,1.1,0.086232,0.098451,-71.899184,0,calibration
normal,12025,normal_0361,12,2022-07-12 00:45:11.640,1.2,0.038628,0.054695,-32.84562,0,calibration
normal,12026,normal_0361,13,2022-07-12 00:45:11.740,1.3,0.107508,-0.01515,7.863761,0,calibration
normal,12027,normal_0361,14,2022-07-12 00:45:11.840,1.4,-0.045931,-0.058088,55.589206,0,calibration
normal,12028,normal_0361,15,2022-07-12 00:45:11.940,1.5,-0.033056,0.017252,101.04705,0,calibration
normal,12029,normal_0361,16,2022-07-12 00:45:12.040,1.6,0.09183,0.074836,108.4267,0,calibration
normal,12030,normal_0361,17,2022-07-12 00:45:12.140,1.7,-0.029412,-0.042159,111.26079,0,calibration
normal,12031,normal_0361,18,2022-07-12 00:45:12.240,1.8,0.052763,-0.06381,100.66928,0,calibration
normal,12032,normal_0361,19,2022-07-12 00:45:12.340,1.9,0.067261,0.033964,80.876479,0,calibration
normal,12033,normal_0361,20,2022-07-12 00:45:12.440,2.0,-0.0903,0.047747,47.642833,0,calibration
normal,12034,normal_0361,21,2022-07-12 00:45:12.540,2.1,-0.009101,0.044523,4.009843,0,calibration
normal,12035,normal_0361,22,2022-07-12 00:45:12.640,2.2,-0.063029,0.016389,-37.840371,0,calibration
normal,12036,normal_0361,23,2022-07-12 00:45:12.740,2.3,-0.070261,-0.020043,-89.975964,0,calibration
normal,12037,normal_0361,24,2022-07-12 00:45:12.840,2.4,0.107872,0.001789,-107.12017,0,calibration
normal,12038,normal_0361,25,2022-07-12 00:45:12.940,2.5,-0.01161,-0.018318,-108.88912,0,calibration
normal,12039,normal_0361,26,2022-07-12 00:45:13.040,2.6,-0.059975,-0.018511,-104.83886,0,calibration
normal,12040,normal_0361,27,2022-07-12 00:45:13.140,2.7,0.009552,0.035565,-85.642706,0,calibration
normal,12041,normal_0361,28,2022-07-12 00:45:13.240,2.8,-0.09651,0.039993,-59.442408,0,calibration
normal,12042,normal_0361,29,2022-07-12 00:45:13.340,2.9,-0.025075,-0.000141,-15.211822,0,calibration
normal,12043,normal_0361,30,2022-07-12 00:45:13.440,3.0,0.015002,-0.050992,24.268392,0,calibration
normal,12044,normal_0361,31,2022-07-12 00:45:13.540,3.1,-0.119387,-0.040105,76.183567,0,calibration
normal,12045,normal_0361,32,2022-07-12 00:45:13.640,3.2,-0.010395,0.009078,108.01758,0,calibration
normal,12046,normal_0361,33,2022-07-12 00:45:13.740,3.3,0.014457,-0.035427,109.42448,0,calibration
normal,12047,normal_0361,34,2022-07-12 00:45:13.840,3.4,-0.068626,-0.081521,109.9626,0,calibration
normal,12048,normal_0361,35,2022-07-12 00:45:13.940,3.5,0.054807,-0.012187,93.246471,0,calibration
normal,12049,normal_0361,36,2022-07-12 00:45:14.040,3.6,-0.015822,-0.014764,71.30886,0,calibration
normal,12050,normal_0361,37,2022-07-12 00:45:14.140,3.7,-0.104707,-0.040241,30.194644,0,calibration
normal,12051,normal_0361,38,2022-07-12 00:45:14.240,3.8,0.002468,0.056228,-11.286737,0,calibration
normal,12052,normal_0361,39,2022-07-12 00:45:14.340,3.9,-0.033919,0.011121,-57.943709,0,calibration
normal,12053,normal_0361,40,2022-07-12 00:45:14.440,4.0,-0.003708,-0.11121,-102.53729,0,calibration
normal,12054,normal_0361,41,2022-07-12 00:45:14.540,4.1,0.062584,-0.06591,-108.00458,0,calibration
normal,12055,normal_0361,42,2022-07-12 00:45:14.640,4.2,-0.061406,-0.008111,-110.0346,0,calibration
normal,12056,normal_0361,43,2022-07-12 00:45:14.740,4.3,-0.021158,-0.016478,-98.491561,0,calibration
normal,12057,normal_0361,44,2022-07-12 00:45:14.840,4.4,-0.009305,-0.026197,-77.729711,0,calibration
normal,12058,normal_0361,45,2022-07-12 00:45:14.940,4.5,-0.098201,-0.010121,-43.958431,0,calibration
normal,12059,normal_0361,46,2022-07-12 00:45:15.040,4.6,0.037175,0.005899,0.340223,0,calibration
normal,12060,normal_0361,47,2022-07-12 00:45:15.140,4.7,-0.028197,-0.032407,41.808372,0,calibration
normal,12061,normal_0361,48,2022-07-12 00:45:15.240,4.8,-0.095102,-0.025981,94.213378,0,calibration
normal,12062,normal_0361,49,2022-07-12 00:45:15.340,4.9,0.059916,0.036723,111.089,0,calibration
normal,12063,normal_0362,0,2022-07-12 00:45:17.244,0.0,-0.001827,-0.180941,163.17358,0,calibration
normal,12064,normal_0362,1,2022-07-12 00:45:17.344,0.1,-0.001293,-0.210653,226.71559,0,calibration
normal,12065,normal_0362,2,2022-07-12 00:45:17.444,0.2,-0.100169,-0.048256,257.25499,0,calibration
normal,12066,normal_0362,3,2022-07-12 00:45:17.544,0.3,0.058346,0.127061,240.88469,0,calibration
normal,12067,normal_0362,4,2022-07-12 00:45:17.644,0.4,0.236876,0.307351,193.80011,0,calibration
normal,12068,normal_0362,5,2022-07-12 00:45:17.744,0.5,0.031257,-0.016762,118.57785,0,calibration
normal,12069,normal_0362,6,2022-07-12 00:45:17.844,0.6,-0.000873,-0.268203,34.74534,0,calibration
normal,12070,normal_0362,7,2022-07-12 00:45:17.944,0.7,0.014034,-0.086039,-53.846008,0,calibration
normal,12071,normal_0362,8,2022-07-12 00:45:18.044,0.8,-0.075078,-0.002037,-137.35475,0,calibration
normal,12072,normal_0362,9,2022-07-12 00:45:18.144,0.9,0.102022,0.251209,-205.78744,0,calibration
normal,12073,normal_0362,10,2022-07-12 00:45:18.244,1.0,0.188318,0.294727,-251.58933,0,calibration
normal,12074,normal_0362,11,2022-07-12 00:45:18.344,1.1,-0.014395,-0.146689,-249.36786,0,calibration
normal,12075,normal_0362,12,2022-07-12 00:45:18.444,1.2,-0.088202,-0.24377,-212.36077,0,calibration
normal,12076,normal_0362,13,2022-07-12 00:45:18.544,1.3,-0.02031,-0.041569,-145.72837,0,calibration
normal,12077,normal_0362,14,2022-07-12 00:45:18.644,1.4,-0.020332,0.088449,-61.924227,0,calibration
normal,12078,normal_0362,15,2022-07-12 00:45:18.744,1.5,0.084754,0.23964,25.799635,0,calibration
normal,12079,normal_0362,16,2022-07-12 00:45:18.844,1.6,0.092837,0.163483,113.67394,0,calibration
normal,12080,normal_0362,17,2022-07-12 00:45:18.944,1.7,-0.059274,-0.248993,186.72564,0,calibration
normal,12081,normal_0362,18,2022-07-12 00:45:19.044,1.8,-0.106095,-0.23135,243.00173,0,calibration
normal,12082,normal_0362,19,2022-07-12 00:45:19.144,1.9,-0.049192,0.069637,256.59457,0,calibration
normal,12083,normal_0362,20,2022-07-12 00:45:19.244,2.0,0.077783,0.171396,229.34082,0,calibration
normal,12084,normal_0362,21,2022-07-12 00:45:19.344,2.1,0.048185,0.237336,172.19832,0,calibration
normal,12085,normal_0362,22,2022-07-12 00:45:19.444,2.2,-0.012396,-0.054648,90.88112,0,calibration
normal,12086,normal_0362,23,2022-07-12 00:45:19.544,2.3,-0.090132,-0.264127,5.367876,0,calibration
normal,12087,normal_0362,24,2022-07-12 00:45:19.644,2.4,-0.182627,-0.166829,-84.297667,0,calibration
normal,12088,normal_0362,25,2022-07-12 00:45:19.744,2.5,-0.06654,0.042298,-161.98959,0,calibration
normal,12089,normal_0362,26,2022-07-12 00:45:19.844,2.6,0.176488,0.296645,-225.51468,0,calibration
normal,12090,normal_0362,27,2022-07-12 00:45:19.944,2.7,0.112944,0.123792,-256.64774,0,calibration
normal,12091,normal_0362,28,2022-07-12 00:45:20.044,2.8,-0.083615,-0.22011,-240.87778,0,calibration
normal,12092,normal_0362,29,2022-07-12 00:45:20.144,2.9,-0.050498,-0.207008,-194.83867,0,calibration
normal,12093,normal_0362,30,2022-07-12 00:45:20.244,3.0,-0.202654,-0.069395,-119.18844,0,calibration
normal,12094,normal_0362,31,2022-07-12 00:45:20.344,3.1,-0.088327,0.104979,-33.993606,0,calibration
normal,12095,normal_0362,32,2022-07-12 00:45:20.444,3.2,0.177816,0.3018,55.842645,0,calibration
normal,12096,normal_0362,33,2022-07-12 00:45:20.544,3.3,0.01098,-0.043851,140.10193,0,calibration
normal,12097,normal_0362,34,2022-07-12 00:45:20.644,3.4,-0.033502,-0.330214,208.64012,0,calibration
normal,12098,normal_0362,35,2022-07-12 00:45:20.744,3.5,-0.014281,-0.115058,253.55521,0,calibration
normal,12099,normal_0362,36,2022-07-12 00:45:20.844,3.6,-0.085432,0.024133,251.08102,0,calibration
normal,12100,normal_0362,37,2022-07-12 00:45:20.944,3.7,0.042724,0.230024,214.54516,0,calibration
normal,12101,normal_0362,38,2022-07-12 00:45:21.044,3.8,0.065396,0.245215,146.6849,0,calibration
normal,12102,normal_0362,39,2022-07-12 00:45:21.144,3.9,-0.083434,-0.198721,62.542565,0,calibration
normal,12103,normal_0362,40,2022-07-12 00:45:21.244,4.0,-0.099294,-0.32691,-24.45114,0,calibration
normal,12104,normal_0362,41,2022-07-12 00:45:21.344,4.1,-0.0652,-0.043169,-111.9243,0,calibration
normal,12105,normal_0362,42,2022-07-12 00:45:21.444,4.2,0.060106,0.158113,-184.43694,0,calibration
normal,12106,normal_0362,43,2022-07-12 00:45:21.544,4.3,0.128804,0.255808,-241.30073,0,calibration
normal,12107,normal_0362,44,2022-07-12 00:45:21.644,4.4,0.028964,0.056138,-255.54326,0,calibration
normal,12108,normal_0362,45,2022-07-12 00:45:21.744,4.5,-0.034547,-0.254159,-229.30124,0,calibration
normal,12109,normal_0362,46,2022-07-12 00:45:21.844,4.6,-0.135886,-0.241193,-173.27466,0,calibration
normal,12110,normal_0362,47,2022-07-12 00:45:21.944,4.7,-0.10882,-0.026037,-91.374647,0,calibration
normal,12111,normal_0362,48,2022-07-12 00:45:22.044,4.8,0.103407,0.242967,-4.659772,0,calibration
normal,12112,normal_0362,49,2022-07-12 00:45:22.144,4.9,0.132187,0.254491,85.816632,0,calibration
normal,12113,normal_0363,0,2022-07-12 00:45:25.336,0.0,0.019716,0.213705,-15.055062,0,calibration
normal,12114,normal_0363,1,2022-07-12 00:45:25.436,0.1,0.020885,0.189296,64.803012,0,calibration
normal,12115,normal_0363,2,2022-07-12 00:45:25.536,0.2,0.072554,-0.077949,131.15789,0,calibration
normal,12116,normal_0363,3,2022-07-12 00:45:25.636,0.3,0.081921,-0.172317,175.32971,0,calibration
normal,12117,normal_0363,4,2022-07-12 00:45:25.736,0.4,-0.086357,-0.194479,218.52114,0,calibration
normal,12118,normal_0363,5,2022-07-12 00:45:25.836,0.5,-0.004546,0.037525,202.20628,0,calibration
normal,12119,normal_0363,6,2022-07-12 00:45:25.936,0.6,0.102152,0.285401,159.84621,0,calibration
normal,12120,normal_0363,7,2022-07-12 00:45:26.036,0.7,-0.079148,0.090806,106.19439,0,calibration
normal,12121,normal_0363,8,2022-07-12 00:45:26.136,0.8,-0.003831,-0.092617,39.622788,0,calibration
normal,12122,normal_0363,9,2022-07-12 00:45:26.236,0.9,0.025824,-0.130753,-35.568003,0,calibration
normal,12123,normal_0363,10,2022-07-12 00:45:26.336,1.0,-0.149584,-0.156536,-112.95415,0,calibration
normal,12124,normal_0363,11,2022-07-12 00:45:26.436,1.1,0.070329,0.142804,-158.33392,0,calibration
normal,12125,normal_0363,12,2022-07-12 00:45:26.536,1.2,0.182045,0.23581,-206.63943,0,calibration
normal,12126,normal_0363,13,2022-07-12 00:45:26.636,1.3,0.01077,-0.078073,-211.27334,0,calibration
normal,12127,normal_0363,14,2022-07-12 00:45:26.736,1.4,0.05272,-0.13476,-171.31235,0,calibration
normal,12128,normal_0363,15,2022-07-12 00:45:26.836,1.5,-0.041308,-0.11622,-124.90357,0,calibration
normal,12129,normal_0363,16,2022-07-12 00:45:26.936,1.6,-0.182315,-0.009352,-60.554988,0,calibration
normal,12130,normal_0363,17,2022-07-12 00:45:27.036,1.7,0.014323,0.253476,7.650615,0,calibration
normal,12131,normal_0363,18,2022-07-12 00:45:27.136,1.8,0.056183,0.137491,88.991057,0,calibration
normal,12132,normal_0363,19,2022-07-12 00:45:27.236,1.9,0.029991,-0.109953,142.1286,0,calibration
normal,12133,normal_0363,20,2022-07-12 00:45:27.336,2.0,0.07269,-0.148543,189.53767,0,calibration
normal,12134,normal_0363,21,2022-07-12 00:45:27.436,2.1,-0.026242,-0.129595,218.01582,0,calibration
normal,12135,normal_0363,22,2022-07-12 00:45:27.536,2.2,0.011848,0.090625,185.99691,0,calibration
normal,12136,normal_0363,23,2022-07-12 00:45:27.636,2.3,-0.017057,0.2395,143.68548,0,calibration
normal,12137,normal_0363,24,2022-07-12 00:45:27.736,2.4,-0.040695,0.018486,84.645639,0,calibration
normal,12138,normal_0363,25,2022-07-12 00:45:27.836,2.5,0.022623,-0.140278,19.671323,0,calibration
normal,12139,normal_0363,26,2022-07-12 00:45:27.936,2.6,-0.093431,-0.149826,-59.560068,0,calibration
normal,12140,normal_0363,27,2022-07-12 00:45:28.036,2.7,-0.019135,-0.002472,-123.90591,0,calibration
normal,12141,normal_0363,28,2022-07-12 00:45:28.136,2.8,0.104922,0.212207,-166.74401,0,calibration
normal,12142,normal_0363,29,2022-07-12 00:45:28.236,2.9,-0.031374,0.118679,-211.31125,0,calibration
normal,12143,normal_0363,30,2022-07-12 00:45:28.336,3.0,0.021147,-0.055583,-195.80724,0,calibration
normal,12144,normal_0363,31,2022-07-12 00:45:28.436,3.1,0.038676,-0.129481,-156.14774,0,calibration
normal,12145,normal_0363,32,2022-07-12 00:45:28.536,3.2,-0.200435,-0.177903,-105.37411,0,calibration
normal,12146,normal_0363,33,2022-07-12 00:45:28.636,3.3,-0.03646,0.057428,-42.396789,0,calibration
normal,12147,normal_0364,0,2022-07-12 00:45:33.352,0.0,0.022066,0.099143,100.83081,0,calibration
normal,12148,normal_0364,1,2022-07-12 00:45:33.452,0.1,0.030332,0.00364,106.83037,0,calibration
normal,12149,normal_0364,2,2022-07-12 00:45:33.552,0.2,0.044058,-0.085597,110.78848,0,calibration
normal,12150,normal_0364,3,2022-07-12 00:45:33.652,0.3,0.020136,0.031432,98.676932,0,calibration
normal,12151,normal_0364,4,2022-07-12 00:45:33.752,0.4,-0.032463,-0.023461,79.135547,0,calibration
normal,12152,normal_0364,5,2022-07-12 00:45:33.852,0.5,0.017457,0.02495,43.580895,0,calibration
normal,12153,normal_0364,6,2022-07-12 00:45:33.952,0.6,-0.02153,0.084134,3.442049,0,calibration
normal,12154,normal_0364,7,2022-07-12 00:45:34.052,0.7,0.002119,-0.04107,-41.27491,0,calibration
normal,12155,normal_0364,8,2022-07-12 00:45:34.152,0.8,0.089017,0.029548,-90.933095,0,calibration
normal,12156,normal_0364,9,2022-07-12 00:45:34.252,0.9,0.010304,0.011155,-104.02252,0,calibration
normal,12157,normal_0364,10,2022-07-12 00:45:34.352,1.0,0.005979,-0.066955,-108.83881,0,calibration
normal,12158,normal_0364,11,2022-07-12 00:45:34.452,1.1,-0.012447,0.108317,-103.36341,0,calibration
normal,12159,normal_0364,12,2022-07-12 00:45:34.552,1.2,-0.050833,0.063653,-85.505138,0,calibration
normal,12160,normal_0364,13,2022-07-12 00:45:34.652,1.3,0.030559,-0.051798,-57.066209,0,calibration
normal,12161,normal_0364,14,2022-07-12 00:45:34.752,1.4,0.010475,0.002822,-15.791895,0,calibration
normal,12162,normal_0364,15,2022-07-12 00:45:34.852,1.5,-0.041773,-0.066262,24.231079,0,calibration
normal,12163,normal_0364,16,2022-07-12 00:45:34.952,1.6,0.007012,-0.023075,78.213939,0,calibration
normal,12164,normal_0364,17,2022-07-12 00:45:35.052,1.7,0.004037,0.0799,104.11085,0,calibration
normal,12165,normal_0364,18,2022-07-12 00:45:35.152,1.8,0.00129,0.007159,108.23263,0,calibration
normal,12166,normal_0364,19,2022-07-12 00:45:35.252,1.9,0.000245,0.03292,108.70434,0,calibration
normal,12167,normal_0364,20,2022-07-12 00:45:35.352,2.0,-0.07145,-0.005591,92.809092,0,calibration
normal,12168,normal_0365,0,2022-07-12 00:45:41.472,0.0,-0.054721,-0.169083,155.71072,0,calibration
normal,12169,normal_0365,1,2022-07-12 00:45:41.572,0.1,-0.098794,0.073218,213.68482,0,calibration
normal,12170,normal_0365,2,2022-07-12 00:45:41.672,0.2,0.190124,0.276237,247.39352,0,calibration
normal,12171,normal_0365,3,2022-07-12 00:45:41.772,0.3,0.103135,0.049683,229.4195,0,calibration
normal,12172,normal_0365,4,2022-07-12 00:45:41.872,0.4,-0.12812,-0.251814,183.21767,0,calibration
normal,12173,normal_0365,5,2022-07-12 00:45:41.972,0.5,-0.006538,-0.180629,114.20669,0,calibration
normal,12174,normal_0365,6,2022-07-12 00:45:42.072,0.6,-0.127155,0.013046,34.084086,0,calibration
normal,12175,normal_0365,7,2022-07-12 00:45:42.172,0.7,-0.145592,0.165668,-49.813873,0,calibration
normal,12176,normal_0365,8,2022-07-12 00:45:42.272,0.8,0.123639,0.263567,-131.05978,0,calibration
normal,12177,normal_0366,0,2022-07-12 00:45:50.892,0.0,0.122737,-0.061583,18.48531,0,calibration
normal,12178,normal_0366,1,2022-07-12 00:45:50.992,0.1,0.072976,0.118548,71.137794,0,calibration
normal,12179,normal_0366,2,2022-07-12 00:45:51.092,0.2,0.080038,0.027836,104.32602,0,calibration
normal,12180,normal_0366,3,2022-07-12 00:45:51.192,0.3,0.093139,-0.04554,108.1468,0,calibration
normal,12181,normal_0366,4,2022-07-12 00:45:51.292,0.4,0.009148,0.038406,109.94686,0,calibration
normal,12182,normal_0366,5,2022-07-12 00:45:51.392,0.5,-0.015148,-0.019201,94.804775,0,calibration
normal,12183,normal_0366,6,2022-07-12 00:45:51.492,0.6,0.044979,0.055549,73.495039,0,calibration
normal,12184,normal_0366,7,2022-07-12 00:45:51.592,0.7,0.008013,0.130889,35.826091,0,calibration
normal,12185,normal_0366,8,2022-07-12 00:45:51.692,0.8,0.042163,-0.015443,-3.56102,0,calibration
normal,12186,normal_0366,9,2022-07-12 00:45:51.792,0.9,0.079754,0.031775,-51.060206,0,calibration
normal,12187,normal_0366,10,2022-07-12 00:45:51.892,1.0,0.016482,0.022829,-96.357357,0,calibration
normal,12188,normal_0366,11,2022-07-12 00:45:51.992,1.1,0.04205,-0.066771,-105.44266,0,calibration
normal,12189,normal_0366,12,2022-07-12 00:45:52.092,1.2,0.00824,0.104118,-109.80524,0,calibration
normal,12190,normal_0366,13,2022-07-12 00:45:52.192,1.3,-0.011787,0.063996,-100.7197,0,calibration
normal,12191,normal_0366,14,2022-07-12 00:45:52.292,1.4,0.041142,-0.051546,-81.550965,0,calibration
normal,12192,normal_0366,15,2022-07-12 00:45:52.392,1.5,0.005367,0.03559,-50.057656,0,calibration
normal,12193,normal_0366,16,2022-07-12 00:45:52.492,1.6,-0.052818,-0.004805,-9.176375,0,calibration
normal,12194,normal_0366,17,2022-07-12 00:45:52.592,1.7,-0.053215,-0.006644,33.005838,0,calibration
normal,12195,normal_0366,18,2022-07-12 00:45:52.692,1.8,-0.052126,0.060613,85.778366,0,calibration
normal,12196,normal_0366,19,2022-07-12 00:45:52.792,1.9,-0.040273,0.031457,105.68382,0,calibration
normal,12197,normal_0366,20,2022-07-12 00:45:52.892,2.0,-0.007814,0.043424,109.68591,0,calibration
normal,12198,normal_0366,21,2022-07-12 00:45:52.992,2.1,-0.067714,-0.051308,107.00144,0,calibration
normal,12199,normal_0366,22,2022-07-12 00:45:53.092,2.2,-0.100933,-0.124968,89.437495,0,calibration
normal,12200,normal_0366,23,2022-07-12 00:45:53.192,2.3,-0.012911,0.062452,64.279564,0,calibration
normal,12201,normal_0366,24,2022-07-12 00:45:53.292,2.4,0.041142,0.022273,23.81778,0,calibration
normal,12202,normal_0366,25,2022-07-12 00:45:53.392,2.5,0.037577,-0.152363,-14.939906,0,calibration
normal,12203,normal_0366,26,2022-07-12 00:45:53.492,2.6,0.001212,-0.051773,-67.443021,0,calibration
normal,12204,normal_0366,27,2022-07-12 00:45:53.592,2.7,-0.095847,-0.024071,-101.01713,0,calibration
normal,12205,normal_0366,28,2022-07-12 00:45:53.692,2.8,-0.098629,-0.039273,-106.03131,0,calibration
normal,12206,normal_0366,29,2022-07-12 00:45:53.792,2.9,-0.066624,0.038383,-108.86623,0,calibration
normal,12207,normal_0366,30,2022-07-12 00:45:53.892,3.0,-0.058801,0.01965,-94.854485,0,calibration
normal,12208,normal_0366,31,2022-07-12 00:45:53.992,3.1,0.066346,0.001519,-74.492463,0,calibration
normal,12209,normal_0366,32,2022-07-12 00:45:54.092,3.2,0.028312,-0.069984,-38.034444,0,calibration
normal,12210,normal_0366,33,2022-07-12 00:45:54.192,3.3,-0.068361,-0.130962,0.963688,0,calibration
normal,12211,normal_0366,34,2022-07-12 00:45:54.292,3.4,-0.013547,0.045853,48.614627,0,calibration
normal,12212,normal_0366,35,2022-07-12 00:45:54.392,3.5,-0.050752,0.079777,94.901811,0,calibration
normal,12213,normal_0366,36,2022-07-12 00:45:54.492,3.6,-0.035073,-0.050059,105.61539,0,calibration
normal,12214,normal_0366,37,2022-07-12 00:45:54.592,3.7,-0.006133,0.018628,110.45004,0,calibration
normal,12215,normal_0366,38,2022-07-12 00:45:54.692,3.8,-0.088195,-0.020677,101.90858,0,calibration
normal,12216,normal_0366,39,2022-07-12 00:45:54.792,3.9,-0.027319,-0.076126,83.369146,0,calibration
normal,12217,normal_0366,40,2022-07-12 00:45:54.892,4.0,0.013281,0.07049,52.655822,0,calibration
normal,12218,normal_0366,41,2022-07-12 00:45:54.992,4.1,-0.01961,-0.020484,12.454869,0,calibration
normal,12219,normal_0366,42,2022-07-12 00:45:55.092,4.2,0.040131,-0.081235,-29.438857,0,calibration
normal,12220,normal_0366,43,2022-07-12 00:45:55.192,4.3,-0.017498,0.020422,-82.054744,0,calibration
normal,12221,normal_0366,44,2022-07-12 00:45:55.292,4.4,-0.036379,-0.066442,-102.51881,0,calibration
normal,12222,normal_0366,45,2022-07-12 00:45:55.392,4.5,0.044672,0.044797,-107.50641,0,calibration
normal,12223,normal_0366,46,2022-07-12 00:45:55.492,4.6,0.027858,0.130276,-105.81566,0,calibration
normal,12224,normal_0366,47,2022-07-12 00:45:55.592,4.7,0.069616,-0.041453,-88.931452,0,calibration
normal,12225,normal_0366,48,2022-07-12 00:45:55.692,4.8,0.087951,-0.009176,-64.625986,0,calibration
normal,12226,normal_0366,49,2022-07-12 00:45:55.792,4.9,-0.026819,-0.037661,-24.645451,0,calibration
normal,12227,normal_0367,0,2022-07-12 00:45:57.561,0.0,0.078383,0.133348,-208.30371,0,calibration
normal,12228,normal_0367,1,2022-07-12 00:45:57.661,0.1,0.068834,0.19662,-193.14554,0,calibration
normal,12229,normal_0367,2,2022-07-12 00:45:57.761,0.2,2.2e-05,-0.000915,-155.58495,0,calibration
normal,12230,normal_0367,3,2022-07-12 00:45:57.861,0.3,-0.082107,-0.223428,-96.284759,0,calibration
normal,12231,normal_0367,4,2022-07-12 00:45:57.961,0.4,-0.031846,-0.137052,-30.115727,0,calibration
normal,12232,normal_0367,5,2022-07-12 00:45:58.061,0.5,0.046923,-0.005241,40.684586,0,calibration
normal,12233,normal_0367,6,2022-07-12 00:45:58.161,0.6,0.109945,0.139127,109.7243,0,calibration
normal,12234,normal_0367,7,2022-07-12 00:45:58.261,0.7,0.264054,0.21826,167.03071,0,calibration
normal,12235,normal_0367,8,2022-07-12 00:45:58.361,0.8,0.033401,-0.039392,208.04288,0,calibration
normal,12236,normal_0367,9,2022-07-12 00:45:58.461,0.9,-0.193392,-0.287903,205.15063,0,calibration
normal,12237,normal_0367,10,2022-07-12 00:45:58.561,1.0,-0.129144,-0.013903,172.86887,0,calibration
normal,12238,normal_0367,11,2022-07-12 00:45:58.661,1.1,-0.08272,0.173653,118.67715,0,calibration
normal,12239,normal_0367,12,2022-07-12 00:45:58.761,1.2,0.144652,0.193271,52.257544,0,calibration
normal,12240,normal_0367,13,2022-07-12 00:45:58.861,1.3,0.155823,0.18957,-16.437175,0,calibration
normal,12241,normal_0367,14,2022-07-12 00:45:58.961,1.4,0.069493,-0.192354,-88.920842,0,calibration
normal,12242,normal_0367,15,2022-07-12 00:45:59.061,1.5,-0.062273,-0.23779,-149.36079,0,calibration
normal,12243,normal_0367,16,2022-07-12 00:45:59.161,1.6,-0.194425,-0.032352,-199.01874,0,calibration
normal,12244,normal_0367,17,2022-07-12 00:45:59.261,1.7,0.078485,0.201275,-211.35881,0,calibration
normal,12245,normal_0367,18,2022-07-12 00:45:59.361,1.8,0.08541,0.229477,-186.16953,0,calibration
normal,12246,normal_0367,19,2022-07-12 00:45:59.461,1.9,-0.031551,-0.112484,-139.61984,0,calibration
normal,12247,normal_0367,20,2022-07-12 00:45:59.561,2.0,0.130097,-0.21749,-73.649296,0,calibration
normal,12248,normal_0367,21,2022-07-12 00:45:59.661,2.1,-0.075057,-0.155876,-5.107523,0,calibration
normal,12249,normal_0367,22,2022-07-12 00:45:59.761,2.2,-0.036422,0.116829,68.771251,0,calibration
normal,12250,normal_0367,23,2022-07-12 00:45:59.861,2.3,0.130392,0.330225,134.53187,0,calibration
normal,12251,normal_0367,24,2022-07-12 00:45:59.961,2.4,-0.194527,-0.020806,189.5993,0,calibration
normal,12252,normal_0367,25,2022-07-12 00:46:00.061,2.5,-0.080018,-0.262358,216.36155,0,calibration
normal,12253,normal_0367,26,2022-07-12 00:46:00.161,2.6,0.061795,-0.161189,199.60907,0,calibration
normal,12254,normal_0367,27,2022-07-12 00:46:00.261,2.7,0.014168,-0.026653,159.38248,0,calibration
normal,12255,normal_0367,28,2022-07-12 00:46:00.361,2.8,0.144379,0.259767,96.757066,0,calibration
normal,12256,normal_0367,29,2022-07-12 00:46:00.461,2.9,-0.037444,0.183133,28.488997,0,calibration
normal,12257,normal_0367,30,2022-07-12 00:46:00.561,3.0,-0.174069,-0.184202,-44.631486,0,calibration
normal,12258,normal_0367,31,2022-07-12 00:46:00.661,3.1,-0.106278,-0.249677,-115.17717,0,calibration
normal,12259,normal_0367,32,2022-07-12 00:46:00.761,3.2,-0.037432,-0.138347,-173.48673,0,calibration
normal,12260,normal_0367,33,2022-07-12 00:46:00.861,3.3,0.091234,0.153353,-213.80427,0,calibration
normal,12261,normal_0367,34,2022-07-12 00:46:00.961,3.4,0.054666,0.289388,-209.10564,0,calibration
normal,12262,normal_0367,35,2022-07-12 00:46:01.061,3.5,-0.048763,-0.010327,-175.21717,0,calibration
normal,12263,normal_0367,36,2022-07-12 00:46:01.161,3.6,-0.073422,-0.197293,-118.95277,0,calibration
normal,12264,normal_0367,37,2022-07-12 00:46:01.261,3.7,-0.05159,-0.122293,-49.685484,0,calibration
normal,12265,normal_0367,38,2022-07-12 00:46:01.361,3.8,0.017461,-0.015606,21.79766,0,calibration
normal,12266,normal_0367,39,2022-07-12 00:46:01.461,3.9,-0.001113,0.182542,95.643055,0,calibration
normal,12267,normal_0367,40,2022-07-12 00:46:01.561,4.0,0.000885,0.173062,157.58993,0,calibration
normal,12268,normal_0367,41,2022-07-12 00:46:01.661,4.1,0.036625,-0.109203,206.7472,0,calibration
normal,12269,normal_0367,42,2022-07-12 00:46:01.761,4.2,0.03734,-0.158465,217.1258,0,calibration
normal,12270,normal_0367,43,2022-07-12 00:46:01.861,4.3,0.022422,-0.044342,190.74967,0,calibration
normal,12271,normal_0367,44,2022-07-12 00:46:01.961,4.4,-0.101067,0.061437,141.78612,0,calibration
normal,12272,normal_0367,45,2022-07-12 00:46:02.061,4.5,-0.074478,0.225026,74.062237,0,calibration
normal,12273,normal_0367,46,2022-07-12 00:46:02.161,4.6,-0.01921,0.148346,4.213811,0,calibration
normal,12274,normal_0367,47,2022-07-12 00:46:02.261,4.7,-0.011149,-0.170828,-70.926675,0,calibration
normal,12275,normal_0367,48,2022-07-12 00:46:02.361,4.8,0.090247,-0.218319,-137.23625,0,calibration
normal,12276,normal_0367,49,2022-07-12 00:46:02.461,4.9,-0.037637,-0.051619,-192.44769,0,calibration
normal,12277,normal_0368,0,2022-07-12 00:46:05.548,0.0,0.060791,-0.1679,-196.42284,0,calibration
normal,12278,normal_0368,1,2022-07-12 00:46:05.648,0.1,-0.090446,-0.164687,-239.09321,0,calibration
normal,12279,normal_0368,2,2022-07-12 00:46:05.748,0.2,-0.051856,-0.005491,-214.64064,0,calibration
normal,12280,normal_0368,3,2022-07-12 00:46:05.848,0.3,0.124131,0.249855,-165.54858,0,calibration
normal,12281,normal_0368,4,2022-07-12 00:46:05.948,0.4,-0.003173,0.118112,-106.75801,0,calibration
normal,12282,normal_0368,5,2022-07-12 00:46:06.048,0.5,-0.05474,-0.132126,-34.750704,0,calibration
normal,12283,normal_0368,6,2022-07-12 00:46:06.148,0.6,-0.019102,-0.140096,46.341782,0,calibration
normal,12284,normal_0368,7,2022-07-12 00:46:06.248,0.7,-0.135325,-0.1382,131.23824,0,calibration
normal,12285,normal_0368,8,2022-07-12 00:46:06.348,0.8,-0.072065,0.068282,180.88462,0,calibration
normal,12286,normal_0368,9,2022-07-12 00:46:06.448,0.9,0.131102,0.258665,230.15097,0,calibration
normal,12287,normal_0368,10,2022-07-12 00:46:06.548,1.0,0.112482,-0.00305,230.14763,0,calibration
normal,12288,normal_0368,11,2022-07-12 00:46:06.648,1.1,0.004365,-0.158102,182.88555,0,calibration
normal,12289,normal_0368,12,2022-07-12 00:46:06.748,1.2,-0.037108,-0.123497,130.13293,0,calibration
normal,12290,normal_0368,13,2022-07-12 00:46:06.848,1.3,-0.114844,-0.074837,60.280926,0,calibration
normal,12291,normal_0368,14,2022-07-12 00:46:06.948,1.4,-0.062358,0.181894,-14.739873,0,calibration
normal,12292,normal_0368,15,2022-07-12 00:46:07.048,1.5,0.096781,0.210698,-104.14685,0,calibration
normal,12293,normal_0368,16,2022-07-12 00:46:07.148,1.6,0.089117,-0.102153,-163.74518,0,calibration
normal,12294,normal_0368,17,2022-07-12 00:46:07.248,1.7,0.018262,-0.200189,-213.26282,0,calibration
normal,12295,normal_0368,18,2022-07-12 00:46:07.348,1.8,-0.019204,-0.081274,-236.05361,0,calibration
normal,12296,normal_0368,19,2022-07-12 00:46:07.448,1.9,0.000153,0.060187,-197.22321,0,calibration
normal,12297,normal_0368,20,2022-07-12 00:46:07.548,2.0,0.025017,0.221994,-148.60143,0,calibration
normal,12298,normal_0368,21,2022-07-12 00:46:07.648,2.1,-0.007022,0.128965,-82.655559,0,calibration
normal,12299,normal_0368,22,2022-07-12 00:46:07.748,2.2,0.055546,-0.157886,-10.251404,0,calibration
normal,12300,normal_0368,23,2022-07-12 00:46:07.848,2.3,-0.016536,-0.237688,75.864801,0,calibration
normal,12301,normal_0368,24,2022-07-12 00:46:07.948,2.4,-0.098949,-0.066129,147.62821,0,calibration
normal,12302,normal_0368,25,2022-07-12 00:46:08.048,2.5,0.147269,0.20795,196.8899,0,calibration
normal,12303,normal_0368,26,2022-07-12 00:46:08.148,2.6,0.110405,0.207269,236.27475,0,calibration
normal,12304,normal_0368,27,2022-07-12 00:46:08.248,2.7,-0.039833,-0.030003,213.93719,0,calibration
normal,12305,normal_0368,28,2022-07-12 00:46:08.348,2.8,0.057135,-0.115822,167.23682,0,calibration
normal,12306,normal_0368,29,2022-07-12 00:46:08.448,2.9,-0.147814,-0.16849,107.42809,0,calibration
normal,12307,normal_0368,30,2022-07-12 00:46:08.548,3.0,-0.157226,-0.003255,36.984567,0,calibration
normal,12308,normal_0368,31,2022-07-12 00:46:08.648,3.1,0.175323,0.282291,-43.093329,0,calibration
normal,12309,normal_0368,32,2022-07-12 00:46:08.748,3.2,0.100743,0.089138,-124.87282,0,calibration
normal,12310,normal_0368,33,2022-07-12 00:46:08.848,3.3,0.023359,-0.164335,-177.1908,0,calibration
normal,12311,normal_0368,34,2022-07-12 00:46:08.948,3.4,0.075687,-0.132478,-225.8313,0,calibration
normal,12312,normal_0368,35,2022-07-12 00:46:09.048,3.5,-0.125119,-0.084805,-224.31698,0,calibration
normal,12313,normal_0368,36,2022-07-12 00:46:09.148,3.6,-0.11825,0.125786,-181.10158,0,calibration
normal,12314,normal_0369,0,2022-07-12 00:46:13.485,0.0,0.078136,-0.041198,15.057089,0,calibration
normal,12315,normal_0369,1,2022-07-12 00:46:13.585,0.1,0.035573,0.015739,-25.079373,0,calibration
normal,12316,normal_0369,2,2022-07-12 00:46:13.685,0.2,-0.085498,-0.159726,-79.174051,0,calibration
normal,12317,normal_0369,3,2022-07-12 00:46:13.785,0.3,0.034301,-0.00959,-105.46173,0,calibration
normal,12318,normal_0369,4,2022-07-12 00:46:13.885,0.4,-0.012996,0.106951,-108.35685,0,calibration
normal,12319,normal_0369,5,2022-07-12 00:46:13.985,0.5,-0.000871,-0.082558,-107.51022,0,calibration
normal,12320,normal_0369,6,2022-07-12 00:46:14.085,0.6,0.0462,-0.012826,-91.110836,0,calibration
normal,12321,normal_0369,7,2022-07-12 00:46:14.185,0.7,-0.071715,0.035846,-68.166026,0,calibration
normal,12322,normal_0369,8,2022-07-12 00:46:14.285,0.8,-0.018991,-0.038496,-26.606921,0,calibration
normal,12323,normal_0369,9,2022-07-12 00:46:14.385,0.9,-0.003323,0.097721,12.890102,0,calibration
normal,12324,normal_0369,10,2022-07-12 00:46:14.485,1.0,-0.017242,0.072937,63.915618,0,calibration
normal,12325,normal_0369,11,2022-07-12 00:46:14.585,1.1,0.136265,-0.005094,103.97114,0,calibration
normal,12326,normal_0369,12,2022-07-12 00:46:14.685,1.2,0.07397,0.058723,108.86277,0,calibration
normal,12327,normal_0369,13,2022-07-12 00:46:14.785,1.3,-0.004561,-0.065198,110.79444,0,calibration
normal,12328,normal_0369,14,2022-07-12 00:46:14.885,1.4,0.035005,0.032417,97.66556,0,calibration
normal,12329,normal_0369,15,2022-07-12 00:46:14.985,1.5,0.007746,0.223288,78.251371,0,calibration
normal,12330,normal_0369,16,2022-07-12 00:46:15.085,1.6,0.070609,0.014127,42.201405,0,calibration
normal,12331,normal_0369,17,2022-07-12 00:46:15.185,1.7,0.069269,0.010142,1.436591,0,calibration
normal,12332,normal_0369,18,2022-07-12 00:46:15.285,1.8,-0.001507,0.097562,-43.155318,0,calibration
normal,12333,normal_0369,19,2022-07-12 00:46:15.385,1.9,0.060255,-0.062826,-94.097268,0,calibration
normal,12334,normal_0369,20,2022-07-12 00:46:15.485,2.0,0.089944,0.003954,-107.18252,0,calibration
normal,12335,normal_0369,21,2022-07-12 00:46:15.585,2.1,0.034869,0.03949,-110.13426,0,calibration
normal,12336,normal_0369,22,2022-07-12 00:46:15.685,2.2,0.129941,-0.071284,-103.18042,0,calibration
normal,12337,normal_0369,23,2022-07-12 00:46:15.785,2.3,0.163218,-0.023986,-84.794531,0,calibration
normal,12338,normal_0369,24,2022-07-12 00:46:15.885,2.4,0.034778,-0.079538,-55.799252,0,calibration
normal,12339,normal_0369,25,2022-07-12 00:46:15.985,2.5,0.076536,-0.00976,-13.121964,0,calibration
normal,12340,normal_0369,26,2022-07-12 00:46:16.085,2.6,0.036209,0.180021,26.694301,0,calibration
normal,12341,normal_0370,0,2022-07-12 00:46:21.424,0.0,-0.047651,0.200171,-198.49434,0,calibration
normal,12342,normal_0370,1,2022-07-12 00:46:21.524,0.1,0.108139,0.24446,-221.80381,0,calibration
normal,12343,normal_0370,2,2022-07-12 00:46:21.624,0.2,0.132514,-0.083206,-199.03805,0,calibration
normal,12344,normal_0370,3,2022-07-12 00:46:21.724,0.3,0.025941,-0.268787,-156.09314,0,calibration
normal,12345,normal_0370,4,2022-07-12 00:46:21.824,0.4,0.025612,-0.090756,-91.75707,0,calibration
normal,12346,normal_0370,5,2022-07-12 00:46:21.924,0.5,-0.016009,0.047481,-20.811441,0,calibration
normal,12347,normal_0370,6,2022-07-12 00:46:22.024,0.6,0.046911,0.222287,55.500276,0,calibration
normal,12348,normal_0370,7,2022-07-12 00:46:22.124,0.7,0.116495,0.193745,127.29754,0,calibration
normal,12349,normal_0370,8,2022-07-12 00:46:22.224,0.8,0.112317,-0.188996,184.46543,0,calibration
normal,12350,normal_0370,9,2022-07-12 00:46:22.324,0.9,0.080778,-0.215688,221.95843,0,calibration
normal,12351,normal_0370,10,2022-07-12 00:46:22.424,1.0,-0.018053,-0.007696,211.8875,0,calibration
normal,12352,normal_0370,11,2022-07-12 00:46:22.524,1.1,0.017756,0.123151,174.80364,0,calibration
normal,12353,normal_0370,12,2022-07-12 00:46:22.624,1.2,0.075135,0.304394,116.10378,0,calibration
normal,12354,normal_0370,13,2022-07-12 00:46:22.724,1.3,0.052883,0.130258,47.150617,0,calibration
normal,12355,normal_0370,14,2022-07-12 00:46:22.824,1.4,0.04741,-0.270921,-26.099566,0,calibration
normal,12356,normal_0371,0,2022-07-12 00:46:29.508,0.0,0.103244,-0.138295,-139.35556,0,calibration
normal,12357,normal_0372,0,2022-07-12 00:46:31.584,0.0,0.00619,-0.008537,45.531874,0,calibration
normal,12358,normal_0372,1,2022-07-12 00:46:31.684,0.1,-0.002892,0.015294,95.438253,0,calibration
normal,12359,normal_0372,2,2022-07-12 00:46:31.784,0.2,-0.092651,-0.011352,107.34929,0,calibration
normal,12360,normal_0372,3,2022-07-12 00:46:31.884,0.3,-0.07251,0.016123,110.50249,0,calibration
normal,12361,normal_0372,4,2022-07-12 00:46:31.984,0.4,-0.048328,0.07021,103.87648,0,calibration
normal,12362,normal_0372,5,2022-07-12 00:46:32.084,0.5,-0.050326,-0.07224,86.270581,0,calibration
normal,12363,normal_0372,6,2022-07-12 00:46:32.184,0.6,0.019179,-0.135012,57.009704,0,calibration
normal,12364,normal_0372,7,2022-07-12 00:46:32.284,0.7,-0.013553,0.012149,14.844062,0,calibration
normal,12365,normal_0372,8,2022-07-12 00:46:32.384,0.8,-0.040335,0.024558,-26.078585,0,calibration
normal,12366,normal_0372,9,2022-07-12 00:46:32.484,0.9,0.029215,-0.046888,-80.576429,0,calibration
normal,12367,normal_0372,10,2022-07-12 00:46:32.584,1.0,-0.063836,-0.016473,-104.8658,0,calibration
normal,12368,normal_0372,11,2022-07-12 00:46:32.684,1.1,-0.037361,0.030042,-107.78285,0,calibration
normal,12369,normal_0372,12,2022-07-12 00:46:32.784,1.2,0.018679,-0.006187,-107.47529,0,calibration
normal,12370,normal_0372,13,2022-07-12 00:46:32.884,1.3,-0.120274,-0.068187,-91.038357,0,calibration
normal,12371,normal_0372,14,2022-07-12 00:46:32.984,1.4,-0.03576,0.017349,-67.601689,0,calibration
normal,12372,normal_0372,15,2022-07-12 00:46:33.084,1.5,0.038116,0.089374,-26.850584,0,calibration
normal,12373,normal_0372,16,2022-07-12 00:46:33.184,1.6,-0.037088,-0.014702,12.489082,0,calibration
normal,12374,normal_0372,17,2022-07-12 00:46:33.284,1.7,0.021551,-0.060796,64.421423,0,calibration
normal,12375,normal_0372,18,2022-07-12 00:46:33.384,1.8,-0.04633,-0.038055,102.86738,0,calibration
normal,12376,normal_0372,19,2022-07-12 00:46:33.484,1.9,-0.104549,-0.036114,107.60988,0,calibration
normal,12377,normal_0372,20,2022-07-12 00:46:33.584,2.0,0.015398,-0.013759,110.5584,0,calibration
normal,12378,normal_0372,21,2022-07-12 00:46:33.684,2.1,-0.017368,-0.029291,98.402989,0,calibration
normal,12379,normal_0372,22,2022-07-12 00:46:33.784,2.2,0.034733,-0.053882,79.053173,0,calibration
normal,12380,normal_0372,23,2022-07-12 00:46:33.884,2.3,0.091136,-0.055017,43.00273,0,calibration
normal,12381,normal_0372,24,2022-07-12 00:46:33.984,2.4,-0.077494,-0.04816,2.290726,0,calibration
normal,12382,normal_0372,25,2022-07-12 00:46:34.084,2.5,-0.042424,0.044948,-44.419294,0,calibration
normal,12383,normal_0372,26,2022-07-12 00:46:34.184,2.6,0.007973,0.097208,-94.224464,0,calibration
normal,12384,normal_0372,27,2022-07-12 00:46:34.284,2.7,-0.027835,0.041134,-105.88027,0,calibration
normal,12385,normal_0372,28,2022-07-12 00:46:34.384,2.8,0.065159,0.000852,-109.68663,0,calibration
normal,12386,normal_0372,29,2022-07-12 00:46:34.484,2.9,0.010618,-0.048092,-103.19496,0,calibration
normal,12387,normal_0372,30,2022-07-12 00:46:34.584,3.0,-0.001348,-0.016473,-84.783445,0,calibration
normal,12388,normal_0372,31,2022-07-12 00:46:34.684,3.1,0.103386,0.080189,-55.408008,0,calibration
normal,12389,normal_0372,32,2022-07-12 00:46:34.784,3.2,0.02775,0.008947,-13.352396,0,calibration
normal,12390,normal_0372,33,2022-07-12 00:46:34.884,3.3,0.009426,-0.077258,28.359297,0,calibration
normal,12391,normal_0372,34,2022-07-12 00:46:34.984,3.4,0.030589,0.008436,82.67356,0,calibration
normal,12392,normal_0372,35,2022-07-12 00:46:35.084,3.5,-0.04306,0.078304,106.44652,0,calibration
normal,12393,normal_0372,36,2022-07-12 00:46:35.184,3.6,0.010187,0.052589,109.26665,0,calibration
normal,12394,normal_0372,37,2022-07-12 00:46:35.284,3.7,0.017691,0.021254,108.44363,0,calibration
normal,12395,normal_0372,38,2022-07-12 00:46:35.384,3.8,-0.012293,0.021436,92.195164,0,calibration
normal,12396,normal_0372,39,2022-07-12 00:46:35.484,3.9,0.100672,0.068427,69.197782,0,calibration
normal,12397,normal_0372,40,2022-07-12 00:46:35.584,4.0,0.056974,0.01669,28.261188,0,calibration
normal,12398,normal_0372,41,2022-07-12 00:46:35.684,4.1,-0.02771,-0.075566,-11.253239,0,calibration
normal,12399,normal_0372,42,2022-07-12 00:46:35.784,4.2,0.051025,0.055848,-63.694604,0,calibration
normal,12400,normal_0372,43,2022-07-12 00:46:35.884,4.3,0.080429,0.074717,-102.0074,0,calibration
normal,12401,normal_0372,44,2022-07-12 00:46:35.984,4.4,0.073197,-0.074318,-106.36152,0,calibration
normal,12402,normal_0372,45,2022-07-12 00:46:36.084,4.5,0.079578,-0.010648,-109.84124,0,calibration
normal,12403,normal_0372,46,2022-07-12 00:46:36.184,4.6,-0.008694,0.037603,-97.131621,0,calibration
normal,12404,normal_0372,47,2022-07-12 00:46:36.284,4.7,-0.024463,0.008993,-76.91873,0,calibration
normal,12405,normal_0372,48,2022-07-12 00:46:36.384,4.8,0.036799,0.036604,-40.273671,0,calibration
normal,12406,normal_0372,49,2022-07-12 00:46:36.484,4.9,0.012832,-0.012272,1.038313,0,calibration
normal,12407,normal_0373,0,2022-07-12 00:46:38.256,0.0,-0.069662,0.083981,-113.73044,0,calibration
normal,12408,normal_0373,1,2022-07-12 00:46:38.356,0.1,0.060616,0.211955,-165.13362,0,calibration
normal,12409,normal_0373,2,2022-07-12 00:46:38.456,0.2,-0.014565,0.074262,-213.10678,0,calibration
normal,12410,normal_0373,3,2022-07-12 00:46:38.556,0.3,-0.011772,-0.179063,-222.82806,0,calibration
normal,12411,normal_0373,4,2022-07-12 00:46:38.656,0.4,-0.037351,-0.189247,-184.31463,0,calibration
normal,12412,normal_0373,5,2022-07-12 00:46:38.756,0.5,-0.113247,-0.023455,-136.00256,0,calibration
normal,12413,normal_0373,6,2022-07-12 00:46:38.856,0.6,0.039227,0.208412,-68.785318,0,calibration
normal,12414,normal_0373,7,2022-07-12 00:46:38.956,0.7,0.03724,0.190134,4.168988,0,calibration
normal,12415,normal_0373,8,2022-07-12 00:46:39.056,0.8,-0.045968,-0.115894,91.059576,0,calibration
normal,12416,normal_0373,9,2022-07-12 00:46:39.156,0.9,0.023457,-0.211272,152.48491,0,calibration
normal,12417,normal_0373,10,2022-07-12 00:46:39.256,1.0,-0.046252,-0.113237,200.17412,0,calibration
normal,12418,normal_0373,11,2022-07-12 00:46:39.356,1.1,-0.033411,0.036161,231.06423,0,calibration
normal,12419,normal_0373,12,2022-07-12 00:46:39.456,1.2,0.124217,0.261829,202.13606,0,calibration
normal,12420,normal_0373,13,2022-07-12 00:46:39.556,1.3,0.048911,0.121287,156.68227,0,calibration
normal,12421,normal_0373,14,2022-07-12 00:46:39.656,1.4,-0.035171,-0.184876,93.538891,0,calibration
normal,12422,normal_0373,15,2022-07-12 00:46:39.756,1.5,-0.002814,-0.168891,21.812561,0,calibration
normal,12423,normal_0373,16,2022-07-12 00:46:39.856,1.6,-0.10874,-0.083026,-63.860543,0,calibration
normal,12424,normal_0373,17,2022-07-12 00:46:39.956,1.7,-0.042244,0.135763,-138.3989,0,calibration
normal,12425,normal_0373,18,2022-07-12 00:46:40.056,1.8,0.165827,0.269334,-184.49356,0,calibration
normal,12426,normal_0373,19,2022-07-12 00:46:40.156,1.9,0.048548,-0.058753,-228.39692,0,calibration
normal,12427,normal_0373,20,2022-07-12 00:46:40.256,2.0,-0.016393,-0.216041,-215.73141,0,calibration
normal,12428,normal_0373,21,2022-07-12 00:46:40.356,2.1,0.01761,-0.067336,-171.82388,0,calibration
normal,12429,normal_0373,22,2022-07-12 00:46:40.456,2.2,-0.137975,0.00344,-115.51358,0,calibration
normal,12430,normal_0373,23,2022-07-12 00:46:40.556,2.3,-0.052894,0.196696,-44.514542,0,calibration
normal,12431,normal_0373,24,2022-07-12 00:46:40.656,2.4,0.080519,0.243846,35.233025,0,calibration
normal,12432,normal_0373,25,2022-07-12 00:46:40.756,2.5,-0.016336,-0.121786,121.32873,0,calibration
normal,12433,normal_0373,26,2022-07-12 00:46:40.856,2.6,-0.000759,-0.250407,172.71747,0,calibration
normal,12434,normal_0373,27,2022-07-12 00:46:40.956,2.7,-0.013123,-0.054052,221.65408,0,calibration
normal,12435,normal_0373,28,2022-07-12 00:46:41.056,2.8,-0.021502,0.102679,231.35331,0,calibration
normal,12436,normal_0373,29,2022-07-12 00:46:41.156,2.9,0.049195,0.25252,190.17067,0,calibration
normal,12437,normal_0373,30,2022-07-12 00:46:41.256,3.0,0.003351,0.109809,138.71838,0,calibration
normal,12438,normal_0373,31,2022-07-12 00:46:41.356,3.1,-0.048136,-0.232662,68.523654,0,calibration
normal,12439,normal_0373,32,2022-07-12 00:46:41.456,3.2,-0.090813,-0.242017,-7.442952,0,calibration
normal,12440,normal_0373,33,2022-07-12 00:46:41.556,3.3,-0.063895,-0.016076,-98.127854,0,calibration
normal,12441,normal_0373,34,2022-07-12 00:46:41.656,3.4,0.09815,0.213294,-160.3048,0,calibration
normal,12442,normal_0373,35,2022-07-12 00:46:41.756,3.5,0.133845,0.234162,-207.56629,0,calibration
normal,12443,normal_0373,36,2022-07-12 00:46:41.856,3.6,0.001273,-0.057527,-237.26979,0,calibration
normal,12444,normal_0373,37,2022-07-12 00:46:41.956,3.7,-0.049624,-0.211727,-205.4657,0,calibration
normal,12445,normal_0373,38,2022-07-12 00:46:42.056,3.8,-0.120888,-0.140212,-157.82048,0,calibration
normal,12446,normal_0373,39,2022-07-12 00:46:42.156,3.9,-0.125339,-0.007811,-91.851245,0,calibration
normal,12447,normal_0373,40,2022-07-12 00:46:42.256,4.0,0.12994,0.280982,-17.209413,0,calibration
normal,12448,normal_0373,41,2022-07-12 00:46:42.356,4.1,0.180859,0.151623,70.451149,0,calibration
normal,12449,normal_0373,42,2022-07-12 00:46:42.456,4.2,0.051091,-0.248057,147.20752,0,calibration
normal,12450,normal_0373,43,2022-07-12 00:46:42.556,4.3,0.025739,-0.197115,194.6701,0,calibration
normal,12451,normal_0373,44,2022-07-12 00:46:42.656,4.4,-0.085421,-0.06393,237.71706,0,calibration
normal,12452,normal_0373,45,2022-07-12 00:46:42.756,4.5,-0.057616,0.147922,223.84312,0,calibration
normal,12453,normal_0373,46,2022-07-12 00:46:42.856,4.6,0.085741,0.309559,177.60815,0,calibration
normal,12454,normal_0373,47,2022-07-12 00:46:42.956,4.7,0.032892,0.004406,118.04749,0,calibration
normal,12455,normal_0373,48,2022-07-12 00:46:43.056,4.8,0.017145,-0.238191,43.362861,0,calibration
normal,12456,normal_0373,49,2022-07-12 00:46:43.156,4.9,0.006518,-0.151395,-39.409761,0,calibration
normal,12457,normal_0374,0,2022-07-12 00:46:45.658,0.0,0.018102,-0.157943,220.29939,0,calibration
normal,12458,normal_0374,1,2022-07-12 00:46:45.758,0.1,-0.168364,-0.142128,193.97416,0,calibration
normal,12459,normal_0374,2,2022-07-12 00:46:45.858,0.2,-0.018024,0.160755,153.28898,0,calibration
normal,12460,normal_0374,3,2022-07-12 00:46:45.958,0.3,0.120258,0.243543,94.666254,0,calibration
normal,12461,normal_0374,4,2022-07-12 00:46:46.058,0.4,-0.016707,-0.094149,27.539733,0,calibration
normal,12462,normal_0374,5,2022-07-12 00:46:46.158,0.5,0.041898,-0.152641,-51.325447,0,calibration
normal,12463,normal_0374,6,2022-07-12 00:46:46.258,0.6,0.042,-0.09097,-122.21159,0,calibration
normal,12464,normal_0374,7,2022-07-12 00:46:46.358,0.7,-0.134838,-0.036474,-164.87171,0,calibration
normal,12465,normal_0374,8,2022-07-12 00:46:46.458,0.8,-0.002981,0.218225,-211.55682,0,calibration
normal,12466,normal_0374,9,2022-07-12 00:46:46.558,0.9,0.077525,0.203908,-203.48873,0,calibration
normal,12467,normal_0374,10,2022-07-12 00:46:46.658,1.0,-0.018933,-0.125791,-164.55926,0,calibration
normal,12468,normal_0374,11,2022-07-12 00:46:46.758,1.1,-0.007375,-0.217888,-115.55673,0,calibration
normal,12469,normal_0374,12,2022-07-12 00:46:46.858,1.2,-0.029855,-0.090005,-49.686319,0,calibration
normal,12470,normal_0374,13,2022-07-12 00:46:46.958,1.3,0.003638,0.096393,22.213342,0,calibration
normal,12471,normal_0374,14,2022-07-12 00:46:47.058,1.4,0.029659,0.235073,102.7316,0,calibration
normal,12472,normal_0374,15,2022-07-12 00:46:47.158,1.5,0.01364,0.051945,149.03023,0,calibration
normal,12473,normal_0374,16,2022-07-12 00:46:47.258,1.6,0.00156,-0.191072,197.88005,0,calibration
normal,12474,normal_0374,17,2022-07-12 00:46:47.358,1.7,-0.086814,-0.170965,213.63571,0,calibration
normal,12475,normal_0374,18,2022-07-12 00:46:47.458,1.8,-0.042093,0.024595,177.67336,0,calibration
normal,12476,normal_0374,19,2022-07-12 00:46:47.558,1.9,0.088219,0.191669,135.50271,0,calibration
normal,12477,normal_0374,20,2022-07-12 00:46:47.658,2.0,-0.01228,0.16021,72.268137,0,calibration
normal,12478,normal_0374,21,2022-07-12 00:46:47.758,2.1,-0.035849,-0.040914,4.979373,0,calibration
normal,12479,normal_0374,22,2022-07-12 00:46:47.858,2.2,0.042965,-0.191503,-77.626118,0,calibration
normal,12480,normal_0374,23,2022-07-12 00:46:47.958,2.3,-0.166162,-0.164199,-134.15851,0,calibration
normal,12481,normal_0374,24,2022-07-12 00:46:48.058,2.4,-0.041582,0.039774,-177.15659,0,calibration
normal,12482,normal_0374,25,2022-07-12 00:46:48.158,2.5,0.209915,0.272141,-212.71172,0,calibration
normal,12483,normal_0374,26,2022-07-12 00:46:48.258,2.6,0.001753,0.094338,-187.081,0,calibration
normal,12484,normal_0374,27,2022-07-12 00:46:48.358,2.7,0.020611,-0.161871,-148.78585,0,calibration
normal,12485,normal_0374,28,2022-07-12 00:46:48.458,2.8,-0.007886,-0.137598,-93.264949,0,calibration
normal,12486,normal_0374,29,2022-07-12 00:46:48.558,2.9,-0.232817,-0.07436,-28.295759,0,calibration
normal,12487,normal_0374,30,2022-07-12 00:46:48.658,3.0,0.023404,0.186209,48.925644,0,calibration
normal,12488,normal_0374,31,2022-07-12 00:46:48.758,3.1,0.128864,0.23639,119.16996,0,calibration
normal,12489,normal_0374,32,2022-07-12 00:46:48.858,3.2,-0.037507,-0.101847,159.5849,0,calibration
normal,12490,normal_0374,33,2022-07-12 00:46:48.958,3.3,0.085642,-0.177051,207.11484,0,calibration
normal,12491,normal_0374,34,2022-07-12 00:46:49.058,3.4,0.02715,-0.091311,201.05984,0,calibration
normal,12492,normal_0374,35,2022-07-12 00:46:49.158,3.5,-0.077368,-0.005945,162.50445,0,calibration
normal,12493,normal_0374,36,2022-07-12 00:46:49.258,3.6,0.016841,0.197471,114.79522,0,calibration
normal,12494,normal_0374,37,2022-07-12 00:46:49.358,3.7,0.00181,0.150321,49.681789,0,calibration
normal,12495,normal_0374,38,2022-07-12 00:46:49.458,3.8,0.013095,-0.130071,-21.356108,0,calibration
normal,12496,normal_0374,39,2022-07-12 00:46:49.558,3.9,-0.018354,-0.194955,-101.11524,0,calibration
normal,12497,normal_0374,40,2022-07-12 00:46:49.658,4.0,-0.022305,-0.058136,-145.14973,0,calibration
normal,12498,normal_0374,41,2022-07-12 00:46:49.758,4.1,0.071678,0.145189,-192.20116,0,calibration
normal,12499,normal_0374,42,2022-07-12 00:46:49.858,4.2,0.043283,0.21307,-208.67577,0,calibration
normal,12500,normal_0375,0,2022-07-12 00:46:53.743,0.0,0.034074,-0.005741,76.63692,0,calibration
normal,12501,normal_0375,1,2022-07-12 00:46:53.843,0.1,-0.075395,-0.056002,40.209656,0,calibration
normal,12502,normal_0375,2,2022-07-12 00:46:53.943,0.2,-0.018867,-0.054083,1.015663,0,calibration
normal,12503,normal_0375,3,2022-07-12 00:46:54.043,0.3,-0.055106,0.049708,-45.839792,0,calibration
normal,12504,normal_0375,4,2022-07-12 00:46:54.143,0.4,-0.049952,-0.008659,-93.09889,0,calibration
normal,12505,normal_0375,5,2022-07-12 00:46:54.243,0.5,0.075263,0.022063,-103.55712,0,calibration
normal,12506,normal_0375,6,2022-07-12 00:46:54.343,0.6,-0.029845,-0.054435,-108.56117,0,calibration
normal,12507,normal_0375,7,2022-07-12 00:46:54.443,0.7,-0.069831,-0.143865,-101.57765,0,calibration
normal,12508,normal_0375,8,2022-07-12 00:46:54.543,0.8,-0.022091,0.127546,-83.629737,0,calibration
normal,12509,normal_0375,9,2022-07-12 00:46:54.643,0.9,-0.0392,0.124265,-54.112322,0,calibration
normal,12510,normal_0375,10,2022-07-12 00:46:54.743,1.0,0.008256,-0.103686,-13.496043,0,calibration
normal,12511,normal_0375,11,2022-07-12 00:46:54.843,1.1,-0.055027,-0.026495,27.830366,0,calibration
normal,12512,normal_0375,12,2022-07-12 00:46:54.943,1.2,-0.110238,-0.041333,81.323514,0,calibration
normal,12513,normal_0375,13,2022-07-12 00:46:55.043,1.3,-0.033467,-0.04785,103.42909,0,calibration
normal,12514,normal_0375,14,2022-07-12 00:46:55.143,1.4,-0.029561,0.086368,107.89205,0,calibration
normal,12515,normal_0375,15,2022-07-12 00:46:55.243,1.5,-0.004789,-0.017741,107.38016,0,calibration
normal,12516,normal_0375,16,2022-07-12 00:46:55.343,1.6,0.053999,-0.045023,90.892803,0,calibration
normal,12517,normal_0375,17,2022-07-12 00:46:55.443,1.7,-0.027018,-0.017264,66.690691,0,calibration
normal,12518,normal_0375,18,2022-07-12 00:46:55.543,1.8,-0.02972,-0.102334,26.189688,0,calibration
normal,12519,normal_0375,19,2022-07-12 00:46:55.643,1.9,0.052818,0.097642,-12.469055,0,calibration
normal,12520,normal_0375,20,2022-07-12 00:46:55.743,2.0,0.018395,0.09519,-64.845689,0,calibration
normal,12521,normal_0375,21,2022-07-12 00:46:55.843,2.1,0.044598,-0.109623,-100.3697,0,calibration
normal,12522,normal_0375,22,2022-07-12 00:46:55.943,2.2,0.078533,0.043952,-105.11447,0,calibration
normal,12523,normal_0375,23,2022-07-12 00:46:56.043,2.3,-0.019219,0.016364,-108.822,0,calibration
normal,12524,normal_0375,24,2022-07-12 00:46:56.143,2.4,0.003726,-0.050189,-95.612299,0,calibration
normal,12525,normal_0375,25,2022-07-12 00:46:56.243,2.5,0.035436,0.146279,-75.32514,0,calibration
normal,12526,normal_0375,26,2022-07-12 00:46:56.343,2.6,0.033086,0.062231,-38.855677,0,calibration
normal,12527,normal_0375,27,2022-07-12 00:46:56.443,2.7,0.171074,-0.020568,0.916243,0,calibration
normal,12528,normal_0375,28,2022-07-12 00:46:56.543,2.8,0.088479,0.047222,48.436647,0,calibration
normal,12529,normal_0375,29,2022-07-12 00:46:56.643,2.9,0.02272,-0.032455,96.10058,0,calibration
normal,12530,normal_0376,0,2022-07-12 00:47:01.644,0.0,0.049933,0.298571,169.75226,0,calibration
normal,12531,normal_0376,1,2022-07-12 00:47:01.744,0.1,0.002613,-0.116504,90.665947,0,calibration
normal,12532,normal_0376,2,2022-07-12 00:47:01.844,0.2,-0.039167,-0.291435,5.299092,0,calibration
normal,12533,normal_0376,3,2022-07-12 00:47:01.944,0.3,0.022356,-0.088121,-84.396015,0,calibration
normal,12534,normal_0376,4,2022-07-12 00:47:02.044,0.4,0.019064,0.084585,-163.45157,0,calibration
normal,12535,normal_0376,5,2022-07-12 00:47:02.144,0.5,0.024547,0.239125,-226.11251,0,calibration
normal,12536,normal_0376,6,2022-07-12 00:47:02.244,0.6,0.045698,0.131167,-254.67077,0,calibration
normal,12537,normal_0376,7,2022-07-12 00:47:02.344,0.7,-0.019764,-0.202403,-234.06282,0,calibration
normal,12538,normal_0376,8,2022-07-12 00:47:02.444,0.8,-0.084614,-0.216651,-189.57736,0,calibration
normal,12539,normal_0376,9,2022-07-12 00:47:02.544,0.9,-0.089916,-0.040869,-118.61719,0,calibration
normal,12540,normal_0376,10,2022-07-12 00:47:02.644,1.0,0.033096,0.177965,-34.693603,0,calibration
normal,12541,normal_0376,11,2022-07-12 00:47:02.744,1.1,0.087603,0.304361,54.03722,0,calibration
normal,12542,normal_0376,12,2022-07-12 00:47:02.844,1.2,0.032268,-0.006502,139.89319,0,calibration
normal,12543,normal_0376,13,2022-07-12 00:47:02.944,1.3,-0.001883,-0.271056,209.33559,0,calibration
normal,12544,normal_0376,14,2022-07-12 00:47:03.044,1.4,-0.123193,-0.192344,253.81175,0,calibration
normal,12545,normal_0376,15,2022-07-12 00:47:03.144,1.5,-0.078847,0.027909,247.47899,0,calibration
normal,12546,normal_0376,16,2022-07-12 00:47:03.244,1.6,0.13095,0.301171,209.09443,0,calibration
normal,12547,normal_0376,17,2022-07-12 00:47:03.344,1.7,0.059379,0.178317,145.82481,0,calibration
normal,12548,normal_0376,18,2022-07-12 00:47:03.444,1.8,-0.024249,-0.163847,62.960513,0,calibration
normal,12549,normal_0376,19,2022-07-12 00:47:03.544,1.9,0.018292,-0.176052,-24.011972,0,calibration
normal,12550,normal_0376,20,2022-07-12 00:47:03.644,2.0,-0.125827,-0.102267,-113.01376,0,calibration
normal,12551,normal_0377,0,2022-07-12 00:47:09.558,0.0,0.014993,-0.08833,140.39923,0,calibration
normal,12552,normal_0377,1,2022-07-12 00:47:09.658,0.1,-0.094339,-0.193087,188.96749,0,calibration
normal,12553,normal_0377,2,2022-07-12 00:47:09.758,0.2,-0.077751,-0.124445,236.09283,0,calibration
normal,12554,normal_0377,3,2022-07-12 00:47:09.858,0.3,0.009669,0.035227,226.40601,0,calibration
normal,12555,normal_0377,4,2022-07-12 00:47:09.958,0.4,0.055161,0.198408,179.92904,0,calibration
normal,12556,normal_0377,5,2022-07-12 00:47:10.058,0.5,0.077209,0.159057,121.67574,0,calibration
normal,12557,normal_0378,0,2022-07-12 00:47:11.896,0.0,0.045702,0.062082,-98.076951,0,calibration
normal,12558,normal_0378,1,2022-07-12 00:47:11.996,0.1,0.060825,0.016522,-78.982243,0,calibration
normal,12559,normal_0378,2,2022-07-12 00:47:12.096,0.2,0.102616,-0.020842,-44.037467,0,calibration
normal,12560,normal_0378,3,2022-07-12 00:47:12.196,0.3,0.038686,0.006315,-4.288555,0,calibration
normal,12561,normal_0378,4,2022-07-12 00:47:12.296,0.4,-0.05323,-0.055186,41.02159,0,calibration
normal,12562,normal_0378,5,2022-07-12 00:47:12.396,0.5,0.002117,0.010459,91.444384,0,calibration
normal,12563,normal_0378,6,2022-07-12 00:47:12.496,0.6,0.032498,0.094655,105.44671,0,calibration
normal,12564,normal_0378,7,2022-07-12 00:47:12.596,0.7,0.067285,-0.018219,110.12806,0,calibration
normal,12565,normal_0378,8,2022-07-12 00:47:12.696,0.8,0.131102,0.037548,104.24913,0,calibration
normal,12566,normal_0378,9,2022-07-12 00:47:12.796,0.9,0.050005,0.039614,86.57981,0,calibration
normal,12567,normal_0378,10,2022-07-12 00:47:12.896,1.0,-0.006114,-0.082672,58.223016,0,calibration
normal,12568,normal_0378,11,2022-07-12 00:47:12.996,1.1,-0.000914,0.086651,17.232301,0,calibration
normal,12569,normal_0378,12,2022-07-12 00:47:13.096,1.2,-0.013289,0.043679,-23.087623,0,calibration
normal,12570,normal_0378,13,2022-07-12 00:47:13.196,1.3,0.054808,-0.08954,-76.96105,0,calibration
normal,12571,normal_0378,14,2022-07-12 00:47:13.296,1.4,0.089685,0.037412,-102.55934,0,calibration
normal,12572,normal_0378,15,2022-07-12 00:47:13.396,1.5,0.036029,-0.014745,-107.02313,0,calibration
normal,12573,normal_0378,16,2022-07-12 00:47:13.496,1.6,0.039333,-0.006616,-107.43965,0,calibration
normal,12574,normal_0378,17,2022-07-12 00:47:13.596,1.7,0.019885,0.097289,-91.613065,0,calibration
normal,12575,normal_0378,18,2022-07-12 00:47:13.696,1.8,-0.004922,0.02968,-69.092759,0,calibration
normal,12576,normal_0378,19,2022-07-12 00:47:13.796,1.9,0.017138,0.034051,-29.114488,0,calibration
normal,12577,normal_0378,20,2022-07-12 00:47:13.896,2.0,-0.043625,-0.008592,9.945394,0,calibration
normal,12578,normal_0378,21,2022-07-12 00:47:13.996,2.1,-0.01841,-0.074577,61.314948,0,calibration
normal,12579,normal_0378,22,2022-07-12 00:47:14.096,2.2,0.052265,0.089342,100.69908,0,calibration
normal,12580,normal_0378,23,2022-07-12 00:47:14.196,2.3,0.017319,0.078363,106.86518,0,calibration
normal,12581,normal_0378,24,2022-07-12 00:47:14.296,2.4,0.022735,-0.075905,110.28386,0,calibration
normal,12582,normal_0378,25,2022-07-12 00:47:14.396,2.5,-0.038721,-0.010147,97.688091,0,calibration
normal,12583,normal_0378,26,2022-07-12 00:47:14.496,2.6,-0.102753,-0.00279,78.047166,0,calibration
normal,12584,normal_0378,27,2022-07-12 00:47:14.596,2.7,-0.025153,-0.016096,42.689925,0,calibration
normal,12585,normal_0378,28,2022-07-12 00:47:14.696,2.8,-0.027458,0.04478,2.498508,0,calibration
normal,12586,normal_0378,29,2022-07-12 00:47:14.796,2.9,-0.019942,-0.010147,-43.066984,0,calibration
normal,12587,normal_0378,30,2022-07-12 00:47:14.896,3.0,0.048041,-0.006537,-92.526447,0,calibration
normal,12588,normal_0378,31,2022-07-12 00:47:14.996,3.1,-0.005013,0.008847,-105.13307,0,calibration
normal,12589,normal_0378,32,2022-07-12 00:47:15.096,3.2,-0.041548,-0.077029,-109.35046,0,calibration
normal,12590,normal_0378,33,2022-07-12 00:47:15.196,3.3,-0.078105,0.033472,-102.7881,0,calibration
normal,12591,normal_0378,34,2022-07-12 00:47:15.296,3.4,-0.075834,0.096687,-84.572206,0,calibration
normal,12592,normal_0378,35,2022-07-12 00:47:15.396,3.5,-0.008544,-0.068889,-55.225975,0,calibration
normal,12593,normal_0378,36,2022-07-12 00:47:15.496,3.6,-0.015299,-0.047238,-13.188721,0,calibration
normal,12594,normal_0378,37,2022-07-12 00:47:15.596,3.7,0.00021,-0.020365,27.422789,0,calibration
normal,12595,normal_0378,38,2022-07-12 00:47:15.696,3.8,-0.004683,-0.073805,81.588993,0,calibration
normal,12596,normal_0378,39,2022-07-12 00:47:15.796,3.9,-0.02076,0.025411,105.96551,0,calibration
normal,12597,normal_0378,40,2022-07-12 00:47:15.896,4.0,-0.030807,0.007314,108.96791,0,calibration
normal,12598,normal_0378,41,2022-07-12 00:47:15.996,4.1,-0.051323,-0.034682,107.93556,0,calibration
normal,12599,normal_0378,42,2022-07-12 00:47:16.096,4.2,-0.049642,0.022357,90.969931,0,calibration
normal,12600,normal_0378,43,2022-07-12 00:47:16.196,4.3,-0.053627,-0.051632,67.570694,0,calibration
normal,12601,normal_0378,44,2022-07-12 00:47:16.296,4.4,-0.017762,0.032621,26.410106,0,calibration
normal,12602,normal_0378,45,2022-07-12 00:47:16.396,4.5,-0.001891,0.09705,-12.033583,0,calibration
normal,12603,normal_0378,46,2022-07-12 00:47:16.496,4.6,-0.015742,-0.097624,-62.958725,0,calibration
normal,12604,normal_0378,47,2022-07-12 00:47:16.596,4.7,-0.012801,-0.051677,-101.25972,0,calibration
normal,12605,normal_0378,48,2022-07-12 00:47:16.696,4.8,-0.042524,-0.022023,-106.13025,0,calibration
normal,12606,normal_0378,49,2022-07-12 00:47:16.796,4.9,-0.047849,-0.094627,-109.54775,0,calibration
normal,12607,normal_0379,0,2022-07-12 00:47:18.491,0.0,-0.031694,-0.107676,-37.900691,0,calibration
normal,12608,normal_0379,1,2022-07-12 00:47:18.591,0.1,-0.097486,-0.065783,-82.208047,0,calibration
normal,12609,normal_0379,2,2022-07-12 00:47:18.691,0.2,-0.021169,0.036624,-129.19046,0,calibration
normal,12610,normal_0379,3,2022-07-12 00:47:18.791,0.3,0.163628,0.097489,-155.9818,0,calibration
normal,12611,normal_0379,4,2022-07-12 00:47:18.891,0.4,0.021258,0.011295,-139.83287,0,calibration
normal,12612,normal_0379,5,2022-07-12 00:47:18.991,0.5,-0.001256,-0.099093,-116.80759,0,calibration
normal,12613,normal_0379,6,2022-07-12 00:47:19.091,0.6,-0.038631,-0.06752,-77.985892,0,calibration
normal,12614,normal_0379,7,2022-07-12 00:47:19.191,0.7,-0.204911,0.019321,-36.146645,0,calibration
normal,12615,normal_0379,8,2022-07-12 00:47:19.291,0.8,-0.024507,0.113622,18.739345,0,calibration
normal,12616,normal_0379,9,2022-07-12 00:47:19.391,0.9,0.053705,0.107082,68.582066,0,calibration
normal,12617,normal_0379,10,2022-07-12 00:47:19.491,1.0,-0.029571,-0.053532,112.49603,0,calibration
normal,12618,normal_0379,11,2022-07-12 00:47:19.591,1.1,0.102649,-0.125115,154.31334,0,calibration
normal,12619,normal_0379,12,2022-07-12 00:47:19.691,1.2,0.043862,-0.058278,148.81613,0,calibration
normal,12620,normal_0379,13,2022-07-12 00:47:19.791,1.3,-0.04458,0.03122,127.1881,0,calibration
normal,12621,normal_0379,14,2022-07-12 00:47:19.891,1.4,0.078694,0.094015,93.830597,0,calibration
normal,12622,normal_0379,15,2022-07-12 00:47:19.991,1.5,-0.022963,0.015439,51.916725,0,calibration
normal,12623,normal_0379,16,2022-07-12 00:47:20.091,1.6,-0.045409,-0.094211,0.811815,0,calibration
normal,12624,normal_0379,17,2022-07-12 00:47:20.191,1.7,0.072302,-0.057745,-55.70162,0,calibration
normal,12625,normal_0379,18,2022-07-12 00:47:20.291,1.8,-0.063948,0.018209,-97.15451,0,calibration
normal,12626,normal_0379,19,2022-07-12 00:47:20.391,1.9,-0.020318,0.097216,-144.9665,0,calibration
normal,12627,normal_0379,20,2022-07-12 00:47:20.491,2.0,0.071019,0.091267,-154.72629,0,calibration
normal,12628,normal_0379,21,2022-07-12 00:47:20.591,2.1,-0.06564,-0.060889,-133.77322,0,calibration
normal,12629,normal_0379,22,2022-07-12 00:47:20.691,2.2,0.035063,-0.142815,-105.46566,0,calibration
normal,12630,normal_0379,23,2022-07-12 00:47:20.791,2.3,0.058542,-0.093314,-63.206919,0,calibration
normal,12631,normal_0379,24,2022-07-12 00:47:20.891,2.4,-0.034998,0.022523,-17.7691,0,calibration
normal,12632,normal_0379,25,2022-07-12 00:47:20.991,2.5,0.114037,0.138712,40.822153,0,calibration
normal,12633,normal_0379,26,2022-07-12 00:47:21.091,2.6,0.013345,0.080743,85.448871,0,calibration
normal,12634,normal_0379,27,2022-07-12 00:47:21.191,2.7,-0.108941,-0.051455,133.26623,0,calibration
normal,12635,normal_0379,28,2022-07-12 00:47:21.291,2.8,-0.00742,-0.093678,160.7783,0,calibration
normal,12636,normal_0379,29,2022-07-12 00:47:21.391,2.9,-0.098621,-0.042508,143.98791,0,calibration
normal,12637,normal_0379,30,2022-07-12 00:47:21.491,3.0,-0.035452,0.076383,119.03264,0,calibration
normal,12638,normal_0379,31,2022-07-12 00:47:21.591,3.1,0.12061,0.134137,78.839311,0,calibration
normal,12639,normal_0379,32,2022-07-12 00:47:21.691,3.2,0.053955,-0.001046,35.103087,0,calibration
normal,12640,normal_0379,33,2022-07-12 00:47:21.791,3.3,-0.004435,-0.109549,-22.331598,0,calibration
normal,12641,normal_0379,34,2022-07-12 00:47:21.891,3.4,-0.016094,-0.104043,-73.657164,0,calibration
normal,12642,normal_0379,35,2022-07-12 00:47:21.991,3.5,-0.053061,-0.073492,-117.9861,0,calibration
normal,12643,normal_0379,36,2022-07-12 00:47:22.091,3.6,-0.033885,0.076905,-158.39412,0,calibration
normal,12644,normal_0379,37,2022-07-12 00:47:22.191,3.7,0.095781,0.107014,-151.21402,0,calibration
normal,12645,normal_0379,38,2022-07-12 00:47:22.291,3.8,0.034746,0.030731,-127.9055,0,calibration
normal,12646,normal_0379,39,2022-07-12 00:47:22.391,3.9,-0.046737,-0.126772,-91.670762,0,calibration
normal,12647,normal_0379,40,2022-07-12 00:47:22.491,4.0,-0.083839,-0.083948,-46.853786,0,calibration
normal,12648,normal_0379,41,2022-07-12 00:47:22.591,4.1,-0.085974,0.091165,5.801321,0,calibration
normal,12649,normal_0379,42,2022-07-12 00:47:22.691,4.2,0.035222,0.137997,63.186534,0,calibration
normal,12650,normal_0379,43,2022-07-12 00:47:22.791,4.3,0.047098,0.109046,105.80434,0,calibration
normal,12651,normal_0379,44,2022-07-12 00:47:22.891,4.4,0.084791,-0.135242,153.35454,0,calibration
normal,12652,normal_0379,45,2022-07-12 00:47:22.991,4.5,0.077161,-0.173684,161.90519,0,calibration
normal,12653,normal_0379,46,2022-07-12 00:47:23.091,4.6,-0.047725,-0.029112,139.01593,0,calibration
normal,12654,normal_0379,47,2022-07-12 00:47:23.191,4.7,-0.000654,0.135806,107.66436,0,calibration
normal,12655,normal_0379,48,2022-07-12 00:47:23.291,4.8,0.05567,0.163167,62.637933,0,calibration
normal,12656,normal_0379,49,2022-07-12 00:47:23.391,4.9,-0.063222,0.013372,13.653876,0,calibration
normal,12657,normal_0380,0,2022-07-12 00:47:25.788,0.0,0.142028,0.290724,-229.13864,0,calibration
normal,12658,normal_0380,1,2022-07-12 00:47:25.888,0.1,-0.088318,-0.004325,-173.86582,0,calibration
normal,12659,normal_0380,2,2022-07-12 00:47:25.988,0.2,-0.001,-0.216233,-92.838775,0,calibration
normal,12660,normal_0380,3,2022-07-12 00:47:26.088,0.3,-0.085787,-0.172909,-8.347751,0,calibration
normal,12661,normal_0380,4,2022-07-12 00:47:26.188,0.4,-0.17021,-0.062964,84.926377,0,calibration
normal,12662,normal_0380,5,2022-07-12 00:47:26.288,0.5,0.19658,0.3021,164.52517,0,calibration
normal,12663,normal_0380,6,2022-07-12 00:47:26.388,0.6,0.198965,0.225908,225.12808,0,calibration
normal,12664,normal_0380,7,2022-07-12 00:47:26.488,0.7,-0.023173,-0.218481,264.54905,0,calibration
normal,12665,normal_0380,8,2022-07-12 00:47:26.588,0.8,0.027564,-0.187498,245.6992,0,calibration
normal,12666,normal_0380,9,2022-07-12 00:47:26.688,0.9,-0.147946,-0.054563,197.22619,0,calibration
normal,12667,normal_0380,10,2022-07-12 00:47:26.788,1.0,-0.179304,0.06459,122.40829,0,calibration
normal,12668,normal_0380,11,2022-07-12 00:47:26.888,1.1,0.096365,0.343789,36.470775,0,calibration
normal,12669,normal_0380,12,2022-07-12 00:47:26.988,1.2,0.113792,0.129576,-53.275472,0,calibration
normal,12670,normal_0380,13,2022-07-12 00:47:27.088,1.3,0.031595,-0.266869,-141.65594,0,calibration
normal,12671,normal_0380,14,2022-07-12 00:47:27.188,1.4,-0.007858,-0.184001,-207.77562,0,calibration
normal,12672,normal_0380,15,2022-07-12 00:47:27.288,1.5,-0.064567,-0.007118,-257.664,0,calibration
normal,12673,normal_0380,16,2022-07-12 00:47:27.388,1.6,-0.027783,0.176101,-256.84884,0,calibration
normal,12674,normal_0380,17,2022-07-12 00:47:27.488,1.7,0.053052,0.279189,-216.23435,0,calibration
normal,12675,normal_0380,18,2022-07-12 00:47:27.588,1.8,0.027871,-0.078496,-150.22768,0,calibration
normal,12676,normal_0380,19,2022-07-12 00:47:27.688,1.9,-0.021709,-0.327473,-64.199455,0,calibration
normal,12677,normal_0380,20,2022-07-12 00:47:27.788,2.0,-0.052976,-0.107708,24.379376,0,calibration
normal,12678,normal_0380,21,2022-07-12 00:47:27.888,2.1,0.020037,0.114589,116.50909,0,calibration
normal,12679,normal_0380,22,2022-07-12 00:47:27.988,2.2,0.112964,0.260025,192.454,0,calibration
normal,12680,normal_0380,23,2022-07-12 00:47:28.088,2.3,-0.026636,0.133209,251.51303,0,calibration
normal,12681,normal_0380,24,2022-07-12 00:47:28.188,2.4,-0.008982,-0.161477,267.66518,0,calibration
normal,12682,normal_0380,25,2022-07-12 00:47:28.288,2.5,-0.018326,-0.189848,236.82287,0,calibration
normal,12683,normal_0380,26,2022-07-12 00:47:28.388,2.6,-0.197015,-0.121354,177.44865,0,calibration
normal,12684,normal_0380,27,2022-07-12 00:47:28.488,2.7,0.068482,0.165384,93.197595,0,calibration
normal,12685,normal_0380,28,2022-07-12 00:47:28.588,2.8,0.192959,0.320526,4.656554,0,calibration
normal,12686,normal_0380,29,2022-07-12 00:47:28.688,2.9,-0.038818,-0.074647,-88.702451,0,calibration
normal,12687,normal_0380,30,2022-07-12 00:47:28.788,3.0,0.002928,-0.243663,-171.48533,0,calibration
normal,12688,normal_0380,31,2022-07-12 00:47:28.888,3.1,-0.084367,-0.139372,-238.48155,0,calibration
normal,12689,normal_0380,32,2022-07-12 00:47:28.988,3.2,-0.180405,-0.012919,-270.68749,0,calibration
normal,12690,normal_0380,33,2022-07-12 00:47:29.088,3.3,0.131538,0.307879,-251.89403,0,calibration
normal,12691,normal_0380,34,2022-07-12 00:47:29.188,3.4,0.122262,0.222616,-202.00374,0,calibration
normal,12692,normal_0380,35,2022-07-12 00:47:29.288,3.5,-0.076057,-0.224964,-122.50973,0,calibration
normal,12693,normal_0380,36,2022-07-12 00:47:29.388,3.6,-0.028146,-0.233127,-33.491139,0,calibration
normal,12694,normal_0380,37,2022-07-12 00:47:29.488,3.7,-0.117667,-0.090564,60.803897,0,calibration
normal,12695,normal_0380,38,2022-07-12 00:47:29.588,3.8,-0.070312,0.052794,150.93448,0,calibration
normal,12696,normal_0380,39,2022-07-12 00:47:29.688,3.9,0.123942,0.28717,224.79191,0,calibration
normal,12697,normal_0380,40,2022-07-12 00:47:29.788,4.0,0.097194,0.032823,272.70177,0,calibration
normal,12698,normal_0380,41,2022-07-12 00:47:29.888,4.1,0.007617,-0.295865,267.87058,0,calibration
normal,12699,normal_0380,42,2022-07-12 00:47:29.988,4.2,-0.093757,-0.180096,226.22218,0,calibration
normal,12700,normal_0381,0,2022-07-12 00:47:33.787,0.0,-0.021195,-0.108387,-110.0458,0,calibration
normal,12701,normal_0381,1,2022-07-12 00:47:33.887,0.1,-0.072251,-0.034875,-154.56833,0,calibration
normal,12702,normal_0381,2,2022-07-12 00:47:33.987,0.2,0.119074,0.195075,-152.13885,0,calibration
normal,12703,normal_0381,3,2022-07-12 00:47:34.087,0.3,-0.144367,0.08664,-134.6971,0,calibration
normal,12704,normal_0381,4,2022-07-12 00:47:34.187,0.4,0.025887,-0.072159,-103.93478,0,calibration
normal,12705,normal_0381,5,2022-07-12 00:47:34.287,0.5,0.124263,-0.068287,-63.219793,0,calibration
normal,12706,normal_0381,6,2022-07-12 00:47:34.387,0.6,-0.196387,-0.122703,-12.558462,0,calibration
normal,12707,normal_0381,7,2022-07-12 00:47:34.487,0.7,0.042167,0.062968,46.608334,0,calibration
normal,12708,normal_0381,8,2022-07-12 00:47:34.587,0.8,0.112728,0.190442,90.005647,0,calibration
normal,12709,normal_0381,9,2022-07-12 00:47:34.687,0.9,-0.07753,-0.043333,141.74666,0,calibration
normal,12710,normal_0381,10,2022-07-12 00:47:34.787,1.0,0.147287,-0.126393,156.88207,0,calibration
normal,12711,normal_0381,11,2022-07-12 00:47:34.887,1.1,0.013035,-0.087815,141.29926,0,calibration
normal,12712,normal_0381,12,2022-07-12 00:47:34.987,1.2,-0.213315,-0.059364,118.31964,0,calibration
normal,12713,normal_0381,13,2022-07-12 00:47:35.087,1.3,0.048514,0.181996,78.81988,0,calibration
normal,12714,normal_0381,14,2022-07-12 00:47:35.187,1.4,-3.3e-05,0.162298,34.554962,0,calibration
normal,12715,normal_0381,15,2022-07-12 00:47:35.287,1.5,-0.034263,-0.126291,-26.581887,0,calibration
normal,12716,normal_0381,16,2022-07-12 00:47:35.387,1.6,0.174092,-0.106786,-71.992644,0,calibration
normal,12717,normal_0381,17,2022-07-12 00:47:35.487,1.7,-0.036931,-0.060317,-121.44269,0,calibration
normal,12718,normal_0381,18,2022-07-12 00:47:35.587,1.8,-0.043697,0.025638,-154.38857,0,calibration
normal,12719,normal_0381,19,2022-07-12 00:47:35.687,1.9,0.074592,0.201285,-142.83408,0,calibration
normal,12720,normal_0381,20,2022-07-12 00:47:35.787,2.0,-0.104154,0.006678,-125.76915,0,calibration
normal,12721,normal_0381,21,2022-07-12 00:47:35.887,2.1,0.044881,-0.141981,-91.282855,0,calibration
normal,12722,normal_0381,22,2022-07-12 00:47:35.987,2.2,0.067996,-0.053108,-52.234656,0,calibration
normal,12723,normal_0381,23,2022-07-12 00:47:36.087,2.3,-0.121047,-0.01982,4.105807,0,calibration
normal,12724,normal_0381,24,2022-07-12 00:47:36.187,2.4,0.052567,0.123765,56.017525,0,calibration
normal,12725,normal_0381,25,2022-07-12 00:47:36.287,2.5,-0.028609,0.127091,100.52515,0,calibration
normal,12726,normal_0381,26,2022-07-12 00:47:36.387,2.6,-0.071218,-0.07863,148.65388,0,calibration
normal,12727,normal_0381,27,2022-07-12 00:47:36.487,2.7,0.173388,-0.107694,148.53372,0,calibration
normal,12728,normal_0381,28,2022-07-12 00:47:36.587,2.8,-0.070389,-0.089529,133.13772,0,calibration
normal,12729,normal_0382,0,2022-07-12 00:47:41.964,0.0,-0.007487,0.040605,108.55926,0,calibration
normal,12730,normal_0382,1,2022-07-12 00:47:42.064,0.1,0.032522,-0.089526,93.297969,0,calibration
normal,12731,normal_0382,2,2022-07-12 00:47:42.164,0.2,-0.033486,-0.043874,71.720728,0,calibration
normal,12732,normal_0382,3,2022-07-12 00:47:42.264,0.3,-0.165661,-0.016944,32.326702,0,calibration
normal,12733,normal_0382,4,2022-07-12 00:47:42.364,0.4,-0.00038,-0.000834,-6.838799,0,calibration
normal,12734,normal_0382,5,2022-07-12 00:47:42.464,0.5,-0.015094,-0.02622,-56.324966,0,calibration
normal,12735,normal_0382,6,2022-07-12 00:47:42.564,0.6,-0.020918,-0.054603,-98.083865,0,calibration
normal,12736,normal_0382,7,2022-07-12 00:47:42.664,0.7,0.113539,0.018035,-104.78379,0,calibration
normal,12737,normal_0382,8,2022-07-12 00:47:42.764,0.8,-0.061495,-0.057078,-108.94705,0,calibration
normal,12738,normal_0382,9,2022-07-12 00:47:42.864,0.9,-0.088947,-0.048711,-98.181259,0,calibration
normal,12739,normal_0382,10,2022-07-12 00:47:42.964,1.0,-0.065105,0.124211,-79.337487,0,calibration
normal,12740,normal_0382,11,2022-07-12 00:47:43.064,1.1,-0.143681,0.011938,-45.816546,0,calibration
normal,12741,normal_0382,12,2022-07-12 00:47:43.164,1.2,-0.027957,-0.102877,-4.999757,0,calibration
normal,12742,normal_0383,0,2022-07-12 00:47:49.980,0.0,-0.060781,-0.189527,196.98932,0,calibration
normal,12743,normal_0384,0,2022-07-12 00:47:59.731,0.0,-0.069573,-0.27468,-23.797396,0,calibration
normal,12744,normal_0384,1,2022-07-12 00:47:59.831,0.1,-0.207299,-0.13818,63.667543,0,calibration
normal,12745,normal_0384,2,2022-07-12 00:47:59.931,0.2,-0.003281,0.106869,145.71168,0,calibration
normal,12746,normal_0384,3,2022-07-12 00:48:00.031,0.3,0.170651,0.311148,213.13205,0,calibration
normal,12747,normal_0384,4,2022-07-12 00:48:00.131,0.4,0.029723,0.025738,254.59805,0,calibration
normal,12748,normal_0384,5,2022-07-12 00:48:00.231,0.5,0.034014,-0.228053,246.16066,0,calibration
normal,12749,normal_0384,6,2022-07-12 00:48:00.331,0.6,-0.030813,-0.169322,206.40709,0,calibration
normal,12750,normal_0384,7,2022-07-12 00:48:00.431,0.7,-0.199681,-0.067222,136.38212,0,calibration
normal,12751,normal_0384,8,2022-07-12 00:48:00.531,0.8,-0.010672,0.228508,52.16015,0,calibration
normal,12752,normal_0384,9,2022-07-12 00:48:00.631,0.9,0.118119,0.289895,-34.010534,0,calibration
normal,12753,normal_0384,10,2022-07-12 00:48:00.731,1.0,-0.046287,-0.138362,-120.106,0,calibration
normal,12754,normal_0384,11,2022-07-12 00:48:00.831,1.1,0.012307,-0.274522,-191.00048,0,calibration
normal,12755,normal_0384,12,2022-07-12 00:48:00.931,1.2,0.030109,-0.090951,-244.40446,0,calibration
normal,12756,normal_0384,13,2022-07-12 00:48:01.031,1.3,-0.06846,0.036501,-251.76433,0,calibration
normal,12757,normal_0384,14,2022-07-12 00:48:01.131,1.4,0.082686,0.282935,-221.25962,0,calibration
normal,12758,normal_0384,15,2022-07-12 00:48:01.231,1.5,0.084253,0.181358,-162.18569,0,calibration
normal,12759,normal_0384,16,2022-07-12 00:48:01.331,1.6,-0.053928,-0.236817,-79.848657,0,calibration
normal,12760,normal_0384,17,2022-07-12 00:48:01.431,1.7,-0.038851,-0.226668,4.097105,0,calibration
normal,12761,normal_0384,18,2022-07-12 00:48:01.531,1.8,-0.033299,-0.012454,92.576038,0,calibration
normal,12762,normal_0384,19,2022-07-12 00:48:01.631,1.9,0.049296,0.175965,169.52386,0,calibration
normal,12763,normal_0384,20,2022-07-12 00:48:01.731,2.0,0.114305,0.256823,231.90048,0,calibration
normal,12764,normal_0384,21,2022-07-12 00:48:01.831,2.1,0.049012,-0.022581,256.9963,0,calibration
normal,12765,normal_0384,22,2022-07-12 00:48:01.931,2.2,0.026578,-0.266858,236.23362,0,calibration
normal,12766,normal_0384,23,2022-07-12 00:48:02.031,2.3,-0.081868,-0.195821,187.50467,0,calibration
normal,12767,normal_0384,24,2022-07-12 00:48:02.131,2.4,-0.049943,0.023933,109.1354,0,calibration
normal,12768,normal_0384,25,2022-07-12 00:48:02.231,2.5,0.126339,0.293573,24.776819,0,calibration
normal,12769,normal_0384,26,2022-07-12 00:48:02.331,2.6,0.040724,0.201385,-63.763745,0,calibration
normal,12770,normal_0384,27,2022-07-12 00:48:02.431,2.7,0.017189,-0.142619,-145.67925,0,calibration
normal,12771,normal_0384,28,2022-07-12 00:48:02.531,2.8,0.009242,-0.201509,-212.45244,0,calibration
normal,12772,normal_0384,29,2022-07-12 00:48:02.631,2.9,-0.13717,-0.138566,-253.4453,0,calibration
normal,12773,normal_0384,30,2022-07-12 00:48:02.731,3.0,0.020209,0.10168,-245.17742,0,calibration
normal,12774,normal_0384,31,2022-07-12 00:48:02.831,3.1,0.185524,0.328212,-206.17046,0,calibration
normal,12775,normal_0384,32,2022-07-12 00:48:02.931,3.2,0.040361,0.007539,-136.22798,0,calibration
normal,12776,normal_0384,33,2022-07-12 00:48:03.031,3.3,-0.015895,-0.249056,-52.170879,0,calibration
normal,12777,normal_0384,34,2022-07-12 00:48:03.131,3.4,-0.029711,-0.115587,34.218673,0,calibration
normal,12778,normal_0384,35,2022-07-12 00:48:03.231,3.5,-0.140054,-0.04044,121.31001,0,calibration
normal,12779,normal_0384,36,2022-07-12 00:48:03.331,3.6,-0.02039,0.18146,193.53058,0,calibration
normal,12780,normal_0384,37,2022-07-12 00:48:03.431,3.7,0.138782,0.303768,247.58163,0,calibration
normal,12781,normal_0384,38,2022-07-12 00:48:03.531,3.8,0.025772,-0.106561,255.08156,0,calibration
normal,12782,normal_0384,39,2022-07-12 00:48:03.631,3.9,-0.034889,-0.293084,224.84865,0,calibration
normal,12783,normal_0384,40,2022-07-12 00:48:03.731,4.0,-0.032879,-0.082504,164.41907,0,calibration
normal,12784,normal_0384,41,2022-07-12 00:48:03.831,4.1,-0.066496,0.072343,80.450544,0,calibration
normal,12785,normal_0384,42,2022-07-12 00:48:03.931,4.2,0.010366,0.242552,-4.784465,0,calibration
normal,12786,normal_0384,43,2022-07-12 00:48:04.031,4.3,0.015815,0.133651,-94.370853,0,calibration
normal,12787,normal_0384,44,2022-07-12 00:48:04.131,4.4,-0.040066,-0.203189,-171.18241,0,calibration
normal,12788,normal_0384,45,2022-07-12 00:48:04.231,4.5,-0.05747,-0.231731,-233.09567,0,calibration
normal,12789,normal_0384,46,2022-07-12 00:48:04.331,4.6,-0.07014,-0.059298,-257.53954,0,calibration
normal,12790,normal_0384,47,2022-07-12 00:48:04.431,4.7,0.059911,0.18096,-236.75719,0,calibration
normal,12791,normal_0384,48,2022-07-12 00:48:04.531,4.8,0.088374,0.268437,-187.72986,0,calibration
normal,12792,normal_0384,49,2022-07-12 00:48:04.631,4.9,-0.040543,-0.028598,-108.42205,0,calibration
normal,12793,normal_0385,0,2022-07-12 00:48:06.559,0.0,-0.104067,-0.030773,-70.868501,0,calibration
normal,12794,normal_0385,1,2022-07-12 00:48:06.659,0.1,0.079879,-0.085519,-27.976039,0,calibration
normal,12795,normal_0385,2,2022-07-12 00:48:06.759,0.2,-0.051263,-0.090775,27.301672,0,calibration
normal,12796,normal_0385,3,2022-07-12 00:48:06.859,0.3,-0.028329,0.067535,69.332489,0,calibration
normal,12797,normal_0385,4,2022-07-12 00:48:06.959,0.4,0.092572,0.122791,124.29346,0,calibration
normal,12798,normal_0385,5,2022-07-12 00:48:07.059,0.5,-0.054169,-0.015469,146.42598,0,calibration
normal,12799,normal_0385,6,2022-07-12 00:48:07.159,0.6,0.047794,-0.044931,133.70122,0,calibration
normal,12800,normal_0385,7,2022-07-12 00:48:07.259,0.7,0.050689,-0.074006,117.97179,0,calibration
normal,12801,normal_0385,8,2022-07-12 00:48:07.359,0.8,-0.13253,-0.058895,84.715615,0,calibration
normal,12802,normal_0385,9,2022-07-12 00:48:07.459,0.9,0.016505,0.119215,47.365433,0,calibration
normal,12803,normal_0385,10,2022-07-12 00:48:07.559,1.0,-0.011027,0.098359,-7.321359,0,calibration
normal,12804,normal_0385,11,2022-07-12 00:48:07.659,1.1,-0.064183,-0.047758,-51.750905,0,calibration
normal,12805,normal_0385,12,2022-07-12 00:48:07.759,1.2,0.142208,-0.046918,-102.53621,0,calibration
normal,12806,normal_0385,13,2022-07-12 00:48:07.859,1.3,0.007944,-0.082306,-141.96159,0,calibration
normal,12807,normal_0385,14,2022-07-12 00:48:07.959,1.4,-0.067078,-0.01279,-134.71772,0,calibration
normal,12808,normal_0385,15,2022-07-12 00:48:08.059,1.5,0.054697,0.140809,-123.51574,0,calibration
normal,12809,normal_0385,16,2022-07-12 00:48:08.159,1.6,-0.084006,0.018034,-95.703017,0,calibration
normal,12810,normal_0385,17,2022-07-12 00:48:08.259,1.7,0.007819,-0.070544,-61.424978,0,calibration
normal,12811,normal_0385,18,2022-07-12 00:48:08.359,1.8,0.137054,-0.029979,-13.46779,0,calibration
normal,12812,normal_0385,19,2022-07-12 00:48:08.459,1.9,-0.061208,-0.068852,36.076073,0,calibration
normal,12813,normal_0385,20,2022-07-12 00:48:08.559,2.0,-0.013593,0.055682,81.893215,0,calibration
normal,12814,normal_0385,21,2022-07-12 00:48:08.659,2.1,0.018616,0.130545,133.7278,0,calibration
normal,12815,normal_0385,22,2022-07-12 00:48:08.759,2.2,-0.091454,-0.022315,139.17794,0,calibration
normal,12816,normal_0385,23,2022-07-12 00:48:08.859,2.3,0.078051,-0.06514,128.46781,0,calibration
normal,12817,normal_0385,24,2022-07-12 00:48:08.959,2.4,0.035726,-0.094431,108.18256,0,calibration
normal,12818,normal_0385,25,2022-07-12 00:48:09.059,2.5,-0.070632,-0.018796,75.594553,0,calibration
normal,12819,normal_0385,26,2022-07-12 00:48:09.159,2.6,0.085226,0.170577,34.83272,0,calibration
normal,12820,normal_0385,27,2022-07-12 00:48:09.259,2.7,-0.055396,0.031704,-18.018129,0,calibration
normal,12821,normal_0385,28,2022-07-12 00:48:09.359,2.8,-0.061492,-0.063675,-60.767539,0,calibration
normal,12822,normal_0385,29,2022-07-12 00:48:09.459,2.9,0.106525,-0.014538,-116.47321,0,calibration
normal,12823,normal_0385,30,2022-07-12 00:48:09.559,3.0,-0.05132,-0.088766,-138.84606,0,calibration
normal,12824,normal_0385,31,2022-07-12 00:48:09.659,3.1,0.021773,0.064992,-129.10654,0,calibration
normal,12825,normal_0385,32,2022-07-12 00:48:09.759,3.2,0.05464,0.112039,-116.18902,0,calibration
normal,12826,normal_0385,33,2022-07-12 00:48:09.859,3.3,-0.105043,-0.086745,-85.38581,0,calibration
normal,12827,normal_0385,34,2022-07-12 00:48:09.959,3.4,0.058977,-0.0284,-50.8349,0,calibration
normal,12828,normal_0385,35,2022-07-12 00:48:10.059,3.5,0.011952,-0.006738,0.180721,0,calibration
normal,12829,normal_0385,36,2022-07-12 00:48:10.159,3.6,-0.10778,-0.053185,44.423585,0,calibration
normal,12830,normal_0385,37,2022-07-12 00:48:10.259,3.7,0.042776,0.100357,96.948278,0,calibration
normal,12831,normal_0385,38,2022-07-12 00:48:10.359,3.8,-0.055747,0.068795,137.1,0,calibration
normal,12832,normal_0385,39,2022-07-12 00:48:10.459,3.9,-0.007769,-0.054899,132.54906,0,calibration
normal,12833,normal_0385,40,2022-07-12 00:48:10.559,4.0,0.150348,-0.041048,123.20544,0,calibration
normal,12834,normal_0385,41,2022-07-12 00:48:10.659,4.1,-0.058132,-0.070249,97.567451,0,calibration
normal,12835,normal_0385,42,2022-07-12 00:48:10.759,4.2,-0.009596,0.033838,66.203125,0,calibration
normal,12836,normal_0385,43,2022-07-12 00:48:10.859,4.3,0.044207,0.100436,19.693496,0,calibration
normal,12837,normal_0385,44,2022-07-12 00:48:10.959,4.4,-0.151739,-0.033475,-28.896812,0,calibration
normal,12838,normal_0385,45,2022-07-12 00:48:11.059,4.5,0.011157,-0.0362,-74.959287,0,calibration
normal,12839,normal_0385,46,2022-07-12 00:48:11.159,4.6,0.078573,-0.042376,-127.01739,0,calibration
normal,12840,normal_0385,47,2022-07-12 00:48:11.259,4.7,-0.05208,-0.038153,-133.09123,0,calibration
normal,12841,normal_0385,48,2022-07-12 00:48:11.359,4.8,0.075496,0.122643,-124.9273,0,calibration
normal,12842,normal_0385,49,2022-07-12 00:48:11.459,4.9,0.038428,0.060291,-107.07761,0,calibration
normal,12843,normal_0386,0,2022-07-12 00:48:14.176,0.0,0.039717,0.075528,-90.77109,0,calibration
normal,12844,normal_0386,1,2022-07-12 00:48:14.276,0.1,0.007531,-0.06238,-106.71128,0,calibration
normal,12845,normal_0386,2,2022-07-12 00:48:14.376,0.2,0.098391,-0.054024,-109.27535,0,calibration
normal,12846,normal_0386,3,2022-07-12 00:48:14.476,0.3,0.057156,0.046974,-105.12055,0,calibration
normal,12847,normal_0386,4,2022-07-12 00:48:14.576,0.4,0.009972,0.068636,-85.515152,0,calibration
normal,12848,normal_0386,5,2022-07-12 00:48:14.676,0.5,0.035573,0.039969,-58.285601,0,calibration
normal,12849,normal_0386,6,2022-07-12 00:48:14.776,0.6,-0.033591,0.061677,-14.492275,0,calibration
normal,12850,normal_0386,7,2022-07-12 00:48:14.876,0.7,-0.003164,0.042422,25.537494,0,calibration
normal,12851,normal_0386,8,2022-07-12 00:48:14.976,0.8,0.065035,-0.011926,78.611145,0,calibration
normal,12852,normal_0386,9,2022-07-12 00:48:15.076,0.9,0.016466,-0.013743,108.65237,0,calibration
normal,12853,normal_0386,10,2022-07-12 00:48:15.176,1.0,0.050094,0.005966,109.84124,0,calibration
normal,12854,normal_0386,11,2022-07-12 00:48:15.276,1.1,0.055578,0.033952,110.11995,0,calibration
normal,12855,normal_0386,12,2022-07-12 00:48:15.376,1.2,0.006895,0.024597,92.516791,0,calibration
normal,12856,normal_0386,13,2022-07-12 00:48:15.476,1.3,0.020984,-0.015979,69.170602,0,calibration
normal,12857,normal_0386,14,2022-07-12 00:48:15.576,1.4,-0.005366,-0.026436,28.236393,0,calibration
normal,12858,normal_0386,15,2022-07-12 00:48:15.676,1.5,-0.086122,0.012926,-12.605907,0,calibration
normal,12859,normal_0386,16,2022-07-12 00:48:15.776,1.6,-0.035521,0.027197,-60.694344,0,calibration
normal,12860,normal_0386,17,2022-07-12 00:48:15.876,1.7,0.021087,-0.036279,-103.40477,0,calibration
normal,12861,normal_0386,18,2022-07-12 00:48:15.976,1.8,-0.029946,-0.020589,-108.38903,0,calibration
normal,12862,normal_0386,19,2022-07-12 00:48:16.076,1.9,0.053228,0.036643,-110.8116,0,calibration
normal,12863,normal_0386,20,2022-07-12 00:48:16.176,2.0,-0.018843,-0.028536,-98.536861,0,calibration
normal,12864,normal_0386,21,2022-07-12 00:48:16.276,2.1,-0.127482,-0.022065,-77.136287,0,calibration
normal,12865,normal_0386,22,2022-07-12 00:48:16.376,2.2,-0.01144,0.0982,-42.17196,0,calibration
normal,12866,normal_0386,23,2022-07-12 00:48:16.476,2.3,-0.076336,0.041071,1.606822,0,calibration
normal,12867,normal_0386,24,2022-07-12 00:48:16.576,2.4,-0.05649,-0.10575,44.875746,0,calibration
normal,12868,normal_0386,25,2022-07-12 00:48:16.676,2.5,0.037469,-0.063754,96.146357,0,calibration
normal,12869,normal_0386,26,2022-07-12 00:48:16.776,2.6,-0.062553,0.025085,110.85178,0,calibration
normal,12870,normal_0386,27,2022-07-12 00:48:16.876,2.7,-0.003312,-0.025085,111.95172,0,calibration
normal,12871,normal_0386,28,2022-07-12 00:48:16.976,2.8,-0.044967,-0.085734,105.37626,0,calibration
normal,12872,normal_0386,29,2022-07-12 00:48:17.076,2.9,-0.146669,-0.023223,84.553252,0,calibration
normal,12873,normal_0386,30,2022-07-12 00:48:17.176,3.0,0.01407,0.013448,56.108005,0,calibration
normal,12874,normal_0386,31,2022-07-12 00:48:17.276,3.1,-0.063257,-0.034167,11.288167,0,calibration
normal,12875,normal_0386,32,2022-07-12 00:48:17.376,3.2,-0.117628,-0.014106,-28.933409,0,calibration
normal,12876,normal_0386,33,2022-07-12 00:48:17.476,3.3,0.032644,-0.012994,-80.693255,0,calibration
normal,12877,normal_0386,34,2022-07-12 00:48:17.576,3.4,-0.037712,-0.028241,-108.49954,0,calibration
normal,12878,normal_0386,35,2022-07-12 00:48:17.676,3.5,0.020167,-0.005603,-109.40303,0,calibration
normal,12879,normal_0386,36,2022-07-12 00:48:17.776,3.6,0.042862,-0.072871,-108.81556,0,calibration
normal,12880,normal_0386,37,2022-07-12 00:48:17.876,3.7,-0.089437,-0.09686,-90.38354,0,calibration
normal,12881,normal_0386,38,2022-07-12 00:48:17.976,3.8,-0.013813,-0.011779,-67.044385,0,calibration
normal,12882,normal_0386,39,2022-07-12 00:48:18.076,3.9,-0.004084,0.028196,-25.258067,0,calibration
normal,12883,normal_0387,0,2022-07-12 00:48:22.150,0.0,0.24642,0.355093,-251.38393,0,calibration
normal,12884,normal_0387,1,2022-07-12 00:48:22.250,0.1,0.121546,0.098975,-228.50659,0,calibration
normal,12885,normal_0387,2,2022-07-12 00:48:22.350,0.2,-0.141101,-0.35242,-178.74648,0,calibration
normal,12886,normal_0387,3,2022-07-12 00:48:22.450,0.3,-0.01374,-0.133926,-102.66222,0,calibration
normal,12887,normal_0387,4,2022-07-12 00:48:22.550,0.4,-0.065511,0.039597,-20.204189,0,calibration
normal,12888,normal_0387,5,2022-07-12 00:48:22.650,0.5,-0.031065,0.109772,67.015656,0,calibration
normal,12889,normal_0387,6,2022-07-12 00:48:22.750,0.6,0.230321,0.357125,148.24666,0,calibration
normal,12890,normal_0387,7,2022-07-12 00:48:22.850,0.7,0.099748,-0.02481,214.3791,0,calibration
normal,12891,normal_0387,8,2022-07-12 00:48:22.950,0.8,-0.063603,-0.366498,252.90206,0,calibration
normal,12892,normal_0387,9,2022-07-12 00:48:23.050,0.9,-0.03463,-0.10921,242.56983,0,calibration
normal,12893,normal_0387,10,2022-07-12 00:48:23.150,1.0,-0.046233,0.097306,201.02313,0,calibration
normal,12894,normal_0387,11,2022-07-12 00:48:23.250,1.1,0.049146,0.265186,131.0394,0,calibration
normal,12895,normal_0387,12,2022-07-12 00:48:23.350,1.2,0.059148,0.192912,48.316484,0,calibration
normal,12896,normal_0387,13,2022-07-12 00:48:23.450,1.3,-0.012184,-0.166976,-37.709956,0,calibration
normal,12897,normal_0387,14,2022-07-12 00:48:23.550,1.4,-0.035322,-0.258858,-123.42264,0,calibration
normal,12898,normal_0387,15,2022-07-12 00:48:23.650,1.5,-0.120767,-0.052853,-193.73991,0,calibration
normal,12899,normal_0387,16,2022-07-12 00:48:23.750,1.6,0.071478,0.217128,-244.27012,0,calibration
normal,12900,normal_0387,17,2022-07-12 00:48:23.850,1.7,0.147704,0.304003,-249.18786,0,calibration
normal,12901,normal_0387,18,2022-07-12 00:48:23.950,1.8,-0.070676,-0.021801,-216.81419,0,calibration
normal,12902,normal_0387,19,2022-07-12 00:48:24.050,1.9,-0.013831,-0.27331,-156.1419,0,calibration
normal,12903,normal_0387,20,2022-07-12 00:48:24.150,2.0,-0.115658,-0.177568,-74.90004,0,calibration
normal,12904,normal_0387,21,2022-07-12 00:48:24.250,2.1,-0.180201,0.000394,8.99613,0,calibration
normal,12905,normal_0387,22,2022-07-12 00:48:24.350,2.2,0.148385,0.299768,97.237479,0,calibration
normal,12906,normal_0387,23,2022-07-12 00:48:24.450,2.3,0.095263,0.228652,173.64874,0,calibration
normal,12907,normal_0387,24,2022-07-12 00:48:24.550,2.4,-0.073378,-0.233812,234.2501,0,calibration
normal,12908,normal_0387,25,2022-07-12 00:48:24.650,2.5,0.01906,-0.26391,256.19939,0,calibration
normal,12909,normal_0387,26,2022-07-12 00:48:24.750,2.6,-0.104872,-0.069758,233.16887,0,calibration
normal,12910,normal_0387,27,2022-07-12 00:48:24.850,2.7,-0.110946,0.116322,181.90553,0,calibration
normal,12911,normal_0388,0,2022-07-12 00:48:30.056,0.0,-0.005759,0.04689,39.596801,0,calibration
normal,12912,normal_0388,1,2022-07-12 00:48:30.156,0.1,0.08081,0.209174,80.68789,0,calibration
normal,12913,normal_0388,2,2022-07-12 00:48:30.256,0.2,-0.098742,-0.031334,135.31913,0,calibration
normal,12914,normal_0388,3,2022-07-12 00:48:30.356,0.3,0.15707,-0.132798,148.87633,0,calibration
normal,12915,normal_0388,4,2022-07-12 00:48:30.456,0.4,0.023169,-0.052542,133.43658,0,calibration
normal,12916,normal_0388,5,2022-07-12 00:48:30.556,0.5,-0.127932,-0.023296,113.64151,0,calibration
normal,12917,normal_0388,6,2022-07-12 00:48:30.656,0.6,0.087905,0.157062,77.792654,0,calibration
normal,12918,normal_0388,7,2022-07-12 00:48:30.756,0.7,-0.106883,0.093257,36.52132,0,calibration
normal,12919,normal_0388,8,2022-07-12 00:48:30.856,0.8,-0.032723,-0.100271,-21.316769,0,calibration
normal,12920,normal_0388,9,2022-07-12 00:48:30.956,0.9,0.146772,-0.068379,-63.962586,0,calibration
normal,12921,normal_0388,10,2022-07-12 00:48:31.056,1.0,-0.095484,-0.072489,-116.38893,0,calibration
normal,12922,normal_0388,11,2022-07-12 00:48:31.156,1.1,0.040006,0.046924,-148.35669,0,calibration
normal,12923,normal_0388,12,2022-07-12 00:48:31.256,1.2,0.048407,0.146356,-136.18709,0,calibration
normal,12924,normal_0388,13,2022-07-12 00:48:31.356,1.3,-0.16223,-0.031447,-121.8852,0,calibration
normal,12925,normal_0388,14,2022-07-12 00:48:31.456,1.4,0.073941,-0.067051,-88.944207,0,calibration
normal,12926,normal_0388,15,2022-07-12 00:48:31.556,1.5,0.02502,-0.060466,-50.797945,0,calibration
normal,12927,normal_0388,16,2022-07-12 00:48:31.656,1.6,-0.134585,-0.051032,3.226757,0,calibration
normal,12928,normal_0389,0,2022-07-12 00:48:38.047,0.0,0.036461,-0.008373,106.50946,0,calibration
normal,12929,normal_0389,1,2022-07-12 00:48:38.147,0.1,0.084247,0.083543,109.68746,0,calibration
normal,12930,normal_0389,2,2022-07-12 00:48:38.247,0.2,0.006023,0.057544,105.79468,0,calibration
normal,12931,normal_0389,3,2022-07-12 00:48:38.347,0.3,0.112301,0.015446,87.384354,0,calibration
normal,12932,normal_0390,0,2022-07-12 00:48:40.145,0.0,-0.149114,-0.150864,-31.25513,0,calibration
normal,12933,normal_0390,1,2022-07-12 00:48:40.245,0.1,-0.017417,0.113803,-115.63064,0,calibration
normal,12934,normal_0390,2,2022-07-12 00:48:40.345,0.2,0.126759,0.291436,-179.92081,0,calibration
normal,12935,normal_0390,3,2022-07-12 00:48:40.445,0.3,0.029257,0.060148,-230.80256,0,calibration
normal,12936,normal_0390,4,2022-07-12 00:48:40.545,0.4,0.028712,-0.234617,-241.4259,0,calibration
normal,12937,normal_0390,5,2022-07-12 00:48:40.645,0.5,-0.04706,-0.210412,-206.31721,0,calibration
normal,12938,normal_0390,6,2022-07-12 00:48:40.745,0.6,-0.187012,-0.111605,-151.0519,0,calibration
normal,12939,normal_0390,7,2022-07-12 00:48:40.845,0.7,-0.016304,0.173203,-75.725207,0,calibration
normal,12940,normal_0390,8,2022-07-12 00:48:40.945,0.8,0.078212,0.326245,4.890204,0,calibration
normal,12941,normal_0390,9,2022-07-12 00:48:41.045,0.9,-0.020312,-0.067293,89.894544,0,calibration
normal,12942,normal_0390,10,2022-07-12 00:48:41.145,1.0,-0.006756,-0.287296,161.83211,0,calibration
normal,12943,normal_0390,11,2022-07-12 00:48:41.245,1.1,-0.080257,-0.148923,218.83359,0,calibration
normal,12944,normal_0390,12,2022-07-12 00:48:41.345,1.2,-0.101385,0.029959,245.9524,0,calibration
normal,12945,normal_0390,13,2022-07-12 00:48:41.445,1.3,0.102224,0.287281,223.67397,0,calibration
normal,12946,normal_0390,14,2022-07-12 00:48:41.545,1.4,0.077883,0.19239,175.146,0,calibration
normal,12947,normal_0390,15,2022-07-12 00:48:41.645,1.5,-0.054519,-0.209368,103.93502,0,calibration
normal,12948,normal_0390,16,2022-07-12 00:48:41.745,1.6,-0.056279,-0.244971,24.447563,0,calibration
normal,12949,normal_0390,17,2022-07-12 00:48:41.845,1.7,-0.113147,-0.074264,-60.030706,0,calibration
normal,12950,normal_0390,18,2022-07-12 00:48:41.945,1.8,-0.048808,0.109375,-138.79706,0,calibration
normal,12951,normal_0390,19,2022-07-12 00:48:42.045,1.9,0.105993,0.2887,-200.94564,0,calibration
normal,12952,normal_0390,20,2022-07-12 00:48:42.145,2.0,0.10999,0.058059,-242.04364,0,calibration
normal,12953,normal_0390,21,2022-07-12 00:48:42.245,2.1,0.039214,-0.268768,-234.27155,0,calibration
normal,12954,normal_0390,22,2022-07-12 00:48:42.345,2.2,-0.072843,-0.205655,-193.38634,0,calibration
normal,12955,normal_0390,23,2022-07-12 00:48:42.445,2.3,-0.099626,0.016767,-128.85214,0,calibration
normal,12956,normal_0390,24,2022-07-12 00:48:42.545,2.4,0.00529,0.234818,-49.632913,0,calibration
normal,12957,normal_0390,25,2022-07-12 00:48:42.645,2.5,0.02702,0.230095,33.022169,0,calibration
normal,12958,normal_0390,26,2022-07-12 00:48:42.745,2.6,0.054665,-0.12113,115.94619,0,calibration
normal,12959,normal_0390,27,2022-07-12 00:48:42.845,2.7,0.065315,-0.317837,183.06579,0,calibration
normal,12960,normal_0390,28,2022-07-12 00:48:42.945,2.8,-0.051874,-0.15855,234.59855,0,calibration
normal,12961,normal_0390,29,2022-07-12 00:48:43.045,2.9,0.03306,0.120536,243.46152,0,calibration
normal,12962,normal_0390,30,2022-07-12 00:48:43.145,3.0,0.137907,0.316118,211.15794,0,calibration
normal,12963,normal_0390,31,2022-07-12 00:48:43.245,3.1,-0.029792,0.110715,154.86886,0,calibration
normal,12964,normal_0390,32,2022-07-12 00:48:43.345,3.2,-0.064816,-0.192996,78.105817,0,calibration
normal,12965,normal_0390,33,2022-07-12 00:48:43.445,3.3,-0.048786,-0.206927,-2.483249,0,calibration
normal,12966,normal_0390,34,2022-07-12 00:48:43.545,3.4,-0.130677,-0.09009,-87.610732,0,calibration
normal,12967,normal_0390,35,2022-07-12 00:48:43.645,3.5,0.081981,0.220898,-160.67256,0,calibration
normal,12968,normal_0390,36,2022-07-12 00:48:43.745,3.6,0.242721,0.294445,-219.15415,0,calibration
normal,12969,normal_0390,37,2022-07-12 00:48:43.845,3.7,0.067517,-0.118757,-245.38007,0,calibration
normal,12970,normal_0390,38,2022-07-12 00:48:43.945,3.8,0.00814,-0.249694,-223.67921,0,calibration
normal,12971,normal_0390,39,2022-07-12 00:48:44.045,3.9,-0.062432,-0.090442,-175.76709,0,calibration
normal,12972,normal_0390,40,2022-07-12 00:48:44.145,4.0,-0.17433,0.034115,-103.73117,0,calibration
normal,12973,normal_0390,41,2022-07-12 00:48:44.245,4.1,-0.012591,0.30229,-23.103001,0,calibration
normal,12974,normal_0390,42,2022-07-12 00:48:44.345,4.2,0.100022,0.24482,61.479576,0,calibration
normal,12975,normal_0390,43,2022-07-12 00:48:44.445,4.3,0.042733,-0.215408,139.66538,0,calibration
normal,12976,normal_0390,44,2022-07-12 00:48:44.545,4.4,0.005982,-0.278884,202.90127,0,calibration
normal,12977,normal_0390,45,2022-07-12 00:48:44.645,4.5,-0.006756,-0.041385,243.7109,0,calibration
normal,12978,normal_0390,46,2022-07-12 00:48:44.745,4.6,0.037352,0.159069,235.71721,0,calibration
normal,12979,normal_0390,47,2022-07-12 00:48:44.845,4.7,0.042302,0.280401,195.48263,0,calibration
normal,12980,normal_0390,48,2022-07-12 00:48:44.945,4.8,0.025737,0.044503,130.62765,0,calibration
normal,12981,normal_0390,49,2022-07-12 00:48:45.045,4.9,-0.023093,-0.244052,51.77725,0,calibration
normal,12982,normal_0391,0,2022-07-12 00:48:46.796,0.0,0.037486,-0.161488,-7.73275,0,calibration
normal,12983,normal_0391,1,2022-07-12 00:48:46.896,0.1,-0.076467,-0.197512,-88.65131,0,calibration
normal,12984,normal_0391,2,2022-07-12 00:48:46.996,0.2,0.013314,0.022719,-139.85504,0,calibration
normal,12985,normal_0391,3,2022-07-12 00:48:47.096,0.3,0.125769,0.264509,-187.52899,0,calibration
normal,12986,normal_0391,4,2022-07-12 00:48:47.196,0.4,-0.019769,0.073298,-210.32729,0,calibration
normal,12987,normal_0391,5,2022-07-12 00:48:47.296,0.5,0.011259,-0.075691,-175.85399,0,calibration
normal,12988,normal_0391,6,2022-07-12 00:48:47.396,0.6,-0.019905,-0.120162,-135.46755,0,calibration
normal,12989,normal_0391,7,2022-07-12 00:48:47.496,0.7,-0.204316,-0.174567,-77.321539,0,calibration
normal,12990,normal_0391,8,2022-07-12 00:48:47.596,0.8,0.022567,0.13003,-14.602305,0,calibration
normal,12991,normal_0391,9,2022-07-12 00:48:47.696,0.9,0.165017,0.248626,63.723929,0,calibration
normal,12992,normal_0391,10,2022-07-12 00:48:47.796,1.0,0.030038,-0.070321,126.93204,0,calibration
normal,12993,normal_0391,11,2022-07-12 00:48:47.896,1.1,0.090233,-0.149419,171.76296,0,calibration
normal,12994,normal_0391,12,2022-07-12 00:48:47.996,1.2,-0.026036,-0.115507,212.45029,0,calibration
normal,12995,normal_0391,13,2022-07-12 00:48:48.096,1.3,-0.161004,-0.03021,191.91303,0,calibration
normal,12996,normal_0391,14,2022-07-12 00:48:48.196,1.4,-0.012469,0.243801,152.17163,0,calibration
normal,12997,normal_0391,15,2022-07-12 00:48:48.296,1.5,0.013383,0.146038,99.743497,0,calibration
normal,12998,normal_0391,16,2022-07-12 00:48:48.396,1.6,0.006537,-0.109626,36.933546,0,calibration
normal,12999,normal_0391,17,2022-07-12 00:48:48.496,1.7,0.06605,-0.135432,-35.976653,0,calibration
normal,13000,normal_0391,18,2022-07-12 00:48:48.596,1.8,0.003187,-0.123103,-110.66975,0,calibration
normal,13001,normal_0391,19,2022-07-12 00:48:48.696,1.9,-0.027126,0.054542,-155.09035,0,calibration
normal,13002,normal_0391,20,2022-07-12 00:48:48.796,2.0,0.025417,0.203815,-203.68912,0,calibration
normal,13003,normal_0391,21,2022-07-12 00:48:48.896,2.1,0.003312,0.056903,-203.21956,0,calibration
normal,13004,normal_0391,22,2022-07-12 00:48:48.996,2.2,-0.000457,-0.139588,-163.74065,0,calibration
normal,13005,normal_0391,23,2022-07-12 00:48:49.096,2.3,-0.052603,-0.170241,-118.83821,0,calibration
normal,13006,normal_0391,24,2022-07-12 00:48:49.196,2.4,-0.060243,-0.013316,-56.687004,0,calibration
normal,13007,normal_0391,25,2022-07-12 00:48:49.296,2.5,0.09029,0.219948,9.599687,0,calibration
normal,13008,normal_0391,26,2022-07-12 00:48:49.396,2.6,0.010919,0.157675,89.99158,0,calibration
normal,13009,normal_0391,27,2022-07-12 00:48:49.496,2.7,-0.022289,-0.076849,141.18435,0,calibration
normal,13010,normal_0391,28,2022-07-12 00:48:49.596,2.8,0.049963,-0.141177,189.62266,0,calibration
normal,13011,normal_0391,29,2022-07-12 00:48:49.696,2.9,-0.124991,-0.183173,212.46686,0,calibration
normal,13012,normal_0391,30,2022-07-12 00:48:49.796,3.0,-0.014319,0.05058,177.632,0,calibration
normal,13013,normal_0391,31,2022-07-12 00:48:49.896,3.1,0.146307,0.264691,137.15555,0,calibration
normal,13014,normal_0391,32,2022-07-12 00:48:49.996,3.2,-0.031202,0.029179,79.095969,0,calibration
normal,13015,normal_0391,33,2022-07-12 00:48:50.096,3.3,0.039586,-0.087192,17.321231,0,calibration
normal,13016,normal_0391,34,2022-07-12 00:48:50.196,3.4,0.011498,-0.130278,-61.085231,0,calibration
normal,13017,normal_0391,35,2022-07-12 00:48:50.296,3.5,-0.192872,-0.141404,-123.85215,0,calibration
normal,13018,normal_0391,36,2022-07-12 00:48:50.396,3.6,0.012838,0.183356,-168.14735,0,calibration
normal,13019,normal_0391,37,2022-07-12 00:48:50.496,3.7,0.098362,0.232073,-209.80492,0,calibration
normal,13020,normal_0391,38,2022-07-12 00:48:50.596,3.8,0.003312,-0.068743,-188.91229,0,calibration
normal,13021,normal_0391,39,2022-07-12 00:48:50.696,3.9,0.064643,-0.139565,-150.30827,0,calibration
normal,13022,normal_0391,40,2022-07-12 00:48:50.796,4.0,-0.024503,-0.135898,-99.39183,0,calibration
normal,13023,normal_0391,41,2022-07-12 00:48:50.896,4.1,-0.057882,0.000977,-38.19478,0,calibration
normal,13024,normal_0391,42,2022-07-12 00:48:50.996,4.2,0.029879,0.228542,32.168035,0,calibration
normal,13025,normal_0391,43,2022-07-12 00:48:51.096,4.3,0.004232,0.087046,105.04295,0,calibration
normal,13026,normal_0391,44,2022-07-12 00:48:51.196,4.4,0.019479,-0.109252,147.83289,0,calibration
normal,13027,normal_0391,45,2022-07-12 00:48:51.296,4.5,-0.004192,-0.138634,198.40791,0,calibration
normal,13028,normal_0391,46,2022-07-12 00:48:51.396,4.6,-0.038105,-0.08667,200.41707,0,calibration
normal,13029,normal_0391,47,2022-07-12 00:48:51.496,4.7,0.034204,0.133969,163.06533,0,calibration
normal,13030,normal_0391,48,2022-07-12 00:48:51.596,4.8,-0.023822,0.192882,121.0909,0,calibration
normal,13031,normal_0391,49,2022-07-12 00:48:51.696,4.9,-0.034506,-0.000181,62.070377,0,calibration
normal,13032,normal_0392,0,2022-07-12 00:48:54.584,0.0,-0.016888,-0.064551,79.120765,0,calibration
normal,13033,normal_0392,1,2022-07-12 00:48:54.684,0.1,-0.014844,-0.005276,44.212823,0,calibration
normal,13034,normal_0392,2,2022-07-12 00:48:54.784,0.2,0.007068,0.134483,3.198743,0,calibration
normal,13035,normal_0392,3,2022-07-12 00:48:54.884,0.3,0.001062,-0.01815,-42.765146,0,calibration
normal,13036,normal_0392,4,2022-07-12 00:48:54.984,0.4,0.014868,-0.086054,-92.974555,0,calibration
normal,13037,normal_0392,5,2022-07-12 00:48:55.084,0.5,-0.002196,0.01239,-105.54196,0,calibration
normal,13038,normal_0392,6,2022-07-12 00:48:55.184,0.6,-0.033543,-0.061633,-109.54453,0,calibration
normal,13039,normal_0392,7,2022-07-12 00:48:55.284,0.7,-0.00122,0.000129,-103.40668,0,calibration
normal,13040,normal_0392,8,2022-07-12 00:48:55.384,0.8,0.004025,0.065557,-84.903131,0,calibration
normal,13041,normal_0392,9,2022-07-12 00:48:55.484,0.9,0.020873,-0.051608,-56.649692,0,calibration
normal,13042,normal_0392,10,2022-07-12 00:48:55.584,1.0,0.029672,-0.016334,-14.570476,0,calibration
normal,13043,normal_0392,11,2022-07-12 00:48:55.684,1.1,-0.037902,-0.025008,26.804927,0,calibration
normal,13044,normal_0392,12,2022-07-12 00:48:55.784,1.2,-0.027071,-0.023373,81.600914,0,calibration
normal,13045,normal_0392,13,2022-07-12 00:48:55.884,1.3,0.009804,0.131236,106.81619,0,calibration
normal,13046,normal_0392,14,2022-07-12 00:48:55.984,1.4,0.006727,0.031316,109.59889,0,calibration
normal,13047,normal_0392,15,2022-07-12 00:48:56.084,1.5,0.045147,-0.069535,109.13338,0,calibration
normal,13048,normal_0392,16,2022-07-12 00:48:56.184,1.6,0.02982,0.001071,91.798913,0,calibration
normal,13049,normal_0392,17,2022-07-12 00:48:56.284,1.7,0.00541,-0.043809,68.413504,0,calibration
normal,13050,normal_0392,18,2022-07-12 00:48:56.384,1.8,0.039981,0.018123,27.727369,0,calibration
normal,13051,normal_0392,19,2022-07-12 00:48:56.484,1.9,0.012245,0.053046,-11.876346,0,calibration
normal,13052,normal_0392,20,2022-07-12 00:48:56.584,2.0,0.022735,-0.068809,-63.795932,0,calibration
normal,13053,normal_0392,21,2022-07-12 00:48:56.684,2.1,0.035826,-0.022192,-102.55052,0,calibration
normal,13054,normal_0392,22,2022-07-12 00:48:56.784,2.2,-0.031669,-0.006263,-106.62009,0,calibration
normal,13055,normal_0392,23,2022-07-12 00:48:56.884,2.3,-0.012948,-0.019842,-110.02315,0,calibration
normal,13056,normal_0392,24,2022-07-12 00:48:56.984,2.4,0.000835,0.088309,-96.917641,0,calibration
normal,13057,normal_0392,25,2022-07-12 00:48:57.084,2.5,0.025335,0.02053,-76.949963,0,calibration
normal,13058,normal_0392,26,2022-07-12 00:48:57.184,2.6,0.080705,-0.018695,-41.608219,0,calibration
normal,13059,normal_0392,27,2022-07-12 00:48:57.284,2.7,0.026959,0.054647,-0.506282,0,calibration
normal,13060,normal_0392,28,2022-07-12 00:48:57.384,2.8,-0.005273,-0.043945,45.796281,0,calibration
normal,13061,normal_0392,29,2022-07-12 00:48:57.484,2.9,-0.024142,-0.002857,96.550834,0,calibration
normal,13062,normal_0392,30,2022-07-12 00:48:57.584,3.0,-0.029898,0.117328,108.16754,0,calibration
normal,13063,normal_0392,31,2022-07-12 00:48:57.684,3.1,0.021873,-0.019399,111.41445,0,calibration
normal,13064,normal_0392,32,2022-07-12 00:48:57.784,3.2,0.006001,-0.053856,104.36953,0,calibration
normal,13065,normal_0392,33,2022-07-12 00:48:57.884,3.3,-0.003207,0.008212,85.059534,0,calibration
normal,13066,normal_0392,34,2022-07-12 00:48:57.984,3.4,0.003594,-0.048202,55.973656,0,calibration
normal,13067,normal_0392,35,2022-07-12 00:48:58.084,3.5,-0.027946,0.045235,13.065459,0,calibration
normal,13068,normal_0392,36,2022-07-12 00:48:58.184,3.6,-0.00894,0.068907,-28.10717,0,calibration
normal,13069,normal_0392,37,2022-07-12 00:48:58.284,3.7,-0.00894,-0.01588,-82.383881,0,calibration
normal,13070,normal_0392,38,2022-07-12 00:48:58.384,3.8,-0.029478,0.033337,-106.20476,0,calibration
normal,13071,normal_0393,0,2022-07-12 00:49:02.714,0.0,0.007701,0.098451,196.21005,0,calibration
normal,13072,normal_0393,1,2022-07-12 00:49:02.814,0.1,-0.03199,-0.093067,204.82495,0,calibration
normal,13073,normal_0393,2,2022-07-12 00:49:02.914,0.2,-0.021658,-0.10156,178.2489,0,calibration
normal,13074,normal_0393,3,2022-07-12 00:49:03.014,0.3,-0.120852,-0.133894,133.89541,0,calibration
normal,13075,normal_0393,4,2022-07-12 00:49:03.114,0.4,0.000753,0.131137,71.229109,0,calibration
normal,13076,normal_0393,5,2022-07-12 00:49:03.214,0.5,0.160062,0.237631,4.346967,0,calibration
normal,13077,normal_0393,6,2022-07-12 00:49:03.314,0.6,0.073414,-0.104193,-69.48162,0,calibration
normal,13078,normal_0393,7,2022-07-12 00:49:03.414,0.7,0.054409,-0.155397,-131.69541,0,calibration
normal,13079,normal_0393,8,2022-07-12 00:49:03.514,0.8,0.050197,-0.091353,-183.36811,0,calibration
normal,13080,normal_0393,9,2022-07-12 00:49:03.614,0.9,-0.089539,-0.043874,-207.52421,0,calibration
normal,13081,normal_0393,10,2022-07-12 00:49:03.714,1.0,-0.054935,0.231193,-188.28275,0,calibration
normal,13082,normal_0393,11,2022-07-12 00:49:03.814,1.1,0.041012,0.166344,-150.31828,0,calibration
normal,13083,normal_0393,12,2022-07-12 00:49:03.914,1.2,-0.017083,-0.131532,-91.886889,0,calibration
normal,13084,normal_0393,13,2022-07-12 00:49:04.014,1.3,-0.00389,-0.170667,-26.066426,0,calibration
normal,13085,normal_0393,14,2022-07-12 00:49:04.114,1.4,0.035029,-0.109325,46.956783,0,calibration
normal,13086,normal_0393,15,2022-07-12 00:49:04.214,1.5,-0.03728,0.060009,115.64936,0,calibration
normal,13087,normal_0393,16,2022-07-12 00:49:04.314,1.6,-0.021908,0.185292,170.78116,0,calibration
normal,13088,normal_0393,17,2022-07-12 00:49:04.414,1.7,-0.011327,-0.002525,208.93183,0,calibration
normal,13089,normal_0393,18,2022-07-12 00:49:04.514,1.8,-0.063177,-0.18663,200.93098,0,calibration
normal,13090,normal_0393,19,2022-07-12 00:49:04.614,1.9,-0.069989,-0.144305,167.07589,0,calibration
normal,13091,normal_0393,20,2022-07-12 00:49:04.714,2.0,-0.061383,-0.011176,114.02131,0,calibration
normal,13092,normal_0393,21,2022-07-12 00:49:04.814,2.1,0.008235,0.205194,47.757154,0,calibration
normal,13093,normal_0393,22,2022-07-12 00:49:04.914,2.2,-0.039551,0.192195,-23.264053,0,calibration
normal,13094,normal_0393,23,2022-07-12 00:49:05.014,2.3,-0.088347,-0.091864,-96.636068,0,calibration
normal,13095,normal_0393,24,2022-07-12 00:49:05.114,2.4,-0.046953,-0.180283,-154.50587,0,calibration
normal,13096,normal_0394,0,2022-07-12 00:49:10.737,0.0,0.044043,0.226726,161.54518,0,calibration
normal,13097,normal_0394,1,2022-07-12 00:49:10.837,0.1,-0.073316,-0.091711,127.79523,0,calibration
normal,13098,normal_0394,2,2022-07-12 00:49:10.937,0.2,0.053421,-0.164099,75.656185,0,calibration
normal,13099,normal_0394,3,2022-07-12 00:49:11.037,0.3,0.000174,-0.07493,18.826249,0,calibration
normal,13100,normal_0394,4,2022-07-12 00:49:11.137,0.4,0.031952,0.012615,-57.98579,0,calibration
normal,13101,normal_0394,5,2022-07-12 00:49:11.237,0.5,0.062208,0.195084,-111.13442,0,calibration
normal,13102,normal_0394,6,2022-07-12 00:49:11.337,0.6,-0.054991,0.065419,-153.62741,0,calibration
normal,13103,normal_0394,7,2022-07-12 00:49:11.437,0.7,0.031804,-0.138168,-194.61968,0,calibration
normal,13104,normal_0394,8,2022-07-12 00:49:11.537,0.8,-0.034056,-0.084865,-171.85952,0,calibration
normal,13105,normal_0394,9,2022-07-12 00:49:11.637,0.9,-0.091152,-0.030108,-139.65704,0,calibration
normal,13106,normal_0394,10,2022-07-12 00:49:11.737,1.0,0.09058,0.113534,-94.083678,0,calibration
normal,13107,normal_0394,11,2022-07-12 00:49:11.837,1.1,-0.012019,0.175659,-37.400608,0,calibration
normal,13108,normal_0394,12,2022-07-12 00:49:11.937,1.2,-0.066481,-0.044118,33.32663,0,calibration
normal,13109,normal_0394,13,2022-07-12 00:49:12.037,1.3,0.092953,-0.121581,100.02006,0,calibration
normal,13110,normal_0395,0,2022-07-12 00:49:18.634,0.0,0.097474,0.008393,-88.098537,0,calibration
normal,13111,normal_0396,0,2022-07-12 00:49:27.367,0.0,0.038245,0.151565,-78.666458,0,calibration
normal,13112,normal_0396,1,2022-07-12 00:49:27.467,0.1,-0.006453,-0.154917,-133.79778,0,calibration
normal,13113,normal_0396,2,2022-07-12 00:49:27.567,0.2,0.112291,-0.102692,-179.54781,0,calibration
normal,13114,normal_0396,3,2022-07-12 00:49:27.667,0.3,-0.01818,-0.107199,-214.28111,0,calibration
normal,13115,normal_0396,4,2022-07-12 00:49:27.767,0.4,-0.012515,0.032457,-188.02991,0,calibration
normal,13116,normal_0396,5,2022-07-12 00:49:27.867,0.5,0.043002,0.224362,-148.52406,0,calibration
normal,13117,normal_0396,6,2022-07-12 00:49:27.967,0.6,-0.02791,0.057264,-92.408549,0,calibration
normal,13118,normal_0396,7,2022-07-12 00:49:28.067,0.7,0.031467,-0.110685,-28.701547,0,calibration
normal,13119,normal_0396,8,2022-07-12 00:49:28.167,0.8,-0.084699,-0.143427,47.794109,0,calibration
normal,13120,normal_0396,9,2022-07-12 00:49:28.267,0.9,-0.055203,-0.048764,114.88964,0,calibration
normal,13121,normal_0396,10,2022-07-12 00:49:28.367,1.0,0.081229,0.18718,157.05075,0,calibration
normal,13122,normal_0396,11,2022-07-12 00:49:28.467,1.1,-0.039956,0.153109,206.16713,0,calibration
normal,13123,normal_0396,12,2022-07-12 00:49:28.567,1.2,0.094739,-0.062217,199.6738,0,calibration
normal,13124,normal_0396,13,2022-07-12 00:49:28.667,1.3,0.071249,-0.150977,162.0958,0,calibration
normal,13125,normal_0396,14,2022-07-12 00:49:28.767,1.4,-0.165943,-0.182176,114.13814,0,calibration
normal,13126,normal_0396,15,2022-07-12 00:49:28.867,1.5,0.042548,0.064167,51.757699,0,calibration
normal,13127,normal_0396,16,2022-07-12 00:49:28.967,1.6,0.066106,0.26126,-16.861798,0,calibration
normal,13128,normal_0396,17,2022-07-12 00:49:29.067,1.7,-0.105078,0.037816,-93.042862,0,calibration
normal,13129,normal_0396,18,2022-07-12 00:49:29.167,1.8,0.066401,-0.094552,-136.23835,0,calibration
normal,13130,normal_0396,19,2022-07-12 00:49:29.267,1.9,0.003016,-0.116509,-186.74364,0,calibration
normal,13131,normal_0396,20,2022-07-12 00:49:29.367,2.0,-0.123618,-0.136752,-203.98476,0,calibration
normal,13132,normal_0396,21,2022-07-12 00:49:29.467,2.1,0.090255,0.145298,-170.47658,0,calibration
normal,13133,normal_0396,22,2022-07-12 00:49:29.567,2.2,0.078992,0.211953,-131.38963,0,calibration
normal,13134,normal_0396,23,2022-07-12 00:49:29.667,2.3,-0.040751,-0.095301,-72.42907,0,calibration
normal,13135,normal_0396,24,2022-07-12 00:49:29.767,2.4,0.06337,-0.113307,-10.032297,0,calibration
normal,13136,normal_0396,25,2022-07-12 00:49:29.867,2.5,-0.006339,-0.075512,68.001159,0,calibration
normal,13137,normal_0396,26,2022-07-12 00:49:29.967,2.6,-0.124163,-0.016929,121.04882,0,calibration
normal,13138,normal_0396,27,2022-07-12 00:49:30.067,2.7,0.026245,0.223737,166.63971,0,calibration
normal,13139,normal_0396,28,2022-07-12 00:49:30.167,2.8,0.047237,0.100248,205.67885,0,calibration
normal,13140,normal_0396,29,2022-07-12 00:49:30.267,2.9,0.016197,-0.121788,181.60834,0,calibration
normal,13141,normal_0396,30,2022-07-12 00:49:30.367,3.0,0.049042,-0.110685,145.32198,0,calibration
normal,13142,normal_0396,31,2022-07-12 00:49:30.467,3.1,-0.044679,-0.098037,94.055783,0,calibration
normal,13143,normal_0396,32,2022-07-12 00:49:30.567,3.2,-0.016489,0.080118,35.263423,0,calibration
normal,13144,normal_0396,33,2022-07-12 00:49:30.667,3.3,0.005832,0.206673,-39.543276,0,calibration
normal,13145,normal_0396,34,2022-07-12 00:49:30.767,3.4,-0.011493,0.019821,-105.95549,0,calibration
normal,13146,normal_0396,35,2022-07-12 00:49:30.867,3.5,0.042525,-0.139987,-144.07028,0,calibration
normal,13147,normal_0396,36,2022-07-12 00:49:30.967,3.6,-0.044259,-0.140373,-195.62342,0,calibration
normal,13148,normal_0396,37,2022-07-12 00:49:31.067,3.7,-0.003081,0.018606,-190.76481,0,calibration
normal,13149,normal_0396,38,2022-07-12 00:49:31.167,3.8,0.107307,0.197295,-153.8619,0,calibration
normal,13150,normal_0396,39,2022-07-12 00:49:31.267,3.9,-0.052513,0.118038,-112.20457,0,calibration
normal,13151,normal_0396,40,2022-07-12 00:49:31.367,4.0,-0.014525,-0.038046,-54.163343,0,calibration
normal,13152,normal_0396,41,2022-07-12 00:49:31.467,4.1,0.028391,-0.134935,12.523653,0,calibration
normal,13153,normal_0396,42,2022-07-12 00:49:31.567,4.2,-0.203931,-0.170914,88.682662,0,calibration
normal,13154,normal_0396,43,2022-07-12 00:49:31.667,4.3,0.000904,0.057514,131.05394,0,calibration
normal,13155,normal_0396,44,2022-07-12 00:49:31.767,4.4,0.157943,0.223873,182.29284,0,calibration
normal,13156,normal_0396,45,2022-07-12 00:49:31.867,4.5,0.011838,0.017641,201.84114,0,calibration
normal,13157,normal_0396,46,2022-07-12 00:49:31.967,4.6,0.122055,-0.091679,168.03803,0,calibration
normal,13158,normal_0396,47,2022-07-12 00:49:32.067,4.7,-0.042965,-0.110469,130.21363,0,calibration
normal,13159,normal_0396,48,2022-07-12 00:49:32.167,4.8,-0.244008,-0.115169,73.849091,0,calibration
normal,13160,normal_0396,49,2022-07-12 00:49:32.267,4.9,-0.009677,0.194003,11.499764,0,calibration
normal,13161,normal_0397,0,2022-07-12 00:49:34.708,0.0,-0.07484,0.042882,-89.973103,0,calibration
normal,13162,normal_0397,1,2022-07-12 00:49:34.808,0.1,-0.014884,0.109923,-105.30354,0,calibration
normal,13163,normal_0397,2,2022-07-12 00:49:34.908,0.2,-0.034616,-0.145821,-109.31147,0,calibration
normal,13164,normal_0397,3,2022-07-12 00:49:35.008,0.3,-0.01955,-0.059808,-105.09111,0,calibration
normal,13165,normal_0397,4,2022-07-12 00:49:35.108,0.4,-0.105085,0.064589,-87.024461,0,calibration
normal,13166,normal_0397,5,2022-07-12 00:49:35.208,0.5,-0.135421,-0.038237,-59.996612,0,calibration
normal,13167,normal_0397,6,2022-07-12 00:49:35.308,0.6,-0.103791,0.016974,-17.616393,0,calibration
normal,13168,normal_0397,7,2022-07-12 00:49:35.408,0.7,-0.126725,0.005098,23.033502,0,calibration
normal,13169,normal_0397,8,2022-07-12 00:49:35.508,0.8,-0.01955,-0.079336,77.29424,0,calibration
normal,13170,normal_0397,9,2022-07-12 00:49:35.608,0.9,0.031086,-0.046423,105.76166,0,calibration
normal,13171,normal_0397,10,2022-07-12 00:49:35.708,1.0,0.010355,-0.086545,109.01584,0,calibration
normal,13172,normal_0397,11,2022-07-12 00:49:35.808,1.1,0.030949,0.004531,109.944,0,calibration
normal,13173,normal_0397,12,2022-07-12 00:49:35.908,1.2,-0.016746,0.114748,94.167959,0,calibration
normal,13174,normal_0397,13,2022-07-12 00:49:36.008,1.3,-0.045549,-0.041268,72.512755,0,calibration
normal,13175,normal_0397,14,2022-07-12 00:49:36.108,1.4,-0.009718,-0.048478,32.704357,0,calibration
normal,13176,normal_0397,15,2022-07-12 00:49:36.208,1.5,-0.054597,0.029428,-7.032514,0,calibration
normal,13177,normal_0397,16,2022-07-12 00:49:36.308,1.6,-0.041132,-0.053269,-57.941921,0,calibration
normal,13178,normal_0397,17,2022-07-12 00:49:36.408,1.7,0.075965,0.034231,-100.49154,0,calibration
normal,13179,normal_0397,18,2022-07-12 00:49:36.508,1.8,0.061024,0.10218,-106.5817,0,calibration
normal,13180,normal_0397,19,2022-07-12 00:49:36.608,1.9,0.081721,-0.026237,-110.81053,0,calibration
normal,13181,normal_0397,20,2022-07-12 00:49:36.708,2.0,0.044505,-0.012215,-99.595439,0,calibration
normal,13182,normal_0397,21,2022-07-12 00:49:36.808,2.1,-0.030619,-0.013873,-80.086598,0,calibration
normal,13183,normal_0397,22,2022-07-12 00:49:36.908,2.2,0.030904,0.062205,-45.687919,0,calibration
normal,13184,normal_0397,23,2022-07-12 00:49:37.008,2.3,0.039589,0.197252,-3.906727,0,calibration
normal,13185,normal_0397,24,2022-07-12 00:49:37.108,2.4,0.072843,0.02751,40.963416,0,calibration
normal,13186,normal_0397,25,2022-07-12 00:49:37.208,2.5,0.127736,-0.015417,92.947613,0,calibration
normal,13187,normal_0397,26,2022-07-12 00:49:37.308,2.6,0.089362,0.030723,107.28682,0,calibration
normal,13188,normal_0397,27,2022-07-12 00:49:37.408,2.7,0.015464,-0.094652,110.84498,0,calibration
normal,13189,normal_0397,28,2022-07-12 00:49:37.508,2.8,0.033742,-0.017631,106.19201,0,calibration
normal,13190,normal_0397,29,2022-07-12 00:49:37.608,2.9,0.091962,0.05352,88.222157,0,calibration
normal,13191,normal_0397,30,2022-07-12 00:49:37.708,3.0,0.131426,-0.050544,61.160095,0,calibration
normal,13192,normal_0397,31,2022-07-12 00:49:37.808,3.1,0.137103,-0.002497,19.081356,0,calibration
normal,13193,normal_0397,32,2022-07-12 00:49:37.908,3.2,0.021231,0.000353,-21.392944,0,calibration
normal,13194,normal_0397,33,2022-07-12 00:49:38.008,3.3,-0.023376,-0.015145,-76.210508,0,calibration
normal,13195,normal_0397,34,2022-07-12 00:49:38.108,3.4,0.005677,0.092711,-104.3327,0,calibration
normal,13196,normal_0397,35,2022-07-12 00:49:38.208,3.5,-0.012874,0.003248,-107.55695,0,calibration
normal,13197,normal_0397,36,2022-07-12 00:49:38.308,3.6,0.070118,-0.036693,-109.22326,0,calibration
normal,13198,normal_0397,37,2022-07-12 00:49:38.408,3.7,0.07584,0.027203,-93.627345,0,calibration
normal,13199,normal_0397,38,2022-07-12 00:49:38.508,3.8,-0.014747,-0.052633,-71.909794,0,calibration
normal,13200,normal_0397,39,2022-07-12 00:49:38.608,3.9,0.006086,0.084628,-32.791022,0,calibration
normal,13201,normal_0397,40,2022-07-12 00:49:38.708,4.0,-0.020719,0.151272,7.104755,0,calibration
normal,13202,normal_0397,41,2022-07-12 00:49:38.808,4.1,-0.020901,-0.06142,58.20728,0,calibration
normal,13203,normal_0397,42,2022-07-12 00:49:38.908,4.2,0.009049,-0.011625,100.15608,0,calibration
normal,13204,normal_0397,43,2022-07-12 00:49:39.008,4.3,-0.034355,-0.005687,106.91954,0,calibration
normal,13205,normal_0398,0,2022-07-12 00:49:42.699,0.0,0.059207,0.0278,-126.42612,0,calibration
normal,13206,normal_0398,1,2022-07-12 00:49:42.799,0.1,0.003054,0.184146,-176.06666,0,calibration
normal,13207,normal_0398,2,2022-07-12 00:49:42.899,0.2,0.0761,0.22042,-225.7159,0,calibration
normal,13208,normal_0398,3,2022-07-12 00:49:42.999,0.3,0.094391,-0.022972,-226.97809,0,calibration
normal,13209,normal_0398,4,2022-07-12 00:49:43.099,0.4,-0.086092,-0.322142,-185.58099,0,calibration
normal,13210,normal_0398,5,2022-07-12 00:49:43.199,0.5,-0.097775,-0.212583,-131.34529,0,calibration
normal,13211,normal_0398,6,2022-07-12 00:49:43.299,0.6,0.046355,0.126937,-57.345278,0,calibration
normal,13212,normal_0398,7,2022-07-12 00:49:43.399,0.7,0.143857,0.318603,19.577863,0,calibration
normal,13213,normal_0398,8,2022-07-12 00:49:43.499,0.8,0.073262,0.114153,107.0099,0,calibration
normal,13214,normal_0398,9,2022-07-12 00:49:43.599,0.9,0.015474,-0.192862,164.08135,0,calibration
normal,13215,normal_0398,10,2022-07-12 00:49:43.699,1.0,-0.046333,-0.231588,213.99799,0,calibration
normal,13216,normal_0398,11,2022-07-12 00:49:43.799,1.1,-0.138238,-0.139195,237.95751,0,calibration
normal,13217,normal_0398,12,2022-07-12 00:49:43.899,1.2,0.06838,0.204934,203.28834,0,calibration
normal,13218,normal_0398,13,2022-07-12 00:49:43.999,1.3,0.204063,0.341275,154.29046,0,calibration
normal,13219,normal_0398,14,2022-07-12 00:49:44.099,1.4,-0.000977,-0.043487,83.136568,0,calibration
normal,13220,normal_0398,15,2022-07-12 00:49:44.199,1.5,0.012363,-0.24075,8.11267,0,calibration
normal,13221,normal_0398,16,2022-07-12 00:49:44.299,1.6,-0.055586,-0.134574,-79.468737,0,calibration
normal,13222,normal_0398,17,2022-07-12 00:49:44.399,1.7,-0.167972,0.025461,-148.81458,0,calibration
normal,13223,normal_0398,18,2022-07-12 00:49:44.499,1.8,0.060013,0.305297,-196.00871,0,calibration
normal,13224,normal_0398,19,2022-07-12 00:49:44.599,1.9,0.097047,0.217945,-237.60536,0,calibration
normal,13225,normal_0398,20,2022-07-12 00:49:44.699,2.0,0.027213,-0.169531,-217.08002,0,calibration
normal,13226,normal_0398,21,2022-07-12 00:49:44.799,2.1,0.009741,-0.223425,-171.77608,0,calibration
normal,13227,normal_0398,22,2022-07-12 00:49:44.899,2.2,-0.031426,-0.09133,-108.67514,0,calibration
normal,13228,normal_0398,23,2022-07-12 00:49:44.999,2.3,-0.057312,0.113563,-32.633666,0,calibration
normal,13229,normal_0398,24,2022-07-12 00:49:45.099,2.4,-0.015952,0.265424,51.113373,0,calibration
normal,13230,normal_0398,25,2022-07-12 00:49:45.199,2.5,0.054756,0.100177,133.71362,0,calibration
normal,13231,normal_0398,26,2022-07-12 00:49:45.299,2.6,-0.036092,-0.284551,183.33485,0,calibration
normal,13232,normal_0398,27,2022-07-12 00:49:45.399,2.7,-0.074319,-0.273232,233.32992,0,calibration
normal,13233,normal_0398,28,2022-07-12 00:49:45.499,2.8,0.056198,0.099246,233.97353,0,calibration
normal,13234,normal_0398,29,2022-07-12 00:49:45.599,2.9,0.093732,0.266389,190.3856,0,calibration
normal,13235,normal_0398,30,2022-07-12 00:49:45.699,3.0,-0.002237,0.179548,133.88004,0,calibration
normal,13236,normal_0398,31,2022-07-12 00:49:45.799,3.1,-0.023275,-0.085256,57.580359,0,calibration
normal,13237,normal_0399,0,2022-07-12 00:49:50.587,0.0,-0.010394,-0.080999,150.43296,0,calibration
normal,13238,normal_0399,1,2022-07-12 00:49:50.687,0.1,-0.150811,-0.05215,122.61869,0,calibration
normal,13239,normal_0399,2,2022-07-12 00:49:50.787,0.2,0.088345,0.166196,77.013025,0,calibration
normal,13240,normal_0399,3,2022-07-12 00:49:50.887,0.3,0.071599,0.159645,27.762774,0,calibration
normal,13241,normal_0399,4,2022-07-12 00:49:50.987,0.4,-0.04065,-0.141807,-37.92036,0,calibration
normal,13242,normal_0399,5,2022-07-12 00:49:51.087,0.5,0.075017,-0.12606,-85.957895,0,calibration
normal,13243,normal_0399,6,2022-07-12 00:49:51.187,0.6,-0.072383,-0.053252,-134.62092,0,calibration
normal,13244,normal_0399,7,2022-07-12 00:49:51.287,0.7,-0.055228,0.043013,-172.12774,0,calibration
normal,13245,normal_0399,8,2022-07-12 00:49:51.387,0.8,0.12563,0.218262,-156.41858,0,calibration
normal,13246,normal_0399,9,2022-07-12 00:49:51.487,0.9,-0.045646,0.008079,-132.028,0,calibration
normal,13247,normal_0399,10,2022-07-12 00:49:51.587,1.0,0.050221,-0.141296,-91.302883,0,calibration
normal,13248,normal_0399,11,2022-07-12 00:49:51.687,1.1,0.049619,-0.072314,-44.718271,0,calibration
normal,13249,normal_0399,12,2022-07-12 00:49:51.787,1.2,-0.137085,-0.061017,15.214445,0,calibration
normal,13250,normal_0399,13,2022-07-12 00:49:51.887,1.3,0.099131,0.142433,71.520218,0,calibration
normal,13251,normal_0399,14,2022-07-12 00:49:51.987,1.4,-0.003775,0.152787,116.55702,0,calibration
normal,13252,normal_0399,15,2022-07-12 00:49:52.087,1.5,-0.051402,-0.079273,165.805,0,calibration
normal,13253,normal_0399,16,2022-07-12 00:49:52.187,1.6,0.167364,-0.094112,165.04814,0,calibration
normal,13254,normal_0399,17,2022-07-12 00:49:52.287,1.7,-0.114526,-0.112686,142.4792,0,calibration
normal,13255,normal_0399,18,2022-07-12 00:49:52.387,1.8,-0.045884,0.023383,108.4149,0,calibration
normal,13256,normal_0399,19,2022-07-12 00:49:52.487,1.9,0.150391,0.224188,62.150963,0,calibration
normal,13257,normal_0399,20,2022-07-12 00:49:52.587,2.0,-0.099245,0.026494,8.333088,0,calibration
normal,13258,normal_0399,21,2022-07-12 00:49:52.687,2.1,0.060893,-0.115138,-53.893215,0,calibration
normal,13259,normal_0400,0,2022-07-12 00:49:58.730,0.0,-0.034918,0.027769,-108.68634,0,calibration
normal,13260,normal_0400,1,2022-07-12 00:49:58.830,0.1,0.00894,-0.039419,-94.274532,0,calibration
normal,13261,normal_0400,2,2022-07-12 00:49:58.930,0.2,0.048563,0.019868,-73.350438,0,calibration
normal,13262,normal_0400,3,2022-07-12 00:49:59.030,0.3,-0.049881,0.017733,-35.1162,0,calibration
normal,13263,normal_0400,4,2022-07-12 00:49:59.130,0.4,0.062856,0.026044,4.415989,0,calibration
normal,13264,normal_0400,5,2022-07-12 00:49:59.230,0.5,0.011245,-0.023218,53.720481,0,calibration
normal,13265,normal_0400,6,2022-07-12 00:49:59.330,0.6,-0.057897,-0.053713,98.186028,0,calibration
normal,13266,normal_0401,0,2022-07-12 00:50:15.827,0.0,-0.139637,-0.097969,179.69908,0,calibration
normal,13267,normal_0401,1,2022-07-12 00:50:15.927,0.1,-0.20174,0.048284,103.48345,0,calibration
normal,13268,normal_0401,2,2022-07-12 00:50:16.027,0.2,0.008614,0.347602,19.767287,0,calibration
normal,13269,normal_0401,3,2022-07-12 00:50:16.127,0.3,0.085521,0.184773,-68.793305,0,calibration
normal,13270,normal_0401,4,2022-07-12 00:50:16.227,0.4,0.005514,-0.285127,-149.29189,0,calibration
normal,13271,normal_0401,5,2022-07-12 00:50:16.327,0.5,-0.018827,-0.28003,-213.09784,0,calibration
normal,13272,normal_0401,6,2022-07-12 00:50:16.427,0.6,-0.01961,-0.029463,-251.5097,0,calibration
normal,13273,normal_0401,7,2022-07-12 00:50:16.527,0.7,0.036486,0.17082,-241.04944,0,calibration
normal,13274,normal_0401,8,2022-07-12 00:50:16.627,0.8,0.03862,0.255288,-198.25962,0,calibration
normal,13275,normal_0401,9,2022-07-12 00:50:16.727,0.9,-0.00618,-0.006938,-129.56788,0,calibration
normal,13276,normal_0401,10,2022-07-12 00:50:16.827,1.0,-0.061584,-0.284889,-47.357922,0,calibration
normal,13277,normal_0401,11,2022-07-12 00:50:16.927,1.1,-0.169474,-0.196299,38.957481,0,calibration
normal,13278,normal_0401,12,2022-07-12 00:50:17.027,1.2,-0.04763,0.077178,124.5041,0,calibration
normal,13279,normal_0401,13,2022-07-12 00:50:17.127,1.3,0.109272,0.284148,194.12997,0,calibration
normal,13280,normal_0401,14,2022-07-12 00:50:17.227,1.4,0.039597,0.134728,245.75475,0,calibration
normal,13281,normal_0401,15,2022-07-12 00:50:17.327,1.5,0.050178,-0.190135,251.95351,0,calibration
normal,13282,normal_0401,16,2022-07-12 00:50:17.427,1.6,-0.018282,-0.235729,217.2679,0,calibration
normal,13283,normal_0401,17,2022-07-12 00:50:17.527,1.7,-0.175945,-0.136252,156.58345,0,calibration
normal,13284,normal_0401,18,2022-07-12 00:50:17.627,1.8,-0.019247,0.142811,76.150546,0,calibration
normal,13285,normal_0401,19,2022-07-12 00:50:17.727,1.9,0.091515,0.346659,-8.558632,0,calibration
normal,13286,normal_0401,20,2022-07-12 00:50:17.827,2.0,-0.013593,-0.002465,-97.047102,0,calibration
normal,13287,normal_0401,21,2022-07-12 00:50:17.927,2.1,0.012304,-0.268449,-171.47722,0,calibration
normal,13288,normal_0401,22,2022-07-12 00:50:18.027,2.2,-0.04335,-0.176624,-229.83339,0,calibration
normal,13289,normal_0401,23,2022-07-12 00:50:18.127,2.3,-0.094394,-0.020994,-253.1729,0,calibration
normal,13290,normal_0401,24,2022-07-12 00:50:18.227,2.4,0.101881,0.261794,-229.21374,0,calibration
normal,13291,normal_0401,25,2022-07-12 00:50:18.327,2.5,0.120954,0.242425,-177.776,0,calibration
normal,13292,normal_0401,26,2022-07-12 00:50:18.427,2.6,-0.0191,-0.136627,-102.55111,0,calibration
normal,13293,normal_0401,27,2022-07-12 00:50:18.527,2.7,-0.047165,-0.213443,-20.097497,0,calibration
normal,13294,normal_0401,28,2022-07-12 00:50:18.627,2.8,-0.090954,-0.106767,67.337283,0,calibration
normal,13295,normal_0401,29,2022-07-12 00:50:18.727,2.9,-0.086697,0.035444,148.01003,0,calibration
normal,13296,normal_0401,30,2022-07-12 00:50:18.827,3.0,0.09097,0.316641,212.88874,0,calibration
normal,13297,normal_0401,31,2022-07-12 00:50:18.927,3.1,0.189483,0.14842,252.42737,0,calibration
normal,13298,normal_0401,32,2022-07-12 00:50:19.027,3.2,0.058046,-0.276056,242.60989,0,calibration
normal,13299,normal_0401,33,2022-07-12 00:50:19.127,3.3,-0.063775,-0.22827,199.61348,0,calibration
normal,13300,normal_0401,34,2022-07-12 00:50:19.227,3.4,-0.063831,-0.011514,130.62443,0,calibration
normal,13301,normal_0401,35,2022-07-12 00:50:19.327,3.5,-0.010017,0.188474,48.963791,0,calibration
normal,13302,normal_0401,36,2022-07-12 00:50:19.427,3.6,0.011077,0.294502,-37.217621,0,calibration
normal,13303,normal_0401,37,2022-07-12 00:50:19.527,3.7,0.062542,-0.031416,-122.99336,0,calibration
normal,13304,normal_0401,38,2022-07-12 00:50:19.627,3.8,0.072658,-0.294403,-191.87548,0,calibration
normal,13305,normal_0401,39,2022-07-12 00:50:19.727,3.9,-0.069747,-0.179076,-242.9153,0,calibration
normal,13306,normal_0401,40,2022-07-12 00:50:19.827,4.0,0.019706,0.046729,-249.27095,0,calibration
normal,13307,normal_0401,41,2022-07-12 00:50:19.927,4.1,0.158704,0.318605,-215.21225,0,calibration
normal,13308,normal_0401,42,2022-07-12 00:50:20.027,4.2,-0.003432,0.200372,-155.30719,0,calibration
normal,13309,normal_0401,43,2022-07-12 00:50:20.127,4.3,-0.036606,-0.174024,-75.649867,0,calibration
normal,13310,normal_0401,44,2022-07-12 00:50:20.227,4.4,-0.06533,-0.231358,8.106709,0,calibration
normal,13311,normal_0401,45,2022-07-12 00:50:20.327,4.5,-0.174617,-0.129576,95.91223,0,calibration
normal,13312,normal_0401,46,2022-07-12 00:50:20.427,4.6,0.088643,0.161363,170.85125,0,calibration
normal,13313,normal_0401,47,2022-07-12 00:50:20.527,4.7,0.236508,0.321376,230.37687,0,calibration
normal,13314,normal_0401,48,2022-07-12 00:50:20.627,4.8,0.061089,-0.05511,254.56372,0,calibration
normal,13315,normal_0401,49,2022-07-12 00:50:20.727,4.9,0.010884,-0.249433,231.648,0,calibration
normal,13316,normal_0402,0,2022-07-12 00:50:22.836,0.0,0.002161,-0.012083,-96.682083,0,calibration
normal,13317,normal_0402,1,2022-07-12 00:50:22.936,0.1,0.082985,-0.138399,-136.39583,0,calibration
normal,13318,normal_0402,2,2022-07-12 00:50:23.036,0.2,-0.053527,-0.140375,-186.21518,0,calibration
normal,13319,normal_0402,3,2022-07-12 00:50:23.136,0.3,-0.044569,-0.012242,-201.93639,0,calibration
normal,13320,normal_0402,4,2022-07-12 00:50:23.236,0.4,0.08244,0.246261,-163.05401,0,calibration
normal,13321,normal_0402,5,2022-07-12 00:50:23.336,0.5,-0.040346,0.133466,-126.29105,0,calibration
normal,13322,normal_0402,6,2022-07-12 00:50:23.436,0.6,0.049788,-0.113195,-70.778855,0,calibration
normal,13323,normal_0402,7,2022-07-12 00:50:23.536,0.7,0.049061,-0.164943,-9.978653,0,calibration
normal,13324,normal_0402,8,2022-07-12 00:50:23.636,0.8,-0.108034,-0.16743,71.550735,0,calibration
normal,13325,normal_0402,9,2022-07-12 00:50:23.736,0.9,0.095042,0.110567,124.13551,0,calibration
normal,13326,normal_0402,10,2022-07-12 00:50:23.836,1.0,0.093566,0.260055,167.14432,0,calibration
normal,13327,normal_0402,11,2022-07-12 00:50:23.936,1.1,-0.063586,-0.008665,204.87716,0,calibration
normal,13328,normal_0402,12,2022-07-12 00:50:24.036,1.2,0.064252,-0.089705,176.69334,0,calibration
normal,13329,normal_0402,13,2022-07-12 00:50:24.136,1.3,-0.050768,-0.113411,140.6069,0,calibration
normal,13330,normal_0402,14,2022-07-12 00:50:24.236,1.4,-0.154015,-0.117827,91.732394,0,calibration
normal,13331,normal_0402,15,2022-07-12 00:50:24.336,1.5,0.11759,0.198759,34.880165,0,calibration
normal,13332,normal_0402,16,2022-07-12 00:50:24.436,1.6,0.12145,0.191095,-39.908056,0,calibration
normal,13333,normal_0402,17,2022-07-12 00:50:24.536,1.7,0.021382,-0.132882,-107.22793,0,calibration
normal,13334,normal_0402,18,2022-07-12 00:50:24.636,1.8,0.088911,-0.131883,-147.61915,0,calibration
normal,13335,normal_0402,19,2022-07-12 00:50:24.736,1.9,-0.0856,-0.098708,-196.72635,0,calibration
normal,13336,normal_0402,20,2022-07-12 00:50:24.836,2.0,-0.11354,0.057797,-187.70041,0,calibration
normal,13337,normal_0402,21,2022-07-12 00:50:24.936,2.1,0.041443,0.264051,-151.64949,0,calibration
normal,13338,normal_0402,22,2022-07-12 00:50:25.036,2.2,-0.01907,0.024793,-109.74492,0,calibration
normal,13339,normal_0402,23,2022-07-12 00:50:25.136,2.3,0.040512,-0.121029,-52.761203,0,calibration
normal,13340,normal_0402,24,2022-07-12 00:50:25.236,2.4,0.053012,-0.109267,13.75425,0,calibration
normal,13341,normal_0402,25,2022-07-12 00:50:25.336,2.5,-0.054571,-0.091681,89.807521,0,calibration
normal,13342,normal_0402,26,2022-07-12 00:50:25.436,2.6,0.019327,0.137996,135.08274,0,calibration
normal,13343,normal_0402,27,2022-07-12 00:50:25.536,2.7,-0.033761,0.154606,185.26544,0,calibration
normal,13344,normal_0402,28,2022-07-12 00:50:25.636,2.8,-0.013768,-0.040443,197.9275,0,calibration
normal,13345,normal_0402,29,2022-07-12 00:50:25.736,2.9,0.064456,-0.115432,164.67955,0,calibration
normal,13346,normal_0402,30,2022-07-12 00:50:25.836,3.0,-0.100075,-0.142975,127.1217,0,calibration
normal,13347,normal_0402,31,2022-07-12 00:50:25.936,3.1,-0.012031,0.054777,72.736391,0,calibration
normal,13348,normal_0402,32,2022-07-12 00:50:26.036,3.2,0.052967,0.254151,13.129594,0,calibration
normal,13349,normal_0402,33,2022-07-12 00:50:26.136,3.3,-0.099076,0.03786,-63.835986,0,calibration
normal,13350,normal_0402,34,2022-07-12 00:50:26.236,3.4,0.018294,-0.110379,-119.16424,0,calibration
normal,13351,normal_0402,35,2022-07-12 00:50:26.336,3.5,-0.001938,-0.134426,-167.70591,0,calibration
normal,13352,normal_0402,36,2022-07-12 00:50:26.436,3.6,-0.123781,-0.146778,-199.18647,0,calibration
normal,13353,normal_0402,37,2022-07-12 00:50:26.536,3.7,0.083371,0.131195,-175.42889,0,calibration
normal,13354,normal_0402,38,2022-07-12 00:50:26.636,3.8,0.059211,0.19214,-141.46067,0,calibration
normal,13355,normal_0402,39,2022-07-12 00:50:26.736,3.9,-0.069614,-0.056531,-91.002833,0,calibration
normal,13356,normal_0402,40,2022-07-12 00:50:26.836,4.0,0.048164,-0.084119,-33.042435,0,calibration
normal,13357,normal_0402,41,2022-07-12 00:50:26.936,4.1,-0.083011,-0.123754,39.385681,0,calibration
normal,13358,normal_0402,42,2022-07-12 00:50:27.036,4.2,-0.150234,-0.068225,104.99455,0,calibration
normal,13359,normal_0402,43,2022-07-12 00:50:27.136,4.3,0.061482,0.228686,152.9112,0,calibration
normal,13360,normal_0402,44,2022-07-12 00:50:27.236,4.4,0.042442,0.118003,196.3289,0,calibration
normal,13361,normal_0402,45,2022-07-12 00:50:27.336,4.5,0.033746,-0.125275,187.19449,0,calibration
normal,13362,normal_0403,0,2022-07-12 00:50:30.952,0.0,0.047357,-0.014183,-110.79968,0,calibration
normal,13363,normal_0403,1,2022-07-12 00:50:31.052,0.1,-0.006515,-0.057916,-102.65876,0,calibration
normal,13364,normal_0403,2,2022-07-12 00:50:31.152,0.2,-0.082752,0.028199,-83.150039,0,calibration
normal,13365,normal_0403,3,2022-07-12 00:50:31.252,0.3,0.049241,0.033978,-52.379018,0,calibration
normal,13366,normal_0403,4,2022-07-12 00:50:31.352,0.4,0.025127,-0.035277,-6.597996,0,calibration
normal,13367,normal_0403,5,2022-07-12 00:50:31.452,0.5,-0.002768,-0.023458,34.287934,0,calibration
normal,13368,normal_0403,6,2022-07-12 00:50:31.552,0.6,0.084663,0.025667,89.011799,0,calibration
normal,13369,normal_0403,7,2022-07-12 00:50:31.652,0.7,-0.019299,0.024135,112.35334,0,calibration
normal,13370,normal_0403,8,2022-07-12 00:50:31.752,0.8,-0.067766,0.023113,111.45319,0,calibration
normal,13371,normal_0403,9,2022-07-12 00:50:31.852,0.9,-0.029698,0.068798,108.45806,0,calibration
normal,13372,normal_0403,10,2022-07-12 00:50:31.952,1.0,-0.076757,0.053585,89.763533,0,calibration
normal,13373,normal_0403,11,2022-07-12 00:50:32.052,1.1,-0.0147,-0.048685,65.054901,0,calibration
normal,13374,normal_0403,12,2022-07-12 00:50:32.152,1.2,0.001535,-0.060254,20.549061,0,calibration
normal,13375,normal_0403,13,2022-07-12 00:50:32.252,1.3,-0.059103,0.036896,-19.633176,0,calibration
normal,13376,normal_0403,14,2022-07-12 00:50:32.352,1.4,0.008517,-0.028,-71.042189,0,calibration
normal,13377,normal_0403,15,2022-07-12 00:50:32.452,1.5,-0.05589,-0.119927,-109.29788,0,calibration
normal,13378,normal_0403,16,2022-07-12 00:50:32.552,1.6,-0.092198,-0.000956,-110.19017,0,calibration
normal,13379,normal_0403,17,2022-07-12 00:50:32.652,1.7,0.002943,0.024521,-110.84582,0,calibration
normal,13380,normal_0403,18,2022-07-12 00:50:32.752,1.8,-0.080027,-0.059085,-95.694553,0,calibration
normal,13381,normal_0403,19,2022-07-12 00:50:32.852,1.9,-0.063111,0.005629,-74.304351,0,calibration
normal,13382,normal_0403,20,2022-07-12 00:50:32.952,2.0,0.010379,0.043651,-34.995083,0,calibration
normal,13383,normal_0403,21,2022-07-12 00:50:33.052,2.1,-0.046694,-0.019587,8.8408,0,calibration
normal,13384,normal_0403,22,2022-07-12 00:50:33.152,2.2,-0.005743,-0.049389,54.682977,0,calibration
normal,13385,normal_0403,23,2022-07-12 00:50:33.252,2.3,-0.017141,-0.057212,104.59973,0,calibration
normal,13386,normal_0403,24,2022-07-12 00:50:33.352,2.4,-0.071978,-0.063967,112.92304,0,calibration
normal,13387,normal_0403,25,2022-07-12 00:50:33.452,2.5,-0.007866,-0.059391,112.70894,0,calibration
normal,13388,normal_0403,26,2022-07-12 00:50:33.552,2.6,0.017543,-0.004339,102.71825,0,calibration
normal,13389,normal_0403,27,2022-07-12 00:50:33.652,2.7,0.020449,-0.014319,82.144747,0,calibration
normal,13390,normal_0403,28,2022-07-12 00:50:33.752,2.8,0.007881,-0.11366,49.940592,0,calibration
normal,13391,normal_0403,29,2022-07-12 00:50:33.852,2.9,-0.118163,-0.040886,3.398657,0,calibration
normal,13392,normal_0403,30,2022-07-12 00:50:33.952,3.0,-0.121728,0.041312,-37.026171,0,calibration
normal,13393,normal_0403,31,2022-07-12 00:50:34.052,3.1,-0.013088,-0.058211,-91.301214,0,calibration
normal,13394,normal_0403,32,2022-07-12 00:50:34.152,3.2,-0.037191,-0.007155,-112.8694,0,calibration
normal,13395,normal_0403,33,2022-07-12 00:50:34.252,3.3,0.042316,0.067356,-111.01581,0,calibration
normal,13396,normal_0404,0,2022-07-12 00:50:38.906,0.0,0.21595,0.339068,19.711258,0,calibration
normal,13397,normal_0404,1,2022-07-12 00:50:39.006,0.1,0.184899,0.117872,105.05904,0,calibration
normal,13398,normal_0404,2,2022-07-12 00:50:39.106,0.2,0.026997,-0.253368,174.18804,0,calibration
normal,13399,normal_0404,3,2022-07-12 00:50:39.206,0.3,0.002792,-0.174997,226.85173,0,calibration
normal,13400,normal_0404,4,2022-07-12 00:50:39.306,0.4,-0.134877,-0.056003,241.17628,0,calibration
normal,13401,normal_0404,5,2022-07-12 00:50:39.406,0.5,-0.118835,0.151955,212.22677,0,calibration
normal,13402,normal_0404,6,2022-07-12 00:50:39.506,0.6,0.049693,0.333459,159.39095,0,calibration
normal,13403,normal_0404,7,2022-07-12 00:50:39.606,0.7,0.072342,0.008574,87.279211,0,calibration
normal,13404,normal_0404,8,2022-07-12 00:50:39.706,0.8,0.009264,-0.287542,9.726764,0,calibration
normal,13405,normal_0404,9,2022-07-12 00:50:39.806,0.9,0.000488,-0.15757,-76.192865,0,calibration
normal,13406,normal_0404,10,2022-07-12 00:50:39.906,1.0,0.023762,0.050366,-151.97112,0,calibration
normal,13407,normal_0404,11,2022-07-12 00:50:40.006,1.1,-0.007698,0.228294,-210.91309,0,calibration
normal,13408,normal_0404,12,2022-07-12 00:50:40.106,1.2,-0.001363,0.217577,-241.13527,0,calibration
normal,13409,normal_0404,13,2022-07-12 00:50:40.206,1.3,0.006766,-0.113712,-223.61687,0,calibration
normal,13410,normal_0404,14,2022-07-12 00:50:40.306,1.4,-0.102237,-0.278618,-178.85663,0,calibration
normal,13411,normal_0404,15,2022-07-12 00:50:40.406,1.5,-0.103838,-0.077926,-111.48156,0,calibration
normal,13412,normal_0404,16,2022-07-12 00:50:40.506,1.6,0.054983,0.180508,-34.692768,0,calibration
normal,13413,normal_0404,17,2022-07-12 00:50:40.606,1.7,0.082924,0.264817,49.526459,0,calibration
normal,13414,normal_0404,18,2022-07-12 00:50:40.706,1.8,-0.003804,0.034006,131.31692,0,calibration
normal,13415,normal_0404,19,2022-07-12 00:50:40.806,1.9,-0.018189,-0.222465,195.43471,0,calibration
normal,13416,normal_0404,20,2022-07-12 00:50:40.906,2.0,-0.095504,-0.224906,238.97007,0,calibration
normal,13417,normal_0405,0,2022-07-12 00:50:46.896,0.0,-0.019838,0.012171,-117.59354,0,calibration
normal,13418,normal_0405,1,2022-07-12 00:50:46.996,0.1,0.077709,-0.043597,-105.50882,0,calibration
normal,13419,normal_0405,2,2022-07-12 00:50:47.096,0.2,0.144909,-0.025602,-81.648359,0,calibration
normal,13420,normal_0405,3,2022-07-12 00:50:47.196,0.3,-0.072484,-0.086932,-47.229534,0,calibration
normal,13421,normal_0405,4,2022-07-12 00:50:47.296,0.4,-0.041205,0.005824,1.841545,0,calibration
normal,13422,normal_0405,5,2022-07-12 00:50:47.396,0.5,0.00179,0.107867,40.083175,0,calibration
normal,13423,normal_0405,6,2022-07-12 00:50:47.496,0.6,-0.061391,0.029462,96.612942,0,calibration
normal,13424,normal_0405,7,2022-07-12 00:50:47.596,0.7,0.092922,-0.015157,122.42044,0,calibration
normal,13425,normal_0405,8,2022-07-12 00:50:47.696,0.8,0.012995,-0.062182,118.03557,0,calibration
normal,13426,normal_0405,9,2022-07-12 00:50:47.796,0.9,-0.06264,-0.009866,112.62907,0,calibration
normal,13427,normal_0405,10,2022-07-12 00:50:47.896,1.0,0.102856,0.088851,90.878617,0,calibration
normal,13428,normal_0405,11,2022-07-12 00:50:47.996,1.1,-0.010847,-0.002543,63.68006,0,calibration
normal,13429,normal_0406,0,2022-07-12 00:50:56.424,0.0,0.166261,0.319471,-201.12982,0,calibration
normal,13430,normal_0406,1,2022-07-12 00:50:56.524,0.1,0.007758,-0.131514,-244.4326,0,calibration
normal,13431,normal_0406,2,2022-07-12 00:50:56.624,0.2,0.065546,-0.257082,-240.39414,0,calibration
normal,13432,normal_0406,3,2022-07-12 00:50:56.724,0.3,-0.009533,-0.079051,-200.63915,0,calibration
normal,13433,normal_0406,4,2022-07-12 00:50:56.824,0.4,-0.09693,0.029918,-138.97409,0,calibration
normal,13434,normal_0406,5,2022-07-12 00:50:56.924,0.5,0.057065,0.288193,-58.594115,0,calibration
normal,13435,normal_0406,6,2022-07-12 00:50:57.024,0.6,0.084359,0.222015,27.056816,0,calibration
normal,13436,normal_0406,7,2022-07-12 00:50:57.124,0.7,0.005374,-0.216789,116.25005,0,calibration
normal,13437,normal_0406,8,2022-07-12 00:50:57.224,0.8,-0.014869,-0.263939,185.84826,0,calibration
normal,13438,normal_0406,9,2022-07-12 00:50:57.324,0.9,-0.029662,-0.03634,237.35896,0,calibration
normal,13439,normal_0406,10,2022-07-12 00:50:57.424,1.0,0.024118,0.174467,250.27791,0,calibration
normal,13440,normal_0406,11,2022-07-12 00:50:57.524,1.1,0.106702,0.315634,218.33375,0,calibration
normal,13441,normal_0406,12,2022-07-12 00:50:57.624,1.2,0.015671,0.022776,163.43691,0,calibration
normal,13442,normal_0406,13,2022-07-12 00:50:57.724,1.3,-0.037644,-0.311657,86.578856,0,calibration
normal,13443,normal_0406,14,2022-07-12 00:50:57.824,1.4,-0.083761,-0.213587,3.810287,0,calibration
normal,13444,normal_0406,15,2022-07-12 00:50:57.924,1.5,-0.073202,0.036344,-86.519728,0,calibration
normal,13445,normal_0406,16,2022-07-12 00:50:58.024,1.6,0.160789,0.303066,-164.23764,0,calibration
normal,13446,normal_0406,17,2022-07-12 00:50:58.124,1.7,0.099765,0.216531,-221.99884,0,calibration
normal,13447,normal_0406,18,2022-07-12 00:50:58.224,1.8,-0.01563,-0.159421,-251.94374,0,calibration
normal,13448,normal_0406,19,2022-07-12 00:50:58.324,1.9,-0.017037,-0.229856,-231.43092,0,calibration
normal,13449,normal_0406,20,2022-07-12 00:50:58.424,2.0,-0.211076,-0.159421,-184.39355,0,calibration
normal,13450,normal_0406,21,2022-07-12 00:50:58.524,2.1,-0.093967,0.100228,-113.6439,0,calibration
normal,13451,normal_0406,22,2022-07-12 00:50:58.624,2.2,0.165341,0.364533,-30.3973,0,calibration
normal,13452,normal_0406,23,2022-07-12 00:50:58.724,2.3,0.08479,0.005713,58.730013,0,calibration
normal,13453,normal_0406,24,2022-07-12 00:50:58.824,2.4,0.03756,-0.292186,143.97194,0,calibration
normal,13454,normal_0406,25,2022-07-12 00:50:58.924,2.5,0.010733,-0.144809,207.30987,0,calibration
normal,13455,normal_0406,26,2022-07-12 00:50:59.024,2.6,-0.147498,-0.045934,249.79463,0,calibration
normal,13456,normal_0406,27,2022-07-12 00:50:59.124,2.7,-0.063665,0.214102,244.38527,0,calibration
normal,13457,normal_0406,28,2022-07-12 00:50:59.224,2.8,0.064581,0.332516,203.2676,0,calibration
normal,13458,normal_0406,29,2022-07-12 00:50:59.324,2.9,-0.003266,-0.116653,139.55046,0,calibration
normal,13459,normal_0406,30,2022-07-12 00:50:59.424,3.0,-0.025484,-0.332342,58.820016,0,calibration
normal,13460,normal_0406,31,2022-07-12 00:50:59.524,3.1,-0.040709,-0.102723,-26.688341,0,calibration
normal,13461,normal_0406,32,2022-07-12 00:50:59.624,3.2,0.016943,0.112127,-116.49085,0,calibration
normal,13462,normal_0406,33,2022-07-12 00:50:59.724,3.3,0.067987,0.284481,-186.51404,0,calibration
normal,13463,normal_0406,34,2022-07-12 00:50:59.824,3.4,0.007611,0.12541,-238.45199,0,calibration
normal,13464,normal_0406,35,2022-07-12 00:50:59.924,3.5,-0.011281,-0.225031,-250.8333,0,calibration
normal,13465,normal_0406,36,2022-07-12 00:51:00.024,3.6,-0.088767,-0.249713,-218.20047,0,calibration
normal,13466,normal_0406,37,2022-07-12 00:51:00.124,3.7,-0.117991,-0.065688,-163.3636,0,calibration
normal,13467,normal_0406,38,2022-07-12 00:51:00.224,3.8,0.049164,0.231506,-85.942159,0,calibration
normal,13468,normal_0406,39,2022-07-12 00:51:00.324,3.9,0.09377,0.31216,-1.90866,0,calibration
normal,13469,normal_0406,40,2022-07-12 00:51:00.424,4.0,0.010801,-0.044196,89.294921,0,calibration
normal,13470,normal_0406,41,2022-07-12 00:51:00.524,4.1,0.014547,-0.26982,167.96472,0,calibration
normal,13471,normal_0406,42,2022-07-12 00:51:00.624,4.2,-0.137564,-0.214575,225.9784,0,calibration
normal,13472,normal_0406,43,2022-07-12 00:51:00.724,4.3,-0.113109,0.024604,254.81704,0,calibration
normal,13473,normal_0406,44,2022-07-12 00:51:00.824,4.4,0.161368,0.358447,233.80223,0,calibration
normal,13474,normal_0406,45,2022-07-12 00:51:00.924,4.5,0.068407,0.189045,185.01808,0,calibration
normal,13475,normal_0406,46,2022-07-12 00:51:01.024,4.6,-0.00649,-0.217277,112.95034,0,calibration
normal,13476,normal_0406,47,2022-07-12 00:51:01.124,4.7,0.016307,-0.20774,31.1451,0,calibration
normal,13477,normal_0406,48,2022-07-12 00:51:01.224,4.8,-0.156421,-0.113202,-57.500369,0,calibration
normal,13478,normal_0406,49,2022-07-12 00:51:01.324,4.9,-0.067764,0.117258,-142.72072,0,calibration
normal,13479,normal_0407,0,2022-07-12 00:51:03.048,0.0,0.106324,-0.118487,155.12385,0,calibration
normal,13480,normal_0407,1,2022-07-12 00:51:03.148,0.1,-0.024976,-0.118714,196.82624,0,calibration
normal,13481,normal_0407,2,2022-07-12 00:51:03.248,0.2,0.021572,0.105831,185.08174,0,calibration
normal,13482,normal_0407,3,2022-07-12 00:51:03.348,0.3,0.000614,0.217172,152.38764,0,calibration
normal,13483,normal_0407,4,2022-07-12 00:51:03.448,0.4,-0.032515,-0.022053,103.58371,0,calibration
normal,13484,normal_0407,5,2022-07-12 00:51:03.548,0.5,0.019881,-0.104886,45.141225,0,calibration
normal,13485,normal_0407,6,2022-07-12 00:51:03.648,0.6,-0.047013,-0.110994,-22.174719,0,calibration
normal,13486,normal_0407,7,2022-07-12 00:51:03.748,0.7,0.00427,-0.009076,-90.348016,0,calibration
normal,13487,normal_0407,8,2022-07-12 00:51:03.848,0.8,0.075523,0.197542,-138.22915,0,calibration
normal,13488,normal_0407,9,2022-07-12 00:51:03.948,0.9,-0.003121,0.089221,-186.68523,0,calibration
normal,13489,normal_0407,10,2022-07-12 00:51:04.048,1.0,0.085571,-0.073108,-191.41176,0,calibration
normal,13490,normal_0407,11,2022-07-12 00:51:04.148,1.1,0.040294,-0.143862,-162.40491,0,calibration
normal,13491,normal_0407,12,2022-07-12 00:51:04.248,1.2,-0.151644,-0.180783,-120.70109,0,calibration
normal,13492,normal_0407,13,2022-07-12 00:51:04.348,1.3,0.048207,0.112268,-63.30622,0,calibration
normal,13493,normal_0407,14,2022-07-12 00:51:04.448,1.4,0.08909,0.265094,-1.899481,0,calibration
normal,13494,normal_0407,15,2022-07-12 00:51:04.548,1.5,-0.053405,0.012552,69.410452,0,calibration
normal,13495,normal_0407,16,2022-07-12 00:51:04.648,1.6,0.078464,-0.086335,121.86517,0,calibration
normal,13496,normal_0407,17,2022-07-12 00:51:04.748,1.7,-0.057458,-0.137016,172.69268,0,calibration
normal,13497,normal_0407,18,2022-07-12 00:51:04.848,1.8,-0.142539,-0.102116,196.62001,0,calibration
normal,13498,normal_0407,19,2022-07-12 00:51:04.948,1.9,0.128861,0.203015,174.31416,0,calibration
normal,13499,normal_0407,20,2022-07-12 00:51:05.048,2.0,0.055689,0.128719,138.4355,0,calibration
normal,13500,normal_0407,21,2022-07-12 00:51:05.148,2.1,-0.004824,-0.127365,83.943139,0,calibration
normal,13501,normal_0407,22,2022-07-12 00:51:05.248,2.2,0.111865,-0.057282,25.319937,0,calibration
normal,13502,normal_0407,23,2022-07-12 00:51:05.348,2.3,-0.094458,-0.087958,-45.119768,0,calibration
normal,13503,normal_0407,24,2022-07-12 00:51:05.448,2.4,-0.120571,0.016026,-104.32054,0,calibration
normal,13504,normal_0407,25,2022-07-12 00:51:05.548,2.5,0.003123,0.240367,-152.99477,0,calibration
normal,13505,normal_0407,26,2022-07-12 00:51:05.648,2.6,-0.02962,0.029423,-191.3872,0,calibration
normal,13506,normal_0407,27,2022-07-12 00:51:05.748,2.7,0.075012,-0.123074,-180.50279,0,calibration
normal,13507,normal_0407,28,2022-07-12 00:51:05.848,2.8,0.031416,-0.110653,-150.04839,0,calibration
normal,13508,normal_0407,29,2022-07-12 00:51:05.948,2.9,-0.056016,-0.103989,-102.03291,0,calibration
normal,13509,normal_0407,30,2022-07-12 00:51:06.048,3.0,0.02583,0.13309,-45.362955,0,calibration
normal,13510,normal_0407,31,2022-07-12 00:51:06.148,3.1,-0.04305,0.165685,19.748332,0,calibration
normal,13511,normal_0407,32,2022-07-12 00:51:06.248,3.2,-0.028643,-0.047427,85.425983,0,calibration
normal,13512,normal_0407,33,2022-07-12 00:51:06.348,3.3,0.026942,-0.124221,132.9502,0,calibration
normal,13513,normal_0407,34,2022-07-12 00:51:06.448,3.4,-0.096172,-0.13353,181.81541,0,calibration
normal,13514,normal_0407,35,2022-07-12 00:51:06.548,3.5,0.034515,0.055093,187.77373,0,calibration
normal,13515,normal_0407,36,2022-07-12 00:51:06.648,3.6,0.098468,0.229025,160.74242,0,calibration
normal,13516,normal_0407,37,2022-07-12 00:51:06.748,3.7,-0.102235,0.039459,121.4229,0,calibration
normal,13517,normal_0407,38,2022-07-12 00:51:06.848,3.8,0.014363,-0.083689,67.004093,0,calibration
normal,13518,normal_0407,39,2022-07-12 00:51:06.948,3.9,-0.029926,-0.131634,7.598639,0,calibration
normal,13519,normal_0407,40,2022-07-12 00:51:07.048,4.0,-0.170559,-0.163753,-62.916048,0,calibration
normal,13520,normal_0407,41,2022-07-12 00:51:07.148,4.1,0.105405,0.149552,-112.01228,0,calibration
normal,13521,normal_0407,42,2022-07-12 00:51:07.248,4.2,0.080575,0.194818,-162.17055,0,calibration
normal,13522,normal_0407,43,2022-07-12 00:51:07.348,4.3,-0.028371,-0.078705,-188.47468,0,calibration
normal,13523,normal_0407,44,2022-07-12 00:51:07.448,4.4,0.109379,-0.053921,-166.73913,0,calibration
normal,13524,normal_0407,45,2022-07-12 00:51:07.548,4.5,-0.082333,-0.108985,-134.48145,0,calibration
normal,13525,normal_0407,46,2022-07-12 00:51:07.648,4.6,-0.154926,-0.067466,-84.015022,0,calibration
normal,13526,normal_0407,47,2022-07-12 00:51:07.748,4.7,0.058709,0.238266,-29.917005,0,calibration
normal,13527,normal_0407,48,2022-07-12 00:51:07.848,4.8,-0.000907,0.10901,38.682108,0,calibration
normal,13528,normal_0407,49,2022-07-12 00:51:07.948,4.9,0.025319,-0.120145,94.61261,0,calibration
normal,13529,normal_0408,0,2022-07-12 00:51:10.863,0.0,-0.029356,0.090828,-109.67792,0,calibration
normal,13530,normal_0408,1,2022-07-12 00:51:10.963,0.1,0.001059,0.012661,-96.424114,0,calibration
normal,13531,normal_0408,2,2022-07-12 00:51:11.063,0.2,0.052376,-0.07863,-76.735267,0,calibration
normal,13532,normal_0408,3,2022-07-12 00:51:11.163,0.3,0.038173,0.001035,-39.863353,0,calibration
normal,13533,normal_0408,4,2022-07-12 00:51:11.263,0.4,-0.067401,-0.02334,0.687599,0,calibration
normal,13534,normal_0408,5,2022-07-12 00:51:11.363,0.5,-0.055423,0.014194,46.530729,0,calibration
normal,13535,normal_0408,6,2022-07-12 00:51:11.463,0.6,-0.040085,0.053544,95.723521,0,calibration
normal,13536,normal_0408,7,2022-07-12 00:51:11.563,0.7,-0.009125,-0.044979,106.72356,0,calibration
normal,13537,normal_0408,8,2022-07-12 00:51:11.663,0.8,0.086867,0.002716,110.63744,0,calibration
normal,13538,normal_0408,9,2022-07-12 00:51:11.763,0.9,0.030442,-0.013224,103.2293,0,calibration
normal,13539,normal_0408,10,2022-07-12 00:51:11.863,1.0,-0.013405,-0.068231,85.411201,0,calibration
normal,13540,normal_0408,11,2022-07-12 00:51:11.963,1.1,-0.008035,0.117259,56.05138,0,calibration
normal,13541,normal_0408,12,2022-07-12 00:51:12.063,1.2,-0.038291,0.08002,13.680937,0,calibration
normal,13542,normal_0408,13,2022-07-12 00:51:12.163,1.3,0.011289,-0.101394,-26.860598,0,calibration
normal,13543,normal_0408,14,2022-07-12 00:51:12.263,1.4,0.013287,-0.029471,-81.048379,0,calibration
normal,13544,normal_0408,15,2022-07-12 00:51:12.363,1.5,-0.002948,-0.040041,-104.13088,0,calibration
normal,13545,normal_0408,16,2022-07-12 00:51:12.463,1.6,0.031895,-0.051053,-107.6696,0,calibration
normal,13546,normal_0408,17,2022-07-12 00:51:12.563,1.7,0.007394,0.082529,-107.14532,0,calibration
normal,13547,normal_0408,18,2022-07-12 00:51:12.663,1.8,0.026366,0.055474,-90.270053,0,calibration
normal,13548,normal_0408,19,2022-07-12 00:51:12.763,1.9,0.027047,0.002511,-67.191609,0,calibration
normal,13549,normal_0408,20,2022-07-12 00:51:12.863,2.0,-0.066663,-0.022738,-25.537613,0,calibration
normal,13550,normal_0408,21,2022-07-12 00:51:12.963,2.1,-0.06513,-0.067459,13.421299,0,calibration
normal,13551,normal_0408,22,2022-07-12 00:51:13.063,2.2,-0.00028,0.083653,65.097578,0,calibration
normal,13552,normal_0408,23,2022-07-12 00:51:13.163,2.3,0.064013,0.094825,102.58509,0,calibration
normal,13553,normal_0408,24,2022-07-12 00:51:13.263,2.4,0.109176,-0.101666,107.12577,0,calibration
normal,13554,normal_0408,25,2022-07-12 00:51:13.363,2.5,0.049231,-0.040472,110.31391,0,calibration
normal,13555,normal_0408,26,2022-07-12 00:51:13.463,2.6,-0.04122,0.013853,96.969616,0,calibration
normal,13556,normal_0408,27,2022-07-12 00:51:13.563,2.7,-0.062723,-0.030845,77.979336,0,calibration
normal,13557,normal_0408,28,2022-07-12 00:51:13.663,2.8,-0.053289,0.051126,41.598563,0,calibration
normal,13558,normal_0408,29,2022-07-12 00:51:13.763,2.9,-0.018922,0.055315,1.407743,0,calibration
normal,13559,normal_0408,30,2022-07-12 00:51:13.863,3.0,0.073232,0.006406,-44.307476,0,calibration
normal,13560,normal_0408,31,2022-07-12 00:51:13.963,3.1,0.078125,-0.045138,-93.661916,0,calibration
normal,13561,normal_0408,32,2022-07-12 00:51:14.063,3.2,0.00744,-0.071909,-104.85138,0,calibration
normal,13562,normal_0408,33,2022-07-12 00:51:14.163,3.3,-0.003755,0.065794,-109.25712,0,calibration
normal,13563,normal_0408,34,2022-07-12 00:51:14.263,3.4,-0.006729,0.090681,-101.99274,0,calibration
normal,13564,normal_0408,35,2022-07-12 00:51:14.363,3.5,0.003932,-0.034239,-84.03195,0,calibration
normal,13565,normal_0408,36,2022-07-12 00:51:14.463,3.6,0.052592,-0.016755,-54.448373,0,calibration
normal,13566,normal_0408,37,2022-07-12 00:51:14.563,3.7,0.031838,-0.017743,-11.875988,0,calibration
normal,13567,normal_0409,0,2022-07-12 00:51:18.948,0.0,0.046394,-0.132147,205.60327,0,calibration
normal,13568,normal_0409,1,2022-07-12 00:51:19.048,0.1,0.002741,0.031386,165.09761,0,calibration
normal,13569,normal_0409,2,2022-07-12 00:51:19.148,0.2,0.074391,0.225958,103.88817,0,calibration
normal,13570,normal_0409,3,2022-07-12 00:51:19.248,0.3,0.033281,0.234587,34.76942,0,calibration
normal,13571,normal_0409,4,2022-07-12 00:51:19.348,0.4,-0.046453,-0.084383,-39.085274,0,calibration
normal,13572,normal_0409,5,2022-07-12 00:51:19.448,0.5,-0.036394,-0.184315,-112.21088,0,calibration
normal,13573,normal_0409,6,2022-07-12 00:51:19.548,0.6,-0.090753,-0.043046,-169.24991,0,calibration
normal,13574,normal_0409,7,2022-07-12 00:51:19.648,0.7,0.019861,0.127525,-213.70974,0,calibration
normal,13575,normal_0409,8,2022-07-12 00:51:19.748,0.8,0.148562,0.270951,-214.06737,0,calibration
normal,13576,normal_0409,9,2022-07-12 00:51:19.848,0.9,0.001605,0.054569,-180.18737,0,calibration
normal,13577,normal_0409,10,2022-07-12 00:51:19.948,1.0,-0.002255,-0.232714,-126.43768,0,calibration
normal,13578,normal_0409,11,2022-07-12 00:51:20.048,1.1,-0.013074,-0.157907,-56.755788,0,calibration
normal,13579,normal_0409,12,2022-07-12 00:51:20.148,1.2,-0.125722,-0.037245,15.586974,0,calibration
normal,13580,normal_0409,13,2022-07-12 00:51:20.248,1.3,0.100311,0.180715,91.942441,0,calibration
normal,13581,normal_0409,14,2022-07-12 00:51:20.348,1.4,0.119918,0.262164,153.93021,0,calibration
normal,13582,normal_0409,15,2022-07-12 00:51:20.448,1.5,-0.053628,-0.123393,204.93426,0,calibration
normal,13583,normal_0409,16,2022-07-12 00:51:20.548,1.6,0.055874,-0.20374,221.59794,0,calibration
normal,13584,normal_0409,17,2022-07-12 00:51:20.648,1.7,-0.019182,-0.047508,195.15326,0,calibration
normal,13585,normal_0409,18,2022-07-12 00:51:20.748,1.8,-0.124314,0.0435,147.75445,0,calibration
normal,13586,normal_0409,19,2022-07-12 00:51:20.848,1.9,0.078251,0.27698,81.069002,0,calibration
normal,13587,normal_0409,20,2022-07-12 00:51:20.948,2.0,0.017012,0.12958,10.944964,0,calibration
normal,13588,normal_0409,21,2022-07-12 00:51:21.048,2.1,-0.095352,-0.224108,-65.509923,0,calibration
normal,13589,normal_0409,22,2022-07-12 00:51:21.148,2.2,0.074107,-0.186869,-132.84649,0,calibration
normal,13590,normal_0409,23,2022-07-12 00:51:21.248,2.3,-0.014846,-0.032544,-187.74059,0,calibration
normal,13591,normal_0409,24,2022-07-12 00:51:21.348,2.4,0.012766,0.079126,-220.50932,0,calibration
normal,13592,normal_0410,0,2022-07-12 00:51:26.816,0.0,0.088969,0.28219,-167.10355,0,calibration
normal,13593,normal_0410,1,2022-07-12 00:51:26.916,0.1,0.049971,0.169463,-104.15376,0,calibration
normal,13594,normal_0410,2,2022-07-12 00:51:27.016,0.2,-0.039198,-0.149291,-31.179551,0,calibration
normal,13595,normal_0410,3,2022-07-12 00:51:27.116,0.3,0.026538,-0.162983,49.92438,0,calibration
normal,13596,normal_0410,4,2022-07-12 00:51:27.216,0.4,-0.041661,-0.118433,128.43277,0,calibration
normal,13597,normal_0410,5,2022-07-12 00:51:27.316,0.5,-0.054491,0.090376,181.84056,0,calibration
normal,13598,normal_0410,6,2022-07-12 00:51:27.416,0.6,0.081726,0.263922,229.30005,0,calibration
normal,13599,normal_0410,7,2022-07-12 00:51:27.516,0.7,0.101821,0.051707,224.76986,0,calibration
normal,13600,normal_0410,8,2022-07-12 00:51:27.616,0.8,-0.004866,-0.180059,183.51986,0,calibration
normal,13601,normal_0410,9,2022-07-12 00:51:27.716,0.9,-0.090083,-0.183363,128.34407,0,calibration
normal,13602,normal_0410,10,2022-07-12 00:51:27.816,1.0,-0.042933,-0.019535,57.399041,0,calibration
normal,13603,normal_0410,11,2022-07-12 00:51:27.916,1.1,0.011415,0.217147,-18.516304,0,calibration
normal,13604,normal_0410,12,2022-07-12 00:51:28.016,1.2,0.001787,0.19947,-102.81886,0,calibration
normal,13605,normal_0411,0,2022-07-12 00:51:36.856,0.0,-0.106877,-0.2647,-100.62994,0,calibration
normal,13606,normal_0411,1,2022-07-12 00:51:36.956,0.1,-0.09012,0.020903,-30.4364,0,calibration
normal,13607,normal_0411,2,2022-07-12 00:51:37.056,0.2,-0.001689,0.243801,47.277218,0,calibration
normal,13608,normal_0411,3,2022-07-12 00:51:37.156,0.3,0.092679,0.2,123.61313,0,calibration
normal,13609,normal_0411,4,2022-07-12 00:51:37.256,0.4,0.028181,-0.069481,175.44868,0,calibration
normal,13610,normal_0411,5,2022-07-12 00:51:37.356,0.5,0.061446,-0.28332,222.68977,0,calibration
normal,13611,normal_0411,6,2022-07-12 00:51:37.456,0.6,-0.043367,-0.208036,218.59148,0,calibration
normal,13612,normal_0411,7,2022-07-12 00:51:37.556,0.7,-0.068651,0.114272,178.04363,0,calibration
normal,13613,normal_0411,8,2022-07-12 00:51:37.656,0.8,0.086128,0.286399,124.39467,0,calibration
normal,13614,normal_0411,9,2022-07-12 00:51:37.756,0.9,-0.114859,0.025501,53.4432,0,calibration
normal,13615,normal_0411,10,2022-07-12 00:51:37.856,1.0,-0.083013,-0.171217,-20.94877,0,calibration
normal,13616,normal_0411,11,2022-07-12 00:51:37.956,1.1,0.083381,-0.148636,-104.24639,0,calibration
normal,13617,normal_0411,12,2022-07-12 00:51:38.056,1.2,-0.113621,-0.143254,-160.86223,0,calibration
normal,13618,normal_0411,13,2022-07-12 00:51:38.156,1.3,0.007825,0.13355,-211.16283,0,calibration
normal,13619,normal_0411,14,2022-07-12 00:51:38.256,1.4,0.169086,0.269812,-227.82615,0,calibration
normal,13620,normal_0411,15,2022-07-12 00:51:38.356,1.5,-0.060499,-0.127439,-191.86296,0,calibration
normal,13621,normal_0411,16,2022-07-12 00:51:38.456,1.6,-0.12687,-0.317232,-144.33517,0,calibration
normal,13622,normal_0411,17,2022-07-12 00:51:38.556,1.7,-0.039382,-0.110852,-75.92679,0,calibration
normal,13623,normal_0411,18,2022-07-12 00:51:38.656,1.8,-0.088496,0.071095,-4.362584,0,calibration
normal,13624,normal_0411,19,2022-07-12 00:51:38.756,1.9,-0.056855,0.230052,80.030928,0,calibration
normal,13625,normal_0411,20,2022-07-12 00:51:38.856,2.0,0.10334,0.190781,147.18963,0,calibration
normal,13626,normal_0411,21,2022-07-12 00:51:38.956,2.1,0.00334,-0.144832,197.10221,0,calibration
normal,13627,normal_0411,22,2022-07-12 00:51:39.056,2.2,-0.093696,-0.273828,233.85456,0,calibration
normal,13628,normal_0411,23,2022-07-12 00:51:39.156,2.3,0.02079,-0.037703,209.17406,0,calibration
normal,13629,normal_0411,24,2022-07-12 00:51:39.256,2.4,-0.046955,0.170505,164.05084,0,calibration
normal,13630,normal_0411,25,2022-07-12 00:51:39.356,2.5,-0.050202,0.203701,101.23469,0,calibration
normal,13631,normal_0411,26,2022-07-12 00:51:39.456,2.6,0.045779,0.059152,29.089454,0,calibration
normal,13632,normal_0411,27,2022-07-12 00:51:39.556,2.7,-0.027121,-0.189542,-52.501685,0,calibration
normal,13633,normal_0411,28,2022-07-12 00:51:39.656,2.8,-0.050928,-0.21117,-131.34743,0,calibration
normal,13634,normal_0411,29,2022-07-12 00:51:39.756,2.9,-0.016732,0.026329,-180.84862,0,calibration
normal,13635,normal_0411,30,2022-07-12 00:51:39.856,3.0,0.075479,0.243495,-228.67504,0,calibration
normal,13636,normal_0411,31,2022-07-12 00:51:39.956,3.1,0.122061,0.188193,-222.79384,0,calibration
normal,13637,normal_0411,32,2022-07-12 00:51:40.056,3.2,0.007972,-0.113043,-179.21915,0,calibration
normal,13638,normal_0411,33,2022-07-12 00:51:40.156,3.3,-0.003642,-0.250293,-123.61659,0,calibration
normal,13639,normal_0411,34,2022-07-12 00:51:40.256,3.4,-0.070479,-0.129721,-51.213151,0,calibration
normal,13640,normal_0411,35,2022-07-12 00:51:40.356,3.5,-0.084795,0.099694,24.660471,0,calibration
normal,13641,normal_0411,36,2022-07-12 00:51:40.456,3.6,0.159413,0.311228,111.02535,0,calibration
normal,13642,normal_0411,37,2022-07-12 00:51:40.556,3.7,0.108767,0.1005,166.90459,0,calibration
normal,13643,normal_0411,38,2022-07-12 00:51:40.656,3.8,-0.039212,-0.248942,218.33363,0,calibration
normal,13644,normal_0411,39,2022-07-12 00:51:40.756,3.9,0.076853,-0.188315,235.9325,0,calibration
normal,13645,normal_0411,40,2022-07-12 00:51:40.856,4.0,-0.044048,-0.028144,197.20759,0,calibration
normal,13646,normal_0411,41,2022-07-12 00:51:40.956,4.1,-0.069514,0.146311,147.06351,0,calibration
normal,13647,normal_0411,42,2022-07-12 00:51:41.056,4.2,0.193258,0.330109,76.176891,0,calibration
normal,13648,normal_0411,43,2022-07-12 00:51:41.156,4.3,0.013059,0.015805,2.693177,0,calibration
normal,13649,normal_0411,44,2022-07-12 00:51:41.256,4.4,-0.126643,-0.350259,-85.006605,0,calibration
normal,13650,normal_0411,45,2022-07-12 00:51:41.356,4.5,0.036503,-0.113123,-151.75595,0,calibration
normal,13651,normal_0411,46,2022-07-12 00:51:41.456,4.6,-0.034398,0.101851,-200.74465,0,calibration
normal,13652,normal_0411,47,2022-07-12 00:51:41.556,4.7,0.054611,0.211115,-238.26054,0,calibration
normal,13653,normal_0411,48,2022-07-12 00:51:41.656,4.8,0.197822,0.257947,-211.68306,0,calibration
normal,13654,normal_0411,49,2022-07-12 00:51:41.756,4.9,0.004896,-0.129017,-165.14542,0,calibration
normal,13655,normal_0412,0,2022-07-12 00:51:43.448,0.0,-0.055943,0.233905,64.039834,0,calibration
normal,13656,normal_0412,1,2022-07-12 00:51:43.548,0.1,0.07874,0.266092,-11.386753,0,calibration
normal,13657,normal_0412,2,2022-07-12 00:51:43.648,0.2,0.038255,-0.159145,-97.676408,0,calibration
normal,13658,normal_0412,3,2022-07-12 00:51:43.748,0.3,0.067455,-0.197587,-158.33606,0,calibration
normal,13659,normal_0412,4,2022-07-12 00:51:43.848,0.4,0.013947,-0.075676,-210.16779,0,calibration
normal,13660,normal_0412,5,2022-07-12 00:51:43.948,0.5,0.009769,0.024437,-236.76291,0,calibration
normal,13661,normal_0412,6,2022-07-12 00:51:44.048,0.6,0.044828,0.250254,-201.91958,0,calibration
normal,13662,normal_0412,7,2022-07-12 00:51:44.148,0.7,0.00063,0.12421,-155.00798,0,calibration
normal,13663,normal_0412,8,2022-07-12 00:51:44.248,0.8,-0.027322,-0.171372,-88.161002,0,calibration
normal,13664,normal_0412,9,2022-07-12 00:51:44.348,0.9,-0.115264,-0.164708,-14.061572,0,calibration
normal,13665,normal_0412,10,2022-07-12 00:51:44.448,1.0,-0.089084,-0.015083,70.75096,0,calibration
normal,13666,normal_0412,11,2022-07-12 00:51:44.548,1.1,0.102037,0.198642,143.31831,0,calibration
normal,13667,normal_0412,12,2022-07-12 00:51:44.648,1.2,0.044113,0.206101,193.73264,0,calibration
normal,13668,normal_0412,13,2022-07-12 00:51:44.748,1.3,0.020453,-0.091911,237.25334,0,calibration
normal,13669,normal_0412,14,2022-07-12 00:51:44.848,1.4,0.076935,-0.170918,218.20619,0,calibration
normal,13670,normal_0412,15,2022-07-12 00:51:44.948,1.5,-0.176924,-0.1414,171.90971,0,calibration
normal,13671,normal_0412,16,2022-07-12 00:51:45.048,1.6,-0.111733,-0.018319,112.54956,0,calibration
normal,13672,normal_0412,17,2022-07-12 00:51:45.148,1.7,0.139072,0.27623,39.561038,0,calibration
normal,13673,normal_0412,18,2022-07-12 00:51:45.248,1.8,-0.013017,0.108611,-40.338163,0,calibration
normal,13674,normal_0412,19,2022-07-12 00:51:45.348,1.9,0.033486,-0.154853,-122.37848,0,calibration
normal,13675,normal_0412,20,2022-07-12 00:51:45.448,2.0,0.045033,-0.130818,-173.90814,0,calibration
normal,13676,normal_0412,21,2022-07-12 00:51:45.548,2.1,-0.206647,-0.153423,-225.02163,0,calibration
normal,13677,normal_0412,22,2022-07-12 00:51:45.648,2.2,0.005943,0.127866,-228.53449,0,calibration
normal,13678,normal_0412,23,2022-07-12 00:51:45.748,2.3,0.157532,0.323403,-185.40647,0,calibration
normal,13679,normal_0412,24,2022-07-12 00:51:45.848,2.4,-0.048223,-0.06464,-134.59374,0,calibration
normal,13680,normal_0412,25,2022-07-12 00:51:45.948,2.5,0.002412,-0.213834,-63.517459,0,calibration
normal,13681,normal_0412,26,2022-07-12 00:51:46.048,2.6,-0.014674,-0.096327,11.816384,0,calibration
normal,13682,normal_0412,27,2022-07-12 00:51:46.148,2.7,-0.112574,-0.05398,98.829281,0,calibration
normal,13683,normal_0412,28,2022-07-12 00:51:46.248,2.8,0.027128,0.19242,159.62173,0,calibration
normal,13684,normal_0412,29,2022-07-12 00:51:46.348,2.9,0.063186,0.179444,210.70507,0,calibration
normal,13685,normal_0412,30,2022-07-12 00:51:46.448,3.0,0.035008,-0.153627,237.2041,0,calibration
normal,13686,normal_0412,31,2022-07-12 00:51:46.548,3.1,0.011393,-0.172247,202.1102,0,calibration
normal,13687,normal_0412,32,2022-07-12 00:51:46.648,3.2,-0.081783,-0.076243,154.53674,0,calibration
normal,13688,normal_0412,33,2022-07-12 00:51:46.748,3.3,-0.003026,0.06481,87.876688,0,calibration
normal,13689,normal_0412,34,2022-07-12 00:51:46.848,3.4,0.024245,0.260971,14.439823,0,calibration
normal,13690,normal_0412,35,2022-07-12 00:51:46.948,3.5,-0.009974,0.06397,-70.281752,0,calibration
normal,13691,normal_0412,36,2022-07-12 00:51:47.048,3.6,0.091377,-0.210643,-141.59991,0,calibration
normal,13692,normal_0412,37,2022-07-12 00:51:47.148,3.7,-0.062165,-0.20642,-190.49265,0,calibration
normal,13693,normal_0412,38,2022-07-12 00:51:47.248,3.8,-0.071986,-0.038936,-233.64213,0,calibration
normal,13694,normal_0412,39,2022-07-12 00:51:47.348,3.9,0.175152,0.240308,-214.63838,0,calibration
normal,13695,normal_0412,40,2022-07-12 00:51:47.448,4.0,-0.02387,0.172132,-169.7525,0,calibration
normal,13696,normal_0412,41,2022-07-12 00:51:47.548,4.1,-0.067217,-0.093671,-111.88914,0,calibration
normal,13697,normal_0412,42,2022-07-12 00:51:47.648,4.2,0.08545,-0.105296,-39.437299,0,calibration
normal,13698,normal_0412,43,2022-07-12 00:51:47.748,4.3,-0.165605,-0.172212,39.908295,0,calibration
normal,13699,normal_0412,44,2022-07-12 00:51:47.848,4.4,-0.052674,0.007215,122.21481,0,calibration
normal,13700,normal_0412,45,2022-07-12 00:51:47.948,4.5,0.19837,0.297824,173.90647,0,calibration
normal,13701,normal_0412,46,2022-07-12 00:51:48.048,4.6,-0.006386,0.004967,224.56351,0,calibration
normal,13702,normal_0412,47,2022-07-12 00:51:48.148,4.7,0.039787,-0.176913,228.54021,0,calibration
normal,13703,normal_0412,48,2022-07-12 00:51:48.248,4.8,0.060825,-0.0544,185.67076,0,calibration
normal,13704,normal_0412,49,2022-07-12 00:51:48.348,4.9,-0.17647,-0.089209,134.43877,0,calibration
normal,13705,normal_0413,0,2022-07-12 00:51:51.236,0.0,0.057624,0.122407,98.53102,0,calibration
normal,13706,normal_0413,1,2022-07-12 00:51:51.336,0.1,0.066661,-0.033917,78.832874,0,calibration
normal,13707,normal_0413,2,2022-07-12 00:51:51.436,0.2,0.089288,-0.041285,42.925363,0,calibration
normal,13708,normal_0413,3,2022-07-12 00:51:51.536,0.3,0.036246,-0.008735,3.236771,0,calibration
normal,13709,normal_0413,4,2022-07-12 00:51:51.636,0.4,-0.023892,-0.045338,-41.455274,0,calibration
normal,13710,normal_0413,5,2022-07-12 00:51:51.736,0.5,-0.003513,0.044693,-91.917764,0,calibration
normal,13711,normal_0413,6,2022-07-12 00:51:51.836,0.6,0.006035,0.054548,-105.03746,0,calibration
normal,13712,normal_0413,7,2022-07-12 00:51:51.936,0.7,0.047088,-0.016523,-109.29812,0,calibration
normal,13713,normal_0413,8,2022-07-12 00:51:52.036,0.8,0.039686,0.007137,-103.30654,0,calibration
normal,13714,normal_0413,9,2022-07-12 00:51:52.136,0.9,-0.036687,-0.017602,-85.310589,0,calibration
normal,13715,normal_0413,10,2022-07-12 00:51:52.236,1.0,-0.011006,0.019353,-56.108481,0,calibration
normal,13716,normal_0413,11,2022-07-12 00:51:52.336,1.1,-0.041331,0.087416,-14.436008,0,calibration
normal,13717,normal_0413,12,2022-07-12 00:51:52.436,1.2,-0.002264,-0.035597,25.439385,0,calibration
normal,13718,normal_0413,13,2022-07-12 00:51:52.536,1.3,0.072565,-0.007611,80.124388,0,calibration
normal,13719,normal_0413,14,2022-07-12 00:51:52.636,1.4,0.004321,0.031172,105.78705,0,calibration
normal,13720,normal_0413,15,2022-07-12 00:51:52.736,1.5,-0.011767,-0.063026,109.02585,0,calibration
normal,13721,normal_0413,16,2022-07-12 00:51:52.836,1.6,-0.045146,0.064176,108.75083,0,calibration
normal,13722,normal_0413,17,2022-07-12 00:51:52.936,1.7,-0.065468,0.083181,92.176687,0,calibration
normal,13723,normal_0413,18,2022-07-12 00:51:53.036,1.8,-0.011563,-0.047302,68.408855,0,calibration
normal,13724,normal_0413,19,2022-07-12 00:51:53.136,1.9,-0.005693,-0.014366,27.488593,0,calibration
normal,13725,normal_0413,20,2022-07-12 00:51:53.236,2.0,-0.033032,-0.035937,-10.967852,0,calibration
normal,13726,normal_0413,21,2022-07-12 00:51:53.336,2.1,-0.025209,-0.050197,-62.181599,0,calibration
normal,13727,normal_0413,22,2022-07-12 00:51:53.436,2.2,0.001198,0.056206,-101.30907,0,calibration
normal,13728,normal_0413,23,2022-07-12 00:51:53.536,2.3,-0.020974,0.023508,-106.50529,0,calibration
normal,13729,normal_0413,24,2022-07-12 00:51:53.636,2.4,-0.026765,-0.019963,-109.96558,0,calibration
normal,13730,normal_0413,25,2022-07-12 00:51:53.736,2.5,-0.034133,-0.011346,-97.532046,0,calibration
normal,13731,normal_0413,26,2022-07-12 00:51:53.836,2.6,-0.074732,-0.068555,-77.463636,0,calibration
normal,13732,normal_0413,27,2022-07-12 00:51:53.936,2.7,-0.019203,0.051063,-41.29601,0,calibration
normal,13733,normal_0413,28,2022-07-12 00:51:54.036,2.8,0.033305,0.066685,-1.261473,0,calibration
normal,13734,normal_0413,29,2022-07-12 00:51:54.136,2.9,0.018251,-0.131146,44.349556,0,calibration
normal,13735,normal_0413,30,2022-07-12 00:51:54.236,3.0,0.017638,-0.038935,94.925773,0,calibration
normal,13736,normal_0413,31,2022-07-12 00:51:54.336,3.1,-0.048449,0.022861,107.3723,0,calibration
normal,13737,normal_0413,32,2022-07-12 00:51:54.436,3.2,-0.090468,-0.058508,110.91067,0,calibration
normal,13738,normal_0413,33,2022-07-12 00:51:54.536,3.3,-0.069237,0.016299,104.11764,0,calibration
normal,13739,normal_0413,34,2022-07-12 00:51:54.636,3.4,-0.053683,0.019977,85.360418,0,calibration
normal,13740,normal_0413,35,2022-07-12 00:51:54.736,3.5,0.05096,0.004128,55.101282,0,calibration
normal,13741,normal_0413,36,2022-07-12 00:51:54.836,3.6,0.048848,-0.0248,12.647153,0,calibration
normal,13742,normal_0413,37,2022-07-12 00:51:54.936,3.7,-0.051095,-0.091103,-27.58849,0,calibration
normal,13743,normal_0413,38,2022-07-12 00:51:55.036,3.8,-0.024131,0.04861,-81.33019,0,calibration
normal,13744,normal_0413,39,2022-07-12 00:51:55.136,3.9,-0.050731,0.096271,-105.23094,0,calibration
normal,13745,normal_0414,0,2022-07-12 00:51:59.201,0.0,-0.093822,-0.271026,146.79863,0,calibration
normal,13746,normal_0414,1,2022-07-12 00:51:59.301,0.1,-0.08667,0.048194,195.04967,0,calibration
normal,13747,normal_0414,2,2022-07-12 00:51:59.401,0.2,0.021413,0.217369,202.77801,0,calibration
normal,13748,normal_0414,3,2022-07-12 00:51:59.501,0.3,0.081892,0.227405,175.40397,0,calibration
normal,13749,normal_0414,4,2022-07-12 00:51:59.601,0.4,-0.094129,-0.037568,129.17616,0,calibration
normal,13750,normal_0414,5,2022-07-12 00:51:59.701,0.5,-0.015439,-0.146458,67.575105,0,calibration
normal,13751,normal_0414,6,2022-07-12 00:51:59.801,0.6,-0.197092,-0.162307,3.241182,0,calibration
normal,13752,normal_0414,7,2022-07-12 00:51:59.901,0.7,-0.130096,0.07484,-66.879757,0,calibration
normal,13753,normal_0414,8,2022-07-12 00:52:00.001,0.8,0.197026,0.265859,-126.93001,0,calibration
normal,13754,normal_0414,9,2022-07-12 00:52:00.101,0.9,-0.102905,-0.131891,-179.91438,0,calibration
normal,13755,normal_0414,10,2022-07-12 00:52:00.201,1.0,0.039965,-0.224171,-203.61915,0,calibration
normal,13756,normal_0414,11,2022-07-12 00:52:00.301,1.1,0.141826,-0.140043,-184.94382,0,calibration
normal,13757,normal_0414,12,2022-07-12 00:52:00.401,1.2,-0.190541,-0.120901,-146.08862,0,calibration
normal,13758,normal_0414,13,2022-07-12 00:52:00.501,1.3,0.02457,0.266938,-88.010083,0,calibration
normal,13759,normal_0414,14,2022-07-12 00:52:00.601,1.4,-0.061727,0.214769,-25.438193,0,calibration
normal,13760,normal_0414,15,2022-07-12 00:52:00.701,1.5,-0.204721,-0.233333,44.111615,0,calibration
normal,13761,normal_0414,16,2022-07-12 00:52:00.801,1.6,-0.007685,-0.238885,109.34533,0,calibration
normal,13762,normal_0414,17,2022-07-12 00:52:00.901,1.7,0.056257,-0.10394,165.45739,0,calibration
normal,13763,normal_0414,18,2022-07-12 00:52:01.001,1.8,0.136683,0.064566,204.01421,0,calibration
normal,13764,normal_0414,19,2022-07-12 00:52:01.101,1.9,-0.011307,0.19976,196.79525,0,calibration
normal,13765,normal_0414,20,2022-07-12 00:52:01.201,2.0,-0.100441,0.012965,163.20564,0,calibration
normal,13766,normal_0414,21,2022-07-12 00:52:01.301,2.1,-0.141256,-0.256562,109.43605,0,calibration
normal,13767,normal_0414,22,2022-07-12 00:52:01.401,2.2,-0.16293,-0.191905,45.818573,0,calibration
normal,13768,normal_0414,23,2022-07-12 00:52:01.501,2.3,0.081188,0.10722,-22.269728,0,calibration
normal,13769,normal_0414,24,2022-07-12 00:52:01.601,2.4,0.072208,0.199999,-91.370593,0,calibration
normal,13770,normal_0414,25,2022-07-12 00:52:01.701,2.5,-0.045775,0.123898,-148.9947,0,calibration
normal,13771,normal_0414,26,2022-07-12 00:52:01.801,2.6,-0.028655,-0.082505,-196.18609,0,calibration
normal,13772,normal_0414,27,2022-07-12 00:52:01.901,2.7,-0.034206,-0.19816,-202.66619,0,calibration
normal,13773,normal_0415,0,2022-07-12 00:52:07.111,0.0,-0.0006,-0.050091,253.64593,0,calibration
normal,13774,normal_0415,1,2022-07-12 00:52:07.211,0.1,0.058153,0.128757,213.19583,0,calibration
normal,13775,normal_0415,2,2022-07-12 00:52:07.311,0.2,0.058187,0.257401,160.35428,0,calibration
normal,13776,normal_0415,3,2022-07-12 00:52:07.411,0.3,0.005655,0.054416,90.84035,0,calibration
normal,13777,normal_0415,4,2022-07-12 00:52:07.511,0.4,-0.00714,-0.217926,12.985112,0,calibration
normal,13778,normal_0415,5,2022-07-12 00:52:07.611,0.5,-0.106458,-0.204983,-79.868803,0,calibration
normal,13779,normal_0415,6,2022-07-12 00:52:07.711,0.6,-0.05723,-0.005484,-159.61291,0,calibration
normal,13780,normal_0415,7,2022-07-12 00:52:07.811,0.7,0.150228,0.248296,-207.75333,0,calibration
normal,13781,normal_0415,8,2022-07-12 00:52:07.911,0.8,0.057608,0.170617,-250.97612,0,calibration
normal,13782,normal_0415,9,2022-07-12 00:52:08.011,0.9,-0.019299,-0.097127,-228.90177,0,calibration
normal,13783,normal_0415,10,2022-07-12 00:52:08.111,1.0,-0.013259,-0.144947,-176.92008,0,calibration
normal,13784,normal_0415,11,2022-07-12 00:52:08.211,1.1,-0.221989,-0.176123,-115.35539,0,calibration
normal,13785,normal_0415,12,2022-07-12 00:52:08.311,1.2,-0.144446,0.031868,-37.824516,0,calibration
normal,13786,normal_0415,13,2022-07-12 00:52:08.411,1.3,0.182403,0.31226,48.667556,0,calibration
normal,13787,normal_0415,14,2022-07-12 00:52:08.511,1.4,0.072106,0.029166,140.84269,0,calibration
normal,13788,normal_0416,0,2022-07-12 00:52:15.119,0.0,-0.071086,-0.012313,19.6718,0,calibration
normal,13789,normal_0416,1,2022-07-12 00:52:15.219,0.1,0.003936,-0.160803,-52.838689,0,calibration
normal,13790,normal_0416,2,2022-07-12 00:52:15.319,0.2,0.00229,-0.115526,-118.04618,0,calibration
normal,13791,normal_0416,3,2022-07-12 00:52:15.419,0.3,-0.016885,-0.046078,-171.53277,0,calibration
normal,13792,normal_0416,4,2022-07-12 00:52:15.519,0.4,0.123861,0.146791,-205.82678,0,calibration
normal,13793,normal_0416,5,2022-07-12 00:52:15.619,0.5,0.130162,0.134598,-195.53366,0,calibration
normal,13794,normal_0416,6,2022-07-12 00:52:15.719,0.6,0.009204,-0.082102,-162.21931,0,calibration
normal,13795,normal_0416,7,2022-07-12 00:52:15.819,0.7,0.058886,-0.13746,-107.24653,0,calibration
normal,13796,normal_0416,8,2022-07-12 00:52:15.919,0.8,-0.051876,-0.08712,-40.006881,0,calibration
normal,13797,normal_0416,9,2022-07-12 00:52:16.019,0.9,-0.051343,0.044862,31.994347,0,calibration
normal,13798,normal_0416,10,2022-07-12 00:52:16.119,1.0,0.143025,0.253353,103.63759,0,calibration
normal,13799,normal_0416,11,2022-07-12 00:52:16.219,1.1,0.072521,0.052355,160.54382,0,calibration
normal,13800,normal_0416,12,2022-07-12 00:52:16.319,1.2,0.089199,-0.201481,205.30226,0,calibration
normal,13801,normal_0416,13,2022-07-12 00:52:16.419,1.3,0.096466,-0.027845,208.34305,0,calibration
normal,13802,normal_0417,0,2022-07-12 00:52:23.255,0.0,0.035278,0.124262,-166.06345,0,calibration
normal,13803,normal_0418,0,2022-07-12 00:52:32.972,0.0,-0.064183,-0.143264,201.11957,0,calibration
normal,13804,normal_0418,1,2022-07-12 00:52:33.072,0.1,-0.079271,0.000241,188.37538,0,calibration
normal,13805,normal_0418,2,2022-07-12 00:52:33.172,0.2,0.074304,0.25091,152.7498,0,calibration
normal,13806,normal_0418,3,2022-07-12 00:52:33.272,0.3,0.003857,0.060925,106.81261,0,calibration
normal,13807,normal_0418,4,2022-07-12 00:52:33.372,0.4,0.020989,-0.105117,47.960049,0,calibration
normal,13808,normal_0418,5,2022-07-12 00:52:33.472,0.5,0.028596,-0.106037,-20.283225,0,calibration
normal,13809,normal_0418,6,2022-07-12 00:52:33.572,0.6,-0.045904,-0.105344,-92.831027,0,calibration
normal,13810,normal_0418,7,2022-07-12 00:52:33.672,0.7,0.004028,0.10753,-136.62662,0,calibration
normal,13811,normal_0418,8,2022-07-12 00:52:33.772,0.8,0.0147,0.163036,-188.5828,0,calibration
normal,13812,normal_0418,9,2022-07-12 00:52:33.872,0.9,0.055072,-0.011487,-196.51952,0,calibration
normal,13813,normal_0418,10,2022-07-12 00:52:33.972,1.0,0.07049,-0.076677,-163.03112,0,calibration
normal,13814,normal_0418,11,2022-07-12 00:52:34.072,1.1,-0.067521,-0.130753,-123.9623,0,calibration
normal,13815,normal_0418,12,2022-07-12 00:52:34.172,1.2,-0.036719,-0.010578,-66.545375,0,calibration
normal,13816,normal_0418,13,2022-07-12 00:52:34.272,1.3,0.024623,0.198776,-5.122305,0,calibration
normal,13817,normal_0418,14,2022-07-12 00:52:34.372,1.4,-0.046063,0.100616,70.543178,0,calibration
normal,13818,normal_0418,15,2022-07-12 00:52:34.472,1.5,0.076416,-0.072192,122.44429,0,calibration
normal,13819,normal_0418,16,2022-07-12 00:52:34.572,1.6,0.05338,-0.155185,173.56457,0,calibration
normal,13820,normal_0418,17,2022-07-12 00:52:34.672,1.7,-0.100445,-0.154606,202.71602,0,calibration
normal,13821,normal_0418,18,2022-07-12 00:52:34.772,1.8,0.070422,0.121301,176.38101,0,calibration
normal,13822,normal_0418,19,2022-07-12 00:52:34.872,1.9,0.032649,0.224162,141.22154,0,calibration
normal,13823,normal_0418,20,2022-07-12 00:52:34.972,2.0,-0.103738,-0.026064,86.914311,0,calibration
normal,13824,normal_0418,21,2022-07-12 00:52:35.072,2.1,0.049146,-0.071057,27.092818,0,calibration
normal,13825,normal_0418,22,2022-07-12 00:52:35.172,2.2,-0.035186,-0.109261,-46.372181,0,calibration
normal,13826,normal_0418,23,2022-07-12 00:52:35.272,2.3,-0.10753,-0.099917,-108.75763,0,calibration
normal,13827,normal_0418,24,2022-07-12 00:52:35.372,2.4,0.096977,0.170302,-156.47497,0,calibration
normal,13828,normal_0418,25,2022-07-12 00:52:35.472,2.5,0.044638,0.111799,-198.70188,0,calibration
normal,13829,normal_0418,26,2022-07-12 00:52:35.572,2.6,-0.012684,-0.104072,-185.5736,0,calibration
normal,13830,normal_0418,27,2022-07-12 00:52:35.672,2.7,0.056741,-0.086736,-152.96986,0,calibration
normal,13831,normal_0418,28,2022-07-12 00:52:35.772,2.8,-0.097936,-0.1012,-105.27946,0,calibration
normal,13832,normal_0418,29,2022-07-12 00:52:35.872,2.9,-0.091408,0.030078,-46.266323,0,calibration
normal,13833,normal_0418,30,2022-07-12 00:52:35.972,3.0,0.040108,0.218133,20.831587,0,calibration
normal,13834,normal_0418,31,2022-07-12 00:52:36.072,3.1,0.013587,0.043361,91.175925,0,calibration
normal,13835,normal_0418,32,2022-07-12 00:52:36.172,3.2,0.039836,-0.121602,140.17488,0,calibration
normal,13836,normal_0418,33,2022-07-12 00:52:36.272,3.3,0.013235,-0.139608,190.81106,0,calibration
normal,13837,normal_0418,34,2022-07-12 00:52:36.372,3.4,-0.025797,-0.065312,196.45657,0,calibration
normal,13838,normal_0418,35,2022-07-12 00:52:36.472,3.5,0.01613,0.152194,165.87355,0,calibration
normal,13839,normal_0418,36,2022-07-12 00:52:36.572,3.6,-0.037696,0.123913,125.14235,0,calibration
normal,13840,normal_0418,37,2022-07-12 00:52:36.672,3.7,-0.009767,-0.033353,66.704043,0,calibration
normal,13841,normal_0418,38,2022-07-12 00:52:36.772,3.8,0.037906,-0.086532,4.086257,0,calibration
normal,13842,normal_0418,39,2022-07-12 00:52:36.872,3.9,-0.072266,-0.122397,-70.203074,0,calibration
normal,13843,normal_0418,40,2022-07-12 00:52:36.972,4.0,-0.003034,0.032337,-123.7507,0,calibration
normal,13844,normal_0418,41,2022-07-12 00:52:37.072,4.1,0.061021,0.184652,-174.52993,0,calibration
normal,13845,normal_0418,42,2022-07-12 00:52:37.172,4.2,-0.051819,0.050389,-199.50547,0,calibration
normal,13846,normal_0418,43,2022-07-12 00:52:37.272,4.3,0.056139,-0.064881,-174.44851,0,calibration
normal,13847,normal_0418,44,2022-07-12 00:52:37.372,4.4,0.031457,-0.125666,-139.38584,0,calibration
normal,13848,normal_0418,45,2022-07-12 00:52:37.472,4.5,-0.14101,-0.120274,-85.00589,0,calibration
normal,13849,normal_0418,46,2022-07-12 00:52:37.572,4.6,0.06588,0.15686,-26.267889,0,calibration
normal,13850,normal_0418,47,2022-07-12 00:52:37.672,4.7,0.06781,0.189864,45.113688,0,calibration
normal,13851,normal_0418,48,2022-07-12 00:52:37.772,4.8,-0.076898,-0.058455,106.68625,0,calibration
normal,13852,normal_0418,49,2022-07-12 00:52:37.872,4.9,0.086736,-0.08375,155.39815,0,calibration
normal,13853,normal_0419,0,2022-07-12 00:52:39.609,0.0,-0.018532,-0.014759,108.22893,0,calibration
normal,13854,normal_0419,1,2022-07-12 00:52:39.709,0.1,-0.002285,-0.095027,110.24,0,calibration
normal,13855,normal_0419,2,2022-07-12 00:52:39.809,0.2,-0.019213,0.032857,95.283877,0,calibration
normal,13856,normal_0419,3,2022-07-12 00:52:39.909,0.3,-0.053772,-0.018812,74.479827,0,calibration
normal,13857,normal_0419,4,2022-07-12 00:52:40.009,0.4,0.001643,0.036705,35.599951,0,calibration
normal,13858,normal_0419,5,2022-07-12 00:52:40.109,0.5,-0.040353,0.080109,-3.806353,0,calibration
normal,13859,normal_0419,6,2022-07-12 00:52:40.209,0.6,-0.027853,-0.071298,-51.355845,0,calibration
normal,13860,normal_0419,7,2022-07-12 00:52:40.309,0.7,0.033852,-0.00126,-97.653877,0,calibration
normal,13861,normal_0419,8,2022-07-12 00:52:40.409,0.8,-0.03664,0.002021,-106.09974,0,calibration
normal,13862,normal_0419,9,2022-07-12 00:52:40.509,0.9,-0.028432,-0.063953,-110.07513,0,calibration
normal,13863,normal_0419,10,2022-07-12 00:52:40.609,1.0,-0.014309,0.095152,-100.28077,0,calibration
normal,13864,normal_0419,11,2022-07-12 00:52:40.709,1.1,-0.015728,0.044732,-81.141839,0,calibration
normal,13865,normal_0419,12,2022-07-12 00:52:40.809,1.2,0.05355,-0.07576,-48.757917,0,calibration
normal,13866,normal_0419,13,2022-07-12 00:52:40.909,1.3,-0.005896,-0.012772,-6.992341,0,calibration
normal,13867,normal_0419,14,2022-07-12 00:52:41.009,1.4,-0.081088,-0.057811,34.456496,0,calibration
normal,13868,normal_0419,15,2022-07-12 00:52:41.109,1.5,-0.03588,-0.030177,87.544332,0,calibration
normal,13869,normal_0419,16,2022-07-12 00:52:41.209,1.6,-0.002195,0.08549,106.38703,0,calibration
normal,13870,normal_0419,17,2022-07-12 00:52:41.309,1.7,0.05917,0.024035,109.93124,0,calibration
normal,13871,normal_0419,18,2022-07-12 00:52:41.409,1.8,0.054231,0.002736,107.07427,0,calibration
normal,13872,normal_0419,19,2022-07-12 00:52:41.509,1.9,-0.032735,-0.036387,89.351426,0,calibration
normal,13873,normal_0419,20,2022-07-12 00:52:41.609,2.0,-0.051627,-0.063885,64.055927,0,calibration
normal,13874,normal_0419,21,2022-07-12 00:52:41.709,2.1,-0.046631,0.117927,21.947983,0,calibration
normal,13875,normal_0419,22,2022-07-12 00:52:41.809,2.2,0.010691,0.025942,-16.492488,0,calibration
normal,13876,normal_0419,23,2022-07-12 00:52:41.909,2.3,0.078096,-0.121718,-69.477686,0,calibration
normal,13877,normal_0419,24,2022-07-12 00:52:42.009,2.4,0.061361,0.028656,-102.98945,0,calibration
normal,13878,normal_0419,25,2022-07-12 00:52:42.109,2.5,0.006332,-0.032175,-106.92121,0,calibration
normal,13879,normal_0419,26,2022-07-12 00:52:42.209,2.6,-0.039967,-0.04992,-109.44344,0,calibration
normal,13880,normal_0419,27,2022-07-12 00:52:42.309,2.7,-0.071733,0.087295,-94.620597,0,calibration
normal,13881,normal_0419,28,2022-07-12 00:52:42.409,2.8,-0.020859,0.023331,-73.63058,0,calibration
normal,13882,normal_0419,29,2022-07-12 00:52:42.509,2.9,0.037496,0.023933,-34.963493,0,calibration
normal,13883,normal_0419,30,2022-07-12 00:52:42.609,3.0,-0.016239,-0.028031,4.309535,0,calibration
normal,13884,normal_0419,31,2022-07-12 00:52:42.709,3.1,-0.004057,-0.098489,51.614648,0,calibration
normal,13885,normal_0419,32,2022-07-12 00:52:42.809,3.2,0.033182,0.094789,97.66854,0,calibration
normal,13886,normal_0419,33,2022-07-12 00:52:42.909,3.3,0.025065,0.083333,106.42864,0,calibration
normal,13887,normal_0419,34,2022-07-12 00:52:43.009,3.4,0.045353,-0.066519,110.80254,0,calibration
normal,13888,normal_0419,35,2022-07-12 00:52:43.109,3.5,-0.002694,-0.007992,101.64274,0,calibration
normal,13889,normal_0419,36,2022-07-12 00:52:43.209,3.6,-0.046154,-0.035694,83.164583,0,calibration
normal,13890,normal_0419,37,2022-07-12 00:52:43.309,3.7,0.009567,-0.037375,51.671988,0,calibration
normal,13891,normal_0419,38,2022-07-12 00:52:43.409,3.8,0.030003,0.078951,10.511042,0,calibration
normal,13892,normal_0419,39,2022-07-12 00:52:43.509,3.9,0.029822,0.003531,-31.047467,0,calibration
normal,13893,normal_0419,40,2022-07-12 00:52:43.609,4.0,0.061293,-0.041428,-84.710489,0,calibration
normal,13894,normal_0419,41,2022-07-12 00:52:43.709,4.1,-0.013911,0.001874,-104.58113,0,calibration
normal,13895,normal_0419,42,2022-07-12 00:52:43.809,4.2,-0.066829,-0.051407,-108.46294,0,calibration
normal,13896,normal_0419,43,2022-07-12 00:52:43.909,4.3,-0.011289,0.048036,-106.03846,0,calibration
normal,13897,normal_0419,44,2022-07-12 00:52:44.009,4.4,0.022646,0.108844,-88.370334,0,calibration
normal,13898,normal_0419,45,2022-07-12 00:52:44.109,4.5,0.079106,0.004893,-62.975653,0,calibration
normal,13899,normal_0419,46,2022-07-12 00:52:44.209,4.6,0.084783,-0.000363,-21.68596,0,calibration
normal,13900,normal_0419,47,2022-07-12 00:52:44.309,4.7,0.003482,-0.079984,16.851308,0,calibration
normal,13901,normal_0419,48,2022-07-12 00:52:44.409,4.8,-0.024265,-0.053905,69.710501,0,calibration
normal,13902,normal_0419,49,2022-07-12 00:52:44.509,4.9,0.010442,0.111728,103.1952,0,calibration
normal,13903,normal_0420,0,2022-07-12 00:52:47.696,0.0,-0.122254,0.004306,64.400323,0,calibration
normal,13904,normal_0420,1,2022-07-12 00:52:47.796,0.1,0.06621,0.308835,-10.913969,0,calibration
normal,13905,normal_0420,2,2022-07-12 00:52:47.896,0.2,0.081162,0.186151,-98.234308,0,calibration
normal,13906,normal_0420,3,2022-07-12 00:52:47.996,0.3,0.006106,-0.189858,-159.36722,0,calibration
normal,13907,normal_0420,4,2022-07-12 00:52:48.096,0.4,-0.016839,-0.214733,-210.03606,0,calibration
normal,13908,normal_0420,5,2022-07-12 00:52:48.196,0.5,-0.092827,-0.118786,-237.31223,0,calibration
normal,13909,normal_0420,6,2022-07-12 00:52:48.296,0.6,-0.035266,0.142691,-204.75187,0,calibration
normal,13910,normal_0420,7,2022-07-12 00:52:48.396,0.7,0.094491,0.34546,-157.04884,0,calibration
normal,13911,normal_0420,8,2022-07-12 00:52:48.496,0.8,0.059954,0.035119,-88.095079,0,calibration
normal,13912,normal_0420,9,2022-07-12 00:52:48.596,0.9,-0.066953,-0.215482,-13.020994,0,calibration
normal,13913,normal_0420,10,2022-07-12 00:52:48.696,1.0,-0.065624,-0.165539,73.919663,0,calibration
normal,13914,normal_0420,11,2022-07-12 00:52:48.796,1.1,0.022965,-0.044468,147.8466,0,calibration
normal,13915,normal_0420,12,2022-07-12 00:52:48.896,1.2,0.005084,0.156428,197.07181,0,calibration
normal,13916,normal_0420,13,2022-07-12 00:52:48.996,1.3,0.147601,0.237422,240.35314,0,calibration
normal,13917,normal_0420,14,2022-07-12 00:52:49.096,1.4,0.175689,-0.031968,223.14098,0,calibration
normal,13918,normal_0420,15,2022-07-12 00:52:49.196,1.5,-0.116464,-0.334044,176.73053,0,calibration
normal,13919,normal_0420,16,2022-07-12 00:52:49.296,1.6,-0.106349,-0.150871,113.83332,0,calibration
normal,13920,normal_0420,17,2022-07-12 00:52:49.396,1.7,0.047999,0.148719,38.245563,0,calibration
normal,13921,normal_0420,18,2022-07-12 00:52:49.496,1.8,0.035113,0.273072,-44.205671,0,calibration
normal,13922,normal_0420,19,2022-07-12 00:52:49.596,1.9,0.089666,0.166896,-129.34436,0,calibration
normal,13923,normal_0420,20,2022-07-12 00:52:49.696,2.0,0.084965,-0.18677,-180.9267,0,calibration
normal,13924,normal_0420,21,2022-07-12 00:52:49.796,2.1,-0.076535,-0.29433,-231.57719,0,calibration
normal,13925,normal_0420,22,2022-07-12 00:52:49.896,2.2,-0.098299,-0.072601,-235.9294,0,calibration
normal,13926,normal_0420,23,2022-07-12 00:52:49.996,2.3,0.09734,0.251387,-192.57667,0,calibration
normal,13927,normal_0420,24,2022-07-12 00:52:50.096,2.4,0.094161,0.265874,-137.94054,0,calibration
normal,13928,normal_0420,25,2022-07-12 00:52:50.196,2.5,-0.039001,-0.027404,-62.789686,0,calibration
normal,13929,normal_0420,26,2022-07-12 00:52:50.296,2.6,0.027359,-0.168673,15.239717,0,calibration
normal,13930,normal_0420,27,2022-07-12 00:52:50.396,2.7,-0.10158,-0.195387,106.32624,0,calibration
normal,13931,normal_0420,28,2022-07-12 00:52:50.496,2.8,-0.13287,-0.013314,168.53096,0,calibration
normal,13932,normal_0420,29,2022-07-12 00:52:50.596,2.9,0.126371,0.31467,219.21494,0,calibration
normal,13933,normal_0420,30,2022-07-12 00:52:50.696,3.0,0.1142,0.158063,246.39454,0,calibration
normal,13934,normal_0420,31,2022-07-12 00:52:50.796,3.1,0.033921,-0.207887,211.43141,0,calibration
normal,13935,normal_0420,32,2022-07-12 00:52:50.896,3.2,0.006707,-0.210441,161.13522,0,calibration
normal,13936,normal_0420,33,2022-07-12 00:52:50.996,3.3,-0.089546,-0.083364,89.154135,0,calibration
normal,13937,normal_0420,34,2022-07-12 00:52:51.096,3.4,-0.088524,0.159732,11.780144,0,calibration
normal,13938,normal_0420,35,2022-07-12 00:52:51.196,3.5,0.007388,0.333426,-76.96105,0,calibration
normal,13939,normal_0420,36,2022-07-12 00:52:51.296,3.6,0.06571,0.030702,-152.04992,0,calibration
normal,13940,normal_0420,37,2022-07-12 00:52:51.396,3.7,-0.003363,-0.300041,-201.7211,0,calibration
normal,13941,normal_0421,0,2022-07-12 00:52:55.616,0.0,0.041695,-0.155499,-191.62276,0,calibration
normal,13942,normal_0421,1,2022-07-12 00:52:55.716,0.1,-0.000687,-0.289058,-241.98642,0,calibration
normal,13943,normal_0421,2,2022-07-12 00:52:55.816,0.2,-0.030954,-0.082372,-250.14153,0,calibration
normal,13944,normal_0421,3,2022-07-12 00:52:55.916,0.3,0.012279,0.11203,-201.38826,0,calibration
normal,13945,normal_0421,4,2022-07-12 00:52:56.016,0.4,-0.002094,0.222236,-145.84472,0,calibration
normal,13946,normal_0421,5,2022-07-12 00:52:56.116,0.5,-0.041763,0.090152,-70.342191,0,calibration
normal,13947,normal_0421,6,2022-07-12 00:52:56.216,0.6,0.024291,-0.207622,11.048318,0,calibration
normal,13948,normal_0421,7,2022-07-12 00:52:56.316,0.7,-0.058725,-0.256986,106.5637,0,calibration
normal,13949,normal_0421,8,2022-07-12 00:52:56.416,0.8,-0.052151,-0.024788,177.5712,0,calibration
normal,13950,normal_0421,9,2022-07-12 00:52:56.516,0.9,0.127605,0.227333,227.49832,0,calibration
normal,13951,normal_0421,10,2022-07-12 00:52:56.616,1.0,0.078627,0.168932,258.35851,0,calibration
normal,13952,normal_0421,11,2022-07-12 00:52:56.716,1.1,-0.012539,-0.055703,221.09177,0,calibration
normal,13953,normal_0421,12,2022-07-12 00:52:56.816,1.2,0.009111,-0.155419,166.37017,0,calibration
normal,13954,normal_0421,13,2022-07-12 00:52:56.916,1.3,-0.120475,-0.187538,96.392881,0,calibration
normal,13955,normal_0421,14,2022-07-12 00:52:57.016,1.4,-0.132532,0.02042,17.310621,0,calibration
normal,13956,normal_0421,15,2022-07-12 00:52:57.116,1.5,0.14971,0.291638,-73.289045,0,calibration
normal,13957,normal_0421,16,2022-07-12 00:52:57.216,1.6,0.145759,0.073678,-157.35247,0,calibration
normal,13958,normal_0421,17,2022-07-12 00:52:57.316,1.7,0.01497,-0.217749,-207.97565,0,calibration
normal,13959,normal_0421,18,2022-07-12 00:52:57.416,1.8,0.091309,-0.137174,-253.22714,0,calibration
normal,13960,normal_0421,19,2022-07-12 00:52:57.516,1.9,-0.063913,-0.068964,-236.66432,0,calibration
normal,13961,normal_0421,20,2022-07-12 00:52:57.616,2.0,-0.119521,0.107908,-183.46681,0,calibration
normal,13962,normal_0421,21,2022-07-12 00:52:57.716,2.1,0.098382,0.317444,-121.69827,0,calibration
normal,13963,normal_0421,22,2022-07-12 00:52:57.816,2.2,0.03679,0.014948,-42.792921,0,calibration
normal,13964,normal_0422,0,2022-07-12 00:53:03.651,0.0,0.094482,0.017478,-68.353423,0,calibration
normal,13965,normal_0422,1,2022-07-12 00:53:03.751,0.1,0.023638,-0.024279,-103.00483,0,calibration
normal,13966,normal_0422,2,2022-07-12 00:53:03.851,0.2,0.034207,0.0154,-107.327,0,calibration
normal,13967,normal_0422,3,2022-07-12 00:53:03.951,0.3,-0.038488,0.080739,-109.88141,0,calibration
normal,13968,normal_0422,4,2022-07-12 00:53:04.051,0.4,-0.042132,0.017796,-94.305527,0,calibration
normal,13969,normal_0422,5,2022-07-12 00:53:04.151,0.5,0.096707,0.083316,-73.075184,0,calibration
normal,13970,normal_0422,6,2022-07-12 00:53:04.251,0.6,0.048978,-0.01321,-36.107306,0,calibration
normal,13971,normal_0422,7,2022-07-12 00:53:04.351,0.7,0.051987,-0.070476,2.273202,0,calibration
normal,13972,normal_0422,8,2022-07-12 00:53:04.451,0.8,0.105495,0.151106,48.544055,0,calibration
normal,13973,normal_0422,9,2022-07-12 00:53:04.551,0.9,0.031449,0.056726,95.699322,0,calibration
normal,13974,normal_0423,0,2022-07-12 00:53:13.056,0.0,0.07998,0.014219,-223.46678,0,calibration
normal,13975,normal_0423,1,2022-07-12 00:53:13.156,0.1,0.102641,0.166523,-267.03683,0,calibration
normal,13976,normal_0423,2,2022-07-12 00:53:13.256,0.2,0.164982,0.289434,-258.67096,0,calibration
normal,13977,normal_0423,3,2022-07-12 00:53:13.356,0.3,-0.000412,0.025447,-217.9487,0,calibration
normal,13978,normal_0423,4,2022-07-12 00:53:13.456,0.4,-0.036209,-0.248144,-147.54631,0,calibration
normal,13979,normal_0423,5,2022-07-12 00:53:13.556,0.5,-0.055691,-0.137881,-59.008963,0,calibration
normal,13980,normal_0423,6,2022-07-12 00:53:13.656,0.6,-0.054806,0.086698,31.869892,0,calibration
normal,13981,normal_0423,7,2022-07-12 00:53:13.756,0.7,0.157762,0.299436,123.20317,0,calibration
normal,13982,normal_0423,8,2022-07-12 00:53:13.856,0.8,0.077176,0.183701,198.1441,0,calibration
normal,13983,normal_0423,9,2022-07-12 00:53:13.956,0.9,-0.090092,-0.154877,254.43319,0,calibration
normal,13984,normal_0423,10,2022-07-12 00:53:14.056,1.0,-0.060346,-0.206432,264.03085,0,calibration
normal,13985,normal_0423,11,2022-07-12 00:53:14.156,1.1,-0.237866,-0.127583,233.33338,0,calibration
normal,13986,normal_0423,12,2022-07-12 00:53:14.256,1.2,-0.133722,0.084984,175.41506,0,calibration
normal,13987,normal_0423,13,2022-07-12 00:53:14.356,1.3,0.154651,0.279727,91.098915,0,calibration
normal,13988,normal_0423,14,2022-07-12 00:53:14.456,1.4,-0.022483,-0.053231,2.790094,0,calibration
normal,13989,normal_0423,15,2022-07-12 00:53:14.556,1.5,-0.046427,-0.291343,-89.325796,0,calibration
normal,13990,normal_0423,16,2022-07-12 00:53:14.656,1.6,-0.023925,-0.124279,-168.44024,0,calibration
normal,13991,normal_0423,17,2022-07-12 00:53:14.756,1.7,-0.26525,-0.072418,-231.80118,0,calibration
normal,13992,normal_0423,18,2022-07-12 00:53:14.856,1.8,-0.124083,0.155715,-259.73347,0,calibration
normal,13993,normal_0423,19,2022-07-12 00:53:14.956,1.9,0.023055,0.267295,-240.1059,0,calibration
normal,13994,normal_0423,20,2022-07-12 00:53:15.056,2.0,-0.119042,-0.192024,-194.24047,0,calibration
normal,13995,normal_0423,21,2022-07-12 00:53:15.156,2.1,-0.067623,-0.339719,-118.3293,0,calibration
normal,13996,normal_0423,22,2022-07-12 00:53:15.256,2.2,-0.067839,-0.076437,-33.091549,0,calibration
normal,13997,normal_0423,23,2022-07-12 00:53:15.356,2.3,-0.073845,0.05701,55.702693,0,calibration
normal,13998,normal_0423,24,2022-07-12 00:53:15.456,2.4,0.013019,0.195542,139.23146,0,calibration
normal,13999,normal_0423,25,2022-07-12 00:53:15.556,2.5,-0.049322,0.069203,207.94299,0,calibration
normal,14000,normal_0423,26,2022-07-12 00:53:15.656,2.6,-0.122131,-0.227719,252.84043,0,calibration
normal,14001,normal_0423,27,2022-07-12 00:53:15.756,2.7,-0.13253,-0.204649,247.8812,0,calibration
normal,14002,normal_0423,28,2022-07-12 00:53:15.856,2.8,-0.124185,-0.038381,212.11424,0,calibration
normal,14003,normal_0423,29,2022-07-12 00:53:15.956,2.9,-0.02598,0.169816,146.86276,0,calibration
normal,14004,normal_0423,30,2022-07-12 00:53:16.056,3.0,0.123475,0.277808,63.480981,0,calibration
normal,14005,normal_0423,31,2022-07-12 00:53:16.156,3.1,0.003017,-0.026392,-22.647622,0,calibration
normal,14006,normal_0423,32,2022-07-12 00:53:16.256,3.2,-0.078341,-0.32412,-110.06571,0,calibration
normal,14007,normal_0423,33,2022-07-12 00:53:16.356,3.3,-0.076354,-0.148837,-182.62627,0,calibration
normal,14008,normal_0423,34,2022-07-12 00:53:16.456,3.4,-0.074742,0.060245,-238.35876,0,calibration
normal,14009,normal_0423,35,2022-07-12 00:53:16.556,3.5,0.19936,0.256668,-249.3141,0,calibration
normal,14010,normal_0423,36,2022-07-12 00:53:16.656,3.6,0.169319,0.22078,-222.08705,0,calibration
normal,14011,normal_0423,37,2022-07-12 00:53:16.756,3.7,0.017469,-0.132329,-169.212,0,calibration
normal,14012,normal_0423,38,2022-07-12 00:53:16.856,3.8,0.030378,-0.160508,-89.704882,0,calibration
normal,14013,normal_0423,39,2022-07-12 00:53:16.956,3.9,-0.182496,-0.080751,-5.592108,0,calibration
normal,14014,normal_0423,40,2022-07-12 00:53:17.056,4.0,-0.004556,0.155011,82.186828,0,calibration
normal,14015,normal_0423,41,2022-07-12 00:53:17.156,4.1,0.312507,0.365705,159.43827,0,calibration
normal,14016,normal_0423,42,2022-07-12 00:53:17.256,4.2,0.10003,-0.008056,223.20452,0,calibration
normal,14017,normal_0423,43,2022-07-12 00:53:17.356,4.3,0.110169,-0.264379,251.65012,0,calibration
normal,14018,normal_0423,44,2022-07-12 00:53:17.456,4.4,0.103561,-0.102799,234.02634,0,calibration
normal,14019,normal_0423,45,2022-07-12 00:53:17.556,4.5,-0.063616,0.006964,191.33594,0,calibration
normal,14020,normal_0423,46,2022-07-12 00:53:17.656,4.6,0.136838,0.219009,118.35648,0,calibration
normal,14021,normal_0423,47,2022-07-12 00:53:17.756,4.7,0.15515,0.254761,34.884815,0,calibration
normal,14022,normal_0423,48,2022-07-12 00:53:17.856,4.8,0.072203,-0.154763,-53.667433,0,calibration
normal,14023,normal_0423,49,2022-07-12 00:53:17.956,4.9,0.107171,-0.263652,-137.40863,0,calibration
normal,14024,normal_0424,0,2022-07-12 00:53:19.759,0.0,-0.05457,-0.111201,-84.405671,0,calibration
normal,14025,normal_0424,1,2022-07-12 00:53:19.859,0.1,-0.114526,0.033678,-44.879799,0,calibration
normal,14026,normal_0424,2,2022-07-12 00:53:19.959,0.2,0.048507,0.166761,11.123778,0,calibration
normal,14027,normal_0424,3,2022-07-12 00:53:20.059,0.3,-0.073984,0.028047,58.408267,0,calibration
normal,14028,normal_0424,4,2022-07-12 00:53:20.159,0.4,0.053718,-0.053912,108.42658,0,calibration
normal,14029,normal_0424,5,2022-07-12 00:53:20.259,0.5,0.127151,-0.100018,150.42331,0,calibration
normal,14030,normal_0424,6,2022-07-12 00:53:20.359,0.6,-0.085893,-0.088687,144.08709,0,calibration
normal,14031,normal_0424,7,2022-07-12 00:53:20.459,0.7,0.007499,0.108859,129.25328,0,calibration
normal,14032,normal_0424,8,2022-07-12 00:53:20.559,0.8,-0.00289,0.12967,98.47368,0,calibration
normal,14033,normal_0424,9,2022-07-12 00:53:20.659,0.9,-0.041491,-0.009601,61.904319,0,calibration
normal,14034,normal_0424,10,2022-07-12 00:53:20.759,1.0,0.103547,-0.088801,11.450888,0,calibration
normal,14035,normal_0424,11,2022-07-12 00:53:20.859,1.1,-0.00088,-0.10901,-41.841035,0,calibration
normal,14036,normal_0424,12,2022-07-12 00:53:20.959,1.2,-0.053014,0.04485,-86.641441,0,calibration
normal,14037,normal_0424,13,2022-07-12 00:53:21.059,1.3,0.048927,0.127422,-139.47,0,calibration
normal,14038,normal_0424,14,2022-07-12 00:53:21.159,1.4,-0.035462,0.028353,-146.24943,0,calibration
normal,14039,normal_0424,15,2022-07-12 00:53:21.259,1.5,0.007987,-0.040288,-132.56981,0,calibration
normal,14040,normal_0424,16,2022-07-12 00:53:21.359,1.6,0.095339,-0.100586,-109.5313,0,calibration
normal,14041,normal_0424,17,2022-07-12 00:53:21.459,1.7,-0.073212,-0.082432,-72.941789,0,calibration
normal,14042,normal_0424,18,2022-07-12 00:53:21.559,1.8,-0.006511,0.101809,-29.966,0,calibration
normal,14043,normal_0424,19,2022-07-12 00:53:21.659,1.9,0.03394,0.149788,26.842717,0,calibration
normal,14044,normal_0424,20,2022-07-12 00:53:21.759,2.0,-0.064504,-0.025972,69.398531,0,calibration
normal,14045,normal_0424,21,2022-07-12 00:53:21.859,2.1,0.10055,-0.052618,123.85274,0,calibration
normal,14046,normal_0424,22,2022-07-12 00:53:21.959,2.2,0.021168,-0.081887,149.45199,0,calibration
normal,14047,normal_0424,23,2022-07-12 00:53:22.059,2.3,-0.086393,-0.060202,136.98436,0,calibration
normal,14048,normal_0424,24,2022-07-12 00:53:22.159,2.4,0.071145,0.153205,120.26121,0,calibration
normal,14049,normal_0424,25,2022-07-12 00:53:22.259,2.5,-0.041968,0.07254,86.345564,0,calibration
normal,14050,normal_0424,26,2022-07-12 00:53:22.359,2.6,-0.027674,-0.073372,49.629098,0,calibration
normal,14051,normal_0424,27,2022-07-12 00:53:22.459,2.7,0.125448,-0.041776,-5.88894,0,calibration
normal,14052,normal_0424,28,2022-07-12 00:53:22.559,2.8,-0.08461,-0.102266,-51.690585,0,calibration
normal,14053,normal_0424,29,2022-07-12 00:53:22.659,2.9,-0.066366,0.002854,-101.43961,0,calibration
normal,14054,normal_0424,30,2022-07-12 00:53:22.759,3.0,0.057442,0.180362,-144.96233,0,calibration
normal,14055,normal_0424,31,2022-07-12 00:53:22.859,3.1,-0.055841,0.05207,-138.66188,0,calibration
normal,14056,normal_0424,32,2022-07-12 00:53:22.959,3.2,0.061018,-0.092854,-126.10413,0,calibration
normal,14057,normal_0424,33,2022-07-12 00:53:23.059,3.3,0.049392,-0.123031,-97.592008,0,calibration
normal,14058,normal_0424,34,2022-07-12 00:53:23.159,3.4,-0.096509,-0.031966,-62.266,0,calibration
normal,14059,normal_0424,35,2022-07-12 00:53:23.259,3.5,0.042966,0.151321,-13.255479,0,calibration
normal,14060,normal_0424,36,2022-07-12 00:53:23.359,3.6,-0.011813,0.094259,38.730507,0,calibration
normal,14061,normal_0424,37,2022-07-12 00:53:23.459,3.7,-0.067581,-0.058102,81.792364,0,calibration
normal,14062,normal_0424,38,2022-07-12 00:53:23.559,3.8,0.102832,-0.082954,135.5138,0,calibration
normal,14063,normal_0424,39,2022-07-12 00:53:23.659,3.9,-0.004888,-0.075722,143.41869,0,calibration
normal,14064,normal_0424,40,2022-07-12 00:53:23.759,4.0,-0.042944,0.051173,130.73231,0,calibration
normal,14065,normal_0424,41,2022-07-12 00:53:23.859,4.1,0.045702,0.126048,109.80142,0,calibration
normal,14066,normal_0424,42,2022-07-12 00:53:23.959,4.2,-0.112539,-0.014517,76.041827,0,calibration
normal,14067,normal_0424,43,2022-07-12 00:53:24.059,4.3,0.005319,-0.064482,35.668616,0,calibration
normal,14068,normal_0424,44,2022-07-12 00:53:24.159,4.4,0.116694,-0.056365,-20.206811,0,calibration
normal,14069,normal_0424,45,2022-07-12 00:53:24.259,4.5,-0.098632,-0.066287,-61.346538,0,calibration
normal,14070,normal_0424,46,2022-07-12 00:53:24.359,4.6,0.020135,0.094498,-116.54664,0,calibration
normal,14071,normal_0424,47,2022-07-12 00:53:24.459,4.7,0.021281,0.122699,-143.34227,0,calibration
normal,14072,normal_0424,48,2022-07-12 00:53:24.559,4.8,-0.104081,-0.052698,-131.85062,0,calibration
normal,14073,normal_0425,0,2022-07-12 00:53:27.876,0.0,0.013823,0.054585,-105.5391,0,calibration
normal,14074,normal_0425,1,2022-07-12 00:53:27.976,0.1,-0.027753,0.00622,-74.566135,0,calibration
normal,14075,normal_0425,2,2022-07-12 00:53:28.076,0.2,-0.067194,0.001792,-38.0652,0,calibration
normal,14076,normal_0425,3,2022-07-12 00:53:28.176,0.3,0.099971,-0.036048,14.73272,0,calibration
normal,14077,normal_0425,4,2022-07-12 00:53:28.276,0.4,-0.040525,0.0032,56.717283,0,calibration
normal,14078,normal_0425,5,2022-07-12 00:53:28.376,0.5,-0.033032,0.112225,104.71715,0,calibration
normal,14079,normal_0425,6,2022-07-12 00:53:28.476,0.6,0.099665,0.069707,135.10408,0,calibration
normal,14080,normal_0425,7,2022-07-12 00:53:28.576,0.7,-0.088277,-0.048594,126.67491,0,calibration
normal,14081,normal_0425,8,2022-07-12 00:53:28.676,0.8,0.009009,-0.057938,114.30766,0,calibration
normal,14082,normal_0425,9,2022-07-12 00:53:28.776,0.9,0.091536,-0.06182,86.471449,0,calibration
normal,14083,normal_0425,10,2022-07-12 00:53:28.876,1.0,-0.087698,-0.020472,53.330309,0,calibration
normal,14084,normal_0425,11,2022-07-12 00:53:28.976,1.1,0.01875,0.082502,3.198743,0,calibration
normal,14085,normal_0425,12,2022-07-12 00:53:29.076,1.2,0.047701,0.046864,-43.850546,0,calibration
normal,14086,normal_0425,13,2022-07-12 00:53:29.176,1.3,-0.032726,-0.063194,-87.080966,0,calibration
normal,14087,normal_0425,14,2022-07-12 00:53:29.276,1.4,0.048155,-0.129747,-130.1737,0,calibration
normal,14088,normal_0425,15,2022-07-12 00:53:29.376,1.5,-0.033975,-0.096709,-129.86244,0,calibration
normal,14089,normal_0425,16,2022-07-12 00:53:29.476,1.6,-0.066536,0.031345,-118.4112,0,calibration
normal,14090,normal_0425,17,2022-07-12 00:53:29.576,1.7,0.07521,0.102881,-95.747482,0,calibration
normal,14091,normal_0425,18,2022-07-12 00:53:29.676,1.8,0.010031,0.058729,-63.521274,0,calibration
normal,14092,normal_0425,19,2022-07-12 00:53:29.776,1.9,-0.005081,-0.041952,-19.999983,0,calibration
normal,14093,normal_0425,20,2022-07-12 00:53:29.876,2.0,0.044738,-0.078964,32.271389,0,calibration
normal,14094,normal_0425,21,2022-07-12 00:53:29.976,2.1,-0.099154,-0.004725,72.721609,0,calibration
normal,14095,normal_0425,22,2022-07-12 00:53:30.076,2.2,-0.048019,0.058717,121.95481,0,calibration
normal,14096,normal_0425,23,2022-07-12 00:53:30.176,2.3,0.057396,0.022943,135.8787,0,calibration
normal,14097,normal_0425,24,2022-07-12 00:53:30.276,2.4,-0.035871,-0.054713,123.79183,0,calibration
normal,14098,normal_0425,25,2022-07-12 00:53:30.376,2.5,0.048632,-0.088171,106.60995,0,calibration
normal,14099,normal_0425,26,2022-07-12 00:53:30.476,2.6,0.02345,-0.030622,74.924955,0,calibration
normal,14100,normal_0425,27,2022-07-12 00:53:30.576,2.7,-0.14048,0.065041,36.899213,0,calibration
normal,14101,normal_0425,28,2022-07-12 00:53:30.676,2.8,-0.005115,0.092516,-17.909648,0,calibration
normal,14102,normal_0425,29,2022-07-12 00:53:30.776,2.9,-0.063323,0.014417,-60.571439,0,calibration
normal,14103,normal_0425,30,2022-07-12 00:53:30.876,3.0,-0.085394,-0.118042,-108.44697,0,calibration
normal,14104,normal_0425,31,2022-07-12 00:53:30.976,3.1,0.114776,-0.13204,-138.01803,0,calibration
normal,14105,normal_0425,32,2022-07-12 00:53:31.076,3.2,-0.048643,-0.014818,-128.18433,0,calibration
normal,14106,normal_0425,33,2022-07-12 00:53:31.176,3.3,0.007942,0.070695,-113.94562,0,calibration
normal,14107,normal_0425,34,2022-07-12 00:53:31.276,3.4,0.092365,0.060261,-83.532105,0,calibration
normal,14108,normal_0425,35,2022-07-12 00:53:31.376,3.5,-0.167183,-0.039227,-47.850495,0,calibration
normal,14109,normal_0426,0,2022-07-12 00:53:35.908,0.0,0.009216,-0.223273,-47.95075,0,calibration
normal,14110,normal_0426,1,2022-07-12 00:53:36.008,0.1,-0.127125,-0.088896,-134.24029,0,calibration
normal,14111,normal_0426,2,2022-07-12 00:53:36.108,0.2,-0.204168,0.031823,-201.5784,0,calibration
normal,14112,normal_0426,3,2022-07-12 00:53:36.208,0.3,0.034296,0.307197,-250.54863,0,calibration
normal,14113,normal_0426,4,2022-07-12 00:53:36.308,0.4,0.061737,0.134457,-250.43347,0,calibration
normal,14114,normal_0426,5,2022-07-12 00:53:36.408,0.5,-0.025195,-0.266711,-212.75523,0,calibration
normal,14115,normal_0426,6,2022-07-12 00:53:36.508,0.6,-0.029021,-0.211261,-150.84793,0,calibration
normal,14116,normal_0426,7,2022-07-12 00:53:36.608,0.7,-0.04201,-0.007164,-67.648419,0,calibration
normal,14117,normal_0426,8,2022-07-12 00:53:36.708,0.8,-0.053272,0.158276,19.15765,0,calibration
normal,14118,normal_0426,9,2022-07-12 00:53:36.808,0.9,-0.010413,0.229393,110.29269,0,calibration
normal,14119,normal_0426,10,2022-07-12 00:53:36.908,1.0,0.001678,-0.039407,182.8455,0,calibration
normal,14120,normal_0426,11,2022-07-12 00:53:37.008,1.1,-0.030804,-0.278529,239.1676,0,calibration
normal,14121,normal_0426,12,2022-07-12 00:53:37.108,1.2,-0.024435,-0.148149,258.9412,0,calibration
normal,14122,normal_0426,13,2022-07-12 00:53:37.208,1.3,0.075701,0.111819,228.33088,0,calibration
normal,14123,normal_0426,14,2022-07-12 00:53:37.308,1.4,0.117663,0.289543,174.92785,0,calibration
normal,14124,normal_0426,15,2022-07-12 00:53:37.408,1.5,0.004777,0.127463,97.114336,0,calibration
normal,14125,normal_0426,16,2022-07-12 00:53:37.508,1.6,-0.021687,-0.150658,12.245537,0,calibration
normal,14126,normal_0426,17,2022-07-12 00:53:37.608,1.7,-0.060833,-0.209161,-80.275545,0,calibration
normal,14127,normal_0426,18,2022-07-12 00:53:37.708,1.8,-0.102443,-0.129552,-161.4361,0,calibration
normal,14128,normal_0426,19,2022-07-12 00:53:37.808,1.9,0.133364,0.17274,-220.05704,0,calibration
normal,14129,normal_0426,20,2022-07-12 00:53:37.908,2.0,0.270864,0.313759,-258.15919,0,calibration
normal,14130,normal_0426,21,2022-07-12 00:53:38.008,2.1,0.128278,0.005552,-241.00307,0,calibration
normal,14131,normal_0426,22,2022-07-12 00:53:38.108,2.2,0.062815,-0.194073,-193.39874,0,calibration
normal,14132,normal_0426,23,2022-07-12 00:53:38.208,2.3,-0.047505,-0.154677,-123.94835,0,calibration
normal,14133,normal_0427,0,2022-07-12 00:53:43.747,0.0,0.058374,0.170872,-68.771013,0,calibration
normal,14134,normal_0427,1,2022-07-12 00:53:43.847,0.1,-0.037379,-0.009384,-123.64663,0,calibration
normal,14135,normal_0427,2,2022-07-12 00:53:43.947,0.2,0.053867,-0.099154,-145.57578,0,calibration
normal,14136,normal_0427,3,2022-07-12 00:53:44.047,0.3,0.073156,-0.044897,-133.45172,0,calibration
normal,14137,normal_0427,4,2022-07-12 00:53:44.147,0.4,-0.118555,-0.085462,-117.97096,0,calibration
normal,14138,normal_0427,5,2022-07-12 00:53:44.247,0.5,0.011667,0.097961,-84.242116,0,calibration
normal,14139,normal_0427,6,2022-07-12 00:53:44.347,0.6,0.01765,0.148426,-46.728855,0,calibration
normal,14140,normal_0427,7,2022-07-12 00:53:44.447,0.7,-0.090853,-0.053151,8.766056,0,calibration
normal,14141,normal_0427,8,2022-07-12 00:53:44.547,0.8,0.14978,-0.021861,54.360158,0,calibration
normal,14142,normal_0427,9,2022-07-12 00:53:44.647,0.9,0.0179,-0.059917,105.3275,0,calibration
normal,14143,normal_0427,10,2022-07-12 00:53:44.747,1.0,-0.115524,-0.064084,144.96555,0,calibration
normal,14144,normal_0428,0,2022-07-12 00:53:53.254,0.0,0.123981,0.246008,144.26793,0,calibration
normal,14145,normal_0428,1,2022-07-12 00:53:53.354,0.1,0.028852,0.18721,208.70652,0,calibration
normal,14146,normal_0428,2,2022-07-12 00:53:53.454,0.2,-0.037417,-0.118999,247.99445,0,calibration
normal,14147,normal_0428,3,2022-07-12 00:53:53.554,0.3,0.016829,-0.193182,238.81832,0,calibration
normal,14148,normal_0428,4,2022-07-12 00:53:53.654,0.4,-0.141288,-0.136506,195.97914,0,calibration
normal,14149,normal_0428,5,2022-07-12 00:53:53.754,0.5,-0.041856,0.055478,127.3811,0,calibration
normal,14150,normal_0428,6,2022-07-12 00:53:53.854,0.6,0.18597,0.317693,47.845608,0,calibration
normal,14151,normal_0428,7,2022-07-12 00:53:53.954,0.7,0.028818,0.092319,-36.255126,0,calibration
normal,14152,normal_0428,8,2022-07-12 00:53:54.054,0.8,-0.006866,-0.223097,-120.13794,0,calibration
normal,14153,normal_0428,9,2022-07-12 00:53:54.154,0.9,-0.003528,-0.167273,-188.91802,0,calibration
normal,14154,normal_0428,10,2022-07-12 00:53:54.254,1.0,-0.148668,-0.049642,-239.85615,0,calibration
normal,14155,normal_0428,11,2022-07-12 00:53:54.354,1.1,0.038241,0.193749,-246.37797,0,calibration
normal,14156,normal_0428,12,2022-07-12 00:53:54.454,1.2,0.172425,0.292114,-213.00914,0,calibration
normal,14157,normal_0428,13,2022-07-12 00:53:54.554,1.3,-0.000576,-0.079717,-152.63655,0,calibration
normal,14158,normal_0428,14,2022-07-12 00:53:54.654,1.4,-0.025769,-0.243874,-73.932776,0,calibration
normal,14159,normal_0428,15,2022-07-12 00:53:54.754,1.5,-0.020376,-0.090185,9.119393,0,calibration
normal,14160,normal_0428,16,2022-07-12 00:53:54.854,1.6,-0.063087,0.026459,96.407187,0,calibration
normal,14161,normal_0428,17,2022-07-12 00:53:54.954,1.7,0.071608,0.225391,170.85185,0,calibration
normal,14162,normal_0428,18,2022-07-12 00:53:55.054,1.8,0.122948,0.176322,230.15788,0,calibration
normal,14163,normal_0428,19,2022-07-12 00:53:55.154,1.9,0.039899,-0.183304,253.19925,0,calibration
normal,14164,normal_0428,20,2022-07-12 00:53:55.254,2.0,-0.000485,-0.216944,229.7391,0,calibration
normal,14165,normal_0428,21,2022-07-12 00:53:55.354,2.1,-0.063882,-0.032578,177.36675,0,calibration
normal,14166,normal_0428,22,2022-07-12 00:53:55.454,2.2,-0.000564,0.131159,101.18271,0,calibration
normal,14167,normal_0428,23,2022-07-12 00:53:55.554,2.3,0.059313,0.2821,19.243839,0,calibration
normal,14168,normal_0428,24,2022-07-12 00:53:55.654,2.4,0.0087,0.024131,-67.852982,0,calibration
normal,14169,normal_0428,25,2022-07-12 00:53:55.754,2.5,0.049628,-0.271928,-147.89512,0,calibration
normal,14170,normal_0428,26,2022-07-12 00:53:55.854,2.6,-0.017878,-0.174835,-212.71434,0,calibration
normal,14171,normal_0428,27,2022-07-12 00:53:55.954,2.7,-0.041561,-0.001709,-251.09294,0,calibration
normal,14172,normal_0428,28,2022-07-12 00:53:56.054,2.8,0.136821,0.240161,-240.41417,0,calibration
normal,14173,normal_0428,29,2022-07-12 00:53:56.154,2.9,0.029306,0.226776,-197.63603,0,calibration
normal,14174,normal_0428,30,2022-07-12 00:53:56.254,3.0,-0.111531,-0.116456,-128.4094,0,calibration
normal,14175,normal_0428,31,2022-07-12 00:53:56.354,3.1,-0.024917,-0.195475,-46.602374,0,calibration
normal,14176,normal_0428,32,2022-07-12 00:53:56.454,3.2,-0.123816,-0.10927,39.7085,0,calibration
normal,14177,normal_0428,33,2022-07-12 00:53:56.554,3.3,-0.019683,0.080092,125.51726,0,calibration
normal,14178,normal_0428,34,2022-07-12 00:53:56.654,3.4,0.232575,0.304466,195.32528,0,calibration
normal,14179,normal_0428,35,2022-07-12 00:53:56.754,3.5,0.036424,0.026005,246.38227,0,calibration
normal,14180,normal_0428,36,2022-07-12 00:53:56.854,3.6,-0.046897,-0.281396,251.91799,0,calibration
normal,14181,normal_0428,37,2022-07-12 00:53:56.954,3.7,-0.01294,-0.123268,217.12628,0,calibration
normal,14182,normal_0428,38,2022-07-12 00:53:57.054,3.8,-0.167662,-0.008793,155.13637,0,calibration
normal,14183,normal_0428,39,2022-07-12 00:53:57.154,3.9,-0.048612,0.157135,74.07833,0,calibration
normal,14184,normal_0428,40,2022-07-12 00:53:57.254,4.0,0.095337,0.295054,-10.331274,0,calibration
normal,14185,normal_0428,41,2022-07-12 00:53:57.354,4.1,0.016545,-0.060326,-98.443997,0,calibration
normal,14186,normal_0428,42,2022-07-12 00:53:57.454,4.2,-0.033841,-0.299596,-173.4735,0,calibration
normal,14187,normal_0428,43,2022-07-12 00:53:57.554,4.3,-0.064903,-0.128831,-232.30746,0,calibration
normal,14188,normal_0428,44,2022-07-12 00:53:57.654,4.4,-0.045557,0.056965,-254.28024,0,calibration
normal,14189,normal_0428,45,2022-07-12 00:53:57.754,4.5,0.018736,0.199006,-230.12772,0,calibration
normal,14190,normal_0428,46,2022-07-12 00:53:57.854,4.6,-0.004708,0.126095,-178.16331,0,calibration
normal,14191,normal_0428,47,2022-07-12 00:53:57.954,4.7,-0.04474,-0.174528,-101.63404,0,calibration
normal,14192,normal_0428,48,2022-07-12 00:53:58.054,4.8,-0.062656,-0.237471,-18.224957,0,calibration
normal,14193,normal_0428,49,2022-07-12 00:53:58.154,4.9,-0.08669,-0.042705,70.254573,0,calibration
normal,14194,normal_0429,0,2022-07-12 00:54:00.003,0.0,-0.089415,-0.083053,85.015784,0,calibration
normal,14195,normal_0429,1,2022-07-12 00:54:00.103,0.1,0.133643,0.205843,132.64944,0,calibration
normal,14196,normal_0429,2,2022-07-12 00:54:00.203,0.2,0.029579,0.147748,180.48134,0,calibration
normal,14197,normal_0429,3,2022-07-12 00:54:00.303,0.3,-0.019592,-0.064978,181.46016,0,calibration
normal,14198,normal_0429,4,2022-07-12 00:54:00.403,0.4,0.073414,-0.097403,153.38971,0,calibration
normal,14199,normal_0429,5,2022-07-12 00:54:00.503,0.5,-0.157421,-0.136526,115.85034,0,calibration
normal,14200,normal_0429,6,2022-07-12 00:54:00.603,0.6,-0.092015,0.029458,64.738043,0,calibration
normal,14201,normal_0429,7,2022-07-12 00:54:00.703,0.7,0.139002,0.226574,6.560088,0,calibration
normal,14202,normal_0429,8,2022-07-12 00:54:00.803,0.8,-0.027119,0.000133,-63.185223,0,calibration
normal,14203,normal_0429,9,2022-07-12 00:54:00.903,0.9,0.057735,-0.149163,-114.0665,0,calibration
normal,14204,normal_0429,10,2022-07-12 00:54:01.003,1.0,0.109733,-0.069769,-165.0392,0,calibration
normal,14205,normal_0429,11,2022-07-12 00:54:01.103,1.1,-0.126199,-0.057371,-184.83534,0,calibration
normal,14206,normal_0429,12,2022-07-12 00:54:01.203,1.2,0.000594,0.139074,-161.47913,0,calibration
normal,14207,normal_0429,13,2022-07-12 00:54:01.303,1.3,-0.001404,0.181796,-129.86721,0,calibration
normal,14208,normal_0429,14,2022-07-12 00:54:01.403,1.4,-0.072987,-0.061186,-81.163058,0,calibration
normal,14209,normal_0429,15,2022-07-12 00:54:01.503,1.5,0.077081,-0.105691,-27.284268,0,calibration
normal,14210,normal_0429,16,2022-07-12 00:54:01.603,1.6,-0.016243,-0.120927,40.964847,0,calibration
normal,14211,normal_0429,17,2022-07-12 00:54:01.703,1.7,0.002195,-0.005305,97.755563,0,calibration
normal,14212,normal_0429,18,2022-07-12 00:54:01.803,1.8,0.058473,0.183182,147.41291,0,calibration
normal,14213,normal_0429,19,2022-07-12 00:54:01.903,1.9,-0.043059,0.045728,183.93805,0,calibration
normal,14214,normal_0429,20,2022-07-12 00:54:02.003,2.0,0.042749,-0.072778,169.93239,0,calibration
normal,14215,normal_0429,21,2022-07-12 00:54:02.103,2.1,-0.017378,-0.100559,141.92476,0,calibration
normal,14216,normal_0429,22,2022-07-12 00:54:02.203,2.2,-0.111361,-0.083598,99.114072,0,calibration
normal,14217,normal_0429,23,2022-07-12 00:54:02.303,2.3,0.048221,0.151131,48.797256,0,calibration
normal,14218,normal_0429,24,2022-07-12 00:54:02.403,2.4,-0.000485,0.173679,-13.538362,0,calibration
normal,14219,normal_0429,25,2022-07-12 00:54:02.503,2.5,-0.058874,-0.047517,-77.036152,0,calibration
normal,14220,normal_0429,26,2022-07-12 00:54:02.603,2.6,0.074197,-0.118486,-124.87723,0,calibration
normal,14221,normal_0429,27,2022-07-12 00:54:02.703,2.7,-0.035441,-0.164876,-173.10466,0,calibration
normal,14222,normal_0429,28,2022-07-12 00:54:02.803,2.8,-0.040596,-0.027864,-174.65808,0,calibration
normal,14223,normal_0429,29,2022-07-12 00:54:02.903,2.9,0.119951,0.232114,-149.04978,0,calibration
normal,14224,normal_0429,30,2022-07-12 00:54:03.003,3.0,-0.027369,0.093775,-114.06542,0,calibration
normal,14225,normal_0429,31,2022-07-12 00:54:03.103,3.1,-0.059612,-0.081804,-65.084584,0,calibration
normal,14226,normal_0429,32,2022-07-12 00:54:03.203,3.2,0.022052,-0.086254,-9.44841,0,calibration
normal,14227,normal_0429,33,2022-07-12 00:54:03.303,3.3,-0.133182,-0.126433,58.024056,0,calibration
normal,14228,normal_0429,34,2022-07-12 00:54:03.403,3.4,-0.034181,0.078175,106.66896,0,calibration
normal,14229,normal_0429,35,2022-07-12 00:54:03.503,3.5,0.136674,0.189903,158.01825,0,calibration
normal,14230,normal_0429,36,2022-07-12 00:54:03.603,3.6,0.012435,-0.047176,179.18219,0,calibration
normal,14231,normal_0429,37,2022-07-12 00:54:03.703,3.7,0.075571,-0.103443,156.89339,0,calibration
normal,14232,normal_0429,38,2022-07-12 00:54:03.803,3.8,0.023755,-0.069236,128.32679,0,calibration
normal,14233,normal_0429,39,2022-07-12 00:54:03.903,3.9,-0.145659,-0.056713,83.068381,0,calibration
normal,14234,normal_0429,40,2022-07-12 00:54:04.003,4.0,-0.010827,0.145455,34.308795,0,calibration
normal,14235,normal_0429,41,2022-07-12 00:54:04.103,4.1,-0.037087,0.15112,-32.370929,0,calibration
normal,14236,normal_0429,42,2022-07-12 00:54:04.203,4.2,0.024141,-0.066057,-86.70188,0,calibration
normal,14237,normal_0429,43,2022-07-12 00:54:04.303,4.3,0.130873,-0.133086,-134.54606,0,calibration
normal,14238,normal_0429,44,2022-07-12 00:54:04.403,4.4,-0.045977,-0.12011,-175.64346,0,calibration
normal,14239,normal_0429,45,2022-07-12 00:54:04.503,4.5,0.043373,0.065732,-162.09652,0,calibration
normal,14240,normal_0429,46,2022-07-12 00:54:04.603,4.6,0.039661,0.20691,-136.95265,0,calibration
normal,14241,normal_0429,47,2022-07-12 00:54:04.703,4.7,-0.119989,0.029742,-98.204386,0,calibration
normal,14242,normal_0429,48,2022-07-12 00:54:04.803,4.8,0.052615,-0.081645,-51.205999,0,calibration
normal,14243,normal_0429,49,2022-07-12 00:54:04.903,4.9,-0.004242,-0.138263,9.353043,0,calibration
normal,14244,normal_0430,0,2022-07-12 00:54:07.775,0.0,0.023886,-0.006034,94.187986,0,calibration
normal,14245,normal_0430,1,2022-07-12 00:54:07.875,0.1,0.142698,0.021634,72.711238,0,calibration
normal,14246,normal_0430,2,2022-07-12 00:54:07.975,0.2,0.09011,0.032896,32.669787,0,calibration
normal,14247,normal_0430,3,2022-07-12 00:54:08.075,0.3,0.058457,-0.080432,-7.583738,0,calibration
normal,14248,normal_0430,4,2022-07-12 00:54:08.175,0.4,0.017529,0.085723,-58.101303,0,calibration
normal,14249,normal_0430,5,2022-07-12 00:54:08.275,0.5,-0.00654,0.152934,-101.50279,0,calibration
normal,14250,normal_0430,6,2022-07-12 00:54:08.375,0.6,0.022172,0.010746,-107.13531,0,calibration
normal,14251,normal_0430,7,2022-07-12 00:54:08.475,0.7,0.008378,0.031057,-110.63911,0,calibration
normal,14252,normal_0430,8,2022-07-12 00:54:08.575,0.8,0.002542,-0.008452,-99.834812,0,calibration
normal,14253,normal_0430,9,2022-07-12 00:54:08.675,0.9,0.060274,-0.038311,-80.695043,0,calibration
normal,14254,normal_0430,10,2022-07-12 00:54:08.775,1.0,0.069106,0.059111,-46.80944,0,calibration
normal,14255,normal_0430,11,2022-07-12 00:54:08.875,1.1,0.026009,0.009951,-4.36914,0,calibration
normal,14256,normal_0430,12,2022-07-12 00:54:08.975,1.2,0.096604,-0.005898,40.255313,0,calibration
normal,14257,normal_0430,13,2022-07-12 00:54:09.075,1.3,0.055255,0.004434,92.970263,0,calibration
normal,14258,normal_0430,14,2022-07-12 00:54:09.175,1.4,0.010785,-0.11196,108.17756,0,calibration
normal,14259,normal_0430,15,2022-07-12 00:54:09.275,1.5,0.069004,0.033657,110.84892,0,calibration
normal,14260,normal_0430,16,2022-07-12 00:54:09.375,1.6,0.03222,0.121633,106.2888,0,calibration
normal,14261,normal_0430,17,2022-07-12 00:54:09.475,1.7,0.037794,-0.078014,88.401209,0,calibration
normal,14262,normal_0430,18,2022-07-12 00:54:09.575,1.8,0.029699,-0.035689,61.903126,0,calibration
normal,14263,normal_0430,19,2022-07-12 00:54:09.675,1.9,-0.090293,0.018182,19.563081,0,calibration
normal,14264,normal_0430,20,2022-07-12 00:54:09.775,2.0,-0.051976,-0.032692,-20.816686,0,calibration
normal,14265,normal_0430,21,2022-07-12 00:54:09.875,2.1,-0.0187,0.064299,-75.404176,0,calibration
normal,14266,normal_0430,22,2022-07-12 00:54:09.975,2.2,-0.069392,0.042274,-104.96761,0,calibration
normal,14267,normal_0430,23,2022-07-12 00:54:10.075,2.3,0.071343,-0.010382,-107.84901,0,calibration
normal,14268,normal_0430,24,2022-07-12 00:54:10.175,2.4,0.043164,-0.008816,-109.37716,0,calibration
normal,14269,normal_0430,25,2022-07-12 00:54:10.275,2.5,-0.037137,-0.091853,-94.2402,0,calibration
normal,14270,normal_0430,26,2022-07-12 00:54:10.375,2.6,0.018414,0.010905,-73.141464,0,calibration
normal,14271,normal_0430,27,2022-07-12 00:54:10.475,2.7,-0.058118,0.109134,-34.13165,0,calibration
normal,14272,normal_0430,28,2022-07-12 00:54:10.575,2.8,-0.045153,-0.019181,6.115914,0,calibration
normal,14273,normal_0430,29,2022-07-12 00:54:10.675,2.9,-0.025546,-0.045782,56.935436,0,calibration
normal,14274,normal_0430,30,2022-07-12 00:54:10.775,3.0,-0.126771,-0.003604,100.68656,0,calibration
normal,14275,normal_0430,31,2022-07-12 00:54:10.875,3.1,-0.096992,-0.011245,107.62311,0,calibration
normal,14276,normal_0430,32,2022-07-12 00:54:10.975,3.2,-0.065146,0.028151,111.5246,0,calibration
normal,14277,normal_0430,33,2022-07-12 00:54:11.075,3.3,-0.106052,0.022746,101.26091,0,calibration
normal,14278,normal_0430,34,2022-07-12 00:54:11.175,3.4,-0.032131,-0.044226,82.561503,0,calibration
normal,14279,normal_0430,35,2022-07-12 00:54:11.275,3.5,-0.034662,-0.085507,49.857861,0,calibration
normal,14280,normal_0430,36,2022-07-12 00:54:11.375,3.6,-0.105484,-0.106976,8.774997,0,calibration
normal,14281,normal_0430,37,2022-07-12 00:54:11.475,3.7,-0.049899,-0.018386,-35.831098,0,calibration
normal,14282,normal_0430,38,2022-07-12 00:54:11.575,3.8,-0.03137,0.010757,-88.409315,0,calibration
normal,14283,normal_0431,0,2022-07-12 00:54:15.782,0.0,0.010439,-0.301859,176.75271,0,calibration
normal,14284,normal_0431,1,2022-07-12 00:54:15.882,0.1,-0.011848,-0.172193,228.17459,0,calibration
normal,14285,normal_0431,2,2022-07-12 00:54:15.982,0.2,-0.121849,-0.038452,237.15892,0,calibration
normal,14286,normal_0431,3,2022-07-12 00:54:16.082,0.3,-0.061439,0.218984,206.24974,0,calibration
normal,14287,normal_0431,4,2022-07-12 00:54:16.182,0.4,0.102037,0.35033,153.5361,0,calibration
normal,14288,normal_0431,5,2022-07-12 00:54:16.282,0.5,0.042501,-0.08307,80.40596,0,calibration
normal,14289,normal_0431,6,2022-07-12 00:54:16.382,0.6,-0.047883,-0.338189,1.40214,0,calibration
normal,14290,normal_0431,7,2022-07-12 00:54:16.482,0.7,-0.020839,-0.103233,-83.692918,0,calibration
normal,14291,normal_0431,8,2022-07-12 00:54:16.582,0.8,0.012448,0.114693,-156.44314,0,calibration
normal,14292,normal_0431,9,2022-07-12 00:54:16.682,0.9,0.027855,0.243632,-213.97259,0,calibration
normal,14293,normal_0431,10,2022-07-12 00:54:16.782,1.0,0.014163,0.147901,-239.17046,0,calibration
normal,14294,normal_0431,11,2022-07-12 00:54:16.882,1.1,0.014651,-0.171501,-217.35409,0,calibration
normal,14295,normal_0431,12,2022-07-12 00:54:16.982,1.2,-0.075642,-0.273249,-172.34327,0,calibration
normal,14296,normal_0431,13,2022-07-12 00:54:17.082,1.3,-0.109293,-0.042187,-104.61105,0,calibration
normal,14297,normal_0431,14,2022-07-12 00:54:17.182,1.4,0.09753,0.263738,-27.622822,0,calibration
normal,14298,normal_0431,15,2022-07-12 00:54:17.282,1.5,0.059065,0.261785,56.122787,0,calibration
normal,14299,normal_0431,16,2022-07-12 00:54:17.382,1.6,-0.049086,-0.044685,135.49449,0,calibration
normal,14300,normal_0431,17,2022-07-12 00:54:17.482,1.7,0.021928,-0.25145,198.65289,0,calibration
normal,14301,normal_0431,18,2022-07-12 00:54:17.582,1.8,-0.129956,-0.22099,239.32126,0,calibration
normal,14302,normal_0431,19,2022-07-12 00:54:17.682,1.9,-0.061007,0.037286,231.10333,0,calibration
normal,14303,normal_0431,20,2022-07-12 00:54:17.782,2.0,0.189945,0.330064,192.13309,0,calibration
normal,14304,normal_0431,21,2022-07-12 00:54:17.882,2.1,0.066445,0.169722,130.32521,0,calibration
normal,14305,normal_0431,22,2022-07-12 00:54:17.982,2.2,-0.028503,-0.184523,53.724772,0,calibration
normal,14306,normal_0431,23,2022-07-12 00:54:18.082,2.3,-0.031557,-0.225996,-28.375629,0,calibration
normal,14307,normal_0431,24,2022-07-12 00:54:18.182,2.4,-0.151175,-0.129777,-112.97537,0,calibration
normal,14308,normal_0431,25,2022-07-12 00:54:18.282,2.5,-0.066411,0.138625,-180.73549,0,calibration
normal,14309,normal_0431,26,2022-07-12 00:54:18.382,2.6,0.150254,0.318711,-231.46906,0,calibration
normal,14310,normal_0431,27,2022-07-12 00:54:18.482,2.7,0.101606,-0.01864,-238.73511,0,calibration
normal,14311,normal_0432,0,2022-07-12 00:54:23.963,0.0,0.034853,-0.027288,110.42191,0,calibration
normal,14312,normal_0432,1,2022-07-12 00:54:24.063,0.1,-0.006904,0.010814,93.18186,0,calibration
normal,14313,normal_0432,2,2022-07-12 00:54:24.163,0.2,0.001452,0.01514,70.263394,0,calibration
normal,14314,normal_0432,3,2022-07-12 00:54:24.263,0.3,-0.079769,-0.024722,29.235963,0,calibration
normal,14315,normal_0432,4,2022-07-12 00:54:24.363,0.4,-0.002953,-0.012438,-13.773443,0,calibration
normal,14316,normal_0432,5,2022-07-12 00:54:24.463,0.5,-0.00427,-0.013153,-60.108907,0,calibration
normal,14317,normal_0432,6,2022-07-12 00:54:24.563,0.6,-0.043734,0.001822,-105.30735,0,calibration
normal,14318,normal_0432,7,2022-07-12 00:54:24.663,0.7,0.072523,0.035678,-111.40968,0,calibration
normal,14319,normal_0432,8,2022-07-12 00:54:24.763,0.8,0.035671,0.017422,-111.06004,0,calibration
normal,14320,normal_0432,9,2022-07-12 00:54:24.863,0.9,0.036409,0.076425,-98.847878,0,calibration
normal,14321,normal_0432,10,2022-07-12 00:54:24.963,1.0,0.094004,0.027742,-77.039728,0,calibration
normal,14322,normal_0432,11,2022-07-12 00:54:25.063,1.1,-0.03355,-0.079376,-43.158298,0,calibration
normal,14323,normal_0432,12,2022-07-12 00:54:25.163,1.2,-0.028521,0.058952,2.461434,0,calibration
normal,14324,normal_0432,13,2022-07-12 00:54:25.263,1.3,0.049646,0.091638,44.629222,0,calibration
normal,14325,normal_0432,14,2022-07-12 00:54:25.363,1.4,0.008559,-0.039969,96.442234,0,calibration
normal,14326,normal_0432,15,2022-07-12 00:54:25.463,1.5,0.049476,-0.015685,114.44677,0,calibration
normal,14327,normal_0432,16,2022-07-12 00:54:25.563,1.6,0.042233,0.011177,112.78225,0,calibration
normal,14328,normal_0432,17,2022-07-12 00:54:25.663,1.7,-0.049899,-0.008407,106.26794,0,calibration
normal,14329,normal_0432,18,2022-07-12 00:54:25.763,1.8,-0.032926,0.029638,85.46711,0,calibration
normal,14330,normal_0432,19,2022-07-12 00:54:25.863,1.9,-0.008414,0.060008,57.760126,0,calibration
normal,14331,normal_0432,20,2022-07-12 00:54:25.963,2.0,0.027905,0.059588,11.73246,0,calibration
normal,14332,normal_0432,21,2022-07-12 00:54:26.063,2.1,0.099181,-0.011688,-29.817704,0,calibration
normal,14333,normal_0432,22,2022-07-12 00:54:26.163,2.2,0.046706,-0.022928,-80.716024,0,calibration
normal,14334,normal_0432,23,2022-07-12 00:54:26.263,2.3,0.026713,0.062029,-112.55778,0,calibration
normal,14335,normal_0432,24,2022-07-12 00:54:26.363,2.4,0.049204,0.040594,-111.92013,0,calibration
normal,14336,normal_0433,0,2022-07-12 00:54:32.064,0.0,-0.009085,-0.333995,227.1128,0,calibration
normal,14337,normal_0433,1,2022-07-12 00:54:32.164,0.1,-0.031507,-0.197029,177.5855,0,calibration
normal,14338,normal_0433,2,2022-07-12 00:54:32.264,0.2,-0.037059,0.055104,103.13715,0,calibration
normal,14339,normal_0433,3,2022-07-12 00:54:32.364,0.3,0.051042,0.253366,21.400097,0,calibration
normal,14340,normal_0433,4,2022-07-12 00:54:32.464,0.4,0.05371,0.234213,-64.994939,0,calibration
normal,14341,normal_0433,5,2022-07-12 00:54:32.564,0.5,0.008683,-0.120974,-143.45004,0,calibration
normal,14342,normal_0433,6,2022-07-12 00:54:32.664,0.6,-0.056201,-0.306077,-206.67543,0,calibration
normal,14343,normal_0433,7,2022-07-12 00:54:32.764,0.7,-0.135401,-0.131419,-245.83724,0,calibration
normal,14344,normal_0433,8,2022-07-12 00:54:32.864,0.8,0.029925,0.166025,-236.23779,0,calibration
normal,14345,normal_0433,9,2022-07-12 00:54:32.964,0.9,0.121819,0.319465,-195.23945,0,calibration
normal,14346,normal_0433,10,2022-07-12 00:54:33.064,1.0,0.05111,0.089913,-128.25836,0,calibration
normal,14347,normal_0434,0,2022-07-12 00:54:41.336,0.0,-0.035204,-0.090251,107.14723,0,calibration
normal,14348,normal_0434,1,2022-07-12 00:54:41.436,0.1,-0.047909,0.095636,109.80333,0,calibration
normal,14349,normal_0434,2,2022-07-12 00:54:41.536,0.2,-0.018504,0.044671,95.723879,0,calibration
normal,14350,normal_0434,3,2022-07-12 00:54:41.636,0.3,0.017191,-0.101003,75.337061,0,calibration
normal,14351,normal_0434,4,2022-07-12 00:54:41.736,0.4,-0.023386,-0.004228,37.060384,0,calibration
normal,14352,normal_0434,5,2022-07-12 00:54:41.836,0.5,-0.08685,-0.07229,-1.408935,0,calibration
normal,14353,normal_0434,6,2022-07-12 00:54:41.936,0.6,-0.053324,-0.059041,-48.456198,0,calibration
normal,14354,normal_0434,7,2022-07-12 00:54:42.036,0.7,-0.008956,0.052652,-95.394504,0,calibration
normal,14355,normal_0434,8,2022-07-12 00:54:42.136,0.8,0.006144,-0.01012,-104.75208,0,calibration
normal,14356,normal_0434,9,2022-07-12 00:54:42.236,0.9,0.042452,0.032035,-109.3867,0,calibration
normal,14357,normal_0434,10,2022-07-12 00:54:42.336,1.0,-0.048851,-0.020202,-100.82878,0,calibration
normal,14358,normal_0434,11,2022-07-12 00:54:42.436,1.1,-0.094889,-0.08848,-82.546721,0,calibration
normal,14359,normal_0434,12,2022-07-12 00:54:42.536,1.2,-0.021592,0.138165,-50.514942,0,calibration
normal,14360,normal_0434,13,2022-07-12 00:54:42.636,1.3,-0.015075,0.056285,-9.235026,0,calibration
normal,14361,normal_0434,14,2022-07-12 00:54:42.736,1.4,0.038251,-0.148051,31.97873,0,calibration
normal,14362,normal_0434,15,2022-07-12 00:54:42.836,1.5,0.063569,0.015573,85.708271,0,calibration
normal,14363,normal_0434,16,2022-07-12 00:54:42.936,1.6,-0.016097,-0.011539,105.7942,0,calibration
normal,14364,normal_0434,17,2022-07-12 00:54:43.036,1.7,-0.018742,-0.07665,109.42818,0,calibration
normal,14365,normal_0434,18,2022-07-12 00:54:43.136,1.8,-0.052859,0.057818,106.4762,0,calibration
normal,14366,normal_0434,19,2022-07-12 00:54:43.236,1.9,-0.057752,0.04382,89.026939,0,calibration
normal,14367,normal_0434,20,2022-07-12 00:54:43.336,2.0,0.070006,0.028799,63.366421,0,calibration
normal,14368,normal_0434,21,2022-07-12 00:54:43.436,2.1,0.035333,-0.032077,21.41762,0,calibration
normal,14369,normal_0434,22,2022-07-12 00:54:43.536,2.2,0.008687,-0.078296,-16.521813,0,calibration
normal,14370,normal_0434,23,2022-07-12 00:54:43.636,2.3,0.050865,0.091412,-69.101819,0,calibration
normal,14371,normal_0434,24,2022-07-12 00:54:43.736,2.4,0.00577,0.073304,-102.53848,0,calibration
normal,14372,normal_0434,25,2022-07-12 00:54:43.836,2.5,0.047357,-0.041285,-106.58134,0,calibration
normal,14373,normal_0434,26,2022-07-12 00:54:43.936,2.6,0.028556,-0.006464,-108.71889,0,calibration
normal,14374,normal_0434,27,2022-07-12 00:54:44.036,2.7,-0.018106,-0.064604,-94.097626,0,calibration
normal,14375,normal_0434,28,2022-07-12 00:54:44.136,2.8,0.050558,-0.035494,-73.313483,0,calibration
normal,14376,normal_0434,29,2022-07-12 00:54:44.236,2.9,0.056257,0.082137,-34.18744,0,calibration
normal,14377,normal_0434,30,2022-07-12 00:54:44.336,3.0,0.046233,0.009578,5.041004,0,calibration
normal,14378,normal_0434,31,2022-07-12 00:54:44.436,3.1,0.038842,-0.031146,52.48285,0,calibration
normal,14379,normal_0434,32,2022-07-12 00:54:44.536,3.2,-0.02065,-0.021553,98.89282,0,calibration
normal,14380,normal_0434,33,2022-07-12 00:54:44.636,3.3,-0.013259,-0.050469,107.20874,0,calibration
normal,14381,normal_0434,34,2022-07-12 00:54:44.736,3.4,0.01106,0.070023,110.73674,0,calibration
normal,14382,normal_0434,35,2022-07-12 00:54:44.836,3.5,0.029373,0.097203,101.0374,0,calibration
normal,14383,normal_0434,36,2022-07-12 00:54:44.936,3.6,0.075002,-0.018998,81.977139,0,calibration
normal,14384,normal_0434,37,2022-07-12 00:54:45.036,3.7,0.052727,0.004299,48.949486,0,calibration
normal,14385,normal_0434,38,2022-07-12 00:54:45.136,3.8,0.011673,-0.046995,7.290722,0,calibration
normal,14386,normal_0434,39,2022-07-12 00:54:45.236,3.9,-0.022863,-0.042136,-33.664231,0,calibration
normal,14387,normal_0434,40,2022-07-12 00:54:45.336,4.0,-0.030606,0.112575,-86.811195,0,calibration
normal,14388,normal_0434,41,2022-07-12 00:54:45.436,4.1,0.010697,0.006797,-105.608,0,calibration
normal,14389,normal_0434,42,2022-07-12 00:54:45.536,4.2,0.01215,-0.060982,-108.5967,0,calibration
normal,14390,normal_0434,43,2022-07-12 00:54:45.636,4.3,-0.014076,0.024837,-105.3846,0,calibration
normal,14391,normal_0434,44,2022-07-12 00:54:45.736,4.4,-0.016108,-0.03076,-87.709437,0,calibration
normal,14392,normal_0434,45,2022-07-12 00:54:45.836,4.5,-0.003767,0.034442,-61.93269,0,calibration
normal,14393,normal_0434,46,2022-07-12 00:54:45.936,4.6,-0.029028,0.095352,-19.538047,0,calibration
normal,14394,normal_0434,47,2022-07-12 00:54:46.036,4.7,-0.011624,-0.020088,18.990281,0,calibration
normal,14395,normal_0434,48,2022-07-12 00:54:46.136,4.8,0.007041,0.001767,71.823844,0,calibration
normal,14396,normal_0434,49,2022-07-12 00:54:46.236,4.9,-0.035715,-0.005976,104.78426,0,calibration
normal,14397,normal_0435,0,2022-07-12 00:54:48.044,0.0,0.065746,0.168849,-133.3573,0,calibration
normal,14398,normal_0435,1,2022-07-12 00:54:48.144,0.1,-0.023491,0.119848,-96.74431,0,calibration
normal,14399,normal_0435,2,2022-07-12 00:54:48.244,0.2,-0.034878,-0.032331,-50.146586,0,calibration
normal,14400,normal_0435,3,2022-07-12 00:54:48.344,0.3,0.01318,-0.088246,3.336907,0,calibration
normal,14401,normal_0435,4,2022-07-12 00:54:48.444,0.4,-0.076056,-0.106661,64.55601,0,calibration
normal,14402,normal_0435,5,2022-07-12 00:54:48.544,0.5,0.034706,0.109664,107.63003,0,calibration
normal,14403,normal_0435,6,2022-07-12 00:54:48.644,0.6,0.106879,0.180554,155.73909,0,calibration
normal,14404,normal_0435,7,2022-07-12 00:54:48.744,0.7,-0.037682,-0.022454,167.34256,0,calibration
normal,14405,normal_0435,8,2022-07-12 00:54:48.844,0.8,0.004609,-0.091153,142.91038,0,calibration
normal,14406,normal_0435,9,2022-07-12 00:54:48.944,0.9,-0.011592,-0.106536,112.81325,0,calibration
normal,14407,normal_0435,10,2022-07-12 00:54:49.044,1.0,-0.107834,-0.056514,67.919262,0,calibration
normal,14408,normal_0435,11,2022-07-12 00:54:49.144,1.1,0.061069,0.166408,19.34159,0,calibration
normal,14409,normal_0435,12,2022-07-12 00:54:49.244,1.2,0.044504,0.115375,-42.94086,0,calibration
normal,14410,normal_0435,13,2022-07-12 00:54:49.344,1.3,-0.06149,-0.102881,-91.322314,0,calibration
normal,14411,normal_0435,14,2022-07-12 00:54:49.444,1.4,0.046979,-0.062122,-138.25621,0,calibration
normal,14412,normal_0435,15,2022-07-12 00:54:49.544,1.5,-0.045936,-0.039053,-166.97909,0,calibration
normal,14413,normal_0435,16,2022-07-12 00:54:49.644,1.6,-0.086002,0.069723,-149.42517,0,calibration
normal,14414,normal_0435,17,2022-07-12 00:54:49.744,1.7,-0.021958,0.199389,-123.217,0,calibration
normal,14415,normal_0435,18,2022-07-12 00:54:49.844,1.8,-0.109548,-0.027132,-81.838141,0,calibration
normal,14416,normal_0435,19,2022-07-12 00:54:49.944,1.9,-0.01753,-0.122669,-34.92773,0,calibration
normal,14417,normal_0435,20,2022-07-12 00:54:50.044,2.0,0.051396,-0.064268,22.812012,0,calibration
normal,14418,normal_0435,21,2022-07-12 00:54:50.144,2.1,-0.003327,-0.066607,77.190051,0,calibration
normal,14419,normal_0435,22,2022-07-12 00:54:50.244,2.2,0.032651,0.078079,122.30326,0,calibration
normal,14420,normal_0435,23,2022-07-12 00:54:50.344,2.3,-0.049762,0.080997,163.08429,0,calibration
normal,14421,normal_0435,24,2022-07-12 00:54:50.444,2.4,-0.070402,-0.060578,158.43882,0,calibration
normal,14422,normal_0435,25,2022-07-12 00:54:50.544,2.5,0.019073,-0.093571,133.81495,0,calibration
normal,14423,normal_0435,26,2022-07-12 00:54:50.644,2.6,-0.041213,-0.102347,97.329628,0,calibration
normal,14424,normal_0435,27,2022-07-12 00:54:50.744,2.7,0.024522,0.021097,51.071531,0,calibration
normal,14425,normal_0435,28,2022-07-12 00:54:50.844,2.8,0.123443,0.180815,-2.344609,0,calibration
normal,14426,normal_0435,29,2022-07-12 00:54:50.944,2.9,-0.012739,0.058552,-62.129624,0,calibration
normal,14427,normal_0435,30,2022-07-12 00:54:51.044,3.0,-0.006166,-0.120558,-108.14883,0,calibration
normal,14428,normal_0435,31,2022-07-12 00:54:51.144,3.1,0.009298,-0.136157,-154.43971,0,calibration
normal,14429,normal_0435,32,2022-07-12 00:54:51.244,3.2,-0.098592,-0.090835,-164.9132,0,calibration
normal,14430,normal_0435,33,2022-07-12 00:54:51.344,3.3,0.049409,0.117452,-142.6772,0,calibration
normal,14431,normal_0435,34,2022-07-12 00:54:51.444,3.4,0.091246,0.199241,-110.74854,0,calibration
normal,14432,normal_0435,35,2022-07-12 00:54:51.544,3.5,-0.042961,-0.021659,-63.577183,0,calibration
normal,14433,normal_0435,36,2022-07-12 00:54:51.644,3.6,0.001169,-0.067549,-12.426855,0,calibration
normal,14434,normal_0435,37,2022-07-12 00:54:51.744,3.7,-0.026477,-0.072499,48.238164,0,calibration
normal,14435,normal_0435,38,2022-07-12 00:54:51.844,3.8,-0.09169,-0.052915,98.812353,0,calibration
normal,14436,normal_0435,39,2022-07-12 00:54:51.944,3.9,0.036545,0.155474,146.26374,0,calibration
normal,14437,normal_0435,40,2022-07-12 00:54:52.044,4.0,0.099885,0.123606,171.16346,0,calibration
normal,14438,normal_0435,41,2022-07-12 00:54:52.144,4.1,0.043323,-0.057899,154.91571,0,calibration
normal,14439,normal_0435,42,2022-07-12 00:54:52.244,4.2,0.044175,-0.112713,125.33523,0,calibration
normal,14440,normal_0435,43,2022-07-12 00:54:52.344,4.3,-0.039748,-0.108353,79.770098,0,calibration
normal,14441,normal_0435,44,2022-07-12 00:54:52.444,4.4,-0.060763,0.029737,29.180888,0,calibration
normal,14442,normal_0435,45,2022-07-12 00:54:52.544,4.5,0.032129,0.178749,-30.710701,0,calibration
normal,14443,normal_0435,46,2022-07-12 00:54:52.644,4.6,0.02299,0.030634,-87.373744,0,calibration
normal,14444,normal_0435,47,2022-07-12 00:54:52.744,4.7,0.059502,-0.131548,-135.68498,0,calibration
normal,14445,normal_0435,48,2022-07-12 00:54:52.844,4.8,0.068221,-0.117867,-171.80111,0,calibration
normal,14446,normal_0436,0,2022-07-12 00:54:56.093,0.0,0.114599,0.279273,-11.5124,0,calibration
normal,14447,normal_0436,1,2022-07-12 00:54:56.193,0.1,0.012738,-0.070715,79.626689,0,calibration
normal,14448,normal_0436,2,2022-07-12 00:54:56.293,0.2,0.037692,-0.280455,160.62774,0,calibration
normal,14449,normal_0436,3,2022-07-12 00:54:56.393,0.3,-0.08909,-0.138948,222.8544,0,calibration
normal,14450,normal_0436,4,2022-07-12 00:54:56.493,0.4,-0.016644,0.053944,255.98601,0,calibration
normal,14451,normal_0436,5,2022-07-12 00:54:56.593,0.5,0.204722,0.314899,238.04226,0,calibration
normal,14452,normal_0436,6,2022-07-12 00:54:56.693,0.6,0.044947,0.163129,192.7835,0,calibration
normal,14453,normal_0436,7,2022-07-12 00:54:56.793,0.7,0.00277,-0.183566,123.74438,0,calibration
normal,14454,normal_0436,8,2022-07-12 00:54:56.893,0.8,0.002418,-0.177208,41.04424,0,calibration
normal,14455,normal_0436,9,2022-07-12 00:54:56.993,0.9,-0.179007,-0.119488,-47.990805,0,calibration
normal,14456,normal_0436,10,2022-07-12 00:54:57.093,1.0,0.011001,0.139003,-134.50028,0,calibration
normal,14457,normal_0436,11,2022-07-12 00:54:57.193,1.1,0.217948,0.325742,-201.21744,0,calibration
normal,14458,normal_0436,12,2022-07-12 00:54:57.293,1.2,0.016609,-0.034429,-247.38589,0,calibration
normal,14459,normal_0436,13,2022-07-12 00:54:57.393,1.3,-0.006086,-0.244147,-245.29305,0,calibration
normal,14460,normal_0436,14,2022-07-12 00:54:57.493,1.4,-0.03859,-0.098961,-207.36649,0,calibration
normal,14461,normal_0436,15,2022-07-12 00:54:57.593,1.5,-0.186092,-0.013562,-147.52616,0,calibration
normal,14462,normal_0436,16,2022-07-12 00:54:57.693,1.6,-0.016724,0.231873,-68.399557,0,calibration
normal,14463,normal_0436,17,2022-07-12 00:54:57.793,1.7,0.058537,0.265138,16.771915,0,calibration
normal,14464,normal_0436,18,2022-07-12 00:54:57.893,1.8,-0.0474,-0.180262,107.11469,0,calibration
normal,14465,normal_0436,19,2022-07-12 00:54:57.993,1.9,-0.054996,-0.288368,180.75027,0,calibration
normal,14466,normal_0436,20,2022-07-12 00:54:58.093,2.0,-0.078202,-0.075971,236.78067,0,calibration
normal,14467,normal_0436,21,2022-07-12 00:54:58.193,2.1,-0.001227,0.105465,253.39237,0,calibration
normal,14468,normal_0436,22,2022-07-12 00:54:58.293,2.2,0.080687,0.276003,223.87853,0,calibration
normal,14469,normal_0436,23,2022-07-12 00:54:58.393,2.3,-0.024024,0.035597,171.78573,0,calibration
normal,14470,normal_0436,24,2022-07-12 00:54:58.493,2.4,-0.030734,-0.292001,96.369636,0,calibration
normal,14471,normal_0436,25,2022-07-12 00:54:58.593,2.5,-0.124512,-0.23251,13.059975,0,calibration
normal,14472,normal_0436,26,2022-07-12 00:54:58.693,2.6,-0.139033,-0.034827,-77.683577,0,calibration
normal,14473,normal_0436,27,2022-07-12 00:54:58.793,2.7,0.143914,0.242511,-158.24856,0,calibration
normal,14474,normal_0436,28,2022-07-12 00:54:58.893,2.8,0.057833,0.203694,-219.55111,0,calibration
normal,14475,normal_0436,29,2022-07-12 00:54:58.993,2.9,-0.020947,-0.104275,-252.73374,0,calibration
normal,14476,normal_0436,30,2022-07-12 00:54:59.093,3.0,0.051611,-0.172973,-234.20182,0,calibration
normal,14477,normal_0436,31,2022-07-12 00:54:59.193,3.1,-0.207379,-0.177254,-189.29925,0,calibration
normal,14478,normal_0436,32,2022-07-12 00:54:59.293,3.2,-0.136308,0.052309,-121.71031,0,calibration
normal,14479,normal_0436,33,2022-07-12 00:54:59.393,3.3,0.144447,0.342771,-40.31599,0,calibration
normal,14480,normal_0436,34,2022-07-12 00:54:59.493,3.4,0.044073,0.04384,47.389155,0,calibration
normal,14481,normal_0437,0,2022-07-12 00:55:04.088,0.0,-0.005732,0.0207,73.637137,0,calibration
normal,14482,normal_0437,1,2022-07-12 00:55:04.188,0.1,0.073957,-0.008693,109.9626,0,calibration
normal,14483,normal_0437,2,2022-07-12 00:55:04.288,0.2,-0.059047,-0.012043,111.38917,0,calibration
normal,14484,normal_0437,3,2022-07-12 00:55:04.388,0.3,-0.035035,-0.010067,110.4752,0,calibration
normal,14485,normal_0437,4,2022-07-12 00:55:04.488,0.4,0.050955,0.042305,93.268048,0,calibration
normal,14486,normal_0437,5,2022-07-12 00:55:04.588,0.5,-0.101133,-0.096522,71.34808,0,calibration
normal,14487,normal_0437,6,2022-07-12 00:55:04.688,0.6,-0.018084,-0.050212,31.313781,0,calibration
normal,14488,normal_0437,7,2022-07-12 00:55:04.788,0.7,0.044495,0.173231,-7.823826,0,calibration
normal,14489,normal_0437,8,2022-07-12 00:55:04.888,0.8,-0.007696,0.015012,-53.321606,0,calibration
normal,14490,normal_0437,9,2022-07-12 00:55:04.988,0.9,0.09546,-0.108352,-102.66424,0,calibration
normal,14491,normal_0437,10,2022-07-12 00:55:05.088,1.0,-0.00144,0.01239,-110.74389,0,calibration
normal,14492,normal_0437,11,2022-07-12 00:55:05.188,1.1,-0.056379,-0.019593,-111.64357,0,calibration
normal,14493,normal_0437,12,2022-07-12 00:55:05.288,1.2,0.008471,-0.027426,-100.30652,0,calibration
normal,14494,normal_0437,13,2022-07-12 00:55:05.388,1.3,0.008119,0.057201,-79.620013,0,calibration
normal,14495,normal_0437,14,2022-07-12 00:55:05.488,1.4,0.05217,0.002047,-46.313411,0,calibration
normal,14496,normal_0437,15,2022-07-12 00:55:05.588,1.5,0.042747,-0.017038,-3.226281,0,calibration
normal,14497,normal_0437,16,2022-07-12 00:55:05.688,1.6,-0.038906,-0.012395,36.724453,0,calibration
normal,14498,normal_0437,17,2022-07-12 00:55:05.788,1.7,-0.114076,-0.049009,91.952454,0,calibration
normal,14499,normal_0437,18,2022-07-12 00:55:05.888,1.8,-0.055732,0.073334,112.71144,0,calibration
normal,14500,normal_0437,19,2022-07-12 00:55:05.988,1.9,0.024911,0.059086,112.47517,0,calibration
normal,14501,normal_0437,20,2022-07-12 00:55:06.088,2.0,0.029372,-0.074474,107.1762,0,calibration
normal,14502,normal_0437,21,2022-07-12 00:55:06.188,2.1,0.052828,0.001876,87.804447,0,calibration
normal,14503,normal_0438,0,2022-07-12 00:55:11.936,0.0,-0.144546,-0.066314,-61.013229,0,calibration
normal,14504,normal_0438,1,2022-07-12 00:55:12.036,0.1,0.058621,0.002691,-110.76785,0,calibration
normal,14505,normal_0438,2,2022-07-12 00:55:12.136,0.2,0.196404,-0.008185,-128.07061,0,calibration
normal,14506,normal_0438,3,2022-07-12 00:55:12.236,0.3,0.09259,-0.047263,-119.73633,0,calibration
normal,14507,normal_0438,4,2022-07-12 00:55:12.336,0.4,0.125401,-0.043278,-106.90523,0,calibration
normal,14508,normal_0438,5,2022-07-12 00:55:12.436,0.5,-0.062212,0.003089,-78.192363,0,calibration
normal,14509,normal_0438,6,2022-07-12 00:55:12.536,0.6,-0.124768,0.140917,-44.321065,0,calibration
normal,14510,normal_0438,7,2022-07-12 00:55:12.636,0.7,0.037266,0.183481,7.088662,0,calibration
normal,14511,normal_0438,8,2022-07-12 00:55:12.736,0.8,-0.113302,0.050977,50.242311,0,calibration
normal,14512,normal_0438,9,2022-07-12 00:55:12.836,0.9,0.011959,-0.027145,98.466646,0,calibration
normal,14513,normal_0439,0,2022-07-12 00:55:21.168,0.0,-0.136097,-0.070777,-15.60712,0,calibration
normal,14514,normal_0439,1,2022-07-12 00:55:21.268,0.1,0.113845,0.179234,57.146556,0,calibration
normal,14515,normal_0439,2,2022-07-12 00:55:21.368,0.2,0.133486,0.153416,115.70336,0,calibration
normal,14516,normal_0439,3,2022-07-12 00:55:21.468,0.3,-0.014764,-0.119323,166.55387,0,calibration
normal,14517,normal_0439,4,2022-07-12 00:55:21.568,0.4,0.083702,-0.104995,199.66223,0,calibration
normal,14518,normal_0439,5,2022-07-12 00:55:21.668,0.5,-0.038164,-0.058833,180.01964,0,calibration
normal,14519,normal_0439,6,2022-07-12 00:55:21.768,0.6,-0.158497,0.008276,145.18167,0,calibration
normal,14520,normal_0439,7,2022-07-12 00:55:21.868,0.7,0.032056,0.213123,94.762337,0,calibration
normal,14521,normal_0439,8,2022-07-12 00:55:21.968,0.8,0.008544,0.097853,37.512426,0,calibration
normal,14522,normal_0439,9,2022-07-12 00:55:22.068,0.9,0.043818,-0.126362,-30.743245,0,calibration
normal,14523,normal_0439,10,2022-07-12 00:55:22.168,1.0,0.086075,-0.132459,-96.15935,0,calibration
normal,14524,normal_0439,11,2022-07-12 00:55:22.268,1.1,-0.069396,-0.082539,-146.09744,0,calibration
normal,14525,normal_0439,12,2022-07-12 00:55:22.368,1.2,0.037801,0.110932,-191.71789,0,calibration
normal,14526,normal_0439,13,2022-07-12 00:55:22.468,1.3,0.022134,0.195264,-187.5092,0,calibration
normal,14527,normal_0439,14,2022-07-12 00:55:22.568,1.4,-0.057555,-0.032028,-155.92768,0,calibration
normal,14528,normal_0439,15,2022-07-12 00:55:22.668,1.5,0.053457,-0.135661,-112.60094,0,calibration
normal,14529,normal_0439,16,2022-07-12 00:55:22.768,1.6,-0.099051,-0.076794,-56.668884,0,calibration
normal,14530,normal_0439,17,2022-07-12 00:55:22.868,1.7,-0.02538,0.045685,5.464316,0,calibration
normal,14531,normal_0439,18,2022-07-12 00:55:22.968,1.8,0.12647,0.187317,75.759539,0,calibration
normal,14532,normal_0439,19,2022-07-12 00:55:23.068,1.9,-0.105897,0.063283,127.83589,0,calibration
normal,14533,normal_0439,20,2022-07-12 00:55:23.168,2.0,0.041582,-0.10201,179.10864,0,calibration
normal,14534,normal_0439,21,2022-07-12 00:55:23.268,2.1,0.072758,-0.123921,194.50774,0,calibration
normal,14535,normal_0439,22,2022-07-12 00:55:23.368,2.2,-0.157486,-0.112875,167.15231,0,calibration
normal,14536,normal_0439,23,2022-07-12 00:55:23.468,2.3,0.069738,0.111965,129.74145,0,calibration
normal,14537,normal_0439,24,2022-07-12 00:55:23.568,2.4,0.026414,0.20479,76.190242,0,calibration
normal,14538,normal_0439,25,2022-07-12 00:55:23.668,2.5,-0.096008,-0.039748,19.142749,0,calibration
normal,14539,normal_0439,26,2022-07-12 00:55:23.768,2.6,0.076243,-0.102941,-51.342017,0,calibration
normal,14540,normal_0439,27,2022-07-12 00:55:23.868,2.7,-0.066683,-0.10436,-107.63611,0,calibration
normal,14541,normal_0439,28,2022-07-12 00:55:23.968,2.8,-0.113458,-0.063431,-157.70711,0,calibration
normal,14542,normal_0439,29,2022-07-12 00:55:24.068,2.9,0.092115,0.194106,-192.56534,0,calibration
normal,14543,normal_0439,30,2022-07-12 00:55:24.168,3.0,0.049733,0.137329,-174.08051,0,calibration
normal,14544,normal_0439,31,2022-07-12 00:55:24.268,3.1,-0.023881,-0.116599,-141.87922,0,calibration
normal,14545,normal_0439,32,2022-07-12 00:55:24.368,3.2,0.014765,-0.122729,-94.681155,0,calibration
normal,14546,normal_0439,33,2022-07-12 00:55:24.468,3.3,-0.06666,-0.077191,-40.493851,0,calibration
normal,14547,normal_0439,34,2022-07-12 00:55:24.568,3.4,-0.055886,0.03306,25.574568,0,calibration
normal,14548,normal_0439,35,2022-07-12 00:55:24.668,3.5,0.046339,0.174863,89.726578,0,calibration
normal,14549,normal_0439,36,2022-07-12 00:55:24.768,3.6,0.018591,0.034729,136.88161,0,calibration
normal,14550,normal_0439,37,2022-07-12 00:55:24.868,3.7,0.064697,-0.130291,185.25567,0,calibration
normal,14551,normal_0439,38,2022-07-12 00:55:24.968,3.8,0.006829,-0.097707,183.48601,0,calibration
normal,14552,normal_0439,39,2022-07-12 00:55:25.068,3.9,-0.103082,-0.035865,152.83479,0,calibration
normal,14553,normal_0439,40,2022-07-12 00:55:25.168,4.0,0.010304,0.143096,112.7236,0,calibration
normal,14554,normal_0439,41,2022-07-12 00:55:25.268,4.1,-0.031897,0.162556,60.052521,0,calibration
normal,14555,normal_0439,42,2022-07-12 00:55:25.368,4.2,-0.011722,-0.077373,0.72968,0,calibration
normal,14556,normal_0439,43,2022-07-12 00:55:25.468,4.3,0.115798,-0.156062,-68.98094,0,calibration
normal,14557,normal_0439,44,2022-07-12 00:55:25.568,4.4,-0.076163,-0.125704,-116.43852,0,calibration
normal,14558,normal_0439,45,2022-07-12 00:55:25.668,4.5,-0.003547,0.026067,-168.03469,0,calibration
normal,14559,normal_0439,46,2022-07-12 00:55:25.768,4.6,0.157465,0.206606,-187.22489,0,calibration
normal,14560,normal_0439,47,2022-07-12 00:55:25.868,4.7,-0.089514,0.090655,-160.10894,0,calibration
normal,14561,normal_0439,48,2022-07-12 00:55:25.968,4.8,-0.018034,-0.10235,-127.02359,0,calibration
normal,14562,normal_0439,49,2022-07-12 00:55:26.068,4.9,0.014061,-0.143279,-77.259788,0,calibration
normal,14563,normal_0440,0,2022-07-12 00:55:28.258,0.0,0.00455,-0.096749,-15.055658,0,calibration
normal,14564,normal_0440,1,2022-07-12 00:55:28.358,0.1,-0.0129,-0.066356,24.696711,0,calibration
normal,14565,normal_0440,2,2022-07-12 00:55:28.458,0.2,-0.06467,0.031327,77.095279,0,calibration
normal,14566,normal_0440,3,2022-07-12 00:55:28.558,0.3,0.032139,0.00308,111.92132,0,calibration
normal,14567,normal_0440,4,2022-07-12 00:55:28.658,0.4,-0.048572,-0.085441,111.74525,0,calibration
normal,14568,normal_0440,5,2022-07-12 00:55:28.758,0.5,-0.108278,-0.042594,110.83259,0,calibration
normal,14569,normal_0440,6,2022-07-12 00:55:28.858,0.6,0.031231,0.05081,93.716394,0,calibration
normal,14570,normal_0440,7,2022-07-12 00:55:28.958,0.7,-0.05351,-0.024304,71.050176,0,calibration
normal,14571,normal_0440,8,2022-07-12 00:55:29.058,0.8,-0.069745,-0.022589,29.534224,0,calibration
normal,14572,normal_0440,9,2022-07-12 00:55:29.158,0.9,0.041585,0.075548,-12.648107,0,calibration
normal,14573,normal_0440,10,2022-07-12 00:55:29.258,1.0,-0.037332,0.017806,-58.655627,0,calibration
normal,14574,normal_0440,11,2022-07-12 00:55:29.358,1.1,0.001746,-0.056626,-106.02499,0,calibration
normal,14575,normal_0440,12,2022-07-12 00:55:29.458,1.2,0.010125,-0.034295,-111.75586,0,calibration
normal,14576,normal_0440,13,2022-07-12 00:55:29.558,1.3,-0.097686,-0.044785,-111.26329,0,calibration
normal,14577,normal_0440,14,2022-07-12 00:55:29.658,1.4,0.007366,-0.024167,-99.271786,0,calibration
normal,14578,normal_0440,15,2022-07-12 00:55:29.758,1.5,0.050486,0.074231,-77.909837,0,calibration
normal,14579,normal_0440,16,2022-07-12 00:55:29.858,1.6,0.000565,0.023391,-44.075971,0,calibration
normal,14580,normal_0440,17,2022-07-12 00:55:29.958,1.7,0.05111,-0.092889,1.219034,0,calibration
normal,14581,normal_0440,18,2022-07-12 00:55:30.058,1.8,-0.089909,-0.019093,41.746025,0,calibration
normal,14582,normal_0440,19,2022-07-12 00:55:30.158,1.9,-0.114148,0.058246,95.452558,0,calibration
normal,14583,normal_0440,20,2022-07-12 00:55:30.258,2.0,0.05379,-0.02201,114.45035,0,calibration
normal,14584,normal_0440,21,2022-07-12 00:55:30.358,2.1,-0.050468,-0.031797,112.61405,0,calibration
normal,14585,normal_0440,22,2022-07-12 00:55:30.458,2.2,0.067765,0.042476,106.53914,0,calibration
normal,14586,normal_0440,23,2022-07-12 00:55:30.558,2.3,0.165948,-0.022601,86.054455,0,calibration
normal,14587,normal_0440,24,2022-07-12 00:55:30.658,2.4,-0.064591,-0.057137,58.708079,0,calibration
normal,14588,normal_0440,25,2022-07-12 00:55:30.758,2.5,-0.012866,0.084449,12.220146,0,calibration
normal,14589,normal_0440,26,2022-07-12 00:55:30.858,2.6,0.008638,0.042817,-27.023557,0,calibration
normal,14590,normal_0440,27,2022-07-12 00:55:30.958,2.7,-0.068451,-0.104287,-78.79127,0,calibration
normal,14591,normal_0440,28,2022-07-12 00:55:31.058,2.8,0.064166,-0.057853,-112.94056,0,calibration
normal,14592,normal_0440,29,2022-07-12 00:55:31.158,2.9,0.092334,-0.006933,-111.49444,0,calibration
normal,14593,normal_0440,30,2022-07-12 00:55:31.258,3.0,0.028313,-0.001211,-109.53034,0,calibration
normal,14594,normal_0440,31,2022-07-12 00:55:31.358,3.1,0.018719,0.021302,-91.240536,0,calibration
normal,14595,normal_0440,32,2022-07-12 00:55:31.458,3.2,-0.043315,0.035823,-68.127879,0,calibration
normal,14596,normal_0440,33,2022-07-12 00:55:31.558,3.3,-0.028851,0.011084,-26.23606,0,calibration
normal,14597,normal_0440,34,2022-07-12 00:55:31.658,3.4,0.014836,-0.008579,16.056778,0,calibration
normal,14598,normal_0440,35,2022-07-12 00:55:31.758,3.5,0.014519,0.014275,61.839588,0,calibration
normal,14599,normal_0440,36,2022-07-12 00:55:31.858,3.6,0.051269,0.008121,109.29717,0,calibration
normal,14600,normal_0440,37,2022-07-12 00:55:31.958,3.7,0.052779,0.041443,114.4426,0,calibration
normal,14601,normal_0440,38,2022-07-12 00:55:32.058,3.8,0.049657,0.083995,112.88453,0,calibration
normal,14602,normal_0440,39,2022-07-12 00:55:32.158,3.9,0.030924,-0.019376,99.898112,0,calibration
normal,14603,normal_0440,40,2022-07-12 00:55:32.258,4.0,-0.024344,-0.088643,77.932367,0,calibration
normal,14604,normal_0440,41,2022-07-12 00:55:32.358,4.1,-0.041737,0.035006,42.712336,0,calibration
normal,14605,normal_0440,42,2022-07-12 00:55:32.458,4.2,0.022227,0.106475,-3.803969,0,calibration
normal,14606,normal_0440,43,2022-07-12 00:55:32.558,4.3,0.032309,0.034552,-44.202929,0,calibration
normal,14607,normal_0440,44,2022-07-12 00:55:32.658,4.4,0.0204,-0.014245,-97.613704,0,calibration
normal,14608,normal_0440,45,2022-07-12 00:55:32.758,4.5,0.081276,0.012413,-115.39067,0,calibration
normal,14609,normal_0440,46,2022-07-12 00:55:32.858,4.6,-0.012809,0.01935,-112.29814,0,calibration
normal,14610,normal_0440,47,2022-07-12 00:55:32.958,4.7,-0.053817,0.005771,-105.25681,0,calibration
normal,14611,normal_0440,48,2022-07-12 00:55:33.058,4.8,0.032468,0.058291,-83.274613,0,calibration
normal,14612,normal_0441,0,2022-07-12 00:55:36.468,0.0,-0.079847,-0.165974,84.074626,0,calibration
normal,14613,normal_0441,1,2022-07-12 00:55:36.568,0.1,0.027873,-0.229337,162.08126,0,calibration
normal,14614,normal_0441,2,2022-07-12 00:55:36.668,0.2,-0.138191,-0.139328,225.63591,0,calibration
normal,14615,normal_0441,3,2022-07-12 00:55:36.768,0.3,-0.114122,0.023205,257.25344,0,calibration
normal,14616,normal_0441,4,2022-07-12 00:55:36.868,0.4,0.174887,0.356537,238.68146,0,calibration
normal,14617,normal_0441,5,2022-07-12 00:55:36.968,0.5,0.070437,0.116529,189.96646,0,calibration
normal,14618,normal_0441,6,2022-07-12 00:55:37.068,0.6,-0.0537,-0.288794,115.70312,0,calibration
normal,14619,normal_0441,7,2022-07-12 00:55:37.168,0.7,-0.044969,-0.197207,32.239322,0,calibration
normal,14620,normal_0441,8,2022-07-12 00:55:37.268,0.8,-0.112703,-0.059923,-55.71223,0,calibration
normal,14621,normal_0441,9,2022-07-12 00:55:37.368,0.9,-0.055244,0.164758,-138.91973,0,calibration
normal,14622,normal_0441,10,2022-07-12 00:55:37.468,1.0,0.10503,0.302859,-206.39017,0,calibration
normal,14623,normal_0441,11,2022-07-12 00:55:37.568,1.1,0.085922,-0.079133,-252.04304,0,calibration
normal,14624,normal_0441,12,2022-07-12 00:55:37.668,1.2,-0.005698,-0.325612,-248.23835,0,calibration
normal,14625,normal_0441,13,2022-07-12 00:55:37.768,1.3,-0.020583,-0.12164,-208.12645,0,calibration
normal,14626,normal_0441,14,2022-07-12 00:55:37.868,1.4,-0.031777,0.05831,-141.7221,0,calibration
normal,14627,normal_0441,15,2022-07-12 00:55:37.968,1.5,-0.002576,0.273511,-59.553511,0,calibration
normal,14628,normal_0441,16,2022-07-12 00:55:38.068,1.6,-0.002906,0.238997,26.205781,0,calibration
normal,14629,normal_0441,17,2022-07-12 00:55:38.168,1.7,-0.001804,-0.222525,113.31119,0,calibration
normal,14630,normal_0441,18,2022-07-12 00:55:38.268,1.8,-0.022058,-0.328712,186.09991,0,calibration
normal,14631,normal_0441,19,2022-07-12 00:55:38.368,1.9,-0.05731,-0.098456,242.88538,0,calibration
normal,14632,normal_0441,20,2022-07-12 00:55:38.468,2.0,0.131494,0.16796,256.68588,0,calibration
normal,14633,normal_0441,21,2022-07-12 00:55:38.568,2.1,0.158833,0.32644,226.26927,0,calibration
normal,14634,normal_0441,22,2022-07-12 00:55:38.668,2.2,-0.053428,0.024556,168.73016,0,calibration
normal,14635,normal_0441,23,2022-07-12 00:55:38.768,2.3,-0.045469,-0.23415,88.905107,0,calibration
normal,14636,normal_0441,24,2022-07-12 00:55:38.868,2.4,-0.1313,-0.196503,3.873587,0,calibration
normal,14637,normal_0441,25,2022-07-12 00:55:38.968,2.5,-0.179154,-0.055484,-85.591446,0,calibration
normal,14638,normal_0441,26,2022-07-12 00:55:39.068,2.6,0.152793,0.304426,-163.44657,0,calibration
normal,14639,normal_0441,27,2022-07-12 00:55:39.168,2.7,0.209276,0.255936,-226.41185,0,calibration
normal,14640,normal_0441,28,2022-07-12 00:55:39.268,2.8,0.025898,-0.223853,-257.44048,0,calibration
normal,14641,normal_0441,29,2022-07-12 00:55:39.368,2.9,0.030632,-0.244266,-238.58729,0,calibration
normal,14642,normal_0441,30,2022-07-12 00:55:39.468,3.0,-0.114656,-0.10084,-189.73722,0,calibration
normal,14643,normal_0441,31,2022-07-12 00:55:39.568,3.1,-0.181424,0.030335,-115.3449,0,calibration
normal,14644,normal_0441,32,2022-07-12 00:55:39.668,3.2,0.084015,0.399782,-31.721119,0,calibration
normal,14645,normal_0441,33,2022-07-12 00:55:39.768,3.3,0.093552,0.21419,56.396253,0,calibration
normal,14646,normal_0442,0,2022-07-12 00:55:44.751,0.0,0.092522,0.212802,2.460242,0,calibration
normal,14647,normal_0442,1,2022-07-12 00:55:44.851,0.1,-0.023633,-0.122641,79.611549,0,calibration
normal,14648,normal_0442,2,2022-07-12 00:55:44.951,0.2,0.144191,-0.098879,126.36448,0,calibration
normal,14649,normal_0442,3,2022-07-12 00:55:45.051,0.3,-0.1028,-0.097233,174.8121,0,calibration
normal,14650,normal_0442,4,2022-07-12 00:55:45.151,0.4,-0.129548,-0.014967,198.90883,0,calibration
normal,14651,normal_0442,5,2022-07-12 00:55:45.251,0.5,0.054579,0.262768,168.29469,0,calibration
normal,14652,normal_0442,6,2022-07-12 00:55:45.351,0.6,-0.062836,0.075008,133.0929,0,calibration
normal,14653,normal_0442,7,2022-07-12 00:55:45.451,0.7,0.033451,-0.122414,80.806623,0,calibration
normal,14654,normal_0442,8,2022-07-12 00:55:45.551,0.8,0.049709,-0.135652,22.260192,0,calibration
normal,14655,normal_0442,9,2022-07-12 00:55:45.651,0.9,-0.06195,-0.127432,-53.275234,0,calibration
normal,14656,normal_0442,10,2022-07-12 00:55:45.751,1.0,0.040558,0.122794,-111.95363,0,calibration
normal,14657,normal_0442,11,2022-07-12 00:55:45.851,1.1,-0.022725,0.208306,-157.34651,0,calibration
normal,14658,normal_0442,12,2022-07-12 00:55:45.951,1.2,-0.034623,-0.028296,-197.51849,0,calibration
normal,14659,normal_0442,13,2022-07-12 00:55:46.051,1.3,0.041478,-0.143463,-179.55842,0,calibration
normal,14660,normal_0442,14,2022-07-12 00:55:46.151,1.4,-0.107761,-0.111129,-146.07264,0,calibration
normal,14661,normal_0442,15,2022-07-12 00:55:46.251,1.5,0.000334,0.010498,-99.388373,0,calibration
normal,14662,normal_0442,16,2022-07-12 00:55:46.351,1.6,0.067284,0.222203,-40.992742,0,calibration
normal,14663,normal_0443,0,2022-07-12 00:55:52.785,0.0,-0.030819,0.000999,-105.63732,0,calibration
normal,14664,normal_0443,1,2022-07-12 00:55:52.885,0.1,-0.064481,0.017825,-107.65184,0,calibration
normal,14665,normal_0443,2,2022-07-12 00:55:52.985,0.2,-0.087528,0.083197,-108.79363,0,calibration
normal,14666,normal_0443,3,2022-07-12 00:55:53.085,0.3,-0.101641,0.008538,-92.988979,0,calibration
normal,14667,normal_0444,0,2022-07-12 00:56:02.752,0.0,-0.116753,-0.13054,51.924831,0,calibration
normal,14668,normal_0444,1,2022-07-12 00:56:02.852,0.1,0.019271,-0.045697,10.014178,0,calibration
normal,14669,normal_0444,2,2022-07-12 00:56:02.952,0.2,0.075526,0.114974,-32.272104,0,calibration
normal,14670,normal_0444,3,2022-07-12 00:56:03.052,0.3,0.027036,-0.091224,-86.098085,0,calibration
normal,14671,normal_0444,4,2022-07-12 00:56:03.152,0.4,0.083008,-0.087841,-104.80548,0,calibration
normal,14672,normal_0444,5,2022-07-12 00:56:03.252,0.5,-0.058079,0.056266,-108.34493,0,calibration
normal,14673,normal_0444,6,2022-07-12 00:56:03.352,0.6,-0.122486,-0.008356,-106.75324,0,calibration
normal,14674,normal_0444,7,2022-07-12 00:56:03.452,0.7,-0.040538,0.043869,-89.897286,0,calibration
normal,14675,normal_0444,8,2022-07-12 00:56:03.552,0.8,-0.119625,0.064146,-64.812191,0,calibration
normal,14676,normal_0444,9,2022-07-12 00:56:03.652,0.9,-0.029287,0.025635,-22.728446,0,calibration
normal,14677,normal_0444,10,2022-07-12 00:56:03.752,1.0,0.042409,-0.006722,16.50274,0,calibration
normal,14678,normal_0444,11,2022-07-12 00:56:03.852,1.1,-0.078901,-0.113272,70.839294,0,calibration
normal,14679,normal_0444,12,2022-07-12 00:56:03.952,1.2,0.007157,-0.028316,104.75267,0,calibration
normal,14680,normal_0444,13,2022-07-12 00:56:04.052,1.3,0.006487,0.082867,107.99016,0,calibration
normal,14681,normal_0444,14,2022-07-12 00:56:04.152,1.4,-0.035384,-0.072457,110.74056,0,calibration
normal,14682,normal_0444,15,2022-07-12 00:56:04.252,1.5,0.029807,-0.097139,96.57551,0,calibration
normal,14683,normal_0444,16,2022-07-12 00:56:04.352,1.6,-0.054389,0.001317,75.636634,0,calibration
normal,14684,normal_0444,17,2022-07-12 00:56:04.452,1.7,-0.051596,-0.063692,36.752705,0,calibration
normal,14685,normal_0444,18,2022-07-12 00:56:04.552,1.8,-0.008897,-0.013204,-3.288627,0,calibration
normal,14686,normal_0444,19,2022-07-12 00:56:04.652,1.9,-0.078038,0.031652,-51.847464,0,calibration
normal,14687,normal_0444,20,2022-07-12 00:56:04.752,2.0,-0.042321,-0.044823,-97.905051,0,calibration
normal,14688,normal_0444,21,2022-07-12 00:56:04.852,2.1,-0.035236,0.016416,-105.49511,0,calibration
normal,14689,normal_0444,22,2022-07-12 00:56:04.952,2.2,-0.109611,-0.031154,-110.04878,0,calibration
normal,14690,normal_0444,23,2022-07-12 00:56:05.052,2.3,-0.027391,-0.064782,-101.4985,0,calibration
normal,14691,normal_0444,24,2022-07-12 00:56:05.152,2.4,0.020111,0.105505,-82.904826,0,calibration
normal,14692,normal_0444,25,2022-07-12 00:56:05.252,2.5,0.005488,0.023433,-51.084167,0,calibration
normal,14693,normal_0444,26,2022-07-12 00:56:05.352,2.6,0.048903,-0.080927,-9.24635,0,calibration
normal,14694,normal_0444,27,2022-07-12 00:56:05.452,2.7,-0.041412,-0.009935,33.497814,0,calibration
normal,14695,normal_0444,28,2022-07-12 00:56:05.552,2.8,-0.084782,-0.06384,87.952624,0,calibration
normal,14696,normal_0444,29,2022-07-12 00:56:05.652,2.9,-0.000938,0.029632,106.6866,0,calibration
normal,14697,normal_0444,30,2022-07-12 00:56:05.752,3.0,-0.060077,0.112874,109.76566,0,calibration
normal,14698,normal_0444,31,2022-07-12 00:56:05.852,3.1,-0.034612,-0.052203,107.8545,0,calibration
normal,14699,normal_0444,32,2022-07-12 00:56:05.952,3.2,0.041955,0.005006,90.446841,0,calibration
normal,14700,normal_0444,33,2022-07-12 00:56:06.052,3.3,-0.071851,0.070969,64.652093,0,calibration
normal,14701,normal_0444,34,2022-07-12 00:56:06.152,3.4,-0.002845,-0.024115,22.203806,0,calibration
normal,14702,normal_0444,35,2022-07-12 00:56:06.252,3.5,0.054614,0.052872,-17.393472,0,calibration
normal,14703,normal_0444,36,2022-07-12 00:56:06.352,3.6,-0.015663,0.021071,-71.241626,0,calibration
normal,14704,normal_0444,37,2022-07-12 00:56:06.452,3.7,0.127967,-0.04186,-103.91761,0,calibration
normal,14705,normal_0444,38,2022-07-12 00:56:06.552,3.8,0.100344,0.03348,-106.84551,0,calibration
normal,14706,normal_0444,39,2022-07-12 00:56:06.652,3.9,-0.0471,-0.061785,-109.63036,0,calibration
normal,14707,normal_0444,40,2022-07-12 00:56:06.752,4.0,0.024902,0.008901,-95.211756,0,calibration
normal,14708,normal_0444,41,2022-07-12 00:56:06.852,4.1,0.018873,0.190292,-74.427494,0,calibration
normal,14709,normal_0444,42,2022-07-12 00:56:06.952,4.2,0.000583,0.015031,-36.01921,0,calibration
normal,14710,normal_0444,43,2022-07-12 00:56:07.052,4.3,0.115115,-0.047378,3.919483,0,calibration
normal,14711,normal_0444,44,2022-07-12 00:56:07.152,4.4,0.047631,0.052054,52.942402,0,calibration
normal,14712,normal_0444,45,2022-07-12 00:56:07.252,4.5,0.030908,-0.044414,99.801433,0,calibration
normal,14713,normal_0444,46,2022-07-12 00:56:07.352,4.6,0.164922,0.00856,107.56613,0,calibration
normal,14714,normal_0444,47,2022-07-12 00:56:07.452,4.7,0.059189,0.080835,111.48514,0,calibration
normal,14715,normal_0444,48,2022-07-12 00:56:07.552,4.8,0.074913,0.015871,102.74435,0,calibration
normal,14716,normal_0444,49,2022-07-12 00:56:07.652,4.9,0.140694,0.062147,83.8163,0,calibration
normal,14717,normal_0445,0,2022-07-12 00:56:09.664,0.0,-0.023424,-0.240558,200.01569,0,calibration
normal,14718,normal_0445,1,2022-07-12 00:56:09.764,0.1,-0.150467,-0.154057,247.34297,0,calibration
normal,14719,normal_0445,2,2022-07-12 00:56:09.864,0.2,-0.003249,0.148541,246.80164,0,calibration
normal,14720,normal_0445,3,2022-07-12 00:56:09.964,0.3,0.165393,0.344737,208.4383,0,calibration
normal,14721,normal_0445,4,2022-07-12 00:56:10.064,0.4,0.017278,-0.050845,145.42391,0,calibration
normal,14722,normal_0445,5,2022-07-12 00:56:10.164,0.5,-0.059425,-0.303239,63.696034,0,calibration
normal,14723,normal_0445,6,2022-07-12 00:56:10.264,0.6,-0.035515,-0.125799,-20.679238,0,calibration
normal,14724,normal_0445,7,2022-07-12 00:56:10.364,0.7,-0.103998,-0.005091,-106.79723,0,calibration
normal,14725,normal_0445,8,2022-07-12 00:56:10.464,0.8,0.002757,0.257624,-178.00464,0,calibration
normal,14726,normal_0445,9,2022-07-12 00:56:10.564,0.9,0.139394,0.300414,-234.05984,0,calibration
normal,14727,normal_0445,10,2022-07-12 00:56:10.664,1.0,0.019446,-0.174981,-251.20977,0,calibration
normal,14728,normal_0445,11,2022-07-12 00:56:10.764,1.1,-0.069348,-0.309904,-222.17431,0,calibration
normal,14729,normal_0445,12,2022-07-12 00:56:10.864,1.2,-0.081984,-0.092511,-168.32318,0,calibration
normal,14730,normal_0445,13,2022-07-12 00:56:10.964,1.3,-0.029577,0.102265,-90.395581,0,calibration
normal,14731,normal_0445,14,2022-07-12 00:56:11.064,1.4,0.038213,0.295975,-6.723286,0,calibration
normal,14732,normal_0445,15,2022-07-12 00:56:11.164,1.5,0.017448,0.101834,79.590092,0,calibration
normal,14733,normal_0445,16,2022-07-12 00:56:11.264,1.6,0.015791,-0.243214,156.68919,0,calibration
normal,14734,normal_0445,17,2022-07-12 00:56:11.364,1.7,-0.088977,-0.231328,218.88485,0,calibration
normal,14735,normal_0445,18,2022-07-12 00:56:11.464,1.8,-0.094427,-0.036914,252.87464,0,calibration
normal,14736,normal_0445,19,2022-07-12 00:56:11.564,1.9,0.08349,0.231216,236.81524,0,calibration
normal,14737,normal_0445,20,2022-07-12 00:56:11.664,2.0,0.042652,0.282408,191.0676,0,calibration
normal,14738,normal_0445,21,2022-07-12 00:56:11.764,2.1,-0.019234,-0.070951,119.50613,0,calibration
normal,14739,normal_0445,22,2022-07-12 00:56:11.864,2.2,-0.032631,-0.287152,36.421899,0,calibration
normal,14740,normal_0445,23,2022-07-12 00:56:11.964,2.3,-0.195323,-0.195519,-49.456125,0,calibration
normal,14741,normal_0445,24,2022-07-12 00:56:12.064,2.4,-0.06618,0.070068,-131.90676,0,calibration
normal,14742,normal_0445,25,2022-07-12 00:56:12.164,2.5,0.164643,0.327287,-198.50388,0,calibration
normal,14743,normal_0445,26,2022-07-12 00:56:12.264,2.6,0.057253,0.105649,-246.13014,0,calibration
normal,14744,normal_0445,27,2022-07-12 00:56:12.364,2.7,0.022603,-0.208564,-245.46722,0,calibration
normal,14745,normal_0445,28,2022-07-12 00:56:12.464,2.8,-0.013035,-0.193669,-207.32751,0,calibration
normal,14746,normal_0445,29,2022-07-12 00:56:12.564,2.9,-0.174853,-0.131952,-144.6618,0,calibration
normal,14747,normal_0445,30,2022-07-12 00:56:12.664,3.0,-0.080689,0.153548,-62.916882,0,calibration
normal,14748,normal_0445,31,2022-07-12 00:56:12.764,3.1,0.12611,0.360541,21.929744,0,calibration
normal,14749,normal_0445,32,2022-07-12 00:56:12.864,3.2,0.051701,-0.031351,107.40794,0,calibration
normal,14750,normal_0445,33,2022-07-12 00:56:12.964,3.3,-0.063796,-0.317136,178.83064,0,calibration
normal,14751,normal_0445,34,2022-07-12 00:56:13.064,3.4,0.019855,-0.14066,235.51431,0,calibration
normal,14752,normal_0445,35,2022-07-12 00:56:13.164,3.5,-0.011707,0.035837,252.84484,0,calibration
normal,14753,normal_0445,36,2022-07-12 00:56:13.264,3.6,0.008967,0.235201,224.77486,0,calibration
normal,14754,normal_0445,37,2022-07-12 00:56:13.364,3.7,0.116074,0.247882,170.37227,0,calibration
normal,14755,normal_0445,38,2022-07-12 00:56:13.464,3.8,0.000123,-0.135937,92.23951,0,calibration
normal,14756,normal_0445,39,2022-07-12 00:56:13.564,3.9,-0.088183,-0.294997,8.72326,0,calibration
normal,14757,normal_0445,40,2022-07-12 00:56:13.664,4.0,-0.052613,-0.101628,-78.412065,0,calibration
normal,14758,normal_0445,41,2022-07-12 00:56:13.764,4.1,0.064803,0.157499,-155.70595,0,calibration
normal,14759,normal_0445,42,2022-07-12 00:56:13.864,4.2,0.134239,0.307328,-218.28797,0,calibration
normal,14760,normal_0445,43,2022-07-12 00:56:13.964,4.3,0.097614,0.061905,-252.36514,0,calibration
normal,14761,normal_0445,44,2022-07-12 00:56:14.064,4.4,0.062929,-0.234518,-236.0523,0,calibration
normal,14762,normal_0445,45,2022-07-12 00:56:14.164,4.5,-0.09756,-0.240263,-190.31515,0,calibration
normal,14763,normal_0445,46,2022-07-12 00:56:14.264,4.6,-0.082949,-0.038878,-118.81687,0,calibration
normal,14764,normal_0445,47,2022-07-12 00:56:14.364,4.7,0.120888,0.290684,-35.086874,0,calibration
normal,14765,normal_0445,48,2022-07-12 00:56:14.464,4.8,0.081015,0.26204,51.68069,0,calibration
normal,14766,normal_0445,49,2022-07-12 00:56:14.564,4.9,0.048465,-0.088867,134.00509,0,calibration
normal,14767,normal_0446,0,2022-07-12 00:56:16.827,0.0,0.006881,0.011125,216.6281,0,calibration
normal,14768,normal_0446,1,2022-07-12 00:56:16.927,0.1,0.161796,0.321149,180.55215,0,calibration
normal,14769,normal_0446,2,2022-07-12 00:56:17.027,0.2,-0.078803,0.084501,139.37463,0,calibration
normal,14770,normal_0446,3,2022-07-12 00:56:17.127,0.3,-0.045276,-0.146901,80.540667,0,calibration
normal,14771,normal_0446,4,2022-07-12 00:56:17.227,0.4,0.02995,-0.100387,16.703965,0,calibration
normal,14772,normal_0446,5,2022-07-12 00:56:17.327,0.5,-0.176384,-0.151409,-63.443549,0,calibration
normal,14773,normal_0446,6,2022-07-12 00:56:17.427,0.6,0.07617,0.12258,-125.49795,0,calibration
normal,14774,normal_0446,7,2022-07-12 00:56:17.527,0.7,0.190338,0.274918,-169.0432,0,calibration
normal,14775,normal_0446,8,2022-07-12 00:56:17.627,0.8,-0.010172,-0.095698,-213.84254,0,calibration
normal,14776,normal_0446,9,2022-07-12 00:56:17.727,0.9,0.105007,-0.143143,-192.64641,0,calibration
normal,14777,normal_0446,10,2022-07-12 00:56:17.827,1.0,-0.073432,-0.089908,-152.30443,0,calibration
normal,14778,normal_0446,11,2022-07-12 00:56:17.927,1.1,-0.184592,-0.050206,-101.164,0,calibration
normal,14779,normal_0446,12,2022-07-12 00:56:18.027,1.2,0.031097,0.271887,-37.561302,0,calibration
normal,14780,normal_0446,13,2022-07-12 00:56:18.127,1.3,-0.006766,0.160364,35.584216,0,calibration
normal,14781,normal_0446,14,2022-07-12 00:56:18.227,1.4,0.059957,-0.166134,109.05053,0,calibration
normal,14782,normal_0446,15,2022-07-12 00:56:18.327,1.5,0.046015,-0.157244,150.79667,0,calibration
normal,14783,normal_0446,16,2022-07-12 00:56:18.427,1.6,-0.062091,-0.111366,203.04384,0,calibration
normal,14784,normal_0446,17,2022-07-12 00:56:18.527,1.7,0.063556,0.095502,205.60017,0,calibration
normal,14785,normal_0446,18,2022-07-12 00:56:18.627,1.8,-0.018948,0.247148,165.49685,0,calibration
normal,14786,normal_0446,19,2022-07-12 00:56:18.727,1.9,-0.060626,0.007208,121.86898,0,calibration
normal,14787,normal_0446,20,2022-07-12 00:56:18.827,2.0,0.034219,-0.153214,60.962446,0,calibration
normal,14788,normal_0446,21,2022-07-12 00:56:18.927,2.1,-0.091677,-0.146981,-4.253626,0,calibration
normal,14789,normal_0446,22,2022-07-12 00:56:19.027,2.2,-0.048421,-0.01954,-84.367047,0,calibration
normal,14790,normal_0446,23,2022-07-12 00:56:19.127,2.3,0.096185,0.215722,-131.74392,0,calibration
normal,14791,normal_0446,24,2022-07-12 00:56:19.227,2.4,-0.03264,0.142755,-181.55529,0,calibration
normal,14792,normal_0446,25,2022-07-12 00:56:19.327,2.5,-0.018573,-0.097537,-210.08661,0,calibration
normal,14793,normal_0446,26,2022-07-12 00:56:19.427,2.6,0.023093,-0.140714,-175.69139,0,calibration
normal,14794,normal_0446,27,2022-07-12 00:56:19.527,2.7,-0.171786,-0.173354,-137.60223,0,calibration
normal,14795,normal_0446,28,2022-07-12 00:56:19.627,2.8,-0.015542,0.046206,-81.097016,0,calibration
normal,14796,normal_0446,29,2022-07-12 00:56:19.727,2.9,0.135808,0.311067,-19.934061,0,calibration
normal,14797,normal_0446,30,2022-07-12 00:56:19.827,3.0,-0.04908,-0.024263,57.732947,0,calibration
normal,14798,normal_0446,31,2022-07-12 00:56:19.927,3.1,0.033708,-0.163341,117.32437,0,calibration
normal,14799,normal_0446,32,2022-07-12 00:56:20.027,3.2,0.001136,-0.087331,159.38689,0,calibration
normal,14800,normal_0446,33,2022-07-12 00:56:20.127,3.3,-0.176895,-0.126057,207.45828,0,calibration
normal,14801,normal_0446,34,2022-07-12 00:56:20.227,3.4,0.084934,0.221626,187.84776,0,calibration
normal,14802,normal_0446,35,2022-07-12 00:56:20.327,3.5,0.072536,0.243015,148.9053,0,calibration
normal,14803,normal_0446,36,2022-07-12 00:56:20.427,3.6,-0.072888,-0.128316,102.08799,0,calibration
normal,14804,normal_0446,37,2022-07-12 00:56:20.527,3.7,0.079916,-0.142735,44.708496,0,calibration
normal,14805,normal_0446,38,2022-07-12 00:56:20.627,3.8,-0.076611,-0.120369,-25.313023,0,calibration
normal,14806,normal_0446,39,2022-07-12 00:56:20.727,3.9,-0.043278,-0.014261,-98.777425,0,calibration
normal,14807,normal_0446,40,2022-07-12 00:56:20.827,4.0,0.07735,0.241187,-136.20211,0,calibration
normal,14808,normal_0446,41,2022-07-12 00:56:20.927,4.1,-0.003065,0.0735,-191.38434,0,calibration
normal,14809,normal_0446,42,2022-07-12 00:56:21.027,4.2,0.133515,-0.110162,-197.60849,0,calibration
normal,14810,normal_0446,43,2022-07-12 00:56:21.127,4.3,0.013624,-0.09479,-157.60412,0,calibration
normal,14811,normal_0447,0,2022-07-12 00:56:24.832,0.0,-0.004374,-0.063647,-29.240612,0,calibration
normal,14812,normal_0447,1,2022-07-12 00:56:24.932,0.1,0.01672,-0.056529,10.321022,0,calibration
normal,14813,normal_0447,2,2022-07-12 00:56:25.032,0.2,0.007569,0.09212,62.756307,0,calibration
normal,14814,normal_0447,3,2022-07-12 00:56:25.132,0.3,0.020989,-0.01266,102.97288,0,calibration
normal,14815,normal_0447,4,2022-07-12 00:56:25.232,0.4,0.073929,-0.054985,108.67239,0,calibration
normal,14816,normal_0447,5,2022-07-12 00:56:25.332,0.5,-0.009733,0.032458,111.79878,0,calibration
normal,14817,normal_0447,6,2022-07-12 00:56:25.432,0.6,-0.029658,-0.035548,99.181187,0,calibration
normal,14818,normal_0447,7,2022-07-12 00:56:25.532,0.7,0.027403,0.052395,79.602847,0,calibration
normal,14819,normal_0447,8,2022-07-12 00:56:25.632,0.8,-0.038298,0.097728,44.247633,0,calibration
normal,14820,normal_0447,9,2022-07-12 00:56:25.732,0.9,0.04432,-0.03473,4.128695,0,calibration
normal,14821,normal_0447,10,2022-07-12 00:56:25.832,1.0,0.064074,0.013215,-41.960364,0,calibration
normal,14822,normal_0447,11,2022-07-12 00:56:25.932,1.1,-0.03471,-0.013488,-93.307029,0,calibration
normal,14823,normal_0447,12,2022-07-12 00:56:26.032,1.2,0.034147,-0.055768,-106.39788,0,calibration
normal,14824,normal_0447,13,2022-07-12 00:56:26.132,1.3,-0.02288,0.081107,-110.56734,0,calibration
normal,14825,normal_0447,14,2022-07-12 00:56:26.232,1.4,-0.031361,0.049613,-104.44368,0,calibration
normal,14826,normal_0447,15,2022-07-12 00:56:26.332,1.5,0.068423,-0.014703,-86.17116,0,calibration
normal,14827,normal_0447,16,2022-07-12 00:56:26.432,1.6,-0.018577,0.005585,-57.012326,0,calibration
normal,14828,normal_0447,17,2022-07-12 00:56:26.532,1.7,-0.039899,-0.065679,-14.764191,0,calibration
normal,14829,normal_0447,18,2022-07-12 00:56:26.632,1.8,0.002778,-0.010094,25.998238,0,calibration
normal,14830,normal_0447,19,2022-07-12 00:56:26.732,1.9,-0.028841,0.075941,81.511507,0,calibration
normal,14831,normal_0447,20,2022-07-12 00:56:26.832,2.0,0.029969,0.008582,107.37981,0,calibration
normal,14832,normal_0447,21,2022-07-12 00:56:26.932,2.1,0.041606,0.018437,110.35515,0,calibration
normal,14833,normal_0447,22,2022-07-12 00:56:27.032,2.2,-0.072437,-0.036127,109.97428,0,calibration
normal,14834,normal_0447,23,2022-07-12 00:56:27.132,2.3,-0.066783,-0.077101,93.31752,0,calibration
normal,14835,normal_0447,24,2022-07-12 00:56:27.232,2.4,-0.034097,0.120639,70.151218,0,calibration
normal,14836,normal_0447,25,2022-07-12 00:56:27.332,2.5,-0.027138,0.062261,29.363755,0,calibration
normal,14837,normal_0447,26,2022-07-12 00:56:27.432,2.6,0.039302,-0.114635,-9.439708,0,calibration
normal,14838,normal_0447,27,2022-07-12 00:56:27.532,2.7,0.009034,-0.023388,-61.885841,0,calibration
normal,14839,normal_0447,28,2022-07-12 00:56:27.632,2.8,-0.032201,-0.046129,-102.43059,0,calibration
normal,14840,normal_0447,29,2022-07-12 00:56:27.732,2.9,-0.015296,-0.038454,-107.49008,0,calibration
normal,14841,normal_0447,30,2022-07-12 00:56:27.832,3.0,-0.066965,0.038737,-111.12334,0,calibration
normal,14842,normal_0448,0,2022-07-12 00:56:32.839,0.0,-0.069287,-0.255262,204.44062,0,calibration
normal,14843,normal_0448,1,2022-07-12 00:56:32.939,0.1,-0.086737,-0.096203,141.19651,0,calibration
normal,14844,normal_0448,2,2022-07-12 00:56:33.039,0.2,-0.07141,0.105635,62.244184,0,calibration
normal,14845,normal_0448,3,2022-07-12 00:56:33.139,0.3,-0.008774,0.308053,-20.575526,0,calibration
normal,14846,normal_0448,4,2022-07-12 00:56:33.239,0.4,0.043212,0.101707,-105.43872,0,calibration
normal,14847,normal_0448,5,2022-07-12 00:56:33.339,0.5,0.031359,-0.283044,-175.76172,0,calibration
normal,14848,normal_0448,6,2022-07-12 00:56:33.439,0.6,-0.051429,-0.274336,-231.27368,0,calibration
normal,14849,normal_0448,7,2022-07-12 00:56:33.539,0.7,-0.048318,-0.045193,-246.55381,0,calibration
normal,14850,normal_0448,8,2022-07-12 00:56:33.639,0.8,0.093348,0.242953,-218.07614,0,calibration
normal,14851,normal_0448,9,2022-07-12 00:56:33.739,0.9,0.021448,0.249833,-163.66794,0,calibration
normal,14852,normal_0448,10,2022-07-12 00:56:33.839,1.0,-0.091392,-0.085701,-87.818633,0,calibration
normal,14853,normal_0448,11,2022-07-12 00:56:33.939,1.1,-0.047307,-0.218603,-7.0467,0,calibration
normal,14854,normal_0448,12,2022-07-12 00:56:34.039,1.2,-0.136385,-0.200755,78.518519,0,calibration
normal,14855,normal_0448,13,2022-07-12 00:56:34.139,1.3,-0.066869,0.007963,154.34863,0,calibration
normal,14856,normal_0448,14,2022-07-12 00:56:34.239,1.4,0.189726,0.33404,216.46621,0,calibration
normal,14857,normal_0448,15,2022-07-12 00:56:34.339,1.5,0.112092,0.090649,249.05255,0,calibration
normal,14858,normal_0448,16,2022-07-12 00:56:34.439,1.6,-0.022262,-0.274642,233.14896,0,calibration
normal,14859,normal_0448,17,2022-07-12 00:56:34.539,1.7,-0.046535,-0.180762,187.04071,0,calibration
normal,14860,normal_0448,18,2022-07-12 00:56:34.639,1.8,-0.158467,-0.060633,115.69489,0,calibration
normal,14861,normal_0448,19,2022-07-12 00:56:34.739,1.9,-0.11495,0.144622,35.307531,0,calibration
normal,14862,normal_0448,20,2022-07-12 00:56:34.839,2.0,0.036094,0.337367,-49.723273,0,calibration
normal,14863,normal_0449,0,2022-07-12 00:56:40.816,0.0,0.034581,-0.115183,18.634798,0,calibration
normal,14864,normal_0449,1,2022-07-12 00:56:40.916,0.1,-0.043348,-0.09939,95.68299,0,calibration
normal,14865,normal_0449,2,2022-07-12 00:56:41.016,0.2,-0.011241,0.114778,138.73042,0,calibration
normal,14866,normal_0449,3,2022-07-12 00:56:41.116,0.3,-0.021425,0.171067,190.12906,0,calibration
normal,14867,normal_0449,4,2022-07-12 00:56:41.216,0.4,-0.019722,-0.037288,203.72059,0,calibration
normal,14868,normal_0449,5,2022-07-12 00:56:41.316,0.5,0.035682,-0.121552,165.36953,0,calibration
normal,14869,normal_0449,6,2022-07-12 00:56:41.416,0.6,-0.081359,-0.133075,126.86266,0,calibration
normal,14870,normal_0450,0,2022-07-12 00:56:49.884,0.0,-0.040901,-0.137181,-184.64413,0,calibration
normal,14871,normal_0450,1,2022-07-12 00:56:49.984,0.1,-0.208884,-0.063317,-160.06782,0,calibration
normal,14872,normal_0450,2,2022-07-12 00:56:50.084,0.2,0.0748,0.193994,-118.56033,0,calibration
normal,14873,normal_0450,3,2022-07-12 00:56:50.184,0.3,-0.038426,-0.019573,-61.242349,0,calibration
normal,14874,normal_0450,4,2022-07-12 00:56:50.284,0.4,-0.025154,-0.197058,0.87297,0,calibration
normal,14875,normal_0450,5,2022-07-12 00:56:50.384,0.5,0.195156,-0.066553,68.090685,0,calibration
normal,14876,normal_0450,6,2022-07-12 00:56:50.484,0.6,-0.032204,-0.101725,122.81539,0,calibration
normal,14877,normal_0450,7,2022-07-12 00:56:50.584,0.7,-0.11984,0.088363,172.4204,0,calibration
normal,14878,normal_0450,8,2022-07-12 00:56:50.684,0.8,-0.055921,0.275419,193.59627,0,calibration
normal,14879,normal_0450,9,2022-07-12 00:56:50.784,0.9,-0.10885,0.007141,173.92292,0,calibration
normal,14880,normal_0450,10,2022-07-12 00:56:50.884,1.0,-0.095181,-0.20135,137.02668,0,calibration
normal,14881,normal_0450,11,2022-07-12 00:56:50.984,1.1,0.0159,-0.130097,81.273446,0,calibration
normal,14882,normal_0450,12,2022-07-12 00:56:51.084,1.2,0.121848,0.010843,20.228269,0,calibration
normal,14883,normal_0450,13,2022-07-12 00:56:51.184,1.3,0.089242,0.164203,-48.49363,0,calibration
normal,14884,normal_0450,14,2022-07-12 00:56:51.284,1.4,0.053309,0.146105,-108.52314,0,calibration
normal,14885,normal_0450,15,2022-07-12 00:56:51.384,1.5,-0.017683,-0.1016,-158.6025,0,calibration
normal,14886,normal_0450,16,2022-07-12 00:56:51.484,1.6,-0.100698,-0.164145,-194.05224,0,calibration
normal,14887,normal_0450,17,2022-07-12 00:56:51.584,1.7,-0.054706,-0.018188,-183.60784,0,calibration
normal,14888,normal_0450,18,2022-07-12 00:56:51.684,1.8,0.069056,0.119857,-151.30009,0,calibration
normal,14889,normal_0450,19,2022-07-12 00:56:51.784,1.9,0.129126,0.197502,-100.9487,0,calibration
normal,14890,normal_0450,20,2022-07-12 00:56:51.884,2.0,0.031476,0.01619,-39.782052,0,calibration
normal,14891,normal_0450,21,2022-07-12 00:56:51.984,2.1,0.06213,-0.14472,27.439717,0,calibration
normal,14892,normal_0450,22,2022-07-12 00:56:52.084,2.2,-0.0164,-0.138419,94.485771,0,calibration
normal,14893,normal_0450,23,2022-07-12 00:56:52.184,2.3,-0.146725,-0.074954,146.30927,0,calibration
normal,14894,normal_0450,24,2022-07-12 00:56:52.284,2.4,0.112698,0.204121,191.39912,0,calibration
normal,14895,normal_0450,25,2022-07-12 00:56:52.384,2.5,0.123154,0.211035,195.59314,0,calibration
normal,14896,normal_0450,26,2022-07-12 00:56:52.484,2.6,0.025652,-0.074103,166.52145,0,calibration
normal,14897,normal_0450,27,2022-07-12 00:56:52.584,2.7,0.143272,-0.08373,121.65536,0,calibration
normal,14898,normal_0450,28,2022-07-12 00:56:52.684,2.8,-0.076868,-0.085796,61.102994,0,calibration
normal,14899,normal_0450,29,2022-07-12 00:56:52.784,2.9,-0.11858,0.021503,-3.637791,0,calibration
normal,14900,normal_0450,30,2022-07-12 00:56:52.884,3.0,0.109382,0.271934,-73.849925,0,calibration
normal,14901,normal_0450,31,2022-07-12 00:56:52.984,3.1,0.022768,0.063692,-128.99627,0,calibration
normal,14902,normal_0450,32,2022-07-12 00:56:53.084,3.2,0.032078,-0.154279,-178.49138,0,calibration
normal,14903,normal_0450,33,2022-07-12 00:56:53.184,3.3,0.12094,-0.089043,-198.90811,0,calibration
normal,14904,normal_0450,34,2022-07-12 00:56:53.284,3.4,0.013175,-0.067166,-176.54683,0,calibration
normal,14905,normal_0450,35,2022-07-12 00:56:53.384,3.5,-0.032375,0.111228,-138.63124,0,calibration
normal,14906,normal_0450,36,2022-07-12 00:56:53.484,3.6,0.007396,0.212102,-81.652532,0,calibration
normal,14907,normal_0450,37,2022-07-12 00:56:53.584,3.7,-0.000563,-0.025556,-18.677714,0,calibration
normal,14908,normal_0450,38,2022-07-12 00:56:53.684,3.8,-0.016741,-0.186454,51.9023,0,calibration
normal,14909,normal_0450,39,2022-07-12 00:56:53.784,3.9,0.041331,-0.108049,113.54531,0,calibration
normal,14910,normal_0450,40,2022-07-12 00:56:53.884,4.0,0.056749,0.042439,164.90032,0,calibration
normal,14911,normal_0450,41,2022-07-12 00:56:53.984,4.1,0.01221,0.197445,200.35853,0,calibration
normal,14912,normal_0450,42,2022-07-12 00:56:54.084,4.2,-0.02848,0.135717,189.20722,0,calibration
normal,14913,normal_0450,43,2022-07-12 00:56:54.184,4.3,-0.106,-0.08608,155.47528,0,calibration
normal,14914,normal_0450,44,2022-07-12 00:56:54.284,4.4,-0.143273,-0.178473,103.01555,0,calibration
normal,14915,normal_0450,45,2022-07-12 00:56:54.384,4.5,-0.152379,-0.12551,40.488367,0,calibration
normal,14916,normal_0450,46,2022-07-12 00:56:54.484,4.6,-0.000642,0.155495,-27.801398,0,calibration
normal,14917,normal_0450,47,2022-07-12 00:56:54.584,4.7,0.129489,0.246321,-94.602477,0,calibration
normal,14918,normal_0450,48,2022-07-12 00:56:54.684,4.8,-0.024325,-0.072434,-146.90973,0,calibration
normal,14919,normal_0450,49,2022-07-12 00:56:54.784,4.9,-0.030535,-0.197092,-191.8328,0,calibration
normal,14920,normal_0451,0,2022-07-12 00:56:56.793,0.0,-0.104981,-0.028838,-88.007461,0,calibration
normal,14921,normal_0451,1,2022-07-12 00:56:56.893,0.1,0.015307,0.172967,-160.58733,0,calibration
normal,14922,normal_0451,2,2022-07-12 00:56:56.993,0.2,0.016658,0.267619,-212.60479,0,calibration
normal,14923,normal_0451,3,2022-07-12 00:56:57.093,0.3,0.017146,-0.008765,-249.5921,0,calibration
normal,14924,normal_0451,4,2022-07-12 00:56:57.193,0.4,0.038025,-0.271911,-223.79663,0,calibration
normal,14925,normal_0451,5,2022-07-12 00:56:57.293,0.5,-0.16051,-0.23541,-173.74327,0,calibration
normal,14926,normal_0451,6,2022-07-12 00:56:57.393,0.6,-0.078017,0.024386,-106.73775,0,calibration
normal,14927,normal_0451,7,2022-07-12 00:56:57.493,0.7,0.113376,0.311295,-27.97449,0,calibration
normal,14928,normal_0451,8,2022-07-12 00:56:57.593,0.8,-0.047681,0.138237,57.230956,0,calibration
normal,14929,normal_0451,9,2022-07-12 00:56:57.693,0.9,-0.039007,-0.158537,139.35258,0,calibration
normal,14930,normal_0451,10,2022-07-12 00:56:57.793,1.0,0.022709,-0.19522,193.40088,0,calibration
normal,14931,normal_0451,11,2022-07-12 00:56:57.893,1.1,-0.190562,-0.199807,242.17561,0,calibration
normal,14932,normal_0451,12,2022-07-12 00:56:57.993,1.2,-0.038769,0.088759,238.16946,0,calibration
normal,14933,normal_0451,13,2022-07-12 00:56:58.093,1.3,0.194745,0.344651,191.68606,0,calibration
normal,14934,normal_0451,14,2022-07-12 00:56:58.193,1.4,0.005702,-0.018972,132.71643,0,calibration
normal,14935,normal_0451,15,2022-07-12 00:56:58.293,1.5,-0.008989,-0.260058,56.026227,0,calibration
normal,14936,normal_0451,16,2022-07-12 00:56:58.393,1.6,0.008154,-0.13205,-24.84,0,calibration
normal,14937,normal_0451,17,2022-07-12 00:56:58.493,1.7,-0.15581,-0.052566,-113.29569,0,calibration
normal,14938,normal_0451,18,2022-07-12 00:56:58.593,1.8,-0.045694,0.231073,-174.04678,0,calibration
normal,14939,normal_0451,19,2022-07-12 00:56:58.693,1.9,0.091362,0.274601,-225.9672,0,calibration
normal,14940,normal_0451,20,2022-07-12 00:56:58.793,2.0,0.00107,-0.15327,-244.39529,0,calibration
normal,14941,normal_0451,21,2022-07-12 00:56:58.893,2.1,0.006088,-0.246321,-205.63188,0,calibration
normal,14942,normal_0451,22,2022-07-12 00:56:58.993,2.2,0.029703,-0.100307,-153.2196,0,calibration
normal,14943,normal_0451,23,2022-07-12 00:56:59.093,2.3,0.001705,0.046321,-80.439696,0,calibration
normal,14944,normal_0451,24,2022-07-12 00:56:59.193,2.4,0.054873,0.282276,-2.39408,0,calibration
normal,14945,normal_0451,25,2022-07-12 00:56:59.293,2.5,0.045132,0.152088,85.375677,0,calibration
normal,14946,normal_0451,26,2022-07-12 00:56:59.393,2.6,0.008779,-0.205472,156.38449,0,calibration
normal,14947,normal_0451,27,2022-07-12 00:56:59.493,2.7,-0.09281,-0.245504,208.49981,0,calibration
normal,14948,normal_0451,28,2022-07-12 00:56:59.593,2.8,-0.07007,-0.048797,246.09318,0,calibration
normal,14949,normal_0451,29,2022-07-12 00:56:59.693,2.9,0.159539,0.241041,222.02816,0,calibration
normal,14950,normal_0451,30,2022-07-12 00:56:59.793,3.0,0.109153,0.271002,173.16653,0,calibration
normal,14951,normal_0451,31,2022-07-12 00:56:59.893,3.1,0.036004,-0.046379,107.50414,0,calibration
normal,14952,normal_0451,32,2022-07-12 00:56:59.993,3.2,0.047879,-0.198433,30.748967,0,calibration
normal,14953,normal_0451,33,2022-07-12 00:57:00.093,3.3,-0.155344,-0.200942,-53.362376,0,calibration
normal,14954,normal_0451,34,2022-07-12 00:57:00.193,3.4,-0.071228,0.003383,-134.54653,0,calibration
normal,14955,normal_0451,35,2022-07-12 00:57:00.293,3.5,0.172561,0.328211,-188.49041,0,calibration
normal,14956,normal_0451,36,2022-07-12 00:57:00.393,3.6,0.061401,0.139929,-237.0297,0,calibration
normal,14957,normal_0451,37,2022-07-12 00:57:00.493,3.7,0.082484,-0.152963,-233.09782,0,calibration
normal,14958,normal_0451,38,2022-07-12 00:57:00.593,3.8,0.076126,-0.136353,-187.97388,0,calibration
normal,14959,normal_0451,39,2022-07-12 00:57:00.693,3.9,-0.171977,-0.136569,-130.37755,0,calibration
normal,14960,normal_0451,40,2022-07-12 00:57:00.793,4.0,-0.03064,0.142631,-54.499394,0,calibration
normal,14961,normal_0451,41,2022-07-12 00:57:00.893,4.1,0.112638,0.37426,25.395277,0,calibration
normal,14962,normal_0451,42,2022-07-12 00:57:00.993,4.2,-0.010647,-0.018132,111.8374,0,calibration
normal,14963,normal_0451,43,2022-07-12 00:57:01.093,4.3,0.024469,-0.242688,171.96932,0,calibration
normal,14964,normal_0451,44,2022-07-12 00:57:01.193,4.4,0.018179,-0.1271,223.75992,0,calibration
normal,14965,normal_0451,45,2022-07-12 00:57:01.293,4.5,-0.043946,-0.042042,242.41128,0,calibration
normal,14966,normal_0451,46,2022-07-12 00:57:01.393,4.6,0.031349,0.238929,205.07314,0,calibration
normal,14967,normal_0451,47,2022-07-12 00:57:01.493,4.7,0.06743,0.254154,152.80272,0,calibration
normal,14968,normal_0452,0,2022-07-12 00:57:04.747,0.0,-0.04177,-0.000117,-106.95351,0,calibration
normal,14969,normal_0452,1,2022-07-12 00:57:04.847,0.1,-0.024252,0.123327,-90.531837,0,calibration
normal,14970,normal_0452,2,2022-07-12 00:57:04.947,0.2,-0.024842,-0.034676,-67.514547,0,calibration
normal,14971,normal_0452,3,2022-07-12 00:57:05.047,0.3,0.017074,-0.092192,-26.550654,0,calibration
normal,14972,normal_0452,4,2022-07-12 00:57:05.147,0.4,-0.028055,0.008534,12.372495,0,calibration
normal,14973,normal_0452,5,2022-07-12 00:57:05.247,0.5,-0.015192,-0.065966,64.281352,0,calibration
normal,14974,normal_0452,6,2022-07-12 00:57:05.347,0.6,0.039497,-0.015909,103.08386,0,calibration
normal,14975,normal_0452,7,2022-07-12 00:57:05.447,0.7,0.005198,0.084249,107.51058,0,calibration
normal,14976,normal_0452,8,2022-07-12 00:57:05.547,0.8,0.022955,-0.033223,110.46614,0,calibration
normal,14977,normal_0452,9,2022-07-12 00:57:05.647,0.9,0.000419,-0.047255,97.436917,0,calibration
normal,14978,normal_0452,10,2022-07-12 00:57:05.747,1.0,-0.073366,-0.0082,77.454099,0,calibration
normal,14979,normal_0452,11,2022-07-12 00:57:05.847,1.1,-0.012808,0.021137,40.716772,0,calibration
normal,14980,normal_0452,12,2022-07-12 00:57:05.947,1.2,0.029551,0.111418,0.370503,0,calibration
normal,14981,normal_0452,13,2022-07-12 00:57:06.047,1.3,0.042607,0.013734,-44.764524,0,calibration
normal,14982,normal_0452,14,2022-07-12 00:57:06.147,1.4,0.081152,-0.037878,-94.439995,0,calibration
normal,14983,normal_0452,15,2022-07-12 00:57:06.247,1.5,0.05899,0.001166,-105.59679,0,calibration
normal,14984,normal_0452,16,2022-07-12 00:57:06.347,1.6,-0.015101,-0.073811,-109.13898,0,calibration
normal,14985,normal_0452,17,2022-07-12 00:57:06.447,1.7,0.000907,0.03459,-102.46731,0,calibration
normal,14986,normal_0452,18,2022-07-12 00:57:06.547,1.8,0.053983,0.087099,-84.438811,0,calibration
normal,14987,normal_0452,19,2022-07-12 00:57:06.647,1.9,0.055141,-0.068259,-54.936892,0,calibration
normal,14988,normal_0452,20,2022-07-12 00:57:06.747,2.0,0.06595,0.00229,-12.457491,0,calibration
normal,14989,normal_0452,21,2022-07-12 00:57:06.847,2.1,0.004199,0.027415,27.601484,0,calibration
normal,14990,normal_0452,22,2022-07-12 00:57:06.947,2.2,-0.001897,-0.025832,82.446108,0,calibration
normal,14991,normal_0452,23,2022-07-12 00:57:07.047,2.3,0.020582,0.096647,106.66562,0,calibration
normal,14992,normal_0452,24,2022-07-12 00:57:07.147,2.4,0.013271,-0.003262,108.95182,0,calibration
normal,14993,normal_0452,25,2022-07-12 00:57:07.247,2.5,0.068913,-0.063661,108.3541,0,calibration
normal,14994,normal_0452,26,2022-07-12 00:57:07.347,2.6,0.057946,0.058988,91.576706,0,calibration
normal,14995,normal_0452,27,2022-07-12 00:57:07.447,2.7,0.041665,-0.048016,68.121918,0,calibration
normal,14996,normal_0452,28,2022-07-12 00:57:07.547,2.8,0.00974,0.02477,26.571396,0,calibration
normal,14997,normal_0452,29,2022-07-12 00:57:07.647,2.9,-0.029463,0.141413,-11.661412,0,calibration
normal,14998,normal_0452,30,2022-07-12 00:57:07.747,3.0,0.012465,-0.040194,-62.942393,0,calibration
normal,14999,normal_0452,31,2022-07-12 00:57:07.847,3.1,0.028223,-0.022006,-101.71069,0,calibration
normal,15000,normal_0452,32,2022-07-12 00:57:07.947,3.2,-0.008846,0.02385,-105.87407,0,calibration
normal,15001,normal_0452,33,2022-07-12 00:57:08.047,3.3,-0.021255,-0.071438,-109.34306,0,calibration
normal,15002,normal_0452,34,2022-07-12 00:57:08.147,3.4,-0.004316,0.047692,-96.930992,0,calibration
normal,15003,normal_0452,35,2022-07-12 00:57:08.247,3.5,0.015541,0.093866,-77.795157,0,calibration
normal,15004,normal_0452,36,2022-07-12 00:57:08.347,3.6,0.04926,0.001779,-41.852241,0,calibration
normal,15005,normal_0453,0,2022-07-12 00:57:12.712,0.0,-0.143818,0.089082,-141.74046,0,calibration
normal,15006,normal_0453,1,2022-07-12 00:57:12.812,0.1,-0.032862,0.234585,-175.19357,0,calibration
normal,15007,normal_0453,2,2022-07-12 00:57:12.912,0.2,0.133758,0.219145,-167.28403,0,calibration
normal,15008,normal_0453,3,2022-07-12 00:57:13.012,0.3,0.06112,-0.08317,-139.15552,0,calibration
normal,15009,normal_0453,4,2022-07-12 00:57:13.112,0.4,0.200027,-0.237132,-93.833696,0,calibration
normal,15010,normal_0453,5,2022-07-12 00:57:13.212,0.5,0.121099,-0.157125,-41.240101,0,calibration
normal,15011,normal_0453,6,2022-07-12 00:57:13.312,0.6,0.097235,0.059245,16.482832,0,calibration
normal,15012,normal_0453,7,2022-07-12 00:57:13.412,0.7,0.169498,0.26835,75.686941,0,calibration
normal,15013,normal_0453,8,2022-07-12 00:57:13.512,0.8,-0.023689,0.096927,127.07461,0,calibration
normal,15014,normal_0453,9,2022-07-12 00:57:13.612,0.9,-0.02017,-0.092162,171.24881,0,calibration
normal,15015,normal_0453,10,2022-07-12 00:57:13.712,1.0,-0.000222,-0.07042,176.26323,0,calibration
normal,15016,normal_0453,11,2022-07-12 00:57:13.812,1.1,-0.087415,-0.050791,152.18641,0,calibration
normal,15017,normal_0453,12,2022-07-12 00:57:13.912,1.2,0.086653,0.1212,112.30816,0,calibration
normal,15018,normal_0453,13,2022-07-12 00:57:14.012,1.3,0.129603,0.165591,59.576876,0,calibration
normal,15019,normal_0453,14,2022-07-12 00:57:14.112,1.4,0.050698,-0.063983,3.552199,0,calibration
normal,15020,normal_0453,15,2022-07-12 00:57:14.212,1.5,0.141524,-0.152527,-58.426149,0,calibration
normal,15021,normal_0453,16,2022-07-12 00:57:14.312,1.6,-0.02202,-0.144262,-110.98911,0,calibration
normal,15022,normal_0453,17,2022-07-12 00:57:14.412,1.7,-0.091843,-0.019921,-159.79411,0,calibration
normal,15023,normal_0453,18,2022-07-12 00:57:14.512,1.8,0.131465,0.273663,-179.71518,0,calibration
normal,15024,normal_0453,19,2022-07-12 00:57:14.612,1.9,0.051594,0.154613,-160.92028,0,calibration
normal,15025,normal_0453,20,2022-07-12 00:57:14.712,2.0,-0.073042,-0.115402,-126.60565,0,calibration
normal,15026,normal_0453,21,2022-07-12 00:57:14.812,2.1,-0.059565,-0.06899,-75.949559,0,calibration
normal,15027,normal_0453,22,2022-07-12 00:57:14.912,2.2,-0.15155,-0.056115,-21.647456,0,calibration
normal,15028,normal_0453,23,2022-07-12 00:57:15.012,2.3,-0.092569,0.109483,40.305023,0,calibration
normal,15029,normal_0454,0,2022-07-12 00:57:20.685,0.0,0.172044,0.286431,191.35609,0,calibration
normal,15030,normal_0454,1,2022-07-12 00:57:20.785,0.1,0.164675,0.234001,242.96597,0,calibration
normal,15031,normal_0454,2,2022-07-12 00:57:20.885,0.2,-0.052354,-0.195561,248.47534,0,calibration
normal,15032,normal_0454,3,2022-07-12 00:57:20.985,0.3,-0.031668,-0.177373,208.99727,0,calibration
normal,15033,normal_0454,4,2022-07-12 00:57:21.085,0.4,-0.170689,-0.075534,150.5834,0,calibration
normal,15034,normal_0454,5,2022-07-12 00:57:21.185,0.5,-0.193566,0.047285,72.582254,0,calibration
normal,15035,normal_0454,6,2022-07-12 00:57:21.285,0.6,0.048781,0.316857,-9.599329,0,calibration
normal,15036,normal_0454,7,2022-07-12 00:57:21.385,0.7,0.074939,0.097614,-98.515999,0,calibration
normal,15037,normal_0454,8,2022-07-12 00:57:21.485,0.8,-0.010767,-0.272161,-170.57397,0,calibration
normal,15038,normal_0454,9,2022-07-12 00:57:21.585,0.9,-0.041784,-0.219982,-227.31653,0,calibration
normal,15039,normal_0454,10,2022-07-12 00:57:21.685,1.0,-0.08823,-0.048071,-252.71061,0,calibration
normal,15040,normal_0455,0,2022-07-12 00:57:30.180,0.0,0.037283,0.145481,-24.757388,0,calibration
normal,15041,normal_0455,1,2022-07-12 00:57:30.280,0.1,-0.124967,0.01879,-67.354806,0,calibration
normal,15042,normal_0455,2,2022-07-12 00:57:30.380,0.2,-0.021596,-0.072002,-117.602,0,calibration
normal,15043,normal_0455,3,2022-07-12 00:57:30.480,0.3,0.056515,-0.044981,-132.51902,0,calibration
normal,15044,normal_0455,4,2022-07-12 00:57:30.580,0.4,-0.072708,0.006074,-121.86111,0,calibration
normal,15045,normal_0455,5,2022-07-12 00:57:30.680,0.5,0.073363,0.096299,-106.30621,0,calibration
normal,15046,normal_0455,6,2022-07-12 00:57:30.780,0.6,0.039621,0.091406,-75.746664,0,calibration
normal,15047,normal_0455,7,2022-07-12 00:57:30.880,0.7,-0.083096,0.024251,-41.228061,0,calibration
normal,15048,normal_0455,8,2022-07-12 00:57:30.980,0.8,0.057752,-0.008333,10.231973,0,calibration
normal,15049,normal_0455,9,2022-07-12 00:57:31.080,0.9,-0.071561,-0.060092,54.074651,0,calibration
normal,15050,normal_0455,10,2022-07-12 00:57:31.180,1.0,-0.075183,0.034832,103.78875,0,calibration
normal,15051,normal_0455,11,2022-07-12 00:57:31.280,1.1,0.167856,0.121753,135.28647,0,calibration
normal,15052,normal_0455,12,2022-07-12 00:57:31.380,1.2,0.076735,-0.004053,127.34701,0,calibration
normal,15053,normal_0455,13,2022-07-12 00:57:31.480,1.3,0.072625,-0.089622,115.22712,0,calibration
normal,15054,normal_0455,14,2022-07-12 00:57:31.580,1.4,0.056356,-0.090201,87.425838,0,calibration
normal,15055,normal_0455,15,2022-07-12 00:57:31.680,1.5,-0.114,-0.012545,55.490024,0,calibration
normal,15056,normal_0455,16,2022-07-12 00:57:31.780,1.6,0.014565,0.097548,7.528902,0,calibration
normal,15057,normal_0455,17,2022-07-12 00:57:31.880,1.7,0.000748,0.035082,-41.075831,0,calibration
normal,15058,normal_0455,18,2022-07-12 00:57:31.980,1.8,-0.030792,-0.058208,-86.668144,0,calibration
normal,15059,normal_0455,19,2022-07-12 00:57:32.080,1.9,0.13802,-0.065451,-130.7409,0,calibration
normal,15060,normal_0455,20,2022-07-12 00:57:32.180,2.0,0.018868,-0.032209,-130.93044,0,calibration
normal,15061,normal_0455,21,2022-07-12 00:57:32.280,2.1,0.018493,0.071878,-119.48706,0,calibration
normal,15062,normal_0455,22,2022-07-12 00:57:32.380,2.2,0.100895,0.081017,-96.695077,0,calibration
normal,15063,normal_0455,23,2022-07-12 00:57:32.480,2.3,-0.058153,0.015793,-64.479478,0,calibration
normal,15064,normal_0455,24,2022-07-12 00:57:32.580,2.4,0.03038,0.001635,-22.713783,0,calibration
normal,15065,normal_0455,25,2022-07-12 00:57:32.680,2.5,0.057707,-0.067779,29.96302,0,calibration
normal,15066,normal_0455,26,2022-07-12 00:57:32.780,2.6,-0.117383,-0.045765,72.709092,0,calibration
normal,15067,normal_0455,27,2022-07-12 00:57:32.880,2.7,0.052326,0.072468,123.19864,0,calibration
normal,15068,normal_0455,28,2022-07-12 00:57:32.980,2.8,0.102223,0.068234,137.97404,0,calibration
normal,15069,normal_0455,29,2022-07-12 00:57:33.080,2.9,-0.039772,0.00025,125.48544,0,calibration
normal,15070,normal_0455,30,2022-07-12 00:57:33.180,3.0,0.058536,-0.085058,107.74375,0,calibration
normal,15071,normal_0455,31,2022-07-12 00:57:33.280,3.1,-0.058244,-0.107163,75.687179,0,calibration
normal,15072,normal_0455,32,2022-07-12 00:57:33.380,3.2,-0.159765,0.018722,38.961654,0,calibration
normal,15073,normal_0455,33,2022-07-12 00:57:33.480,3.3,0.078631,0.13918,-15.404822,0,calibration
normal,15074,normal_0455,34,2022-07-12 00:57:33.580,3.4,0.054267,0.075454,-60.20797,0,calibration
normal,15075,normal_0455,35,2022-07-12 00:57:33.680,3.5,0.00832,-0.07761,-109.63692,0,calibration
normal,15076,normal_0455,36,2022-07-12 00:57:33.780,3.6,0.126076,-0.114724,-140.22722,0,calibration
normal,15077,normal_0455,37,2022-07-12 00:57:33.880,3.7,-0.060378,-0.06276,-129.90548,0,calibration
normal,15078,normal_0455,38,2022-07-12 00:57:33.980,3.8,-0.110083,0.044403,-115.18468,0,calibration
normal,15079,normal_0455,39,2022-07-12 00:57:34.080,3.9,-0.004781,0.0896,-84.528814,0,calibration
normal,15080,normal_0455,40,2022-07-12 00:57:34.180,4.0,-0.113739,-0.027724,-49.517757,0,calibration
normal,15081,normal_0455,41,2022-07-12 00:57:34.280,4.1,0.006549,-0.087465,0.59247,0,calibration
normal,15082,normal_0455,42,2022-07-12 00:57:34.380,4.2,0.054869,-0.065008,50.09616,0,calibration
normal,15083,normal_0455,43,2022-07-12 00:57:34.480,4.3,-0.10368,-0.003178,95.62124,0,calibration
normal,15084,normal_0455,44,2022-07-12 00:57:34.580,4.4,-0.001387,0.090724,138.75045,0,calibration
normal,15085,normal_0455,45,2022-07-12 00:57:34.680,4.5,-0.032949,0.045345,137.27106,0,calibration
normal,15086,normal_0455,46,2022-07-12 00:57:34.780,4.6,-0.102544,-0.061103,122.89752,0,calibration
normal,15087,normal_0455,47,2022-07-12 00:57:34.880,4.7,0.035897,-0.110285,97.187769,0,calibration
normal,15088,normal_0455,48,2022-07-12 00:57:34.980,4.8,-0.027056,-0.082288,63.006528,0,calibration
normal,15089,normal_0455,49,2022-07-12 00:57:35.080,4.9,-0.011661,0.049387,19.795659,0,calibration
normal,15090,normal_0456,0,2022-07-12 00:57:36.947,0.0,0.049877,-0.088098,-58.781392,0,calibration
normal,15091,normal_0456,1,2022-07-12 00:57:37.047,0.1,0.090329,0.088366,-148.57401,0,calibration
normal,15092,normal_0456,2,2022-07-12 00:57:37.147,0.2,0.100774,0.285084,-220.0903,0,calibration
normal,15093,normal_0456,3,2022-07-12 00:57:37.247,0.3,0.070313,0.160107,-266.27603,0,calibration
normal,15094,normal_0456,4,2022-07-12 00:57:37.347,0.4,0.010254,-0.149326,-260.34168,0,calibration
normal,15095,normal_0456,5,2022-07-12 00:57:37.447,0.5,-0.134307,-0.193899,-219.224,0,calibration
normal,15096,normal_0456,6,2022-07-12 00:57:37.547,0.6,-0.133444,-0.059999,-150.68354,0,calibration
normal,15097,normal_0456,7,2022-07-12 00:57:37.647,0.7,0.020847,0.215647,-65.65822,0,calibration
normal,15098,normal_0456,8,2022-07-12 00:57:37.747,0.8,0.035152,0.302068,24.748686,0,calibration
normal,15099,normal_0456,9,2022-07-12 00:57:37.847,0.9,0.006882,-0.020194,118.71852,0,calibration
normal,15100,normal_0456,10,2022-07-12 00:57:37.947,1.0,-0.059024,-0.274723,195.90869,0,calibration
normal,15101,normal_0456,11,2022-07-12 00:57:38.047,1.1,-0.221784,-0.256864,254.53702,0,calibration
normal,15102,normal_0456,12,2022-07-12 00:57:38.147,1.2,-0.114882,0.004533,267.39088,0,calibration
normal,15103,normal_0456,13,2022-07-12 00:57:38.247,1.3,0.085572,0.280849,235.82724,0,calibration
normal,15104,normal_0456,14,2022-07-12 00:57:38.347,1.4,-0.007253,0.098901,177.2938,0,calibration
normal,15105,normal_0456,15,2022-07-12 00:57:38.447,1.5,-0.061533,-0.18619,95.829975,0,calibration
normal,15106,normal_0456,16,2022-07-12 00:57:38.547,1.6,-0.090881,-0.195977,8.902789,0,calibration
normal,15107,normal_0456,17,2022-07-12 00:57:38.647,1.7,-0.260385,-0.173554,-84.744464,0,calibration
normal,15108,normal_0456,18,2022-07-12 00:57:38.747,1.8,-0.144729,0.091352,-165.98024,0,calibration
normal,15109,normal_0456,19,2022-07-12 00:57:38.847,1.9,0.08564,0.323594,-230.84655,0,calibration
normal,15110,normal_0456,20,2022-07-12 00:57:38.947,2.0,-0.011612,-0.04457,-262.09799,0,calibration
normal,15111,normal_0456,21,2022-07-12 00:57:39.047,2.1,-0.054641,-0.314721,-243.5011,0,calibration
normal,15112,normal_0456,22,2022-07-12 00:57:39.147,2.2,-0.041165,-0.160487,-196.60082,0,calibration
normal,15113,normal_0456,23,2022-07-12 00:57:39.247,2.3,-0.161271,-0.03727,-123.23703,0,calibration
normal,15114,normal_0456,24,2022-07-12 00:57:39.347,2.4,-0.101269,0.183131,-40.770893,0,calibration
normal,15115,normal_0456,25,2022-07-12 00:57:39.447,2.5,-0.013372,0.229964,48.781401,0,calibration
normal,15116,normal_0456,26,2022-07-12 00:57:39.547,2.6,-0.044162,-0.14021,135.1253,0,calibration
normal,15117,normal_0456,27,2022-07-12 00:57:39.647,2.7,-0.046217,-0.297838,205.50587,0,calibration
normal,15118,normal_0456,28,2022-07-12 00:57:39.747,2.8,-0.059512,-0.128652,253.31262,0,calibration
normal,15119,normal_0456,29,2022-07-12 00:57:39.847,2.9,0.030486,0.112105,250.94405,0,calibration
normal,15120,normal_0456,30,2022-07-12 00:57:39.947,3.0,0.088308,0.284811,214.16857,0,calibration
normal,15121,normal_0456,31,2022-07-12 00:57:40.047,3.1,-0.011646,0.091499,150.17666,0,calibration
normal,15122,normal_0456,32,2022-07-12 00:57:40.147,3.2,-0.004221,-0.221715,70.198306,0,calibration
normal,15123,normal_0456,33,2022-07-12 00:57:40.247,3.3,-0.070138,-0.238813,-14.843704,0,calibration
normal,15124,normal_0456,34,2022-07-12 00:57:40.347,3.4,-0.058819,-0.039222,-103.14668,0,calibration
normal,15125,normal_0456,35,2022-07-12 00:57:40.447,3.5,0.198241,0.268599,-176.49128,0,calibration
normal,15126,normal_0456,36,2022-07-12 00:57:40.547,3.6,0.170528,0.297504,-234.94437,0,calibration
normal,15127,normal_0456,37,2022-07-12 00:57:40.647,3.7,0.057949,-0.028732,-250.32738,0,calibration
normal,15128,normal_0456,38,2022-07-12 00:57:40.747,3.8,0.045994,-0.185941,-223.64393,0,calibration
normal,15129,normal_0456,39,2022-07-12 00:57:40.847,3.9,-0.130243,-0.183511,-171.37899,0,calibration
normal,15130,normal_0456,40,2022-07-12 00:57:40.947,4.0,-0.071489,0.027092,-96.608412,0,calibration
normal,15131,normal_0456,41,2022-07-12 00:57:41.047,4.1,0.23145,0.343735,-16.263129,0,calibration
normal,15132,normal_0456,42,2022-07-12 00:57:41.147,4.2,0.224854,0.128715,72.142967,0,calibration
normal,15133,normal_0456,43,2022-07-12 00:57:41.247,4.3,0.121017,-0.19642,150.84316,0,calibration
normal,15134,normal_0456,44,2022-07-12 00:57:41.347,4.4,0.135594,-0.131082,216.12134,0,calibration
normal,15135,normal_0456,45,2022-07-12 00:57:41.447,4.5,-0.029834,-0.094104,249.87796,0,calibration
normal,15136,normal_0456,46,2022-07-12 00:57:41.547,4.6,-0.053926,0.103795,235.23369,0,calibration
normal,15137,normal_0456,47,2022-07-12 00:57:41.647,4.7,0.174116,0.366441,192.48309,0,calibration
normal,15138,normal_0456,48,2022-07-12 00:57:41.747,4.8,0.122663,0.03035,123.18958,0,calibration
normal,15139,normal_0456,49,2022-07-12 00:57:41.847,4.9,0.034925,-0.276131,44.142132,0,calibration
normal,15140,normal_0457,0,2022-07-12 00:57:44.792,0.0,-0.024204,0.010537,-109.22946,0,calibration
normal,15141,normal_0457,1,2022-07-12 00:57:44.892,0.1,0.090941,0.090124,-82.013855,0,calibration
normal,15142,normal_0457,2,2022-07-12 00:57:44.992,0.2,-0.04145,-0.058241,-46.596771,0,calibration
normal,15143,normal_0457,3,2022-07-12 00:57:45.092,0.3,-0.013373,-0.085375,2.905488,0,calibration
normal,15144,normal_0457,4,2022-07-12 00:57:45.192,0.4,0.01979,0.01652,42.932873,0,calibration
normal,15145,normal_0457,5,2022-07-12 00:57:45.292,0.5,-0.113634,-0.032276,99.6225,0,calibration
normal,15146,normal_0457,6,2022-07-12 00:57:45.392,0.6,0.011331,0.065828,130.09752,0,calibration
normal,15147,normal_0457,7,2022-07-12 00:57:45.492,0.7,0.053498,0.06568,123.91819,0,calibration
normal,15148,normal_0457,8,2022-07-12 00:57:45.592,0.8,-0.030573,-0.080947,116.14717,0,calibration
normal,15149,normal_0457,9,2022-07-12 00:57:45.692,0.9,0.087591,0.038251,92.774164,0,calibration
normal,15150,normal_0457,10,2022-07-12 00:57:45.792,1.0,0.012887,0.045698,64.223893,0,calibration
normal,15151,normal_0457,11,2022-07-12 00:57:45.892,1.1,-0.052746,-0.028246,16.823294,0,calibration
normal,15152,normal_0457,12,2022-07-12 00:57:45.992,1.2,0.012762,0.036536,-24.239424,0,calibration
normal,15153,normal_0457,13,2022-07-12 00:57:46.092,1.3,-0.067596,-0.013305,-74.734101,0,calibration
normal,15154,normal_0457,14,2022-07-12 00:57:46.192,1.4,0.05931,-0.027542,-122.75793,0,calibration
normal,15155,normal_0457,15,2022-07-12 00:57:46.292,1.5,0.094812,-0.024374,-123.35099,0,calibration
normal,15156,normal_0457,16,2022-07-12 00:57:46.392,1.6,-0.071048,-0.064814,-118.65713,0,calibration
normal,15157,normal_0457,17,2022-07-12 00:57:46.492,1.7,-0.000907,0.050989,-100.85429,0,calibration
normal,15158,normal_0457,18,2022-07-12 00:57:46.592,1.8,-0.054563,0.0739,-74.52333899999999,0,calibration
normal,15159,normal_0457,19,2022-07-12 00:57:46.692,1.9,-0.05672,-0.00521,-33.363108,0,calibration
normal,15160,normal_0457,20,2022-07-12 00:57:46.792,2.0,0.08288,-0.002133,12.494327,0,calibration
normal,15161,normal_0457,21,2022-07-12 00:57:46.892,2.1,-0.060921,-0.057094,55.437214,0,calibration
normal,15162,normal_0457,22,2022-07-12 00:57:46.992,2.2,0.023831,0.007109,112.0782,0,calibration
normal,15163,normal_0457,23,2022-07-12 00:57:47.092,2.3,0.129576,0.108107,126.1238,0,calibration
normal,15164,normal_0457,24,2022-07-12 00:57:47.192,2.4,-0.039724,-0.040666,120.67558,0,calibration
normal,15165,normal_0457,25,2022-07-12 00:57:47.292,2.5,0.033334,-0.076599,109.39993,0,calibration
normal,15166,normal_0457,26,2022-07-12 00:57:47.392,2.6,0.008414,0.01576,85.300456,0,calibration
normal,15167,normal_0457,27,2022-07-12 00:57:47.492,2.7,-0.090734,-0.017483,52.216655,0,calibration
normal,15168,normal_0457,28,2022-07-12 00:57:47.592,2.8,-0.004007,0.02516,4.07064,0,calibration
normal,15169,normal_0457,29,2022-07-12 00:57:47.692,2.9,-0.061227,0.063296,-35.465722,0,calibration
normal,15170,normal_0457,30,2022-07-12 00:57:47.792,3.0,-0.027656,-0.016393,-92.868578,0,calibration
normal,15171,normal_0457,31,2022-07-12 00:57:47.892,3.1,0.109367,-0.039815,-124.49755,0,calibration
normal,15172,normal_0457,32,2022-07-12 00:57:47.992,3.2,0.022367,-0.030562,-120.25203,0,calibration
normal,15173,normal_0457,33,2022-07-12 00:57:48.092,3.3,-0.013998,-0.018277,-114.86031,0,calibration
normal,15174,normal_0457,34,2022-07-12 00:57:48.192,3.4,0.01098,0.029883,-92.651855,0,calibration
normal,15175,normal_0457,35,2022-07-12 00:57:48.292,3.5,-0.029756,0.038114,-64.538367,0,calibration
normal,15176,normal_0457,36,2022-07-12 00:57:48.392,3.6,0.03397,0.018939,-18.283846,0,calibration
normal,15177,normal_0457,37,2022-07-12 00:57:48.492,3.7,0.061672,-0.0313,23.35203,0,calibration
normal,15178,normal_0457,38,2022-07-12 00:57:48.592,3.8,-0.051645,-0.03768,74.051389,0,calibration
normal,15179,normal_0458,0,2022-07-12 00:57:52.787,0.0,-0.12794,0.029684,117.20003,0,calibration
normal,15180,normal_0458,1,2022-07-12 00:57:52.887,0.1,-0.028485,0.081523,91.394197,0,calibration
normal,15181,normal_0458,2,2022-07-12 00:57:52.987,0.2,-0.063623,0.069591,59.180148,0,calibration
normal,15182,normal_0458,3,2022-07-12 00:57:53.087,0.3,-0.118925,-0.028092,12.291314,0,calibration
normal,15183,normal_0458,4,2022-07-12 00:57:53.187,0.4,0.101215,-0.062436,-37.647848,0,calibration
normal,15184,normal_0458,5,2022-07-12 00:57:53.287,0.5,-0.01074,-0.067499,-81.148396,0,calibration
normal,15185,normal_0458,6,2022-07-12 00:57:53.387,0.6,0.011796,0.010861,-127.4084,0,calibration
normal,15186,normal_0458,7,2022-07-12 00:57:53.487,0.7,0.173501,0.060645,-132.52331,0,calibration
normal,15187,normal_0458,8,2022-07-12 00:57:53.587,0.8,-0.060649,-0.082599,-120.73018,0,calibration
normal,15188,normal_0458,9,2022-07-12 00:57:53.687,0.9,-0.007379,-0.102445,-100.51097,0,calibration
normal,15189,normal_0458,10,2022-07-12 00:57:53.787,1.0,0.066122,-0.052025,-68.756112,0,calibration
normal,15190,normal_0458,11,2022-07-12 00:57:53.887,1.1,-0.160966,-0.055624,-28.678301,0,calibration
normal,15191,normal_0458,12,2022-07-12 00:57:53.987,1.2,-0.007561,0.077482,24.195674,0,calibration
normal,15192,normal_0458,13,2022-07-12 00:57:54.087,1.3,0.068245,0.087893,66.780218,0,calibration
normal,15193,normal_0458,14,2022-07-12 00:57:54.187,1.4,-0.06695,-0.062867,116.4787,0,calibration
normal,15194,normal_0458,15,2022-07-12 00:57:54.287,1.5,0.089248,-0.094645,137.14542,0,calibration
normal,15195,normal_0458,16,2022-07-12 00:57:54.387,1.6,0.005632,-0.076048,126.20021,0,calibration
normal,15196,normal_0458,17,2022-07-12 00:57:54.487,1.7,-0.125215,-0.002956,110.78538,0,calibration
normal,15197,normal_0458,18,2022-07-12 00:57:54.587,1.8,0.055711,0.128719,80.439816,0,calibration
normal,15198,normal_0458,19,2022-07-12 00:57:54.687,1.9,-0.002963,0.091651,44.70933,0,calibration
normal,15199,normal_0458,20,2022-07-12 00:57:54.787,2.0,-0.035706,-0.028887,-8.057834,0,calibration
normal,15200,normal_0458,21,2022-07-12 00:57:54.887,2.1,0.058697,-0.068635,-53.53368,0,calibration
normal,15201,normal_0458,22,2022-07-12 00:57:54.987,2.2,-0.101838,-0.049607,-101.0126,0,calibration
normal,15202,normal_0458,23,2022-07-12 00:57:55.087,2.3,-0.077792,0.056978,-136.9604,0,calibration
normal,15203,normal_0458,24,2022-07-12 00:57:55.187,2.4,0.054485,0.068388,-130.47721,0,calibration
normal,15204,normal_0458,25,2022-07-12 00:57:55.287,2.5,-0.064361,-0.066432,-116.96626,0,calibration
normal,15205,normal_0458,26,2022-07-12 00:57:55.387,2.6,0.029269,-0.097393,-89.572202,0,calibration
normal,15206,normal_0459,0,2022-07-12 00:58:00.779,0.0,0.11097,0.205298,188.47515,0,calibration
normal,15207,normal_0459,1,2022-07-12 00:58:00.879,0.1,0.010539,-0.168168,135.44752,0,calibration
normal,15208,normal_0459,2,2022-07-12 00:58:00.979,0.2,0.01239,-0.190068,62.262185,0,calibration
normal,15209,normal_0459,3,2022-07-12 00:58:01.079,0.3,-0.05296,-0.069984,-15.408875,0,calibration
normal,15210,normal_0459,4,2022-07-12 00:58:01.179,0.4,-0.105355,0.018719,-101.59923,0,calibration
normal,15211,normal_0459,5,2022-07-12 00:58:01.279,0.5,0.020621,0.227494,-163.43524,0,calibration
normal,15212,normal_0459,6,2022-07-12 00:58:01.379,0.6,0.022346,0.084829,-214.83722,0,calibration
normal,15213,normal_0459,7,2022-07-12 00:58:01.479,0.7,0.016692,-0.238876,-234.44226,0,calibration
normal,15214,normal_0459,8,2022-07-12 00:58:01.579,0.8,-0.023055,-0.157859,-200.789,0,calibration
normal,15215,normal_0459,9,2022-07-12 00:58:01.679,0.9,-0.083035,0.001132,-154.58836,0,calibration
normal,15216,normal_0459,10,2022-07-12 00:58:01.779,1.0,0.05644,0.194887,-86.690675,0,calibration
normal,15217,normal_0459,11,2022-07-12 00:58:01.879,1.1,-0.004913,0.215527,-11.450292,0,calibration
normal,15218,normal_0459,12,2022-07-12 00:58:01.979,1.2,-0.052892,-0.110981,73.715934,0,calibration
normal,15219,normal_0459,13,2022-07-12 00:58:02.079,1.3,0.036572,-0.208438,145.70441,0,calibration
normal,15220,normal_0459,14,2022-07-12 00:58:02.179,1.4,-0.161418,-0.161458,198.16866,0,calibration
normal,15221,normal_0459,15,2022-07-12 00:58:02.279,1.5,-0.045421,0.021001,234.37515,0,calibration
normal,15222,normal_0459,16,2022-07-12 00:58:02.379,1.6,0.227432,0.277153,214.4902,0,calibration
normal,15223,normal_0459,17,2022-07-12 00:58:02.479,1.7,-0.007921,0.098191,171.90017,0,calibration
normal,15224,normal_0460,0,2022-07-12 00:58:08.660,0.0,-0.009364,-0.022197,-65.400012,0,calibration
normal,15225,normal_0460,1,2022-07-12 00:58:08.760,0.1,-0.061521,-0.084822,-21.832469,0,calibration
normal,15226,normal_0460,2,2022-07-12 00:58:08.860,0.2,-0.009716,0.030505,17.342331,0,calibration
normal,15227,normal_0460,3,2022-07-12 00:58:08.960,0.3,0.016635,0.102882,69.293984,0,calibration
normal,15228,normal_0460,4,2022-07-12 00:58:09.060,0.4,-0.003687,-0.034288,108.33157,0,calibration
normal,15229,normal_0461,0,2022-07-12 00:58:17.587,0.0,-0.000662,0.219262,237.20172,0,calibration
normal,15230,normal_0461,1,2022-07-12 00:58:17.687,0.1,0.014551,0.287836,181.36456,0,calibration
normal,15231,normal_0461,2,2022-07-12 00:58:17.787,0.2,-0.052092,-0.044282,101.76922,0,calibration
normal,15232,normal_0461,3,2022-07-12 00:58:17.887,0.3,-0.077796,-0.267793,19.033077,0,calibration
normal,15233,normal_0461,4,2022-07-12 00:58:17.987,0.4,-0.186061,-0.170825,-70.37557,0,calibration
normal,15234,normal_0461,5,2022-07-12 00:58:18.087,0.5,-0.067646,0.08233,-150.78844,0,calibration
normal,15235,normal_0461,6,2022-07-12 00:58:18.187,0.6,0.057853,0.268365,-217.70849,0,calibration
normal,15236,normal_0461,7,2022-07-12 00:58:18.287,0.7,-0.075253,0.043842,-256.77493,0,calibration
normal,15237,normal_0461,8,2022-07-12 00:58:18.387,0.8,-0.020769,-0.206679,-244.35618,0,calibration
normal,15238,normal_0461,9,2022-07-12 00:58:18.487,0.9,-0.106111,-0.231883,-200.30274,0,calibration
normal,15239,normal_0461,10,2022-07-12 00:58:18.587,1.0,-0.27574,-0.188616,-128.65867,0,calibration
normal,15240,normal_0461,11,2022-07-12 00:58:18.687,1.1,-0.054193,0.164914,-47.487384,0,calibration
normal,15241,normal_0461,12,2022-07-12 00:58:18.787,1.2,0.03115,0.290912,39.089804,0,calibration
normal,15242,normal_0461,13,2022-07-12 00:58:18.887,1.3,-0.101683,-0.107871,124.31599,0,calibration
normal,15243,normal_0461,14,2022-07-12 00:58:18.987,1.4,-0.062719,-0.25208,194.60275,0,calibration
normal,15244,normal_0461,15,2022-07-12 00:58:19.087,1.5,-0.088264,-0.192305,246.92705,0,calibration
normal,15245,normal_0461,16,2022-07-12 00:58:19.187,1.6,-0.181599,-0.080362,251.08388,0,calibration
normal,15246,normal_0461,17,2022-07-12 00:58:19.287,1.7,0.008636,0.248848,216.92589,0,calibration
normal,15247,normal_0461,18,2022-07-12 00:58:19.387,1.8,0.063756,0.200835,154.11438,0,calibration
normal,15248,normal_0461,19,2022-07-12 00:58:19.487,1.9,-0.138525,-0.234687,74.954996,0,calibration
normal,15249,normal_0461,20,2022-07-12 00:58:19.587,2.0,-0.125662,-0.245178,-7.282496,0,calibration
normal,15250,normal_0461,21,2022-07-12 00:58:19.687,2.1,-0.113366,-0.056066,-94.841372,0,calibration
normal,15251,normal_0461,22,2022-07-12 00:58:19.787,2.2,-0.089411,0.067764,-169.00124,0,calibration
normal,15252,normal_0461,23,2022-07-12 00:58:19.887,2.3,0.084873,0.29131,-230.69349,0,calibration
normal,15253,normal_0461,24,2022-07-12 00:58:19.987,2.4,0.143672,0.058114,-252.66495,0,calibration
normal,15254,normal_0461,25,2022-07-12 00:58:20.087,2.5,0.043161,-0.275877,-228.87876,0,calibration
normal,15255,normal_0461,26,2022-07-12 00:58:20.187,2.6,-0.09033,-0.192396,-177.28915,0,calibration
normal,15256,normal_0461,27,2022-07-12 00:58:20.287,2.7,-0.070519,-0.013696,-100.53183,0,calibration
normal,15257,normal_0461,28,2022-07-12 00:58:20.387,2.8,0.061906,0.262813,-18.987181,0,calibration
normal,15258,normal_0461,29,2022-07-12 00:58:20.487,2.9,0.052301,0.301823,69.648036,0,calibration
normal,15259,normal_0461,30,2022-07-12 00:58:20.587,3.0,0.104004,-0.058632,150.19502,0,calibration
normal,15260,normal_0461,31,2022-07-12 00:58:20.687,3.1,0.101574,-0.253295,216.99038,0,calibration
normal,15261,normal_0461,32,2022-07-12 00:58:20.787,3.2,-0.09536,-0.138866,255.26527,0,calibration
normal,15262,normal_0461,33,2022-07-12 00:58:20.887,3.3,0.100007,0.126812,243.1722,0,calibration
normal,15263,normal_0461,34,2022-07-12 00:58:20.987,3.4,0.208772,0.33116,199.26014,0,calibration
normal,15264,normal_0461,35,2022-07-12 00:58:21.087,3.5,-0.010732,0.10322,126.87017,0,calibration
normal,15265,normal_0461,36,2022-07-12 00:58:21.187,3.6,0.09718,-0.164013,45.735245,0,calibration
normal,15266,normal_0461,37,2022-07-12 00:58:21.287,3.7,0.085895,-0.160812,-41.372304,0,calibration
normal,15267,normal_0461,38,2022-07-12 00:58:21.387,3.8,-0.071563,-0.122903,-127.7944,0,calibration
normal,15268,normal_0461,39,2022-07-12 00:58:21.487,3.9,0.18065,0.188937,-198.81322,0,calibration
normal,15269,normal_0461,40,2022-07-12 00:58:21.587,4.0,0.332216,0.328809,-250.52705,0,calibration
normal,15270,normal_0461,41,2022-07-12 00:58:21.687,4.1,0.080003,-0.111493,-253.12427,0,calibration
normal,15271,normal_0461,42,2022-07-12 00:58:21.787,4.2,0.018559,-0.238491,-218.01856,0,calibration
normal,15272,normal_0461,43,2022-07-12 00:58:21.887,4.3,0.066924,-0.058008,-153.20351,0,calibration
normal,15273,normal_0461,44,2022-07-12 00:58:21.987,4.4,-0.142147,-0.00752,-70.644029,0,calibration
normal,15274,normal_0461,45,2022-07-12 00:58:22.087,4.5,0.019399,0.294091,15.726926,0,calibration
normal,15275,normal_0461,46,2022-07-12 00:58:22.187,4.6,0.260111,0.34635,107.27228,0,calibration
normal,15276,normal_0461,47,2022-07-12 00:58:22.287,4.7,-0.004772,-0.18194,184.11805,0,calibration
normal,15277,normal_0461,48,2022-07-12 00:58:22.387,4.8,0.003175,-0.260391,245.18171,0,calibration
normal,15278,normal_0461,49,2022-07-12 00:58:22.487,4.9,0.082648,0.008613,263.88911,0,calibration
normal,15279,normal_0462,0,2022-07-12 00:58:24.593,0.0,-0.00273,0.043144,-87.832104,0,calibration
normal,15280,normal_0462,1,2022-07-12 00:58:24.693,0.1,-0.076946,0.047492,-56.699044,0,calibration
normal,15281,normal_0462,2,2022-07-12 00:58:24.793,0.2,0.086814,0.052136,-7.239223,0,calibration
normal,15282,normal_0462,3,2022-07-12 00:58:24.893,0.3,0.0565,-0.035057,33.544902,0,calibration
normal,15283,normal_0462,4,2022-07-12 00:58:24.993,0.4,-0.091603,-0.1277,89.365255,0,calibration
normal,15284,normal_0462,5,2022-07-12 00:58:25.093,0.5,-0.001242,0.068133,124.51388,0,calibration
normal,15285,normal_0462,6,2022-07-12 00:58:25.193,0.6,0.004911,0.067519,121.52173,0,calibration
normal,15286,normal_0462,7,2022-07-12 00:58:25.293,0.7,-0.014401,-0.107741,117.10037,0,calibration
normal,15287,normal_0462,8,2022-07-12 00:58:25.393,0.8,0.100926,0.028964,96.937906,0,calibration
normal,15288,normal_0462,9,2022-07-12 00:58:25.493,0.9,0.053866,0.027476,71.380743,0,calibration
normal,15289,normal_0462,10,2022-07-12 00:58:25.593,1.0,-0.071337,-0.089723,26.061419,0,calibration
normal,15290,normal_0462,11,2022-07-12 00:58:25.693,1.1,-0.058792,0.090476,-16.859295,0,calibration
normal,15291,normal_0462,12,2022-07-12 00:58:25.793,1.2,-0.076321,0.100478,-65.503367,0,calibration
normal,15292,normal_0462,13,2022-07-12 00:58:25.893,1.3,-0.017534,-0.050975,-115.04723,0,calibration
normal,15293,normal_0462,14,2022-07-12 00:58:25.993,1.4,0.085849,-0.049408,-119.73919,0,calibration
normal,15294,normal_0462,15,2022-07-12 00:58:26.093,1.5,0.001551,-0.055959,-117.7354,0,calibration
normal,15295,normal_0462,16,2022-07-12 00:58:26.193,1.6,0.019137,0.034981,-104.10191,0,calibration
normal,15296,normal_0462,17,2022-07-12 00:58:26.293,1.7,0.043626,0.04026,-81.41757,0,calibration
normal,15297,normal_0462,18,2022-07-12 00:58:26.393,1.8,-0.053649,-0.074101,-44.58571,0,calibration
normal,15298,normal_0462,19,2022-07-12 00:58:26.493,1.9,0.037154,0.05083,2.020002,0,calibration
normal,15299,normal_0462,20,2022-07-12 00:58:26.593,2.0,0.034055,0.016418,45.02905,0,calibration
normal,15300,normal_0462,21,2022-07-12 00:58:26.693,2.1,-0.072893,-0.102462,102.12327,0,calibration
normal,15301,normal_0462,22,2022-07-12 00:58:26.793,2.2,-0.021394,0.061082,121.50778,0,calibration
normal,15302,normal_0462,23,2022-07-12 00:58:26.893,2.3,-0.033667,0.060094,119.12443,0,calibration
normal,15303,normal_0462,24,2022-07-12 00:58:26.993,2.4,0.008964,-0.025645,111.98689,0,calibration
normal,15304,normal_0462,25,2022-07-12 00:58:27.093,2.5,0.081784,0.001069,90.779911,0,calibration
normal,15305,normal_0462,26,2022-07-12 00:58:27.193,2.6,-0.021156,-0.05253,61.689027,0,calibration
normal,15306,normal_0462,27,2022-07-12 00:58:27.293,2.7,-0.026447,-0.04456,14.997484,0,calibration
normal,15307,normal_0462,28,2022-07-12 00:58:27.393,2.8,-0.003025,0.049161,-25.73407,0,calibration
normal,15308,normal_0462,29,2022-07-12 00:58:27.493,2.9,-0.022995,0.051443,-80.950627,0,calibration
normal,15309,normal_0462,30,2022-07-12 00:58:27.593,3.0,0.079423,-0.024226,-116.6078,0,calibration
normal,15310,normal_0462,31,2022-07-12 00:58:27.693,3.1,0.048088,-0.063679,-116.61138,0,calibration
normal,15311,normal_0462,32,2022-07-12 00:58:27.793,3.2,-0.070486,-0.028495,-114.96045,0,calibration
normal,15312,normal_0462,33,2022-07-12 00:58:27.893,3.3,-0.009133,0.032449,-97.61883,0,calibration
normal,15313,normal_0462,34,2022-07-12 00:58:27.993,3.4,0.004207,0.018269,-74.198851,0,calibration
normal,15314,normal_0462,35,2022-07-12 00:58:28.093,3.5,-0.028831,0.010696,-32.329325,0,calibration
normal,15315,normal_0462,36,2022-07-12 00:58:28.193,3.6,0.070249,0.04546,9.742857,0,calibration
normal,15316,normal_0462,37,2022-07-12 00:58:28.293,3.7,0.015345,-0.067471,59.194333,0,calibration
normal,15317,normal_0462,38,2022-07-12 00:58:28.393,3.8,-0.075731,-0.069832,109.70665,0,calibration
normal,15318,normal_0462,39,2022-07-12 00:58:28.493,3.9,0.016537,0.119154,117.38636,0,calibration
normal,15319,normal_0462,40,2022-07-12 00:58:28.593,4.0,0.004866,0.044132,117.25356,0,calibration
normal,15320,normal_0462,41,2022-07-12 00:58:28.693,4.1,0.013642,-0.081787,105.91198,0,calibration
normal,15321,normal_0462,42,2022-07-12 00:58:28.793,4.2,0.060383,-0.031788,84.837566,0,calibration
normal,15322,normal_0462,43,2022-07-12 00:58:28.893,4.3,-0.034167,-0.04825,50.273424,0,calibration
normal,15323,normal_0462,44,2022-07-12 00:58:28.993,4.4,-0.013481,0.01786,5.844951,0,calibration
normal,15324,normal_0462,45,2022-07-12 00:58:29.093,4.5,0.002618,0.060617,-36.863689,0,calibration
normal,15325,normal_0462,46,2022-07-12 00:58:29.193,4.6,-0.043261,-0.037362,-93.291175,0,calibration
normal,15326,normal_0462,47,2022-07-12 00:58:29.293,4.7,0.050631,0.045971,-114.40398,0,calibration
normal,15327,normal_0463,0,2022-07-12 00:58:32.643,0.0,0.079941,0.009935,68.279871,0,calibration
normal,15328,normal_0463,1,2022-07-12 00:58:32.743,0.1,0.027023,-0.052133,26.626352,0,calibration
normal,15329,normal_0463,2,2022-07-12 00:58:32.843,0.2,0.083438,-0.040144,-24.061921,0,calibration
normal,15330,normal_0463,3,2022-07-12 00:58:32.943,0.3,-0.08299,-0.066677,-66.860326,0,calibration
normal,15331,normal_0463,4,2022-07-12 00:58:33.043,0.4,-0.142129,0.056949,-116.95672,0,calibration
normal,15332,normal_0463,5,2022-07-12 00:58:33.143,0.5,-0.058013,0.133663,-128.31737,0,calibration
normal,15333,normal_0463,6,2022-07-12 00:58:33.243,0.6,-0.073657,-0.041972,-119.73788,0,calibration
normal,15334,normal_0463,7,2022-07-12 00:58:33.343,0.7,0.105985,-0.112237,-104.53953,0,calibration
normal,15335,normal_0463,8,2022-07-12 00:58:33.443,0.8,0.124786,-0.022115,-76.097617,0,calibration
normal,15336,normal_0463,9,2022-07-12 00:58:33.543,0.9,-0.063746,0.025228,-40.946488,0,calibration
normal,15337,normal_0463,10,2022-07-12 00:58:33.643,1.0,-0.002677,0.103463,12.297632,0,calibration
normal,15338,normal_0463,11,2022-07-12 00:58:33.743,1.1,-0.091369,0.066463,55.955417,0,calibration
normal,15339,normal_0463,12,2022-07-12 00:58:33.843,1.2,-0.125451,-0.096014,106.91799,0,calibration
normal,15340,normal_0463,13,2022-07-12 00:58:33.943,1.3,0.113172,-0.103632,133.76381,0,calibration
normal,15341,normal_0463,14,2022-07-12 00:58:34.043,1.4,0.039716,-0.090337,125.1507,0,calibration
normal,15342,normal_0463,15,2022-07-12 00:58:34.143,1.5,0.043497,-0.032379,113.07873,0,calibration
normal,15343,normal_0463,16,2022-07-12 00:58:34.243,1.6,0.121903,0.098445,85.344325,0,calibration
normal,15344,normal_0463,17,2022-07-12 00:58:34.343,1.7,-0.108319,0.055575,53.568966,0,calibration
normal,15345,normal_0463,18,2022-07-12 00:58:34.443,1.8,-0.022954,0.041906,3.120065,0,calibration
normal,15346,normal_0463,19,2022-07-12 00:58:34.543,1.9,0.042316,0.063114,-43.663388,0,calibration
normal,15347,normal_0463,20,2022-07-12 00:58:34.643,2.0,-0.14977,-0.007719,-90.286742,0,calibration
normal,15348,normal_0463,21,2022-07-12 00:58:34.743,2.1,0.00367,0.06694,-130.81254,0,calibration
normal,15349,normal_0463,22,2022-07-12 00:58:34.843,2.2,0.070154,0.102668,-128.01541,0,calibration
normal,15350,normal_0463,23,2022-07-12 00:58:34.943,2.3,-0.001144,-0.020174,-117.68843,0,calibration
normal,15351,normal_0463,24,2022-07-12 00:58:35.043,2.4,0.102636,-0.081118,-94.455134,0,calibration
normal,15352,normal_0463,25,2022-07-12 00:58:35.143,2.5,-0.048975,-0.044493,-64.345606,0,calibration
normal,15353,normal_0463,26,2022-07-12 00:58:35.243,2.6,-0.063122,0.053021,-20.297887,0,calibration
normal,15354,normal_0463,27,2022-07-12 00:58:35.343,2.7,0.116044,0.079814,32.087807,0,calibration
normal,15355,normal_0463,28,2022-07-12 00:58:35.443,2.8,-0.030549,-0.007799,75.846562,0,calibration
normal,15356,normal_0463,29,2022-07-12 00:58:35.543,2.9,0.035595,-0.042778,125.45933,0,calibration
normal,15357,normal_0463,30,2022-07-12 00:58:35.643,3.0,0.100309,-0.025885,134.86852,0,calibration
normal,15358,normal_0463,31,2022-07-12 00:58:35.743,3.1,-0.104073,0.027408,123.46591,0,calibration
normal,15359,normal_0463,32,2022-07-12 00:58:35.843,3.2,0.004839,0.129224,105.19434,0,calibration
normal,15360,normal_0463,33,2022-07-12 00:58:35.943,3.3,0.037139,0.054008,74.601063,0,calibration
normal,15361,normal_0464,0,2022-07-12 00:58:40.588,0.0,-0.040036,-0.061581,113.64855,0,calibration
normal,15362,normal_0464,1,2022-07-12 00:58:40.688,0.1,0.035463,0.010592,110.50559,0,calibration
normal,15363,normal_0464,2,2022-07-12 00:58:40.788,0.2,0.012847,0.052066,92.111718,0,calibration
normal,15364,normal_0464,3,2022-07-12 00:58:40.888,0.3,0.024575,-0.012239,68.72023,0,calibration
normal,15365,normal_0464,4,2022-07-12 00:58:40.988,0.4,-0.009212,-0.028145,24.150017,0,calibration
normal,15366,normal_0464,5,2022-07-12 00:58:41.088,0.5,-0.068965,-0.064771,-16.251804,0,calibration
normal,15367,normal_0464,6,2022-07-12 00:58:41.188,0.6,-0.059541,-0.007777,-66.125162,0,calibration
normal,15368,normal_0464,7,2022-07-12 00:58:41.288,0.7,0.011644,0.093766,-109.03705,0,calibration
normal,15369,normal_0464,8,2022-07-12 00:58:41.388,0.8,0.070567,0.024568,-111.52352,0,calibration
normal,15370,normal_0464,9,2022-07-12 00:58:41.488,0.9,0.013687,-0.035309,-111.70484,0,calibration
normal,15371,normal_0464,10,2022-07-12 00:58:41.588,1.0,-0.011051,-0.049058,-98.278177,0,calibration
normal,15372,normal_0464,11,2022-07-12 00:58:41.688,1.1,-0.024823,-0.059117,-78.103909,0,calibration
normal,15373,normal_0464,12,2022-07-12 00:58:41.788,1.2,-0.045861,0.075907,-40.970926,0,calibration
normal,15374,normal_0464,13,2022-07-12 00:58:41.888,1.3,-0.000186,0.07257,2.443552,0,calibration
normal,15375,normal_0464,14,2022-07-12 00:58:41.988,1.4,0.0143,-0.099659,45.480138,0,calibration
normal,15376,normal_0464,15,2022-07-12 00:58:42.088,1.5,-0.001844,-0.013477,98.082316,0,calibration
normal,15377,normal_0464,16,2022-07-12 00:58:42.188,1.6,-0.029319,0.030812,111.89689,0,calibration
normal,15378,normal_0464,17,2022-07-12 00:58:42.288,1.7,-0.053978,-0.029281,112.32997,0,calibration
normal,15379,normal_0464,18,2022-07-12 00:58:42.388,1.8,-0.060779,0.088646,105.67917,0,calibration
normal,15380,normal_0464,19,2022-07-12 00:58:42.488,1.9,-0.032464,0.037885,87.483297,0,calibration
normal,15381,normal_0464,20,2022-07-12 00:58:42.588,2.0,0.051233,-0.039657,59.762485,0,calibration
normal,15382,normal_0464,21,2022-07-12 00:58:42.688,2.1,0.041435,0.010797,16.320827,0,calibration
normal,15383,normal_0464,22,2022-07-12 00:58:42.788,2.2,-0.000243,-0.084037,-22.857788,0,calibration
normal,15384,normal_0464,23,2022-07-12 00:58:42.888,2.3,0.011666,0.019198,-77.466378,0,calibration
normal,15385,normal_0464,24,2022-07-12 00:58:42.988,2.4,-0.008134,0.124352,-107.28992,0,calibration
normal,15386,normal_0464,25,2022-07-12 00:58:43.088,2.5,0.020783,-0.061967,-109.29467,0,calibration
normal,15387,normal_0464,26,2022-07-12 00:58:43.188,2.6,0.044239,-0.014056,-109.17021,0,calibration
normal,15388,normal_0464,27,2022-07-12 00:58:43.288,2.7,0.009714,0.020787,-94.024789,0,calibration
normal,15389,normal_0464,28,2022-07-12 00:58:43.388,2.8,0.02864,-0.066076,-72.582373,0,calibration
normal,15390,normal_0464,29,2022-07-12 00:58:43.488,2.9,0.041026,0.082538,-32.252196,0,calibration
normal,15391,normal_0464,30,2022-07-12 00:58:43.588,3.0,0.029219,0.074454,6.764532,0,calibration
normal,15392,normal_0464,31,2022-07-12 00:58:43.688,3.1,0.086042,-0.011024,56.768186,0,calibration
normal,15393,normal_0464,32,2022-07-12 00:58:43.788,3.2,0.063676,0.042665,101.09926,0,calibration
normal,15394,normal_0464,33,2022-07-12 00:58:43.888,3.3,0.004502,-0.040282,108.35923,0,calibration
normal,15395,normal_0465,0,2022-07-12 00:58:48.559,0.0,0.023256,0.066577,12.411477,0,calibration
normal,15396,normal_0465,1,2022-07-12 00:58:48.659,0.1,-0.026313,-0.019219,-35.67851,0,calibration
normal,15397,normal_0465,2,2022-07-12 00:58:48.759,0.2,0.097585,-0.074567,-79.325089,0,calibration
normal,15398,normal_0465,3,2022-07-12 00:58:48.859,0.3,-0.004333,-0.105561,-125.48245,0,calibration
normal,15399,normal_0465,4,2022-07-12 00:58:48.959,0.4,0.0196,0.018848,-129.26532,0,calibration
normal,15400,normal_0465,5,2022-07-12 00:58:49.059,0.5,0.107099,0.10687,-119.26819,0,calibration
normal,15401,normal_0465,6,2022-07-12 00:58:49.159,0.6,-0.041821,0.06056,-98.836672,0,calibration
normal,15402,normal_0465,7,2022-07-12 00:58:49.259,0.7,-0.011928,0.04806,-68.028577,0,calibration
normal,15403,normal_0465,8,2022-07-12 00:58:49.359,0.8,0.015445,-0.023261,-27.953747,0,calibration
normal,15404,normal_0465,9,2022-07-12 00:58:49.459,0.9,-0.149496,-0.027439,23.957732,0,calibration
normal,15405,normal_0465,10,2022-07-12 00:58:49.559,1.0,-0.052686,0.132313,65.587767,0,calibration
normal,15406,normal_0465,11,2022-07-12 00:58:49.659,1.1,0.038537,0.034027,115.47615,0,calibration
normal,15407,normal_0465,12,2022-07-12 00:58:49.759,1.2,-0.071215,-0.117471,133.87503,0,calibration
normal,15408,normal_0465,13,2022-07-12 00:58:49.859,1.3,0.063083,-0.055334,124.05278,0,calibration
normal,15409,normal_0465,14,2022-07-12 00:58:49.959,1.4,0.027241,-0.053336,108.72556,0,calibration
normal,15410,normal_0465,15,2022-07-12 00:58:50.059,1.5,-0.116106,0.018984,79.134116,0,calibration
normal,15411,normal_0465,16,2022-07-12 00:58:50.159,1.6,0.0066,0.115964,44.847851,0,calibration
normal,15412,normal_0465,17,2022-07-12 00:58:50.259,1.7,-0.112178,0.007983,-7.250906,0,calibration
normal,15413,normal_0465,18,2022-07-12 00:58:50.359,1.8,-0.088517,-0.074657,-50.607807,0,calibration
normal,15414,normal_0465,19,2022-07-12 00:58:50.459,1.9,0.089298,-0.097818,-98.729503,0,calibration
normal,15415,normal_0466,0,2022-07-12 00:58:56.518,0.0,-0.009355,0.117797,-205.27318,0,calibration
normal,15416,normal_0466,1,2022-07-12 00:58:56.618,0.1,0.068347,0.304876,-130.62014,0,calibration
normal,15417,normal_0466,2,2022-07-12 00:58:56.718,0.2,-0.097388,0.0424,-44.485932,0,calibration
normal,15418,normal_0466,3,2022-07-12 00:58:56.818,0.3,-0.13071,-0.256225,45.574194,0,calibration
normal,15419,normal_0466,4,2022-07-12 00:58:56.918,0.4,-0.109638,-0.197393,133.80422,0,calibration
normal,15420,normal_0466,5,2022-07-12 00:58:57.018,0.5,-0.176543,-0.058588,206.34952,0,calibration
normal,15421,normal_0466,6,2022-07-12 00:58:57.118,0.6,0.115565,0.246906,257.87786,0,calibration
normal,15422,normal_0466,7,2022-07-12 00:58:57.218,0.7,0.183276,0.285189,259.64609,0,calibration
normal,15423,normal_0467,0,2022-07-12 00:59:05.768,0.0,-0.059536,0.030485,-7.037283,0,calibration
normal,15424,normal_0467,1,2022-07-12 00:59:05.868,0.1,-0.016677,-0.022388,-51.856524,0,calibration
normal,15425,normal_0467,2,2022-07-12 00:59:05.968,0.2,-0.085728,-0.04523,-101.48407,0,calibration
normal,15426,normal_0467,3,2022-07-12 00:59:06.068,0.3,0.00251,-0.009036,-113.4751,0,calibration
normal,15427,normal_0467,4,2022-07-12 00:59:06.168,0.4,0.105087,-0.071445,-112.35668,0,calibration
normal,15428,normal_0467,5,2022-07-12 00:59:06.268,0.5,-0.034309,-0.061284,-102.83996,0,calibration
normal,15429,normal_0467,6,2022-07-12 00:59:06.368,0.6,0.020266,0.0536,-81.960569,0,calibration
normal,15430,normal_0467,7,2022-07-12 00:59:06.468,0.7,0.024944,0.030462,-51.700837,0,calibration
normal,15431,normal_0467,8,2022-07-12 00:59:06.568,0.8,-0.071604,0.04706,-4.908443,0,calibration
normal,15432,normal_0467,9,2022-07-12 00:59:06.668,0.9,0.034265,0.058084,36.983018,0,calibration
normal,15433,normal_0467,10,2022-07-12 00:59:06.768,1.0,0.001443,-0.066926,89.800845,0,calibration
normal,15434,normal_0467,11,2022-07-12 00:59:06.868,1.1,-0.038362,-0.029744,115.82185,0,calibration
normal,15435,normal_0467,12,2022-07-12 00:59:06.968,1.2,0.058413,0.058981,114.37119,0,calibration
normal,15436,normal_0467,13,2022-07-12 00:59:07.068,1.3,0.042212,0.003804,109.76876,0,calibration
normal,15437,normal_0467,14,2022-07-12 00:59:07.168,1.4,0.037115,-0.057549,89.960347,0,calibration
normal,15438,normal_0467,15,2022-07-12 00:59:07.268,1.5,0.01577,-0.074045,64.66604,0,calibration
normal,15439,normal_0467,16,2022-07-12 00:59:07.368,1.6,-0.040496,0.004202,19.338252,0,calibration
normal,15440,normal_0467,17,2022-07-12 00:59:07.468,1.7,-0.036602,0.055223,-23.718241,0,calibration
normal,15441,normal_0467,18,2022-07-12 00:59:07.568,1.8,-0.045344,0.006382,-72.999367,0,calibration
normal,15442,normal_0467,19,2022-07-12 00:59:07.668,1.9,0.00914,0.035219,-112.56362,0,calibration
normal,15443,normal_0467,20,2022-07-12 00:59:07.768,2.0,0.075137,0.000921,-114.00606,0,calibration
normal,15444,normal_0467,21,2022-07-12 00:59:07.868,2.1,0.033788,-0.083786,-111.68732,0,calibration
normal,15445,normal_0467,22,2022-07-12 00:59:07.968,2.2,0.001465,0.03095,-95.568072,0,calibration
normal,15446,normal_0467,23,2022-07-12 00:59:08.068,2.3,0.026953,0.055927,-73.046097,0,calibration
normal,15447,normal_0467,24,2022-07-12 00:59:08.168,2.4,0.012387,-0.015417,-33.994321,0,calibration
normal,15448,normal_0467,25,2022-07-12 00:59:08.268,2.5,-0.004382,0.032017,12.160183,0,calibration
normal,15449,normal_0467,26,2022-07-12 00:59:08.368,2.6,0.044278,-0.031527,56.708581,0,calibration
normal,15450,normal_0467,27,2022-07-12 00:59:08.468,2.7,0.01191,-0.051951,106.44151,0,calibration
normal,15451,normal_0467,28,2022-07-12 00:59:08.568,2.8,-0.048909,0.06442,117.46909,0,calibration
normal,15452,normal_0467,29,2022-07-12 00:59:08.668,2.9,0.010707,0.060866,114.69985,0,calibration
normal,15453,normal_0467,30,2022-07-12 00:59:08.768,3.0,-0.005937,-0.004835,103.5123,0,calibration
normal,15454,normal_0467,31,2022-07-12 00:59:08.868,3.1,-0.03507,-0.01796,81.311116,0,calibration
normal,15455,normal_0467,32,2022-07-12 00:59:08.968,3.2,0.056415,-0.000339,49.187189,0,calibration
normal,15456,normal_0467,33,2022-07-12 00:59:09.068,3.3,-0.014793,-0.011398,0.550032,0,calibration
normal,15457,normal_0467,34,2022-07-12 00:59:09.168,3.4,-0.018187,0.041974,-41.65483,0,calibration
normal,15458,normal_0467,35,2022-07-12 00:59:09.268,3.5,0.092189,0.128974,-93.486678,0,calibration
normal,15459,normal_0467,36,2022-07-12 00:59:09.368,3.6,-0.037647,0.023343,-117.54145,0,calibration
normal,15460,normal_0467,37,2022-07-12 00:59:09.468,3.7,-0.027815,-0.059819,-114.42341,0,calibration
normal,15461,normal_0467,38,2022-07-12 00:59:09.568,3.8,-0.026509,-0.024692,-108.19556,0,calibration
normal,15462,normal_0467,39,2022-07-12 00:59:09.668,3.9,-0.121241,0.001579,-86.947809,0,calibration
normal,15463,normal_0467,40,2022-07-12 00:59:09.768,4.0,0.084083,0.05763,-60.792573,0,calibration
normal,15464,normal_0467,41,2022-07-12 00:59:09.868,4.1,0.028486,-0.00278,-14.846327,0,calibration
normal,15465,normal_0467,42,2022-07-12 00:59:09.968,4.2,-0.031085,-0.047444,28.513316,0,calibration
normal,15466,normal_0467,43,2022-07-12 00:59:10.068,4.3,0.086762,-0.021922,77.872762,0,calibration
normal,15467,normal_0467,44,2022-07-12 00:59:10.168,4.4,-0.144708,-0.055766,116.77958,0,calibration
normal,15468,normal_0467,45,2022-07-12 00:59:10.268,4.5,-0.07224,0.039669,117.33462,0,calibration
normal,15469,normal_0467,46,2022-07-12 00:59:10.368,4.6,0.021526,0.043053,113.5322,0,calibration
normal,15470,normal_0467,47,2022-07-12 00:59:10.468,4.7,-0.087102,-0.067687,95.597398,0,calibration
normal,15471,normal_0467,48,2022-07-12 00:59:10.568,4.8,0.122502,-0.002463,71.640977,0,calibration
normal,15472,normal_0467,49,2022-07-12 00:59:10.668,4.9,0.044528,-0.027394,30.712489,0,calibration
normal,15473,normal_0468,0,2022-07-12 00:59:12.485,0.0,-0.032603,-0.03732,-233.93312,0,calibration
normal,15474,normal_0468,1,2022-07-12 00:59:12.585,0.1,-0.073248,-0.295345,-228.62556,0,calibration
normal,15475,normal_0468,2,2022-07-12 00:59:12.685,0.2,-0.118116,-0.140566,-192.35828,0,calibration
normal,15476,normal_0468,3,2022-07-12 00:59:12.785,0.3,-0.009511,0.101281,-130.8793,0,calibration
normal,15477,normal_0468,4,2022-07-12 00:59:12.885,0.4,0.111606,0.269434,-55.462129,0,calibration
normal,15478,normal_0468,5,2022-07-12 00:59:12.985,0.5,-0.004345,0.153597,24.691704,0,calibration
normal,15479,normal_0468,6,2022-07-12 00:59:13.085,0.6,-0.038382,-0.166134,107.89753,0,calibration
normal,15480,normal_0468,7,2022-07-12 00:59:13.185,0.7,-0.068275,-0.246049,175.87831,0,calibration
normal,15481,normal_0468,8,2022-07-12 00:59:13.285,0.8,-0.20196,-0.131779,227.31009,0,calibration
normal,15482,normal_0468,9,2022-07-12 00:59:13.385,0.9,0.030998,0.173533,237.30948,0,calibration
normal,15483,normal_0468,10,2022-07-12 00:59:13.485,1.0,0.173084,0.334114,208.80058,0,calibration
normal,15484,normal_0468,11,2022-07-12 00:59:13.585,1.1,-0.012678,-0.021164,155.43153,0,calibration
normal,15485,normal_0468,12,2022-07-12 00:59:13.685,1.2,-0.009443,-0.256267,81.56384,0,calibration
normal,15486,normal_0468,13,2022-07-12 00:59:13.785,1.3,-0.106093,-0.170709,3.027797,0,calibration
normal,15487,normal_0468,14,2022-07-12 00:59:13.885,1.4,-0.167435,-0.027578,-82.020889,0,calibration
normal,15488,normal_0468,15,2022-07-12 00:59:13.985,1.5,0.076672,0.262327,-154.96816,0,calibration
normal,15489,normal_0468,16,2022-07-12 00:59:14.085,1.6,0.087571,0.2178,-212.95014,0,calibration
normal,15490,normal_0468,17,2022-07-12 00:59:14.185,1.7,0.003432,-0.201794,-239.00547,0,calibration
normal,15491,normal_0468,18,2022-07-12 00:59:14.285,1.8,0.034222,-0.244596,-219.92865,0,calibration
normal,15492,normal_0468,19,2022-07-12 00:59:14.385,1.9,-0.06328,-0.091157,-175.08115,0,calibration
normal,15493,normal_0468,20,2022-07-12 00:59:14.485,2.0,-0.067253,0.06352,-105.89196,0,calibration
normal,15494,normal_0468,21,2022-07-12 00:59:14.585,2.1,0.064921,0.313303,-29.057387,0,calibration
normal,15495,normal_0468,22,2022-07-12 00:59:14.685,2.2,0.049277,0.140018,54.71266,0,calibration
normal,15496,normal_0468,23,2022-07-12 00:59:14.785,2.3,-0.019297,-0.258561,134.35187,0,calibration
normal,15497,normal_0468,24,2022-07-12 00:59:14.885,2.4,-0.040516,-0.226726,198.11037,0,calibration
normal,15498,normal_0468,25,2022-07-12 00:59:14.985,2.5,-0.02293,0.010557,238.61661,0,calibration
normal,15499,normal_0468,26,2022-07-12 00:59:15.085,2.6,0.086788,0.227995,232.10409,0,calibration
normal,15500,normal_0468,27,2022-07-12 00:59:15.185,2.7,0.083677,0.2725,194.66987,0,calibration
normal,15501,normal_0468,28,2022-07-12 00:59:15.285,2.8,-0.009647,-0.085026,131.67013,0,calibration
normal,15502,normal_0468,29,2022-07-12 00:59:15.385,2.9,-0.033023,-0.314544,54.706461,0,calibration
normal,15503,normal_0468,30,2022-07-12 00:59:15.485,3.0,-0.097317,-0.161751,-27.197245,0,calibration
normal,15504,normal_0468,31,2022-07-12 00:59:15.585,3.1,0.037628,0.114247,-111.00508,0,calibration
normal,15505,normal_0468,32,2022-07-12 00:59:15.685,3.2,0.205884,0.325077,-178.98252,0,calibration
normal,15506,normal_0468,33,2022-07-12 00:59:15.785,3.3,0.033246,0.128926,-230.00219,0,calibration
normal,15507,normal_0468,34,2022-07-12 00:59:15.885,3.4,-0.011622,-0.164079,-238.48501,0,calibration
normal,15508,normal_0468,35,2022-07-12 00:59:15.985,3.5,-0.037008,-0.210025,-208.66885,0,calibration
normal,15509,normal_0468,36,2022-07-12 00:59:16.085,3.6,-0.192775,-0.128929,-154.24122,0,calibration
normal,15510,normal_0468,37,2022-07-12 00:59:16.185,3.7,0.038979,0.212997,-79.428801,0,calibration
normal,15511,normal_0468,38,2022-07-12 00:59:16.285,3.8,0.225082,0.334148,-0.078082,0,calibration
normal,15512,normal_0468,39,2022-07-12 00:59:16.385,3.9,0.065205,-0.082551,85.650573,0,calibration
normal,15513,normal_0468,40,2022-07-12 00:59:16.485,4.0,0.044962,-0.256142,160.00642,0,calibration
normal,15514,normal_0468,41,2022-07-12 00:59:16.585,4.1,-0.012894,-0.105485,218.99321,0,calibration
normal,15515,normal_0468,42,2022-07-12 00:59:16.685,4.2,-0.157217,-0.002942,243.96482,0,calibration
normal,15516,normal_0468,43,2022-07-12 00:59:16.785,4.3,-0.018866,0.258558,223.856,0,calibration
normal,15517,normal_0468,44,2022-07-12 00:59:16.885,4.4,0.075389,0.260057,177.6196,0,calibration
normal,15518,normal_0468,45,2022-07-12 00:59:16.985,4.5,-0.013518,-0.21401,106.20703,0,calibration
normal,15519,normal_0468,46,2022-07-12 00:59:17.085,4.6,0.017964,-0.303724,27.423743,0,calibration
normal,15520,normal_0468,47,2022-07-12 00:59:17.185,4.7,0.044679,-0.035934,-57.854063,0,calibration
normal,15521,normal_0468,48,2022-07-12 00:59:17.285,4.8,0.04469,0.140098,-138.03686,0,calibration
normal,15522,normal_0469,0,2022-07-12 00:59:20.419,0.0,-0.001423,0.112137,-155.03289,0,calibration
normal,15523,normal_0469,1,2022-07-12 00:59:20.519,0.1,0.037098,-0.079029,-197.15276,0,calibration
normal,15524,normal_0469,2,2022-07-12 00:59:20.619,0.2,0.076608,-0.108094,-177.40001,0,calibration
normal,15525,normal_0469,3,2022-07-12 00:59:20.719,0.3,-0.118748,-0.139735,-144.55356,0,calibration
normal,15526,normal_0469,4,2022-07-12 00:59:20.819,0.4,-0.014957,0.05243,-96.262705,0,calibration
normal,15527,normal_0469,5,2022-07-12 00:59:20.919,0.5,0.10557,0.241178,-41.128044,0,calibration
normal,15528,normal_0469,6,2022-07-12 00:59:21.019,0.6,-0.079897,0.012591,27.298692,0,calibration
normal,15529,normal_0469,7,2022-07-12 00:59:21.119,0.7,0.032909,-0.093471,93.424451,0,calibration
normal,15530,normal_0469,8,2022-07-12 00:59:21.219,0.8,0.049757,-0.070991,135.35239,0,calibration
normal,15531,normal_0469,9,2022-07-12 00:59:21.319,0.9,-0.128024,-0.133253,188.39815,0,calibration
normal,15532,normal_0469,10,2022-07-12 00:59:21.419,1.0,0.09475,0.135672,188.275,0,calibration
normal,15533,normal_0469,11,2022-07-12 00:59:21.519,1.1,0.075745,0.183844,155.63251,0,calibration
normal,15534,normal_0469,12,2022-07-12 00:59:21.619,1.2,-0.066148,-0.121479,114.7864,0,calibration
normal,15535,normal_0469,13,2022-07-12 00:59:21.719,1.3,0.066412,-0.069652,60.678847,0,calibration
normal,15536,normal_0469,14,2022-07-12 00:59:21.819,1.4,-0.041012,-0.060104,0.833273,0,calibration
normal,15537,normal_0469,15,2022-07-12 00:59:21.919,1.5,-0.068056,-0.007799,-73.744425,0,calibration
normal,15538,normal_0469,16,2022-07-12 00:59:22.019,1.6,0.058965,0.225159,-115.11244,0,calibration
normal,15539,normal_0469,17,2022-07-12 00:59:22.119,1.7,-0.014457,0.02567,-167.29357,0,calibration
normal,15540,normal_0469,18,2022-07-12 00:59:22.219,1.8,0.04131,-0.123761,-192.39058,0,calibration
normal,15541,normal_0469,19,2022-07-12 00:59:22.319,1.9,0.066855,-0.054699,-161.17956,0,calibration
normal,15542,normal_0469,20,2022-07-12 00:59:22.419,2.0,-0.040751,-0.087249,-128.16872,0,calibration
normal,15543,normal_0469,21,2022-07-12 00:59:22.519,2.1,0.02394,0.093472,-77.718148,0,calibration
normal,15544,normal_0469,22,2022-07-12 00:59:22.619,2.2,-0.060177,0.151601,-22.885921,0,calibration
normal,15545,normal_0469,23,2022-07-12 00:59:22.719,2.3,-0.07245,-0.045481,51.942951,0,calibration
normal,15546,normal_0469,24,2022-07-12 00:59:22.819,2.4,0.083011,-0.078836,105.45529,0,calibration
normal,15547,normal_0469,25,2022-07-12 00:59:22.919,2.5,-0.048074,-0.107901,150.66769,0,calibration
normal,15548,normal_0469,26,2022-07-12 00:59:23.019,2.6,0.037825,-0.005721,194.74485,0,calibration
normal,15549,normal_0469,27,2022-07-12 00:59:23.119,2.7,0.117252,0.20822,174.76394,0,calibration
normal,15550,normal_0469,28,2022-07-12 00:59:23.219,2.8,-0.134824,0.058368,141.84691,0,calibration
normal,15551,normal_0469,29,2022-07-12 00:59:23.319,2.9,-0.011868,-0.085001,95.945608,0,calibration
normal,15552,normal_0469,30,2022-07-12 00:59:23.419,3.0,0.02,-0.064293,41.867023,0,calibration
normal,15553,normal_0469,31,2022-07-12 00:59:23.519,3.1,-0.145008,-0.116075,-26.429299,0,calibration
normal,15554,normal_0469,32,2022-07-12 00:59:23.619,3.2,0.079412,0.07189,-91.562282,0,calibration
normal,15555,normal_0469,33,2022-07-12 00:59:23.719,3.3,0.066662,0.158299,-133.10935,0,calibration
normal,15556,normal_0469,34,2022-07-12 00:59:23.819,3.4,-0.074652,-0.065519,-185.47597,0,calibration
normal,15557,normal_0469,35,2022-07-12 00:59:23.919,3.5,0.098678,-0.048114,-184.36589,0,calibration
normal,15558,normal_0470,0,2022-07-12 00:59:28.347,0.0,0.068224,0.246773,89.381348,0,calibration
normal,15559,normal_0470,1,2022-07-12 00:59:28.447,0.1,-0.079823,-0.0437,6.825209,0,calibration
normal,15560,normal_0470,2,2022-07-12 00:59:28.547,0.2,-0.011658,-0.224966,-82.360397,0,calibration
normal,15561,normal_0470,3,2022-07-12 00:59:28.647,0.3,-0.096864,-0.216497,-161.71875,0,calibration
normal,15562,normal_0470,4,2022-07-12 00:59:28.747,0.4,-0.124781,-0.019404,-224.29731,0,calibration
normal,15563,normal_0470,5,2022-07-12 00:59:28.847,0.5,0.223525,0.319389,-255.82042,0,calibration
normal,15564,normal_0470,6,2022-07-12 00:59:28.947,0.6,0.136162,0.17627,-238.37402,0,calibration
normal,15565,normal_0470,7,2022-07-12 00:59:29.047,0.7,-0.103108,-0.248036,-190.37237,0,calibration
normal,15566,normal_0470,8,2022-07-12 00:59:29.147,0.8,-0.038338,-0.218393,-116.04573,0,calibration
normal,15567,normal_0470,9,2022-07-12 00:59:29.247,0.9,-0.17024,-0.055348,-33.161525,0,calibration
normal,15568,normal_0470,10,2022-07-12 00:59:29.347,1.0,-0.145694,0.088112,55.155641,0,calibration
normal,15569,normal_0470,11,2022-07-12 00:59:29.447,1.1,0.125785,0.32628,140.73242,0,calibration
normal,15570,normal_0470,12,2022-07-12 00:59:29.547,1.2,0.099673,0.075793,208.79426,0,calibration
normal,15571,normal_0470,13,2022-07-12 00:59:29.647,1.3,-0.019094,-0.331392,253.85597,0,calibration
normal,15572,normal_0470,14,2022-07-12 00:59:29.747,1.4,-0.021558,-0.212966,250.92414,0,calibration
normal,15573,normal_0470,15,2022-07-12 00:59:29.847,1.5,-0.075826,0.021366,211.17189,0,calibration
normal,15574,normal_0470,16,2022-07-12 00:59:29.947,1.6,-0.040631,0.17048,143.3772,0,calibration
normal,15575,normal_0470,17,2022-07-12 00:59:30.047,1.7,0.008381,0.231606,61.278708,0,calibration
normal,15576,normal_0470,18,2022-07-12 00:59:30.147,1.8,-0.0251,-0.067326,-23.970249,0,calibration
normal,15577,normal_0470,19,2022-07-12 00:59:30.247,1.9,-0.037986,-0.301044,-112.92745,0,calibration
normal,15578,normal_0470,20,2022-07-12 00:59:30.347,2.0,-0.085579,-0.116032,-186.36181,0,calibration
normal,15579,normal_0470,21,2022-07-12 00:59:30.447,2.1,0.04839,0.136613,-242.07213,0,calibration
normal,15580,normal_0470,22,2022-07-12 00:59:30.547,2.2,0.15108,0.269605,-256.25268,0,calibration
normal,15581,normal_0470,23,2022-07-12 00:59:30.647,2.3,0.01072,0.111533,-226.79391,0,calibration
normal,15582,normal_0470,24,2022-07-12 00:59:30.747,2.4,-0.018697,-0.205359,-168.48137,0,calibration
normal,15583,normal_0470,25,2022-07-12 00:59:30.847,2.5,-0.123044,-0.267643,-88.173996,0,calibration
normal,15584,normal_0470,26,2022-07-12 00:59:30.947,2.6,-0.198248,-0.053157,-4.250646,0,calibration
normal,15585,normal_0470,27,2022-07-12 00:59:31.047,2.7,0.132041,0.265177,85.947881,0,calibration
normal,15586,normal_0470,28,2022-07-12 00:59:31.147,2.8,0.212433,0.265574,165.98548,0,calibration
normal,15587,normal_0470,29,2022-07-12 00:59:31.247,2.9,0.009062,-0.078645,229.16677,0,calibration
normal,15588,normal_0470,30,2022-07-12 00:59:31.347,3.0,0.067849,-0.189033,259.40302,0,calibration
normal,15589,normal_0470,31,2022-07-12 00:59:31.447,3.1,-0.080719,-0.128111,241.35378,0,calibration
normal,15590,normal_0470,32,2022-07-12 00:59:31.547,3.2,-0.202676,-0.00108,191.95619,0,calibration
normal,15591,normal_0470,33,2022-07-12 00:59:31.647,3.3,0.128408,0.329527,115.76475,0,calibration
normal,15592,normal_0470,34,2022-07-12 00:59:31.747,3.4,0.150785,0.231163,32.990221,0,calibration
normal,15593,normal_0470,35,2022-07-12 00:59:31.847,3.5,-0.027915,-0.24597,-55.178053,0,calibration
normal,15594,normal_0470,36,2022-07-12 00:59:31.947,3.6,0.0567,-0.238068,-139.9975,0,calibration
normal,15595,normal_0471,0,2022-07-12 00:59:36.371,0.0,-0.077028,0.070141,132.59758,0,calibration
normal,15596,normal_0471,1,2022-07-12 00:59:36.471,0.1,0.037629,0.132357,98.786962,0,calibration
normal,15597,normal_0471,2,2022-07-12 00:59:36.571,0.2,-0.092082,0.028577,60.485132,0,calibration
normal,15598,normal_0471,3,2022-07-12 00:59:36.671,0.3,0.061527,-0.08063,6.982447,0,calibration
normal,15599,normal_0471,4,2022-07-12 00:59:36.771,0.4,0.075253,-0.084695,-50.299531,0,calibration
normal,15600,normal_0471,5,2022-07-12 00:59:36.871,0.5,-0.103879,-0.036568,-94.171297,0,calibration
normal,15601,normal_0471,6,2022-07-12 00:59:36.971,0.6,0.035823,0.098445,-147.68054,0,calibration
normal,15602,normal_0471,7,2022-07-12 00:59:37.071,0.7,-0.018127,0.119982,-155.03361,0,calibration
normal,15603,normal_0471,8,2022-07-12 00:59:37.171,0.8,-0.064914,-0.044459,-137.08057,0,calibration
normal,15604,normal_0471,9,2022-07-12 00:59:37.271,0.9,0.10929,-0.114111,-111.17019,0,calibration
normal,15605,normal_0471,10,2022-07-12 00:59:37.371,1.0,-0.074405,-0.082969,-72.946796,0,calibration
normal,15606,normal_0471,11,2022-07-12 00:59:37.471,1.1,-0.050348,0.059651,-27.534965,0,calibration
normal,15607,normal_0471,12,2022-07-12 00:59:37.571,1.2,0.128852,0.195845,34.108404,0,calibration
normal,15608,normal_0471,13,2022-07-12 00:59:37.671,1.3,-0.113188,0.026306,78.578601,0,calibration
normal,15609,normal_0471,14,2022-07-12 00:59:37.771,1.4,-0.000166,-0.125589,132.52904,0,calibration
normal,15610,normal_0471,15,2022-07-12 00:59:37.871,1.5,0.086459,-0.108151,158.7949,0,calibration
normal,15611,normal_0471,16,2022-07-12 00:59:37.971,1.6,-0.172316,-0.073716,143.31116,0,calibration
normal,15612,normal_0471,17,2022-07-12 00:59:38.071,1.7,0.043407,0.097071,122.48029,0,calibration
normal,15613,normal_0471,18,2022-07-12 00:59:38.171,1.8,0.083677,0.16141,85.95718,0,calibration
normal,15614,normal_0471,19,2022-07-12 00:59:38.271,1.9,-0.06077,0.004179,46.787148,0,calibration
normal,15615,normal_0471,20,2022-07-12 00:59:38.371,2.0,0.132769,-0.076691,-12.473227,0,calibration
normal,15616,normal_0471,21,2022-07-12 00:59:38.471,2.1,-0.053936,-0.113362,-61.60415,0,calibration
normal,15617,normal_0471,22,2022-07-12 00:59:38.571,2.2,-0.169285,-0.039123,-110.94834,0,calibration
normal,15618,normal_0471,23,2022-07-12 00:59:38.671,2.3,0.103739,0.16451,-154.31108,0,calibration
normal,15619,normal_0472,0,2022-07-12 00:59:44.319,0.0,0.071919,0.004235,-95.667374,0,calibration
normal,15620,normal_0472,1,2022-07-12 00:59:44.419,0.1,-0.014706,-0.064396,-127.88774,0,calibration
normal,15621,normal_0472,2,2022-07-12 00:59:44.519,0.2,0.049678,0.088295,-132.24103,0,calibration
normal,15622,normal_0472,3,2022-07-12 00:59:44.619,0.3,-0.113094,0.028951,-121.44555,0,calibration
normal,15623,normal_0472,4,2022-07-12 00:59:44.719,0.4,-0.08353,-0.08264,-94.134461,0,calibration
normal,15624,normal_0472,5,2022-07-12 00:59:44.819,0.5,0.065402,0.001499,-64.341076,0,calibration
normal,15625,normal_0472,6,2022-07-12 00:59:44.919,0.6,-0.041784,-0.034979,-22.167804,0,calibration
normal,15626,normal_0472,7,2022-07-12 00:59:45.019,0.7,0.045852,-0.025454,26.002768,0,calibration
normal,15627,normal_0472,8,2022-07-12 00:59:45.119,0.8,0.049848,0.077225,79.97025,0,calibration
normal,15628,normal_0472,9,2022-07-12 00:59:45.219,0.9,-0.129567,-0.004711,123.20389,0,calibration
normal,15629,normal_0472,10,2022-07-12 00:59:45.319,1.0,0.040584,-0.020458,134.22312,0,calibration
normal,15630,normal_0473,0,2022-07-12 00:59:53.992,0.0,0.005578,0.033402,-100.7197,0,calibration
normal,15631,normal_0473,1,2022-07-12 00:59:54.092,0.1,0.015297,-0.012284,-80.506334,0,calibration
normal,15632,normal_0473,2,2022-07-12 00:59:54.192,0.2,-0.052198,0.000194,-45.942193,0,calibration
normal,15633,normal_0473,3,2022-07-12 00:59:54.292,0.3,0.016636,-0.011705,-1.083613,0,calibration
normal,15634,normal_0473,4,2022-07-12 00:59:54.392,0.4,-0.001881,-0.025544,53.258306,0,calibration
normal,15635,normal_0473,5,2022-07-12 00:59:54.492,0.5,0.000106,0.064692,97.080242,0,calibration
normal,15636,normal_0473,6,2022-07-12 00:59:54.592,0.6,0.019577,0.025852,113.19424,0,calibration
normal,15637,normal_0473,7,2022-07-12 00:59:54.692,0.7,0.008576,-0.051305,115.9227,0,calibration
normal,15638,normal_0473,8,2022-07-12 00:59:54.792,0.8,0.024334,0.013443,106.43686,0,calibration
normal,15639,normal_0473,9,2022-07-12 00:59:54.892,0.9,-0.022918,-0.0042,89.754831,0,calibration
normal,15640,normal_0473,10,2022-07-12 00:59:54.992,1.0,-0.00053,0.01266,60.263999,0,calibration
normal,15641,normal_0473,11,2022-07-12 00:59:55.092,1.1,-0.036065,0.040816,18.433335,0,calibration
normal,15642,normal_0473,12,2022-07-12 00:59:55.192,1.2,-0.053731,-0.003735,-32.756094,0,calibration
normal,15643,normal_0473,13,2022-07-12 00:59:55.292,1.3,0.060346,-0.004336,-84.410677,0,calibration
normal,15644,normal_0473,14,2022-07-12 00:59:55.392,1.4,0.008712,-0.050589,-108.74583,0,calibration
normal,15645,normal_0473,15,2022-07-12 00:59:55.492,1.5,0.024447,-0.012499,-115.02172,0,calibration
normal,15646,normal_0473,16,2022-07-12 00:59:55.592,1.6,0.042204,0.026204,-110.06464,0,calibration
normal,15647,normal_0473,17,2022-07-12 00:59:55.692,1.7,-0.079889,-0.011841,-95.318567,0,calibration
normal,15648,normal_0473,18,2022-07-12 00:59:55.792,1.8,-0.005298,0.034378,-71.106562,0,calibration
normal,15649,normal_0473,19,2022-07-12 00:59:55.892,1.9,0.00173,0.026704,-32.282237,0,calibration
normal,15650,normal_0473,20,2022-07-12 00:59:55.992,2.0,-0.024599,-0.018062,15.755298,0,calibration
normal,15651,normal_0473,21,2022-07-12 00:59:56.092,2.1,0.047801,-0.001555,70.307382,0,calibration
normal,15652,normal_0473,22,2022-07-12 00:59:56.192,2.2,0.023551,0.03003,104.61761,0,calibration
normal,15653,normal_0473,23,2022-07-12 00:59:56.292,2.3,-0.001131,-0.019289,115.13902,0,calibration
normal,15654,normal_0473,24,2022-07-12 00:59:56.392,2.4,-0.013121,-0.061977,114.07484,0,calibration
normal,15655,normal_0473,25,2022-07-12 00:59:56.492,2.5,0.003648,0.010241,101.89451,0,calibration
normal,15656,normal_0473,26,2022-07-12 00:59:56.592,2.6,-0.014006,0.030405,82.336436,0,calibration
normal,15657,normal_0473,27,2022-07-12 00:59:56.692,2.7,-0.022941,-0.028121,48.044926,0,calibration
normal,15658,normal_0473,28,2022-07-12 00:59:56.792,2.8,-0.019955,-0.014804,3.829122,0,calibration
normal,15659,normal_0473,29,2022-07-12 00:59:56.892,2.9,-0.006899,0.054167,-50.574428,0,calibration
normal,15660,normal_0473,30,2022-07-12 00:59:56.992,3.0,0.046473,0.013307,-94.858181,0,calibration
normal,15661,normal_0473,31,2022-07-12 00:59:57.092,3.1,0.007066,-0.021457,-111.24565,0,calibration
normal,15662,normal_0473,32,2022-07-12 00:59:57.192,3.2,-0.007898,-0.005608,-114.71213,0,calibration
normal,15663,normal_0473,33,2022-07-12 00:59:57.292,3.3,-0.027221,-0.029279,-105.92331,0,calibration
normal,15664,normal_0473,34,2022-07-12 00:59:57.392,3.4,-0.011894,0.081528,-89.337598,0,calibration
normal,15665,normal_0473,35,2022-07-12 00:59:57.492,3.5,0.04494,0.063954,-60.222991,0,calibration
normal,15666,normal_0473,36,2022-07-12 00:59:57.592,3.6,-0.021045,-0.133673,-18.601658,0,calibration
normal,15667,normal_0473,37,2022-07-12 00:59:57.692,3.7,-0.010032,-0.053314,32.85778,0,calibration
normal,15668,normal_0473,38,2022-07-12 00:59:57.792,3.8,0.037038,0.068075,84.252248,0,calibration
normal,15669,normal_0473,39,2022-07-12 00:59:57.892,3.9,-0.003709,-0.007152,108.97304,0,calibration
normal,15670,normal_0473,40,2022-07-12 00:59:57.992,4.0,0.00937,-0.038544,115.79181,0,calibration
normal,15671,normal_0473,41,2022-07-12 00:59:58.092,4.1,-0.025825,-0.015008,110.89779,0,calibration
normal,15672,normal_0473,42,2022-07-12 00:59:58.192,4.2,-0.020046,-0.001918,96.676242,0,calibration
normal,15673,normal_0473,43,2022-07-12 00:59:58.292,4.3,0.04662,0.049762,72.989234,0,calibration
normal,15674,normal_0473,44,2022-07-12 00:59:58.392,4.4,-0.031059,0.050273,34.776573,0,calibration
normal,15675,normal_0473,45,2022-07-12 00:59:58.492,4.5,-0.021567,0.016554,-12.736799,0,calibration
normal,15676,normal_0473,46,2022-07-12 00:59:58.592,4.6,-0.003697,0.021719,-67.496904,0,calibration
normal,15677,normal_0473,47,2022-07-12 00:59:58.692,4.7,-0.023622,-0.061034,-102.17882,0,calibration
normal,15678,normal_0473,48,2022-07-12 00:59:58.792,4.8,0.046234,-0.080119,-113.15621,0,calibration
normal,15679,normal_0473,49,2022-07-12 00:59:58.892,4.9,0.022495,0.010593,-113.12713,0,calibration
normal,15680,normal_0474,0,2022-07-12 01:00:00.660,0.0,0.030454,0.017703,111.71676,0,calibration
normal,15681,normal_0474,1,2022-07-12 01:00:00.760,0.1,0.000822,0.099663,96.992266,0,calibration
normal,15682,normal_0474,2,2022-07-12 01:00:00.860,0.2,-0.037995,-0.023997,73.971757,0,calibration
normal,15683,normal_0474,3,2022-07-12 01:00:00.960,0.3,0.061425,-0.017787,35.840516,0,calibration
normal,15684,normal_0474,4,2022-07-12 01:00:01.060,0.4,-0.015084,-0.029152,-11.80792,0,calibration
normal,15685,normal_0474,5,2022-07-12 01:00:01.160,0.5,-0.0075,-0.075598,-67.627319,0,calibration
normal,15686,normal_0474,6,2022-07-12 01:00:01.260,0.6,0.07002,0.097585,-103.67681,0,calibration
normal,15687,normal_0474,7,2022-07-12 01:00:01.360,0.7,-0.043842,0.060187,-114.52676,0,calibration
normal,15688,normal_0474,8,2022-07-12 01:00:01.460,0.8,-0.016856,-0.062621,-114.05207,0,calibration
normal,15689,normal_0474,9,2022-07-12 01:00:01.560,0.9,0.011119,0.003024,-101.53974,0,calibration
normal,15690,normal_0474,10,2022-07-12 01:00:01.660,1.0,-0.057012,-0.022192,-82.374344,0,calibration
normal,15691,normal_0474,11,2022-07-12 01:00:01.760,1.1,0.04905,-0.008012,-48.74838,0,calibration
normal,15692,normal_0474,12,2022-07-12 01:00:01.860,1.2,0.031566,0.060823,-4.078508,0,calibration
normal,15693,normal_0474,13,2022-07-12 01:00:01.960,1.3,-0.041254,-0.01278,50.913459,0,calibration
normal,15694,normal_0474,14,2022-07-12 01:00:02.060,1.4,0.039809,-0.02343,96.519482,0,calibration
normal,15695,normal_0474,15,2022-07-12 01:00:02.160,1.5,-0.035554,0.015376,113.49894,0,calibration
normal,15696,normal_0474,16,2022-07-12 01:00:02.260,1.6,-0.03929,-0.033057,116.83442,0,calibration
normal,15697,normal_0474,17,2022-07-12 01:00:02.360,1.7,0.045769,0.041398,107.35036,0,calibration
normal,15698,normal_0474,18,2022-07-12 01:00:02.460,1.8,-0.025189,0.048709,90.918552,0,calibration
normal,15699,normal_0474,19,2022-07-12 01:00:02.560,1.9,-0.008931,-0.080128,62.622078,0,calibration
normal,15700,normal_0474,20,2022-07-12 01:00:02.660,2.0,0.04091,-0.007399,21.155241,0,calibration
normal,15701,normal_0474,21,2022-07-12 01:00:02.760,2.1,-0.014642,-0.001518,-30.292515,0,calibration
normal,15702,normal_0474,22,2022-07-12 01:00:02.860,2.2,-0.002221,-0.022805,-83.150993,0,calibration
normal,15703,normal_0474,23,2022-07-12 01:00:02.960,2.3,0.004659,0.082031,-108.73045,0,calibration
normal,15704,normal_0474,24,2022-07-12 01:00:03.060,2.4,-0.062007,-0.037939,-115.71218,0,calibration
normal,15705,normal_0474,25,2022-07-12 01:00:03.160,2.5,-0.000598,-0.050382,-110.855,0,calibration
normal,15706,normal_0474,26,2022-07-12 01:00:03.260,2.6,0.005283,0.071143,-96.072208,0,calibration
normal,15707,normal_0474,27,2022-07-12 01:00:03.360,2.7,-0.008488,-0.038416,-72.914371,0,calibration
normal,15708,normal_0474,28,2022-07-12 01:00:03.460,2.8,0.060188,-0.004288,-35.045986,0,calibration
normal,15709,normal_0474,29,2022-07-12 01:00:03.560,2.9,-0.033397,0.049788,12.686969,0,calibration
normal,15710,normal_0474,30,2022-07-12 01:00:03.660,3.0,-0.010044,-0.025416,68.537839,0,calibration
normal,15711,normal_0474,31,2022-07-12 01:00:03.760,3.1,0.050776,0.029113,104.59973,0,calibration
normal,15712,normal_0474,32,2022-07-12 01:00:03.860,3.2,-0.065561,-0.044206,115.71433,0,calibration
normal,15713,normal_0474,33,2022-07-12 01:00:03.960,3.3,0.002025,-0.085861,114.95782,0,calibration
normal,15714,normal_0474,34,2022-07-12 01:00:04.060,3.4,0.036573,0.07959,102.48197,0,calibration
normal,15715,normal_0474,35,2022-07-12 01:00:04.160,3.5,-0.021476,0.039604,83.634029,0,calibration
normal,15716,normal_0474,36,2022-07-12 01:00:04.260,3.6,0.062527,-0.062235,50.192243,0,calibration
normal,15717,normal_0474,37,2022-07-12 01:00:04.360,3.7,-0.019501,-0.030276,5.96118,0,calibration
normal,15718,normal_0474,38,2022-07-12 01:00:04.460,3.8,-0.05406,-0.051881,-48.820978,0,calibration
normal,15719,normal_0474,39,2022-07-12 01:00:04.560,3.9,0.043964,0.041988,-94.642889,0,calibration
normal,15720,normal_0474,40,2022-07-12 01:00:04.660,4.0,-0.031058,0.128999,-111.78519,0,calibration
normal,15721,normal_0474,41,2022-07-12 01:00:04.760,4.1,-0.005593,-0.01454,-115.42775,0,calibration
normal,15722,normal_0474,42,2022-07-12 01:00:04.860,4.2,0.016103,-0.010158,-106.40539,0,calibration
normal,15723,normal_0474,43,2022-07-12 01:00:04.960,4.3,-0.03929,0.020916,-90.084206,0,calibration
normal,15724,normal_0474,44,2022-07-12 01:00:05.060,4.4,0.055181,-0.088836,-62.108166,0,calibration
normal,15725,normal_0474,45,2022-07-12 01:00:05.160,4.5,0.041205,0.006225,-20.803812,0,calibration
normal,15726,normal_0474,46,2022-07-12 01:00:05.260,4.6,-0.010112,0.03999,30.822519,0,calibration
normal,15727,normal_0474,47,2022-07-12 01:00:05.360,4.7,0.038003,-0.066549,83.835373,0,calibration
normal,15728,normal_0474,48,2022-07-12 01:00:05.460,4.8,-0.02302,-0.002869,109.7752,0,calibration
normal,15729,normal_0474,49,2022-07-12 01:00:05.560,4.9,-0.067854,0.000469,116.82536,0,calibration
normal,15730,normal_0475,0,2022-07-12 01:00:08.365,0.0,0.030457,-0.007736,4.187465,0,calibration
normal,15731,normal_0475,1,2022-07-12 01:00:08.465,0.1,-0.024902,0.025336,60.073502,0,calibration
normal,15732,normal_0475,2,2022-07-12 01:00:08.565,0.2,0.023792,-0.03755,100.307,0,calibration
normal,15733,normal_0475,3,2022-07-12 01:00:08.665,0.3,0.054196,0.040686,113.67847,0,calibration
normal,15734,normal_0475,4,2022-07-12 01:00:08.765,0.4,-0.058689,-0.002763,115.91114,0,calibration
normal,15735,normal_0475,5,2022-07-12 01:00:08.865,0.5,0.024314,-0.017125,105.45064,0,calibration
normal,15736,normal_0475,6,2022-07-12 01:00:08.965,0.6,-0.00232,0.041696,87.722789,0,calibration
normal,15737,normal_0475,7,2022-07-12 01:00:09.065,0.7,-0.059734,-0.057316,56.379087,0,calibration
normal,15738,normal_0475,8,2022-07-12 01:00:09.165,0.8,0.060463,-0.042341,13.44824,0,calibration
normal,15739,normal_0475,9,2022-07-12 01:00:09.265,0.9,-0.01675,0.046828,-39.984469,0,calibration
normal,15740,normal_0475,10,2022-07-12 01:00:09.365,1.0,-0.018215,-0.015661,-89.11122,0,calibration
normal,15741,normal_0475,11,2022-07-12 01:00:09.465,1.1,0.085599,-0.031181,-109.3445,0,calibration
normal,15742,normal_0475,12,2022-07-12 01:00:09.565,1.2,-0.041376,-0.013663,-115.31986,0,calibration
normal,15743,normal_0475,13,2022-07-12 01:00:09.665,1.3,-0.051855,-0.023812,-109.10846,0,calibration
normal,15744,normal_0475,14,2022-07-12 01:00:09.765,1.4,0.06329,0.075563,-93.593728,0,calibration
normal,15745,normal_0475,15,2022-07-12 01:00:09.865,1.5,-0.058689,0.087075,-67.665108,0,calibration
normal,15746,normal_0475,16,2022-07-12 01:00:09.965,1.6,-0.01524,-0.030261,-27.725819,0,calibration
normal,15747,normal_0475,17,2022-07-12 01:00:10.065,1.7,0.044659,0.018615,22.076013,0,calibration
normal,15748,normal_0475,18,2022-07-12 01:00:10.165,1.8,-0.053274,-0.037822,76.728115,0,calibration
normal,15749,normal_0475,19,2022-07-12 01:00:10.265,1.9,0.07579,-0.122745,106.46976,0,calibration
normal,15750,normal_0475,20,2022-07-12 01:00:10.365,2.0,0.042934,0.082091,115.44217,0,calibration
normal,15751,normal_0475,21,2022-07-12 01:00:10.465,2.1,-0.04183,0.050381,113.49274,0,calibration
normal,15752,normal_0475,22,2022-07-12 01:00:10.565,2.2,0.028981,-0.104171,100.1134,0,calibration
normal,15753,normal_0475,23,2022-07-12 01:00:10.665,2.3,-0.044668,0.006762,78.955064,0,calibration
normal,15754,normal_0475,24,2022-07-12 01:00:10.765,2.4,-0.03613,0.033669,42.529826,0,calibration
normal,15755,normal_0475,25,2022-07-12 01:00:10.865,2.5,0.069591,0.032761,-3.324509,0,calibration
normal,15756,normal_0475,26,2022-07-12 01:00:10.965,2.6,-0.007532,0.060168,-58.867819,0,calibration
normal,15757,normal_0475,27,2022-07-12 01:00:11.065,2.7,-0.023574,-0.031544,-98.965537,0,calibration
normal,15758,normal_0475,28,2022-07-12 01:00:11.165,2.8,0.053719,-0.019748,-112.07582,0,calibration
normal,15759,normal_0475,29,2022-07-12 01:00:11.265,2.9,-0.05064,-0.030658,-114.81584,0,calibration
normal,15760,normal_0475,30,2022-07-12 01:00:11.365,3.0,0.004333,-0.060574,-104.52415,0,calibration
normal,15761,normal_0475,31,2022-07-12 01:00:11.465,3.1,0.085872,0.095931,-86.712967,0,calibration
normal,15762,normal_0475,32,2022-07-12 01:00:11.565,3.2,-0.061391,0.056319,-55.622823,0,calibration
normal,15763,normal_0475,33,2022-07-12 01:00:11.665,3.3,-0.004977,-0.072597,-12.615205,0,calibration
normal,15764,normal_0475,34,2022-07-12 01:00:11.765,3.4,0.007307,0.010974,41.056519,0,calibration
normal,15765,normal_0475,35,2022-07-12 01:00:11.865,3.5,-0.071677,0.001301,90.42276,0,calibration
normal,15766,normal_0475,36,2022-07-12 01:00:11.965,3.6,0.076608,-0.005465,110.67058,0,calibration
normal,15767,normal_0475,37,2022-07-12 01:00:12.065,3.7,0.044523,0.025075,116.3571,0,calibration
normal,15768,normal_0475,38,2022-07-12 01:00:12.165,3.8,-0.051673,-0.026026,109.93601,0,calibration
normal,15769,normal_0476,0,2022-07-12 01:00:16.392,0.0,-0.029695,0.009316,113.43147,0,calibration
normal,15770,normal_0476,1,2022-07-12 01:00:16.492,0.1,0.031272,-0.06104,116.08423,0,calibration
normal,15771,normal_0476,2,2022-07-12 01:00:16.592,0.2,-0.054218,0.01774,106.49325,0,calibration
normal,15772,normal_0476,3,2022-07-12 01:00:16.692,0.3,-0.05927,-0.035382,89.966308,0,calibration
normal,15773,normal_0476,4,2022-07-12 01:00:16.792,0.4,0.068102,0.037972,60.970791,0,calibration
normal,15774,normal_0476,5,2022-07-12 01:00:16.892,0.5,-0.018955,0.046941,19.088509,0,calibration
normal,15775,normal_0476,6,2022-07-12 01:00:16.992,0.6,-0.005796,-0.038345,-32.707814,0,calibration
normal,15776,normal_0476,7,2022-07-12 01:00:17.092,0.7,0.046395,0.007148,-84.587823,0,calibration
normal,15777,normal_0476,8,2022-07-12 01:00:17.192,0.8,-0.053412,-0.003683,-108.87445,0,calibration
normal,15778,normal_0476,9,2022-07-12 01:00:17.292,0.9,0.004444,-0.011778,-115.32904,0,calibration
normal,15779,normal_0476,10,2022-07-12 01:00:17.392,1.0,0.015559,0.012552,-110.24953,0,calibration
normal,15780,normal_0476,11,2022-07-12 01:00:17.492,1.1,-0.044568,-0.007873,-95.780146,0,calibration
normal,15781,normal_0476,12,2022-07-12 01:00:17.592,1.2,0.045327,-0.004376,-72.198996,0,calibration
normal,15782,normal_0476,13,2022-07-12 01:00:17.692,1.3,0.002355,-0.00634,-33.542041,0,calibration
normal,15783,normal_0476,14,2022-07-12 01:00:17.792,1.4,-0.019727,-0.035711,14.706852,0,calibration
normal,15784,normal_0476,15,2022-07-12 01:00:17.892,1.5,0.026265,0.037915,70.063599,0,calibration
normal,15785,normal_0476,16,2022-07-12 01:00:17.992,1.6,-0.052231,0.035837,104.72668,0,calibration
normal,15786,normal_0476,17,2022-07-12 01:00:18.092,1.7,-0.016605,-0.069771,115.14951,0,calibration
normal,15787,normal_0476,18,2022-07-12 01:00:18.192,1.8,0.007748,0.009305,114.24424,0,calibration
normal,15788,normal_0476,19,2022-07-12 01:00:18.292,1.9,-0.018239,0.029423,101.85207,0,calibration
normal,15789,normal_0476,20,2022-07-12 01:00:18.392,2.0,0.066024,-0.016978,82.465301,0,calibration
normal,15790,normal_0476,21,2022-07-12 01:00:18.492,2.1,-0.000245,0.030184,48.451787,0,calibration
normal,15791,normal_0476,22,2022-07-12 01:00:18.592,2.2,-0.058896,-0.000232,4.012824,0,calibration
normal,15792,normal_0476,23,2022-07-12 01:00:18.692,2.3,0.031783,0.001687,-50.649887,0,calibration
normal,15793,normal_0476,24,2022-07-12 01:00:18.792,2.4,-0.033578,0.002924,-95.316183,0,calibration
normal,15794,normal_0476,25,2022-07-12 01:00:18.892,2.5,-0.037461,-0.094646,-111.7313,0,calibration
normal,15795,normal_0476,26,2022-07-12 01:00:18.992,2.6,0.065763,-0.016433,-114.96808,0,calibration
normal,15796,normal_0477,0,2022-07-12 01:00:24.417,0.0,-0.043514,-0.008496,-23.672464,0,calibration
normal,15797,normal_0477,1,2022-07-12 01:00:24.517,0.1,0.032019,-0.130544,-77.472934,0,calibration
normal,15798,normal_0477,2,2022-07-12 01:00:24.617,0.2,0.057803,0.062996,-106.12513,0,calibration
normal,15799,normal_0477,3,2022-07-12 01:00:24.717,0.3,-0.05875,0.069649,-114.49362,0,calibration
normal,15800,normal_0477,4,2022-07-12 01:00:24.817,0.4,0.013298,-0.080555,-112.1719,0,calibration
normal,15801,normal_0477,5,2022-07-12 01:00:24.917,0.5,-0.032138,0.003959,-98.719489,0,calibration
normal,15802,normal_0477,6,2022-07-12 01:00:25.017,0.6,-0.066459,-0.006316,-76.719174,0,calibration
normal,15803,normal_0477,7,2022-07-12 01:00:25.117,0.7,0.084699,0.01605,-39.686446,0,calibration
normal,15804,normal_0477,8,2022-07-12 01:00:25.217,0.8,0.032042,0.087303,6.965042,0,calibration
normal,15805,normal_0477,9,2022-07-12 01:00:25.317,0.9,-0.035646,-0.034677,62.338717,0,calibration
normal,15806,normal_0477,10,2022-07-12 01:00:25.417,1.0,0.042203,-0.024515,101.29632,0,calibration
normal,15807,normal_0477,11,2022-07-12 01:00:25.517,1.1,-0.047147,0.000746,114.24889,0,calibration
normal,15808,normal_0477,12,2022-07-12 01:00:25.617,1.2,-0.019683,-0.077388,115.4945,0,calibration
normal,15809,normal_0477,13,2022-07-12 01:00:25.717,1.3,0.075593,0.074167,104.55991,0,calibration
normal,15810,normal_0478,0,2022-07-12 01:00:34.124,0.0,-0.002776,-0.026662,-63.752897,0,calibration
normal,15811,normal_0478,1,2022-07-12 01:00:34.224,0.1,-0.016355,0.006444,-23.41676,0,calibration
normal,15812,normal_0478,2,2022-07-12 01:00:34.324,0.2,-0.021759,-0.06876,27.211312,0,calibration
normal,15813,normal_0478,3,2022-07-12 01:00:34.424,0.3,0.083679,0.018671,80.176125,0,calibration
normal,15814,normal_0478,4,2022-07-12 01:00:34.524,0.4,0.009497,0.060746,107.11528,0,calibration
normal,15815,normal_0478,5,2022-07-12 01:00:34.624,0.5,-0.030421,-0.063992,115.78061,0,calibration
normal,15816,normal_0478,6,2022-07-12 01:00:34.724,0.6,0.012528,0.031602,112.9476,0,calibration
normal,15817,normal_0478,7,2022-07-12 01:00:34.824,0.7,-0.065446,0.067127,98.514211,0,calibration
normal,15818,normal_0478,8,2022-07-12 01:00:34.924,0.8,0.004728,-0.050345,75.873146,0,calibration
normal,15819,normal_0478,9,2022-07-12 01:00:35.024,0.9,0.022723,0.009804,39.177542,0,calibration
normal,15820,normal_0478,10,2022-07-12 01:00:35.124,1.0,-0.030308,0.000915,-7.36785,0,calibration
normal,15821,normal_0478,11,2022-07-12 01:00:35.224,1.1,0.056919,-0.060688,-62.617309,0,calibration
normal,15822,normal_0478,12,2022-07-12 01:00:35.324,1.2,0.016366,0.00725,-99.681985,0,calibration
normal,15823,normal_0478,13,2022-07-12 01:00:35.424,1.3,-0.019636,-0.016694,-112.3891,0,calibration
normal,15824,normal_0478,14,2022-07-12 01:00:35.524,1.4,0.016331,0.023553,-114.50674,0,calibration
normal,15825,normal_0478,15,2022-07-12 01:00:35.624,1.5,-0.076504,0.044909,-103.02521,0,calibration
normal,15826,normal_0478,16,2022-07-12 01:00:35.724,1.6,-0.056454,-0.055852,-83.914409,0,calibration
normal,15827,normal_0478,17,2022-07-12 01:00:35.824,1.7,0.036972,0.025631,-51.832801,0,calibration
normal,15828,normal_0478,18,2022-07-12 01:00:35.924,1.8,-0.010496,0.018728,-8.57103,0,calibration
normal,15829,normal_0478,19,2022-07-12 01:00:36.024,1.9,0.078332,-0.050777,45.575863,0,calibration
normal,15830,normal_0478,20,2022-07-12 01:00:36.124,2.0,0.037755,0.017854,92.075597,0,calibration
normal,15831,normal_0478,21,2022-07-12 01:00:36.224,2.1,-0.077753,0.007068,110.90447,0,calibration
normal,15832,normal_0478,22,2022-07-12 01:00:36.324,2.2,0.030637,0.03972,116.5346,0,calibration
normal,15833,normal_0478,23,2022-07-12 01:00:36.424,2.3,-0.041434,0.017831,108.79518,0,calibration
normal,15834,normal_0478,24,2022-07-12 01:00:36.524,2.4,-0.045975,-0.097359,92.32391,0,calibration
normal,15835,normal_0478,25,2022-07-12 01:00:36.624,2.5,0.075391,0.002254,65.148361,0,calibration
normal,15836,normal_0478,26,2022-07-12 01:00:36.724,2.6,0.023121,0.058078,25.021198,0,calibration
normal,15837,normal_0478,27,2022-07-12 01:00:36.824,2.7,0.015923,-0.034122,-25.5276,0,calibration
normal,15838,normal_0478,28,2022-07-12 01:00:36.924,2.8,0.021418,-0.041342,-78.434,0,calibration
normal,15839,normal_0478,29,2022-07-12 01:00:37.024,2.9,-0.060803,-0.02547,-105.49821,0,calibration
normal,15840,normal_0478,30,2022-07-12 01:00:37.124,3.0,-0.001777,0.029445,-114.4122,0,calibration
normal,15841,normal_0478,31,2022-07-12 01:00:37.224,3.1,0.005682,0.09266,-111.74692,0,calibration
normal,15842,normal_0478,32,2022-07-12 01:00:37.324,3.2,-0.049711,0.018478,-97.488177,0,calibration
normal,15843,normal_0478,33,2022-07-12 01:00:37.424,3.3,0.043999,-0.008384,-74.98146,0,calibration
normal,15844,normal_0478,34,2022-07-12 01:00:37.524,3.4,-0.0138,0.026164,-38.398032,0,calibration
normal,15845,normal_0478,35,2022-07-12 01:00:37.624,3.5,0.015821,-0.095713,8.400918,0,calibration
normal,15846,normal_0478,36,2022-07-12 01:00:37.724,3.6,0.067444,-0.051742,63.822635,0,calibration
normal,15847,normal_0478,37,2022-07-12 01:00:37.824,3.7,-0.040185,0.097883,101.02583,0,calibration
normal,15848,normal_0478,38,2022-07-12 01:00:37.924,3.8,0.007953,-0.030977,113.96612,0,calibration
normal,15849,normal_0478,39,2022-07-12 01:00:38.024,3.9,-0.008759,-0.045577,115.5733,0,calibration
normal,15850,normal_0478,40,2022-07-12 01:00:38.124,4.0,-0.069817,0.028378,103.88328,0,calibration
normal,15851,normal_0478,41,2022-07-12 01:00:38.224,4.1,0.035916,-0.032952,84.847818,0,calibration
normal,15852,normal_0478,42,2022-07-12 01:00:38.324,4.2,0.071281,0.084497,52.293545,0,calibration
normal,15853,normal_0478,43,2022-07-12 01:00:38.424,4.3,-0.026607,0.060928,8.912922,0,calibration
normal,15854,normal_0478,44,2022-07-12 01:00:38.524,4.4,0.006136,-0.093465,-44.961577,0,calibration
normal,15855,normal_0478,45,2022-07-12 01:00:38.624,4.5,0.004467,0.013801,-91.213714,0,calibration
normal,15856,normal_0478,46,2022-07-12 01:00:38.724,4.6,-0.057056,-0.026072,-109.90216,0,calibration
normal,15857,normal_0478,47,2022-07-12 01:00:38.824,4.7,0.044238,-0.041024,-115.39627,0,calibration
normal,15858,normal_0478,48,2022-07-12 01:00:38.924,4.8,0.029603,0.110088,-107.73064,0,calibration
normal,15859,normal_0478,49,2022-07-12 01:00:39.024,4.9,-0.051027,-0.002537,-91.370236,0,calibration
normal,15860,normal_0479,0,2022-07-12 01:00:40.804,0.0,0.044276,0.025551,-32.45664,0,calibration
normal,15861,normal_0479,1,2022-07-12 01:00:40.904,0.1,-0.046527,0.099347,15.456321,0,calibration
normal,15862,normal_0479,2,2022-07-12 01:00:41.004,0.2,-0.036037,-0.025084,69.91125,0,calibration
normal,15863,normal_0479,3,2022-07-12 01:00:41.104,0.3,0.04808,-0.005114,103.33194,0,calibration
normal,15864,normal_0479,4,2022-07-12 01:00:41.204,0.4,-0.033755,0.012745,114.03669,0,calibration
normal,15865,normal_0479,5,2022-07-12 01:00:41.304,0.5,0.061579,-0.100402,113.92094,0,calibration
normal,15866,normal_0479,6,2022-07-12 01:00:41.404,0.6,0.03885,0.039311,100.9642,0,calibration
normal,15867,normal_0479,7,2022-07-12 01:00:41.504,0.7,-0.060821,0.060111,81.09952,0,calibration
normal,15868,normal_0479,8,2022-07-12 01:00:41.604,0.8,0.020242,-0.073847,47.191983,0,calibration
normal,15869,normal_0479,9,2022-07-12 01:00:41.704,0.9,-0.01987,0.009396,2.729655,0,calibration
normal,15870,normal_0479,10,2022-07-12 01:00:41.804,1.0,-0.053736,-0.02127,-51.324493,0,calibration
normal,15871,normal_0479,11,2022-07-12 01:00:41.904,1.1,0.073318,-0.008134,-94.640624,0,calibration
normal,15872,normal_0479,12,2022-07-12 01:00:42.004,1.2,0.03743,0.10625,-110.58773,0,calibration
normal,15873,normal_0479,13,2022-07-12 01:00:42.104,1.3,-0.038194,-0.034689,-114.56253,0,calibration
normal,15874,normal_0479,14,2022-07-12 01:00:42.204,1.4,0.0407,-0.017024,-105.39461,0,calibration
normal,15875,normal_0479,15,2022-07-12 01:00:42.304,1.5,-0.04278,0.02932,-88.045965,0,calibration
normal,15876,normal_0479,16,2022-07-12 01:00:42.404,1.6,-0.033698,-0.100947,-59.163697,0,calibration
normal,15877,normal_0479,17,2022-07-12 01:00:42.504,1.7,0.080164,0.080671,-17.657163,0,calibration
normal,15878,normal_0479,18,2022-07-12 01:00:42.604,1.8,-0.025319,0.096509,33.833746,0,calibration
normal,15879,normal_0479,19,2022-07-12 01:00:42.704,1.9,-0.014318,-0.100209,84.475051,0,calibration
normal,15880,normal_0479,20,2022-07-12 01:00:42.804,2.0,0.035182,0.01103,108.25218,0,calibration
normal,15881,normal_0479,21,2022-07-12 01:00:42.904,2.1,-0.063795,-0.007521,115.50368,0,calibration
normal,15882,normal_0479,22,2022-07-12 01:00:43.004,2.2,0.027757,-0.051129,110.70706,0,calibration
normal,15883,normal_0479,23,2022-07-12 01:00:43.104,2.3,0.028189,0.068819,95.537435,0,calibration
normal,15884,normal_0479,24,2022-07-12 01:00:43.204,2.4,-0.054906,-0.020736,71.698317,0,calibration
normal,15885,normal_0479,25,2022-07-12 01:00:43.304,2.5,0.053575,-0.016615,33.7081,0,calibration
normal,15886,normal_0479,26,2022-07-12 01:00:43.404,2.6,-0.017928,0.054661,-13.998868,0,calibration
normal,15887,normal_0479,27,2022-07-12 01:00:43.504,2.7,-0.024581,-0.052344,-68.231114,0,calibration
normal,15888,normal_0479,28,2022-07-12 01:00:43.604,2.8,0.040121,0.024552,-101.6903,0,calibration
normal,15889,normal_0479,29,2022-07-12 01:00:43.704,2.9,-0.041066,0.052913,-112.62216,0,calibration
normal,15890,normal_0479,30,2022-07-12 01:00:43.804,3.0,-0.005451,-0.068465,-112.70429,0,calibration
normal,15891,normal_0479,31,2022-07-12 01:00:43.904,3.1,0.008934,0.003991,-100.18719,0,calibration
normal,15892,normal_0479,32,2022-07-12 01:00:44.004,3.2,-0.020051,-0.009247,-80.38486,0,calibration
normal,15893,normal_0479,33,2022-07-12 01:00:44.104,3.3,0.046422,-0.045588,-46.874648,0,calibration
normal,15894,normal_0479,34,2022-07-12 01:00:44.204,3.4,0.002519,0.070033,-2.514482,0,calibration
normal,15895,normal_0479,35,2022-07-12 01:00:44.304,3.5,-0.05687,-0.026163,51.740653,0,calibration
normal,15896,normal_0479,36,2022-07-12 01:00:44.404,3.6,0.025998,-0.044249,94.813477,0,calibration
normal,15897,normal_0479,37,2022-07-12 01:00:44.504,3.7,-0.019325,0.074325,111.21477,0,calibration
normal,15898,normal_0479,38,2022-07-12 01:00:44.604,3.8,-0.006416,-0.04015,115.2605,0,calibration
normal,15899,normal_0479,39,2022-07-12 01:00:44.704,3.9,0.059104,-0.001038,106.25233,0,calibration
normal,15900,normal_0479,40,2022-07-12 01:00:44.804,4.0,-0.05083,0.049484,89.375507,0,calibration
normal,15901,normal_0479,41,2022-07-12 01:00:44.904,4.1,-0.014545,-0.029194,60.695298,0,calibration
normal,15902,normal_0479,42,2022-07-12 01:00:45.004,4.2,0.038032,0.05524,19.941452,0,calibration
normal,15903,normal_0479,43,2022-07-12 01:00:45.104,4.3,-0.036286,-0.045112,-31.259183,0,calibration
normal,15904,normal_0479,44,2022-07-12 01:00:45.204,4.4,0.005982,-0.121405,-82.16537,0,calibration
normal,15905,normal_0479,45,2022-07-12 01:00:45.304,4.5,0.041052,0.071282,-106.29286,0,calibration
normal,15906,normal_0479,46,2022-07-12 01:00:45.404,4.6,-0.020267,0.038471,-113.858,0,calibration
normal,15907,normal_0479,47,2022-07-12 01:00:45.504,4.7,0.028643,-0.058667,-109.68579,0,calibration
normal,15908,normal_0479,48,2022-07-12 01:00:45.604,4.8,0.006288,0.00373,-95.054161,0,calibration
normal,15909,normal_0479,49,2022-07-12 01:00:45.704,4.9,-0.055065,-0.013402,-71.298727,0,calibration
