source,source_row,clip_id,sample_index,timestamp,elapsed_seconds,AI0_Vibration,AI1_Vibration,AI2_Current,y_true,split
normal,0,normal_0001,0,2022-07-12 00:00:00.019,0.0,0.116967,-0.176403,192.33873,0,train
normal,1,normal_0001,1,2022-07-12 00:00:00.119,0.1,0.03008,-0.210895,217.00433,0,train
normal,2,normal_0001,2,2022-07-12 00:00:00.219,0.2,-0.045794,-0.029424,197.51062,0,train
normal,3,normal_0001,3,2022-07-12 00:00:00.319,0.3,0.047519,0.258642,156.60717,0,train
normal,4,normal_0001,4,2022-07-12 00:00:00.419,0.4,0.020351,0.173777,93.236934,0,train
normal,5,normal_0001,5,2022-07-12 00:00:00.519,0.5,-0.039129,-0.124644,23.663881,0,train
normal,6,normal_0001,6,2022-07-12 00:00:00.619,0.6,0.006727,-0.139971,-49.305445,0,train
normal,7,normal_0001,7,2022-07-12 00:00:00.719,0.7,0.000142,-0.083375,-118.64366,0,train
normal,8,normal_0001,8,2022-07-12 00:00:00.819,0.8,-0.10298,0.016477,-175.70963,0,train
normal,9,normal_0001,9,2022-07-12 00:00:00.919,0.9,0.00172,0.215761,-213.79593,0,train
normal,10,normal_0001,10,2022-07-12 00:00:01.019,1.0,0.110246,0.098777,-206.08881,0,train
normal,11,normal_0001,11,2022-07-12 00:00:01.119,1.1,-0.087199,-0.223065,-171.62802,0,train
normal,12,normal_0001,12,2022-07-12 00:00:01.219,1.2,-0.070521,-0.21144,-115.67391,0,train
normal,13,normal_0001,13,2022-07-12 00:00:01.319,1.3,-0.024177,0.017919,-46.253448,0,train
normal,14,normal_0001,14,2022-07-12 00:00:01.419,1.4,-0.111733,0.139955,25.225046,0,train
normal,15,normal_0001,15,2022-07-12 00:00:01.519,1.5,0.037301,0.197857,99.004638,0,train
normal,16,normal_0001,16,2022-07-12 00:00:01.619,1.6,0.06968,0.018351,159.9287,0,train
normal,17,normal_0001,17,2022-07-12 00:00:01.719,1.7,-0.054172,-0.226471,208.76339,0,train
normal,18,normal_0001,18,2022-07-12 00:00:01.819,1.8,-0.03628,-0.150756,217.32595,0,train
normal,19,normal_0001,19,2022-07-12 00:00:01.919,1.9,-0.067944,0.060755,188.27095,0,train
normal,20,normal_0001,20,2022-07-12 00:00:02.019,2.0,-0.064345,0.166329,138.87979,0,train
normal,21,normal_0001,21,2022-07-12 00:00:02.119,2.1,-0.013789,0.15946,69.887766,0,train
normal,22,normal_0001,22,2022-07-12 00:00:02.219,2.2,-0.035508,-0.05028,-1.156211,0,train
normal,23,normal_0001,23,2022-07-12 00:00:02.319,2.3,-0.010088,-0.2669,-76.082358,0,train
normal,24,normal_0001,24,2022-07-12 00:00:02.419,2.4,-0.062642,-0.129844,-141.2641,0,train
normal,25,normal_0001,25,2022-07-12 00:00:02.519,2.5,-0.006443,0.17674,-195.12775,0,train
normal,26,normal_0001,26,2022-07-12 00:00:02.619,2.6,0.072439,0.266851,-219.31734,0,train
normal,27,normal_0001,27,2022-07-12 00:00:02.719,2.7,-0.085008,0.015501,-199.54994,0,train
normal,28,normal_0001,28,2022-07-12 00:00:02.819,2.8,-0.056182,-0.168354,-157.70175,0,train
normal,29,normal_0001,29,2022-07-12 00:00:02.919,2.9,-0.015617,-0.147157,-93.02808,0,train
normal,30,normal_0001,30,2022-07-12 00:00:03.019,3.0,-0.128888,-0.035759,-22.295597,0,train
normal,31,normal_0001,31,2022-07-12 00:00:03.119,3.1,0.087891,0.191079,52.171356,0,train
normal,32,normal_0001,32,2022-07-12 00:00:03.219,3.2,0.19158,0.14998,122.96428,0,train
normal,33,normal_0001,33,2022-07-12 00:00:03.319,3.3,-0.007227,-0.135713,181.12554,0,train
normal,34,normal_0001,34,2022-07-12 00:00:03.419,3.4,0.043114,-0.195659,219.93151,0,train
normal,35,normal_0001,35,2022-07-12 00:00:03.519,3.5,0.018841,-0.08686,212.35695,0,train
normal,36,normal_0001,36,2022-07-12 00:00:03.619,3.6,-0.111597,0.091329,176.50463,0,train
normal,37,normal_0001,37,2022-07-12 00:00:03.719,3.7,0.034531,0.275627,118.0221,0,train
normal,38,normal_0001,38,2022-07-12 00:00:03.819,3.8,0.066967,0.096949,45.694237,0,train
normal,39,normal_0001,39,2022-07-12 00:00:03.919,3.9,-0.04576,-0.203526,-28.200987,0,train
normal,40,normal_0001,40,2022-07-12 00:00:04.019,4.0,0.041683,-0.178515,-103.07421,0,train
normal,41,normal_0002,0,2022-07-12 00:00:07.224,0.0,0.053575,0.159723,28.972868,0,train
normal,42,normal_0002,1,2022-07-12 00:00:07.324,0.1,0.098341,0.19796,-46.821004,0,train
normal,43,normal_0002,2,2022-07-12 00:00:07.424,0.2,-0.011195,-0.05675,-120.2773,0,train
normal,44,normal_0002,3,2022-07-12 00:00:07.524,0.3,0.082469,-0.116275,-166.03996,0,train
normal,45,normal_0002,4,2022-07-12 00:00:07.624,0.4,-0.050659,-0.141934,-213.14469,0,train
normal,46,normal_0002,5,2022-07-12 00:00:07.724,0.5,-0.1161,-0.018944,-207.42025,0,train
normal,47,normal_0002,6,2022-07-12 00:00:07.824,0.6,0.046536,0.244895,-168.09084,0,train
normal,48,normal_0002,7,2022-07-12 00:00:07.924,0.7,0.014611,0.107691,-118.82903,0,train
normal,49,normal_0002,8,2022-07-12 00:00:08.024,0.8,0.014588,-0.113948,-50.999647,0,train
normal,50,normal_0002,9,2022-07-12 00:00:08.124,0.9,0.024068,-0.133986,19.517901,0,train
normal,51,normal_0002,10,2022-07-12 00:00:08.224,1.0,-0.04504,-0.117365,100.21068,0,train
normal,52,normal_0002,11,2022-07-12 00:00:08.324,1.1,0.018289,0.100197,150.56195,0,train
normal,53,normal_0002,12,2022-07-12 00:00:08.424,1.2,0.002338,0.185347,199.9928,0,train
normal,54,normal_0002,13,2022-07-12 00:00:08.524,1.3,0.05303,-0.002062,217.53814,0,train
normal,55,normal_0002,14,2022-07-12 00:00:08.624,1.4,0.108161,-0.079672,181.39746,0,train
normal,56,normal_0002,15,2022-07-12 00:00:08.724,1.5,-0.103759,-0.14878,139.09234,0,train
normal,57,normal_0002,16,2022-07-12 00:00:08.824,1.6,-0.053986,-0.025517,75.148353,0,train
normal,58,normal_0002,17,2022-07-12 00:00:08.924,1.7,0.041461,0.219861,9.004713,0,train
normal,59,normal_0002,18,2022-07-12 00:00:09.024,1.8,-0.06677,0.098767,-71.201691,0,train
normal,60,normal_0002,19,2022-07-12 00:00:09.124,1.9,0.097296,-0.064118,-131.33849,0,train
normal,61,normal_0002,20,2022-07-12 00:00:09.224,2.0,0.080596,-0.149404,-177.07255,0,train
normal,62,normal_0002,21,2022-07-12 00:00:09.324,2.1,-0.110116,-0.180546,-216.01834,0,train
normal,63,normal_0002,22,2022-07-12 00:00:09.424,2.2,0.052792,0.107952,-191.47971,0,train
normal,64,normal_0002,23,2022-07-12 00:00:09.524,2.3,0.053178,0.230715,-153.05819,0,train
normal,65,normal_0002,24,2022-07-12 00:00:09.624,2.4,-0.085684,0.021156,-98.175776,0,train
normal,66,normal_0002,25,2022-07-12 00:00:09.724,2.5,0.052689,-0.0716,-33.267502,0,train
normal,67,normal_0002,26,2022-07-12 00:00:09.824,2.6,-0.022776,-0.142013,40.96127,0,train
normal,68,normal_0002,27,2022-07-12 00:00:09.924,2.7,-0.136729,-0.101607,113.25647,0,train
normal,69,normal_0002,28,2022-07-12 00:00:10.024,2.8,0.092687,0.175413,156.39796,0,train
normal,70,normal_0002,29,2022-07-12 00:00:10.124,2.9,0.092108,0.14133,206.93245,0,train
normal,71,normal_0002,30,2022-07-12 00:00:10.224,3.0,0.020594,-0.096521,203.8702,0,train
normal,72,normal_0002,31,2022-07-12 00:00:10.324,3.1,0.090042,-0.09324,165.57028,0,train
normal,73,normal_0002,32,2022-07-12 00:00:10.424,3.2,-0.090532,-0.089584,120.3834,0,train
normal,74,normal_0002,33,2022-07-12 00:00:10.524,3.3,-0.135434,0.022802,56.760676,0,train
normal,75,normal_0002,34,2022-07-12 00:00:10.624,3.4,0.002394,0.209995,-9.568335,0,train
normal,76,normal_0002,35,2022-07-12 00:00:10.724,3.5,0.004733,0.078535,-87.835918,0,train
normal,77,normal_0002,36,2022-07-12 00:00:10.824,3.6,0.093459,-0.106398,-134.96579,0,train
normal,78,normal_0003,0,2022-07-12 00:00:15.267,0.0,0.052827,0.028705,-109.87891,0,train
normal,79,normal_0003,1,2022-07-12 00:00:15.367,0.1,-0.012976,0.009166,-97.007763,0,train
normal,80,normal_0003,2,2022-07-12 00:00:15.467,0.2,-0.056505,-0.062371,-77.23535,0,train
normal,81,normal_0003,3,2022-07-12 00:00:15.567,0.3,-0.027418,0.046473,-42.368775,0,train
normal,82,normal_0003,4,2022-07-12 00:00:15.667,0.4,-0.017291,0.083326,-2.476454,0,train
normal,83,normal_0003,5,2022-07-12 00:00:15.767,0.5,0.013568,-0.070079,43.260699,0,train
normal,84,normal_0003,6,2022-07-12 00:00:15.867,0.6,0.050375,-0.035543,93.215596,0,train
normal,85,normal_0003,7,2022-07-12 00:00:15.967,0.7,-0.00814,0.028365,105.70873,0,train
normal,86,normal_0003,8,2022-07-12 00:00:16.067,0.8,-0.044062,-0.067593,110.77358,0,train
normal,87,normal_0003,9,2022-07-12 00:00:16.167,0.9,-0.021593,-0.054503,104.4916,0,train
normal,88,normal_0003,10,2022-07-12 00:00:16.267,1.0,-0.086432,0.053138,85.335265,0,train
normal,89,normal_0003,11,2022-07-12 00:00:16.367,1.1,0.012194,0.053524,56.259639,0,train
normal,90,normal_0003,12,2022-07-12 00:00:16.467,1.2,0.034991,-0.037654,14.272215,0,train
normal,91,normal_0003,13,2022-07-12 00:00:16.567,1.3,-0.083253,-0.093092,-26.459339,0,train
normal,92,normal_0003,14,2022-07-12 00:00:16.667,1.4,0.029315,0.020156,-79.973946,0,train
normal,93,normal_0003,15,2022-07-12 00:00:16.767,1.5,0.007074,0.08579,-103.85169,0,train
normal,94,normal_0003,16,2022-07-12 00:00:16.867,1.6,-0.032231,-0.033817,-107.62216,0,train
normal,95,normal_0003,17,2022-07-12 00:00:16.967,1.7,0.027805,-0.032341,-107.64517,0,train
normal,96,normal_0003,18,2022-07-12 00:00:17.067,1.8,-0.072093,-0.003368,-90.073477,0,train
normal,97,normal_0003,19,2022-07-12 00:00:17.167,1.9,-0.026237,-0.065935,-67.014225,0,train
normal,98,normal_0003,20,2022-07-12 00:00:17.267,2.0,0.04203,-0.016254,-26.738408,0,train
normal,99,normal_0003,21,2022-07-12 00:00:17.367,2.1,-0.028008,0.022541,12.280942,0,train
normal,100,normal_0003,22,2022-07-12 00:00:17.467,2.2,0.012773,-0.008579,63.815482,0,train
normal,101,normal_0003,23,2022-07-12 00:00:17.567,2.3,-0.027259,-0.000177,102.46671,0,train
normal,102,normal_0004,0,2022-07-12 00:00:23.324,0.0,-0.037767,-0.004662,200.49086,0,train
normal,103,normal_0004,1,2022-07-12 00:00:23.424,0.1,0.033736,0.176457,204.71635,0,train
normal,104,normal_0004,2,2022-07-12 00:00:23.524,0.2,0.021043,0.127513,175.57325,0,train
normal,105,normal_0004,3,2022-07-12 00:00:23.624,0.3,0.015287,-0.086576,128.48319,0,train
normal,106,normal_0004,4,2022-07-12 00:00:23.724,0.4,0.035984,-0.140311,63.394792,0,train
normal,107,normal_0004,5,2022-07-12 00:00:23.824,0.5,-0.051357,-0.065845,-3.929377,0,train
normal,108,normal_0004,6,2022-07-12 00:00:23.924,0.6,0.046849,0.111925,-77.562937,0,train
normal,109,normal_0004,7,2022-07-12 00:00:24.024,0.7,0.108361,0.21348,-138.60585,0,train
normal,110,normal_0004,8,2022-07-12 00:00:24.124,0.8,0.008509,0.029137,-190.7182,0,train
normal,111,normal_0004,9,2022-07-12 00:00:24.224,0.9,0.098007,-0.148429,-211.22303,0,train
normal,112,normal_0005,0,2022-07-12 00:00:32.752,0.0,-0.043644,-0.027867,58.613784,0,train
normal,113,normal_0005,1,2022-07-12 00:00:32.852,0.1,-0.01316,-0.066775,17.58981,0,train
normal,114,normal_0005,2,2022-07-12 00:00:32.952,0.2,-0.009346,0.035722,-22.138717,0,train
normal,115,normal_0005,3,2022-07-12 00:00:33.052,0.3,0.036135,-0.032749,-76.5133,0,train
normal,116,normal_0005,4,2022-07-12 00:00:33.152,0.4,0.066823,-0.014289,-104.15877,0,train
normal,117,normal_0005,5,2022-07-12 00:00:33.252,0.5,-0.020881,0.026322,-108.13714,0,train
normal,118,normal_0005,6,2022-07-12 00:00:33.352,0.6,-0.062173,-0.086382,-108.30737,0,train
normal,119,normal_0005,7,2022-07-12 00:00:33.452,0.7,-0.036469,0.01976,-91.560375,0,train
normal,120,normal_0005,8,2022-07-12 00:00:33.552,0.8,-0.033085,0.072813,-69.346317,0,train
normal,121,normal_0005,9,2022-07-12 00:00:33.652,0.9,0.047659,-0.044216,-30.608896,0,train
normal,122,normal_0005,10,2022-07-12 00:00:33.752,1.0,0.065881,-0.030637,7.634641,0,train
normal,123,normal_0005,11,2022-07-12 00:00:33.852,1.1,-0.034675,-0.041253,58.809645,0,train
normal,124,normal_0005,12,2022-07-12 00:00:33.952,1.2,-0.01584,-0.004673,101.09378,0,train
normal,125,normal_0005,13,2022-07-12 00:00:34.052,1.3,-0.029872,0.006726,107.80622,0,train
normal,126,normal_0005,14,2022-07-12 00:00:34.152,1.4,-0.083278,-0.019273,111.29559,0,train
normal,127,normal_0005,15,2022-07-12 00:00:34.252,1.5,0.022716,0.10408,99.122298,0,train
normal,128,normal_0005,16,2022-07-12 00:00:34.352,1.6,0.011624,0.03268,79.534421,0,train
normal,129,normal_0005,17,2022-07-12 00:00:34.452,1.7,-0.028056,-0.093955,45.624619,0,train
normal,130,normal_0005,18,2022-07-12 00:00:34.552,1.8,0.008036,0.049948,5.942226,0,train
normal,131,normal_0005,19,2022-07-12 00:00:34.652,1.9,-0.030781,0.060098,-38.492684,0,train
normal,132,normal_0005,20,2022-07-12 00:00:34.752,2.0,0.013111,-0.073178,-90.70171,0,train
normal,133,normal_0005,21,2022-07-12 00:00:34.852,2.1,0.001088,-0.021998,-105.96777,0,train
normal,134,normal_0005,22,2022-07-12 00:00:34.952,2.2,-0.049094,-0.001437,-110.00527,0,train
normal,135,normal_0005,23,2022-07-12 00:00:35.052,2.3,-0.002874,-0.020624,-104.38098,0,train
normal,136,normal_0005,24,2022-07-12 00:00:35.152,2.4,-0.008982,0.04527,-85.868369,0,train
normal,137,normal_0005,25,2022-07-12 00:00:35.252,2.5,-0.00024,0.005614,-58.43497,0,train
normal,138,normal_0005,26,2022-07-12 00:00:35.352,2.6,0.016165,-0.038471,-17.731669,0,train
normal,139,normal_0005,27,2022-07-12 00:00:35.452,2.7,-0.046233,-0.023076,21.420362,0,train
normal,140,normal_0005,28,2022-07-12 00:00:35.552,2.8,-0.066578,-0.06371,76.268324,0,train
normal,141,normal_0005,29,2022-07-12 00:00:35.652,2.9,-0.030713,-0.012892,105.09123,0,train
normal,142,normal_0005,30,2022-07-12 00:00:35.752,3.0,0.009841,0.047711,108.90807,0,train
normal,143,normal_0005,31,2022-07-12 00:00:35.852,3.1,0.051235,-0.008692,109.5704,0,train
normal,144,normal_0005,32,2022-07-12 00:00:35.952,3.2,0.033876,0.017864,93.602907,0,train
normal,145,normal_0005,33,2022-07-12 00:00:36.052,3.3,-0.012298,-0.007182,71.555861,0,train
normal,146,normal_0005,34,2022-07-12 00:00:36.152,3.4,-0.042316,-0.067331,32.342199,0,train
normal,147,normal_0005,35,2022-07-12 00:00:36.252,3.5,-0.045313,0.042568,-5.83613,0,train
normal,148,normal_0005,36,2022-07-12 00:00:36.352,3.6,-0.013024,-0.00163,-56.937224,0,train
normal,149,normal_0005,37,2022-07-12 00:00:36.452,3.7,0.067187,-0.095669,-99.654329,0,train
normal,150,normal_0005,38,2022-07-12 00:00:36.552,3.8,0.065279,0.030806,-106.13002,0,train
normal,151,normal_0005,39,2022-07-12 00:00:36.652,3.9,-0.010106,0.041115,-110.31391,0,train
normal,152,normal_0005,40,2022-07-12 00:00:36.752,4.0,0.026281,0.003059,-98.714125,0,train
normal,153,normal_0005,41,2022-07-12 00:00:36.852,4.1,-0.016703,0.079432,-79.239974,0,train
normal,154,normal_0005,42,2022-07-12 00:00:36.952,4.2,-0.043485,0.033315,-45.080906,0,train
normal,155,normal_0005,43,2022-07-12 00:00:37.052,4.3,0.042323,0.007759,-5.251766,0,train
normal,156,normal_0005,44,2022-07-12 00:00:37.152,4.4,0.012407,0.007294,38.985257,0,train
normal,157,normal_0005,45,2022-07-12 00:00:37.252,4.5,0.029267,-0.051176,91.815959,0,train
normal,158,normal_0005,46,2022-07-12 00:00:37.352,4.6,0.078846,0.076923,106.75336,0,train
normal,159,normal_0005,47,2022-07-12 00:00:37.452,4.7,0.043174,0.100686,110.48616,0,train
normal,160,normal_0005,48,2022-07-12 00:00:37.552,4.8,0.040472,-0.025018,104.99324,0,train
normal,161,normal_0005,49,2022-07-12 00:00:37.652,4.9,0.039791,0.026583,86.765657,0,train
normal,162,normal_0006,0,2022-07-12 00:00:39.756,0.0,-0.076753,-0.194915,106.0542,0,train
normal,163,normal_0006,1,2022-07-12 00:00:39.856,0.1,-0.141375,-0.007507,166.24119,0,train
normal,164,normal_0006,2,2022-07-12 00:00:39.956,0.2,0.081784,0.24843,212.78777,0,train
normal,165,normal_0006,3,2022-07-12 00:00:40.056,0.3,0.050404,0.048294,215.503,0,train
normal,166,normal_0006,4,2022-07-12 00:00:40.156,0.4,-0.045315,-0.148867,183.6324,0,train
normal,167,normal_0006,5,2022-07-12 00:00:40.256,0.5,0.005593,-0.145767,133.68632,0,train
normal,168,normal_0006,6,2022-07-12 00:00:40.356,0.6,-0.080715,-0.088444,65.312632,0,train
normal,169,normal_0006,7,2022-07-12 00:00:40.456,0.7,-0.068442,0.122295,-5.402089,0,train
normal,170,normal_0006,8,2022-07-12 00:00:40.556,0.8,0.009986,0.122942,-81.152091,0,train
normal,171,normal_0006,9,2022-07-12 00:00:40.656,0.9,0.002039,-0.096153,-146.07038,0,train
normal,172,normal_0006,10,2022-07-12 00:00:40.756,1.0,-0.004534,-0.161503,-199.79277,0,train
normal,173,normal_0006,11,2022-07-12 00:00:40.856,1.1,-0.019964,-0.119303,-219.97478,0,train
normal,174,normal_0006,12,2022-07-12 00:00:40.956,1.2,0.003277,0.084886,-196.0887,0,train
normal,175,normal_0006,13,2022-07-12 00:00:41.056,1.3,-0.058213,0.256468,-153.69179,0,train
normal,176,normal_0006,14,2022-07-12 00:00:41.156,1.4,-0.120031,0.112951,-88.492166,0,train
normal,177,normal_0006,15,2022-07-12 00:00:41.256,1.5,-0.059848,-0.100967,-16.83736,0,train
normal,178,normal_0006,16,2022-07-12 00:00:41.356,1.6,-0.092045,-0.200501,58.932669,0,train
normal,179,normal_0006,17,2022-07-12 00:00:41.456,1.7,-0.01943,-0.087786,128.97588,0,train
normal,180,normal_0006,18,2022-07-12 00:00:41.556,1.8,0.080399,0.174747,186.20195,0,train
normal,181,normal_0006,19,2022-07-12 00:00:41.656,1.9,0.04072,0.207399,221.73229,0,train
normal,182,normal_0006,20,2022-07-12 00:00:41.756,2.0,0.028276,-0.015818,209.16178,0,train
normal,183,normal_0006,21,2022-07-12 00:00:41.856,2.1,-0.028501,-0.158653,171.91114,0,train
normal,184,normal_0006,22,2022-07-12 00:00:41.956,2.2,-0.085915,-0.148628,112.88167,0,train
normal,185,normal_0006,23,2022-07-12 00:00:42.056,2.3,-0.100015,-0.034539,41.083222,0,train
normal,186,normal_0006,24,2022-07-12 00:00:42.156,2.4,0.034044,0.183886,-32.931093,0,train
normal,187,normal_0006,25,2022-07-12 00:00:42.256,2.5,0.161076,0.162678,-107.86964,0,train
normal,188,normal_0006,26,2022-07-12 00:00:42.356,2.6,0.066492,-0.108608,-168.67354,0,train
normal,189,normal_0006,27,2022-07-12 00:00:42.456,2.7,0.044364,-0.157472,-215.18924,0,train
normal,190,normal_0006,28,2022-07-12 00:00:42.556,2.8,-0.010427,-0.075184,-217.23523,0,train
normal,191,normal_0006,29,2022-07-12 00:00:42.656,2.9,-0.112731,0.064359,-185.16185,0,train
normal,192,normal_0006,30,2022-07-12 00:00:42.756,3.0,0.019137,0.232126,-135.09466,0,train
normal,193,normal_0006,31,2022-07-12 00:00:42.856,3.1,0.097668,0.093844,-64.650305,0,train
normal,194,normal_0006,32,2022-07-12 00:00:42.956,3.2,0.061928,-0.165533,8.463622,0,train
normal,195,normal_0006,33,2022-07-12 00:00:43.056,3.3,0.081319,-0.18346,86.401592,0,train
normal,196,normal_0006,34,2022-07-12 00:00:43.156,3.4,0.028208,-0.006315,152.24924,0,train
normal,197,normal_0006,35,2022-07-12 00:00:43.256,3.5,0.010157,0.150599,205.6159,0,train
normal,198,normal_0006,36,2022-07-12 00:00:43.356,3.6,0.073928,0.178664,225.64509,0,train
normal,199,normal_0006,37,2022-07-12 00:00:43.456,3.7,0.049916,0.042447,199.99089,0,train
normal,200,normal_0006,38,2022-07-12 00:00:43.556,3.8,-0.034098,-0.18044,155.90288,0,train
normal,201,normal_0006,39,2022-07-12 00:00:43.656,3.9,-0.09401,-0.156212,88.855039,0,train
normal,202,normal_0006,40,2022-07-12 00:00:43.756,4.0,-0.04594,0.103948,17.09974,0,train
normal,203,normal_0006,41,2022-07-12 00:00:43.856,4.1,0.096101,0.229947,-60.431964,0,train
normal,204,normal_0006,42,2022-07-12 00:00:43.956,4.2,0.105183,0.14096,-131.52661,0,train
normal,205,normal_0006,43,2022-07-12 00:00:44.056,4.3,0.025801,-0.098106,-185.83622,0,train
normal,206,normal_0006,44,2022-07-12 00:00:44.156,4.4,0.007579,-0.226523,-224.33772,0,train
normal,207,normal_0006,45,2022-07-12 00:00:44.256,4.5,-0.105283,-0.072697,-209.34763,0,train
normal,208,normal_0006,46,2022-07-12 00:00:44.356,4.6,-0.066069,0.133523,-169.31166,0,train
normal,209,normal_0006,47,2022-07-12 00:00:44.456,4.7,0.117876,0.183319,-112.43571,0,train
normal,210,normal_0006,48,2022-07-12 00:00:44.556,4.8,0.044671,0.014848,-41.322236,0,train
normal,211,normal_0006,49,2022-07-12 00:00:44.656,4.9,0.04173,-0.153658,34.230117,0,train
normal,212,normal_0007,0,2022-07-12 00:00:47.676,0.0,0.046297,0.031706,103.39536,0,train
normal,213,normal_0007,1,2022-07-12 00:00:47.776,0.1,0.029699,-0.063718,107.96489,0,train
normal,214,normal_0007,2,2022-07-12 00:00:47.876,0.2,0.072239,-0.037356,109.04898,0,train
normal,215,normal_0007,3,2022-07-12 00:00:47.976,0.3,0.030766,0.029605,92.585932,0,train
normal,216,normal_0007,4,2022-07-12 00:00:48.076,0.4,0.066733,0.038313,70.37414,0,train
normal,217,normal_0007,5,2022-07-12 00:00:48.176,0.5,0.037248,-0.026888,31.225447,0,train
normal,218,normal_0007,6,2022-07-12 00:00:48.276,0.6,-0.01962,-0.002626,-8.228899,0,train
normal,219,normal_0007,7,2022-07-12 00:00:48.376,0.7,0.021785,0.016947,-59.720523,0,train
normal,220,normal_0007,8,2022-07-12 00:00:48.476,0.8,0.021331,-0.033927,-98.920357,0,train
normal,221,normal_0007,9,2022-07-12 00:00:48.576,0.9,0.091699,0.030832,-104.97631,0,train
normal,222,normal_0007,10,2022-07-12 00:00:48.676,1.0,0.092607,0.05372,-109.8323,0,train
normal,223,normal_0007,11,2022-07-12 00:00:48.776,1.1,0.082264,-0.004,-97.852599,0,train
normal,224,normal_0007,12,2022-07-12 00:00:48.876,1.2,0.064405,-0.018805,-78.252563,0,train
normal,225,normal_0007,13,2022-07-12 00:00:48.976,1.3,0.022818,0.008068,-43.872838,0,train
normal,226,normal_0007,14,2022-07-12 00:00:49.076,1.4,0.088758,0.133919,-3.3561,0,train
normal,227,normal_0007,15,2022-07-12 00:00:49.176,1.5,0.011272,0.114846,42.479997,0,train
normal,228,normal_0007,16,2022-07-12 00:00:49.276,1.6,0.0501,0.012871,92.767369,0,train
normal,229,normal_0007,17,2022-07-12 00:00:49.376,1.7,0.08206,0.033897,105.85786,0,train
normal,230,normal_0007,18,2022-07-12 00:00:49.476,1.8,-0.024332,0.019195,110.42143,0,train
normal,231,normal_0007,19,2022-07-12 00:00:49.576,1.9,0.118106,0.061837,104.54358,0,train
normal,232,normal_0007,20,2022-07-12 00:00:49.676,2.0,0.030289,0.042821,85.948954,0,train
normal,233,normal_0007,21,2022-07-12 00:00:49.776,2.1,-0.000864,-0.048743,57.985313,0,train
normal,234,normal_0007,22,2022-07-12 00:00:49.876,2.2,0.16201,-0.001048,16.747119,0,train
normal,235,normal_0007,23,2022-07-12 00:00:49.976,2.3,-0.036979,0.002165,-23.800734,0,train
normal,236,normal_0007,24,2022-07-12 00:00:50.076,2.4,0.039519,0.02377,-77.726612,0,train
normal,237,normal_0007,25,2022-07-12 00:00:50.176,2.5,0.073284,0.056672,-103.15336,0,train
normal,238,normal_0007,26,2022-07-12 00:00:50.276,2.6,-0.13372,-0.001366,-107.1663,0,train
normal,239,normal_0007,27,2022-07-12 00:00:50.376,2.7,0.083581,0.03996,-107.85593,0,train
normal,240,normal_0007,28,2022-07-12 00:00:50.476,2.8,0.021002,0.025938,-91.421377,0,train
normal,241,normal_0007,29,2022-07-12 00:00:50.576,2.9,-0.07742,-0.039808,-68.98094,0,train
normal,242,normal_0007,30,2022-07-12 00:00:50.676,3.0,0.100554,0.026143,-29.183868,0,train
normal,243,normal_0007,31,2022-07-12 00:00:50.776,3.1,-0.066816,0.021511,9.825231,0,train
normal,244,normal_0007,32,2022-07-12 00:00:50.876,3.2,-0.012604,-0.033428,61.037071,0,train
normal,245,normal_0007,33,2022-07-12 00:00:50.976,3.3,0.079812,-0.009155,100.79147,0,train
normal,246,normal_0007,34,2022-07-12 00:00:51.076,3.4,-0.109356,0.021738,106.59982,0,train
normal,247,normal_0007,35,2022-07-12 00:00:51.176,3.5,-0.043178,0.028663,110.97993,0,train
normal,248,normal_0007,36,2022-07-12 00:00:51.276,3.6,-0.034073,-0.013639,98.869455,0,train
normal,249,normal_0007,37,2022-07-12 00:00:51.376,3.7,-0.101818,-0.021825,79.160461,0,train
normal,250,normal_0007,38,2022-07-12 00:00:51.476,3.8,0.008831,0.045682,44.880396,0,train
normal,251,normal_0007,39,2022-07-12 00:00:51.576,3.9,-0.031757,0.00817,4.577876,0,train
normal,252,normal_0007,40,2022-07-12 00:00:51.676,4.0,-0.153169,-0.090308,-40.971403,0,train
normal,253,normal_0007,41,2022-07-12 00:00:51.776,4.1,-0.08816,-0.052683,-90.804588,0,train
normal,254,normal_0007,42,2022-07-12 00:00:51.876,4.2,-0.066725,0.024076,-104.02466,0,train
normal,255,normal_0007,43,2022-07-12 00:00:51.976,4.3,-0.102839,-0.041239,-109.08784,0,train
normal,256,normal_0007,44,2022-07-12 00:00:52.076,4.4,-0.019734,-0.101502,-103.71305,0,train
normal,257,normal_0007,45,2022-07-12 00:00:52.176,4.5,-0.067349,-0.043487,-85.551868,0,train
normal,258,normal_0007,46,2022-07-12 00:00:52.276,4.6,-0.119483,-0.023153,-57.730205,0,train
normal,259,normal_0007,47,2022-07-12 00:00:52.376,4.7,-0.04034,-0.085903,-16.292455,0,train
normal,260,normal_0007,48,2022-07-12 00:00:52.476,4.8,-0.160015,-0.131929,24.949434,0,train
normal,261,normal_0007,49,2022-07-12 00:00:52.576,4.9,-0.118723,-0.026525,79.118023,0,train
normal,262,normal_0008,0,2022-07-12 00:00:55.468,0.0,0.092019,0.212864,-192.63008,0,train
normal,263,normal_0008,1,2022-07-12 00:00:55.568,0.1,0.036263,-0.125111,-122.90789,0,train
normal,264,normal_0008,2,2022-07-12 00:00:55.668,0.2,-0.035002,-0.26252,-40.215974,0,train
normal,265,normal_0008,3,2022-07-12 00:00:55.768,0.3,-0.03037,-0.024896,47.92977,0,train
normal,266,normal_0008,4,2022-07-12 00:00:55.868,0.4,0.047979,0.182108,133.7886,0,train
normal,267,normal_0008,5,2022-07-12 00:00:55.968,0.5,0.061547,0.20327,203.00701,0,train
normal,268,normal_0008,6,2022-07-12 00:00:56.068,0.6,0.048922,0.029463,249.48242,0,train
normal,269,normal_0008,7,2022-07-12 00:00:56.168,0.7,0.026408,-0.208762,248.02247,0,train
normal,270,normal_0008,8,2022-07-12 00:00:56.268,0.8,-0.108991,-0.199521,212.31105,0,train
normal,271,normal_0008,9,2022-07-12 00:00:56.368,0.9,-0.069425,0.055746,150.88012,0,train
normal,272,normal_0008,10,2022-07-12 00:00:56.468,1.0,0.083084,0.277589,68.905958,0,train
normal,273,normal_0008,11,2022-07-12 00:00:56.568,1.1,0.010956,0.182278,-17.716887,0,train
normal,274,normal_0008,12,2022-07-12 00:00:56.668,1.2,-0.01183,-0.108865,-106.88723,0,train
normal,275,normal_0008,13,2022-07-12 00:00:56.768,1.3,0.001306,-0.235919,-181.90529,0,train
normal,276,normal_0008,14,2022-07-12 00:00:56.868,1.4,-0.162646,-0.164337,-237.99017,0,train
normal,277,normal_0008,15,2022-07-12 00:00:56.968,1.5,-0.009684,0.092463,-252.39661,0,train
normal,278,normal_0008,16,2022-07-12 00:00:57.068,1.6,0.182289,0.283731,-225.31119,0,train
normal,279,normal_0008,17,2022-07-12 00:00:57.168,1.7,0.02424,0.045926,-173.45359,0,train
normal,280,normal_0008,18,2022-07-12 00:00:57.268,1.8,-0.001771,-0.18584,-96.145045,0,train
normal,281,normal_0008,19,2022-07-12 00:00:57.368,1.9,-0.104086,-0.152234,-11.591197,0,train
normal,282,normal_0008,20,2022-07-12 00:00:57.468,2.0,-0.216983,-0.069128,78.177819,0,train
normal,283,normal_0008,21,2022-07-12 00:00:57.568,2.1,-0.025578,0.177885,159.20414,0,train
normal,284,normal_0008,22,2022-07-12 00:00:57.668,2.2,0.126544,0.22969,223.72952,0,train
normal,285,normal_0008,23,2022-07-12 00:00:57.768,2.3,0.129587,-0.117334,256.31002,0,train
normal,286,normal_0008,24,2022-07-12 00:00:57.868,2.4,0.021799,-0.24784,240.13749,0,train
normal,287,normal_0008,25,2022-07-12 00:00:57.968,2.5,-0.070696,-0.111465,196.04208,0,train
normal,288,normal_0008,26,2022-07-12 00:00:58.068,2.6,-0.098046,0.052068,124.80582,0,train
normal,289,normal_0008,27,2022-07-12 00:00:58.168,2.7,-0.089304,0.242314,40.569906,0,train
normal,290,normal_0008,28,2022-07-12 00:00:58.268,2.8,-0.005506,0.135185,-48.274523,0,train
normal,291,normal_0008,29,2022-07-12 00:00:58.368,2.9,0.025863,-0.194832,-134.94219,0,train
normal,292,normal_0008,30,2022-07-12 00:00:58.468,3.0,-0.030199,-0.241153,-205.18103,0,train
normal,293,normal_0008,31,2022-07-12 00:00:58.568,3.1,-0.013237,-0.06629,-250.76154,0,train
normal,294,normal_0008,32,2022-07-12 00:00:58.668,3.2,0.056824,0.12751,-248.16409,0,train
normal,295,normal_0008,33,2022-07-12 00:00:58.768,3.3,0.0203,0.232653,-212.45697,0,train
normal,296,normal_0008,34,2022-07-12 00:00:58.868,3.4,0.005575,0.02633,-150.06341,0,train
normal,297,normal_0008,35,2022-07-12 00:00:58.968,3.5,-0.058514,-0.25816,-67.525395,0,train
normal,298,normal_0008,36,2022-07-12 00:00:59.068,3.6,-0.192608,-0.242152,19.030812,0,train
normal,299,normal_0008,37,2022-07-12 00:00:59.168,3.7,-0.060842,0.042145,108.3243,0,train
normal,300,normal_0008,38,2022-07-12 00:00:59.268,3.8,0.135377,0.26048,184.23607,0,train
normal,301,normal_0008,39,2022-07-12 00:00:59.368,3.9,0.093381,0.124093,241.78532,0,train
normal,302,normal_0008,40,2022-07-12 00:00:59.468,4.0,0.025182,-0.126565,256.20547,0,train
normal,303,normal_0009,0,2022-07-12 00:01:03.576,0.0,-0.027683,0.158762,161.4808,0,train
normal,304,normal_0009,1,2022-07-12 00:01:03.676,0.1,-0.073812,-0.074025,191.53538,0,train
normal,305,normal_0009,2,2022-07-12 00:01:03.776,0.2,0.044342,-0.090964,176.42882,0,train
normal,306,normal_0009,3,2022-07-12 00:01:03.876,0.3,0.016708,-0.08061,147.22587,0,train
normal,307,normal_0009,4,2022-07-12 00:01:03.976,0.4,-0.003807,-0.029509,96.444976,0,train
normal,308,normal_0009,5,2022-07-12 00:01:04.076,0.5,0.040652,0.180572,39.09338,0,train
normal,309,normal_0009,6,2022-07-12 00:01:04.176,0.6,-0.06356,0.062714,-24.922851,0,train
normal,310,normal_0009,7,2022-07-12 00:01:04.276,0.7,-0.016546,-0.103896,-86.064826,0,train
normal,311,normal_0009,8,2022-07-12 00:01:04.376,0.8,-0.000583,-0.085447,-138.15333,0,train
normal,312,normal_0009,9,2022-07-12 00:01:04.476,0.9,-0.11256,-0.090181,-182.27472,0,train
normal,313,normal_0009,10,2022-07-12 00:01:04.576,1.0,0.040516,0.097875,-179.89602,0,train
normal,314,normal_0009,11,2022-07-12 00:01:04.676,1.1,0.029083,0.169718,-156.23905,0,train
normal,315,normal_0009,12,2022-07-12 00:01:04.776,1.2,-0.099731,-0.048072,-114.94006,0,train
normal,316,normal_0009,13,2022-07-12 00:01:04.876,1.3,0.076676,-0.077499,-59.036024,0,train
normal,317,normal_0009,14,2022-07-12 00:01:04.976,1.4,-0.035846,-0.100104,0.177503,0,train
normal,318,normal_0009,15,2022-07-12 00:01:05.076,1.5,-0.13739,-0.076432,64.599522,0,train
normal,319,normal_0009,16,2022-07-12 00:01:05.176,1.6,0.085384,0.162373,115.78716,0,train
normal,320,normal_0009,17,2022-07-12 00:01:05.276,1.7,-0.033076,0.06579,167.43912,0,train
normal,321,normal_0009,18,2022-07-12 00:01:05.376,1.8,-0.027956,-0.102068,183.00726,0,train
normal,322,normal_0009,19,2022-07-12 00:01:05.476,1.9,0.128401,-0.022674,163.77093,0,train
normal,323,normal_0009,20,2022-07-12 00:01:05.576,2.0,-0.096121,-0.093087,132.11431,0,train
normal,324,normal_0009,21,2022-07-12 00:01:05.676,2.1,-0.092215,0.021058,79.860697,0,train
normal,325,normal_0009,22,2022-07-12 00:01:05.776,2.2,0.041061,0.199657,25.428417,0,train
normal,326,normal_0009,23,2022-07-12 00:01:05.876,2.3,-0.047404,-0.013069,-39.742951,0,train
normal,327,normal_0009,24,2022-07-12 00:01:05.976,2.4,0.066004,-0.108391,-93.607794,0,train
normal,328,normal_0009,25,2022-07-12 00:01:06.076,2.5,0.082137,-0.077953,-145.53489,0,train
normal,329,normal_0010,0,2022-07-12 00:01:11.621,0.0,-0.01627,0.033408,36.3344,0,train
normal,330,normal_0010,1,2022-07-12 00:01:11.721,0.1,-0.0281,-0.015355,-3.555417,0,train
normal,331,normal_0010,2,2022-07-12 00:01:11.821,0.2,0.065326,0.081318,-53.566939,0,train
normal,332,normal_0010,3,2022-07-12 00:01:11.921,0.3,-0.048207,0.059566,-98.017943,0,train
normal,333,normal_0010,4,2022-07-12 00:01:12.021,0.4,0.049919,0.002595,-105.30104,0,train
normal,334,normal_0010,5,2022-07-12 00:01:12.121,0.5,0.064077,0.056761,-110.43157,0,train
normal,335,normal_0010,6,2022-07-12 00:01:12.221,0.6,-0.069631,-0.043851,-100.84022,0,train
normal,336,normal_0010,7,2022-07-12 00:01:12.321,0.7,0.037783,-0.039968,-82.439075,0,train
normal,337,normal_0010,8,2022-07-12 00:01:12.421,0.8,0.006595,0.129218,-50.327784,0,train
normal,338,normal_0010,9,2022-07-12 00:01:12.521,0.9,0.008514,0.071668,-8.859516,0,train
normal,339,normal_0010,10,2022-07-12 00:01:12.621,1.0,0.108298,-0.007419,34.874682,0,train
normal,340,normal_0010,11,2022-07-12 00:01:12.721,1.1,0.047092,0.037972,88.683735,0,train
normal,341,normal_0010,12,2022-07-12 00:01:12.821,1.2,0.038157,-0.023302,105.77585,0,train
normal,342,normal_0011,0,2022-07-12 00:01:21.222,0.0,-0.047176,-0.071369,233.89557,0,train
normal,343,normal_0011,1,2022-07-12 00:01:21.322,0.1,0.015153,0.147409,197.39439,0,train
normal,344,normal_0011,2,2022-07-12 00:01:21.422,0.2,-0.056372,0.142232,152.39598,0,train
normal,345,normal_0011,3,2022-07-12 00:01:21.522,0.3,-0.016079,-0.057393,85.951577,0,train
normal,346,normal_0011,4,2022-07-12 00:01:21.622,0.4,0.029992,-0.111877,13.532998,0,train
normal,347,normal_0011,5,2022-07-12 00:01:21.722,0.5,-0.095291,-0.130803,-69.730886,0,train
normal,348,normal_0011,6,2022-07-12 00:01:21.822,0.6,-0.012287,0.027507,-140.18358,0,train
normal,349,normal_0011,7,2022-07-12 00:01:21.922,0.7,0.078607,0.210726,-188.84542,0,train
normal,350,normal_0011,8,2022-07-12 00:01:22.022,0.8,-0.042169,0.051644,-230.71566,0,train
normal,351,normal_0011,9,2022-07-12 00:01:22.122,0.9,0.026813,-0.089091,-209.90851,0,train
normal,352,normal_0011,10,2022-07-12 00:01:22.222,1.0,0.042095,-0.101602,-166.97349,0,train
normal,353,normal_0011,11,2022-07-12 00:01:22.322,1.1,-0.164773,-0.134186,-109.05351,0,train
normal,354,normal_0011,12,2022-07-12 00:01:22.422,1.2,-0.010709,0.091278,-37.054424,0,train
normal,355,normal_0011,13,2022-07-12 00:01:22.522,1.3,0.117753,0.216096,39.46269,0,train
normal,356,normal_0011,14,2022-07-12 00:01:22.622,1.4,-0.028784,-0.043269,119.01809,0,train
normal,357,normal_0011,15,2022-07-12 00:01:22.722,1.5,0.05472,-0.11031,169.68276,0,train
normal,358,normal_0011,16,2022-07-12 00:01:22.822,1.6,0.003233,-0.09395,220.01138,0,train
normal,359,normal_0011,17,2022-07-12 00:01:22.922,1.7,-0.11332,-0.054032,222.30473,0,train
normal,360,normal_0011,18,2022-07-12 00:01:23.022,1.8,0.062065,0.208353,182.11987,0,train
normal,361,normal_0011,19,2022-07-12 00:01:23.122,1.9,0.073078,0.148862,133.19518,0,train
normal,362,normal_0011,20,2022-07-12 00:01:23.222,2.0,-0.010891,-0.105917,62.873967,0,train
normal,363,normal_0011,21,2022-07-12 00:01:23.322,2.1,0.004799,-0.112456,-9.006025,0,train
normal,364,normal_0011,22,2022-07-12 00:01:23.422,2.2,-0.04201,-0.084414,-92.034351,0,train
normal,365,normal_0011,23,2022-07-12 00:01:23.522,2.3,-0.003489,0.036692,-150.57577,0,train
normal,366,normal_0011,24,2022-07-12 00:01:23.622,2.4,0.039994,0.174112,-201.11933,0,train
normal,367,normal_0011,25,2022-07-12 00:01:23.722,2.5,0.088575,0.047602,-225.2163,0,train
normal,368,normal_0011,26,2022-07-12 00:01:23.822,2.6,0.109454,-0.076296,-192.57011,0,train
normal,369,normal_0011,27,2022-07-12 00:01:23.922,2.7,-0.077432,-0.122583,-150.48243,0,train
normal,370,normal_0011,28,2022-07-12 00:01:24.022,2.8,-0.077058,-0.058857,-86.144577,0,train
normal,371,normal_0011,29,2022-07-12 00:01:24.122,2.9,0.018968,0.16084,-16.723873,0,train
normal,372,normal_0011,30,2022-07-12 00:01:24.222,3.0,-0.003829,0.160454,62.582262,0,train
normal,373,normal_0011,31,2022-07-12 00:01:24.322,3.1,0.082047,-0.026682,130.86523,0,train
normal,374,normal_0011,32,2022-07-12 00:01:24.422,3.2,0.074156,-0.138217,180.06816,0,train
normal,375,normal_0011,33,2022-07-12 00:01:24.522,3.3,-0.078023,-0.157812,222.43467,0,train
normal,376,normal_0011,34,2022-07-12 00:01:24.622,3.4,-0.0306,0.007571,204.99303,0,train
normal,377,normal_0011,35,2022-07-12 00:01:24.722,3.5,0.084522,0.222806,165.86234,0,train
normal,378,normal_0011,36,2022-07-12 00:01:24.822,3.6,-0.034767,0.085295,111.13132,0,train
normal,379,normal_0011,37,2022-07-12 00:01:24.922,3.7,-0.038797,-0.101432,42.462235,0,train
normal,380,normal_0011,38,2022-07-12 00:01:25.022,3.8,0.033307,-0.100274,-30.957226,0,train
normal,381,normal_0011,39,2022-07-12 00:01:25.122,3.9,-0.131065,-0.118019,-108.53936,0,train
normal,382,normal_0011,40,2022-07-12 00:01:25.222,4.0,-0.005941,0.100418,-158.64148,0,train
normal,383,normal_0011,41,2022-07-12 00:01:25.322,4.1,0.181888,0.207604,-208.85303,0,train
normal,384,normal_0011,42,2022-07-12 00:01:25.422,4.2,-0.016409,-0.07247,-212.85274,0,train
normal,385,normal_0011,43,2022-07-12 00:01:25.522,4.3,-0.00249,-0.140907,-176.06761,0,train
normal,386,normal_0011,44,2022-07-12 00:01:25.622,4.4,-0.019962,-0.085106,-131.09769,0,train
normal,387,normal_0011,45,2022-07-12 00:01:25.722,4.5,-0.184255,-0.026818,-63.723929,0,train
normal,388,normal_0011,46,2022-07-12 00:01:25.822,4.6,0.001359,0.205322,4.550577,0,train
normal,389,normal_0011,47,2022-07-12 00:01:25.922,4.7,0.058954,0.129516,84.928284,0,train
normal,390,normal_0011,48,2022-07-12 00:01:26.022,4.8,0.0189,-0.11828,141.39046,0,train
normal,391,normal_0011,49,2022-07-12 00:01:26.122,4.9,0.043548,-0.13791,191.56995,0,train
normal,392,normal_0012,0,2022-07-12 00:01:27.857,0.0,-0.106267,-0.064464,-98.774445,0,train
normal,393,normal_0012,1,2022-07-12 00:01:27.957,0.1,-0.073036,-0.008628,-78.684101,0,train
normal,394,normal_0012,2,2022-07-12 00:01:28.057,0.2,-0.023252,0.02978,-44.205194,0,train
normal,395,normal_0012,3,2022-07-12 00:01:28.157,0.3,-0.005076,0.010161,-3.250003,0,train
normal,396,normal_0012,4,2022-07-12 00:01:28.257,0.4,-0.025444,-0.111375,41.055565,0,train
normal,397,normal_0012,5,2022-07-12 00:01:28.357,0.5,-0.017167,-0.053576,92.387687,0,train
normal,398,normal_0012,6,2022-07-12 00:01:28.457,0.6,-0.015044,0.105835,107.01062,0,train
normal,399,normal_0012,7,2022-07-12 00:01:28.557,0.7,-0.020562,0.012773,111.26949,0,train
normal,400,normal_0012,8,2022-07-12 00:01:28.657,0.8,-0.013103,-0.045004,106.29488,0,train
normal,401,normal_0012,9,2022-07-12 00:01:28.757,0.9,-0.039419,0.001987,87.759386,0,train
normal,402,normal_0012,10,2022-07-12 00:01:28.857,1.0,-0.008573,-0.04648,60.136564,0,train
normal,403,normal_0012,11,2022-07-12 00:01:28.957,1.1,0.038612,-0.039078,18.228175,0,train
normal,404,normal_0012,12,2022-07-12 00:01:29.057,1.2,-0.003668,0.016145,-22.122267,0,train
normal,405,normal_0012,13,2022-07-12 00:01:29.157,1.3,0.024329,0.037364,-76.167831,0,train
normal,406,normal_0012,14,2022-07-12 00:01:29.257,1.4,0.016927,0.02626,-104.02824,0,train
normal,407,normal_0012,15,2022-07-12 00:01:29.357,1.5,-0.08632,-0.045912,-108.1822,0,train
normal,408,normal_0012,16,2022-07-12 00:01:29.457,1.6,-0.024354,-0.024784,-109.3321,0,train
normal,409,normal_0012,17,2022-07-12 00:01:29.557,1.7,0.031516,0.102645,-92.924368,0,train
normal,410,normal_0012,18,2022-07-12 00:01:29.657,1.8,0.070446,0.061558,-70.505031,0,train
normal,411,normal_0012,19,2022-07-12 00:01:29.757,1.9,0.105426,-0.010683,-31.300906,0,train
normal,412,normal_0012,20,2022-07-12 00:01:29.857,2.0,0.023693,-0.016734,7.703186,0,train
normal,413,normal_0012,21,2022-07-12 00:01:29.957,2.1,0.025646,-0.091587,58.394081,0,train
normal,414,normal_0012,22,2022-07-12 00:01:30.057,2.2,0.025839,-0.011637,100.38651,0,train
normal,415,normal_0012,23,2022-07-12 00:01:30.157,2.3,0.014792,0.073865,107.60678,0,train
normal,416,normal_0012,24,2022-07-12 00:01:30.257,2.4,0.083775,-0.035365,112.1384,0,train
normal,417,normal_0012,25,2022-07-12 00:01:30.357,2.5,0.058695,0.003577,100.92021,0,train
normal,418,normal_0012,26,2022-07-12 00:01:30.457,2.6,0.021014,0.067734,81.593881,0,train
normal,419,normal_0012,27,2022-07-12 00:01:30.557,2.7,0.031902,-0.017007,48.030621,0,train
normal,420,normal_0012,28,2022-07-12 00:01:30.657,2.8,-0.035196,0.022775,7.442356,0,train
normal,421,normal_0012,29,2022-07-12 00:01:30.757,2.9,0.001838,0.037716,-37.772064,0,train
normal,422,normal_0012,30,2022-07-12 00:01:30.857,3.0,0.100521,-0.009854,-89.03874,0,train
normal,423,normal_0012,31,2022-07-12 00:01:30.957,3.1,0.074125,0.049955,-104.59377,0,train
normal,424,normal_0012,32,2022-07-12 00:01:31.057,3.2,0.052644,-0.00344,-110.03257,0,train
normal,425,normal_0012,33,2022-07-12 00:01:31.157,3.3,-0.00679,-0.031494,-105.6415,0,train
normal,426,normal_0012,34,2022-07-12 00:01:31.257,3.4,-0.052305,0.077838,-87.689529,0,train
normal,427,normal_0012,35,2022-07-12 00:01:31.357,3.5,0.000238,0.045504,-60.665853,0,train
normal,428,normal_0012,36,2022-07-12 00:01:31.457,3.6,0.012953,0.008572,-19.644263,0,train
normal,429,normal_0012,37,2022-07-12 00:01:31.557,3.7,-0.000251,0.005302,20.891192,0,train
normal,430,normal_0012,38,2022-07-12 00:01:31.657,3.8,-0.006359,-0.080256,75.19401,0,train
normal,431,normal_0012,39,2022-07-12 00:01:31.757,3.9,-0.016781,-0.034866,103.84108,0,train
normal,432,normal_0012,40,2022-07-12 00:01:31.857,4.0,-0.014045,0.050477,108.91045,0,train
normal,433,normal_0012,41,2022-07-12 00:01:31.957,4.1,-0.00922,0.044982,110.61264,0,train
normal,434,normal_0012,42,2022-07-12 00:01:32.057,4.2,-0.028475,0.048433,95.317137,0,train
normal,435,normal_0012,43,2022-07-12 00:01:32.157,4.3,-0.057346,-0.040667,73.770174,0,train
normal,436,normal_0012,44,2022-07-12 00:01:32.257,4.4,-0.061661,-0.036614,35.063748,0,train
normal,437,normal_0012,45,2022-07-12 00:01:32.357,4.5,-0.026999,0.063624,-4.157305,0,train
normal,438,normal_0012,46,2022-07-12 00:01:32.457,4.6,0.011318,-0.044016,-54.889566,0,train
normal,439,normal_0012,47,2022-07-12 00:01:32.557,4.7,0.026872,-0.055619,-97.15296,0,train
normal,440,normal_0012,48,2022-07-12 00:01:32.657,4.8,0.000828,0.008549,-105.39855,0,train
normal,441,normal_0012,49,2022-07-12 00:01:32.757,4.9,-0.077237,-0.054268,-110.86966,0,train
normal,442,normal_0013,0,2022-07-12 00:01:35.646,0.0,-0.162992,-0.057036,30.009512,0,train
normal,443,normal_0013,1,2022-07-12 00:01:35.746,0.1,0.03586,0.161401,93.590628,0,train
normal,444,normal_0013,2,2022-07-12 00:01:35.846,0.2,0.078344,0.09956,147.38824,0,train
normal,445,normal_0013,3,2022-07-12 00:01:35.946,0.3,-0.066898,-0.23753,190.99095,0,train
normal,446,normal_0013,4,2022-07-12 00:01:36.046,0.4,0.086394,-0.183852,188.40637,0,train
normal,447,normal_0013,5,2022-07-12 00:01:36.146,0.5,-0.005534,-0.065767,159.58585,0,train
normal,448,normal_0013,6,2022-07-12 00:01:36.246,0.6,-0.074346,0.033586,113.5434,0,train
normal,449,normal_0013,7,2022-07-12 00:01:36.346,0.7,-0.000345,0.250263,51.90838,0,train
normal,450,normal_0013,8,2022-07-12 00:01:36.446,0.8,-0.095315,0.043009,-10.627867,0,train
normal,451,normal_0013,9,2022-07-12 00:01:36.546,0.9,-0.038401,-0.143934,-77.934394,0,train
normal,452,normal_0013,10,2022-07-12 00:01:36.646,1.0,-0.019226,-0.106684,-133.86275,0,train
normal,453,normal_0013,11,2022-07-12 00:01:36.746,1.1,-0.029398,-0.044388,-183.43355,0,train
normal,454,normal_0013,12,2022-07-12 00:01:36.846,1.2,0.055286,0.153896,-196.01014,0,train
normal,455,normal_0013,13,2022-07-12 00:01:36.946,1.3,-0.019305,0.145779,-171.02875,0,train
normal,456,normal_0013,14,2022-07-12 00:01:37.046,1.4,-0.024732,-0.085964,-131.93061,0,train
normal,457,normal_0013,15,2022-07-12 00:01:37.146,1.5,0.061246,-0.131888,-71.944484,0,train
normal,458,normal_0013,16,2022-07-12 00:01:37.246,1.6,-0.001798,-0.038734,-9.508492,0,train
normal,459,normal_0013,17,2022-07-12 00:01:37.346,1.7,0.033499,0.124685,58.990724,0,train
normal,460,normal_0013,18,2022-07-12 00:01:37.446,1.8,0.081739,0.246006,119.69198,0,train
normal,461,normal_0013,19,2022-07-12 00:01:37.546,1.9,-0.10165,0.041658,173.2259,0,train
normal,462,normal_0013,20,2022-07-12 00:01:37.646,2.0,0.018808,-0.11773,202.86968,0,train
normal,463,normal_0013,21,2022-07-12 00:01:37.746,2.1,0.136689,-0.04818,184.87015,0,train
normal,464,normal_0013,22,2022-07-12 00:01:37.846,2.2,-0.052525,-0.070796,150.12326,0,train
normal,465,normal_0013,23,2022-07-12 00:01:37.946,2.3,0.065958,0.114591,94.747197,0,train
normal,466,normal_0013,24,2022-07-12 00:01:38.046,2.4,0.108521,0.226705,31.128649,0,train
normal,467,normal_0013,25,2022-07-12 00:01:38.146,2.5,-0.024266,-0.050564,-36.015753,0,train
normal,468,normal_0013,26,2022-07-12 00:01:38.246,2.6,0.084634,-0.094695,-101.59827,0,train
normal,469,normal_0013,27,2022-07-12 00:01:38.346,2.7,0.030944,-0.046523,-156.03008,0,train
normal,470,normal_0013,28,2022-07-12 00:01:38.446,2.8,-0.073903,-0.016448,-198.20073,0,train
normal,471,normal_0013,29,2022-07-12 00:01:38.546,2.9,0.073485,0.205497,-193.29836,0,train
normal,472,normal_0013,30,2022-07-12 00:01:38.646,3.0,0.113403,0.172141,-162.5525,0,train
normal,473,normal_0013,31,2022-07-12 00:01:38.746,3.1,0.050075,-0.068911,-114.81072,0,train
normal,474,normal_0013,32,2022-07-12 00:01:38.846,3.2,0.045193,-0.134715,-51.766998,0,train
normal,475,normal_0013,33,2022-07-12 00:01:38.946,3.3,-0.011131,-0.056014,12.174846,0,train
normal,476,normal_0013,34,2022-07-12 00:01:39.046,3.4,-0.043465,0.074628,80.603728,0,train
normal,477,normal_0013,35,2022-07-12 00:01:39.146,3.5,0.017616,0.148072,137.99371,0,train
normal,478,normal_0013,36,2022-07-12 00:01:39.246,3.6,0.051721,0.061322,189.10684,0,train
normal,479,normal_0013,37,2022-07-12 00:01:39.346,3.7,0.110474,-0.098498,202.11031,0,train
normal,480,normal_0013,38,2022-07-12 00:01:39.446,3.8,0.035872,-0.111702,176.281,0,train
normal,481,normal_0013,39,2022-07-12 00:01:39.546,3.9,-0.074051,0.006225,135.71502,0,train
normal,482,normal_0014,0,2022-07-12 00:01:43.757,0.0,0.180397,0.244892,-80.388079,0,train
normal,483,normal_0014,1,2022-07-12 00:01:43.857,0.1,0.089083,-0.125009,-159.07003,0,train
normal,484,normal_0014,2,2022-07-12 00:01:43.957,0.2,0.050345,-0.191584,-214.59284,0,train
normal,485,normal_0014,3,2022-07-12 00:01:44.057,0.3,-0.011053,-0.088485,-250.33203,0,train
normal,486,normal_0014,4,2022-07-12 00:01:44.157,0.4,-0.106773,0.051864,-225.12188,0,train
normal,487,normal_0014,5,2022-07-12 00:01:44.257,0.5,-0.013131,0.277204,-178.50532,0,train
normal,488,normal_0014,6,2022-07-12 00:01:44.357,0.6,0.037119,0.13925,-114.7839,0,train
normal,489,normal_0014,7,2022-07-12 00:01:44.457,0.7,0.00139,-0.1814,-36.20017,0,train
normal,490,normal_0014,8,2022-07-12 00:01:44.557,0.8,-0.02059,-0.200871,47.888762,0,train
normal,491,normal_0014,9,2022-07-12 00:01:44.657,0.9,-0.020567,-0.018662,135.0105,0,train
normal,492,normal_0014,10,2022-07-12 00:01:44.757,1.0,0.01406,0.160674,194.07382,0,train
normal,493,normal_0014,11,2022-07-12 00:01:44.857,1.1,-0.003299,0.180462,243.47356,0,train
normal,494,normal_0014,12,2022-07-12 00:01:44.957,1.2,0.029943,0.01668,240.21163,0,train
normal,495,normal_0014,13,2022-07-12 00:01:45.057,1.3,0.002241,-0.180526,195.00699,0,train
normal,496,normal_0014,14,2022-07-12 00:01:45.157,1.4,-0.156716,-0.215801,139.98057,0,train
normal,497,normal_0014,15,2022-07-12 00:01:45.257,1.5,-0.092036,0.059527,62.691458,0,train
normal,498,normal_0014,16,2022-07-12 00:01:45.357,1.6,0.046723,0.271788,-17.533185,0,train
normal,499,normal_0014,17,2022-07-12 00:01:45.457,1.7,-0.009384,0.083278,-108.63913,0,train
normal,500,normal_0014,18,2022-07-12 00:01:45.557,1.8,0.004875,-0.139064,-175.65396,0,train
normal,501,normal_0014,19,2022-07-12 00:01:45.657,1.9,-0.003288,-0.204606,-228.03846,0,train
normal,502,normal_0014,20,2022-07-12 00:01:45.757,2.0,-0.112313,-0.156559,-247.42177,0,train
normal,503,normal_0014,21,2022-07-12 00:01:45.857,2.1,-0.00071,0.133789,-208.37393,0,train
normal,504,normal_0014,22,2022-07-12 00:01:45.957,2.2,0.076742,0.256359,-158.98754,0,train
normal,505,normal_0014,23,2022-07-12 00:01:46.057,2.3,-0.025268,-0.020899,-87.552916,0,train
normal,506,normal_0014,24,2022-07-12 00:01:46.157,2.4,-0.009282,-0.151008,-9.406091,0,train
normal,507,normal_0015,0,2022-07-12 00:01:51.655,0.0,-0.00283,0.044,6.202818,0,train
normal,508,normal_0015,1,2022-07-12 00:01:51.755,0.1,-0.061811,0.040924,55.273301,0,train
normal,509,normal_0015,2,2022-07-12 00:01:51.855,0.2,0.032728,-0.061903,101.25924,0,train
normal,510,normal_0015,3,2022-07-12 00:01:51.955,0.3,0.057342,0.015821,108.51921,0,train
normal,511,normal_0015,4,2022-07-12 00:01:52.055,0.4,-0.030328,0.01757,113.05834,0,train
normal,512,normal_0015,5,2022-07-12 00:01:52.155,0.5,0.006139,-0.001447,102.33713,0,train
normal,513,normal_0015,6,2022-07-12 00:01:52.255,0.6,-0.036061,0.042558,82.594881,0,train
normal,514,normal_0015,7,2022-07-12 00:01:52.355,0.7,-0.066136,-0.043113,51.680094,0,train
normal,515,normal_0015,8,2022-07-12 00:01:52.455,0.8,0.029129,-0.0503,10.096313,0,train
normal,516,normal_0015,9,2022-07-12 00:01:52.555,0.9,0.006491,0.009078,-32.663349,0,train
normal,517,normal_0015,10,2022-07-12 00:01:52.655,1.0,0.029345,-0.059383,-86.687575,0,train
normal,518,normal_0015,11,2022-07-12 00:01:52.755,1.1,0.044694,-0.017455,-105.26062,0,train
normal,519,normal_0015,12,2022-07-12 00:01:52.855,1.2,-0.026933,0.039073,-109.76852,0,train
normal,520,normal_0015,13,2022-07-12 00:01:52.955,1.3,-0.010993,-0.003161,-107.50533,0,train
normal,521,normal_0016,0,2022-07-12 00:02:01.294,0.0,0.043228,-0.244347,196.64957,0,train
normal,522,normal_0016,1,2022-07-12 00:02:01.394,0.1,-0.056658,-0.127942,251.66169,0,train
normal,523,normal_0016,2,2022-07-12 00:02:01.494,0.2,-0.026095,0.103756,258.91474,0,train
normal,524,normal_0016,3,2022-07-12 00:02:01.594,0.3,0.157612,0.314745,227.17729,0,train
normal,525,normal_0016,4,2022-07-12 00:02:01.694,0.4,0.112722,0.104812,167.00472,0,train
normal,526,normal_0016,5,2022-07-12 00:02:01.794,0.5,-0.007351,-0.2583,81.470022,0,train
normal,527,normal_0016,6,2022-07-12 00:02:01.894,0.6,-0.00273,-0.179361,-5.532623,0,train
normal,528,normal_0016,7,2022-07-12 00:02:01.994,0.7,-0.052128,0.005573,-95.385324,0,train
normal,529,normal_0016,8,2022-07-12 00:02:02.094,0.8,-0.039787,0.146751,-172.88782,0,train
normal,530,normal_0016,9,2022-07-12 00:02:02.194,0.9,0.1393,0.282116,-235.38068,0,train
normal,531,normal_0016,10,2022-07-12 00:02:02.294,1.0,0.151936,0.021547,-260.23033,0,train
normal,532,normal_0016,11,2022-07-12 00:02:02.394,1.1,-0.017251,-0.302895,-238.19378,0,train
normal,533,normal_0016,12,2022-07-12 00:02:02.494,1.2,-0.071951,-0.174115,-189.37101,0,train
normal,534,normal_0016,13,2022-07-12 00:02:02.594,1.3,-0.026697,0.107264,-109.98322,0,train
normal,535,normal_0016,14,2022-07-12 00:02:02.694,1.4,0.020238,0.235874,-23.833993,0,train
normal,536,normal_0016,15,2022-07-12 00:02:02.794,1.5,0.014243,0.1204,64.828165,0,train
normal,537,normal_0016,16,2022-07-12 00:02:02.894,1.6,0.050335,-0.147435,147.97761,0,train
normal,538,normal_0016,17,2022-07-12 00:02:02.994,1.7,0.020442,-0.24295,216.4115,0,train
normal,539,normal_0016,18,2022-07-12 00:02:03.094,1.8,-0.084246,-0.079951,258.9958,0,train
normal,540,normal_0016,19,2022-07-12 00:02:03.194,1.9,0.047032,0.189053,250.0464,0,train
normal,541,normal_0016,20,2022-07-12 00:02:03.294,2.0,0.055921,0.27309,210.13346,0,train
normal,542,normal_0016,21,2022-07-12 00:02:03.394,2.1,-0.056249,0.029108,139.98677,0,train
normal,543,normal_0016,22,2022-07-12 00:02:03.494,2.2,-0.02555,-0.212024,53.264624,0,train
normal,544,normal_0016,23,2022-07-12 00:02:03.594,2.3,-0.156612,-0.22743,-33.808474,0,train
normal,545,normal_0016,24,2022-07-12 00:02:03.694,2.4,-0.13495,-0.003964,-121.87435,0,train
normal,546,normal_0016,25,2022-07-12 00:02:03.794,2.5,0.126164,0.283864,-193.76709,0,train
normal,547,normal_0016,26,2022-07-12 00:02:03.894,2.6,0.106091,0.158456,-249.1962,0,train
normal,548,normal_0016,27,2022-07-12 00:02:03.994,2.7,-0.00265,-0.146799,-256.47798,0,train
normal,549,normal_0016,28,2022-07-12 00:02:04.094,2.8,-0.021542,-0.171129,-222.80767,0,train
normal,550,normal_0016,29,2022-07-12 00:02:04.194,2.9,-0.155181,-0.119302,-165.15925,0,train
normal,551,normal_0016,30,2022-07-12 00:02:04.294,3.0,-0.170747,0.066313,-81.010828,0,train
normal,552,normal_0016,31,2022-07-12 00:02:04.394,3.1,0.034282,0.29549,3.518105,0,train
normal,553,normal_0016,32,2022-07-12 00:02:04.494,3.2,0.09987,0.067846,95.242392,0,train
normal,554,normal_0016,33,2022-07-12 00:02:04.594,3.3,0.012938,-0.266917,168.13948,0,train
normal,555,normal_0016,34,2022-07-12 00:02:04.694,3.4,-0.006124,-0.205973,227.44229,0,train
normal,556,normal_0016,35,2022-07-12 00:02:04.794,3.5,-0.03134,-0.028067,261.61984,0,train
normal,557,normal_0016,36,2022-07-12 00:02:04.894,3.6,-0.043045,0.170604,236.23982,0,train
normal,558,normal_0016,37,2022-07-12 00:02:04.994,3.7,0.036757,0.249032,188.26952,0,train
normal,559,normal_0016,38,2022-07-12 00:02:05.094,3.8,0.03192,-0.079679,111.44675,0,train
normal,560,normal_0016,39,2022-07-12 00:02:05.194,3.9,-0.064787,-0.285377,25.10238,0,train
normal,561,normal_0016,40,2022-07-12 00:02:05.294,4.0,-0.075516,-0.11501,-64.750798,0,train
normal,562,normal_0016,41,2022-07-12 00:02:05.394,4.1,0.010712,0.090734,-148.50237,0,train
normal,563,normal_0016,42,2022-07-12 00:02:05.494,4.2,0.034634,0.240313,-209.44491,0,train
normal,564,normal_0016,43,2022-07-12 00:02:05.594,4.3,0.037756,0.126894,-257.62358,0,train
normal,565,normal_0016,44,2022-07-12 00:02:05.694,4.4,0.047963,-0.160684,-248.49072,0,train
normal,566,normal_0016,45,2022-07-12 00:02:05.794,4.5,-0.090945,-0.24756,-205.98855,0,train
normal,567,normal_0016,46,2022-07-12 00:02:05.894,4.6,-0.141909,-0.100228,-139.8014,0,train
normal,568,normal_0016,47,2022-07-12 00:02:05.994,4.7,0.01732,0.17636,-52.169329,0,train
normal,569,normal_0016,48,2022-07-12 00:02:06.094,4.8,0.093694,0.273782,34.942631,0,train
normal,570,normal_0016,49,2022-07-12 00:02:06.194,4.9,0.05893,-0.006337,124.81429,0,train
normal,571,normal_0017,0,2022-07-12 00:02:07.924,0.0,0.039188,-0.108428,-158.65972,0,train
normal,572,normal_0017,1,2022-07-12 00:02:08.024,0.1,-0.007735,-0.075174,-136.98603,0,train
normal,573,normal_0017,2,2022-07-12 00:02:08.124,0.2,-0.127512,0.009158,-100.15703,0,train
normal,574,normal_0017,3,2022-07-12 00:02:08.224,0.3,0.05825,0.21505,-54.522998,0,train
normal,575,normal_0017,4,2022-07-12 00:02:08.324,0.4,0.038439,0.073316,1.331687,0,train
normal,576,normal_0017,5,2022-07-12 00:02:08.424,0.5,0.002426,-0.139365,62.673576,0,train
normal,577,normal_0017,6,2022-07-12 00:02:08.524,0.6,0.087042,-0.091557,105.07442,0,train
normal,578,normal_0017,7,2022-07-12 00:02:08.624,0.7,-0.117896,-0.092862,159.10675,0,train
normal,579,normal_0017,8,2022-07-12 00:02:08.724,0.8,-0.03865,0.100268,166.85524,0,train
normal,580,normal_0017,9,2022-07-12 00:02:08.824,0.9,0.049894,0.194898,144.89724,0,train
normal,581,normal_0017,10,2022-07-12 00:02:08.924,1.0,-0.088411,-0.062719,116.72892,0,train
normal,582,normal_0017,11,2022-07-12 00:02:09.024,1.1,0.130548,-0.105725,70.434698,0,train
normal,583,normal_0017,12,2022-07-12 00:02:09.124,1.2,-0.016,-0.096881,21.121981,0,train
normal,584,normal_0017,13,2022-07-12 00:02:09.224,1.3,-0.159153,-0.022245,-43.838745,0,train
normal,585,normal_0017,14,2022-07-12 00:02:09.324,1.4,0.114858,0.248462,-89.101802,0,train
normal,586,normal_0017,15,2022-07-12 00:02:09.424,1.5,-0.097891,0.059499,-141.10388,0,train
normal,587,normal_0017,16,2022-07-12 00:02:09.524,1.6,-0.015591,-0.169849,-168.70799,0,train
normal,588,normal_0017,17,2022-07-12 00:02:09.624,1.7,0.195443,-0.078058,-149.26245,0,train
normal,589,normal_0017,18,2022-07-12 00:02:09.724,1.8,-0.145802,-0.114388,-126.70709,0,train
normal,590,normal_0017,19,2022-07-12 00:02:09.824,1.9,0.011713,0.101835,-84.263335,0,train
normal,591,normal_0017,20,2022-07-12 00:02:09.924,2.0,0.065426,0.231909,-39.366965,0,train
normal,592,normal_0017,21,2022-07-12 00:02:10.024,2.1,-0.158495,-0.068952,21.257045,0,train
normal,593,normal_0017,22,2022-07-12 00:02:10.124,2.2,0.088121,-0.096586,73.851117,0,train
normal,594,normal_0017,23,2022-07-12 00:02:10.224,2.3,0.005151,-0.081634,121.68635,0,train
normal,595,normal_0017,24,2022-07-12 00:02:10.324,2.4,-0.085766,-0.067351,166.37423,0,train
normal,596,normal_0017,25,2022-07-12 00:02:10.424,2.5,0.100235,0.197009,158.04245,0,train
normal,597,normal_0017,26,2022-07-12 00:02:10.524,2.6,-0.000264,0.095386,137.60509,0,train
normal,598,normal_0017,27,2022-07-12 00:02:10.624,2.7,0.019672,-0.125855,101.68625,0,train
normal,599,normal_0017,28,2022-07-12 00:02:10.724,2.8,0.072487,-0.08336,56.3016,0,train
normal,600,normal_0017,29,2022-07-12 00:02:10.824,2.9,-0.073799,-0.069384,2.0715,0,train
normal,601,normal_0017,30,2022-07-12 00:02:10.924,3.0,-0.045609,0.059805,-57.175405,0,train
normal,602,normal_0017,31,2022-07-12 00:02:11.024,3.1,0.015074,0.161394,-103.32526,0,train
normal,603,normal_0017,32,2022-07-12 00:02:11.124,3.2,-0.030714,0.001324,-154.77397,0,train
normal,604,normal_0017,33,2022-07-12 00:02:11.224,3.3,0.093548,-0.077002,-161.76464,0,train
normal,605,normal_0017,34,2022-07-12 00:02:11.324,3.4,0.063814,-0.078886,-142.97547,0,train
normal,606,normal_0017,35,2022-07-12 00:02:11.424,3.5,-0.146404,-0.085028,-115.12579,0,train
normal,607,normal_0017,36,2022-07-12 00:02:11.524,3.6,0.036918,0.129469,-70.566663,0,train
normal,608,normal_0017,37,2022-07-12 00:02:11.624,3.7,0.049463,0.158408,-22.501471,0,train
normal,609,normal_0017,38,2022-07-12 00:02:11.724,3.8,-0.033756,-0.053648,38.611893,0,train
normal,610,normal_0017,39,2022-07-12 00:02:11.824,3.9,0.1809,-0.052774,87.096582,0,train
normal,611,normal_0017,40,2022-07-12 00:02:11.924,4.0,-0.075888,-0.126105,140.24843,0,train
normal,612,normal_0017,41,2022-07-12 00:02:12.024,4.1,-0.136095,-0.033008,165.50436,0,train
normal,613,normal_0017,42,2022-07-12 00:02:12.124,4.2,0.133602,0.247089,150.59676,0,train
normal,614,normal_0017,43,2022-07-12 00:02:12.224,4.3,-0.068021,0.044751,128.50739,0,train
normal,615,normal_0017,44,2022-07-12 00:02:12.324,4.4,0.026416,-0.129817,86.720477,0,train
normal,616,normal_0017,45,2022-07-12 00:02:12.424,4.5,0.138166,-0.074833,42.247777,0,train
normal,617,normal_0017,46,2022-07-12 00:02:12.524,4.6,-0.139433,-0.108382,-16.480448,0,train
normal,618,normal_0017,47,2022-07-12 00:02:12.624,4.7,0.012894,0.098894,-69.056042,0,train
normal,619,normal_0017,48,2022-07-12 00:02:12.724,4.8,0.065074,0.195988,-118.97375,0,train
normal,620,normal_0017,49,2022-07-12 00:02:12.824,4.9,-0.085879,-0.054057,-160.10811,0,train
normal,621,normal_0018,0,2022-07-12 00:02:15.921,0.0,-0.015814,0.060282,107.49937,0,train
normal,622,normal_0018,1,2022-07-12 00:02:16.021,0.1,-0.051078,0.05683,111.74239,0,train
normal,623,normal_0018,2,2022-07-12 00:02:16.121,0.2,-0.090303,-0.033246,99.354517,0,train
normal,624,normal_0018,3,2022-07-12 00:02:16.221,0.3,-0.057924,0.031513,79.63098,0,train
normal,625,normal_0018,4,2022-07-12 00:02:16.321,0.4,-0.038703,0.011815,45.654541,0,train
normal,626,normal_0018,5,2022-07-12 00:02:16.421,0.5,0.012103,-0.111436,5.530596,0,train
normal,627,normal_0018,6,2022-07-12 00:02:16.521,0.6,0.055916,-0.028728,-40.226345,0,train
normal,628,normal_0018,7,2022-07-12 00:02:16.621,0.7,0.032357,-0.06658,-91.031324,0,train
normal,629,normal_0018,8,2022-07-12 00:02:16.721,0.8,0.011399,-0.104375,-104.75887,0,train
normal,630,normal_0018,9,2022-07-12 00:02:16.821,0.9,-0.023069,0.039074,-109.94698,0,train
normal,631,normal_0018,10,2022-07-12 00:02:16.921,1.0,-0.053292,-0.013628,-104.4047,0,train
normal,632,normal_0018,11,2022-07-12 00:02:17.021,1.1,-0.030608,-0.040161,-85.991512,0,train
normal,633,normal_0018,12,2022-07-12 00:02:17.121,1.2,-0.053746,0.031603,-58.601148,0,train
normal,634,normal_0018,13,2022-07-12 00:02:17.221,1.3,-0.083764,-0.070724,-17.362597,0,train
normal,635,normal_0018,14,2022-07-12 00:02:17.321,1.4,-0.031652,-0.075855,23.230555,0,train
normal,636,normal_0018,15,2022-07-12 00:02:17.421,1.5,-0.023001,0.032023,78.032741,0,train
normal,637,normal_0018,16,2022-07-12 00:02:17.521,1.6,0.051147,0.022691,104.62774,0,train
normal,638,normal_0018,17,2022-07-12 00:02:17.621,1.7,0.058981,0.009487,108.81115,0,train
normal,639,normal_0018,18,2022-07-12 00:02:17.721,1.8,-0.068142,-0.063912,109.74504,0,train
normal,640,normal_0018,19,2022-07-12 00:02:17.821,1.9,-0.060671,-0.056362,92.885625,0,train
normal,641,normal_0018,20,2022-07-12 00:02:17.921,2.0,-0.064951,0.097339,70.740708,0,train
normal,642,normal_0018,21,2022-07-12 00:02:18.021,2.1,-0.050283,0.016424,31.138066,0,train
normal,643,normal_0018,22,2022-07-12 00:02:18.121,2.2,0.022253,-0.084257,-7.99203,0,train
normal,644,normal_0018,23,2022-07-12 00:02:18.221,2.3,-0.04707,0.0101,-59.295781,0,train
normal,645,normal_0018,24,2022-07-12 00:02:18.321,2.4,-0.041461,-0.007724,-99.960577,0,train
normal,646,normal_0018,25,2022-07-12 00:02:18.421,2.5,0.030007,-0.061925,-105.74294,0,train
normal,647,normal_0018,26,2022-07-12 00:02:18.521,2.6,-0.050941,-0.018464,-110.52741,0,train
normal,648,normal_0018,27,2022-07-12 00:02:18.621,2.7,0.022764,0.027721,-98.385107,0,train
normal,649,normal_0018,28,2022-07-12 00:02:18.721,2.8,0.124012,0.049099,-78.991303,0,train
normal,650,normal_0018,29,2022-07-12 00:02:18.821,2.9,0.040214,-0.046201,-45.008784,0,train
normal,651,normal_0018,30,2022-07-12 00:02:18.921,3.0,0.041894,-0.050606,-4.441023,0,train
normal,652,normal_0018,31,2022-07-12 00:02:19.021,3.1,0.011161,0.101415,40.711646,0,train
normal,653,normal_0018,32,2022-07-12 00:02:19.121,3.2,-0.047717,0.036406,92.656981,0,train
normal,654,normal_0018,33,2022-07-12 00:02:19.221,3.3,-0.003962,-0.037073,106.56537,0,train
normal,655,normal_0018,34,2022-07-12 00:02:19.321,3.4,-0.013135,0.057137,110.87014,0,train
normal,656,normal_0018,35,2022-07-12 00:02:19.421,3.5,0.002078,-0.035597,105.1649,0,train
normal,657,normal_0019,0,2022-07-12 00:02:23.876,0.0,-0.069756,0.045726,116.5718,0,train
normal,658,normal_0019,1,2022-07-12 00:02:23.976,0.1,0.063566,0.172077,76.538214,0,train
normal,659,normal_0019,2,2022-07-12 00:02:24.076,0.2,-0.073082,0.007182,33.538584,0,train
normal,660,normal_0019,3,2022-07-12 00:02:24.176,0.3,0.053995,-0.075969,-25.132421,0,train
normal,661,normal_0019,4,2022-07-12 00:02:24.276,0.4,0.076156,-0.094282,-70.560941,0,train
normal,662,normal_0019,5,2022-07-12 00:02:24.376,0.5,-0.178554,-0.101185,-119.46334,0,train
normal,663,normal_0019,6,2022-07-12 00:02:24.476,0.6,-0.002579,0.1065,-150.6324,0,train
normal,664,normal_0019,7,2022-07-12 00:02:24.576,0.7,0.03533,0.14601,-139.10212,0,train
normal,665,normal_0019,8,2022-07-12 00:02:24.676,0.8,-0.061854,-0.035734,-123.86157,0,train
normal,666,normal_0019,9,2022-07-12 00:02:24.776,0.9,0.145332,-0.056238,-88.360439,0,train
normal,667,normal_0019,10,2022-07-12 00:02:24.876,1.0,-0.01459,-0.083077,-47.75334,0,train
normal,668,normal_0019,11,2022-07-12 00:02:24.976,1.1,-0.138886,-0.024516,6.031752,0,train
normal,669,normal_0019,12,2022-07-12 00:02:25.076,1.2,0.038305,0.154933,57.197578,0,train
normal,670,normal_0019,13,2022-07-12 00:02:25.176,1.3,-0.05016,0.044966,102.07189,0,train
normal,671,normal_0019,14,2022-07-12 00:02:25.276,1.4,0.037703,-0.109598,146.90985,0,train
normal,672,normal_0019,15,2022-07-12 00:02:25.376,1.5,0.148057,-0.084405,145.28694,0,train
normal,673,normal_0019,16,2022-07-12 00:02:25.476,1.6,-0.06484,-0.035518,131.60445,0,train
normal,674,normal_0019,17,2022-07-12 00:02:25.576,1.7,-0.02801,0.102436,103.94479,0,train
normal,675,normal_0019,18,2022-07-12 00:02:25.676,1.8,-0.034356,0.126493,63.487418,0,train
normal,676,normal_0019,19,2022-07-12 00:02:25.776,1.9,-0.119233,-0.025516,15.77151,0,train
normal,677,normal_0019,20,2022-07-12 00:02:25.876,2.0,0.111987,-0.072098,-40.712957,0,train
normal,678,normal_0019,21,2022-07-12 00:02:25.976,2.1,0.054494,-0.101003,-83.248983,0,train
normal,679,normal_0019,22,2022-07-12 00:02:26.076,2.2,-0.042258,-0.035597,-133.21687,0,train
normal,680,normal_0019,23,2022-07-12 00:02:26.176,2.3,0.12082,0.144284,-146.63388,0,train
normal,681,normal_0019,24,2022-07-12 00:02:26.276,2.4,-0.053487,0.071646,-133.25943,0,train
normal,682,normal_0019,25,2022-07-12 00:02:26.376,2.5,-0.059572,-0.048983,-114.29418,0,train
normal,683,normal_0019,26,2022-07-12 00:02:26.476,2.6,0.107764,-0.041773,-75.591454,0,train
normal,684,normal_0019,27,2022-07-12 00:02:26.576,2.7,-0.114828,-0.068181,-33.825998,0,train
normal,685,normal_0019,28,2022-07-12 00:02:26.676,2.8,-0.039181,0.059997,23.183706,0,train
normal,686,normal_0019,29,2022-07-12 00:02:26.776,2.9,0.097694,0.129093,67.998537,0,train
normal,687,normal_0019,30,2022-07-12 00:02:26.876,3.0,-0.075887,-0.054898,117.24831,0,train
normal,688,normal_0019,31,2022-07-12 00:02:26.976,3.1,0.123159,-0.088912,149.11248,0,train
normal,689,normal_0019,32,2022-07-12 00:02:27.076,3.2,0.109024,-0.05483,138.68822,0,train
normal,690,normal_0019,33,2022-07-12 00:02:27.176,3.3,-0.147753,-0.049641,124.68792,0,train
normal,691,normal_0019,34,2022-07-12 00:02:27.276,3.4,0.014554,0.130058,90.803634,0,train
normal,692,normal_0019,35,2022-07-12 00:02:27.376,3.5,-0.03447,0.127935,51.775223,0,train
normal,693,normal_0020,0,2022-07-12 00:02:31.936,0.0,0.014694,0.033407,19.282701,0,train
normal,694,normal_0020,1,2022-07-12 00:02:32.036,0.1,0.072368,-0.040582,-21.3784,0,train
normal,695,normal_0020,2,2022-07-12 00:02:32.136,0.2,-0.123555,-0.093897,-70.007213,0,train
normal,696,normal_0020,3,2022-07-12 00:02:32.236,0.3,-0.012406,0.006579,-108.78481,0,train
normal,697,normal_0020,4,2022-07-12 00:02:32.336,0.4,0.085039,0.058407,-109.62154,0,train
normal,698,normal_0020,5,2022-07-12 00:02:32.436,0.5,-0.075224,-0.043103,-110.03651,0,train
normal,699,normal_0020,6,2022-07-12 00:02:32.536,0.6,0.079907,-0.019477,-94.730746,0,train
normal,700,normal_0020,7,2022-07-12 00:02:32.636,0.7,0.091397,0.054195,-72.536,0,train
normal,701,normal_0020,8,2022-07-12 00:02:32.736,0.8,0.012253,0.025709,-35.240654,0,train
normal,702,normal_0020,9,2022-07-12 00:02:32.836,0.9,0.130009,0.000108,8.630754,0,train
normal,703,normal_0020,10,2022-07-12 00:02:32.936,1.0,-0.051087,-0.025925,52.055723,0,train
normal,704,normal_0020,11,2022-07-12 00:02:33.036,1.1,-0.064643,-0.007238,102.44192,0,train
normal,705,normal_0020,12,2022-07-12 00:02:33.136,1.2,0.119916,0.011155,112.58317,0,train
normal,706,normal_0020,13,2022-07-12 00:02:33.236,1.3,0.003272,-0.004172,111.86577,0,train
normal,707,normal_0020,14,2022-07-12 00:02:33.336,1.4,0.073492,0.019942,102.99267,0,train
normal,708,normal_0020,15,2022-07-12 00:02:33.436,1.5,0.111639,0.007431,80.467949,0,train
normal,709,normal_0020,16,2022-07-12 00:02:33.536,1.6,-0.111271,0.030955,50.120717,0,train
normal,710,normal_0020,17,2022-07-12 00:02:33.636,1.7,-0.000463,0.048813,4.177929,0,train
normal,711,normal_0020,18,2022-07-12 00:02:33.736,1.8,0.017146,-0.003559,-35.688047,0,train
normal,712,normal_0020,19,2022-07-12 00:02:33.836,1.9,-0.031412,0.052242,-87.432037,0,train
normal,713,normal_0020,20,2022-07-12 00:02:33.936,2.0,0.214148,0.062188,-111.32099,0,train
normal,714,normal_0020,21,2022-07-12 00:02:34.036,2.1,0.084312,-0.034996,-109.66386,0,train
normal,715,normal_0020,22,2022-07-12 00:02:34.136,2.2,-0.01537,0.050743,-107.51296,0,train
normal,716,normal_0021,0,2022-07-12 00:02:40.000,0.0,0.080069,-0.028072,110.72363,0,train
normal,717,normal_0021,1,2022-07-12 00:02:40.100,0.1,0.09073,-0.028697,91.155063,0,train
normal,718,normal_0021,2,2022-07-12 00:02:40.200,0.2,-0.072576,-0.028651,67.786702,0,train
normal,719,normal_0021,3,2022-07-12 00:02:40.300,0.3,0.020237,0.007009,27.672413,0,train
normal,720,normal_0021,4,2022-07-12 00:02:40.400,0.4,0.013425,0.009802,-11.629344,0,train
normal,721,normal_0021,5,2022-07-12 00:02:40.500,0.5,-0.038345,-0.077311,-59.574611,0,train
normal,722,normal_0021,6,2022-07-12 00:02:40.600,0.6,0.101322,0.029546,-104.43069,0,train
normal,723,normal_0021,7,2022-07-12 00:02:40.700,0.7,0.028196,0.084302,-111.17233,0,train
normal,724,normal_0021,8,2022-07-12 00:02:40.800,0.8,-0.121667,-0.092116,-112.9203,0,train
normal,725,normal_0021,9,2022-07-12 00:02:40.900,0.9,-0.04577,0.031317,-98.212611,0,train
normal,726,normal_0021,10,2022-07-12 00:02:41.000,1.0,-0.052639,0.140751,-75.678,0,train
normal,727,normal_0021,11,2022-07-12 00:02:41.100,1.1,0.001368,-0.064357,-41.268115,0,train
normal,728,normal_0021,12,2022-07-12 00:02:41.200,1.2,0.125539,-0.056671,0.839949,0,train
normal,729,normal_0021,13,2022-07-12 00:02:41.300,1.3,-0.012857,-0.002017,42.223459,0,train
normal,730,normal_0021,14,2022-07-12 00:02:41.400,1.4,0.013471,0.002797,95.047366,0,train
normal,731,normal_0021,15,2022-07-12 00:02:41.500,1.5,0.090049,0.014514,111.98868,0,train
normal,732,normal_0021,16,2022-07-12 00:02:41.600,1.6,-0.103354,-0.118183,113.4056,0,train
normal,733,normal_0021,17,2022-07-12 00:02:41.700,1.7,-0.026152,0.04401,106.23385,0,train
normal,734,normal_0021,18,2022-07-12 00:02:41.800,1.8,0.051255,0.12078,84.608088,0,train
normal,735,normal_0021,19,2022-07-12 00:02:41.900,1.9,-0.11322,-0.13972,57.723767,0,train
normal,736,normal_0021,20,2022-07-12 00:02:42.000,2.0,0.008248,0.028467,15.231015,0,train
normal,737,normal_0021,21,2022-07-12 00:02:42.100,2.1,0.011109,0.135313,-22.721651,0,train
normal,738,normal_0022,0,2022-07-12 00:02:47.868,0.0,0.10472,0.06894,19.778612,0,train
normal,739,normal_0022,1,2022-07-12 00:02:47.968,0.1,0.169138,0.105759,66.611417,0,train
normal,740,normal_0022,2,2022-07-12 00:02:48.068,0.2,-0.039353,-0.035079,112.59462,0,train
normal,741,normal_0022,3,2022-07-12 00:02:48.168,0.3,0.042595,-0.061078,144.61138,0,train
normal,742,normal_0022,4,2022-07-12 00:02:48.268,0.4,0.023919,0.012253,135.51451,0,train
normal,743,normal_0022,5,2022-07-12 00:02:48.368,0.5,-0.1249,0.056985,119.54166,0,train
normal,744,normal_0022,6,2022-07-12 00:02:48.468,0.6,0.0715,0.16668,86.449157,0,train
normal,745,normal_0022,7,2022-07-12 00:02:48.568,0.7,0.026757,0.095427,48.329001,0,train
normal,746,normal_0022,8,2022-07-12 00:02:48.668,0.8,-0.030827,-0.083273,-1.624704,0,train
normal,747,normal_0022,9,2022-07-12 00:02:48.768,0.9,0.129754,-0.081922,-54.295189,0,train
normal,748,normal_0022,10,2022-07-12 00:02:48.868,1.0,-0.062241,-0.057683,-97.72278,0,train
normal,749,normal_0023,0,2022-07-12 00:02:57.334,0.0,-0.106826,-0.079793,101.54022,0,train
normal,750,normal_0023,1,2022-07-12 00:02:57.434,0.1,0.084204,0.125099,63.285001,0,train
normal,751,normal_0023,2,2022-07-12 00:02:57.534,0.2,-0.016045,0.108978,14.84728,0,train
normal,752,normal_0023,3,2022-07-12 00:02:57.634,0.3,-0.079816,-0.060913,-39.740567,0,train
normal,753,normal_0023,4,2022-07-12 00:02:57.734,0.4,0.153516,-0.025332,-84.003339,0,train
normal,754,normal_0023,5,2022-07-12 00:02:57.834,0.5,-0.038854,-0.082711,-136.75334,0,train
normal,755,normal_0023,6,2022-07-12 00:02:57.934,0.6,-0.044587,-0.010856,-146.45948,0,train
normal,756,normal_0023,7,2022-07-12 00:02:58.034,0.7,0.088916,0.148396,-133.41512,0,train
normal,757,normal_0023,8,2022-07-12 00:02:58.134,0.8,-0.117657,-0.015772,-112.33462,0,train
normal,758,normal_0023,9,2022-07-12 00:02:58.234,0.9,0.035317,-0.051047,-75.331935,0,train
normal,759,normal_0023,10,2022-07-12 00:02:58.334,1.0,0.134806,0.004686,-34.712438,0,train
normal,760,normal_0023,11,2022-07-12 00:02:58.434,1.1,-0.082768,-0.090761,21.703484,0,train
normal,761,normal_0023,12,2022-07-12 00:02:58.534,1.2,0.0199,0.076269,65.582045,0,train
normal,762,normal_0023,13,2022-07-12 00:02:58.634,1.3,0.017708,0.130288,119.32029,0,train
normal,763,normal_0023,14,2022-07-12 00:02:58.734,1.4,-0.084675,-0.073129,148.45874,0,train
normal,764,normal_0023,15,2022-07-12 00:02:58.834,1.5,0.091584,-0.041919,137.56515,0,train
normal,765,normal_0023,16,2022-07-12 00:02:58.934,1.6,0.027835,-0.061787,123.45506,0,train
normal,766,normal_0023,17,2022-07-12 00:02:59.034,1.7,-0.077239,-0.039898,89.791666,0,train
normal,767,normal_0023,18,2022-07-12 00:02:59.134,1.8,0.057524,0.168196,52.884704,0,train
normal,768,normal_0023,19,2022-07-12 00:02:59.234,1.9,-0.05753,0.049271,-0.380158,0,train
normal,769,normal_0023,20,2022-07-12 00:02:59.334,2.0,-0.064274,-0.067044,-48.618918,0,train
normal,770,normal_0023,21,2022-07-12 00:02:59.434,2.1,0.096318,-0.022141,-97.625267,0,train
normal,771,normal_0023,22,2022-07-12 00:02:59.534,2.2,-0.030146,-0.08841,-142.24495,0,train
normal,772,normal_0023,23,2022-07-12 00:02:59.634,2.3,0.033796,0.065256,-138.86167,0,train
normal,773,normal_0023,24,2022-07-12 00:02:59.734,2.4,0.071636,0.114143,-127.60986,0,train
normal,774,normal_0023,25,2022-07-12 00:02:59.834,2.5,-0.120234,-0.083494,-100.89041,0,train
normal,775,normal_0023,26,2022-07-12 00:02:59.934,2.6,0.033126,-0.016817,-65.584548,0,train
normal,776,normal_0023,27,2022-07-12 00:03:00.034,2.7,0.009534,-0.019178,-20.186903,0,train
normal,777,normal_0023,28,2022-07-12 00:03:00.134,2.8,-0.14596,-0.056871,32.013778,0,train
normal,778,normal_0023,29,2022-07-12 00:03:00.234,2.9,0.050656,0.132274,76.723227,0,train
normal,779,normal_0023,30,2022-07-12 00:03:00.334,3.0,-0.038002,0.032456,130.77761,0,train
normal,780,normal_0023,31,2022-07-12 00:03:00.434,3.1,-0.030645,-0.09294,142.87903,0,train
normal,781,normal_0023,32,2022-07-12 00:03:00.534,3.2,0.179299,-0.002353,132.54143,0,train
normal,782,normal_0023,33,2022-07-12 00:03:00.634,3.3,-0.070949,-0.082121,113.63985,0,train
normal,783,normal_0023,34,2022-07-12 00:03:00.734,3.4,-0.065488,0.004993,79.01145,0,train
normal,784,normal_0023,35,2022-07-12 00:03:00.834,3.5,0.034488,0.13643,40.526872,0,train
normal,785,normal_0023,36,2022-07-12 00:03:00.934,3.6,-0.148072,-0.029612,-13.147952,0,train
normal,786,normal_0023,37,2022-07-12 00:03:01.034,3.7,0.047465,-0.044087,-57.194001,0,train
normal,787,normal_0023,38,2022-07-12 00:03:01.134,3.8,0.089211,-0.022459,-111.33469,0,train
normal,788,normal_0023,39,2022-07-12 00:03:01.234,3.9,-0.071789,-0.061458,-140.41819,0,train
normal,789,normal_0023,40,2022-07-12 00:03:01.334,4.0,0.078709,0.087304,-132.55419,0,train
normal,790,normal_0023,41,2022-07-12 00:03:01.434,4.1,-0.020075,0.05279,-121.06146,0,train
normal,791,normal_0023,42,2022-07-12 00:03:01.534,4.2,-0.096437,-0.068667,-89.707266,0,train
normal,792,normal_0023,43,2022-07-12 00:03:01.634,4.3,0.094718,-0.006133,-55.415875,0,train
normal,793,normal_0023,44,2022-07-12 00:03:01.734,4.4,-0.037741,-0.060618,-5.533815,0,train
normal,794,normal_0023,45,2022-07-12 00:03:01.834,4.5,-0.043701,-0.018315,41.215067,0,train
normal,795,normal_0023,46,2022-07-12 00:03:01.934,4.6,0.098407,0.125928,91.073047,0,train
normal,796,normal_0023,47,2022-07-12 00:03:02.034,4.7,-0.046858,-0.018622,136.43147,0,train
normal,797,normal_0023,48,2022-07-12 00:03:02.134,4.8,0.035272,-0.063603,135.68129,0,train
normal,798,normal_0023,49,2022-07-12 00:03:02.234,4.9,0.07242,-0.003897,126.84371,0,train
normal,799,normal_0024,0,2022-07-12 00:03:04.000,0.0,0.045305,0.058254,111.32015,0,train
normal,800,normal_0024,1,2022-07-12 00:03:04.100,0.1,-0.044216,0.001238,103.13369,0,train
normal,801,normal_0024,2,2022-07-12 00:03:04.200,0.2,0.061506,-0.000533,83.446513,0,train
normal,802,normal_0024,3,2022-07-12 00:03:04.300,0.3,0.055965,-0.022184,52.986867,0,train
normal,803,normal_0024,4,2022-07-12 00:03:04.400,0.4,-0.033385,-0.055869,11.034609,0,train
normal,804,normal_0024,5,2022-07-12 00:03:04.500,0.5,0.060813,-0.011977,-31.274442,0,train
normal,805,normal_0024,6,2022-07-12 00:03:04.600,0.6,-0.003878,-0.026679,-84.691773,0,train
normal,806,normal_0024,7,2022-07-12 00:03:04.700,0.7,-0.005081,-0.067438,-105.16442,0,train
normal,807,normal_0024,8,2022-07-12 00:03:04.800,0.8,0.084485,-0.008321,-108.90247,0,train
normal,808,normal_0024,9,2022-07-12 00:03:04.900,0.9,-0.055819,0.035241,-107.24152,0,train
normal,809,normal_0024,10,2022-07-12 00:03:05.000,1.0,-0.042751,0.025409,-88.374029,0,train
normal,810,normal_0024,11,2022-07-12 00:03:05.100,1.1,0.047938,0.029542,-63.261874,0,train
normal,811,normal_0024,12,2022-07-12 00:03:05.200,1.2,-0.069454,0.008289,-21.516206,0,train
normal,812,normal_0024,13,2022-07-12 00:03:05.300,1.3,0.03931,-0.006834,18.379571,0,train
normal,813,normal_0024,14,2022-07-12 00:03:05.400,1.4,0.077832,0.006529,70.91225,0,train
normal,814,normal_0024,15,2022-07-12 00:03:05.500,1.5,-0.071101,-0.006675,104.90133,0,train
normal,815,normal_0024,16,2022-07-12 00:03:05.600,1.6,0.043102,-0.010637,108.32824,0,train
normal,816,normal_0024,17,2022-07-12 00:03:05.700,1.7,0.012074,-0.002043,111.15123,0,train
normal,817,normal_0024,18,2022-07-12 00:03:05.800,1.8,-0.035485,0.020153,95.434796,0,train
normal,818,normal_0024,19,2022-07-12 00:03:05.900,1.9,0.128899,0.046231,73.835024,0,train
normal,819,normal_0024,20,2022-07-12 00:03:06.000,2.0,0.001901,0.016531,36.145215,0,train
normal,820,normal_0024,21,2022-07-12 00:03:06.100,2.1,-0.091832,0.000387,-4.641653,0,train
normal,821,normal_0024,22,2022-07-12 00:03:06.200,2.2,0.03713,-0.012636,-52.043087,0,train
normal,822,normal_0024,23,2022-07-12 00:03:06.300,2.3,-0.041412,-0.041223,-98.564994,0,train
normal,823,normal_0024,24,2022-07-12 00:03:06.400,2.4,0.050027,0.015623,-106.8839,0,train
normal,824,normal_0024,25,2022-07-12 00:03:06.500,2.5,0.161971,0.057766,-110.90626,0,train
normal,825,normal_0024,26,2022-07-12 00:03:06.600,2.6,-0.020908,0.001306,-101.10391,0,train
normal,826,normal_0024,27,2022-07-12 00:03:06.700,2.7,0.024165,0.036592,-80.387721,0,train
normal,827,normal_0024,28,2022-07-12 00:03:06.800,2.8,0.014231,0.096299,-48.560625,0,train
normal,828,normal_0024,29,2022-07-12 00:03:06.900,2.9,-0.097713,0.019142,-5.508424,0,train
normal,829,normal_0024,30,2022-07-12 00:03:07.000,3.0,0.035336,-0.042551,36.060814,0,train
normal,830,normal_0024,31,2022-07-12 00:03:07.100,3.1,0.039821,-0.010002,89.036595,0,train
normal,831,normal_0024,32,2022-07-12 00:03:07.200,3.2,0.017682,0.043279,108.20795,0,train
normal,832,normal_0024,33,2022-07-12 00:03:07.300,3.3,0.107237,-0.032481,110.55387,0,train
normal,833,normal_0024,34,2022-07-12 00:03:07.400,3.4,-0.030785,-0.110455,107.62335,0,train
normal,834,normal_0024,35,2022-07-12 00:03:07.500,3.5,-0.072372,0.026942,88.019501,0,train
normal,835,normal_0024,36,2022-07-12 00:03:07.600,3.6,0.031215,0.0828,62.658079,0,train
normal,836,normal_0024,37,2022-07-12 00:03:07.700,3.7,-0.086961,-0.016496,19.783499,0,train
normal,837,normal_0024,38,2022-07-12 00:03:07.800,3.8,-0.024961,0.002033,-19.453766,0,train
normal,838,normal_0024,39,2022-07-12 00:03:07.900,3.9,0.052253,0.028043,-71.767577,0,train
normal,839,normal_0024,40,2022-07-12 00:03:08.000,4.0,-0.034021,-0.023046,-105.86907,0,train
normal,840,normal_0024,41,2022-07-12 00:03:08.100,4.1,0.07253,-0.020651,-108.11282,0,train
normal,841,normal_0024,42,2022-07-12 00:03:08.200,4.2,-0.007,-0.017211,-110.43443,0,train
normal,842,normal_0024,43,2022-07-12 00:03:08.300,4.3,-0.118194,-0.03239,-93.907606,0,train
normal,843,normal_0024,44,2022-07-12 00:03:08.400,4.4,0.006147,-0.019913,-71.419963,0,train
normal,844,normal_0024,45,2022-07-12 00:03:08.500,4.5,-0.047088,-0.021434,-32.009367,0,train
normal,845,normal_0024,46,2022-07-12 00:03:08.600,4.6,-0.056057,-0.009979,9.279133,0,train
normal,846,normal_0024,47,2022-07-12 00:03:08.700,4.7,0.02387,-0.015462,55.971152,0,train
normal,847,normal_0024,48,2022-07-12 00:03:08.800,4.8,-0.127254,-0.024625,102.59308,0,train
normal,848,normal_0024,49,2022-07-12 00:03:08.900,4.9,-0.115015,0.012115,109.47241,0,train
normal,849,normal_0025,0,2022-07-12 00:03:12.129,0.0,0.092189,-0.179621,150.65815,0,train
normal,850,normal_0025,1,2022-07-12 00:03:12.229,0.1,-0.057572,-0.269641,212.51419,0,train
normal,851,normal_0025,2,2022-07-12 00:03:12.329,0.2,-0.03734,-0.037682,243.76252,0,train
normal,852,normal_0025,3,2022-07-12 00:03:12.429,0.3,-0.007833,0.17518,226.23494,0,train
normal,853,normal_0025,4,2022-07-12 00:03:12.529,0.4,-0.048206,0.215904,183.4903,0,train
normal,854,normal_0025,5,2022-07-12 00:03:12.629,0.5,-0.010785,0.017097,112.87011,0,train
normal,855,normal_0025,6,2022-07-12 00:03:12.729,0.6,0.011774,-0.221889,32.511357,0,train
normal,856,normal_0025,7,2022-07-12 00:03:12.829,0.7,-0.091507,-0.204451,-49.357063,0,train
normal,857,normal_0025,8,2022-07-12 00:03:12.929,0.8,-0.034434,0.060058,-128.41691,0,train
normal,858,normal_0025,9,2022-07-12 00:03:13.029,0.9,0.113386,0.26738,-194.17658,0,train
normal,859,normal_0025,10,2022-07-12 00:03:13.129,1.0,0.007596,0.14951,-239.43701,0,train
normal,860,normal_0025,11,2022-07-12 00:03:13.229,1.1,-0.002372,-0.125795,-235.36518,0,train
normal,861,normal_0025,12,2022-07-12 00:03:13.329,1.2,-0.007515,-0.226726,-199.82865,0,train
normal,862,normal_0025,13,2022-07-12 00:03:13.429,1.3,-0.149772,-0.141622,-138.28875,0,train
normal,863,normal_0025,14,2022-07-12 00:03:13.529,1.4,-0.013555,0.130777,-58.321721,0,train
normal,864,normal_0025,15,2022-07-12 00:03:13.629,1.5,0.128383,0.303483,22.460225,0,train
normal,865,normal_0025,16,2022-07-12 00:03:13.729,1.6,0.052464,0.03105,105.67488,0,train
normal,866,normal_0025,17,2022-07-12 00:03:13.829,1.7,0.0057,-0.204314,176.20041,0,train
normal,867,normal_0025,18,2022-07-12 00:03:13.929,1.8,-0.05487,-0.170799,232.21031,0,train
normal,868,normal_0025,19,2022-07-12 00:03:14.029,1.9,-0.081766,-0.056813,245.36911,0,train
normal,869,normal_0025,20,2022-07-12 00:03:14.129,2.0,0.018881,0.226372,216.73479,0,train
normal,870,normal_0025,21,2022-07-12 00:03:14.229,2.1,0.115202,0.276735,163.95928,0,train
normal,871,normal_0025,22,2022-07-12 00:03:14.329,2.2,0.097139,-0.100091,85.564504,0,train
normal,872,normal_0025,23,2022-07-12 00:03:14.429,2.3,-0.05328,-0.27433,4.085422,0,train
normal,873,normal_0025,24,2022-07-12 00:03:14.529,2.4,-0.060808,-0.114805,-80.207477,0,train
normal,874,normal_0025,25,2022-07-12 00:03:14.629,2.5,0.023593,0.081754,-155.83028,0,train
normal,875,normal_0025,26,2022-07-12 00:03:14.729,2.6,-0.003848,0.232014,-218.01462,0,train
normal,876,normal_0025,27,2022-07-12 00:03:14.829,2.7,0.115736,0.138112,-247.59868,0,train
normal,877,normal_0025,28,2022-07-12 00:03:14.929,2.8,0.129814,-0.160025,-228.65823,0,train
normal,878,normal_0025,29,2022-07-12 00:03:15.029,2.9,-0.078689,-0.239498,-184.31511,0,train
normal,879,normal_0025,30,2022-07-12 00:03:15.129,3.0,-0.053462,-0.026238,-112.15021,0,train
normal,880,normal_0025,31,2022-07-12 00:03:15.229,3.1,0.015781,0.206912,-30.610684,0,train
normal,881,normal_0025,32,2022-07-12 00:03:15.329,3.2,-0.023614,0.237555,53.021914,0,train
normal,882,normal_0025,33,2022-07-12 00:03:15.429,3.3,0.056937,-0.005553,133.79707,0,train
normal,883,normal_0025,34,2022-07-12 00:03:15.529,3.4,0.063863,-0.249659,200.83573,0,train
normal,884,normal_0025,35,2022-07-12 00:03:15.629,3.5,-0.062579,-0.220788,246.00068,0,train
normal,885,normal_0026,0,2022-07-12 00:03:20.215,0.0,-0.072072,-0.004784,-96.610081,0,train
normal,886,normal_0026,1,2022-07-12 00:03:20.315,0.1,0.044821,0.045329,-115.80922,0,train
normal,887,normal_0026,2,2022-07-12 00:03:20.415,0.2,-0.002102,-0.008803,-114.77102,0,train
normal,888,normal_0026,3,2022-07-12 00:03:20.515,0.3,0.097988,-0.032861,-109.15686,0,train
normal,889,normal_0026,4,2022-07-12 00:03:20.615,0.4,0.049771,-0.017988,-86.807261,0,train
normal,890,normal_0026,5,2022-07-12 00:03:20.715,0.5,-0.082699,0.000767,-60.190446,0,train
normal,891,normal_0026,6,2022-07-12 00:03:20.815,0.6,0.020219,0.044739,-16.144516,0,train
normal,892,normal_0026,7,2022-07-12 00:03:20.915,0.7,-0.031836,0.002584,22.461894,0,train
normal,893,normal_0026,8,2022-07-12 00:03:21.015,0.8,-0.03489,-0.01037,75.702438,0,train
normal,894,normal_0026,9,2022-07-12 00:03:21.115,0.9,0.132991,0.018342,112.12803,0,train
normal,895,normal_0026,10,2022-07-12 00:03:21.215,1.0,-0.028555,-0.044271,113.3721,0,train
normal,896,normal_0026,11,2022-07-12 00:03:21.315,1.1,-0.057722,0.018978,113.56725,0,train
normal,897,normal_0026,12,2022-07-12 00:03:21.415,1.2,0.085897,0.101198,95.81567,0,train
normal,898,normal_0026,13,2022-07-12 00:03:21.515,1.3,-0.041657,-0.014798,73.79795,0,train
normal,899,normal_0026,14,2022-07-12 00:03:21.615,1.4,0.054471,-0.032327,35.030608,0,train
normal,900,normal_0026,15,2022-07-12 00:03:21.715,1.5,0.077916,-0.001617,-4.85611,0,train
normal,901,normal_0026,16,2022-07-12 00:03:21.815,1.6,-0.112649,-0.056044,-51.174289,0,train
normal,902,normal_0026,17,2022-07-12 00:03:21.915,1.7,0.037146,0.035395,-100.86466,0,train
normal,903,normal_0026,18,2022-07-12 00:03:22.015,1.8,0.022217,0.016015,-109.82336,0,train
normal,904,normal_0026,19,2022-07-12 00:03:22.115,1.9,-0.04554,-0.080999,-112.43428,0,train
normal,905,normal_0026,20,2022-07-12 00:03:22.215,2.0,0.129392,0.050767,-101.4557,0,train
normal,906,normal_0026,21,2022-07-12 00:03:22.315,2.1,-0.022754,0.026914,-80.811033,0,train
normal,907,normal_0026,22,2022-07-12 00:03:22.415,2.2,-0.068269,-0.049902,-49.669391,0,train
normal,908,normal_0026,23,2022-07-12 00:03:22.515,2.3,0.049805,0.087427,-7.680417,0,train
normal,909,normal_0026,24,2022-07-12 00:03:22.615,2.4,-0.07499,0.064085,31.843666,0,train
normal,910,normal_0026,25,2022-07-12 00:03:22.715,2.5,0.048057,-0.02564,86.559544,0,train
normal,911,normal_0027,0,2022-07-12 00:03:28.182,0.0,-0.050733,-0.046397,-36.993389,0,train
normal,912,normal_0027,1,2022-07-12 00:03:28.282,0.1,-0.007523,-0.012303,-89.772712,0,train
normal,913,normal_0027,2,2022-07-12 00:03:28.382,0.2,0.033326,-0.011872,-114.5971,0,train
normal,914,normal_0027,3,2022-07-12 00:03:28.482,0.3,-0.018343,0.010301,-112.85318,0,train
normal,915,normal_0027,4,2022-07-12 00:03:28.582,0.4,0.06289,0.088332,-108.54436,0,train
normal,916,normal_0027,5,2022-07-12 00:03:28.682,0.5,0.018453,-0.016663,-86.787711,0,train
normal,917,normal_0027,6,2022-07-12 00:03:28.782,0.6,-0.049961,-0.025008,-61.248667,0,train
normal,918,normal_0027,7,2022-07-12 00:03:28.882,0.7,0.083905,0.018294,-17.702462,0,train
normal,919,normal_0027,8,2022-07-12 00:03:28.982,0.8,-0.004991,-0.03518,24.55664,0,train
normal,920,normal_0027,9,2022-07-12 00:03:29.082,0.9,0.007089,0.069724,74.285754,0,train
normal,921,normal_0027,10,2022-07-12 00:03:29.182,1.0,0.145962,0.111686,113.74082,0,train
normal,922,normal_0027,11,2022-07-12 00:03:29.282,1.1,-0.001733,0.006441,114.88081,0,train
normal,923,normal_0028,0,2022-07-12 00:03:44.676,0.0,0.013142,0.018631,85.199009,0,train
normal,924,normal_0028,1,2022-07-12 00:03:44.776,0.1,0.158623,0.048831,109.89393,0,train
normal,925,normal_0028,2,2022-07-12 00:03:44.876,0.2,0.086155,0.024546,111.29071,0,train
normal,926,normal_0028,3,2022-07-12 00:03:44.976,0.3,-0.081238,-0.027815,110.56723,0,train
normal,927,normal_0028,4,2022-07-12 00:03:45.076,0.4,0.045204,0.05587,92.086565,0,train
normal,928,normal_0028,5,2022-07-12 00:03:45.176,0.5,-0.008043,0.059673,68.356164,0,train
normal,929,normal_0028,6,2022-07-12 00:03:45.276,0.6,-0.001799,-0.031391,25.63012,0,train
normal,930,normal_0028,7,2022-07-12 00:03:45.376,0.7,0.123314,-0.00554,-16.077401,0,train
normal,931,normal_0028,8,2022-07-12 00:03:45.476,0.8,-0.03109,0.006552,-67.781814,0,train
normal,932,normal_0028,9,2022-07-12 00:03:45.576,0.9,0.000188,0.036172,-106.88306,0,train
normal,933,normal_0028,10,2022-07-12 00:03:45.676,1.0,0.045147,0.045153,-109.46168,0,train
normal,934,normal_0028,11,2022-07-12 00:03:45.776,1.1,-0.121667,-0.049511,-111.48573,0,train
normal,935,normal_0028,12,2022-07-12 00:03:45.876,1.2,0.028299,0.02516,-97.076428,0,train
normal,936,normal_0028,13,2022-07-12 00:03:45.976,1.3,0.051925,0.08691,-76.013455,0,train
normal,937,normal_0028,14,2022-07-12 00:03:46.076,1.4,-0.063243,-0.017268,-39.448743,0,train
normal,938,normal_0028,15,2022-07-12 00:03:46.176,1.5,0.049563,0.01325,3.965736,0,train
normal,939,normal_0028,16,2022-07-12 00:03:46.276,1.6,-0.062198,0.032834,49.844986,0,train
normal,940,normal_0028,17,2022-07-12 00:03:46.376,1.7,-0.076265,-0.018096,100.16919,0,train
normal,941,normal_0028,18,2022-07-12 00:03:46.476,1.8,0.060531,0.00251,110.94953,0,train
normal,942,normal_0028,19,2022-07-12 00:03:46.576,1.9,-0.06708,-0.020481,112.83375,0,train
normal,943,normal_0028,20,2022-07-12 00:03:46.676,2.0,-0.050311,-0.00789,105.12925,0,train
normal,944,normal_0028,21,2022-07-12 00:03:46.776,2.1,0.042899,0.010207,84.807764,0,train
normal,945,normal_0028,22,2022-07-12 00:03:46.876,2.2,-0.046406,-0.052156,55.103666,0,train
normal,946,normal_0028,23,2022-07-12 00:03:46.976,2.3,0.0221,-0.003893,9.698273,0,train
normal,947,normal_0028,24,2022-07-12 00:03:47.076,2.4,0.034282,0.034435,-32.241944,0,train
normal,948,normal_0028,25,2022-07-12 00:03:47.176,2.5,-0.10827,-0.048489,-86.498748,0,train
normal,949,normal_0028,26,2022-07-12 00:03:47.276,2.6,-0.016728,-0.013078,-110.24214,0,train
normal,950,normal_0028,27,2022-07-12 00:03:47.376,2.7,0.003821,0.030984,-110.32905,0,train
normal,951,normal_0028,28,2022-07-12 00:03:47.476,2.8,-0.032316,-0.044595,-108.97173,0,train
normal,952,normal_0028,29,2022-07-12 00:03:47.576,2.9,0.109509,-0.030494,-89.899908,0,train
normal,953,normal_0028,30,2022-07-12 00:03:47.676,3.0,0.012972,0.019858,-65.84657,0,train
normal,954,normal_0028,31,2022-07-12 00:03:47.776,3.1,-0.071633,0.019006,-22.372845,0,train
normal,955,normal_0028,32,2022-07-12 00:03:47.876,3.2,0.023315,-0.040156,19.013407,0,train
normal,956,normal_0028,33,2022-07-12 00:03:47.976,3.3,-0.125561,-0.127565,70.289978,0,train
normal,957,normal_0028,34,2022-07-12 00:03:48.076,3.4,-0.039026,-0.015133,109.77818,0,train
normal,958,normal_0028,35,2022-07-12 00:03:48.176,3.5,0.141809,0.0609,111.41123,0,train
normal,959,normal_0028,36,2022-07-12 00:03:48.276,3.6,-0.066308,-0.067835,112.74673,0,train
normal,960,normal_0028,37,2022-07-12 00:03:48.376,3.7,0.00104,-0.015156,97.995054,0,train
normal,961,normal_0028,38,2022-07-12 00:03:48.476,3.8,0.039629,0.075909,76.432118,0,train
normal,962,normal_0028,39,2022-07-12 00:03:48.576,3.9,-0.09317,0.008527,38.744931,0,train
normal,963,normal_0028,40,2022-07-12 00:03:48.676,4.0,0.04928,0.010741,-5.925895,0,train
normal,964,normal_0028,41,2022-07-12 00:03:48.776,4.1,-0.038402,-0.010422,-52.249795,0,train
normal,965,normal_0028,42,2022-07-12 00:03:48.876,4.2,-0.066456,-0.045151,-102.16464,0,train
normal,966,normal_0028,43,2022-07-12 00:03:48.976,4.3,0.118126,-0.009457,-111.39883,0,train
normal,967,normal_0028,44,2022-07-12 00:03:49.076,4.4,0.017524,-0.027088,-112.05639,0,train
normal,968,normal_0028,45,2022-07-12 00:03:49.176,4.5,0.025778,-0.002474,-103.14728,0,train
normal,969,normal_0028,46,2022-07-12 00:03:49.276,4.6,0.078401,0.003986,-81.630717,0,train
normal,970,normal_0028,47,2022-07-12 00:03:49.376,4.7,-0.107941,-0.007867,-51.092988,0,train
normal,971,normal_0028,48,2022-07-12 00:03:49.476,4.8,-0.034337,0.039113,-5.264879,0,train
normal,972,normal_0028,49,2022-07-12 00:03:49.576,4.9,0.026914,-0.030755,36.803727,0,train
normal,973,normal_0029,0,2022-07-12 00:03:52.544,0.0,0.087338,0.043978,94.907057,0,train
normal,974,normal_0029,1,2022-07-12 00:03:52.644,0.1,-0.029896,-0.071939,66.55968,0,train
normal,975,normal_0029,2,2022-07-12 00:03:52.744,0.2,0.053959,-0.065036,21.658066,0,train
normal,976,normal_0029,3,2022-07-12 00:03:52.844,0.3,0.01881,0.007875,-22.722485,0,train
normal,977,normal_0029,4,2022-07-12 00:03:52.944,0.4,-0.084982,0.031683,-70.124396,0,train
normal,978,normal_0029,5,2022-07-12 00:03:53.044,0.5,0.041845,0.063597,-120.61514,0,train
normal,979,normal_0029,6,2022-07-12 00:03:53.144,0.6,-0.022766,-0.031453,-125.23641,0,train
normal,980,normal_0029,7,2022-07-12 00:03:53.244,0.7,-0.030146,-0.075833,-120.71444,0,train
normal,981,normal_0029,8,2022-07-12 00:03:53.344,0.8,0.095285,0.066026,-103.35161,0,train
normal,982,normal_0029,9,2022-07-12 00:03:53.444,0.9,-0.031928,0.045363,-75.284967,0,train
normal,983,normal_0029,10,2022-07-12 00:03:53.544,1.0,0.006083,0.002482,-37.54342,0,train
normal,984,normal_0029,11,2022-07-12 00:03:53.644,1.1,0.031923,0.056898,10.120989,0,train
normal,985,normal_0029,12,2022-07-12 00:03:53.744,1.2,-0.061481,-0.029364,52.283889,0,train
normal,986,normal_0029,13,2022-07-12 00:03:53.844,1.3,0.089938,-0.029387,108.068,0,train
normal,987,normal_0029,14,2022-07-12 00:03:53.944,1.4,0.040176,-0.005704,127.39159,0,train
normal,988,normal_0029,15,2022-07-12 00:03:54.044,1.5,-0.079828,-0.016421,122.75912,0,train
normal,989,normal_0029,16,2022-07-12 00:03:54.144,1.6,0.067186,0.080161,112.39447,0,train
normal,990,normal_0029,17,2022-07-12 00:03:54.244,1.7,0.003085,-0.004262,85.841666,0,train
normal,991,normal_0029,18,2022-07-12 00:03:54.344,1.8,-0.051853,-0.075628,54.776675,0,train
normal,992,normal_0029,19,2022-07-12 00:03:54.444,1.9,0.103403,0.059771,6.833196,0,train
normal,993,normal_0029,20,2022-07-12 00:03:54.544,2.0,-0.048504,0.019285,-34.385566,0,train
normal,994,normal_0029,21,2022-07-12 00:03:54.644,2.1,-0.074685,-0.043272,-88.809858,0,train
normal,995,normal_0029,22,2022-07-12 00:03:54.744,2.2,0.08316,0.068183,-124.60198,0,train
normal,996,normal_0029,23,2022-07-12 00:03:54.844,2.3,-0.029362,0.027198,-121.60338,0,train
normal,997,normal_0029,24,2022-07-12 00:03:54.944,2.4,0.03618,-0.025538,-116.83775,0,train
normal,998,normal_0029,25,2022-07-12 00:03:55.044,2.5,0.069706,-0.008167,-93.840372,0,train
normal,999,normal_0029,26,2022-07-12 00:03:55.144,2.6,-0.088263,-0.024198,-65.96566,0,train
normal,1000,normal_0029,27,2022-07-12 00:03:55.244,2.7,0.032297,0.054503,-22.010806,0,train
normal,1001,normal_0029,28,2022-07-12 00:03:55.344,2.8,0.017197,0.019591,21.497014,0,train
normal,1002,normal_0029,29,2022-07-12 00:03:55.444,2.9,-0.06701,-0.074902,68.881162,0,train
normal,1003,normal_0029,30,2022-07-12 00:03:55.544,3.0,0.101825,0.002482,118.62208,0,train
normal,1004,normal_0029,31,2022-07-12 00:03:55.644,3.1,0.000429,0.019864,123.92355,0,train
normal,1005,normal_0029,32,2022-07-12 00:03:55.744,3.2,-0.071199,-0.022745,120.4126,0,train
normal,1006,normal_0029,33,2022-07-12 00:03:55.844,3.3,-0.000968,0.065481,103.93704,0,train
normal,1007,normal_0029,34,2022-07-12 00:03:55.944,3.4,-0.104566,0.042639,78.146467,0,train
normal,1008,normal_0029,35,2022-07-12 00:03:56.044,3.5,0.039575,-0.066194,41.588431,0,train
normal,1009,normal_0029,36,2022-07-12 00:03:56.144,3.6,0.07452,-0.015899,-5.419732,0,train
normal,1010,normal_0029,37,2022-07-12 00:03:56.244,3.7,-0.09621,0.007795,-46.803361,0,train
normal,1011,normal_0029,38,2022-07-12 00:03:56.344,3.8,0.056764,0.020443,-103.48798,0,train
normal,1012,normal_0029,39,2022-07-12 00:03:56.444,3.9,-0.004226,-0.003251,-123.24168,0,train
normal,1013,normal_0029,40,2022-07-12 00:03:56.544,4.0,-0.139046,-0.090626,-119.36273,0,train
normal,1014,normal_0029,41,2022-07-12 00:03:56.644,4.1,0.089858,0.019807,-111.1287,0,train
normal,1015,normal_0029,42,2022-07-12 00:03:56.744,4.2,0.023067,0.04676,-85.931788,0,train
normal,1016,normal_0029,43,2022-07-12 00:03:56.844,4.3,-0.09369,-0.037856,-55.801279,0,train
normal,1017,normal_0029,44,2022-07-12 00:03:56.944,4.4,0.025974,0.041832,-8.849503,0,train
normal,1018,normal_0029,45,2022-07-12 00:03:57.044,4.5,-0.087991,-0.005,30.841354,0,train
normal,1019,normal_0029,46,2022-07-12 00:03:57.144,4.6,-0.026706,-0.063004,84.782849,0,train
normal,1020,normal_0029,47,2022-07-12 00:03:57.244,4.7,0.118162,0.056172,121.7636,0,train
normal,1021,normal_0029,48,2022-07-12 00:03:57.344,4.8,-0.046767,-0.008201,120.01313,0,train
normal,1022,normal_0029,49,2022-07-12 00:03:57.444,4.9,-0.035675,-0.075992,116.6823,0,train
normal,1023,normal_0030,0,2022-07-12 00:04:00.140,0.0,0.055977,-0.104758,-141.09697,0,train
normal,1024,normal_0030,1,2022-07-12 00:04:00.240,0.1,0.008509,-0.061491,-132.11049,0,train
normal,1025,normal_0030,2,2022-07-12 00:04:00.340,0.2,-0.107737,-0.027817,-117.38731,0,train
normal,1026,normal_0030,3,2022-07-12 00:04:00.440,0.3,0.044204,0.071206,-87.020646,0,train
normal,1027,normal_0030,4,2022-07-12 00:04:00.540,0.4,-0.11129,0.027303,-51.403529,0,train
normal,1028,normal_0030,5,2022-07-12 00:04:00.640,0.5,-0.080444,-0.054338,-2.816677,0,train
normal,1029,normal_0030,6,2022-07-12 00:04:00.740,0.6,0.054569,-0.0593,48.203474,0,train
normal,1030,normal_0030,7,2022-07-12 00:04:00.840,0.7,-0.181385,-0.087933,90.673934,0,train
normal,1031,normal_0030,8,2022-07-12 00:04:00.940,0.8,-0.093738,0.030051,135.31806,0,train
normal,1032,normal_0030,9,2022-07-12 00:04:01.040,0.9,0.075584,0.134046,137.95425,0,train
normal,1033,normal_0030,10,2022-07-12 00:04:01.140,1.0,-0.050403,-0.032313,123.85727,0,train
normal,1034,normal_0030,11,2022-07-12 00:04:01.240,1.1,0.04669,-0.116656,100.05499,0,train
normal,1035,normal_0030,12,2022-07-12 00:04:01.340,1.2,0.042944,-0.04672,64.813979,0,train
normal,1036,normal_0030,13,2022-07-12 00:04:01.440,1.3,-0.126016,-0.025456,22.494557,0,train
normal,1037,normal_0030,14,2022-07-12 00:04:01.540,1.4,0.011688,0.082105,-32.659296,0,train
normal,1038,normal_0030,15,2022-07-12 00:04:01.640,1.5,0.041411,0.101633,-74.238786,0,train
normal,1039,normal_0030,16,2022-07-12 00:04:01.740,1.6,-0.031125,-0.067099,-122.36322,0,train
normal,1040,normal_0030,17,2022-07-12 00:04:01.840,1.7,0.125471,-0.083664,-140.81218,0,train
normal,1041,normal_0030,18,2022-07-12 00:04:01.940,1.8,0.030977,0.003325,-127.05447,0,train
normal,1042,normal_0030,19,2022-07-12 00:04:02.040,1.9,-0.038993,0.065087,-108.78195,0,train
normal,1043,normal_0030,20,2022-07-12 00:04:02.140,2.0,0.083906,0.121195,-73.802003,0,train
normal,1044,normal_0030,21,2022-07-12 00:04:02.240,2.1,-0.071599,0.050509,-35.617475,0,train
normal,1045,normal_0030,22,2022-07-12 00:04:02.340,2.2,0.031488,-0.03724,19.116523,0,train
normal,1046,normal_0030,23,2022-07-12 00:04:02.440,2.3,0.118363,-0.029872,64.993151,0,train
normal,1047,normal_0030,24,2022-07-12 00:04:02.540,2.4,-0.073019,0.011056,110.79313,0,train
normal,1048,normal_0030,25,2022-07-12 00:04:02.640,2.5,0.13058,0.125872,145.05996,0,train
normal,1049,normal_0030,26,2022-07-12 00:04:02.740,2.6,0.108043,0.124952,135.6981,0,train
normal,1050,normal_0030,27,2022-07-12 00:04:02.840,2.7,-0.058906,-0.003362,119.17652,0,train
normal,1051,normal_0030,28,2022-07-12 00:04:02.940,2.8,0.157214,-0.019518,87.221633,0,train
normal,1052,normal_0030,29,2022-07-12 00:04:03.040,2.9,0.034383,-0.0343,49.384242,0,train
normal,1053,normal_0030,30,2022-07-12 00:04:03.140,3.0,-0.038198,0.013168,-1.936555,0,train
normal,1054,normal_0030,31,2022-07-12 00:04:03.240,3.1,0.174676,0.117857,-54.507024,0,train
normal,1055,normal_0030,32,2022-07-12 00:04:03.340,3.2,0.0289,0.007355,-96.75492,0,train
normal,1056,normal_0030,33,2022-07-12 00:04:03.440,3.3,0.04744,-0.098979,-141.27828,0,train
normal,1057,normal_0030,34,2022-07-12 00:04:03.540,3.4,0.135427,-0.038444,-142.07126,0,train
normal,1058,normal_0030,35,2022-07-12 00:04:03.640,3.5,-0.110711,-0.003578,-125.00526,0,train
normal,1059,normal_0030,36,2022-07-12 00:04:03.740,3.6,-0.060961,0.086828,-98.701131,0,train
normal,1060,normal_0030,37,2022-07-12 00:04:03.840,3.7,0.043171,0.13072,-59.984095,0,train
normal,1061,normal_0030,38,2022-07-12 00:04:03.940,3.8,-0.061665,-0.00729,-15.000941,0,train
normal,1062,normal_0030,39,2022-07-12 00:04:04.040,3.9,0.09375,-0.056666,41.836863,0,train
normal,1063,normal_0030,40,2022-07-12 00:04:04.140,4.0,0.08385,-0.029191,84.465037,0,train
normal,1064,normal_0030,41,2022-07-12 00:04:04.240,4.1,-0.111813,0.01444,132.2055,0,train
normal,1065,normal_0031,0,2022-07-12 00:04:08.213,0.0,-0.058915,-0.041139,248.88721,0,train
normal,1066,normal_0031,1,2022-07-12 00:04:08.313,0.1,-0.032927,0.140627,251.87424,0,train
normal,1067,normal_0031,2,2022-07-12 00:04:08.413,0.2,0.069797,0.272654,218.95566,0,train
normal,1068,normal_0031,3,2022-07-12 00:04:08.513,0.3,0.057604,-0.00356,158.69834,0,train
normal,1069,normal_0031,4,2022-07-12 00:04:08.613,0.4,-0.032768,-0.287675,75.096378,0,train
normal,1070,normal_0031,5,2022-07-12 00:04:08.713,0.5,-0.095779,-0.168966,-10.74958,0,train
normal,1071,normal_0031,6,2022-07-12 00:04:08.813,0.6,0.006616,0.096144,-97.47709,0,train
normal,1072,normal_0031,7,2022-07-12 00:04:08.913,0.7,0.060976,0.259041,-173.29468,0,train
normal,1073,normal_0031,8,2022-07-12 00:04:09.013,0.8,0.047954,0.14703,-235.20008,0,train
normal,1074,normal_0031,9,2022-07-12 00:04:09.113,0.9,0.082706,-0.153468,-255.90923,0,train
normal,1075,normal_0031,10,2022-07-12 00:04:09.213,1.0,-0.047096,-0.248461,-231.3613,0,train
normal,1076,normal_0031,11,2022-07-12 00:04:09.313,1.1,-0.153022,-0.103196,-181.84259,0,train
normal,1077,normal_0031,12,2022-07-12 00:04:09.413,1.2,-0.004408,0.147847,-103.01663,0,train
normal,1078,normal_0031,13,2022-07-12 00:04:09.513,1.3,0.069355,0.280578,-16.265156,0,train
normal,1079,normal_0031,14,2022-07-12 00:04:09.613,1.4,0.030606,0.03285,71.448215,0,train
normal,1080,normal_0031,15,2022-07-12 00:04:09.713,1.5,0.058308,-0.230739,152.03919,0,train
normal,1081,normal_0031,16,2022-07-12 00:04:09.813,1.6,-0.091862,-0.211416,219.86439,0,train
normal,1082,normal_0031,17,2022-07-12 00:04:09.913,1.7,-0.167929,-0.047633,257.4375,0,train
normal,1083,normal_0031,18,2022-07-12 00:04:10.013,1.8,0.048431,0.230692,244.88774,0,train
normal,1084,normal_0031,19,2022-07-12 00:04:10.113,1.9,0.080095,0.209064,203.54321,0,train
normal,1085,normal_0031,20,2022-07-12 00:04:10.213,2.0,0.012486,-0.188119,131.9579,0,train
normal,1086,normal_0031,21,2022-07-12 00:04:10.313,2.1,0.019026,-0.247258,46.076184,0,train
normal,1087,normal_0031,22,2022-07-12 00:04:10.413,2.2,-0.084153,-0.056432,-40.720944,0,train
normal,1088,normal_0031,23,2022-07-12 00:04:10.513,2.3,-0.124979,0.066024,-125.4672,0,train
normal,1089,normal_0031,24,2022-07-12 00:04:10.613,2.4,-0.006656,0.224334,-197.41085,0,train
normal,1090,normal_0031,25,2022-07-12 00:04:10.713,2.5,0.032899,0.097541,-249.66088,0,train
normal,1091,normal_0031,26,2022-07-12 00:04:10.813,2.6,0.020093,-0.230841,-252.46182,0,train
normal,1092,normal_0032,0,2022-07-12 00:04:16.224,0.0,0.073493,0.210371,-107.0248,0,train
normal,1093,normal_0032,1,2022-07-12 00:04:16.324,0.1,-0.058875,0.02261,-158.99791,0,train
normal,1094,normal_0032,2,2022-07-12 00:04:16.424,0.2,0.097471,-0.101606,-178.76055,0,train
normal,1095,normal_0032,3,2022-07-12 00:04:16.524,0.3,0.081326,-0.047746,-155.43439,0,train
normal,1096,normal_0032,4,2022-07-12 00:04:16.624,0.4,-0.120046,-0.099574,-126.43649,0,train
normal,1097,normal_0032,5,2022-07-12 00:04:16.724,0.5,0.046052,0.122144,-78.692684,0,train
normal,1098,normal_0032,6,2022-07-12 00:04:16.824,0.6,-0.045263,0.187902,-27.784708,0,train
normal,1099,normal_0032,7,2022-07-12 00:04:16.924,0.7,-0.06932,-0.073359,39.086585,0,train
normal,1100,normal_0032,8,2022-07-12 00:04:17.024,0.8,0.168747,-0.09216,90.831529,0,train
normal,1101,normal_0032,9,2022-07-12 00:04:17.124,0.9,-0.040676,-0.112528,138.62063,0,train
normal,1102,normal_0032,10,2022-07-12 00:04:17.224,1.0,-0.01974,-0.039765,179.06942,0,train
normal,1103,normal_0032,11,2022-07-12 00:04:17.324,1.1,0.146892,0.232657,163.55207,0,train
normal,1104,normal_0032,12,2022-07-12 00:04:17.424,1.2,-0.109125,0.089617,137.30373,0,train
normal,1105,normal_0033,0,2022-07-12 00:04:23.985,0.0,-0.034224,-0.17432,-25.842908,0,train
normal,1106,normal_0033,1,2022-07-12 00:04:24.085,0.1,0.047883,-0.049809,12.840034,0,train
normal,1107,normal_0034,0,2022-07-12 00:04:25.827,0.0,0.096655,0.174205,79.980979,0,train
normal,1108,normal_0034,1,2022-07-12 00:04:25.927,0.1,-0.01849,-0.116892,137.57076,0,train
normal,1109,normal_0034,2,2022-07-12 00:04:26.027,0.2,0.049675,-0.131663,187.51695,0,train
normal,1110,normal_0034,3,2022-07-12 00:04:26.127,0.3,0.07975,-0.098523,199.19338,0,train
normal,1111,normal_0034,4,2022-07-12 00:04:26.227,0.4,-0.040833,0.056858,174.7693,0,train
normal,1112,normal_0034,5,2022-07-12 00:04:26.327,0.5,-0.071317,0.226374,133.59679,0,train
normal,1113,normal_0034,6,2022-07-12 00:04:26.427,0.6,-0.028799,0.103406,73.600539,0,train
normal,1114,normal_0034,7,2022-07-12 00:04:26.527,0.7,-0.068263,-0.112124,11.359812,0,train
normal,1115,normal_0034,8,2022-07-12 00:04:26.627,0.8,-0.068626,-0.138066,-58.430559,0,train
normal,1116,normal_0034,9,2022-07-12 00:04:26.727,0.9,0.058667,0.042019,-120.23427,0,train
normal,1117,normal_0034,10,2022-07-12 00:04:26.827,1.0,0.011142,0.163942,-174.26541,0,train
normal,1118,normal_0034,11,2022-07-12 00:04:26.927,1.1,-0.082909,0.092621,-201.61464,0,train
normal,1119,normal_0034,12,2022-07-12 00:04:27.027,1.2,-0.012496,-0.041143,-184.10697,0,train
normal,1120,normal_0034,13,2022-07-12 00:04:27.127,1.3,-0.047225,-0.186885,-149.07696,0,train
normal,1121,normal_0034,14,2022-07-12 00:04:27.227,1.4,-0.081523,-0.163872,-92.826854,0,train
normal,1122,normal_0034,15,2022-07-12 00:04:27.327,1.5,0.004682,0.090407,-29.481057,0,train
normal,1123,normal_0034,16,2022-07-12 00:04:27.427,1.6,0.027695,0.175772,38.990025,0,train
normal,1124,normal_0034,17,2022-07-12 00:04:27.527,1.7,-0.069682,0.017451,105.7582,0,train
normal,1125,normal_0034,18,2022-07-12 00:04:27.627,1.8,-0.03812,-0.135932,161.7563,0,train
normal,1126,normal_0034,19,2022-07-12 00:04:27.727,1.9,-0.02923,-0.139599,202.0345,0,train
normal,1127,normal_0034,20,2022-07-12 00:04:27.827,2.0,-0.053515,-0.108071,196.32032,0,train
normal,1128,normal_0034,21,2022-07-12 00:04:27.927,2.1,-0.02168,0.050659,164.99259,0,train
normal,1129,normal_0034,22,2022-07-12 00:04:28.027,2.2,0.008746,0.121946,114.16055,0,train
normal,1130,normal_0034,23,2022-07-12 00:04:28.127,2.3,0.059711,0.066883,50.926334,0,train
normal,1131,normal_0034,24,2022-07-12 00:04:28.227,2.4,-0.079423,-0.034922,-14.9076,0,train
normal,1132,normal_0034,25,2022-07-12 00:04:28.327,2.5,-0.117956,-0.209796,-85.460077,0,train
normal,1133,normal_0034,26,2022-07-12 00:04:28.427,2.6,-0.153253,-0.02652,-143.98064,0,train
normal,1134,normal_0034,27,2022-07-12 00:04:28.527,2.7,-0.07621,0.138079,-193.73407,0,train
normal,1135,normal_0034,28,2022-07-12 00:04:28.627,2.8,0.220326,0.172287,-203.34556,0,train
normal,1136,normal_0034,29,2022-07-12 00:04:28.727,2.9,0.114797,0.026306,-176.63958,0,train
normal,1137,normal_0034,30,2022-07-12 00:04:28.827,3.0,-0.032239,-0.16595,-133.69848,0,train
normal,1138,normal_0034,31,2022-07-12 00:04:28.927,3.1,-0.057409,-0.089951,-70.669779,0,train
normal,1139,normal_0034,32,2022-07-12 00:04:29.027,3.2,-0.218614,0.020743,-4.92847,0,train
normal,1140,normal_0034,33,2022-07-12 00:04:29.127,3.3,-0.042253,0.197184,67.141064,0,train
normal,1141,normal_0034,34,2022-07-12 00:04:29.227,3.4,0.163559,0.188942,130.13329,0,train
normal,1142,normal_0034,35,2022-07-12 00:04:29.327,3.5,0.081884,-0.088384,183.91969,0,train
normal,1143,normal_0034,36,2022-07-12 00:04:29.427,3.6,0.067272,-0.251565,209.85236,0,train
normal,1144,normal_0034,37,2022-07-12 00:04:29.527,3.7,-0.016072,-0.086579,190.45153,0,train
normal,1145,normal_0034,38,2022-07-12 00:04:29.627,3.8,-0.036894,0.140691,152.21621,0,train
normal,1146,normal_0034,39,2022-07-12 00:04:29.727,3.9,0.052888,0.200965,92.436921,0,train
normal,1147,normal_0034,40,2022-07-12 00:04:29.827,4.0,0.02019,0.073195,26.913408,0,train
normal,1148,normal_0034,41,2022-07-12 00:04:29.927,4.1,0.053115,-0.196501,-43.892389,0,train
normal,1149,normal_0034,42,2022-07-12 00:04:30.027,4.2,0.055681,-0.234966,-112.30327,0,train
normal,1150,normal_0034,43,2022-07-12 00:04:30.127,4.3,0.018601,0.069415,-168.5343,0,train
normal,1151,normal_0034,44,2022-07-12 00:04:30.227,4.4,0.184029,0.285081,-208.15864,0,train
normal,1152,normal_0034,45,2022-07-12 00:04:30.327,4.5,0.083508,0.126192,-199.8662,0,train
normal,1153,normal_0034,46,2022-07-12 00:04:30.427,4.6,-0.055014,-0.163146,-166.52777,0,train
normal,1154,normal_0034,47,2022-07-12 00:04:30.527,4.7,0.057213,-0.224328,-113.96433,0,train
normal,1155,normal_0034,48,2022-07-12 00:04:30.627,4.8,-0.00943,-0.081357,-47.269112,0,train
normal,1156,normal_0034,49,2022-07-12 00:04:30.727,4.9,0.05769,0.205109,21.778228,0,train
normal,1157,normal_0035,0,2022-07-12 00:04:32.537,0.0,-0.027328,-0.083484,181.07714,0,train
normal,1158,normal_0035,1,2022-07-12 00:04:32.637,0.1,-0.167495,-0.076786,125.12983,0,train
normal,1159,normal_0035,2,2022-07-12 00:04:32.737,0.2,0.035978,0.185588,51.636702,0,train
normal,1160,normal_0035,3,2022-07-12 00:04:32.837,0.3,0.047865,0.168195,-26.626471,0,train
normal,1161,normal_0035,4,2022-07-12 00:04:32.937,0.4,0.020209,-0.119076,-115.62516,0,train
normal,1162,normal_0035,5,2022-07-12 00:04:33.037,0.5,0.092018,-0.1202,-171.01695,0,train
normal,1163,normal_0035,6,2022-07-12 00:04:33.137,0.6,-0.047321,-0.102444,-220.09864,0,train
normal,1164,normal_0035,7,2022-07-12 00:04:33.237,0.7,-0.071503,0.043616,-233.57895,0,train
normal,1165,normal_0035,8,2022-07-12 00:04:33.337,0.8,0.049159,0.25968,-192.88185,0,train
normal,1166,normal_0035,9,2022-07-12 00:04:33.437,0.9,-0.018188,0.040528,-145.27942,0,train
normal,1167,normal_0035,10,2022-07-12 00:04:33.537,1.0,-0.034639,-0.183052,-75.449356,0,train
normal,1168,normal_0035,11,2022-07-12 00:04:33.637,1.1,-0.012909,-0.115988,-1.786232,0,train
normal,1169,normal_0035,12,2022-07-12 00:04:33.737,1.2,-0.040827,-0.036686,87.343822,0,train
normal,1170,normal_0035,13,2022-07-12 00:04:33.837,1.3,0.01888,0.122135,155.18429,0,train
normal,1171,normal_0035,14,2022-07-12 00:04:33.937,1.4,0.006289,0.153788,202.66333,0,train
normal,1172,normal_0035,15,2022-07-12 00:04:34.037,1.5,0.031289,-0.067272,238.1002,0,train
normal,1173,normal_0035,16,2022-07-12 00:04:34.137,1.6,0.052145,-0.12993,208.658,0,train
normal,1174,normal_0035,17,2022-07-12 00:04:34.237,1.7,-0.121628,-0.10929,163.45789,0,train
normal,1175,normal_0035,18,2022-07-12 00:04:34.337,1.8,-0.053883,0.021602,101.29524,0,train
normal,1176,normal_0035,19,2022-07-12 00:04:34.437,1.9,0.027986,0.244796,28.123382,0,train
normal,1177,normal_0035,20,2022-07-12 00:04:34.537,2.0,-0.090179,0.058977,-55.777318,0,train
normal,1178,normal_0035,21,2022-07-12 00:04:34.637,2.1,0.066144,-0.155861,-136.59932,0,train
normal,1179,normal_0035,22,2022-07-12 00:04:34.737,2.2,0.028485,-0.127137,-183.14149,0,train
normal,1180,normal_0035,23,2022-07-12 00:04:34.837,2.3,-0.137046,-0.122551,-230.25813,0,train
normal,1181,normal_0035,24,2022-07-12 00:04:34.937,2.4,0.107992,0.121601,-220.80722,0,train
normal,1182,normal_0035,25,2022-07-12 00:04:35.037,2.5,0.07467,0.231512,-175.57826,0,train
normal,1183,normal_0035,26,2022-07-12 00:04:35.137,2.6,-0.073547,-0.06281,-123.40857,0,train
normal,1184,normal_0035,27,2022-07-12 00:04:35.237,2.7,0.0719,-0.094633,-51.428563,0,train
normal,1185,normal_0035,28,2022-07-12 00:04:35.337,2.8,-0.099364,-0.083575,25.029066,0,train
normal,1186,normal_0035,29,2022-07-12 00:04:35.437,2.9,-0.163612,-0.082928,113.87028,0,train
normal,1187,normal_0035,30,2022-07-12 00:04:35.537,3.0,0.09044,0.221113,167.97461,0,train
normal,1188,normal_0035,31,2022-07-12 00:04:35.637,3.1,0.087761,0.131467,217.04378,0,train
normal,1189,normal_0035,32,2022-07-12 00:04:35.737,3.2,0.09749,-0.152932,233.27604,0,train
normal,1190,normal_0035,33,2022-07-12 00:04:35.837,3.3,0.080358,-0.098221,192.00327,0,train
normal,1191,normal_0035,34,2022-07-12 00:04:35.937,3.4,-0.084525,-0.08127,144.87387,0,train
normal,1192,normal_0035,35,2022-07-12 00:04:36.037,3.5,-0.074137,0.052188,75.974712,0,train
normal,1193,normal_0035,36,2022-07-12 00:04:36.137,3.6,-0.024058,0.229457,2.85852,0,train
normal,1194,normal_0035,37,2022-07-12 00:04:36.237,3.7,0.015713,0.028857,-85.859667,0,train
normal,1195,normal_0035,38,2022-07-12 00:04:36.337,3.8,0.088317,-0.158813,-152.60269,0,train
normal,1196,normal_0035,39,2022-07-12 00:04:36.437,3.9,0.008095,-0.110686,-198.44522,0,train
normal,1197,normal_0035,40,2022-07-12 00:04:36.537,4.0,0.001339,-0.034767,-233.86147,0,train
normal,1198,normal_0035,41,2022-07-12 00:04:36.637,4.1,0.08356,0.160407,-204.27051,0,train
normal,1199,normal_0035,42,2022-07-12 00:04:36.737,4.2,-0.021583,0.189903,-160.10632,0,train
normal,1200,normal_0035,43,2022-07-12 00:04:36.837,4.3,-0.002214,-0.059097,-99.755657,0,train
normal,1201,normal_0035,44,2022-07-12 00:04:36.937,4.4,0.028406,-0.156474,-27.618173,0,train
normal,1202,normal_0035,45,2022-07-12 00:04:37.037,4.5,-0.128803,-0.139422,54.894335,0,train
normal,1203,normal_0035,46,2022-07-12 00:04:37.137,4.6,0.003644,0.053357,134.85314,0,train
normal,1204,normal_0035,47,2022-07-12 00:04:37.237,4.7,0.152327,0.242763,181.73709,0,train
normal,1205,normal_0035,48,2022-07-12 00:04:37.337,4.8,-0.012829,0.037122,228.90571,0,train
normal,1206,normal_0035,49,2022-07-12 00:04:37.437,4.9,0.039157,-0.133268,220.67931,0,train
normal,1207,normal_0036,0,2022-07-12 00:04:40.416,0.0,-0.019588,-0.011776,-101.92229,0,train
normal,1208,normal_0036,1,2022-07-12 00:04:40.516,0.1,-0.039241,-0.07716,-82.64781,0,train
normal,1209,normal_0036,2,2022-07-12 00:04:40.616,0.2,-0.052319,-0.010277,-52.490837,0,train
normal,1210,normal_0036,3,2022-07-12 00:04:40.716,0.3,-0.036141,0.036101,-10.080816,0,train
normal,1211,normal_0036,4,2022-07-12 00:04:40.816,0.4,0.001722,-0.056792,30.888323,0,train
normal,1212,normal_0036,5,2022-07-12 00:04:40.916,0.5,-0.021836,-0.071914,85.299979,0,train
normal,1213,normal_0036,6,2022-07-12 00:04:41.016,0.6,-0.022222,0.001439,107.61942,0,train
normal,1214,normal_0036,7,2022-07-12 00:04:41.116,0.7,-0.028784,-0.035436,110.04926,0,train
normal,1215,normal_0036,8,2022-07-12 00:04:41.216,0.8,-0.069667,-0.060584,108.06896,0,train
normal,1216,normal_0036,9,2022-07-12 00:04:41.316,0.9,-0.025969,0.002052,90.273272,0,train
normal,1217,normal_0036,10,2022-07-12 00:04:41.416,1.0,0.000871,0.020842,66.397079,0,train
normal,1218,normal_0036,11,2022-07-12 00:04:41.516,1.1,-0.019281,-0.019474,24.323824,0,train
normal,1219,normal_0036,12,2022-07-12 00:04:41.616,1.2,-0.032258,-0.062582,-14.97698,0,train
normal,1220,normal_0036,13,2022-07-12 00:04:41.716,1.3,-0.045712,-0.010062,-67.42204,0,train
normal,1221,normal_0036,14,2022-07-12 00:04:41.816,1.4,-0.005328,0.060873,-104.19918,0,train
normal,1222,normal_0036,15,2022-07-12 00:04:41.916,1.5,0.05078,0.037145,-107.57245,0,train
normal,1223,normal_0036,16,2022-07-12 00:04:42.016,1.6,0.01773,0.027449,-109.91026,0,train
normal,1224,normal_0036,17,2022-07-12 00:04:42.116,1.7,-0.002853,-0.024696,-95.244777,0,train
normal,1225,normal_0036,18,2022-07-12 00:04:42.216,1.8,6.4e-05,-0.053136,-74.666509,0,train
normal,1226,normal_0036,19,2022-07-12 00:04:42.316,1.9,-0.025344,0.04977,-37.570123,0,train
normal,1227,normal_0036,20,2022-07-12 00:04:42.416,2.0,0.020989,0.032876,3.018022,0,train
normal,1228,normal_0036,21,2022-07-12 00:04:42.516,2.1,0.055923,-0.04386,49.550897,0,train
normal,1229,normal_0036,22,2022-07-12 00:04:42.616,2.2,0.034204,0.014688,98.181736,0,train
normal,1230,normal_0036,23,2022-07-12 00:04:42.716,2.3,0.036202,0.048101,108.19913,0,train
normal,1231,normal_0036,24,2022-07-12 00:04:42.816,2.4,0.015267,0.010942,111.33422,0,train
normal,1232,normal_0036,25,2022-07-12 00:04:42.916,2.5,-0.022801,0.037088,102.72814,0,train
normal,1233,normal_0036,26,2022-07-12 00:04:43.016,2.6,0.034488,0.041755,84.009657,0,train
normal,1234,normal_0036,27,2022-07-12 00:04:43.116,2.7,0.093207,-0.001524,53.697831,0,train
normal,1235,normal_0036,28,2022-07-12 00:04:43.216,2.8,0.087099,0.014382,11.065604,0,train
normal,1236,normal_0036,29,2022-07-12 00:04:43.316,2.9,0.090028,-0.020359,-30.290011,0,train
normal,1237,normal_0036,30,2022-07-12 00:04:43.416,3.0,0.028675,-0.014467,-84.56708,0,train
normal,1238,normal_0036,31,2022-07-12 00:04:43.516,3.1,0.007705,0.080492,-106.34924,0,train
normal,1239,normal_0036,32,2022-07-12 00:04:43.616,3.2,0.060634,0.047068,-108.75572,0,train
normal,1240,normal_0036,33,2022-07-12 00:04:43.716,3.3,0.030548,0.021364,-106.7741,0,train
normal,1241,normal_0036,34,2022-07-12 00:04:43.816,3.4,0.030139,0.026677,-88.779341,0,train
normal,1242,normal_0036,35,2022-07-12 00:04:43.916,3.5,0.054299,-0.043565,-64.878352,0,train
normal,1243,normal_0036,36,2022-07-12 00:04:44.016,3.6,0.017219,-0.008688,-23.83745,0,train
normal,1244,normal_0036,37,2022-07-12 00:04:44.116,3.7,0.053334,0.03022,15.514137,0,train
normal,1245,normal_0037,0,2022-07-12 00:04:48.455,0.0,-0.076799,-0.138942,43.874269,0,train
normal,1246,normal_0037,1,2022-07-12 00:04:48.555,0.1,-0.059406,-0.027214,-29.150966,0,train
normal,1247,normal_0037,2,2022-07-12 00:04:48.655,0.2,0.067864,0.128223,-107.43619,0,train
normal,1248,normal_0037,3,2022-07-12 00:04:48.755,0.3,0.044136,0.171581,-155.82778,0,train
normal,1249,normal_0037,4,2022-07-12 00:04:48.855,0.4,0.035984,-0.063874,-205.94266,0,train
normal,1250,normal_0037,5,2022-07-12 00:04:48.955,0.5,0.08125,-0.150409,-214.32796,0,train
normal,1251,normal_0037,6,2022-07-12 00:04:49.055,0.6,-0.126674,-0.127645,-176.27659,0,train
normal,1252,normal_0037,7,2022-07-12 00:04:49.155,0.7,-0.103967,0.002316,-131.51039,0,train
normal,1253,normal_0037,8,2022-07-12 00:04:49.255,0.8,0.104149,0.251531,-65.55868,0,train
normal,1254,normal_0037,9,2022-07-12 00:04:49.355,0.9,-0.018613,0.096196,3.103257,0,train
normal,1255,normal_0037,10,2022-07-12 00:04:49.455,1.0,0.03788,-0.127316,84.195982,0,train
normal,1256,normal_0037,11,2022-07-12 00:04:49.555,1.1,0.072065,-0.107868,141.77276,0,train
normal,1257,normal_0037,12,2022-07-12 00:04:49.655,1.2,-0.17698,-0.123093,190.60066,0,train
normal,1258,normal_0037,13,2022-07-12 00:04:49.755,1.3,0.015015,0.097899,220.41443,0,train
normal,1259,normal_0037,14,2022-07-12 00:04:49.855,1.4,0.132362,0.224794,190.85958,0,train
normal,1260,normal_0037,15,2022-07-12 00:04:49.955,1.5,-0.05642,-0.08951,149.56869,0,train
normal,1261,normal_0037,16,2022-07-12 00:04:50.055,1.6,0.070373,-0.144857,88.280688,0,train
normal,1262,normal_0037,17,2022-07-12 00:04:50.155,1.7,0.025869,-0.037012,20.430329,0,train
normal,1263,normal_0037,18,2022-07-12 00:04:50.255,1.8,-0.111392,-0.007914,-57.123668,0,train
normal,1264,normal_0037,19,2022-07-12 00:04:50.355,1.9,0.030228,0.189985,-125.52203,0,train
normal,1265,normal_0037,20,2022-07-12 00:04:50.455,2.0,0.001119,0.128995,-172.10867,0,train
normal,1266,normal_0037,21,2022-07-12 00:04:50.555,2.1,0.024518,-0.134457,-215.53638,0,train
normal,1267,normal_0037,22,2022-07-12 00:04:50.655,2.2,0.084781,-0.124557,-201.66113,0,train
normal,1268,normal_0037,23,2022-07-12 00:04:50.755,2.3,-0.037187,-0.048638,-162.52555,0,train
normal,1269,normal_0037,24,2022-07-12 00:04:50.855,2.4,0.002367,0.065338,-109.99574,0,train
normal,1270,normal_0037,25,2022-07-12 00:04:50.955,2.5,-0.021838,0.177258,-42.341476,0,train
normal,1271,normal_0037,26,2022-07-12 00:04:51.055,2.6,-0.04149,0.019277,30.344847,0,train
normal,1272,normal_0037,27,2022-07-12 00:04:51.155,2.7,0.074336,-0.136864,108.25337,0,train
normal,1273,normal_0037,28,2022-07-12 00:04:51.255,2.8,-0.047167,-0.105438,157.11917,0,train
normal,1274,normal_0037,29,2022-07-12 00:04:51.355,2.9,-0.038731,-0.000273,206.86164,0,train
normal,1275,normal_0037,30,2022-07-12 00:04:51.455,3.0,0.119068,0.167596,214.9544,0,train
normal,1276,normal_0037,31,2022-07-12 00:04:51.555,3.1,-0.047928,0.138805,177.20833,0,train
normal,1277,normal_0037,32,2022-07-12 00:04:51.655,3.2,-0.032669,-0.077237,131.30798,0,train
normal,1278,normal_0037,33,2022-07-12 00:04:51.755,3.3,0.063789,-0.103122,64.548381,0,train
normal,1279,normal_0037,34,2022-07-12 00:04:51.855,3.4,-0.166217,-0.099909,-3.917098,0,train
normal,1280,normal_0037,35,2022-07-12 00:04:51.955,3.5,-0.033566,0.004984,-84.700237,0,train
normal,1281,normal_0037,36,2022-07-12 00:04:52.055,3.6,0.149052,0.222558,-141.68419,0,train
normal,1282,normal_0038,0,2022-07-12 00:04:56.641,0.0,-0.025931,-0.015734,-106.39359,0,train
normal,1283,normal_0038,1,2022-07-12 00:04:56.741,0.1,0.019403,0.007302,-89.435707,0,train
normal,1284,normal_0038,2,2022-07-12 00:04:56.841,0.2,-0.050976,0.02331,-64.36158,0,train
normal,1285,normal_0038,3,2022-07-12 00:04:56.941,0.3,-0.120549,-0.056901,-23.428324,0,train
normal,1286,normal_0038,4,2022-07-12 00:04:57.041,0.4,-0.062704,-0.005743,16.846182,0,train
normal,1287,normal_0038,5,2022-07-12 00:04:57.141,0.5,-0.039589,0.024831,71.55908,0,train
normal,1288,normal_0038,6,2022-07-12 00:04:57.241,0.6,0.016723,-0.030777,103.36067,0,train
normal,1289,normal_0038,7,2022-07-12 00:04:57.341,0.7,0.085138,-0.027416,108.00279,0,train
normal,1290,normal_0038,8,2022-07-12 00:04:57.441,0.8,-0.02047,-0.085625,110.66486,0,train
normal,1291,normal_0038,9,2022-07-12 00:04:57.541,0.9,-0.074273,-0.050622,96.204531,0,train
normal,1292,normal_0038,10,2022-07-12 00:04:57.641,1.0,-0.038022,0.024082,75.470337,0,train
normal,1293,normal_0038,11,2022-07-12 00:04:57.741,1.1,-0.101964,-0.001599,37.147407,0,train
normal,1294,normal_0038,12,2022-07-12 00:04:57.841,1.2,-0.058049,0.073548,-3.071189,0,train
normal,1295,normal_0038,13,2022-07-12 00:04:57.941,1.3,-0.004201,0.061423,-52.868373,0,train
normal,1296,normal_0038,14,2022-07-12 00:04:58.041,1.4,-0.059196,-0.062861,-96.830618,0,train
normal,1297,normal_0038,15,2022-07-12 00:04:58.141,1.5,0.023876,-0.035034,-104.99693,0,train
normal,1298,normal_0038,16,2022-07-12 00:04:58.241,1.6,-0.014044,0.009698,-110.03031,0,train
normal,1299,normal_0038,17,2022-07-12 00:04:58.341,1.7,-0.008016,-0.060409,-100.52539,0,train
normal,1300,normal_0038,18,2022-07-12 00:04:58.441,1.8,0.103031,-0.04028,-82.19708,0,train
normal,1301,normal_0038,19,2022-07-12 00:04:58.541,1.9,0.016848,0.006223,-50.430304,0,train
normal,1302,normal_0038,20,2022-07-12 00:04:58.641,2.0,0.046991,-0.030391,-9.345175,0,train
normal,1303,normal_0038,21,2022-07-12 00:04:58.741,2.1,0.027134,0.013149,34.958724,0,train
normal,1304,normal_0038,22,2022-07-12 00:04:58.841,2.2,-0.063681,0.038467,88.041793,0,train
normal,1305,normal_0038,23,2022-07-12 00:04:58.941,2.3,0.011796,0.053748,105.60466,0,train
normal,1306,normal_0039,0,2022-07-12 00:05:04.636,0.0,-0.041189,-0.048852,43.811923,0,train
normal,1307,normal_0039,1,2022-07-12 00:05:04.736,0.1,-0.104529,0.047004,126.09281,0,train
normal,1308,normal_0039,2,2022-07-12 00:05:04.836,0.2,-0.039679,0.233152,187.52279,0,train
normal,1309,normal_0039,3,2022-07-12 00:05:04.936,0.3,0.072343,0.126249,236.85327,0,train
normal,1310,normal_0039,4,2022-07-12 00:05:05.036,0.4,0.013477,-0.240268,241.12776,0,train
normal,1311,normal_0039,5,2022-07-12 00:05:05.136,0.5,-0.020901,-0.215427,202.64688,0,train
normal,1312,normal_0039,6,2022-07-12 00:05:05.236,0.6,-0.00067,0.01811,144.66037,0,train
normal,1313,normal_0039,7,2022-07-12 00:05:05.336,0.7,-0.022388,0.128827,66.661366,0,train
normal,1314,normal_0039,8,2022-07-12 00:05:05.436,0.8,-0.022309,0.220459,-14.731647,0,train
normal,1315,normal_0039,9,2022-07-12 00:05:05.536,0.9,0.011615,0.016872,-99.822533,0,train
normal,1316,normal_0039,10,2022-07-12 00:05:05.636,1.0,-0.089464,-0.267845,-169.32084,0,train
normal,1317,normal_0039,11,2022-07-12 00:05:05.736,1.1,-0.160944,-0.156072,-224.20886,0,train
normal,1318,normal_0040,0,2022-07-12 00:05:12.566,0.0,0.037012,0.002452,-28.037671,0,train
normal,1319,normal_0040,1,2022-07-12 00:05:12.666,0.1,-0.002906,-0.026261,-80.081234,0,train
normal,1320,normal_0040,2,2022-07-12 00:05:12.766,0.2,0.10562,0.046219,-112.59712,0,train
normal,1321,normal_0040,3,2022-07-12 00:05:12.866,0.3,0.037001,-0.001158,-112.15331,0,train
normal,1322,normal_0040,4,2022-07-12 00:05:12.966,0.4,-0.072059,-0.001738,-109.97917,0,train
normal,1323,normal_0040,5,2022-07-12 00:05:13.066,0.5,0.024013,0.051736,-90.494644,0,train
normal,1324,normal_0040,6,2022-07-12 00:05:13.166,0.6,-0.002463,0.006743,-66.560872,0,train
normal,1325,normal_0040,7,2022-07-12 00:05:13.266,0.7,0.038647,0.013692,-24.459603,0,train
normal,1326,normal_0040,8,2022-07-12 00:05:13.366,0.8,0.133413,0.046593,18.615129,0,train
normal,1327,normal_0040,9,2022-07-12 00:05:13.466,0.9,0.005564,0.003564,65.200337,0,train
normal,1328,normal_0040,10,2022-07-12 00:05:13.566,1.0,0.008947,0.051248,110.27719,0,train
normal,1329,normal_0040,11,2022-07-12 00:05:13.666,1.1,0.022821,0.052917,115.10421,0,train
normal,1330,normal_0041,0,2022-07-12 00:05:20.498,0.0,0.033547,-0.251701,14.682295,0,train
normal,1331,normal_0042,0,2022-07-12 00:05:22.496,0.0,0.058874,0.058935,-59.977181,0,train
normal,1332,normal_0042,1,2022-07-12 00:05:22.596,0.1,0.036825,0.022605,-10.459186,0,train
normal,1333,normal_0042,2,2022-07-12 00:05:22.696,0.2,-0.014866,0.014464,32.685403,0,train
normal,1334,normal_0042,3,2022-07-12 00:05:22.796,0.3,0.100211,0.0354,83.192478,0,train
normal,1335,normal_0042,4,2022-07-12 00:05:22.896,0.4,-0.108474,-0.06989,127.2278,0,train
normal,1336,normal_0042,5,2022-07-12 00:05:22.996,0.5,-0.077525,0.04379,126.32455,0,train
normal,1337,normal_0042,6,2022-07-12 00:05:23.096,0.6,0.046271,0.078326,120.79562,0,train
normal,1338,normal_0042,7,2022-07-12 00:05:23.196,0.7,-0.065388,-0.096048,100.06405,0,train
normal,1339,normal_0042,8,2022-07-12 00:05:23.296,0.8,0.109713,-0.021423,73.284873,0,train
normal,1340,normal_0042,9,2022-07-12 00:05:23.396,0.9,0.074121,-0.027702,30.179862,0,train
normal,1341,normal_0042,10,2022-07-12 00:05:23.496,1.0,-0.076094,-0.050579,-17.960789,0,train
normal,1342,normal_0042,11,2022-07-12 00:05:23.596,1.1,0.022838,0.134332,-61.321743,0,train
normal,1343,normal_0042,12,2022-07-12 00:05:23.696,1.2,-0.080817,0.053304,-115.60108,0,train
normal,1344,normal_0042,13,2022-07-12 00:05:23.796,1.3,-0.059575,-0.06259,-126.75501,0,train
normal,1345,normal_0042,14,2022-07-12 00:05:23.896,1.4,0.044977,-0.007572,-121.13632,0,train
normal,1346,normal_0042,15,2022-07-12 00:05:23.996,1.5,-0.038719,-0.034037,-107.89443,0,train
normal,1347,normal_0042,16,2022-07-12 00:05:24.096,1.6,0.036632,0.032459,-82.071076,0,train
normal,1348,normal_0042,17,2022-07-12 00:05:24.196,1.7,0.06665,0.069448,-48.024064,0,train
normal,1349,normal_0042,18,2022-07-12 00:05:24.296,1.8,-0.038731,-0.069425,2.331853,0,train
normal,1350,normal_0042,19,2022-07-12 00:05:24.396,1.9,-0.003149,-0.060104,42.772775,0,train
normal,1351,normal_0042,20,2022-07-12 00:05:24.496,2.0,0.004991,-0.005631,98.678243,0,train
normal,1352,normal_0042,21,2022-07-12 00:05:24.596,2.1,-0.055238,-0.007323,127.64539,0,train
normal,1353,normal_0042,22,2022-07-12 00:05:24.696,2.2,-0.018295,0.069584,122.72812,0,train
normal,1354,normal_0042,23,2022-07-12 00:05:24.796,2.3,-0.005545,-0.005892,115.93224,0,train
normal,1355,normal_0042,24,2022-07-12 00:05:24.896,2.4,-0.028717,-0.054484,92.564236,0,train
normal,1356,normal_0042,25,2022-07-12 00:05:24.996,2.5,0.071794,0.063556,64.995058,0,train
normal,1357,normal_0042,26,2022-07-12 00:05:25.096,2.6,0.054695,-0.01745,17.085673,0,train
normal,1358,normal_0042,27,2022-07-12 00:05:25.196,2.7,-0.097529,-0.059389,-24.963501,0,train
normal,1359,normal_0042,28,2022-07-12 00:05:25.296,2.8,-0.030216,0.034071,-75.133094,0,train
normal,1360,normal_0042,29,2022-07-12 00:05:25.396,2.9,0.012291,-0.018562,-120.89063,0,train
normal,1361,normal_0042,30,2022-07-12 00:05:25.496,3.0,0.02562,0.003372,-121.38356,0,train
normal,1362,normal_0042,31,2022-07-12 00:05:25.596,3.1,0.091946,0.01569,-117.93353,0,train
normal,1363,normal_0042,32,2022-07-12 00:05:25.696,3.2,-0.063537,-0.066098,-100.30736,0,train
normal,1364,normal_0042,33,2022-07-12 00:05:25.796,3.3,-0.05601,0.039294,-75.677046,0,train
normal,1365,normal_0042,34,2022-07-12 00:05:25.896,3.4,0.008851,0.025011,-35.798792,0,train
normal,1366,normal_0042,35,2022-07-12 00:05:25.996,3.5,-0.06171,-0.049341,9.999038,0,train
normal,1367,normal_0042,36,2022-07-12 00:05:26.096,3.6,0.10012,0.056767,53.114659,0,train
normal,1368,normal_0042,37,2022-07-12 00:05:26.196,3.7,0.029696,-0.064986,108.78099,0,train
normal,1369,normal_0042,38,2022-07-12 00:05:26.296,3.8,-0.09108,-0.062556,122.88143,0,train
normal,1370,normal_0042,39,2022-07-12 00:05:26.396,3.9,0.049791,0.164861,119.80142,0,train
normal,1371,normal_0042,40,2022-07-12 00:05:26.496,4.0,-0.046621,0.01141,109.69831,0,train
normal,1372,normal_0042,41,2022-07-12 00:05:26.596,4.1,-0.009008,-0.062886,86.694489,0,train
normal,1373,normal_0042,42,2022-07-12 00:05:26.696,4.2,0.091605,0.043097,55.02463,0,train
normal,1374,normal_0042,43,2022-07-12 00:05:26.796,4.3,-0.034155,-0.069414,7.168771,0,train
normal,1375,normal_0042,44,2022-07-12 00:05:26.896,4.4,0.008567,-0.009094,-32.783274,0,train
normal,1376,normal_0042,45,2022-07-12 00:05:26.996,4.5,0.002811,0.053917,-88.913094,0,train
normal,1377,normal_0042,46,2022-07-12 00:05:27.096,4.6,-0.033156,-0.078701,-119.52139,0,train
normal,1378,normal_0042,47,2022-07-12 00:05:27.196,4.7,0.075756,0.002509,-117.44584,0,train
normal,1379,normal_0042,48,2022-07-12 00:05:27.296,4.8,0.007557,0.050431,-113.99366,0,train
normal,1380,normal_0042,49,2022-07-12 00:05:27.396,4.9,-0.039048,-0.045458,-93.644869,0,train
normal,1381,normal_0043,0,2022-07-12 00:05:29.007,0.0,0.151804,0.02384,-50.706512,0,train
normal,1382,normal_0043,1,2022-07-12 00:05:29.107,0.1,-0.019233,-0.000218,-97.016346,0,train
normal,1383,normal_0043,2,2022-07-12 00:05:29.207,0.2,0.05596,0.07661,-105.66105,0,train
normal,1384,normal_0043,3,2022-07-12 00:05:29.307,0.3,0.084979,0.130322,-110.44313,0,train
normal,1385,normal_0043,4,2022-07-12 00:05:29.407,0.4,-0.050772,0.007514,-101.35926,0,train
normal,1386,normal_0043,5,2022-07-12 00:05:29.507,0.5,0.128723,0.072545,-82.318793,0,train
normal,1387,normal_0043,6,2022-07-12 00:05:29.607,0.6,0.069152,0.062861,-51.630742,0,train
normal,1388,normal_0043,7,2022-07-12 00:05:29.707,0.7,-0.002317,-0.057631,-9.990455,0,train
normal,1389,normal_0043,8,2022-07-12 00:05:29.807,0.8,0.149091,0.057673,33.008222,0,train
normal,1390,normal_0043,9,2022-07-12 00:05:29.907,0.9,0.005653,0.048261,86.470495,0,train
normal,1391,normal_0043,10,2022-07-12 00:05:30.007,1.0,0.063476,-0.028294,105.8432,0,train
normal,1392,normal_0043,11,2022-07-12 00:05:30.107,1.1,0.133934,0.04985,109.68603,0,train
normal,1393,normal_0043,12,2022-07-12 00:05:30.207,1.2,-0.062091,0.01327,107.466,0,train
normal,1394,normal_0043,13,2022-07-12 00:05:30.307,1.3,0.00915,0.022614,90.045701,0,train
normal,1395,normal_0043,14,2022-07-12 00:05:30.407,1.4,-0.009673,0.074634,65.821894,0,train
normal,1396,normal_0043,15,2022-07-12 00:05:30.507,1.5,-0.086739,0.008502,24.480107,0,train
normal,1397,normal_0043,16,2022-07-12 00:05:30.607,1.6,0.066995,0.034864,-15.22875,0,train
normal,1398,normal_0043,17,2022-07-12 00:05:30.707,1.7,0.005597,0.024419,-69.034465,0,train
normal,1399,normal_0043,18,2022-07-12 00:05:30.807,1.8,-0.051851,-0.046709,-102.81147,0,train
normal,1400,normal_0043,19,2022-07-12 00:05:30.907,1.9,0.011705,0.012532,-106.6034,0,train
normal,1401,normal_0043,20,2022-07-12 00:05:31.007,2.0,-0.068733,-0.001512,-109.74754,0,train
normal,1402,normal_0043,21,2022-07-12 00:05:31.107,2.1,-0.022832,-0.057393,-95.142137,0,train
normal,1403,normal_0043,22,2022-07-12 00:05:31.207,2.2,0.061648,-0.027261,-74.491629,0,train
normal,1404,normal_0043,23,2022-07-12 00:05:31.307,2.3,-0.035525,-0.0369,-37.025218,0,train
normal,1405,normal_0043,24,2022-07-12 00:05:31.407,2.4,-0.061671,-0.001546,3.216625,0,train
normal,1406,normal_0043,25,2022-07-12 00:05:31.507,2.5,-0.035752,-0.018758,51.699168,0,train
normal,1407,normal_0043,26,2022-07-12 00:05:31.607,2.6,-0.135808,-0.086809,97.970736,0,train
normal,1408,normal_0043,27,2022-07-12 00:05:31.707,2.7,-0.059628,0.042834,106.66407,0,train
normal,1409,normal_0043,28,2022-07-12 00:05:31.807,2.8,0.008571,0.04087,111.26543,0,train
normal,1410,normal_0043,29,2022-07-12 00:05:31.907,2.9,-0.090963,-0.116418,102.38434,0,train
normal,1411,normal_0043,30,2022-07-12 00:05:32.007,3.0,0.03264,-0.010742,83.721409,0,train
normal,1412,normal_0043,31,2022-07-12 00:05:32.107,3.1,0.029677,0.048454,52.786953,0,train
normal,1413,normal_0043,32,2022-07-12 00:05:32.207,3.2,-0.03381,-0.054441,11.087181,0,train
normal,1414,normal_0043,33,2022-07-12 00:05:32.307,3.3,0.022082,-0.006712,-31.96669,0,train
normal,1415,normal_0043,34,2022-07-12 00:05:32.407,3.4,-0.102214,-0.017327,-85.785161,0,train
normal,1416,normal_0043,35,2022-07-12 00:05:32.507,3.5,-0.085173,-0.024241,-104.70439,0,train
normal,1417,normal_0043,36,2022-07-12 00:05:32.607,3.6,0.004723,0.033013,-108.58752,0,train
normal,1418,normal_0043,37,2022-07-12 00:05:32.707,3.7,-0.045879,-0.057018,-106.70818,0,train
normal,1419,normal_0043,38,2022-07-12 00:05:32.807,3.8,0.020492,-0.019564,-88.705908,0,train
normal,1420,normal_0043,39,2022-07-12 00:05:32.907,3.9,0.017586,0.026485,-64.002879,0,train
normal,1421,normal_0043,40,2022-07-12 00:05:33.007,4.0,-0.107573,-0.085765,-22.506955,0,train
normal,1422,normal_0043,41,2022-07-12 00:05:33.107,4.1,-0.039748,-0.026308,17.668369,0,train
normal,1423,normal_0043,42,2022-07-12 00:05:33.207,4.2,-0.018574,0.03374,71.203956,0,train
normal,1424,normal_0043,43,2022-07-12 00:05:33.307,4.3,-0.016644,-0.004918,104.0677,0,train
normal,1425,normal_0043,44,2022-07-12 00:05:33.407,4.4,0.0886,0.0381,107.65649,0,train
normal,1426,normal_0043,45,2022-07-12 00:05:33.507,4.5,-0.011388,-0.066861,110.56687,0,train
normal,1427,normal_0043,46,2022-07-12 00:05:33.607,4.6,-0.018643,-0.10796,95.745933,0,train
normal,1428,normal_0043,47,2022-07-12 00:05:33.707,4.7,0.062579,0.07493,75.434217,0,train
normal,1429,normal_0043,48,2022-07-12 00:05:33.807,4.8,-0.033856,-0.007665,38.184409,0,train
normal,1430,normal_0043,49,2022-07-12 00:05:33.907,4.9,0.022275,-0.089761,-2.195359,0,train
normal,1431,normal_0044,0,2022-07-12 00:05:36.499,0.0,0.021463,-0.249756,-23.831728,0,train
normal,1432,normal_0044,1,2022-07-12 00:05:36.599,0.1,-0.027833,-0.202436,60.984142,0,train
normal,1433,normal_0044,2,2022-07-12 00:05:36.699,0.2,0.020805,0.077763,141.0773,0,train
normal,1434,normal_0044,3,2022-07-12 00:05:36.799,0.3,0.049472,0.201797,204.96657,0,train
normal,1435,normal_0044,4,2022-07-12 00:05:36.899,0.4,0.008475,0.156225,243.82546,0,train
normal,1436,normal_0044,5,2022-07-12 00:05:36.999,0.5,0.037301,-0.068751,233.84979,0,train
normal,1437,normal_0044,6,2022-07-12 00:05:37.099,0.6,-0.030308,-0.258476,194.25895,0,train
normal,1438,normal_0044,7,2022-07-12 00:05:37.199,0.7,-0.12454,-0.13678,131.02247,0,train
normal,1439,normal_0044,8,2022-07-12 00:05:37.299,0.8,0.013527,0.169804,52.067286,0,train
normal,1440,normal_0044,9,2022-07-12 00:05:37.399,0.9,0.075505,0.283382,-30.723456,0,train
normal,1441,normal_0044,10,2022-07-12 00:05:37.499,1.0,-0.000925,0.052104,-115.69907,0,train
normal,1442,normal_0044,11,2022-07-12 00:05:37.599,1.1,0.047031,-0.175608,-185.40289,0,train
normal,1443,normal_0044,12,2022-07-12 00:05:37.699,1.2,-0.032714,-0.206205,-236.2583,0,train
normal,1444,normal_0044,13,2022-07-12 00:05:37.799,1.3,-0.096883,-0.064244,-242.1532,0,train
normal,1445,normal_0044,14,2022-07-12 00:05:37.899,1.4,0.082317,0.218032,-208.94077,0,train
normal,1446,normal_0044,15,2022-07-12 00:05:37.999,1.5,0.091672,0.234154,-154.19008,0,train
normal,1447,normal_0044,16,2022-07-12 00:05:38.099,1.6,0.009304,-0.059101,-77.505479,0,train
normal,1448,normal_0044,17,2022-07-12 00:05:38.199,1.7,0.001629,-0.189629,4.55165,0,train
normal,1449,normal_0044,18,2022-07-12 00:05:38.299,1.8,-0.084724,-0.143694,91.134797,0,train
normal,1450,normal_0044,19,2022-07-12 00:05:38.399,1.9,-0.087256,0.042034,166.63541,0,train
normal,1451,normal_0044,20,2022-07-12 00:05:38.499,2.0,0.069544,0.281736,225.60134,0,train
normal,1452,normal_0044,21,2022-07-12 00:05:38.599,2.1,0.157214,0.139843,248.61673,0,train
normal,1453,normal_0044,22,2022-07-12 00:05:38.699,2.2,0.077378,-0.178639,224.78607,0,train
normal,1454,normal_0044,23,2022-07-12 00:05:38.799,2.3,-0.023223,-0.212063,177.04513,0,train
normal,1455,normal_0044,24,2022-07-12 00:05:38.899,2.4,-0.053514,-0.047906,105.00492,0,train
normal,1456,normal_0044,25,2022-07-12 00:05:38.999,2.5,-0.077355,0.161119,24.845126,0,train
normal,1457,normal_0044,26,2022-07-12 00:05:39.099,2.6,-0.016127,0.243884,-60.680516,0,train
normal,1458,normal_0044,27,2022-07-12 00:05:39.199,2.7,0.104104,0.019044,-142.40982,0,train
normal,1459,normal_0044,28,2022-07-12 00:05:39.299,2.8,0.036007,-0.251243,-207.5819,0,train
normal,1460,normal_0044,29,2022-07-12 00:05:39.399,2.9,-0.022338,-0.187268,-246.94601,0,train
normal,1461,normal_0044,30,2022-07-12 00:05:39.499,3.0,0.033509,0.051514,-236.08187,0,train
normal,1462,normal_0044,31,2022-07-12 00:05:39.599,3.1,-0.005966,0.221461,-195.26699,0,train
normal,1463,normal_0044,32,2022-07-12 00:05:39.699,3.2,-0.018886,0.212049,-130.71229,0,train
normal,1464,normal_0044,33,2022-07-12 00:05:39.799,3.3,0.003037,-0.089516,-49.973255,0,train
normal,1465,normal_0044,34,2022-07-12 00:05:39.899,3.4,-0.052242,-0.29442,34.427885,0,train
normal,1466,normal_0044,35,2022-07-12 00:05:39.999,3.5,-0.087539,-0.124598,120.35109,0,train
normal,1467,normal_0044,36,2022-07-12 00:05:40.099,3.6,0.047587,0.135006,190.93289,0,train
normal,1468,normal_0044,37,2022-07-12 00:05:40.199,3.7,0.134076,0.240864,241.44378,0,train
normal,1469,normal_0044,38,2022-07-12 00:05:40.299,3.8,0.018648,0.04955,246.68995,0,train
normal,1470,normal_0044,39,2022-07-12 00:05:40.399,3.9,-0.022406,-0.186235,213.02035,0,train
normal,1471,normal_0044,40,2022-07-12 00:05:40.499,4.0,-0.108009,-0.179831,155.90527,0,train
normal,1472,normal_0044,41,2022-07-12 00:05:40.599,4.1,-0.202514,-0.0648,77.869186,0,train
normal,1473,normal_0044,42,2022-07-12 00:05:40.699,4.2,-0.01565,0.183802,-3.821135,0,train
normal,1474,normal_0045,0,2022-07-12 00:05:44.604,0.0,0.035158,-0.121465,-184.79266,0,train
normal,1475,normal_0045,1,2022-07-12 00:05:44.704,0.1,-0.130975,-0.092787,-182.04608,0,train
normal,1476,normal_0045,2,2022-07-12 00:05:44.804,0.2,0.021182,0.115227,-156.87491,0,train
normal,1477,normal_0045,3,2022-07-12 00:05:44.904,0.3,0.063143,0.186742,-114.38323,0,train
normal,1478,normal_0045,4,2022-07-12 00:05:45.004,0.4,-0.104385,-0.03039,-57.769067,0,train
normal,1479,normal_0045,5,2022-07-12 00:05:45.104,0.5,0.060907,-0.10338,4.37665,0,train
normal,1480,normal_0045,6,2022-07-12 00:05:45.204,0.6,-0.015546,-0.114665,71.365007,0,train
normal,1481,normal_0045,7,2022-07-12 00:05:45.304,0.7,-0.131395,-0.068173,123.12211,0,train
normal,1482,normal_0045,8,2022-07-12 00:05:45.404,0.8,0.085498,0.141113,172.40395,0,train
normal,1483,normal_0045,9,2022-07-12 00:05:45.504,0.9,0.00665,0.106656,186.71706,0,train
normal,1484,normal_0045,10,2022-07-12 00:05:45.604,1.0,-0.042453,-0.05942,165.80739,0,train
normal,1485,normal_0045,11,2022-07-12 00:05:45.704,1.1,0.063893,-0.073986,131.71782,0,train
normal,1486,normal_0045,12,2022-07-12 00:05:45.804,1.2,-0.11726,-0.106888,78.376899,0,train
normal,1487,normal_0045,13,2022-07-12 00:05:45.904,1.3,-0.110539,0.02741,20.636442,0,train
normal,1488,normal_0045,14,2022-07-12 00:05:46.004,1.4,0.077222,0.193803,-47.623521,0,train
normal,1489,normal_0045,15,2022-07-12 00:05:46.104,1.5,0.025746,0.008416,-102.83519,0,train
normal,1490,normal_0045,16,2022-07-12 00:05:46.204,1.6,0.038518,-0.128448,-152.96163,0,train
normal,1491,normal_0045,17,2022-07-12 00:05:46.304,1.7,0.063075,-0.089529,-184.6024,0,train
normal,1492,normal_0045,18,2022-07-12 00:05:46.404,1.8,-0.05929,-0.044536,-170.24281,0,train
normal,1493,normal_0045,19,2022-07-12 00:05:46.504,1.9,-0.033064,0.115602,-142.96402,0,train
normal,1494,normal_0045,20,2022-07-12 00:05:46.604,2.0,-0.025775,0.116942,-96.020352,0,train
normal,1495,normal_0045,21,2022-07-12 00:05:46.704,2.1,-0.029056,-0.045592,-40.865784,0,train
normal,1496,normal_0045,22,2022-07-12 00:05:46.804,2.2,0.080571,-0.07939,24.026993,0,train
normal,1497,normal_0045,23,2022-07-12 00:05:46.904,2.3,-0.019906,-0.11949,85.162054,0,train
normal,1498,normal_0045,24,2022-07-12 00:05:47.004,2.4,-0.023221,-0.001132,132.54108,0,train
normal,1499,normal_0045,25,2022-07-12 00:05:47.104,2.5,0.077233,0.201955,178.14126,0,train
normal,1500,normal_0045,26,2022-07-12 00:05:47.204,2.6,-0.032553,0.066874,177.71055,0,train
normal,1501,normal_0045,27,2022-07-12 00:05:47.304,2.7,0.044467,-0.078346,153.3158,0,train
normal,1502,normal_0045,28,2022-07-12 00:05:47.404,2.8,0.03375,-0.125405,114.81668,0,train
normal,1503,normal_0046,0,2022-07-12 00:05:52.492,0.0,0.067406,-0.032848,-106.75598,0,train
normal,1504,normal_0046,1,2022-07-12 00:05:52.592,0.1,0.019178,0.006979,-90.282809,0,train
normal,1505,normal_0046,2,2022-07-12 00:05:52.692,0.2,-0.012975,-0.041602,-67.010768,0,train
normal,1506,normal_0046,3,2022-07-12 00:05:52.792,0.3,-0.03559,0.006831,-26.304606,0,train
normal,1507,normal_0046,4,2022-07-12 00:05:52.892,0.4,-0.072284,0.090743,11.966588,0,train
normal,1508,normal_0046,5,2022-07-12 00:05:52.992,0.5,0.011787,0.016833,64.041265,0,train
normal,1509,normal_0046,6,2022-07-12 00:05:53.092,0.6,0.046312,-0.017226,101.34305,0,train
normal,1510,normal_0046,7,2022-07-12 00:05:53.192,0.7,-0.033104,-0.011731,106.21263,0,train
normal,1511,normal_0046,8,2022-07-12 00:05:53.292,0.8,-0.037577,-0.069542,109.92671,0,train
normal,1512,normal_0046,9,2022-07-12 00:05:53.392,0.9,-0.04532,-0.010335,96.88164,0,train
normal,1513,normal_0046,10,2022-07-12 00:05:53.492,1.0,-0.067936,0.068423,77.145109,0,train
normal,1514,normal_0046,11,2022-07-12 00:05:53.592,1.1,-0.014212,0.012894,41.242843,0,train
normal,1515,normal_0046,12,2022-07-12 00:05:53.692,1.2,-0.075452,-0.007111,1.452565,0,train
normal,1516,normal_0046,13,2022-07-12 00:05:53.792,1.3,-0.1126,-0.03278,-44.722682,0,train
normal,1517,normal_0046,14,2022-07-12 00:05:53.892,1.4,-0.072171,-0.012288,-92.76713,0,train
normal,1518,normal_0046,15,2022-07-12 00:05:53.992,1.5,-0.104005,0.055253,-103.95004,0,train
normal,1519,normal_0046,16,2022-07-12 00:05:54.092,1.6,-0.071728,-0.062401,-108.78826,0,train
normal,1520,normal_0047,0,2022-07-12 00:06:00.487,0.0,-0.144359,0.114354,19.250872,0,train
normal,1521,normal_0047,1,2022-07-12 00:06:00.587,0.1,0.102041,0.277852,102.34333,0,train
normal,1522,normal_0047,2,2022-07-12 00:06:00.687,0.2,0.065324,0.034574,170.13313,0,train
normal,1523,normal_0047,3,2022-07-12 00:06:00.787,0.3,0.017186,-0.244319,223.66407,0,train
normal,1524,normal_0047,4,2022-07-12 00:06:00.887,0.4,0.022307,-0.183545,239.20527,0,train
normal,1525,normal_0048,0,2022-07-12 00:06:02.560,0.0,0.055612,0.164168,-227.68679,0,train
normal,1526,normal_0048,1,2022-07-12 00:06:02.660,0.1,0.079488,0.173012,-197.91856,0,train
normal,1527,normal_0048,2,2022-07-12 00:06:02.760,0.2,0.01507,-0.081528,-154.78661,0,train
normal,1528,normal_0048,3,2022-07-12 00:06:02.860,0.3,-0.047612,-0.177077,-93.382012,0,train
normal,1529,normal_0048,4,2022-07-12 00:06:02.960,0.4,-0.098758,-0.072037,-23.607376,0,train
normal,1530,normal_0048,5,2022-07-12 00:06:03.060,0.5,0.025276,0.100533,55.885441,0,train
normal,1531,normal_0048,6,2022-07-12 00:06:03.160,0.6,0.054897,0.186704,128.16097,0,train
normal,1532,normal_0048,7,2022-07-12 00:06:03.260,0.7,0.033564,0.021866,176.9618,0,train
normal,1533,normal_0048,8,2022-07-12 00:06:03.360,0.8,0.127751,-0.143165,222.98363,0,train
normal,1534,normal_0048,9,2022-07-12 00:06:03.460,0.9,-0.046783,-0.178757,211.77282,0,train
normal,1535,normal_0048,10,2022-07-12 00:06:03.560,1.0,-0.104707,-0.030348,170.49565,0,train
normal,1536,normal_0048,11,2022-07-12 00:06:03.660,1.1,0.088287,0.225646,117.37777,0,train
normal,1537,normal_0048,12,2022-07-12 00:06:03.760,1.2,-0.037837,0.144288,48.62178,0,train
normal,1538,normal_0048,13,2022-07-12 00:06:03.860,1.3,-0.044376,-0.07651,-24.764779,0,train
normal,1539,normal_0048,14,2022-07-12 00:06:03.960,1.4,0.097256,-0.109809,-104.38801,0,train
normal,1540,normal_0048,15,2022-07-12 00:06:04.060,1.5,-0.100495,-0.124466,-156.5726,0,train
normal,1541,normal_0048,16,2022-07-12 00:06:04.160,1.6,-0.044399,0.007958,-207.59299,0,train
normal,1542,normal_0048,17,2022-07-12 00:06:04.260,1.7,0.163309,0.222864,-218.50779,0,train
normal,1543,normal_0048,18,2022-07-12 00:06:04.360,1.8,0.024822,0.057561,-181.3338,0,train
normal,1544,normal_0048,19,2022-07-12 00:06:04.460,1.9,-0.000655,-0.162363,-136.58966,0,train
normal,1545,normal_0048,20,2022-07-12 00:06:04.560,2.0,0.013026,-0.099512,-70.464858,0,train
normal,1546,normal_0048,21,2022-07-12 00:06:04.660,2.1,-0.136201,-0.028769,-0.771523,0,train
normal,1547,normal_0048,22,2022-07-12 00:06:04.760,2.2,-0.072998,0.126135,79.810033,0,train
normal,1548,normal_0048,23,2022-07-12 00:06:04.860,2.3,0.063321,0.211171,139.68946,0,train
normal,1549,normal_0048,24,2022-07-12 00:06:04.960,2.4,0.040955,-0.042132,189.18898,0,train
normal,1550,normal_0048,25,2022-07-12 00:06:05.060,2.5,0.035982,-0.191553,221.86175,0,train
normal,1551,normal_0048,26,2022-07-12 00:06:05.160,2.6,0.005374,-0.078928,195.2007,0,train
normal,1552,normal_0048,27,2022-07-12 00:06:05.260,2.7,-0.051483,0.020333,154.28938,0,train
normal,1553,normal_0048,28,2022-07-12 00:06:05.360,2.8,-0.047476,0.141075,94.964158,0,train
normal,1554,normal_0048,29,2022-07-12 00:06:05.460,2.9,-0.023043,0.123796,27.882699,0,train
normal,1555,normal_0048,30,2022-07-12 00:06:05.560,3.0,0.037311,-0.102759,-48.919564,0,train
normal,1556,normal_0048,31,2022-07-12 00:06:05.660,3.1,0.002615,-0.17274,-119.56848,0,train
normal,1557,normal_0048,32,2022-07-12 00:06:05.760,3.2,-0.085804,-0.053837,-166.86549,0,train
normal,1558,normal_0048,33,2022-07-12 00:06:05.860,3.3,0.048936,0.128587,-213.36582,0,train
normal,1559,normal_0048,34,2022-07-12 00:06:05.960,3.4,0.056861,0.196695,-204.23307,0,train
normal,1560,normal_0048,35,2022-07-12 00:06:06.060,3.5,-0.061054,0.002611,-165.5195,0,train
normal,1561,normal_0048,36,2022-07-12 00:06:06.160,3.6,0.062731,-0.136716,-115.84069,0,train
normal,1562,normal_0048,37,2022-07-12 00:06:06.260,3.7,-0.104242,-0.147388,-49.038893,0,train
normal,1563,normal_0048,38,2022-07-12 00:06:06.360,3.8,-0.157012,-0.044607,21.751406,0,train
normal,1564,normal_0048,39,2022-07-12 00:06:06.460,3.9,0.145019,0.219424,99.570286,0,train
normal,1565,normal_0048,40,2022-07-12 00:06:06.560,4.0,0.029693,0.116893,149.38142,0,train
normal,1566,normal_0048,41,2022-07-12 00:06:06.660,4.1,0.000583,-0.124648,199.61097,0,train
normal,1567,normal_0048,42,2022-07-12 00:06:06.760,4.2,0.107712,-0.084684,213.73072,0,train
normal,1568,normal_0048,43,2022-07-12 00:06:06.860,4.3,-0.119909,-0.097843,177.88675,0,train
normal,1569,normal_0048,44,2022-07-12 00:06:06.960,4.4,-0.132148,0.024841,135.23282,0,train
normal,1570,normal_0048,45,2022-07-12 00:06:07.060,4.5,0.081373,0.243107,72.236904,0,train
normal,1571,normal_0048,46,2022-07-12 00:06:07.160,4.6,0.025651,0.079461,5.979777,0,train
normal,1572,normal_0048,47,2022-07-12 00:06:07.260,4.7,0.005805,-0.201396,-73.101648,0,train
normal,1573,normal_0048,48,2022-07-12 00:06:07.360,4.8,0.04905,-0.149421,-131.36329,0,train
normal,1574,normal_0048,49,2022-07-12 00:06:07.460,4.9,-0.060339,-0.025738,-178.89836,0,train
normal,1575,normal_0049,0,2022-07-12 00:06:09.177,0.0,-0.022918,-0.040722,-33.810024,0,train
normal,1576,normal_0049,1,2022-07-12 00:06:09.277,0.1,-0.008886,-0.0027,-86.209307,0,train
normal,1577,normal_0049,2,2022-07-12 00:06:09.377,0.2,0.009859,-0.018231,-104.78164,0,train
normal,1578,normal_0049,3,2022-07-12 00:06:09.477,0.3,-0.015811,0.012423,-107.8849,0,train
normal,1579,normal_0049,4,2022-07-12 00:06:09.577,0.4,-0.070988,-0.058297,-105.53254,0,train
normal,1580,normal_0049,5,2022-07-12 00:06:09.677,0.5,-0.035418,-0.01034,-87.887774,0,train
normal,1581,normal_0049,6,2022-07-12 00:06:09.777,0.6,0.005976,0.146494,-62.343843,0,train
normal,1582,normal_0049,7,2022-07-12 00:06:09.877,0.7,0.000572,0.029056,-20.548108,0,train
normal,1583,normal_0049,8,2022-07-12 00:06:09.977,0.8,0.00299,-0.053335,18.3934,0,train
normal,1584,normal_0049,9,2022-07-12 00:06:10.077,0.9,-0.009816,-0.012043,71.033963,0,train
normal,1585,normal_0049,10,2022-07-12 00:06:10.177,1.0,-0.007569,-0.060806,104.09201,0,train
normal,1586,normal_0049,11,2022-07-12 00:06:10.277,1.1,0.011471,0.008835,107.56327,0,train
normal,1587,normal_0049,12,2022-07-12 00:06:10.377,1.2,0.040263,0.034323,109.61403,0,train
normal,1588,normal_0049,13,2022-07-12 00:06:10.477,1.3,0.079874,-0.027325,94.799768,0,train
normal,1589,normal_0049,14,2022-07-12 00:06:10.577,1.4,0.058485,0.047175,73.482045,0,train
normal,1590,normal_0049,15,2022-07-12 00:06:10.677,1.5,-0.019921,-0.001769,35.384659,0,train
normal,1591,normal_0049,16,2022-07-12 00:06:10.777,1.6,-0.021102,-0.045853,-3.768564,0,train
normal,1592,normal_0049,17,2022-07-12 00:06:10.877,1.7,-0.005014,0.087082,-51.06855,0,train
normal,1593,normal_0049,18,2022-07-12 00:06:10.977,1.8,0.051457,0.018838,-96.512329,0,train
normal,1594,normal_0049,19,2022-07-12 00:06:11.077,1.9,0.131691,-0.037815,-104.84482,0,train
normal,1595,normal_0049,20,2022-07-12 00:06:11.177,2.0,0.062129,0.033302,-109.00165,0,train
normal,1596,normal_0049,21,2022-07-12 00:06:11.277,2.1,0.030419,-0.070933,-100.06465,0,train
normal,1597,normal_0049,22,2022-07-12 00:06:11.377,2.2,0.00853,-0.00228,-81.104288,0,train
normal,1598,normal_0049,23,2022-07-12 00:06:11.477,2.3,-0.029866,0.1192,-49.701697,0,train
normal,1599,normal_0049,24,2022-07-12 00:06:11.577,2.4,0.046166,-0.013031,-8.700729,0,train
normal,1600,normal_0049,25,2022-07-12 00:06:11.677,2.5,0.045849,0.006758,33.064965,0,train
normal,1601,normal_0049,26,2022-07-12 00:06:11.777,2.6,0.013128,0.004532,86.021672,0,train
normal,1602,normal_0049,27,2022-07-12 00:06:11.877,2.7,0.050254,-0.087293,105.54863,0,train
normal,1603,normal_0049,28,2022-07-12 00:06:11.977,2.8,0.029148,0.038604,108.95826,0,train
normal,1604,normal_0049,29,2022-07-12 00:06:12.077,2.9,0.015808,0.051842,106.54844,0,train
normal,1605,normal_0049,30,2022-07-12 00:06:12.177,3.0,0.049436,0.022879,89.159619,0,train
normal,1606,normal_0049,31,2022-07-12 00:06:12.277,3.1,0.004557,0.072153,63.734658,0,train
normal,1607,normal_0049,32,2022-07-12 00:06:12.377,3.2,-0.03812,-0.057786,22.785189,0,train
normal,1608,normal_0049,33,2022-07-12 00:06:12.477,3.3,-0.044648,0.004964,-15.708806,0,train
normal,1609,normal_0049,34,2022-07-12 00:06:12.577,3.4,-0.037144,0.121244,-67.913064,0,train
normal,1610,normal_0049,35,2022-07-12 00:06:12.677,3.5,0.017238,-0.051042,-100.96861,0,train
normal,1611,normal_0049,36,2022-07-12 00:06:12.777,3.6,0.027014,-0.041244,-105.52563,0,train
normal,1612,normal_0049,37,2022-07-12 00:06:12.877,3.7,-0.019875,0.003794,-108.65225,0,train
normal,1613,normal_0049,38,2022-07-12 00:06:12.977,3.8,-0.042196,-0.078029,-94.785702,0,train
normal,1614,normal_0049,39,2022-07-12 00:06:13.077,3.9,-0.039539,-0.002121,-74.264297,0,train
normal,1615,normal_0049,40,2022-07-12 00:06:13.177,4.0,-0.069115,0.035277,-37.21929,0,train
normal,1616,normal_0049,41,2022-07-12 00:06:13.277,4.1,-0.036292,0.022448,1.713991,0,train
normal,1617,normal_0049,42,2022-07-12 00:06:13.377,4.2,-0.000359,0.005259,49.353009,0,train
normal,1618,normal_0049,43,2022-07-12 00:06:13.477,4.3,-0.023702,-0.093106,95.708858,0,train
normal,1619,normal_0049,44,2022-07-12 00:06:13.577,4.4,-0.016208,-0.016914,105.40654,0,train
normal,1620,normal_0049,45,2022-07-12 00:06:13.677,4.5,-0.044319,0.087286,110.03555,0,train
normal,1621,normal_0049,46,2022-07-12 00:06:13.777,4.6,-0.037167,-0.018061,101.80367,0,train
normal,1622,normal_0049,47,2022-07-12 00:06:13.877,4.7,-0.028027,-0.056934,83.300362,0,train
normal,1623,normal_0049,48,2022-07-12 00:06:13.977,4.8,-0.054605,-0.019684,52.139765,0,train
normal,1624,normal_0049,49,2022-07-12 00:06:14.077,4.9,-0.013688,-0.036078,11.642219,0,train
normal,1625,normal_0050,0,2022-07-12 00:06:16.934,0.0,0.007664,0.142231,-74.310192,0,train
normal,1626,normal_0050,1,2022-07-12 00:06:17.034,0.1,-0.011932,0.030231,-128.11638,0,train
normal,1627,normal_0050,2,2022-07-12 00:06:17.134,0.2,-0.024,-0.078714,-173.30303,0,train
normal,1628,normal_0050,3,2022-07-12 00:06:17.234,0.3,-0.03415,-0.002103,-179.935,0,train
normal,1629,normal_0050,4,2022-07-12 00:06:17.334,0.4,0.128781,0.152336,-158.52739,0,train
normal,1630,normal_0050,5,2022-07-12 00:06:17.434,0.5,0.241496,0.049384,-119.75731,0,train
normal,1631,normal_0050,6,2022-07-12 00:06:17.534,0.6,0.155086,-0.099956,-64.724572,0,train
normal,1632,normal_0050,7,2022-07-12 00:06:17.634,0.7,0.153894,-0.104691,-7.37989,0,train
normal,1633,normal_0050,8,2022-07-12 00:06:17.734,0.8,0.078316,-0.027182,55.240876,0,train
normal,1634,normal_0050,9,2022-07-12 00:06:17.834,0.9,-0.009491,0.123272,111.42458,0,train
normal,1635,normal_0050,10,2022-07-12 00:06:17.934,1.0,-0.010581,0.173816,162.8597,0,train
normal,1636,normal_0050,11,2022-07-12 00:06:18.034,1.1,-0.03172,0.039223,184.55496,0,train
normal,1637,normal_0050,12,2022-07-12 00:06:18.134,1.2,0.043824,-0.043633,168.9073,0,train
normal,1638,normal_0050,13,2022-07-12 00:06:18.234,1.3,0.001601,-0.110538,136.73295,0,train
normal,1639,normal_0050,14,2022-07-12 00:06:18.334,1.4,-0.044924,-0.040533,84.259997,0,train
normal,1640,normal_0050,15,2022-07-12 00:06:18.434,1.5,0.027737,0.170512,27.422193,0,train
normal,1641,normal_0050,16,2022-07-12 00:06:18.534,1.6,-0.060047,0.078926,-34.863715,0,train
normal,1642,normal_0050,17,2022-07-12 00:06:18.634,1.7,-0.038714,-0.061378,-93.579423,0,train
normal,1643,normal_0050,18,2022-07-12 00:06:18.734,1.8,0.007528,-0.102749,-145.88608,0,train
normal,1644,normal_0050,19,2022-07-12 00:06:18.834,1.9,-0.13038,-0.143553,-181.88443,0,train
normal,1645,normal_0050,20,2022-07-12 00:06:18.934,2.0,-0.059661,0.07846,-175.15626,0,train
normal,1646,normal_0050,21,2022-07-12 00:06:19.034,2.1,0.02441,0.17024,-148.40342,0,train
normal,1647,normal_0050,22,2022-07-12 00:06:19.134,2.2,-0.06704,-0.04017,-102.61608,0,train
normal,1648,normal_0050,23,2022-07-12 00:06:19.234,2.3,-0.045129,-0.13346,-46.104198,0,train
normal,1649,normal_0050,24,2022-07-12 00:06:19.334,2.4,-0.064429,-0.176057,13.700487,0,train
normal,1650,normal_0050,25,2022-07-12 00:06:19.434,2.5,-0.182821,-0.0895,76.579938,0,train
normal,1651,normal_0050,26,2022-07-12 00:06:19.534,2.6,-0.116314,0.129096,130.12494,0,train
normal,1652,normal_0050,27,2022-07-12 00:06:19.634,2.7,-0.02106,0.089882,176.34,0,train
normal,1653,normal_0050,28,2022-07-12 00:06:19.734,2.8,-0.037283,-0.097322,183.88059,0,train
normal,1654,normal_0050,29,2022-07-12 00:06:19.834,2.9,-0.007243,-0.176807,160.90204,0,train
normal,1655,normal_0050,30,2022-07-12 00:06:19.934,3.0,-0.025714,-0.177624,121.73428,0,train
normal,1656,normal_0050,31,2022-07-12 00:06:20.034,3.1,-0.096309,-0.047016,64.840444,0,train
normal,1657,normal_0050,32,2022-07-12 00:06:20.134,3.2,-0.074568,0.082638,5.887151,0,train
normal,1658,normal_0050,33,2022-07-12 00:06:20.234,3.3,-0.053133,0.002666,-58.378346,0,train
normal,1659,normal_0050,34,2022-07-12 00:06:20.334,3.4,-0.0735,-0.111718,-113.7488,0,train
normal,1660,normal_0050,35,2022-07-12 00:06:20.434,3.5,-0.099749,-0.149173,-164.03486,0,train
normal,1661,normal_0050,36,2022-07-12 00:06:20.534,3.6,-0.150294,-0.090783,-186.9271,0,train
normal,1662,normal_0050,37,2022-07-12 00:06:20.634,3.7,-0.142835,0.05522,-169.47248,0,train
normal,1663,normal_0050,38,2022-07-12 00:06:20.734,3.8,-0.082072,0.055322,-136.71006,0,train
normal,1664,normal_0050,39,2022-07-12 00:06:20.834,3.9,-0.036602,-0.083608,-83.487997,0,train
normal,1665,normal_0051,0,2022-07-12 00:06:25.547,0.0,-0.0821,0.065022,245.36636,0,train
normal,1666,normal_0051,1,2022-07-12 00:06:25.647,0.1,0.090175,0.275897,206.22423,0,train
normal,1667,normal_0051,2,2022-07-12 00:06:25.747,0.2,0.021328,0.000751,155.98895,0,train
normal,1668,normal_0051,3,2022-07-12 00:06:25.847,0.3,0.018013,-0.231616,84.608923,0,train
normal,1669,normal_0051,4,2022-07-12 00:06:25.947,0.4,-0.055374,-0.148931,7.281662,0,train
normal,1670,normal_0051,5,2022-07-12 00:06:26.047,0.5,-0.088253,-0.026667,-80.51599,0,train
normal,1671,normal_0051,6,2022-07-12 00:06:26.147,0.6,0.015027,0.184992,-153.61132,0,train
normal,1672,normal_0051,7,2022-07-12 00:06:26.247,0.7,0.00381,0.175784,-203.5301,0,train
normal,1673,normal_0051,8,2022-07-12 00:06:26.347,0.8,0.055706,-0.109603,-244.20765,0,train
normal,1674,normal_0051,9,2022-07-12 00:06:26.447,0.9,0.026744,-0.179153,-219.89634,0,train
normal,1675,normal_0051,10,2022-07-12 00:06:26.547,1.0,-0.112742,-0.093572,-171.99733,0,train
normal,1676,normal_0051,11,2022-07-12 00:06:26.647,1.1,-0.022438,0.063421,-109.94245,0,train
normal,1677,normal_0051,12,2022-07-12 00:06:26.747,1.2,0.010191,0.211854,-33.080105,0,train
normal,1678,normal_0051,13,2022-07-12 00:06:26.847,1.3,-0.012595,0.062286,49.540764,0,train
normal,1679,normal_0051,14,2022-07-12 00:06:26.947,1.4,0.09232,-0.168049,133.38305,0,train
normal,1680,normal_0051,15,2022-07-12 00:06:27.047,1.5,-0.014934,-0.205481,185.75492,0,train
normal,1681,normal_0051,16,2022-07-12 00:06:27.147,1.6,-0.087163,-0.077155,236.22158,0,train
normal,1682,normal_0051,17,2022-07-12 00:06:27.247,1.7,0.099121,0.201147,235.8078,0,train
normal,1683,normal_0051,18,2022-07-12 00:06:27.347,1.8,0.048315,0.227464,189.3064,0,train
normal,1684,normal_0051,19,2022-07-12 00:06:27.447,1.9,-0.059745,-0.071206,134.59195,0,train
normal,1685,normal_0051,20,2022-07-12 00:06:27.547,2.0,0.030161,-0.135659,59.569128,0,train
normal,1686,normal_0051,21,2022-07-12 00:06:27.647,2.1,-0.077184,-0.113769,-18.791082,0,train
normal,1687,normal_0052,0,2022-07-12 00:06:29.384,0.0,-0.064415,-0.011232,-111.14074,0,train
normal,1688,normal_0052,1,2022-07-12 00:06:29.484,0.1,-0.049735,-0.062481,-112.99766,0,train
normal,1689,normal_0052,2,2022-07-12 00:06:29.584,0.2,-0.088802,-0.010437,-99.980247,0,train
normal,1690,normal_0052,3,2022-07-12 00:06:29.684,0.3,-0.111327,0.051801,-78.195224,0,train
normal,1691,normal_0052,4,2022-07-12 00:06:29.784,0.4,0.046132,0.023032,-43.422704,0,train
normal,1692,normal_0052,5,2022-07-12 00:06:29.884,0.5,-0.02133,-0.117192,-0.507236,0,train
normal,1693,normal_0052,6,2022-07-12 00:06:29.984,0.6,-0.043082,-0.07984,41.429048,0,train
normal,1694,normal_0052,7,2022-07-12 00:06:30.084,0.7,0.030248,0.105627,94.550144,0,train
normal,1695,normal_0052,8,2022-07-12 00:06:30.184,0.8,-0.039915,0.004912,111.73202,0,train
normal,1696,normal_0052,9,2022-07-12 00:06:30.284,0.9,-0.036702,-0.097676,113.51301,0,train
normal,1697,normal_0052,10,2022-07-12 00:06:30.384,1.0,-0.058988,0.015982,108.21725,0,train
normal,1698,normal_0052,11,2022-07-12 00:06:30.484,1.1,-0.053141,-0.037072,88.060509,0,train
normal,1699,normal_0052,12,2022-07-12 00:06:30.584,1.2,0.014524,-0.055362,60.746558,0,train
normal,1700,normal_0052,13,2022-07-12 00:06:30.684,1.3,0.005396,0.006854,17.909291,0,train
normal,1701,normal_0052,14,2022-07-12 00:06:30.784,1.4,-0.017946,-0.034177,-20.872357,0,train
normal,1702,normal_0052,15,2022-07-12 00:06:30.884,1.5,-0.0418,0.003368,-73.742398,0,train
normal,1703,normal_0052,16,2022-07-12 00:06:30.984,1.6,-0.07813,-0.032463,-105.873,0,train
normal,1704,normal_0052,17,2022-07-12 00:06:31.084,1.7,-0.107399,-0.051502,-109.00713,0,train
normal,1705,normal_0052,18,2022-07-12 00:06:31.184,1.8,-0.068866,0.088404,-110.73388,0,train
normal,1706,normal_0052,19,2022-07-12 00:06:31.284,1.9,-0.006264,0.033216,-95.00004,0,train
normal,1707,normal_0052,20,2022-07-12 00:06:31.384,2.0,0.004919,-0.058393,-73.526987,0,train
normal,1708,normal_0052,21,2022-07-12 00:06:31.484,2.1,0.017283,0.016073,-35.904054,0,train
normal,1709,normal_0052,22,2022-07-12 00:06:31.584,2.2,-0.013257,-0.031373,2.553821,0,train
normal,1710,normal_0052,23,2022-07-12 00:06:31.684,2.3,-0.047919,-0.057372,50.210363,0,train
normal,1711,normal_0052,24,2022-07-12 00:06:31.784,2.4,-0.034761,0.040335,97.121012,0,train
normal,1712,normal_0052,25,2022-07-12 00:06:31.884,2.5,-0.011441,-0.005567,107.3922,0,train
normal,1713,normal_0052,26,2022-07-12 00:06:31.984,2.6,0.073334,-0.021121,112.07057,0,train
normal,1714,normal_0052,27,2022-07-12 00:06:32.084,2.7,0.019678,0.021829,103.19985,0,train
normal,1715,normal_0052,28,2022-07-12 00:06:32.184,2.8,-0.032354,-0.026797,84.575186,0,train
normal,1716,normal_0052,29,2022-07-12 00:06:32.284,2.9,0.03949,0.042219,53.697712,0,train
normal,1717,normal_0052,30,2022-07-12 00:06:32.384,3.0,-0.053913,0.04483,13.976576,0,train
normal,1718,normal_0052,31,2022-07-12 00:06:32.484,3.1,0.00266,-0.042817,-27.549032,0,train
normal,1719,normal_0052,32,2022-07-12 00:06:32.584,3.2,0.105509,0.04449,-80.950747,0,train
normal,1720,normal_0052,33,2022-07-12 00:06:32.684,3.3,0.030067,0.0064,-102.58962,0,train
normal,1721,normal_0052,34,2022-07-12 00:06:32.784,3.4,0.080793,-0.020735,-108.47927,0,train
normal,1722,normal_0052,35,2022-07-12 00:06:32.884,3.5,0.055169,0.118366,-107.05794,0,train
normal,1723,normal_0052,36,2022-07-12 00:06:32.984,3.6,-0.014472,0.054515,-90.403687,0,train
normal,1724,normal_0052,37,2022-07-12 00:06:33.084,3.7,0.059801,0.015028,-66.313513,0,train
normal,1725,normal_0052,38,2022-07-12 00:06:33.184,3.8,0.024538,0.050882,-27.371052,0,train
normal,1726,normal_0052,39,2022-07-12 00:06:33.284,3.9,-0.007581,-0.05014,10.954858,0,train
normal,1727,normal_0052,40,2022-07-12 00:06:33.384,4.0,0.083631,-0.020212,64.064034,0,train
normal,1728,normal_0052,41,2022-07-12 00:06:33.484,4.1,0.076694,0.038348,99.769008,0,train
normal,1729,normal_0052,42,2022-07-12 00:06:33.584,4.2,0.080112,0.021159,107.2991,0,train
normal,1730,normal_0052,43,2022-07-12 00:06:33.684,4.3,0.079556,0.058852,111.02964,0,train
normal,1731,normal_0052,44,2022-07-12 00:06:33.784,4.4,-0.025769,-0.015217,97.911131,0,train
normal,1732,normal_0052,45,2022-07-12 00:06:33.884,4.5,-0.045308,-0.029318,77.7917,0,train
normal,1733,normal_0052,46,2022-07-12 00:06:33.984,4.6,-0.019184,0.089619,41.708832,0,train
normal,1734,normal_0052,47,2022-07-12 00:06:34.084,4.7,0.042362,0.028221,3.070712,0,train
normal,1735,normal_0052,48,2022-07-12 00:06:34.184,4.8,0.122357,-0.048879,-45.237904,0,train
normal,1736,normal_0052,49,2022-07-12 00:06:34.284,4.9,0.099549,-0.006986,-92.125784,0,train
normal,1737,normal_0053,0,2022-07-12 00:06:36.231,0.0,-0.089626,-0.118172,38.398747,0,train
normal,1738,normal_0053,1,2022-07-12 00:06:36.331,0.1,-0.028352,-0.060554,-19.566538,0,train
normal,1739,normal_0053,2,2022-07-12 00:06:36.431,0.2,-0.079737,-0.132818,-78.342924,0,train
normal,1740,normal_0053,3,2022-07-12 00:06:36.531,0.3,-0.197073,-0.024337,-130.47434,0,train
normal,1741,normal_0053,4,2022-07-12 00:06:36.631,0.4,-0.067975,0.148675,-170.72703,0,train
normal,1742,normal_0053,5,2022-07-12 00:06:36.731,0.5,-0.07892,0.04829,-171.57807,0,train
normal,1743,normal_0053,6,2022-07-12 00:06:36.831,0.6,-0.088967,-0.033726,-147.85208,0,train
normal,1744,normal_0053,7,2022-07-12 00:06:36.931,0.7,0.086384,-0.144727,-107.53919,0,train
normal,1745,normal_0053,8,2022-07-12 00:06:37.031,0.8,0.012224,-0.238687,-55.132992,0,train
normal,1746,normal_0053,9,2022-07-12 00:06:37.131,0.9,-0.036901,-0.064562,0.662565,0,train
normal,1747,normal_0053,10,2022-07-12 00:06:37.231,1.0,-0.02464,0.03722,61.403043,0,train
normal,1748,normal_0053,11,2022-07-12 00:06:37.331,1.1,-0.110652,-0.011996,115.97611,0,train
normal,1749,normal_0053,12,2022-07-12 00:06:37.431,1.2,-0.028261,0.006657,164.11116,0,train
normal,1750,normal_0053,13,2022-07-12 00:06:37.531,1.3,-0.06055,-0.005684,178.84435,0,train
normal,1751,normal_0053,14,2022-07-12 00:06:37.631,1.4,-0.086878,0.091897,160.22696,0,train
normal,1752,normal_0053,15,2022-07-12 00:06:37.731,1.5,0.054663,0.18798,125.093,0,train
normal,1753,normal_0053,16,2022-07-12 00:06:37.831,1.6,-0.010959,-0.032012,73.362359,0,train
normal,1754,normal_0053,17,2022-07-12 00:06:37.931,1.7,0.058126,-0.236042,18.463852,0,train
normal,1755,normal_0053,18,2022-07-12 00:06:38.031,1.8,0.141867,-0.236519,-42.192107,0,train
normal,1756,normal_0053,19,2022-07-12 00:06:38.131,1.9,0.042492,-0.096692,-98.666441,0,train
normal,1757,normal_0053,20,2022-07-12 00:06:38.231,2.0,0.135691,0.182962,-149.81403,0,train
normal,1758,normal_0053,21,2022-07-12 00:06:38.331,2.1,0.056479,0.234744,-178.29396,0,train
normal,1759,normal_0053,22,2022-07-12 00:06:38.431,2.2,-0.082507,0.065649,-167.85063,0,train
normal,1760,normal_0053,23,2022-07-12 00:06:38.531,2.3,-0.068986,0.064922,-138.82233,0,train
normal,1761,normal_0053,24,2022-07-12 00:06:38.631,2.4,-0.150979,0.060631,-91.109883,0,train
normal,1762,normal_0053,25,2022-07-12 00:06:38.731,2.5,-0.055044,0.099754,-36.878948,0,train
normal,1763,normal_0053,26,2022-07-12 00:06:38.831,2.6,0.188915,0.214025,22.415521,0,train
normal,1764,normal_0053,27,2022-07-12 00:06:38.931,2.7,0.229969,-0.021261,82.51823,0,train
normal,1765,normal_0053,28,2022-07-12 00:06:39.031,2.8,0.154583,-0.290651,135.86654,0,train
normal,1766,normal_0053,29,2022-07-12 00:06:39.131,2.9,0.166402,-0.179309,177.058,0,train
normal,1767,normal_0053,30,2022-07-12 00:06:39.231,3.0,0.118843,0.012527,178.01239,0,train
normal,1768,normal_0053,31,2022-07-12 00:06:39.331,3.1,0.01974,0.15442,153.24845,0,train
normal,1769,normal_0053,32,2022-07-12 00:06:39.431,3.2,-0.009926,0.230226,110.62802,0,train
normal,1770,normal_0053,33,2022-07-12 00:06:39.531,3.3,-0.047074,0.076343,55.703289,0,train
normal,1771,normal_0053,34,2022-07-12 00:06:39.631,3.4,-0.015455,-0.077788,-1.773954,0,train
normal,1772,normal_0053,35,2022-07-12 00:06:39.731,3.5,0.023385,-0.11396,-64.462073,0,train
normal,1773,normal_0053,36,2022-07-12 00:06:39.831,3.6,-0.005805,-0.058897,-118.67119,0,train
normal,1774,normal_0053,37,2022-07-12 00:06:39.931,3.7,0.106434,0.126332,-166.35909,0,train
normal,1775,normal_0053,38,2022-07-12 00:06:40.031,3.8,0.153777,0.107451,-181.74698,0,train
normal,1776,normal_0053,39,2022-07-12 00:06:40.131,3.9,0.028743,-0.104582,-161.96742,0,train
normal,1777,normal_0053,40,2022-07-12 00:06:40.231,4.0,0.058807,-0.152822,-126.14848,0,train
normal,1778,normal_0053,41,2022-07-12 00:06:40.331,4.1,0.008341,-0.049735,-73.524007,0,train
normal,1779,normal_0053,42,2022-07-12 00:06:40.431,4.2,-0.036686,0.130158,-18.008234,0,train
normal,1780,normal_0053,43,2022-07-12 00:06:40.531,4.3,0.028607,0.250287,44.65211,0,train
normal,1781,normal_0053,44,2022-07-12 00:06:40.631,4.4,-0.12582,0.070644,102.19933,0,train
normal,1782,normal_0053,45,2022-07-12 00:06:40.731,4.5,-0.107121,-0.127834,153.54373,0,train
normal,1783,normal_0053,46,2022-07-12 00:06:40.831,4.6,-0.004193,-0.133442,184.77263,0,train
normal,1784,normal_0053,47,2022-07-12 00:06:40.931,4.7,-0.130225,-0.074757,172.8095,0,train
normal,1785,normal_0053,48,2022-07-12 00:06:41.031,4.8,-0.059381,0.09368,141.79994,0,train
normal,1786,normal_0053,49,2022-07-12 00:06:41.131,4.9,0.014222,0.126093,93.091141,0,train
normal,1787,normal_0054,0,2022-07-12 00:06:43.040,0.0,0.022719,0.124418,-149.30131,0,train
normal,1788,normal_0054,1,2022-07-12 00:06:43.140,0.1,-0.015996,-0.166158,-75.251827,0,train
normal,1789,normal_0054,2,2022-07-12 00:06:43.240,0.2,-0.032038,-0.132722,3.573776,0,train
normal,1790,normal_0054,3,2022-07-12 00:06:43.340,0.3,-0.204233,-0.133052,97.762,0,train
normal,1791,normal_0054,4,2022-07-12 00:06:43.440,0.4,-0.060035,0.090029,168.41783,0,train
normal,1792,normal_0054,5,2022-07-12 00:06:43.540,0.5,0.09773,0.300246,216.84184,0,train
normal,1793,normal_0054,6,2022-07-12 00:06:43.640,0.6,0.063761,-0.04285,252.23973,0,train
normal,1794,normal_0054,7,2022-07-12 00:06:43.740,0.7,0.064703,-0.23103,218.49718,0,train
normal,1795,normal_0054,8,2022-07-12 00:06:43.840,0.8,-0.046627,-0.108506,168.98813,0,train
normal,1796,normal_0054,9,2022-07-12 00:06:43.940,0.9,-0.073421,-0.037094,102.66115,0,train
normal,1797,normal_0054,10,2022-07-12 00:06:44.040,1.0,-0.021321,0.182581,24.040583,0,train
normal,1798,normal_0054,11,2022-07-12 00:06:44.140,1.1,0.011116,0.211157,-64.724691,0,train
normal,1799,normal_0054,12,2022-07-12 00:06:44.240,1.2,0.09941,-0.096551,-149.37665,0,train
normal,1800,normal_0054,13,2022-07-12 00:06:44.340,1.3,0.014817,-0.212797,-198.13886,0,train
normal,1801,normal_0054,14,2022-07-12 00:06:44.440,1.4,-0.058457,-0.1145,-245.49892,0,train
normal,1802,normal_0054,15,2022-07-12 00:06:44.540,1.5,0.053225,0.096125,-232.92723,0,train
normal,1803,normal_0054,16,2022-07-12 00:06:44.640,1.6,0.053804,0.261406,-183.37955,0,train
normal,1804,normal_0054,17,2022-07-12 00:06:44.740,1.7,0.009481,0.071341,-126.98187,0,train
normal,1805,normal_0054,18,2022-07-12 00:06:44.840,1.8,0.062024,-0.148106,-49.922234,0,train
normal,1806,normal_0054,19,2022-07-12 00:06:44.940,1.9,-0.049102,-0.188229,32.05717,0,train
normal,1807,normal_0054,20,2022-07-12 00:06:45.040,2.0,-0.084717,-0.087491,125.73184,0,train
normal,1808,normal_0054,21,2022-07-12 00:06:45.140,2.1,0.140793,0.225042,182.51874,0,train
normal,1809,normal_0054,22,2022-07-12 00:06:45.240,2.2,0.127294,0.243604,232.90744,0,train
normal,1810,normal_0054,23,2022-07-12 00:06:45.340,2.3,0.033788,-0.077852,246.94791,0,train
normal,1811,normal_0054,24,2022-07-12 00:06:45.440,2.4,0.059503,-0.153329,200.7493,0,train
normal,1812,normal_0054,25,2022-07-12 00:06:45.540,2.5,-0.111182,-0.129067,149.99642,0,train
normal,1813,normal_0054,26,2022-07-12 00:06:45.640,2.6,-0.124159,-0.005282,76.674471,0,train
normal,1814,normal_0054,27,2022-07-12 00:06:45.740,2.7,0.126363,0.285634,-1.708627,0,train
normal,1815,normal_0054,28,2022-07-12 00:06:45.840,2.8,0.132527,0.133001,-95.894348,0,train
normal,1816,normal_0054,29,2022-07-12 00:06:45.940,2.9,0.085025,-0.164682,-166.47555,0,train
normal,1817,normal_0054,30,2022-07-12 00:06:46.040,3.0,0.049376,-0.138263,-213.86006,0,train
normal,1818,normal_0054,31,2022-07-12 00:06:46.140,3.1,-0.117903,-0.087741,-249.51282,0,train
normal,1819,normal_0054,32,2022-07-12 00:06:46.240,3.2,-0.070265,0.138416,-215.59122,0,train
normal,1820,normal_0054,33,2022-07-12 00:06:46.340,3.3,0.03255,0.286997,-166.24131,0,train
normal,1821,normal_0054,34,2022-07-12 00:06:46.440,3.4,0.026794,-0.003238,-101.67826,0,train
normal,1822,normal_0054,35,2022-07-12 00:06:46.540,3.5,0.029326,-0.191964,-24.660829,0,train
normal,1823,normal_0054,36,2022-07-12 00:06:46.640,3.6,-0.035989,-0.130384,63.399799,0,train
normal,1824,normal_0054,37,2022-07-12 00:06:46.740,3.7,-0.020061,0.008217,148.56376,0,train
normal,1825,normal_0054,38,2022-07-12 00:06:46.840,3.8,0.011218,0.192299,197.44685,0,train
normal,1826,normal_0054,39,2022-07-12 00:06:46.940,3.9,-0.018062,0.142799,245.49261,0,train
normal,1827,normal_0054,40,2022-07-12 00:06:47.040,4.0,0.047877,-0.08421,234.05638,0,train
normal,1828,normal_0054,41,2022-07-12 00:06:47.140,4.1,-0.025487,-0.187945,184.26039,0,train
normal,1829,normal_0054,42,2022-07-12 00:06:47.240,4.2,-0.153075,-0.122777,127.66542,0,train
normal,1830,normal_0054,43,2022-07-12 00:06:47.340,4.3,-0.00504,0.15321,50.725705,0,train
normal,1831,normal_0054,44,2022-07-12 00:06:47.440,4.4,0.03666,0.263802,-31.063084,0,train
normal,1832,normal_0054,45,2022-07-12 00:06:47.540,4.5,-0.040655,-0.008041,-124.33542,0,train
normal,1833,normal_0054,46,2022-07-12 00:06:47.640,4.6,0.023899,-0.150411,-181.51774,0,train
normal,1834,normal_0054,47,2022-07-12 00:06:47.740,4.7,-0.091427,-0.187525,-231.26712,0,train
normal,1835,normal_0054,48,2022-07-12 00:06:47.840,4.8,-0.132844,-0.118077,-244.55908,0,train
normal,1836,normal_0054,49,2022-07-12 00:06:47.940,4.9,0.076317,0.229549,-198.76053,0,train
normal,1837,normal_0055,0,2022-07-12 00:06:49.646,0.0,-0.018622,-0.071673,-51.222569,0,train
normal,1838,normal_0055,1,2022-07-12 00:06:49.746,0.1,0.003505,0.036137,-10.971309,0,train
normal,1839,normal_0055,2,2022-07-12 00:06:49.846,0.2,0.04549,0.068744,32.528285,0,train
normal,1840,normal_0055,3,2022-07-12 00:06:49.946,0.3,0.002642,0.020129,88.014613,0,train
normal,1841,normal_0055,4,2022-07-12 00:06:50.046,0.4,0.020615,0.043233,108.31202,0,train
normal,1842,normal_0055,5,2022-07-12 00:06:50.146,0.5,-0.047868,-0.049364,112.48292,0,train
normal,1843,normal_0055,6,2022-07-12 00:06:50.246,0.6,-0.026025,-0.019017,109.53177,0,train
normal,1844,normal_0055,7,2022-07-12 00:06:50.346,0.7,0.063008,0.085444,92.260491,0,train
normal,1845,normal_0055,8,2022-07-12 00:06:50.446,0.8,0.058614,-0.032005,67.229875,0,train
normal,1846,normal_0055,9,2022-07-12 00:06:50.546,0.9,0.089256,-0.047468,28.202537,0,train
normal,1847,normal_0055,10,2022-07-12 00:06:50.646,1.0,0.019684,0.003724,-10.334016,0,train
normal,1848,normal_0055,11,2022-07-12 00:06:50.746,1.1,-0.017464,-0.014725,-64.977892,0,train
normal,1849,normal_0055,12,2022-07-12 00:06:50.846,1.2,0.022249,0.027282,-99.791658,0,train
normal,1850,normal_0055,13,2022-07-12 00:06:50.946,1.3,-0.075071,0.02307,-106.87782,0,train
normal,1851,normal_0055,14,2022-07-12 00:06:51.046,1.4,0.002994,0.036012,-110.47329,0,train
normal,1852,normal_0055,15,2022-07-12 00:06:51.146,1.5,0.073748,0.050931,-97.245347,0,train
normal,1853,normal_0055,16,2022-07-12 00:06:51.246,1.6,-0.007757,-0.054564,-77.877054,0,train
normal,1854,normal_0055,17,2022-07-12 00:06:51.346,1.7,0.047908,-0.023013,-42.787676,0,train
normal,1855,normal_0055,18,2022-07-12 00:06:51.446,1.8,-0.015216,0.094232,-5.427004,0,train
normal,1856,normal_0055,19,2022-07-12 00:06:51.546,1.9,-0.032417,-0.002952,43.474203,0,train
normal,1857,normal_0055,20,2022-07-12 00:06:51.646,2.0,0.037031,-0.049671,91.061007,0,train
normal,1858,normal_0055,21,2022-07-12 00:06:51.746,2.1,-0.010561,0.02005,104.33246,0,train
normal,1859,normal_0055,22,2022-07-12 00:06:51.846,2.2,0.02603,-0.015452,110.95907,0,train
normal,1860,normal_0055,23,2022-07-12 00:06:51.946,2.3,0.027858,-0.030927,102.75162,0,train
normal,1861,normal_0055,24,2022-07-12 00:06:52.046,2.4,-0.012673,0.012704,85.46258,0,train
normal,1862,normal_0055,25,2022-07-12 00:06:52.146,2.5,-0.002989,0.011626,54.681784,0,train
normal,1863,normal_0055,26,2022-07-12 00:06:52.246,2.6,-0.036674,-0.010899,15.245201,0,train
normal,1864,normal_0055,27,2022-07-12 00:06:52.346,2.7,-0.055906,-0.03733,-27.520183,0,train
normal,1865,normal_0055,28,2022-07-12 00:06:52.446,2.8,-0.049458,-0.003315,-81.783662,0,train
normal,1866,normal_0055,29,2022-07-12 00:06:52.546,2.9,-0.004011,0.067529,-102.62562,0,train
normal,1867,normal_0055,30,2022-07-12 00:06:52.646,3.0,0.034204,-0.00797,-108.57405,0,train
normal,1868,normal_0055,31,2022-07-12 00:06:52.746,3.1,0.005378,-0.038783,-105.66379,0,train
normal,1869,normal_0055,32,2022-07-12 00:06:52.846,3.2,0.024418,0.00839,-88.181745,0,train
normal,1870,normal_0055,33,2022-07-12 00:06:52.946,3.3,0.012486,-0.092575,-62.521584,0,train
normal,1871,normal_0055,34,2022-07-12 00:06:53.046,3.4,-0.030203,-0.021844,-21.03627,0,train
normal,1872,normal_0055,35,2022-07-12 00:06:53.146,3.5,-0.005589,0.065747,18.442514,0,train
normal,1873,normal_0055,36,2022-07-12 00:06:53.246,3.6,-0.006474,-0.09379,73.118815,0,train
normal,1874,normal_0055,37,2022-07-12 00:06:53.346,3.7,-0.009506,-0.013,105.59715,0,train
normal,1875,normal_0055,38,2022-07-12 00:06:53.446,3.8,-0.022959,0.07853,109.73932,0,train
normal,1876,normal_0055,39,2022-07-12 00:06:53.546,3.9,-0.048005,-0.044028,110.62886,0,train
normal,1877,normal_0055,40,2022-07-12 00:06:53.646,4.0,-0.034744,0.021094,93.863379,0,train
normal,1878,normal_0055,41,2022-07-12 00:06:53.746,4.1,-0.018009,0.024932,71.905264,0,train
normal,1879,normal_0055,42,2022-07-12 00:06:53.846,4.2,0.027029,-0.042473,31.327609,0,train
normal,1880,normal_0055,43,2022-07-12 00:06:53.946,4.3,0.035624,0.025545,-9.248496,0,train
normal,1881,normal_0055,44,2022-07-12 00:06:54.046,4.4,-0.022766,-0.046492,-59.113152,0,train
normal,1882,normal_0055,45,2022-07-12 00:06:54.146,4.5,-0.024957,-0.025011,-103.68742,0,train
normal,1883,normal_0055,46,2022-07-12 00:06:54.246,4.6,-0.016726,0.091484,-109.33079,0,train
normal,1884,normal_0055,47,2022-07-12 00:06:54.346,4.7,-0.026513,-0.023013,-111.88306,0,train
normal,1885,normal_0055,48,2022-07-12 00:06:54.446,4.8,0.018287,-0.030416,-98.956597,0,train
normal,1886,normal_0055,49,2022-07-12 00:06:54.546,4.9,-0.018895,0.025204,-77.799568,0,train
normal,1887,normal_0056,0,2022-07-12 00:06:57.798,0.0,0.06886,-0.124822,142.54834,0,train
normal,1888,normal_0056,1,2022-07-12 00:06:57.898,0.1,-0.014803,-0.117329,192.9647,0,train
normal,1889,normal_0056,2,2022-07-12 00:06:57.998,0.2,-0.045774,-0.078206,210.45914,0,train
normal,1890,normal_0056,3,2022-07-12 00:06:58.098,0.3,0.005395,0.192672,174.80304,0,train
normal,1891,normal_0056,4,2022-07-12 00:06:58.198,0.4,-0.024521,0.117218,134.12644,0,train
normal,1892,normal_0056,5,2022-07-12 00:06:58.298,0.5,0.041135,-0.060097,72.934636,0,train
normal,1893,normal_0056,6,2022-07-12 00:06:58.398,0.6,0.01316,-0.078546,9.024025,0,train
normal,1894,normal_0056,7,2022-07-12 00:06:58.498,0.7,-0.080266,-0.154284,-71.07521,0,train
normal,1895,normal_0056,8,2022-07-12 00:06:58.598,0.8,0.009017,0.05322,-125.41617,0,train
normal,1896,normal_0056,9,2022-07-12 00:06:58.698,0.9,0.011185,0.20222,-170.14851,0,train
normal,1897,normal_0056,10,2022-07-12 00:06:58.798,1.0,-0.006424,0.02436,-209.12888,0,train
normal,1898,normal_0056,11,2022-07-12 00:06:58.898,1.1,0.119529,-0.058519,-184.27517,0,train
normal,1899,normal_0056,12,2022-07-12 00:06:58.998,1.2,-0.046717,-0.180885,-147.97809,0,train
normal,1900,normal_0056,13,2022-07-12 00:06:59.098,1.3,-0.15354,-0.1446,-93.754541,0,train
normal,1901,normal_0056,14,2022-07-12 00:06:59.198,1.4,0.108369,0.243682,-31.641368,0,train
normal,1902,normal_0056,15,2022-07-12 00:06:59.298,1.5,0.031666,0.182726,42.107468,0,train
normal,1903,normal_0056,16,2022-07-12 00:06:59.398,1.6,-0.027609,-0.094123,109.53726,0,train
normal,1904,normal_0056,17,2022-07-12 00:06:59.498,1.7,0.097617,-0.069214,149.27341,0,train
normal,1905,normal_0056,18,2022-07-12 00:06:59.598,1.8,-0.11755,-0.168521,200.27187,0,train
normal,1906,normal_0056,19,2022-07-12 00:06:59.698,1.9,-0.076542,-0.009825,195.99059,0,train
normal,1907,normal_0056,20,2022-07-12 00:06:59.798,2.0,0.113875,0.256647,160.11443,0,train
normal,1908,normal_0056,21,2022-07-12 00:06:59.898,2.1,-0.016982,0.022134,115.35574,0,train
normal,1909,normal_0056,22,2022-07-12 00:06:59.998,2.2,0.054611,-0.103614,55.022246,0,train
normal,1910,normal_0056,23,2022-07-12 00:07:00.098,2.3,0.080236,-0.069929,-10.405065,0,train
normal,1911,normal_0056,24,2022-07-12 00:07:00.198,2.4,-0.101212,-0.115047,-88.467847,0,train
normal,1912,normal_0056,25,2022-07-12 00:07:00.298,2.5,-0.024986,0.127356,-129.59768,0,train
normal,1913,normal_0056,26,2022-07-12 00:07:00.398,2.6,0.003453,0.193398,-180.06804,0,train
normal,1914,normal_0056,27,2022-07-12 00:07:00.498,2.7,0.008233,-0.042625,-201.386,0,train
normal,1915,normal_0056,28,2022-07-12 00:07:00.598,2.8,0.087172,-0.08344,-166.89839,0,train
normal,1916,normal_0056,29,2022-07-12 00:07:00.698,2.9,-0.031072,-0.138628,-130.97729,0,train
normal,1917,normal_0056,30,2022-07-12 00:07:00.798,3.0,-0.013452,-0.005908,-74.126491,0,train
normal,1918,normal_0056,31,2022-07-12 00:07:00.898,3.1,0.024957,0.215549,-13.126375,0,train
normal,1919,normal_0056,32,2022-07-12 00:07:00.998,3.2,-0.063292,0.061735,64.576276,0,train
normal,1920,normal_0056,33,2022-07-12 00:07:01.098,3.3,0.064648,-0.072688,118.42503,0,train
normal,1921,normal_0056,34,2022-07-12 00:07:01.198,3.4,0.023878,-0.113526,162.66837,0,train
normal,1922,normal_0056,35,2022-07-12 00:07:01.298,3.5,-0.074884,-0.118623,203.39479,0,train
normal,1923,normal_0056,36,2022-07-12 00:07:01.398,3.6,0.088773,0.145987,180.77936,0,train
normal,1924,normal_0056,37,2022-07-12 00:07:01.498,3.7,-0.010818,0.196725,146.34957,0,train
normal,1925,normal_0056,38,2022-07-12 00:07:01.598,3.8,-0.09339,-0.052888,95.910918,0,train
normal,1926,normal_0056,39,2022-07-12 00:07:01.698,3.9,0.064375,-0.056419,36.221151,0,train
normal,1927,normal_0056,40,2022-07-12 00:07:01.798,4.0,-0.052541,-0.125027,-35.797719,0,train
normal,1928,normal_0056,41,2022-07-12 00:07:01.898,4.1,-0.089201,-0.108496,-103.03606,0,train
normal,1929,normal_0056,42,2022-07-12 00:07:01.998,4.2,0.1166,0.200755,-145.55528,0,train
normal,1930,normal_0056,43,2022-07-12 00:07:02.098,4.3,0.033994,0.11279,-194.9332,0,train
normal,1931,normal_0056,44,2022-07-12 00:07:02.198,4.4,-0.005731,-0.070134,-190.89844,0,train
normal,1932,normal_0056,45,2022-07-12 00:07:02.298,4.5,0.051796,-0.054795,-157.9137,0,train
normal,1933,normal_0056,46,2022-07-12 00:07:02.398,4.6,-0.148124,-0.158962,-115.11697,0,train
normal,1934,normal_0056,47,2022-07-12 00:07:02.498,4.7,-0.108172,0.026812,-54.373509,0,train
normal,1935,normal_0056,48,2022-07-12 00:07:02.598,4.8,0.07121,0.247292,11.478545,0,train
normal,1936,normal_0056,49,2022-07-12 00:07:02.698,4.9,0.033857,0.006444,84.869633,0,train
normal,1937,normal_0057,0,2022-07-12 00:07:04.844,0.0,-0.09291,-0.02104,-109.88201,0,train
normal,1938,normal_0057,1,2022-07-12 00:07:04.944,0.1,-0.0414,0.0121,-111.97449,0,train
normal,1939,normal_0057,2,2022-07-12 00:07:05.044,0.2,-0.025177,-0.091646,-98.413122,0,train
normal,1940,normal_0057,3,2022-07-12 00:07:05.144,0.3,-0.069012,-0.053442,-77.178249,0,train
normal,1941,normal_0057,4,2022-07-12 00:07:05.244,0.4,0.049721,0.048295,-42.171603,0,train
normal,1942,normal_0057,5,2022-07-12 00:07:05.344,0.5,0.007839,-0.020733,2.967,0,train
normal,1943,normal_0057,6,2022-07-12 00:07:05.444,0.6,-0.098666,-0.015148,47.085052,0,train
normal,1944,normal_0057,7,2022-07-12 00:07:05.544,0.7,-0.00675,0.061737,98.812473,0,train
normal,1945,normal_0057,8,2022-07-12 00:07:05.644,0.8,-0.065095,0.036101,112.6485,0,train
normal,1946,normal_0057,9,2022-07-12 00:07:05.744,0.9,-0.066843,-0.031678,113.11842,0,train
normal,1947,normal_0057,10,2022-07-12 00:07:05.844,1.0,0.023132,-0.076943,105.89899,0,train
normal,1948,normal_0057,11,2022-07-12 00:07:05.944,1.1,-0.028776,0.00606,84.693084,0,train
normal,1949,normal_0057,12,2022-07-12 00:07:06.044,1.2,0.026958,0.041971,56.580193,0,train
normal,1950,normal_0057,13,2022-07-12 00:07:06.144,1.3,0.017103,-0.098378,10.828139,0,train
normal,1951,normal_0057,14,2022-07-12 00:07:06.244,1.4,-0.104752,-0.052,-30.474666,0,train
normal,1952,normal_0057,15,2022-07-12 00:07:06.344,1.5,-0.013642,0.055322,-83.658348,0,train
normal,1953,normal_0057,16,2022-07-12 00:07:06.444,1.6,-0.02034,-0.021982,-111.40765,0,train
normal,1954,normal_0057,17,2022-07-12 00:07:06.544,1.7,-0.097917,-0.022198,-111.21143,0,train
normal,1955,normal_0057,18,2022-07-12 00:07:06.644,1.8,0.033747,0.015733,-110.1401,0,train
normal,1956,normal_0057,19,2022-07-12 00:07:06.744,1.9,0.034701,0.029777,-90.806495,0,train
normal,1957,normal_0057,20,2022-07-12 00:07:06.844,2.0,0.047541,0.03936,-67.544111,0,train
normal,1958,normal_0057,21,2022-07-12 00:07:06.944,2.1,0.084564,-0.046028,-24.943593,0,train
normal,1959,normal_0057,22,2022-07-12 00:07:07.044,2.2,-0.080524,-0.052159,17.84003,0,train
normal,1960,normal_0057,23,2022-07-12 00:07:07.144,2.3,-0.038335,-0.009505,67.030795,0,train
normal,1961,normal_0057,24,2022-07-12 00:07:07.244,2.4,0.050402,-0.041237,109.55454,0,train
normal,1962,normal_0057,25,2022-07-12 00:07:07.344,2.5,-0.010054,-0.011935,112.84019,0,train
normal,1963,normal_0057,26,2022-07-12 00:07:07.444,2.6,0.080182,-0.018099,113.3845,0,train
normal,1964,normal_0057,27,2022-07-12 00:07:07.544,2.7,0.020588,-0.059698,98.538649,0,train
normal,1965,normal_0057,28,2022-07-12 00:07:07.644,2.8,-0.1018,0.027813,76.43176,0,train
normal,1966,normal_0057,29,2022-07-12 00:07:07.744,2.9,0.017194,0.042561,40.618901,0,train
normal,1967,normal_0057,30,2022-07-12 00:07:07.844,3.0,-0.024904,-0.010742,-5.048872,0,train
normal,1968,normal_0057,31,2022-07-12 00:07:07.944,3.1,0.00307,0.043117,-49.094444,0,train
normal,1969,normal_0057,32,2022-07-12 00:07:08.044,3.2,0.132736,-0.018803,-99.732888,0,train
normal,1970,normal_0057,33,2022-07-12 00:07:08.144,3.3,0.000686,-0.073651,-112.13328,0,train
normal,1971,normal_0057,34,2022-07-12 00:07:08.244,3.4,0.021701,0.073363,-112.28134,0,train
normal,1972,normal_0057,35,2022-07-12 00:07:08.344,3.5,0.055897,0.06722,-104.52999,0,train
normal,1973,normal_0057,36,2022-07-12 00:07:08.444,3.6,-0.032738,-0.017997,-82.695852,0,train
normal,1974,normal_0057,37,2022-07-12 00:07:08.544,3.7,0.033849,0.001008,-54.153568,0,train
normal,1975,normal_0057,38,2022-07-12 00:07:08.644,3.8,0.016751,-0.039693,-7.652045,0,train
normal,1976,normal_0057,39,2022-07-12 00:07:08.744,3.9,-0.031364,0.022591,33.926372,0,train
normal,1977,normal_0057,40,2022-07-12 00:07:08.844,4.0,0.018011,0.086419,86.956392,0,train
normal,1978,normal_0057,41,2022-07-12 00:07:08.944,4.1,0.003445,-0.018996,114.20239,0,train
normal,1979,normal_0057,42,2022-07-12 00:07:09.044,4.2,0.003967,-0.018326,113.23263,0,train
normal,1980,normal_0057,43,2022-07-12 00:07:09.144,4.3,0.052151,0.029766,110.76833,0,train
normal,1981,normal_0057,44,2022-07-12 00:07:09.244,4.4,0.038856,0.038065,90.055715,0,train
normal,1982,normal_0057,45,2022-07-12 00:07:09.344,4.5,0.041513,0.074566,65.791019,0,train
normal,1983,normal_0057,46,2022-07-12 00:07:09.444,4.6,0.052355,0.042414,22.506359,0,train
normal,1984,normal_0057,47,2022-07-12 00:07:09.544,4.7,0.001969,0.047943,-20.353797,0,train
normal,1985,normal_0057,48,2022-07-12 00:07:09.644,4.8,0.03067,0.060567,-69.221028,0,train
normal,1986,normal_0057,49,2022-07-12 00:07:09.744,4.9,0.049698,-0.061809,-110.30949,0,train
normal,1987,normal_0058,0,2022-07-12 00:07:12.647,0.0,-0.059876,0.008991,-113.29056,0,train
normal,1988,normal_0058,1,2022-07-12 00:07:12.747,0.1,0.020369,-0.054928,-79.390297,0,train
normal,1989,normal_0058,2,2022-07-12 00:07:12.847,0.2,0.074501,-0.044063,-41.175132,0,train
normal,1990,normal_0058,3,2022-07-12 00:07:12.947,0.3,-0.098772,-0.061661,14.113905,0,train
normal,1991,normal_0058,4,2022-07-12 00:07:13.047,0.4,0.015975,0.078007,56.673414,0,train
normal,1992,normal_0058,5,2022-07-12 00:07:13.147,0.5,0.019404,0.080641,110.32082,0,train
normal,1993,normal_0058,6,2022-07-12 00:07:13.247,0.6,-0.049624,-0.060412,143.62456,0,train
normal,1994,normal_0058,7,2022-07-12 00:07:13.347,0.7,0.119188,-0.033107,133.8817,0,train
normal,1995,normal_0058,8,2022-07-12 00:07:13.447,0.8,-0.005778,-0.053838,122.11086,0,train
normal,1996,normal_0058,9,2022-07-12 00:07:13.547,0.9,-0.091393,-0.00981,91.869842,0,train
normal,1997,normal_0058,10,2022-07-12 00:07:13.647,1.0,0.074989,0.135784,57.171352,0,train
normal,1998,normal_0058,11,2022-07-12 00:07:13.747,1.1,-0.053439,0.006663,5.680681,0,train
normal,1999,normal_0058,12,2022-07-12 00:07:13.847,1.2,-0.015644,-0.047651,-41.208749,0,train
normal,2000,normal_0058,13,2022-07-12 00:07:13.947,1.3,0.161774,0.00353,-88.15683,0,train
normal,2001,normal_0058,14,2022-07-12 00:07:14.047,1.4,-0.050396,-0.0812,-136.17624,0,train
normal,2002,normal_0058,15,2022-07-12 00:07:14.147,1.5,-0.001191,0.062998,-135.16106,0,train
normal,2003,normal_0058,16,2022-07-12 00:07:14.247,1.6,0.076227,0.11486,-125.31008,0,train
normal,2004,normal_0058,17,2022-07-12 00:07:14.347,1.7,-0.121638,-0.091395,-102.38792,0,train
normal,2005,normal_0058,18,2022-07-12 00:07:14.447,1.8,0.053872,-0.048309,-69.643744,0,train
normal,2006,normal_0058,19,2022-07-12 00:07:14.547,1.9,0.062773,-0.011661,-25.969508,0,train
normal,2007,normal_0058,20,2022-07-12 00:07:14.647,2.0,-0.092165,-0.041032,26.334647,0,train
normal,2008,normal_0058,21,2022-07-12 00:07:14.747,2.1,0.08087,0.119401,68.418511,0,train
normal,2009,normal_0058,22,2022-07-12 00:07:14.847,2.2,0.003963,0.061727,124.08961,0,train
normal,2010,normal_0058,23,2022-07-12 00:07:14.947,2.3,-0.046286,-0.050671,139.385,0,train
normal,2011,normal_0058,24,2022-07-12 00:07:15.047,2.4,0.095562,0.002315,129.04824,0,train
normal,2012,normal_0058,25,2022-07-12 00:07:15.147,2.5,-0.041904,-0.081631,113.76501,0,train
normal,2013,normal_0058,26,2022-07-12 00:07:15.247,2.6,-0.009104,0.026441,81.780801,0,train
normal,2014,normal_0058,27,2022-07-12 00:07:15.347,2.7,0.07617,0.136522,44.686442,0,train
normal,2015,normal_0058,28,2022-07-12 00:07:15.447,2.8,-0.051599,-0.047197,-9.406329,0,train
normal,2016,normal_0058,29,2022-07-12 00:07:15.547,2.9,0.038591,-0.028203,-50.878412,0,train
normal,2017,normal_0058,30,2022-07-12 00:07:15.647,3.0,0.022163,-0.01702,-104.27452,0,train
normal,2018,normal_0058,31,2022-07-12 00:07:15.747,3.1,-0.081958,-0.05612,-137.7994,0,train
normal,2019,normal_0058,32,2022-07-12 00:07:15.847,3.2,0.032471,0.107389,-129.50851,0,train
normal,2020,normal_0058,33,2022-07-12 00:07:15.947,3.3,-0.036193,0.02929,-119.88296,0,train
normal,2021,normal_0058,34,2022-07-12 00:07:16.047,3.4,-0.064224,-0.106892,-91.802608,0,train
normal,2022,normal_0058,35,2022-07-12 00:07:16.147,3.5,0.090816,-0.001466,-59.248454,0,train
normal,2023,normal_0058,36,2022-07-12 00:07:16.247,3.6,-0.005698,-0.011411,-9.104253,0,train
normal,2024,normal_0058,37,2022-07-12 00:07:16.347,3.7,-0.020003,0.02719,37.159209,0,train
normal,2025,normal_0058,38,2022-07-12 00:07:16.447,3.8,0.060083,0.125384,84.58675,0,train
normal,2026,normal_0058,39,2022-07-12 00:07:16.547,3.9,-0.116041,-0.035787,133.77322,0,train
normal,2027,normal_0058,40,2022-07-12 00:07:16.647,4.0,-0.024215,-0.084617,134.25507,0,train
normal,2028,normal_0058,41,2022-07-12 00:07:16.747,4.1,0.073809,-0.02717,125.50737,0,train
normal,2029,normal_0058,42,2022-07-12 00:07:16.847,4.2,-0.087521,-0.049059,103.55212,0,train
normal,2030,normal_0058,43,2022-07-12 00:07:16.947,4.3,0.050444,0.073068,71.537026,0,train
normal,2031,normal_0058,44,2022-07-12 00:07:17.047,4.4,0.024445,0.036874,28.0906,0,train
normal,2032,normal_0058,45,2022-07-12 00:07:17.147,4.5,-0.121138,-0.081926,-23.312691,0,train
normal,2033,normal_0058,46,2022-07-12 00:07:17.247,4.6,0.029452,0.004359,-65.295823,0,train
normal,2034,normal_0058,47,2022-07-12 00:07:17.347,4.7,-0.014372,-0.038307,-120.48544,0,train
normal,2035,normal_0058,48,2022-07-12 00:07:17.447,4.8,-0.079858,-0.005632,-135.75424,0,train
normal,2036,normal_0058,49,2022-07-12 00:07:17.547,4.9,0.082119,0.120741,-126.73403,0,train
normal,2037,normal_0059,0,2022-07-12 00:07:19.348,0.0,-0.059785,-0.000866,-83.805213,0,train
normal,2038,normal_0059,1,2022-07-12 00:07:19.448,0.1,-0.037487,0.05724,-55.891759,0,train
normal,2039,normal_0059,2,2022-07-12 00:07:19.548,0.2,-0.070548,-0.015341,-10.432721,0,train
normal,2040,normal_0059,3,2022-07-12 00:07:19.648,0.3,0.083391,-0.006963,28.956894,0,train
normal,2041,normal_0059,4,2022-07-12 00:07:19.748,0.4,-0.023977,-0.032621,80.379734,0,train
normal,2042,normal_0059,5,2022-07-12 00:07:19.848,0.5,-0.035069,-0.000798,111.76623,0,train
normal,2043,normal_0059,6,2022-07-12 00:07:19.948,0.6,0.045097,0.017322,111.59898,0,train
normal,2044,normal_0059,7,2022-07-12 00:07:20.048,0.7,-0.141949,-0.143599,110.20852,0,train
normal,2045,normal_0059,8,2022-07-12 00:07:20.148,0.8,-0.05974,-0.071597,91.542851,0,train
normal,2046,normal_0059,9,2022-07-12 00:07:20.248,0.9,0.089488,0.073078,68.045982,0,train
normal,2047,normal_0059,10,2022-07-12 00:07:20.348,1.0,-0.047115,-0.033575,25.906089,0,train
normal,2048,normal_0059,11,2022-07-12 00:07:20.448,1.1,0.026999,-0.035459,-16.074659,0,train
normal,2049,normal_0059,12,2022-07-12 00:07:20.548,1.2,0.015941,0.02116,-62.55091,0,train
normal,2050,normal_0059,13,2022-07-12 00:07:20.648,1.3,-0.088418,-0.013491,-106.97914,0,train
normal,2051,normal_0059,14,2022-07-12 00:07:20.748,1.4,0.067417,-0.002467,-111.6239,0,train
normal,2052,normal_0059,15,2022-07-12 00:07:20.848,1.5,-0.031141,-0.060856,-111.76981,0,train
normal,2053,normal_0059,16,2022-07-12 00:07:20.948,1.6,-0.075861,-0.067067,-97.925436,0,train
normal,2054,normal_0059,17,2022-07-12 00:07:21.048,1.7,0.111195,0.024441,-75.061449,0,train
normal,2055,normal_0059,18,2022-07-12 00:07:21.148,1.8,0.017837,-0.009074,-39.606218,0,train
normal,2056,normal_0059,19,2022-07-12 00:07:21.248,1.9,0.006802,-0.001354,5.785824,0,train
normal,2057,normal_0059,20,2022-07-12 00:07:21.348,2.0,0.054611,-0.011663,46.787625,0,train
normal,2058,normal_0059,21,2022-07-12 00:07:21.448,2.1,-0.150781,-0.05401,97.972405,0,train
normal,2059,normal_0059,22,2022-07-12 00:07:21.548,2.2,-0.086181,0.036782,113.68812,0,train
normal,2060,normal_0059,23,2022-07-12 00:07:21.648,2.3,0.045607,-0.018861,112.48053,0,train
normal,2061,normal_0059,24,2022-07-12 00:07:21.748,2.4,-0.05186,-0.037582,105.14523,0,train
normal,2062,normal_0059,25,2022-07-12 00:07:21.848,2.5,0.131983,0.084568,83.39108,0,train
normal,2063,normal_0059,26,2022-07-12 00:07:21.948,2.6,0.1182,-0.043202,55.225498,0,train
normal,2064,normal_0059,27,2022-07-12 00:07:22.048,2.7,-0.094628,-0.047301,8.928658,0,train
normal,2065,normal_0059,28,2022-07-12 00:07:22.148,2.8,0.00318,0.143843,-30.235175,0,train
normal,2066,normal_0059,29,2022-07-12 00:07:22.248,2.9,-0.04775,0.032501,-81.653724,0,train
normal,2067,normal_0059,30,2022-07-12 00:07:22.348,3.0,-0.061068,-0.04176,-113.03545,0,train
normal,2068,normal_0059,31,2022-07-12 00:07:22.448,3.1,0.07566,0.019604,-111.82727,0,train
normal,2069,normal_0059,32,2022-07-12 00:07:22.548,3.2,0.034073,-0.039762,-109.58649,0,train
normal,2070,normal_0059,33,2022-07-12 00:07:22.648,3.3,0.027635,0.027813,-89.804898,0,train
normal,2071,normal_0059,34,2022-07-12 00:07:22.748,3.4,0.041543,0.056218,-65.031536,0,train
normal,2072,normal_0059,35,2022-07-12 00:07:22.848,3.5,-0.06268,-0.045734,-21.982792,0,train
normal,2073,normal_0059,36,2022-07-12 00:07:22.948,3.6,-0.023784,-0.013139,19.858124,0,train
normal,2074,normal_0059,37,2022-07-12 00:07:23.048,3.7,0.025353,0.009715,65.785177,0,train
normal,2075,normal_0059,38,2022-07-12 00:07:23.148,3.8,-0.003223,0.014507,110.01493,0,train
normal,2076,normal_0059,39,2022-07-12 00:07:23.248,3.9,0.093677,0.063473,114.17283,0,train
normal,2077,normal_0059,40,2022-07-12 00:07:23.348,4.0,0.033232,0.014132,112.91791,0,train
normal,2078,normal_0059,41,2022-07-12 00:07:23.448,4.1,-0.011795,0.04348,98.096502,0,train
normal,2079,normal_0059,42,2022-07-12 00:07:23.548,4.2,0.063932,0.052131,75.126418,0,train
normal,2080,normal_0059,43,2022-07-12 00:07:23.648,4.3,-0.04624,-0.076456,39.201026,0,train
normal,2081,normal_0059,44,2022-07-12 00:07:23.748,4.4,-0.039497,0.03266,-5.121589,0,train
normal,2082,normal_0059,45,2022-07-12 00:07:23.848,4.5,0.066418,0.077801,-44.918781,0,train
normal,2083,normal_0059,46,2022-07-12 00:07:23.948,4.6,0.028373,-0.042669,-96.340429,0,train
normal,2084,normal_0059,47,2022-07-12 00:07:24.048,4.7,0.081166,0.041198,-112.45967,0,train
normal,2085,normal_0059,48,2022-07-12 00:07:24.148,4.8,0.064715,0.0465,-111.65728,0,train
normal,2086,normal_0059,49,2022-07-12 00:07:24.248,4.9,-0.10295,-0.022902,-104.60569,0,train
normal,2087,normal_0060,0,2022-07-12 00:07:25.971,0.0,-0.109079,0.054745,-116.79162,0,train
normal,2088,normal_0060,1,2022-07-12 00:07:26.071,0.1,-0.001166,0.223171,-37.025933,0,train
normal,2089,normal_0060,2,2022-07-12 00:07:26.171,0.2,-0.000984,0.149659,45.250183,0,train
normal,2090,normal_0060,3,2022-07-12 00:07:26.271,0.3,0.015648,-0.173853,126.40847,0,train
normal,2091,normal_0060,4,2022-07-12 00:07:26.371,0.4,-0.050973,-0.231391,191.02623,0,train
normal,2092,normal_0060,5,2022-07-12 00:07:26.471,0.5,-0.067344,-0.04035,238.13501,0,train
normal,2093,normal_0060,6,2022-07-12 00:07:26.571,0.6,0.081248,0.183514,238.63211,0,train
normal,2094,normal_0060,7,2022-07-12 00:07:26.671,0.7,0.037027,0.210535,201.57912,0,train
normal,2095,normal_0060,8,2022-07-12 00:07:26.771,0.8,-0.031161,-0.036819,142.84696,0,train
normal,2096,normal_0060,9,2022-07-12 00:07:26.871,0.9,-0.015244,-0.210331,64.33142,0,train
normal,2097,normal_0060,10,2022-07-12 00:07:26.971,1.0,-0.16471,-0.141643,-16.983392,0,train
normal,2098,normal_0060,11,2022-07-12 00:07:27.071,1.1,-0.086202,0.060081,-100.6452,0,train
normal,2099,normal_0060,12,2022-07-12 00:07:27.171,1.2,0.089876,0.253223,-170.32971,0,train
normal,2100,normal_0060,13,2022-07-12 00:07:27.271,1.3,0.007826,0.116507,-225.28484,0,train
normal,2101,normal_0060,14,2022-07-12 00:07:27.371,1.4,0.041852,-0.168891,-243.04762,0,train
normal,2102,normal_0060,15,2022-07-12 00:07:27.471,1.5,0.022563,-0.181584,-215.03582,0,train
normal,2103,normal_0060,16,2022-07-12 00:07:27.571,1.6,-0.128175,-0.109468,-164.80996,0,train
normal,2104,normal_0060,17,2022-07-12 00:07:27.671,1.7,-0.022464,0.081732,-90.898048,0,train
normal,2105,normal_0060,18,2022-07-12 00:07:27.771,1.8,0.089944,0.273977,-10.461689,0,train
normal,2106,normal_0060,19,2022-07-12 00:07:27.871,1.9,-0.000519,0.032141,73.421845,0,train
normal,2107,normal_0060,20,2022-07-12 00:07:27.971,2.0,-0.002358,-0.217222,149.59266,0,train
normal,2108,normal_0060,21,2022-07-12 00:07:28.071,2.1,-0.020807,-0.15848,210.34398,0,train
normal,2109,normal_0060,22,2022-07-12 00:07:28.171,2.2,-0.080412,-0.021276,244.69963,0,train
normal,2110,normal_0060,23,2022-07-12 00:07:28.271,2.3,0.065137,0.203223,229.25666,0,train
normal,2111,normal_0060,24,2022-07-12 00:07:28.371,2.4,0.114195,0.204064,185.46905,0,train
normal,2112,normal_0060,25,2022-07-12 00:07:28.471,2.5,0.021473,-0.122082,117.87499,0,train
normal,2113,normal_0060,26,2022-07-12 00:07:28.571,2.6,-0.020716,-0.216382,37.445907,0,train
normal,2114,normal_0060,27,2022-07-12 00:07:28.671,2.7,-0.064528,-0.089736,-45.923,0,train
normal,2115,normal_0060,28,2022-07-12 00:07:28.771,2.8,-0.023645,0.06183,-126.91619,0,train
normal,2116,normal_0060,29,2022-07-12 00:07:28.871,2.9,0.038514,0.246343,-191.7459,0,train
normal,2117,normal_0060,30,2022-07-12 00:07:28.971,3.0,0.08697,0.104972,-238.37653,0,train
normal,2118,normal_0060,31,2022-07-12 00:07:29.071,3.1,0.07523,-0.1787,-238.15349,0,train
normal,2119,normal_0060,32,2022-07-12 00:07:29.171,3.2,-0.056819,-0.173251,-201.60475,0,train
normal,2120,normal_0060,33,2022-07-12 00:07:29.271,3.3,-0.054776,-0.029484,-142.79451,0,train
normal,2121,normal_0060,34,2022-07-12 00:07:29.371,3.4,0.027206,0.187749,-64.169772,0,train
normal,2122,normal_0060,35,2022-07-12 00:07:29.471,3.5,0.003989,0.246071,17.552974,0,train
normal,2123,normal_0060,36,2022-07-12 00:07:29.571,3.6,0.029658,-0.039214,101.87913,0,train
normal,2124,normal_0060,37,2022-07-12 00:07:29.671,3.7,0.047426,-0.240791,172.77898,0,train
normal,2125,normal_0060,38,2022-07-12 00:07:29.771,3.8,-0.060055,-0.163203,228.5414,0,train
normal,2126,normal_0060,39,2022-07-12 00:07:29.871,3.9,0.006895,0.056494,246.38155,0,train
normal,2127,normal_0060,40,2022-07-12 00:07:29.971,4.0,0.140398,0.287567,218.31134,0,train
normal,2128,normal_0060,41,2022-07-12 00:07:30.071,4.1,0.018351,0.156289,166.75367,0,train
normal,2129,normal_0060,42,2022-07-12 00:07:30.171,4.2,-0.056331,-0.16569,91.590415,0,train
normal,2130,normal_0060,43,2022-07-12 00:07:30.271,4.3,-0.059147,-0.186023,9.783269,0,train
normal,2131,normal_0060,44,2022-07-12 00:07:30.371,4.4,-0.111009,-0.086864,-75.695047,0,train
normal,2132,normal_0060,45,2022-07-12 00:07:30.471,4.5,0.026093,0.127054,-152.146,0,train
normal,2133,normal_0060,46,2022-07-12 00:07:30.571,4.6,0.173754,0.264577,-212.79087,0,train
normal,2134,normal_0060,47,2022-07-12 00:07:30.671,4.7,0.103625,-0.035717,-246.57169,0,train
normal,2135,normal_0060,48,2022-07-12 00:07:30.771,4.8,-0.004345,-0.238021,-230.47676,0,train
normal,2136,normal_0060,49,2022-07-12 00:07:30.871,4.9,-0.071931,-0.129053,-186.23533,0,train
normal,2137,normal_0061,0,2022-07-12 00:07:32.847,0.0,-0.09007,-0.059352,-87.881218,0,train
normal,2138,normal_0061,1,2022-07-12 00:07:32.947,0.1,-0.028739,0.141714,-139.64404,0,train
normal,2139,normal_0061,2,2022-07-12 00:07:33.047,0.2,0.020103,0.135084,-162.94922,0,train
normal,2140,normal_0061,3,2022-07-12 00:07:33.147,0.3,-0.047915,-0.057149,-145.05901,0,train
normal,2141,normal_0061,4,2022-07-12 00:07:33.247,0.4,0.075688,-0.085907,-122.75733,0,train
normal,2142,normal_0061,5,2022-07-12 00:07:33.347,0.5,-0.016557,-0.102188,-81.764589,0,train
normal,2143,normal_0061,6,2022-07-12 00:07:33.447,0.6,-0.140944,0.001502,-37.292246,0,train
normal,2144,normal_0061,7,2022-07-12 00:07:33.547,0.7,0.056603,0.21408,21.896365,0,train
normal,2145,normal_0061,8,2022-07-12 00:07:33.647,0.8,-0.0269,0.064592,72.931656,0,train
normal,2146,normal_0061,9,2022-07-12 00:07:33.747,0.9,-0.033996,-0.144104,122.30994,0,train
normal,2147,normal_0061,10,2022-07-12 00:07:33.847,1.0,0.127482,-0.126018,162.19224,0,train
normal,2148,normal_0061,11,2022-07-12 00:07:33.947,1.1,-0.111448,-0.084897,152.92825,0,train
normal,2149,normal_0061,12,2022-07-12 00:07:34.047,1.2,-0.069543,0.096029,133.48557,0,train
normal,2150,normal_0061,13,2022-07-12 00:07:34.147,1.3,0.084464,0.187854,97.970974,0,train
normal,2151,normal_0061,14,2022-07-12 00:07:34.247,1.4,-0.082838,-0.007036,55.018908,0,train
normal,2152,normal_0061,15,2022-07-12 00:07:34.347,1.5,0.054196,-0.109045,0.898957,0,train
normal,2153,normal_0061,16,2022-07-12 00:07:34.447,1.6,0.029208,-0.106105,-56.146748,0,train
normal,2154,normal_0061,17,2022-07-12 00:07:34.547,1.7,-0.174924,-0.036611,-101.84695,0,train
normal,2155,normal_0061,18,2022-07-12 00:07:34.647,1.8,0.062416,0.152137,-152.09939,0,train
normal,2156,normal_0061,19,2022-07-12 00:07:34.747,1.9,0.082489,0.111447,-156.73925,0,train
normal,2157,normal_0061,20,2022-07-12 00:07:34.847,2.0,-0.014434,-0.087962,-138.47627,0,train
normal,2158,normal_0061,21,2022-07-12 00:07:34.947,2.1,0.096612,-0.140221,-110.788,0,train
normal,2159,normal_0061,22,2022-07-12 00:07:35.047,2.2,-0.101048,-0.082138,-68.253287,0,train
normal,2160,normal_0061,23,2022-07-12 00:07:35.147,2.3,-0.11893,0.088581,-21.33322,0,train
normal,2161,normal_0061,24,2022-07-12 00:07:35.247,2.4,0.068581,0.173367,38.554792,0,train
normal,2162,normal_0061,25,2022-07-12 00:07:35.347,2.5,-0.026911,0.007292,83.692918,0,train
normal,2163,normal_0061,26,2022-07-12 00:07:35.447,2.6,0.092605,-0.11966,136.20986,0,train
normal,2164,normal_0061,27,2022-07-12 00:07:35.547,2.7,0.11396,-0.112042,160.50007,0,train
normal,2165,normal_0061,28,2022-07-12 00:07:35.647,2.8,-0.102433,-0.025042,144.75896,0,train
normal,2166,normal_0061,29,2022-07-12 00:07:35.747,2.9,0.012042,0.139319,123.71303,0,train
normal,2167,normal_0061,30,2022-07-12 00:07:35.847,3.0,-0.012447,0.110663,84.272991,0,train
normal,2168,normal_0061,31,2022-07-12 00:07:35.947,3.1,-0.066443,-0.046375,41.978126,0,train
normal,2169,normal_0061,32,2022-07-12 00:07:36.047,3.2,0.140583,-0.076064,-16.82997,0,train
normal,2170,normal_0061,33,2022-07-12 00:07:36.147,3.3,-0.012084,-0.096307,-66.083558,0,train
normal,2171,normal_0061,34,2022-07-12 00:07:36.247,3.4,-0.092783,-0.004834,-114.46275,0,train
normal,2172,normal_0061,35,2022-07-12 00:07:36.347,3.5,0.105468,0.170313,-156.26254,0,train
normal,2173,normal_0061,36,2022-07-12 00:07:36.447,3.6,-0.017692,0.07213,-147.52604,0,train
normal,2174,normal_0061,37,2022-07-12 00:07:36.547,3.7,0.007716,-0.110294,-130.41617,0,train
normal,2175,normal_0061,38,2022-07-12 00:07:36.647,3.8,0.111383,-0.111441,-97.421062,0,train
normal,2176,normal_0061,39,2022-07-12 00:07:36.747,3.9,-0.123153,-0.054527,-56.958086,0,train
normal,2177,normal_0061,40,2022-07-12 00:07:36.847,4.0,-0.026968,0.100161,-5.143047,0,train
normal,2178,normal_0061,41,2022-07-12 00:07:36.947,4.1,0.122725,0.188308,50.719029,0,train
normal,2179,normal_0061,42,2022-07-12 00:07:37.047,4.2,-0.061448,-0.029618,93.927633,0,train
normal,2180,normal_0061,43,2022-07-12 00:07:37.147,4.3,0.085145,-0.163757,146.32716,0,train
normal,2181,normal_0061,44,2022-07-12 00:07:37.247,4.4,0.075677,-0.075542,153.3524,0,train
normal,2182,normal_0061,45,2022-07-12 00:07:37.347,4.5,-0.143226,0.037719,136.52207,0,train
normal,2183,normal_0061,46,2022-07-12 00:07:37.447,4.6,0.050983,0.161038,111.93754,0,train
normal,2184,normal_0061,47,2022-07-12 00:07:37.547,4.7,-0.03772,0.0801,72.358378,0,train
normal,2185,normal_0061,48,2022-07-12 00:07:37.647,4.8,-0.05626,-0.08241,28.279546,0,train
normal,2186,normal_0061,49,2022-07-12 00:07:37.747,4.9,0.161723,-0.096784,-31.296853,0,train
normal,2187,normal_0062,0,2022-07-12 00:07:39.560,0.0,0.029995,-0.017424,109.83278,0,train
normal,2188,normal_0062,1,2022-07-12 00:07:39.660,0.1,-0.061036,0.028125,94.902646,0,train
normal,2189,normal_0062,2,2022-07-12 00:07:39.760,0.2,-0.089794,-0.003948,74.457177,0,train
normal,2190,normal_0062,3,2022-07-12 00:07:39.860,0.3,0.016348,-0.004141,37.214403,0,train
normal,2191,normal_0062,4,2022-07-12 00:07:39.960,0.4,-0.08129,-0.02125,-2.210021,0,train
normal,2192,normal_0062,5,2022-07-12 00:07:40.060,0.5,-0.037921,-0.060952,-50.342089,0,train
normal,2193,normal_0062,6,2022-07-12 00:07:40.160,0.6,0.081448,0.006929,-96.84087,0,train
normal,2194,normal_0062,7,2022-07-12 00:07:40.260,0.7,-0.041327,0.036606,-105.03842,0,train
normal,2195,normal_0062,8,2022-07-12 00:07:40.360,0.8,-0.01023,-0.017072,-109.58041,0,train
normal,2196,normal_0062,9,2022-07-12 00:07:40.460,0.9,0.031255,-0.027551,-100.5459,0,train
normal,2197,normal_0062,10,2022-07-12 00:07:40.560,1.0,-0.051749,-0.036475,-81.624875,0,train
normal,2198,normal_0062,11,2022-07-12 00:07:40.660,1.1,0.081357,-0.0507,-50.807482,0,train
normal,2199,normal_0062,12,2022-07-12 00:07:40.760,1.2,0.069379,-0.04919,-9.353162,0,train
normal,2200,normal_0062,13,2022-07-12 00:07:40.860,1.3,-0.078713,-0.010158,32.919053,0,train
normal,2201,normal_0062,14,2022-07-12 00:07:40.960,1.4,0.024977,-0.0033,86.840759,0,train
normal,2202,normal_0062,15,2022-07-12 00:07:41.060,1.5,-0.052861,-0.067855,105.84093,0,train
normal,2203,normal_0062,16,2022-07-12 00:07:41.160,1.6,-0.090815,-0.006797,108.88673,0,train
normal,2204,normal_0062,17,2022-07-12 00:07:41.260,1.7,0.10538,0.058109,106.13061,0,train
normal,2205,normal_0062,18,2022-07-12 00:07:41.360,1.8,-0.026704,-0.042481,87.802301,0,train
normal,2206,normal_0062,19,2022-07-12 00:07:41.460,1.9,-0.016633,-0.03979,63.083418,0,train
normal,2207,normal_0062,20,2022-07-12 00:07:41.560,2.0,0.093085,0.05367,21.60156,0,train
normal,2208,normal_0062,21,2022-07-12 00:07:41.660,2.1,-0.026567,-0.005026,-17.316701,0,train
normal,2209,normal_0062,22,2022-07-12 00:07:41.760,2.2,0.061704,-0.051336,-70.519933,0,train
normal,2210,normal_0062,23,2022-07-12 00:07:41.860,2.3,0.034229,0.000844,-103.71925,0,train
normal,2211,normal_0062,24,2022-07-12 00:07:41.960,2.4,-0.090157,0.012492,-106.52067,0,train
normal,2212,normal_0062,25,2022-07-12 00:07:42.060,2.5,0.005279,0.018941,-109.0783,0,train
normal,2213,normal_0062,26,2022-07-12 00:07:42.160,2.6,-0.017235,0.02053,-93.728554,0,train
normal,2214,normal_0062,27,2022-07-12 00:07:42.260,2.7,-0.044812,0.013355,-72.800287,0,train
normal,2215,normal_0062,28,2022-07-12 00:07:42.360,2.8,0.06435,0.00677,-35.144214,0,train
normal,2216,normal_0062,29,2022-07-12 00:07:42.460,2.9,-0.023979,-0.03526,4.662991,0,train
normal,2217,normal_0062,30,2022-07-12 00:07:42.560,3.0,-0.056381,-0.028766,52.889353,0,train
normal,2218,normal_0062,31,2022-07-12 00:07:42.660,3.1,0.067506,0.021961,99.677575,0,train
normal,2219,normal_0062,32,2022-07-12 00:07:42.760,3.2,-0.007017,0.034392,107.31603,0,train
normal,2220,normal_0062,33,2022-07-12 00:07:42.860,3.3,0.043743,0.058053,110.80088,0,train
normal,2221,normal_0062,34,2022-07-12 00:07:42.960,3.4,0.074749,0.044803,100.59263,0,train
normal,2222,normal_0062,35,2022-07-12 00:07:43.060,3.5,-0.074921,-0.016027,80.922494,0,train
normal,2223,normal_0062,36,2022-07-12 00:07:43.160,3.6,0.031641,0.044588,49.066669,0,train
normal,2224,normal_0062,37,2022-07-12 00:07:43.260,3.7,0.036897,0.06323,6.810904,0,train
normal,2225,normal_0062,38,2022-07-12 00:07:43.360,3.8,-0.03699,-0.061054,-34.87945,0,train
normal,2226,normal_0062,39,2022-07-12 00:07:43.460,3.9,0.080539,-0.051018,-88.709603,0,train
normal,2227,normal_0062,40,2022-07-12 00:07:43.560,4.0,-0.006608,0.029885,-106.61687,0,train
normal,2228,normal_0062,41,2022-07-12 00:07:43.660,4.1,-0.038159,0.028148,-108.70696,0,train
normal,2229,normal_0062,42,2022-07-12 00:07:43.760,4.2,0.059331,0.012197,-105.66462,0,train
normal,2230,normal_0062,43,2022-07-12 00:07:43.860,4.3,-0.051579,0.015274,-86.726914,0,train
normal,2231,normal_0062,44,2022-07-12 00:07:43.960,4.4,0.034718,0.052035,-61.566122,0,train
normal,2232,normal_0062,45,2022-07-12 00:07:44.060,4.5,0.095446,0.041534,-18.668773,0,train
normal,2233,normal_0062,46,2022-07-12 00:07:44.160,4.6,-0.081097,-0.011747,20.312908,0,train
normal,2234,normal_0062,47,2022-07-12 00:07:44.260,4.7,0.015508,-0.000383,73.836931,0,train
normal,2235,normal_0062,48,2022-07-12 00:07:44.360,4.8,0.021253,0.016625,107.23139,0,train
normal,2236,normal_0062,49,2022-07-12 00:07:44.460,4.9,-0.065543,0.000605,108.54627,0,train
normal,2237,normal_0063,0,2022-07-12 00:07:46.324,0.0,0.188485,0.276851,258.70612,0,train
normal,2238,normal_0063,1,2022-07-12 00:07:46.424,0.1,0.04851,0.077442,228.07947,0,train
normal,2239,normal_0063,2,2022-07-12 00:07:46.524,0.2,-0.040511,-0.227427,172.32527,0,train
normal,2240,normal_0063,3,2022-07-12 00:07:46.624,0.3,-0.069791,-0.206083,93.922507,0,train
normal,2241,normal_0063,4,2022-07-12 00:07:46.724,0.4,-0.156677,-0.022989,10.094286,0,train
normal,2242,normal_0063,5,2022-07-12 00:07:46.824,0.5,0.071387,0.250909,-79.92507,0,train
normal,2243,normal_0063,6,2022-07-12 00:07:46.924,0.6,0.234284,0.289942,-162.26747,0,train
normal,2244,normal_0063,7,2022-07-12 00:07:47.024,0.7,0.037963,-0.118697,-225.43981,0,train
normal,2245,normal_0063,8,2022-07-12 00:07:47.124,0.8,-0.016294,-0.31177,-259.84731,0,train
normal,2246,normal_0063,9,2022-07-12 00:07:47.224,0.9,-0.09579,-0.093118,-241.74943,0,train
normal,2247,normal_0063,10,2022-07-12 00:07:47.324,1.0,-0.14722,0.132301,-193.55204,0,train
normal,2248,normal_0063,11,2022-07-12 00:07:47.424,1.1,0.041925,0.275353,-121.87351,0,train
normal,2249,normal_0063,12,2022-07-12 00:07:47.524,1.2,0.078279,0.126318,-37.554984,0,train
normal,2250,normal_0063,13,2022-07-12 00:07:47.624,1.3,0.041324,-0.236328,51.143891,0,train
normal,2251,normal_0063,14,2022-07-12 00:07:47.724,1.4,0.019094,-0.242697,139.50242,0,train
normal,2252,normal_0063,15,2022-07-12 00:07:47.824,1.5,-0.054509,-0.0084,208.64239,0,train
normal,2253,normal_0063,16,2022-07-12 00:07:47.924,1.6,-0.074957,0.15209,255.93558,0,train
normal,2254,normal_0063,17,2022-07-12 00:07:48.024,1.7,-0.013104,0.238636,254.86115,0,train
normal,2255,normal_0063,18,2022-07-12 00:07:48.124,1.8,0.019559,0.012956,214.01313,0,train
normal,2256,normal_0063,19,2022-07-12 00:07:48.224,1.9,-0.040681,-0.326666,149.11856,0,train
normal,2257,normal_0063,20,2022-07-12 00:07:48.324,2.0,-0.068031,-0.191346,66.208728,0,train
normal,2258,normal_0063,21,2022-07-12 00:07:48.424,2.1,-0.005486,0.165464,-19.211891,0,train
normal,2259,normal_0063,22,2022-07-12 00:07:48.524,2.2,0.045592,0.278747,-109.52164,0,train
normal,2260,normal_0063,23,2022-07-12 00:07:48.624,2.3,-0.045052,0.099956,-185.65264,0,train
normal,2261,normal_0063,24,2022-07-12 00:07:48.724,2.4,-0.061616,-0.19935,-243.04977,0,train
normal,2262,normal_0063,25,2022-07-12 00:07:48.824,2.5,0.003801,-0.235737,-260.13795,0,train
normal,2263,normal_0063,26,2022-07-12 00:07:48.924,2.6,-0.080031,-0.090938,-229.27263,0,train
normal,2264,normal_0063,27,2022-07-12 00:07:49.024,2.7,-0.009244,0.130474,-173.98467,0,train
normal,2265,normal_0063,28,2022-07-12 00:07:49.124,2.8,0.152529,0.319278,-95.123541,0,train
normal,2266,normal_0063,29,2022-07-12 00:07:49.224,2.9,0.01713,0.032268,-9.613873,0,train
normal,2267,normal_0063,30,2022-07-12 00:07:49.324,3.0,-0.075581,-0.267958,80.545793,0,train
normal,2268,normal_0063,31,2022-07-12 00:07:49.424,3.1,-0.071607,-0.175985,163.15689,0,train
normal,2269,normal_0063,32,2022-07-12 00:07:49.524,3.2,-0.155996,-0.003722,227.93689,0,train
normal,2270,normal_0063,33,2022-07-12 00:07:49.624,3.3,0.046557,0.256438,262.3829,0,train
normal,2271,normal_0063,34,2022-07-12 00:07:49.724,3.4,0.205832,0.2333,245.0048,0,train
normal,2272,normal_0063,35,2022-07-12 00:07:49.824,3.5,0.03282,-0.189132,196.87631,0,train
normal,2273,normal_0063,36,2022-07-12 00:07:49.924,3.6,-0.012321,-0.266607,123.74772,0,train
normal,2274,normal_0063,37,2022-07-12 00:07:50.024,3.7,-0.058335,-0.053483,38.993721,0,train
normal,2275,normal_0063,38,2022-07-12 00:07:50.124,3.8,-0.129657,0.088762,-48.557645,0,train
normal,2276,normal_0063,39,2022-07-12 00:07:50.224,3.9,0.017323,0.291383,-135.16559,0,train
normal,2277,normal_0063,40,2022-07-12 00:07:50.324,4.0,0.115472,0.147254,-205.73809,0,train
normal,2278,normal_0063,41,2022-07-12 00:07:50.424,4.1,0.055901,-0.287622,-254.05815,0,train
normal,2279,normal_0063,42,2022-07-12 00:07:50.524,4.2,0.008717,-0.247602,-253.41323,0,train
normal,2280,normal_0063,43,2022-07-12 00:07:50.624,4.3,-0.010708,0.037547,-214.59415,0,train
normal,2281,normal_0063,44,2022-07-12 00:07:50.724,4.4,-0.00166,0.203725,-150.9576,0,train
normal,2282,normal_0063,45,2022-07-12 00:07:50.824,4.5,0.014155,0.270278,-68.25126,0,train
normal,2283,normal_0063,46,2022-07-12 00:07:50.924,4.6,0.016415,-0.023602,17.803313,0,train
normal,2284,normal_0063,47,2022-07-12 00:07:51.024,4.7,0.025702,-0.315154,107.29863,0,train
normal,2285,normal_0063,48,2022-07-12 00:07:51.124,4.8,-0.032688,-0.148703,184.01851,0,train
normal,2286,normal_0063,49,2022-07-12 00:07:51.224,4.9,-0.011208,0.103441,242.63516,0,train
normal,2287,normal_0064,0,2022-07-12 00:07:52.879,0.0,0.06593,-0.115007,106.24315,0,train
normal,2288,normal_0064,1,2022-07-12 00:07:52.979,0.1,-0.199759,-0.096035,38.373475,0,train
normal,2289,normal_0064,2,2022-07-12 00:07:53.079,0.2,-0.09062,0.08338,-36.625151,0,train
normal,2290,normal_0064,3,2022-07-12 00:07:53.179,0.3,0.107892,0.216157,-115.05188,0,train
normal,2291,normal_0064,4,2022-07-12 00:07:53.279,0.4,-0.002689,-0.001622,-158.33725,0,train
normal,2292,normal_0064,5,2022-07-12 00:07:53.379,0.5,0.071868,-0.175735,-206.26607,0,train
normal,2293,normal_0064,6,2022-07-12 00:07:53.479,0.6,0.07885,-0.111646,-210.10032,0,train
normal,2294,normal_0064,7,2022-07-12 00:07:53.579,0.7,-0.055209,-0.007128,-171.35491,0,train
normal,2295,normal_0064,8,2022-07-12 00:07:53.679,0.8,-0.045434,0.127227,-127.01573,0,train
normal,2296,normal_0064,9,2022-07-12 00:07:53.779,0.9,-0.015041,0.135355,-60.457118,0,train
normal,2297,normal_0064,10,2022-07-12 00:07:53.879,1.0,0.021448,-0.036692,9.459974,0,train
normal,2298,normal_0064,11,2022-07-12 00:07:53.979,1.1,-1e-05,-0.156049,93.963277,0,train
normal,2299,normal_0064,12,2022-07-12 00:07:54.079,1.2,-0.018186,-0.112509,147.20919,0,train
normal,2300,normal_0064,13,2022-07-12 00:07:54.179,1.3,0.032086,0.071857,192.57739,0,train
normal,2301,normal_0064,14,2022-07-12 00:07:54.279,1.4,0.045244,0.184243,219.2147,0,train
normal,2302,normal_0064,15,2022-07-12 00:07:54.379,1.5,0.027806,0.06442,186.49032,0,train
normal,2303,normal_0064,16,2022-07-12 00:07:54.479,1.6,0.018939,-0.106458,145.86438,0,train
normal,2304,normal_0064,17,2022-07-12 00:07:54.579,1.7,-0.045491,-0.171762,83.920608,0,train
normal,2305,normal_0064,18,2022-07-12 00:07:54.679,1.8,-0.095502,-0.069435,15.841128,0,train
normal,2306,normal_0064,19,2022-07-12 00:07:54.779,1.9,0.079032,0.16828,-65.61745,0,train
normal,2307,normal_0064,20,2022-07-12 00:07:54.879,2.0,0.107472,0.172571,-131.88423,0,train
normal,2308,normal_0064,21,2022-07-12 00:07:54.979,2.1,-0.009615,-0.042039,-173.74232,0,train
normal,2309,normal_0064,22,2022-07-12 00:07:55.079,2.2,0.07482,-0.105584,-215.91749,0,train
normal,2310,normal_0064,23,2022-07-12 00:07:55.179,2.3,-0.071592,-0.124328,-197.66357,0,train
normal,2311,normal_0064,24,2022-07-12 00:07:55.279,2.4,-0.16319,-0.01,-158.69691,0,train
normal,2312,normal_0064,25,2022-07-12 00:07:55.379,2.5,0.089329,0.227567,-106.73167,0,train
normal,2313,normal_0064,26,2022-07-12 00:07:55.479,2.6,0.049808,0.062751,-39.516334,0,train
normal,2314,normal_0064,27,2022-07-12 00:07:55.579,2.7,0.032199,-0.159773,34.945731,0,train
normal,2315,normal_0064,28,2022-07-12 00:07:55.679,2.8,0.129781,-0.085466,112.86761,0,train
normal,2316,normal_0064,29,2022-07-12 00:07:55.779,2.9,-0.076656,-0.057003,156.68358,0,train
normal,2317,normal_0064,30,2022-07-12 00:07:55.879,3.0,-0.077564,0.074593,205.30262,0,train
normal,2318,normal_0064,31,2022-07-12 00:07:55.979,3.1,0.023094,0.210015,209.73172,0,train
normal,2319,normal_0064,32,2022-07-12 00:07:56.079,3.2,-0.027189,0.028101,171.76618,0,train
normal,2320,normal_0064,33,2022-07-12 00:07:56.179,3.3,0.031745,-0.167493,128.22045,0,train
normal,2321,normal_0064,34,2022-07-12 00:07:56.279,3.4,-0.021842,-0.128279,63.039191,0,train
normal,2322,normal_0064,35,2022-07-12 00:07:56.379,3.5,-0.016722,0.039636,-4.555822,0,train
normal,2323,normal_0064,36,2022-07-12 00:07:56.479,3.6,0.068893,0.155042,-86.447845,0,train
normal,2324,normal_0064,37,2022-07-12 00:07:56.579,3.7,-0.02619,0.103566,-138.09671,0,train
normal,2325,normal_0064,38,2022-07-12 00:07:56.679,3.8,0.004418,-0.087736,-184.17325,0,train
normal,2326,normal_0064,39,2022-07-12 00:07:56.779,3.9,0.01022,-0.192833,-211.6709,0,train
normal,2327,normal_0064,40,2022-07-12 00:07:56.879,4.0,-0.099385,-0.049691,-180.12478,0,train
normal,2328,normal_0064,41,2022-07-12 00:07:56.979,4.1,0.019893,0.159708,-143.52478,0,train
normal,2329,normal_0064,42,2022-07-12 00:07:57.079,4.2,0.034936,0.16853,-86.180816,0,train
normal,2330,normal_0064,43,2022-07-12 00:07:57.179,4.3,-0.089576,-0.005981,-22.760394,0,train
normal,2331,normal_0064,44,2022-07-12 00:07:57.279,4.4,0.046039,-0.107366,55.603034,0,train
normal,2332,normal_0064,45,2022-07-12 00:07:57.379,4.5,0.000512,-0.12695,119.95126,0,train
normal,2333,normal_0064,46,2022-07-12 00:07:57.479,4.6,-0.145661,-0.076235,161.15155,0,train
normal,2334,normal_0064,47,2022-07-12 00:07:57.579,4.7,0.07675,0.137047,206.7801,0,train
normal,2335,normal_0064,48,2022-07-12 00:07:57.679,4.8,0.080065,0.155894,192.38224,0,train
normal,2336,normal_0064,49,2022-07-12 00:07:57.779,4.9,-0.035943,-0.059103,156.96456,0,train
normal,2337,normal_0065,0,2022-07-12 00:07:59.767,0.0,-0.001188,0.08394,81.360111,0,train
normal,2338,normal_0065,1,2022-07-12 00:07:59.867,0.1,0.039219,-0.044363,48.120743,0,train
normal,2339,normal_0065,2,2022-07-12 00:07:59.967,0.2,0.153149,-0.142421,6.660701,0,train
normal,2340,normal_0065,3,2022-07-12 00:08:00.067,0.3,0.034984,0.034917,-37.695174,0,train
normal,2341,normal_0065,4,2022-07-12 00:08:00.167,0.4,-0.010588,0.038834,-90.043913,0,train
normal,2342,normal_0065,5,2022-07-12 00:08:00.267,0.5,0.049959,-0.019477,-105.45207,0,train
normal,2343,normal_0065,6,2022-07-12 00:08:00.367,0.6,-0.100404,0.024108,-109.60652,0,train
normal,2344,normal_0065,7,2022-07-12 00:08:00.467,0.7,0.038685,0.027798,-105.94059,0,train
normal,2345,normal_0065,8,2022-07-12 00:08:00.567,0.8,0.179329,0.042523,-87.32308,0,train
normal,2346,normal_0065,9,2022-07-12 00:08:00.667,0.9,0.036097,-0.018205,-60.325749,0,train
normal,2347,normal_0065,10,2022-07-12 00:08:00.767,1.0,0.141966,-0.050312,-17.750623,0,train
normal,2348,normal_0065,11,2022-07-12 00:08:00.867,1.1,0.1118,0.099131,22.910121,0,train
normal,2349,normal_0065,12,2022-07-12 00:08:00.967,1.2,0.029273,0.070509,77.137956,0,train
normal,2350,normal_0065,13,2022-07-12 00:08:01.067,1.3,0.114831,-0.013039,106.21167,0,train
normal,2351,normal_0065,14,2022-07-12 00:08:01.167,1.4,0.040922,0.084848,109.11847,0,train
normal,2352,normal_0065,15,2022-07-12 00:08:01.267,1.5,-0.028776,0.089515,110.63315,0,train
normal,2353,normal_0065,16,2022-07-12 00:08:01.367,1.6,0.043056,0.060609,94.413173,0,train
normal,2354,normal_0065,17,2022-07-12 00:08:01.467,1.7,0.042943,0.113913,72.357902,0,train
normal,2355,normal_0065,18,2022-07-12 00:08:01.567,1.8,0.010257,0.08067,32.913808,0,train
normal,2356,normal_0065,19,2022-07-12 00:08:01.667,1.9,0.10324,0.022031,-7.134558,0,train
normal,2357,normal_0065,20,2022-07-12 00:08:01.767,2.0,0.016262,-0.004922,-57.327397,0,train
normal,2358,normal_0065,21,2022-07-12 00:08:01.867,2.1,0.009201,-0.010088,-100.40654,0,train
normal,2359,normal_0065,22,2022-07-12 00:08:01.967,2.2,0.143623,0.040207,-106.62152,0,train
normal,2360,normal_0065,23,2022-07-12 00:08:02.067,2.3,0.034927,0.004467,-111.12763,0,train
normal,2361,normal_0065,24,2022-07-12 00:08:02.167,2.4,0.081737,-0.039345,-100.5689,0,train
normal,2362,normal_0065,25,2022-07-12 00:08:02.267,2.5,0.079511,-0.026993,-80.725441,0,train
normal,2363,normal_0065,26,2022-07-12 00:08:02.367,2.6,-0.122872,0.020192,-47.123795,0,train
normal,2364,normal_0065,27,2022-07-12 00:08:02.467,2.7,-0.029196,0.062857,-4.994512,0,train
normal,2365,normal_0065,28,2022-07-12 00:08:02.567,2.8,-0.072656,-0.035235,39.381866,0,train
normal,2366,normal_0065,29,2022-07-12 00:08:02.667,2.9,-0.104105,-0.004774,91.546785,0,train
normal,2367,normal_0065,30,2022-07-12 00:08:02.767,3.0,0.126514,0.086097,107.08941,0,train
normal,2368,normal_0065,31,2022-07-12 00:08:02.867,3.1,-0.00163,-0.073359,110.6707,0,train
normal,2369,normal_0065,32,2022-07-12 00:08:02.967,3.2,-0.002459,-0.110178,107.07976,0,train
normal,2370,normal_0065,33,2022-07-12 00:08:03.067,3.3,0.052468,0.037426,88.607322,0,train
normal,2371,normal_0065,34,2022-07-12 00:08:03.167,3.4,-0.059021,0.003888,62.074192,0,train
normal,2372,normal_0065,35,2022-07-12 00:08:03.267,3.5,0.064026,-0.030172,20.379069,0,train
normal,2373,normal_0065,36,2022-07-12 00:08:03.367,3.6,-0.061939,-0.008067,-20.08033,0,train
normal,2374,normal_0065,37,2022-07-12 00:08:03.467,3.7,-0.139595,-0.010451,-73.88235,0,train
normal,2375,normal_0065,38,2022-07-12 00:08:03.567,3.8,-0.016424,0.028139,-103.38677,0,train
normal,2376,normal_0065,39,2022-07-12 00:08:03.667,3.9,-0.146555,-0.042444,-107.13543,0,train
normal,2377,normal_0065,40,2022-07-12 00:08:03.767,4.0,-0.122577,-0.055807,-109.69664,0,train
normal,2378,normal_0065,41,2022-07-12 00:08:03.867,4.1,-0.01656,0.00508,-94.488632,0,train
normal,2379,normal_0065,42,2022-07-12 00:08:03.967,4.2,-0.126301,-0.089265,-72.821507,0,train
normal,2380,normal_0065,43,2022-07-12 00:08:04.067,4.3,-0.081467,-0.090843,-33.901099,0,train
normal,2381,normal_0065,44,2022-07-12 00:08:04.167,4.4,-0.014641,0.044329,6.198049,0,train
normal,2382,normal_0065,45,2022-07-12 00:08:04.267,4.5,-0.135974,-0.012574,56.173689,0,train
normal,2383,normal_0065,46,2022-07-12 00:08:04.367,4.6,-0.106239,-0.091786,99.838865,0,train
normal,2384,normal_0065,47,2022-07-12 00:08:04.467,4.7,-0.079695,-0.016559,107.03005,0,train
normal,2385,normal_0065,48,2022-07-12 00:08:04.567,4.8,-0.155649,-0.075902,111.43614,0,train
normal,2386,normal_0065,49,2022-07-12 00:08:04.667,4.9,-0.041469,-0.089447,101.3744,0,train
normal,2387,normal_0066,0,2022-07-12 00:08:06.337,0.0,-0.104589,-0.175749,-176.53813,0,train
normal,2388,normal_0066,1,2022-07-12 00:08:06.437,0.1,-0.146221,-0.211421,-133.33167,0,train
normal,2389,normal_0066,2,2022-07-12 00:08:06.537,0.2,-0.147277,0.037306,-69.521674,0,train
normal,2390,normal_0066,3,2022-07-12 00:08:06.637,0.3,0.049009,0.217562,-3.31235,0,train
normal,2391,normal_0066,4,2022-07-12 00:08:06.737,0.4,0.072159,0.130618,68.083294,0,train
normal,2392,normal_0066,5,2022-07-12 00:08:06.837,0.5,-0.037537,-0.115089,128.31892,0,train
normal,2393,normal_0066,6,2022-07-12 00:08:06.937,0.6,-0.001365,-0.200227,180.55942,0,train
normal,2394,normal_0066,7,2022-07-12 00:08:07.037,0.7,-0.183596,-0.143983,207.26862,0,train
normal,2395,normal_0066,8,2022-07-12 00:08:07.137,0.8,-0.092941,0.135319,189.33322,0,train
normal,2396,normal_0066,9,2022-07-12 00:08:07.237,0.9,0.103119,0.246047,151.8531,0,train
normal,2397,normal_0066,10,2022-07-12 00:08:07.337,1.0,-0.047323,-0.027533,91.732632,0,train
normal,2398,normal_0066,11,2022-07-12 00:08:07.437,1.1,0.021841,-0.149183,25.422815,0,train
normal,2399,normal_0066,12,2022-07-12 00:08:07.537,1.2,0.065335,-0.139692,-45.524841,0,train
normal,2400,normal_0066,13,2022-07-12 00:08:07.637,1.3,-0.089364,0.012238,-111.75467,0,train
normal,2401,normal_0066,14,2022-07-12 00:08:07.737,1.4,-0.001161,0.241301,-165.86842,0,train
normal,2402,normal_0066,15,2022-07-12 00:08:07.837,1.5,0.004663,0.132492,-205.9957,0,train
normal,2403,normal_0066,16,2022-07-12 00:08:07.937,1.6,-0.055373,-0.160491,-199.37243,0,train
normal,2404,normal_0066,17,2022-07-12 00:08:08.037,1.7,0.018163,-0.212,-166.95478,0,train
normal,2405,normal_0066,18,2022-07-12 00:08:08.137,1.8,0.055106,-0.03783,-113.39857,0,train
normal,2406,normal_0066,19,2022-07-12 00:08:08.237,1.9,0.087849,0.170048,-44.875508,0,train
normal,2407,normal_0066,20,2022-07-12 00:08:08.337,2.0,-0.00208,0.201508,25.736097,0,train
normal,2408,normal_0066,21,2022-07-12 00:08:08.437,2.1,-0.035073,-0.03238,98.082912,0,train
normal,2409,normal_0066,22,2022-07-12 00:08:08.537,2.2,0.028415,-0.216474,154.86719,0,train
normal,2410,normal_0066,23,2022-07-12 00:08:08.637,2.3,-0.031837,-0.180234,202.62387,0,train
normal,2411,normal_0066,24,2022-07-12 00:08:08.737,2.4,0.051825,0.063759,211.10549,0,train
normal,2412,normal_0066,25,2022-07-12 00:08:08.837,2.5,0.125553,0.251871,182.56345,0,train
normal,2413,normal_0066,26,2022-07-12 00:08:08.937,2.6,-0.037128,0.077133,135.45169,0,train
normal,2414,normal_0066,27,2022-07-12 00:08:09.037,2.7,-0.010663,-0.104951,67.522057,0,train
normal,2415,normal_0066,28,2022-07-12 00:08:09.137,2.8,0.089892,-0.102373,-2.03383,0,train
normal,2416,normal_0066,29,2022-07-12 00:08:09.237,2.9,-0.031701,-0.109265,-76.595554,0,train
normal,2417,normal_0066,30,2022-07-12 00:08:09.337,3.0,0.007627,0.063101,-138.0892,0,train
normal,2418,normal_0066,31,2022-07-12 00:08:09.437,3.1,0.076484,0.209649,-189.9096,0,train
normal,2419,normal_0066,32,2022-07-12 00:08:09.537,3.2,0.007479,-0.026352,-215.31143,0,train
normal,2420,normal_0066,33,2022-07-12 00:08:09.637,3.3,0.087224,-0.098831,-194.46983,0,train
normal,2421,normal_0066,34,2022-07-12 00:08:09.737,3.4,0.094434,-0.049444,-154.55582,0,train
normal,2422,normal_0066,35,2022-07-12 00:08:09.837,3.5,-0.08111,-0.072264,-90.823423,0,train
normal,2423,normal_0066,36,2022-07-12 00:08:09.937,3.6,-0.081099,0.191676,-19.653084,0,train
normal,2424,normal_0066,37,2022-07-12 00:08:10.037,3.7,0.04281,0.253211,55.63534,0,train
normal,2425,normal_0066,38,2022-07-12 00:08:10.137,3.8,0.025815,-0.068881,124.74264,0,train
normal,2426,normal_0066,39,2022-07-12 00:08:10.237,3.9,0.014859,-0.177101,178.49078,0,train
normal,2427,normal_0066,40,2022-07-12 00:08:10.337,4.0,0.068344,-0.081131,216.75935,0,train
normal,2428,normal_0066,41,2022-07-12 00:08:10.437,4.1,0.031718,0.010853,207.74939,0,train
normal,2429,normal_0066,42,2022-07-12 00:08:10.537,4.2,-0.042532,0.151815,171.99602,0,train
normal,2430,normal_0066,43,2022-07-12 00:08:10.637,4.3,0.02997,0.139156,114.80392,0,train
normal,2431,normal_0066,44,2022-07-12 00:08:10.737,4.4,0.030515,-0.076533,42.92882,0,train
normal,2432,normal_0066,45,2022-07-12 00:08:10.837,4.5,-0.085459,-0.187727,-30.415181,0,train
normal,2433,normal_0066,46,2022-07-12 00:08:10.937,4.6,-0.021154,-0.065702,-104.65003,0,train
normal,2434,normal_0066,47,2022-07-12 00:08:11.037,4.7,-0.012605,0.09741,-161.97242,0,train
normal,2435,normal_0066,48,2022-07-12 00:08:11.137,4.8,0.003017,0.137112,-208.96819,0,train
normal,2436,normal_0066,49,2022-07-12 00:08:11.237,4.9,0.085964,0.051656,-215.80508,0,train
normal,2437,normal_0067,0,2022-07-12 00:08:13.092,0.0,-0.198869,-0.083087,-0.1297,0,train
normal,2438,normal_0067,1,2022-07-12 00:08:13.192,0.1,-0.025993,0.063302,87.036024,0,train
normal,2439,normal_0067,2,2022-07-12 00:08:13.292,0.2,0.117592,0.212064,152.44378,0,train
normal,2440,normal_0067,3,2022-07-12 00:08:13.392,0.3,-0.053331,-0.016557,200.11249,0,train
normal,2441,normal_0067,4,2022-07-12 00:08:13.492,0.4,0.082022,-0.162379,238.68051,0,train
normal,2442,normal_0067,5,2022-07-12 00:08:13.592,0.5,0.009486,-0.081555,209.91733,0,train
normal,2443,normal_0067,6,2022-07-12 00:08:13.692,0.6,-0.180817,-0.044248,163.71097,0,train
normal,2444,normal_0067,7,2022-07-12 00:08:13.792,0.7,0.03846,0.171566,99.745882,0,train
normal,2445,normal_0067,8,2022-07-12 00:08:13.892,0.8,0.08989,0.179536,26.206616,0,train
normal,2446,normal_0067,9,2022-07-12 00:08:13.992,0.9,-0.037005,-0.135528,-56.182391,0,train
normal,2447,normal_0067,10,2022-07-12 00:08:14.092,1.0,0.047145,-0.152683,-134.92419,0,train
normal,2448,normal_0067,11,2022-07-12 00:08:14.192,1.1,-0.014946,-0.037731,-180.71415,0,train
normal,2449,normal_0067,12,2022-07-12 00:08:14.292,1.2,-0.079682,0.012269,-230.24598,0,train
normal,2450,normal_0067,13,2022-07-12 00:08:14.392,1.3,0.066332,0.171782,-222.44504,0,train
normal,2451,normal_0067,14,2022-07-12 00:08:14.492,1.4,0.067638,0.095874,-177.21035,0,train
normal,2452,normal_0067,15,2022-07-12 00:08:14.592,1.5,0.021203,-0.148755,-122.85449,0,train
normal,2453,normal_0067,16,2022-07-12 00:08:14.692,1.6,-0.05391,-0.136584,-48.800236,0,train
normal,2454,normal_0067,17,2022-07-12 00:08:14.792,1.7,-0.073813,-0.026707,26.341203,0,train
normal,2455,normal_0067,18,2022-07-12 00:08:14.892,1.8,0.048428,0.153787,112.70751,0,train
normal,2456,normal_0067,19,2022-07-12 00:08:14.992,1.9,0.020783,0.182999,165.55264,0,train
normal,2457,normal_0067,20,2022-07-12 00:08:15.092,2.0,0.047622,-0.085676,216.2334,0,train
normal,2458,normal_0067,21,2022-07-12 00:08:15.192,2.1,0.095828,-0.167045,233.94146,0,train
normal,2459,normal_0067,22,2022-07-12 00:08:15.292,2.2,-0.08856,-0.11348,193.01202,0,train
normal,2460,normal_0067,23,2022-07-12 00:08:15.392,2.3,-0.041989,0.034601,145.229,0,train
normal,2461,normal_0067,24,2022-07-12 00:08:15.492,2.4,0.106659,0.241219,74.593791,0,train
normal,2462,normal_0067,25,2022-07-12 00:08:15.592,2.5,-0.052832,0.073247,1.759768,0,train
normal,2463,normal_0067,26,2022-07-12 00:08:15.692,2.6,0.007534,-0.119792,-84.990631,0,train
normal,2464,normal_0067,27,2022-07-12 00:08:15.792,2.7,0.05499,-0.093918,-150.03623,0,train
normal,2465,normal_0067,28,2022-07-12 00:08:15.892,2.8,-0.167454,-0.107463,-197.454,0,train
normal,2466,normal_0067,29,2022-07-12 00:08:15.992,2.9,0.013415,0.087586,-235.53744,0,train
normal,2467,normal_0067,30,2022-07-12 00:08:16.092,3.0,0.154888,0.225415,-206.6535,0,train
normal,2468,normal_0067,31,2022-07-12 00:08:16.192,3.1,-0.020793,-0.079284,-161.79301,0,train
normal,2469,normal_0067,32,2022-07-12 00:08:16.292,3.2,0.030127,-0.180453,-98.60636,0,train
normal,2470,normal_0067,33,2022-07-12 00:08:16.392,3.3,-0.009451,-0.038128,-25.070193,0,train
normal,2471,normal_0067,34,2022-07-12 00:08:16.492,3.4,-0.124039,0.007205,55.629141,0,train
normal,2472,normal_0067,35,2022-07-12 00:08:16.592,3.5,0.01245,0.180592,133.43538,0,train
normal,2473,normal_0067,36,2022-07-12 00:08:16.692,3.6,0.029831,0.130502,180.59649,0,train
normal,2474,normal_0067,37,2022-07-12 00:08:16.792,3.7,0.011462,-0.144122,229.55003,0,train
normal,2475,normal_0067,38,2022-07-12 00:08:16.892,3.8,0.059339,-0.12053,222.25538,0,train
normal,2476,normal_0067,39,2022-07-12 00:08:16.992,3.9,-0.031397,-0.032327,178.28359,0,train
normal,2477,normal_0067,40,2022-07-12 00:08:17.092,4.0,-0.019215,0.043547,124.21657,0,train
normal,2478,normal_0067,41,2022-07-12 00:08:17.192,4.1,-0.009088,0.168785,50.567752,0,train
normal,2479,normal_0067,42,2022-07-12 00:08:17.292,4.2,-0.014299,0.04131,-24.956468,0,train
normal,2480,normal_0067,43,2022-07-12 00:08:17.392,4.3,0.073984,-0.149538,-109.8776,0,train
normal,2481,normal_0067,44,2022-07-12 00:08:17.492,4.4,-0.079035,-0.136743,-164.10257,0,train
normal,2482,normal_0067,45,2022-07-12 00:08:17.592,4.5,-0.071111,-0.009019,-214.89492,0,train
normal,2483,normal_0067,46,2022-07-12 00:08:17.692,4.6,0.115128,0.189936,-230.15168,0,train
normal,2484,normal_0067,47,2022-07-12 00:08:17.792,4.7,-0.017807,0.138869,-190.87019,0,train
normal,2485,normal_0067,48,2022-07-12 00:08:17.892,4.8,-0.009644,-0.093827,-144.36533,0,train
normal,2486,normal_0067,49,2022-07-12 00:08:17.992,4.9,0.052844,-0.108837,-73.751816,0,train
normal,2487,normal_0068,0,2022-07-12 00:08:26.424,0.0,0.077318,0.065756,-150.53906,0,train
normal,2488,normal_0068,1,2022-07-12 00:08:26.524,0.1,0.06526,-0.013331,-108.33896,0,train
normal,2489,normal_0068,2,2022-07-12 00:08:26.624,0.2,0.081075,-0.064409,-51.146513,0,train
normal,2490,normal_0068,3,2022-07-12 00:08:26.724,0.3,0.06182,0.027813,8.433224,0,train
normal,2491,normal_0068,4,2022-07-12 00:08:26.824,0.4,0.001466,0.047159,73.899874,0,train
normal,2492,normal_0068,5,2022-07-12 00:08:26.924,0.5,-0.043765,0.225905,126.50658,0,train
normal,2493,normal_0068,6,2022-07-12 00:08:27.024,0.6,-0.096353,0.322817,172.83537,0,train
normal,2494,normal_0068,7,2022-07-12 00:08:27.124,0.7,-0.067323,0.153857,187.19699,0,train
normal,2495,normal_0068,8,2022-07-12 00:08:27.224,0.8,0.030429,-0.005815,164.22572,0,train
normal,2496,normal_0068,9,2022-07-12 00:08:27.324,0.9,0.116418,-0.169393,126.58478,0,train
normal,2497,normal_0068,10,2022-07-12 00:08:27.424,1.0,0.128861,-0.18774,71.170935,0,train
normal,2498,normal_0068,11,2022-07-12 00:08:27.524,1.1,0.234504,0.025929,13.672353,0,train
normal,2499,normal_0068,12,2022-07-12 00:08:27.624,1.2,0.241951,0.099975,-51.347023,0,train
normal,2500,normal_0068,13,2022-07-12 00:08:27.724,1.3,0.036877,-0.005066,-109.21098,0,train
normal,2501,normal_0068,14,2022-07-12 00:08:27.824,1.4,0.002204,-0.014841,-158.71217,0,train
normal,2502,normal_0068,15,2022-07-12 00:08:27.924,1.5,-0.099975,-0.002795,-187.58585,0,train
normal,2503,normal_0068,16,2022-07-12 00:08:28.024,1.6,-0.119821,0.105561,-173.50425,0,train
normal,2504,normal_0068,17,2022-07-12 00:08:28.124,1.7,0.092599,0.219332,-142.01381,0,train
normal,2505,normal_0068,18,2022-07-12 00:08:28.224,1.8,0.055905,0.020491,-91.229688,0,train
normal,2506,normal_0068,19,2022-07-12 00:08:28.324,1.9,0.107256,-0.143076,-33.293847,0,train
normal,2507,normal_0068,20,2022-07-12 00:08:28.424,2.0,0.197742,-0.139239,29.411439,0,train
normal,2508,normal_0068,21,2022-07-12 00:08:28.524,2.1,0.059743,-0.083959,91.891896,0,train
normal,2509,normal_0068,22,2022-07-12 00:08:28.624,2.2,0.069427,0.099055,143.19398,0,train
normal,2510,normal_0068,23,2022-07-12 00:08:28.724,2.3,0.022856,0.138542,183.8614,0,train
normal,2511,normal_0068,24,2022-07-12 00:08:28.824,2.4,-0.000884,0.044332,182.37271,0,train
normal,2512,normal_0068,25,2022-07-12 00:08:28.924,2.5,0.053203,0.009875,154.78029,0,train
normal,2513,normal_0068,26,2022-07-12 00:08:29.024,2.6,-0.11243,-0.069757,110.63148,0,train
normal,2514,normal_0068,27,2022-07-12 00:08:29.124,2.7,-0.082888,0.05908,54.089553,0,train
normal,2515,normal_0068,28,2022-07-12 00:08:29.224,2.8,0.010379,0.232626,-3.925205,0,train
normal,2516,normal_0068,29,2022-07-12 00:08:29.324,2.9,-0.077257,0.058524,-67.903765,0,train
normal,2517,normal_0068,30,2022-07-12 00:08:29.424,3.0,0.00586,-0.071902,-121.4229,0,train
normal,2518,normal_0068,31,2022-07-12 00:08:29.524,3.1,0.009028,-0.119802,-169.5601,0,train
normal,2519,normal_0068,32,2022-07-12 00:08:29.624,3.2,-0.080674,-0.122072,-184.53219,0,train
normal,2520,normal_0068,33,2022-07-12 00:08:29.724,3.3,0.001319,0.128244,-163.81337,0,train
normal,2521,normal_0068,34,2022-07-12 00:08:29.824,3.4,-0.022954,0.170059,-128.27469,0,train
normal,2522,normal_0068,35,2022-07-12 00:08:29.924,3.5,-0.112691,-0.071959,-73.702225,0,train
normal,2523,normal_0068,36,2022-07-12 00:08:30.024,3.6,-0.080141,-0.133959,-17.459871,0,train
normal,2524,normal_0068,37,2022-07-12 00:08:30.124,3.7,-0.033888,-0.155394,46.156054,0,train
normal,2525,normal_0068,38,2022-07-12 00:08:30.224,3.8,-0.107718,-0.082926,103.54496,0,train
normal,2526,normal_0068,39,2022-07-12 00:08:30.324,3.9,-0.103109,0.111862,154.09352,0,train
normal,2527,normal_0068,40,2022-07-12 00:08:30.424,4.0,-0.003347,0.05723,185.26687,0,train
normal,2528,normal_0068,41,2022-07-12 00:08:30.524,4.1,-0.117425,-0.096448,172.96948,0,train
normal,2529,normal_0068,42,2022-07-12 00:08:30.624,4.2,-0.092436,-0.179565,142.84136,0,train
normal,2530,normal_0068,43,2022-07-12 00:08:30.724,4.3,-0.017914,-0.158641,93.69899,0,train
normal,2531,normal_0068,44,2022-07-12 00:08:30.824,4.4,-0.090257,-0.019166,38.509135,0,train
normal,2532,normal_0068,45,2022-07-12 00:08:30.924,4.5,0.022856,0.061975,-21.761062,0,train
normal,2533,normal_0068,46,2022-07-12 00:08:31.024,4.6,0.021675,-0.039409,-83.343873,0,train
normal,2534,normal_0068,47,2022-07-12 00:08:31.124,4.7,-0.039224,-0.144722,-134.61174,0,train
normal,2535,normal_0068,48,2022-07-12 00:08:31.224,4.8,-0.04481,-0.146561,-178.35607,0,train
normal,2536,normal_0068,49,2022-07-12 00:08:31.324,4.9,-0.160749,-0.044053,-179.67751,0,train
normal,2537,normal_0069,0,2022-07-12 00:08:33.206,0.0,0.051918,0.188885,-139.93992,0,train
normal,2538,normal_0069,1,2022-07-12 00:08:33.306,0.1,0.061216,0.231948,-195.92407,0,train
normal,2539,normal_0069,2,2022-07-12 00:08:33.406,0.2,-0.07592,-0.083922,-244.98156,0,train
normal,2540,normal_0069,3,2022-07-12 00:08:33.506,0.3,0.000488,-0.205016,-239.38683,0,train
normal,2541,normal_0069,4,2022-07-12 00:08:33.606,0.4,-0.090532,-0.120151,-192.58096,0,train
normal,2542,normal_0069,5,2022-07-12 00:08:33.706,0.5,-0.123604,-0.000101,-134.13967,0,train
normal,2543,normal_0069,6,2022-07-12 00:08:33.806,0.6,0.115769,0.245833,-55.304653,0,train
normal,2544,normal_0069,7,2022-07-12 00:08:33.906,0.7,0.050192,0.149149,25.185707,0,train
normal,2545,normal_0069,8,2022-07-12 00:08:34.006,0.8,-0.098354,-0.194742,114.03347,0,train
normal,2546,normal_0069,9,2022-07-12 00:08:34.106,0.9,-0.084503,-0.192221,176.84867,0,train
normal,2547,normal_0069,10,2022-07-12 00:08:34.206,1.0,-0.185524,-0.061988,230.13535,0,train
normal,2548,normal_0069,11,2022-07-12 00:08:34.306,1.1,-0.009288,0.129576,249.10513,0,train
normal,2549,normal_0069,12,2022-07-12 00:08:34.406,1.2,0.160296,0.258583,209.5206,0,train
normal,2550,normal_0069,13,2022-07-12 00:08:34.506,1.3,-0.00025,-0.067426,157.73155,0,train
normal,2551,normal_0069,14,2022-07-12 00:08:34.606,1.4,-0.015929,-0.252053,83.450327,0,train
normal,2552,normal_0069,15,2022-07-12 00:08:34.706,1.5,-0.108231,-0.133888,4.766942,0,train
normal,2553,normal_0069,16,2022-07-12 00:08:34.806,1.6,-0.1302,0.006109,-83.185444,0,train
normal,2554,normal_0069,17,2022-07-12 00:08:34.906,1.7,0.065973,0.228894,-156.68418,0,train
normal,2555,normal_0069,18,2022-07-12 00:08:35.006,1.8,0.002349,0.129144,-209.98302,0,train
normal,2556,normal_0069,19,2022-07-12 00:08:35.106,1.9,0.054711,-0.162181,-248.20235,0,train
normal,2557,normal_0069,20,2022-07-12 00:08:35.206,2.0,0.059002,-0.182446,-222.88134,0,train
normal,2558,normal_0069,21,2022-07-12 00:08:35.306,2.1,-0.127918,-0.07887,-175.08819,0,train
normal,2559,normal_0069,22,2022-07-12 00:08:35.406,2.2,0.021026,0.123116,-109.3222,0,train
normal,2560,normal_0069,23,2022-07-12 00:08:35.506,2.3,0.002894,0.246696,-30.260567,0,train
normal,2561,normal_0069,24,2022-07-12 00:08:35.606,2.4,-0.066179,-0.016393,52.900678,0,train
normal,2562,normal_0069,25,2022-07-12 00:08:35.706,2.5,0.076532,-0.21721,135.85033,0,train
normal,2563,normal_0069,26,2022-07-12 00:08:35.806,2.6,-0.003588,-0.155471,192.03391,0,train
normal,2564,normal_0069,27,2022-07-12 00:08:35.906,2.7,-0.005711,-0.019697,241.62748,0,train
normal,2565,normal_0069,28,2022-07-12 00:08:36.006,2.8,0.163566,0.22173,237.49187,0,train
normal,2566,normal_0069,29,2022-07-12 00:08:36.106,2.9,0.051112,0.205654,192.35995,0,train
normal,2567,normal_0069,30,2022-07-12 00:08:36.206,3.0,-0.068892,-0.128563,135.40389,0,train
normal,2568,normal_0069,31,2022-07-12 00:08:36.306,3.1,0.004325,-0.174544,57.647474,0,train
normal,2569,normal_0069,32,2022-07-12 00:08:36.406,3.2,-0.083447,-0.06385,-22.132161,0,train
normal,2570,normal_0069,33,2022-07-12 00:08:36.506,3.3,-0.033811,0.032664,-110.0526,0,train
normal,2571,normal_0069,34,2022-07-12 00:08:36.606,3.4,0.173432,0.240815,-172.96292,0,train
normal,2572,normal_0069,35,2022-07-12 00:08:36.706,3.5,0.143062,0.062296,-226.24173,0,train
normal,2573,normal_0069,36,2022-07-12 00:08:36.806,3.6,0.092551,-0.174294,-245.06703,0,train
normal,2574,normal_0069,37,2022-07-12 00:08:36.906,3.7,0.04053,-0.094856,-206.7621,0,train
normal,2575,normal_0069,38,2022-07-12 00:08:37.006,3.8,-0.14253,-0.044583,-156.53064,0,train
normal,2576,normal_0069,39,2022-07-12 00:08:37.106,3.9,-0.078361,0.163488,-83.218465,0,train
normal,2577,normal_0069,40,2022-07-12 00:08:37.206,4.0,0.081675,0.246605,-4.986048,0,train
normal,2578,normal_0069,41,2022-07-12 00:08:37.306,4.1,0.045083,-0.057004,81.771026,0,train
normal,2579,normal_0069,42,2022-07-12 00:08:37.406,4.2,0.091745,-0.168811,155.09953,0,train
normal,2580,normal_0069,43,2022-07-12 00:08:37.506,4.3,0.019016,-0.085489,208.71093,0,train
normal,2581,normal_0069,44,2022-07-12 00:08:37.606,4.4,-0.043166,0.010923,246.43531,0,train
normal,2582,normal_0069,45,2022-07-12 00:08:37.706,4.5,0.071241,0.220073,222.42048,0,train
normal,2583,normal_0069,46,2022-07-12 00:08:37.806,4.6,0.016643,0.156858,175.61366,0,train
normal,2584,normal_0069,47,2022-07-12 00:08:37.906,4.7,0.023001,-0.133423,110.59405,0,train
normal,2585,normal_0069,48,2022-07-12 00:08:38.006,4.8,-0.025171,-0.175282,32.601599,0,train
normal,2586,normal_0069,49,2022-07-12 00:08:38.106,4.9,-0.138238,-0.054563,-50.235516,0,train
normal,2587,normal_0070,0,2022-07-12 00:08:39.956,0.0,-0.038559,-0.03975,-25.672796,0,train
normal,2588,normal_0070,1,2022-07-12 00:08:40.056,0.1,-0.011515,-0.017895,-80.550561,0,train
normal,2589,normal_0070,2,2022-07-12 00:08:40.156,0.2,0.014314,-0.003136,-104.54358,0,train
normal,2590,normal_0070,3,2022-07-12 00:08:40.256,0.3,0.02083,-0.062673,-108.31059,0,train
normal,2591,normal_0070,4,2022-07-12 00:08:40.356,0.4,0.005935,0.022102,-108.02199,0,train
normal,2592,normal_0070,5,2022-07-12 00:08:40.456,0.5,-0.000968,0.048238,-90.912353,0,train
normal,2593,normal_0070,6,2022-07-12 00:08:40.556,0.6,-0.006145,-0.024503,-66.999086,0,train
normal,2594,normal_0070,7,2022-07-12 00:08:40.656,0.7,-0.01357,-0.029169,-25.646213,0,train
normal,2595,normal_0070,8,2022-07-12 00:08:40.756,0.8,-0.046881,-0.034993,12.022974,0,train
normal,2596,normal_0070,9,2022-07-12 00:08:40.856,0.9,-0.02322,-0.023027,64.523347,0,train
normal,2597,normal_0070,10,2022-07-12 00:08:40.956,1.0,0.007774,0.02712,103.34028,0,train
normal,2598,normal_0070,11,2022-07-12 00:08:41.056,1.1,0.020785,0.042777,107.9898,0,train
normal,2599,normal_0070,12,2022-07-12 00:08:41.156,1.2,0.025451,0.04079,111.47679,0,train
normal,2600,normal_0070,13,2022-07-12 00:08:41.256,1.3,-0.044678,0.002529,98.136794,0,train
normal,2601,normal_0070,14,2022-07-12 00:08:41.356,1.4,-0.061322,-0.042906,77.978263,0,train
normal,2602,normal_0070,15,2022-07-12 00:08:41.456,1.5,-0.057791,0.03601,41.358357,0,train
normal,2603,normal_0070,16,2022-07-12 00:08:41.556,1.6,-0.02959,0.049146,2.725482,0,train
normal,2604,normal_0070,17,2022-07-12 00:08:41.656,1.7,0.047,-0.080202,-42.736535,0,train
normal,2605,normal_0070,18,2022-07-12 00:08:41.756,1.8,0.043911,-0.037389,-93.435656,0,train
normal,2606,normal_0070,19,2022-07-12 00:08:41.856,1.9,0.001791,0.044525,-105.42203,0,train
normal,2607,normal_0070,20,2022-07-12 00:08:41.956,2.0,-0.046063,-0.02062,-110.52204,0,train
normal,2608,normal_0070,21,2022-07-12 00:08:42.056,2.1,-0.088309,-0.032257,-104.00583,0,train
normal,2609,normal_0070,22,2022-07-12 00:08:42.156,2.2,-0.069542,0.014859,-85.344563,0,train
normal,2610,normal_0070,23,2022-07-12 00:08:42.256,2.3,-0.003784,0.029005,-55.436856,0,train
normal,2611,normal_0070,24,2022-07-12 00:08:42.356,2.4,0.008739,-0.041828,-14.188887,0,train
normal,2612,normal_0070,25,2022-07-12 00:08:42.456,2.5,-0.027682,-0.104702,25.796178,0,train
normal,2613,normal_0070,26,2022-07-12 00:08:42.556,2.6,-0.024197,0.014439,81.131587,0,train
normal,2614,normal_0070,27,2022-07-12 00:08:42.656,2.7,0.018355,0.054902,105.63375,0,train
normal,2615,normal_0070,28,2022-07-12 00:08:42.756,2.8,0.005095,-0.047471,109.37942,0,train
normal,2616,normal_0070,29,2022-07-12 00:08:42.856,2.9,-0.049855,-0.0254,109.03884,0,train
normal,2617,normal_0070,30,2022-07-12 00:08:42.956,3.0,-0.040216,-0.035323,92.249285,0,train
normal,2618,normal_0070,31,2022-07-12 00:08:43.056,3.1,0.002983,-0.050036,68.506964,0,train
normal,2619,normal_0070,32,2022-07-12 00:08:43.156,3.2,0.021375,0.03123,27.892593,0,train
normal,2620,normal_0070,33,2022-07-12 00:08:43.256,3.3,0.03559,0.004743,-9.5284,0,train
normal,2621,normal_0070,34,2022-07-12 00:08:43.356,3.4,0.030798,-0.015681,-61.949499,0,train
normal,2622,normal_0070,35,2022-07-12 00:08:43.456,3.5,-0.045416,-0.002319,-100.88516,0,train
normal,2623,normal_0070,36,2022-07-12 00:08:43.556,3.6,-0.031758,-0.028794,-106.21954,0,train
normal,2624,normal_0070,37,2022-07-12 00:08:43.656,3.7,-0.003205,0.039371,-110.56985,0,train
normal,2625,normal_0070,38,2022-07-12 00:08:43.756,3.8,-0.013865,0.069275,-97.584498,0,train
normal,2626,normal_0070,39,2022-07-12 00:08:43.856,3.9,0.075678,0.052654,-77.653775,0,train
normal,2627,normal_0070,40,2022-07-12 00:08:43.956,4.0,0.030969,0.040268,-41.15439,0,train
normal,2628,normal_0070,41,2022-07-12 00:08:44.056,4.1,0.004561,-0.060901,-1.74737,0,train
normal,2629,normal_0070,42,2022-07-12 00:08:44.156,4.2,0.04952,-0.016374,44.243818,0,train
normal,2630,normal_0070,43,2022-07-12 00:08:44.256,4.3,-0.013706,0.087599,94.925415,0,train
normal,2631,normal_0070,44,2022-07-12 00:08:44.356,4.4,0.051688,0.00539,106.51387,0,train
normal,2632,normal_0070,45,2022-07-12 00:08:44.456,4.5,0.096171,-0.047834,111.09592,0,train
normal,2633,normal_0070,46,2022-07-12 00:08:44.556,4.6,0.021886,0.019854,103.99092,0,train
normal,2634,normal_0070,47,2022-07-12 00:08:44.656,4.7,0.05749,0.04507,85.245262,0,train
normal,2635,normal_0070,48,2022-07-12 00:08:44.756,4.8,0.072147,0.040688,54.966456,0,train
normal,2636,normal_0070,49,2022-07-12 00:08:44.856,4.9,0.021001,0.062599,13.220312,0,train
normal,2637,normal_0071,0,2022-07-12 00:08:46.662,0.0,-0.02761,-0.100428,167.44711,0,train
normal,2638,normal_0071,1,2022-07-12 00:08:46.762,0.1,-0.011375,0.042669,152.86281,0,train
normal,2639,normal_0071,2,2022-07-12 00:08:46.862,0.2,0.106143,0.133574,126.4037,0,train
normal,2640,normal_0071,3,2022-07-12 00:08:46.962,0.3,0.021777,0.022029,82.054506,0,train
normal,2641,normal_0071,4,2022-07-12 00:08:47.062,0.4,-0.058252,-0.049792,33.552889,0,train
normal,2642,normal_0071,5,2022-07-12 00:08:47.162,0.5,-0.017687,-0.06471,-22.209289,0,train
normal,2643,normal_0071,6,2022-07-12 00:08:47.262,0.6,-0.108729,-0.037281,-77.020535,0,train
normal,2644,normal_0071,7,2022-07-12 00:08:47.362,0.7,-0.065473,0.11315,-126.84335,0,train
normal,2645,normal_0071,8,2022-07-12 00:08:47.462,0.8,0.094608,0.132791,-163.24653,0,train
normal,2646,normal_0071,9,2022-07-12 00:08:47.562,0.9,0.032301,-0.030764,-158.06617,0,train
normal,2647,normal_0071,10,2022-07-12 00:08:47.662,1.0,0.038512,-0.097487,-135.556,0,train
normal,2648,normal_0071,11,2022-07-12 00:08:47.762,1.1,0.03103,-0.095614,-96.917641,0,train
normal,2649,normal_0071,12,2022-07-12 00:08:47.862,1.2,-0.082889,-0.02729,-48.394209,0,train
normal,2650,normal_0071,13,2022-07-12 00:08:47.962,1.3,-0.005868,0.120473,4.066229,0,train
normal,2651,normal_0071,14,2022-07-12 00:08:48.062,1.4,0.010685,0.070359,61.840303,0,train
normal,2652,normal_0071,15,2022-07-12 00:08:48.162,1.5,-0.015655,-0.048521,112.95856,0,train
normal,2653,normal_0071,16,2022-07-12 00:08:48.262,1.6,0.056132,-0.076472,158.23163,0,train
normal,2654,normal_0071,17,2022-07-12 00:08:48.362,1.7,-0.01352,-0.085498,166.23702,0,train
normal,2655,normal_0071,18,2022-07-12 00:08:48.462,1.8,-0.003768,0.087912,146.92308,0,train
normal,2656,normal_0071,19,2022-07-12 00:08:48.562,1.9,0.051693,0.162571,113.56009,0,train
normal,2657,normal_0071,20,2022-07-12 00:08:48.662,2.0,-0.062544,-0.010771,64.100869,0,train
normal,2658,normal_0071,21,2022-07-12 00:08:48.762,2.1,-0.00437,-0.081547,12.946488,0,train
normal,2659,normal_0071,22,2022-07-12 00:08:48.862,2.2,0.016009,-0.106763,-45.720344,0,train
normal,2660,normal_0071,23,2022-07-12 00:08:48.962,2.3,-0.050407,-0.015029,-98.851096,0,train
normal,2661,normal_0071,24,2022-07-12 00:08:49.062,2.4,0.090759,0.184959,-148.05772,0,train
normal,2662,normal_0071,25,2022-07-12 00:08:49.162,2.5,0.056189,0.101672,-169.88423,0,train
normal,2663,normal_0071,26,2022-07-12 00:08:49.262,2.6,-0.066631,-0.063246,-154.59301,0,train
normal,2664,normal_0071,27,2022-07-12 00:08:49.362,2.7,-0.011227,-0.104719,-126.25326,0,train
normal,2665,normal_0071,28,2022-07-12 00:08:49.462,2.8,-0.054948,-0.104436,-78.981171,0,train
normal,2666,normal_0071,29,2022-07-12 00:08:49.562,2.9,-0.056924,0.058143,-27.561906,0,train
normal,2667,normal_0071,30,2022-07-12 00:08:49.662,3.0,0.105144,0.150377,30.134801,0,train
normal,2668,normal_0071,31,2022-07-12 00:08:49.762,3.1,0.060923,-0.021216,86.962114,0,train
normal,2669,normal_0071,32,2022-07-12 00:08:49.862,3.2,-0.001861,-0.122964,137.92803,0,train
normal,2670,normal_0071,33,2022-07-12 00:08:49.962,3.3,0.069529,-0.088609,173.58079,0,train
normal,2671,normal_0071,34,2022-07-12 00:08:50.062,3.4,-0.028416,-0.019229,166.70241,0,train
normal,2672,normal_0071,35,2022-07-12 00:08:50.162,3.5,-0.063497,0.118316,140.92304,0,train
normal,2673,normal_0071,36,2022-07-12 00:08:50.262,3.6,-0.016677,0.111572,97.622406,0,train
normal,2674,normal_0071,37,2022-07-12 00:08:50.362,3.7,-0.056969,-0.027801,44.280654,0,train
normal,2675,normal_0071,38,2022-07-12 00:08:50.462,3.8,0.026205,-0.113938,-12.2391,0,train
normal,2676,normal_0071,39,2022-07-12 00:08:50.562,3.9,0.036888,-0.11362,-72.860965,0,train
normal,2677,normal_0071,40,2022-07-12 00:08:50.662,4.0,-0.033162,0.053965,-124.28249,0,train
normal,2678,normal_0071,41,2022-07-12 00:08:50.762,4.1,0.052601,0.144644,-168.89097,0,train
normal,2679,normal_0071,42,2022-07-12 00:08:50.862,4.2,0.000376,0.008791,-174.49906,0,train
normal,2680,normal_0071,43,2022-07-12 00:08:50.962,4.3,-0.080346,-0.06521,-150.76675,0,train
normal,2681,normal_0071,44,2022-07-12 00:08:51.062,4.4,-0.031845,-0.073339,-113.60253,0,train
normal,2682,normal_0071,45,2022-07-12 00:08:51.162,4.5,-0.112226,0.014921,-60.021765,0,train
normal,2683,normal_0071,46,2022-07-12 00:08:51.262,4.6,-0.013657,0.232564,-5.238891,0,train
normal,2684,normal_0071,47,2022-07-12 00:08:51.362,4.7,0.152987,0.149889,57.025201,0,train
normal,2685,normal_0071,48,2022-07-12 00:08:51.462,4.8,0.031643,-0.148509,111.04394,0,train
normal,2686,normal_0071,49,2022-07-12 00:08:51.562,4.9,0.014397,-0.220534,160.27047,0,train
normal,2687,normal_0072,0,2022-07-12 00:08:53.480,0.0,-9.7e-05,-0.060531,-92.970025,0,train
normal,2688,normal_0072,1,2022-07-12 00:08:53.580,0.1,0.026447,-0.117297,-16.695501,0,train
normal,2689,normal_0072,2,2022-07-12 00:08:53.680,0.2,-0.058203,-0.087143,74.185023,0,train
normal,2690,normal_0072,3,2022-07-12 00:08:53.780,0.3,-0.116513,-0.070681,156.34551,0,train
normal,2691,normal_0072,4,2022-07-12 00:08:53.880,0.4,0.064072,0.227603,200.22252,0,train
normal,2692,normal_0072,5,2022-07-12 00:08:53.980,0.5,0.130148,0.186607,247.72635,0,train
normal,2693,normal_0072,6,2022-07-12 00:08:54.080,0.6,0.052196,-0.153287,230.03986,0,train
normal,2694,normal_0072,7,2022-07-12 00:08:54.180,0.7,-0.011757,-0.16019,176.88777,0,train
normal,2695,normal_0072,8,2022-07-12 00:08:54.280,0.8,-0.128616,-0.074257,117.9948,0,train
normal,2696,normal_0072,9,2022-07-12 00:08:54.380,0.9,-0.069238,0.079636,41.727905,0,train
normal,2697,normal_0072,10,2022-07-12 00:08:54.480,1.0,-0.002038,0.239161,-41.01563,0,train
normal,2698,normal_0072,11,2022-07-12 00:08:54.580,1.1,0.0378,0.011914,-134.7182,0,train
normal,2699,normal_0072,12,2022-07-12 00:08:54.680,1.2,0.074982,-0.171169,-184.20532,0,train
normal,2700,normal_0072,13,2022-07-12 00:08:54.780,1.3,-0.067581,-0.149393,-233.30799,0,train
normal,2701,normal_0072,14,2022-07-12 00:08:54.880,1.4,-0.047815,-0.043558,-243.1201,0,train
normal,2702,normal_0072,15,2022-07-12 00:08:54.980,1.5,0.025107,0.19217,-192.26649,0,train
normal,2703,normal_0072,16,2022-07-12 00:08:55.080,1.6,-0.055819,0.174652,-140.16749,0,train
normal,2704,normal_0072,17,2022-07-12 00:08:55.180,1.7,0.002151,-0.086417,-66.785463,0,train
normal,2705,normal_0072,18,2022-07-12 00:08:55.280,1.8,0.003786,-0.218943,10.537745,0,train
normal,2706,normal_0072,19,2022-07-12 00:08:55.380,1.9,-0.127129,-0.15843,106.4917,0,train
normal,2707,normal_0072,20,2022-07-12 00:08:55.480,2.0,0.018715,0.091705,171.49164,0,train
normal,2708,normal_0072,21,2022-07-12 00:08:55.580,2.1,0.094533,0.242964,217.09647,0,train
normal,2709,normal_0072,22,2022-07-12 00:08:55.680,2.2,-0.026459,-0.000995,251.33327,0,train
normal,2710,normal_0072,23,2022-07-12 00:08:55.780,2.3,0.018613,-0.135145,211.73778,0,train
normal,2711,normal_0072,24,2022-07-12 00:08:55.880,2.4,-0.044511,-0.106228,160.01095,0,train
normal,2712,normal_0072,25,2022-07-12 00:08:55.980,2.5,-0.17546,-0.120999,92.78978,0,train
normal,2713,normal_0072,26,2022-07-12 00:08:56.080,2.6,-0.037949,0.141886,16.655328,0,train
normal,2714,normal_0072,27,2022-07-12 00:08:56.180,2.7,0.111631,0.215921,-73.639163,0,train
normal,2715,normal_0072,28,2022-07-12 00:08:56.280,2.8,0.055466,-0.104253,-155.34379,0,train
normal,2716,normal_0072,29,2022-07-12 00:08:56.380,2.9,0.051061,-0.179252,-199.1215,0,train
normal,2717,normal_0072,30,2022-07-12 00:08:56.480,3.0,-0.000301,-0.094545,-246.12275,0,train
normal,2718,normal_0072,31,2022-07-12 00:08:56.580,3.1,-0.111609,0.003093,-227.50416,0,train
normal,2719,normal_0072,32,2022-07-12 00:08:56.680,3.2,-0.027402,0.226866,-174.97947,0,train
normal,2720,normal_0072,33,2022-07-12 00:08:56.780,3.3,0.019714,0.126855,-117.31781,0,train
normal,2721,normal_0072,34,2022-07-12 00:08:56.880,3.4,0.012255,-0.134793,-41.91864,0,train
normal,2722,normal_0072,35,2022-07-12 00:08:56.980,3.5,0.025073,-0.146339,39.473777,0,train
normal,2723,normal_0072,36,2022-07-12 00:08:57.080,3.6,0.001924,-0.066787,132.05673,0,train
normal,2724,normal_0072,37,2022-07-12 00:08:57.180,3.7,0.035166,0.12094,182.95576,0,train
normal,2725,normal_0072,38,2022-07-12 00:08:57.280,3.8,0.053513,0.196586,233.01723,0,train
normal,2726,normal_0072,39,2022-07-12 00:08:57.380,3.9,0.039605,0.019316,242.51297,0,train
normal,2727,normal_0072,40,2022-07-12 00:08:57.480,4.0,0.020941,-0.129661,192.30475,0,train
normal,2728,normal_0072,41,2022-07-12 00:08:57.580,4.1,-0.090685,-0.144409,140.62549,0,train
normal,2729,normal_0072,42,2022-07-12 00:08:57.680,4.2,-0.069772,0.004387,67.888506,0,train
normal,2730,normal_0072,43,2022-07-12 00:08:57.780,4.3,0.102468,0.237413,-8.319379,0,train
normal,2731,normal_0072,44,2022-07-12 00:08:57.880,4.4,0.051333,0.155011,-101.95018,0,train
normal,2732,normal_0072,45,2022-07-12 00:08:57.980,4.5,0.041921,-0.094795,-166.53277,0,train
normal,2733,normal_0072,46,2022-07-12 00:08:58.080,4.6,0.065082,-0.136689,-212.8165,0,train
normal,2734,normal_0072,47,2022-07-12 00:08:58.180,4.7,-0.128582,-0.138221,-245.89756,0,train
normal,2735,normal_0072,48,2022-07-12 00:08:58.280,4.8,0.005784,0.092102,-207.17933,0,train
normal,2736,normal_0072,49,2022-07-12 00:08:58.380,4.9,0.156045,0.297619,-157.50172,0,train
normal,2737,normal_0073,0,2022-07-12 00:09:00.084,0.0,-0.025736,-0.078001,-41.850333,0,train
normal,2738,normal_0073,1,2022-07-12 00:09:00.184,0.1,-0.034433,-0.001299,-3.282071,0,train
normal,2739,normal_0073,2,2022-07-12 00:09:00.284,0.2,-0.008264,0.015311,42.463188,0,train
normal,2740,normal_0073,3,2022-07-12 00:09:00.384,0.3,0.076443,-0.016467,92.899095,0,train
normal,2741,normal_0073,4,2022-07-12 00:09:00.484,0.4,-0.00228,0.061371,106.13359,0,train
normal,2742,normal_0073,5,2022-07-12 00:09:00.584,0.5,-0.035273,-0.030806,110.95907,0,train
normal,2743,normal_0073,6,2022-07-12 00:09:00.684,0.6,-0.04003,-0.044453,102.34047,0,train
normal,2744,normal_0073,7,2022-07-12 00:09:00.784,0.7,-0.058797,0.118512,83.758126,0,train
normal,2745,normal_0073,8,2022-07-12 00:09:00.884,0.8,0.045846,0.028413,54.009682,0,train
normal,2746,normal_0073,9,2022-07-12 00:09:00.984,0.9,0.056041,-0.091796,12.481929,0,train
normal,2747,normal_0073,10,2022-07-12 00:09:01.084,1.0,0.006496,-0.010245,-27.171377,0,train
normal,2748,normal_0073,11,2022-07-12 00:09:01.184,1.1,0.02071,-0.012993,-81.995497,0,train
normal,2749,normal_0073,12,2022-07-12 00:09:01.284,1.2,0.014772,-0.052457,-105.43133,0,train
normal,2750,normal_0073,13,2022-07-12 00:09:01.384,1.3,-0.010103,0.026959,-108.69361,0,train
normal,2751,normal_0073,14,2022-07-12 00:09:01.484,1.4,-0.017766,0.069126,-106.55345,0,train
normal,2752,normal_0073,15,2022-07-12 00:09:01.584,1.5,-0.006084,0.015958,-88.626872,0,train
normal,2753,normal_0073,16,2022-07-12 00:09:01.684,1.6,-0.05513,-0.0576,-64.915903,0,train
normal,2754,normal_0073,17,2022-07-12 00:09:01.784,1.7,-0.056345,-0.004376,-22.5966,0,train
normal,2755,normal_0073,18,2022-07-12 00:09:01.884,1.8,0.035265,0.120363,15.078666,0,train
normal,2756,normal_0073,19,2022-07-12 00:09:01.984,1.9,0.040624,0.002175,66.993483,0,train
normal,2757,normal_0073,20,2022-07-12 00:09:02.084,2.0,0.031916,-0.093204,104.87617,0,train
normal,2758,normal_0073,21,2022-07-12 00:09:02.184,2.1,0.038455,0.005161,108.73164,0,train
normal,2759,normal_0073,22,2022-07-12 00:09:02.284,2.2,-0.014462,-0.059303,110.81387,0,train
normal,2760,normal_0073,23,2022-07-12 00:09:02.384,2.3,0.007483,-0.056589,95.269453,0,train
normal,2761,normal_0073,24,2022-07-12 00:09:02.484,2.4,0.049899,0.069126,75.320491,0,train
normal,2762,normal_0073,25,2022-07-12 00:09:02.584,2.5,0.002579,0.031716,37.737136,0,train
normal,2763,normal_0073,26,2022-07-12 00:09:02.684,2.6,-0.00949,0.016821,-1.865983,0,train
normal,2764,normal_0073,27,2022-07-12 00:09:02.784,2.7,-0.041506,-0.009564,-46.096688,0,train
normal,2765,normal_0073,28,2022-07-12 00:09:02.884,2.8,-0.061522,-0.025549,-95.587623,0,train
normal,2766,normal_0073,29,2022-07-12 00:09:02.984,2.9,0.034209,0.092343,-105.96849,0,train
normal,2767,normal_0073,30,2022-07-12 00:09:03.084,3.0,0.044813,0.049325,-109.62035,0,train
normal,2768,normal_0073,31,2022-07-12 00:09:03.184,3.1,0.016895,-0.037107,-100.70051,0,train
normal,2769,normal_0073,32,2022-07-12 00:09:03.284,3.2,0.046243,-0.002434,-81.924925,0,train
normal,2770,normal_0073,33,2022-07-12 00:09:03.384,3.3,0.012922,-0.036221,-51.622397,0,train
normal,2771,normal_0073,34,2022-07-12 00:09:03.484,3.4,-0.004687,0.016969,-8.811832,0,train
normal,2772,normal_0073,35,2022-07-12 00:09:03.584,3.5,0.00259,0.033556,29.65546,0,train
normal,2773,normal_0073,36,2022-07-12 00:09:03.684,3.6,-0.020412,-0.071212,84.628473,0,train
normal,2774,normal_0073,37,2022-07-12 00:09:03.784,3.7,0.002352,0.01916,107.80872,0,train
normal,2775,normal_0073,38,2022-07-12 00:09:03.884,3.8,-0.009989,0.038472,109.87498,0,train
normal,2776,normal_0073,39,2022-07-12 00:09:03.984,3.9,-0.045684,-0.047745,106.96842,0,train
normal,2777,normal_0073,40,2022-07-12 00:09:04.084,4.0,-0.028177,0.060701,87.949406,0,train
normal,2778,normal_0073,41,2022-07-12 00:09:04.184,4.1,-0.008479,0.023553,63.835152,0,train
normal,2779,normal_0073,42,2022-07-12 00:09:04.284,4.2,0.013648,-0.069623,20.002606,0,train
normal,2780,normal_0073,43,2022-07-12 00:09:04.384,4.3,0.00427,0.035758,-17.324688,0,train
normal,2781,normal_0073,44,2022-07-12 00:09:04.484,4.4,-0.011204,-0.041024,-68.71868,0,train
normal,2782,normal_0073,45,2022-07-12 00:09:04.584,4.5,-0.012566,-0.058951,-106.30239,0,train
normal,2783,normal_0073,46,2022-07-12 00:09:04.684,4.6,0.000955,0.075268,-108.13977,0,train
normal,2784,normal_0073,47,2022-07-12 00:09:04.784,4.7,0.018927,-0.019396,-109.80584,0,train
normal,2785,normal_0073,48,2022-07-12 00:09:04.884,4.8,0.006882,-0.019827,-93.9206,0,train
normal,2786,normal_0073,49,2022-07-12 00:09:04.984,4.9,-0.012816,0.022123,-73.468455,0,train
normal,2787,normal_0074,0,2022-07-12 00:09:06.833,0.0,-0.013366,0.022281,-56.245811,0,train
normal,2788,normal_0074,1,2022-07-12 00:09:06.933,0.1,0.115823,-0.035643,-9.867669,0,train
normal,2789,normal_0074,2,2022-07-12 00:09:07.033,0.2,0.156297,-0.087641,45.001512,0,train
normal,2790,normal_0074,3,2022-07-12 00:09:07.133,0.3,0.05925,-0.002775,85.877071,0,train
normal,2791,normal_0074,4,2022-07-12 00:09:07.233,0.4,0.14843,0.138993,133.24513,0,train
normal,2792,normal_0074,5,2022-07-12 00:09:07.333,0.5,0.108523,0.059338,145.61476,0,train
normal,2793,normal_0074,6,2022-07-12 00:09:07.433,0.6,0.02326,0.003616,129.53331,0,train
normal,2794,normal_0074,7,2022-07-12 00:09:07.533,0.7,0.105628,0.005842,106.6971,0,train
normal,2795,normal_0074,8,2022-07-12 00:09:07.633,0.8,-0.001706,-0.049267,68.756708,0,train
normal,2796,normal_0074,9,2022-07-12 00:09:07.733,0.9,-0.053568,0.06892,27.03214,0,train
normal,2797,normal_0074,10,2022-07-12 00:09:07.833,1.0,0.106672,0.144136,-30.128006,0,train
normal,2798,normal_0074,11,2022-07-12 00:09:07.933,1.1,0.043741,-0.007601,-74.276337,0,train
normal,2799,normal_0074,12,2022-07-12 00:09:08.033,1.2,0.055821,-0.079807,-121.05264,0,train
normal,2800,normal_0074,13,2022-07-12 00:09:08.133,1.3,0.144172,-0.076106,-149.07731,0,train
normal,2801,normal_0074,14,2022-07-12 00:09:08.233,1.4,-0.042317,-0.034633,-135.37873,0,train
normal,2802,normal_0074,15,2022-07-12 00:09:08.333,1.5,-0.031713,0.107408,-116.50111,0,train
normal,2803,normal_0074,16,2022-07-12 00:09:08.433,1.6,0.044207,0.141752,-80.440173,0,train
normal,2804,normal_0074,17,2022-07-12 00:09:08.533,1.7,-0.053227,0.053412,-40.124183,0,train
normal,2805,normal_0074,18,2022-07-12 00:09:08.633,1.8,0.05531,-0.011835,13.780715,0,train
normal,2806,normal_0074,19,2022-07-12 00:09:08.733,1.9,0.018253,-0.047189,63.929208,0,train
normal,2807,normal_0074,20,2022-07-12 00:09:08.833,2.0,-0.095177,0.046713,106.90667,0,train
normal,2808,normal_0074,21,2022-07-12 00:09:08.933,2.1,0.034886,0.132408,148.22115,0,train
normal,2809,normal_0074,22,2022-07-12 00:09:09.033,2.2,-0.028477,0.021384,144.14229,0,train
normal,2810,normal_0074,23,2022-07-12 00:09:09.133,2.3,-0.05652,-0.072235,125.80635,0,train
normal,2811,normal_0074,24,2022-07-12 00:09:09.233,2.4,0.025655,-0.094158,94.829332,0,train
normal,2812,normal_0074,25,2022-07-12 00:09:09.333,2.5,-0.07087,-0.044192,54.952628,0,train
normal,2813,normal_0074,26,2022-07-12 00:09:09.433,2.6,-0.050809,0.127378,6.680132,0,train
normal,2814,normal_0074,27,2022-07-12 00:09:09.533,2.7,-0.018497,0.090378,-49.975997,0,train
normal,2815,normal_0074,28,2022-07-12 00:09:09.633,2.8,-0.130974,-0.062074,-91.141116,0,train
normal,2816,normal_0074,29,2022-07-12 00:09:09.733,2.9,-0.041079,-0.101958,-138.67392,0,train
normal,2817,normal_0074,30,2022-07-12 00:09:09.833,3.0,0.013201,-0.125436,-149.81033,0,train
normal,2818,normal_0074,31,2022-07-12 00:09:09.933,3.1,-0.096597,0.013925,-131.71066,0,train
normal,2819,normal_0074,32,2022-07-12 00:09:10.033,3.2,0.046568,0.112562,-107.34333,0,train
normal,2820,normal_0074,33,2022-07-12 00:09:10.133,3.3,-0.024469,0.037801,-66.765555,0,train
normal,2821,normal_0074,34,2022-07-12 00:09:10.233,3.4,-0.085686,-0.142318,-22.993925,0,train
normal,2822,normal_0074,35,2022-07-12 00:09:10.333,3.5,0.020944,-0.112482,35.470848,0,train
normal,2823,normal_0074,36,2022-07-12 00:09:10.433,3.6,-0.114035,-0.065559,79.848537,0,train
normal,2824,normal_0074,37,2022-07-12 00:09:10.533,3.7,-0.010403,-0.018738,126.20474,0,train
normal,2825,normal_0074,38,2022-07-12 00:09:10.633,3.8,0.013587,0.133736,154.37736,0,train
normal,2826,normal_0074,39,2022-07-12 00:09:10.733,3.9,-0.014671,-0.093216,139.73703,0,train
normal,2827,normal_0074,40,2022-07-12 00:09:10.833,4.0,0.005447,0.021634,119.02489,0,train
normal,2828,normal_0074,41,2022-07-12 00:09:10.933,4.1,-0.135357,-0.064855,81.551323,0,train
normal,2829,normal_0074,42,2022-07-12 00:09:11.033,4.2,-0.115659,-0.170168,41.031127,0,train
normal,2830,normal_0074,43,2022-07-12 00:09:11.133,4.3,-0.070893,0.122201,-14.066102,0,train
normal,2831,normal_0074,44,2022-07-12 00:09:11.233,4.4,0.078119,0.089209,-65.010198,0,train
normal,2832,normal_0074,45,2022-07-12 00:09:11.333,4.5,0.205741,0.078786,-107.4983,0,train
normal,2833,normal_0074,46,2022-07-12 00:09:11.433,4.6,0.044604,-0.136313,-149.68922,0,train
normal,2834,normal_0074,47,2022-07-12 00:09:11.533,4.7,-0.065738,-0.168295,-145.25606,0,train
normal,2835,normal_0074,48,2022-07-12 00:09:11.633,4.8,-0.156054,-0.006284,-126.56344,0,train
normal,2836,normal_0074,49,2022-07-12 00:09:11.733,4.9,-0.096279,0.136961,-95.374953,0,train
normal,2837,normal_0075,0,2022-07-12 00:09:13.436,0.0,0.019989,0.128357,260.68643,0,train
normal,2838,normal_0075,1,2022-07-12 00:09:13.536,0.1,0.172657,0.281671,242.97038,0,train
normal,2839,normal_0075,2,2022-07-12 00:09:13.636,0.2,0.046783,-0.058961,196.16749,0,train
normal,2840,normal_0075,3,2022-07-12 00:09:13.736,0.3,0.006184,-0.247925,119.13313,0,train
normal,2841,normal_0075,4,2022-07-12 00:09:13.836,0.4,-0.02724,-0.08211,34.698967,0,train
normal,2842,normal_0075,5,2022-07-12 00:09:13.936,0.5,-0.100617,0.007251,-53.973681,0,train
normal,2843,normal_0075,6,2022-07-12 00:09:14.036,0.6,0.021284,0.197475,-139.5172,0,train
normal,2844,normal_0075,7,2022-07-12 00:09:14.136,0.7,0.100836,0.216946,-208.8584,0,train
normal,2845,normal_0075,8,2022-07-12 00:09:14.236,0.8,0.062257,-0.153659,-255.57664,0,train
normal,2846,normal_0075,9,2022-07-12 00:09:14.336,0.9,-0.003296,-0.253204,-251.7741,0,train
normal,2847,normal_0075,10,2022-07-12 00:09:14.436,1.0,-0.073425,-0.031634,-214.33952,0,train
normal,2848,normal_0075,11,2022-07-12 00:09:14.536,1.1,-0.015808,0.128606,-147.0988,0,train
normal,2849,normal_0075,12,2022-07-12 00:09:14.636,1.2,0.004458,0.21656,-61.687,0,train
normal,2850,normal_0075,13,2022-07-12 00:09:14.736,1.3,-0.031044,0.062337,24.675372,0,train
normal,2851,normal_0075,14,2022-07-12 00:09:14.836,1.4,0.023214,-0.179805,115.4678,0,train
normal,2852,normal_0075,15,2022-07-12 00:09:14.936,1.5,-0.065217,-0.171165,187.59467,0,train
normal,2853,normal_0075,16,2022-07-12 00:09:15.036,1.6,-0.128977,-0.020394,244.71942,0,train
normal,2854,normal_0075,17,2022-07-12 00:09:15.136,1.7,0.073293,0.202664,258.8357,0,train
normal,2855,normal_0075,18,2022-07-12 00:09:15.236,1.8,0.063484,0.217673,226.39802,0,train
normal,2856,normal_0075,19,2022-07-12 00:09:15.336,1.9,-0.03093,-0.101206,172.35663,0,train
normal,2857,normal_0075,20,2022-07-12 00:09:15.436,2.0,0.012496,-0.219337,91.135155,0,train
normal,2858,normal_0075,21,2022-07-12 00:09:15.536,2.1,-0.163094,-0.112582,8.066059,0,train
normal,2859,normal_0075,22,2022-07-12 00:09:15.636,2.2,-0.114592,0.062894,-84.200273,0,train
normal,2860,normal_0075,23,2022-07-12 00:09:15.736,2.3,0.133181,0.271465,-161.54422,0,train
normal,2861,normal_0075,24,2022-07-12 00:09:15.836,2.4,0.027482,0.07612,-220.41967,0,train
normal,2862,normal_0075,25,2022-07-12 00:09:15.936,2.5,0.021125,-0.196108,-259.76494,0,train
normal,2863,normal_0075,26,2022-07-12 00:09:16.036,2.6,0.049951,-0.141567,-239.09345,0,train
normal,2864,normal_0075,27,2022-07-12 00:09:16.136,2.7,-0.180725,-0.091704,-192.88924,0,train
normal,2865,normal_0075,28,2022-07-12 00:09:16.236,2.8,-0.069452,0.103811,-120.09098,0,train
normal,2866,normal_0075,29,2022-07-12 00:09:16.336,2.9,0.13963,0.280717,-34.488205,0,train
normal,2867,normal_0075,30,2022-07-12 00:09:16.436,3.0,0.015505,-0.054238,54.728157,0,train
normal,2868,normal_0075,31,2022-07-12 00:09:16.536,3.1,0.007194,-0.268894,141.95241,0,train
normal,2869,normal_0075,32,2022-07-12 00:09:16.636,3.2,-0.011255,-0.079647,203.4538,0,train
normal,2870,normal_0075,33,2022-07-12 00:09:16.736,3.3,-0.101968,0.025133,254.15638,0,train
normal,2871,normal_0075,34,2022-07-12 00:09:16.836,3.4,0.014631,0.190822,252.85569,0,train
normal,2872,normal_0075,35,2022-07-12 00:09:16.936,3.5,0.068207,0.189925,211.69951,0,train
normal,2873,normal_0075,36,2022-07-12 00:09:17.036,3.6,0.001608,-0.148504,148.19838,0,train
normal,2874,normal_0075,37,2022-07-12 00:09:17.136,3.7,-0.034257,-0.21173,62.871583,0,train
normal,2875,normal_0075,38,2022-07-12 00:09:17.236,3.8,-0.068021,-0.047914,-22.408965,0,train
normal,2876,normal_0075,39,2022-07-12 00:09:17.336,3.9,0.028254,0.114767,-112.94831,0,train
normal,2877,normal_0075,40,2022-07-12 00:09:17.436,4.0,0.114687,0.246783,-184.29746,0,train
normal,2878,normal_0075,41,2022-07-12 00:09:17.536,4.1,0.056286,0.0257,-241.24756,0,train
normal,2879,normal_0075,42,2022-07-12 00:09:17.636,4.2,0.060713,-0.243043,-258.94705,0,train
normal,2880,normal_0075,43,2022-07-12 00:09:17.736,4.3,-0.073278,-0.165466,-227.77727,0,train
normal,2881,normal_0075,44,2022-07-12 00:09:17.836,4.4,-0.146688,-0.006236,-173.51033,0,train
normal,2882,normal_0075,45,2022-07-12 00:09:17.936,4.5,0.066072,0.214176,-91.882597,0,train
normal,2883,normal_0075,46,2022-07-12 00:09:18.036,4.6,0.040868,0.227618,-5.427957,0,train
normal,2884,normal_0075,47,2022-07-12 00:09:18.136,4.7,0.004708,-0.098754,84.92888,0,train
normal,2885,normal_0075,48,2022-07-12 00:09:18.236,4.8,0.08065,-0.193497,165.26963,0,train
normal,2886,normal_0075,49,2022-07-12 00:09:18.336,4.9,-0.097801,-0.110187,228.80199,0,train
normal,2887,normal_0076,0,2022-07-12 00:09:20.084,0.0,0.067906,0.125122,-108.46902,0,train
normal,2888,normal_0076,1,2022-07-12 00:09:20.184,0.1,-0.025247,0.114915,-64.916499,0,train
normal,2889,normal_0076,2,2022-07-12 00:09:20.284,0.2,-0.074634,-0.031758,-14.667513,0,train
normal,2890,normal_0076,3,2022-07-12 00:09:20.384,0.3,0.141033,-0.072766,46.4145,0,train
normal,2891,normal_0076,4,2022-07-12 00:09:20.484,0.4,-0.083149,-0.113433,91.28822,0,train
normal,2892,normal_0076,5,2022-07-12 00:09:20.584,0.5,-0.088213,0.010783,144.81975,0,train
normal,2893,normal_0076,6,2022-07-12 00:09:20.684,0.6,0.143667,0.197544,163.64243,0,train
normal,2894,normal_0076,7,2022-07-12 00:09:20.784,0.7,-0.048715,0.023294,145.19979,0,train
normal,2895,normal_0076,8,2022-07-12 00:09:20.884,0.8,0.010504,-0.13136,122.02157,0,train
normal,2896,normal_0076,9,2022-07-12 00:09:20.984,0.9,0.089829,-0.079328,80.389628,0,train
normal,2897,normal_0076,10,2022-07-12 00:09:21.084,1.0,-0.164631,-0.064864,36.031012,0,train
normal,2898,normal_0076,11,2022-07-12 00:09:21.184,1.1,0.002228,0.094911,-24.169806,0,train
normal,2899,normal_0076,12,2022-07-12 00:09:21.284,1.2,0.080156,0.176132,-72.440156,0,train
normal,2900,normal_0076,13,2022-07-12 00:09:21.384,1.3,-0.090313,-0.069371,-122.82659,0,train
normal,2901,normal_0076,14,2022-07-12 00:09:21.484,1.4,0.126512,-0.133642,-160.58006,0,train
normal,2902,normal_0076,15,2022-07-12 00:09:21.584,1.5,0.012536,-0.035902,-148.42655,0,train
normal,2903,normal_0076,16,2022-07-12 00:09:21.684,1.6,-0.153312,0.005118,-130.08596,0,train
normal,2904,normal_0076,17,2022-07-12 00:09:21.784,1.7,0.074945,0.159102,-94.752561,0,train
normal,2905,normal_0076,18,2022-07-12 00:09:21.884,1.8,-0.085306,0.090608,-53.013212,0,train
normal,2906,normal_0076,19,2022-07-12 00:09:21.984,1.9,-0.018697,-0.123276,2.236724,0,train
normal,2907,normal_0076,20,2022-07-12 00:09:22.084,2.0,0.166804,-0.101546,57.223088,0,train
normal,2908,normal_0076,21,2022-07-12 00:09:22.184,2.1,-0.097363,-0.049991,102.28409,0,train
normal,2909,normal_0076,22,2022-07-12 00:09:22.284,2.2,0.037264,0.068582,153.35049,0,train
normal,2910,normal_0076,23,2022-07-12 00:09:22.384,2.3,0.064795,0.151393,154.74834,0,train
normal,2911,normal_0076,24,2022-07-12 00:09:22.484,2.4,-0.144468,-0.010709,136.68932,0,train
normal,2912,normal_0076,25,2022-07-12 00:09:22.584,2.5,0.080758,-0.098356,108.99223,0,train
normal,2913,normal_0076,26,2022-07-12 00:09:22.684,2.6,-0.04633,-0.081803,67.93917,0,train
normal,2914,normal_0076,27,2022-07-12 00:09:22.784,2.7,-0.148544,-0.01458,20.757558,0,train
normal,2915,normal_0076,28,2022-07-12 00:09:22.884,2.8,0.139682,0.166856,-38.911228,0,train
normal,2916,normal_0076,29,2022-07-12 00:09:22.984,2.9,-0.043265,0.090369,-81.397543,0,train
normal,2917,normal_0076,30,2022-07-12 00:09:23.084,3.0,0.008563,-0.117861,-135.5343,0,train
normal,2918,normal_0076,31,2022-07-12 00:09:23.184,3.1,0.173968,-0.103749,-156.56819,0,train
normal,2919,normal_0076,32,2022-07-12 00:09:23.284,3.2,-0.152642,-0.071585,-139.28129,0,train
normal,2920,normal_0076,33,2022-07-12 00:09:23.384,3.3,-0.04549,0.05908,-119.94876,0,train
normal,2921,normal_0076,34,2022-07-12 00:09:23.484,3.4,0.056462,0.181877,-81.301341,0,train
normal,2922,normal_0076,35,2022-07-12 00:09:23.584,3.5,-0.114166,0.019809,-39.633398,0,train
normal,2923,normal_0076,36,2022-07-12 00:09:23.684,3.6,0.101557,-0.095518,19.380691,0,train
normal,2924,normal_0076,37,2022-07-12 00:09:23.784,3.7,0.082393,-0.086083,65.755614,0,train
normal,2925,normal_0076,38,2022-07-12 00:09:23.884,3.8,-0.131332,-0.059687,115.38805,0,train
normal,2926,normal_0076,39,2022-07-12 00:09:23.984,3.9,0.046619,0.103289,156.46257,0,train
normal,2927,normal_0076,40,2022-07-12 00:09:24.084,4.0,0.055156,0.138621,145.37396,0,train
normal,2928,normal_0076,41,2022-07-12 00:09:24.184,4.1,-0.047523,-0.062605,128.78718,0,train
normal,2929,normal_0076,42,2022-07-12 00:09:24.284,4.2,0.104078,-0.112025,95.959913,0,train
normal,2930,normal_0076,43,2022-07-12 00:09:24.384,4.3,-0.036646,-0.04277,56.337482,0,train
normal,2931,normal_0076,44,2022-07-12 00:09:24.484,4.4,-0.093685,0.046886,3.142119,0,train
normal,2932,normal_0076,45,2022-07-12 00:09:24.584,4.5,0.071903,0.164733,-50.56048,0,train
normal,2933,normal_0076,46,2022-07-12 00:09:24.684,4.6,-0.07183,0.019468,-94.263088,0,train
normal,2934,normal_0076,47,2022-07-12 00:09:24.784,4.7,0.048696,-0.133165,-146.04666,0,train
normal,2935,normal_0076,48,2022-07-12 00:09:24.884,4.8,0.124593,-0.079544,-148.86882,0,train
normal,2936,normal_0076,49,2022-07-12 00:09:24.984,4.9,-0.107104,-0.031213,-132.82813,0,train
normal,2937,normal_0077,0,2022-07-12 00:09:28.152,0.0,0.105079,0.077489,-199.3896,0,train
normal,2938,normal_0077,1,2022-07-12 00:09:28.252,0.1,0.025993,-0.184942,-131.76502,0,train
normal,2939,normal_0077,2,2022-07-12 00:09:28.352,0.2,-0.008555,-0.132899,-49.616939,0,train
normal,2940,normal_0077,3,2022-07-12 00:09:28.452,0.3,-0.089186,-0.02552,34.684543,0,train
normal,2941,normal_0077,4,2022-07-12 00:09:28.552,0.4,0.002696,0.16844,121.45592,0,train
normal,2942,normal_0077,5,2022-07-12 00:09:28.652,0.5,0.111551,0.238966,192.05596,0,train
normal,2943,normal_0077,6,2022-07-12 00:09:28.752,0.6,0.125867,-0.057876,246.48955,0,train
normal,2944,normal_0077,7,2022-07-12 00:09:28.852,0.7,0.105908,-0.213132,253.68908,0,train
normal,2945,normal_0077,8,2022-07-12 00:09:28.952,0.8,0.027593,-0.081253,216.00642,0,train
normal,2946,normal_0077,9,2022-07-12 00:09:29.052,0.9,0.02194,0.051955,158.11374,0,train
normal,2947,normal_0077,10,2022-07-12 00:09:29.152,1.0,0.08998,0.23573,78.566799,0,train
normal,2948,normal_0077,11,2022-07-12 00:09:29.252,1.1,0.05584,0.195631,-3.916264,0,train
normal,2949,normal_0077,12,2022-07-12 00:09:29.352,1.2,0.069487,-0.146114,-92.805277,0,train
normal,2950,normal_0077,13,2022-07-12 00:09:29.452,1.3,0.038356,-0.215664,-169.16742,0,train
normal,2951,normal_0077,14,2022-07-12 00:09:29.552,1.4,-0.079774,-0.0522,-228.90916,0,train
normal,2952,normal_0077,15,2022-07-12 00:09:29.652,1.5,0.10626,0.153862,-257.21565,0,train
normal,2953,normal_0077,16,2022-07-12 00:09:29.752,1.6,0.174062,0.280088,-228.91536,0,train
normal,2954,normal_0077,17,2022-07-12 00:09:29.852,1.7,-0.008442,0.010061,-178.04041,0,train
normal,2955,normal_0077,18,2022-07-12 00:09:29.952,1.8,0.028388,-0.189813,-105.14237,0,train
normal,2956,normal_0077,19,2022-07-12 00:09:30.052,1.9,-0.061961,-0.107286,-23.010257,0,train
normal,2957,normal_0077,20,2022-07-12 00:09:30.152,2.0,-0.13922,-0.004618,63.739188,0,train
normal,2958,normal_0077,21,2022-07-12 00:09:30.252,2.1,0.113435,0.238512,146.96755,0,train
normal,2959,normal_0077,22,2022-07-12 00:09:30.352,2.2,0.131192,0.206428,208.52521,0,train
normal,2960,normal_0077,23,2022-07-12 00:09:30.452,2.3,-0.005115,-0.157456,254.19691,0,train
normal,2961,normal_0077,24,2022-07-12 00:09:30.552,2.4,0.01112,-0.185192,243.78946,0,train
normal,2962,normal_0077,25,2022-07-12 00:09:30.652,2.5,-0.112165,-0.051439,196.82994,0,train
normal,2963,normal_0077,26,2022-07-12 00:09:30.752,2.6,-0.139197,0.063217,132.93804,0,train
normal,2964,normal_0077,27,2022-07-12 00:09:30.852,2.7,0.036994,0.262297,51.875597,0,train
normal,2965,normal_0077,28,2022-07-12 00:09:30.952,2.8,0.043306,0.099684,-31.518582,0,train
normal,2966,normal_0077,29,2022-07-12 00:09:31.052,2.9,-0.013994,-0.232978,-121.11832,0,train
normal,2967,normal_0077,30,2022-07-12 00:09:31.152,3.0,-0.053548,-0.188893,-187.08958,0,train
normal,2968,normal_0077,31,2022-07-12 00:09:31.252,3.1,-0.101607,-0.003596,-240.17933,0,train
normal,2969,normal_0077,32,2022-07-12 00:09:31.352,3.2,-0.043898,0.137116,-252.29779,0,train
normal,2970,normal_0077,33,2022-07-12 00:09:31.452,3.3,-0.000812,0.184368,-211.15365,0,train
normal,2971,normal_0077,34,2022-07-12 00:09:31.552,3.4,-0.040367,-0.073987,-155.31828,0,train
normal,2972,normal_0077,35,2022-07-12 00:09:31.652,3.5,-0.060383,-0.274361,-77.59572,0,train
normal,2973,normal_0077,36,2022-07-12 00:09:31.752,3.6,-0.123973,-0.118094,4.122973,0,train
normal,2974,normal_0077,37,2022-07-12 00:09:31.852,3.7,-0.071055,0.09084,93.501341,0,train
normal,2975,normal_0077,38,2022-07-12 00:09:31.952,3.8,0.060018,0.226216,167.93623,0,train
normal,2976,normal_0077,39,2022-07-12 00:09:32.052,3.9,-0.067104,0.064478,223.87591,0,train
normal,2977,normal_0077,40,2022-07-12 00:09:32.152,4.0,-0.035451,-0.219729,256.89593,0,train
normal,2978,normal_0077,41,2022-07-12 00:09:32.252,4.1,0.008191,-0.18241,228.40777,0,train
normal,2979,normal_0077,42,2022-07-12 00:09:32.352,4.2,-0.196815,-0.092935,177.08661,0,train
normal,2980,normal_0077,43,2022-07-12 00:09:32.452,4.3,0.003854,0.113876,106.70365,0,train
normal,2981,normal_0077,44,2022-07-12 00:09:32.552,4.4,0.127695,0.282233,25.599721,0,train
normal,2982,normal_0077,45,2022-07-12 00:09:32.652,4.5,-0.059986,-0.042504,-61.138637,0,train
normal,2983,normal_0077,46,2022-07-12 00:09:32.752,4.6,-0.003185,-0.241391,-144.58575,0,train
normal,2984,normal_0077,47,2022-07-12 00:09:32.852,4.7,-0.091116,-0.133387,-202.96612,0,train
normal,2985,normal_0077,48,2022-07-12 00:09:32.952,4.8,-0.154831,-0.013008,-250.00551,0,train
normal,2986,normal_0077,49,2022-07-12 00:09:33.052,4.9,0.136937,0.241191,-240.95204,0,train
normal,2987,normal_0078,0,2022-07-12 00:09:38.862,0.0,-0.045123,-0.085807,-66.231139,0,train
normal,2988,normal_0078,1,2022-07-12 00:09:38.962,0.1,-0.027434,-0.006198,-100.62732,0,train
normal,2989,normal_0078,2,2022-07-12 00:09:39.062,0.2,-0.040491,0.026693,-106.1268,0,train
normal,2990,normal_0078,3,2022-07-12 00:09:39.162,0.3,0.013097,-0.007764,-109.83659,0,train
normal,2991,normal_0078,4,2022-07-12 00:09:39.262,0.4,-0.038072,0.031654,-96.0523,0,train
normal,2992,normal_0078,5,2022-07-12 00:09:39.362,0.5,-0.087141,-0.059081,-75.275549,0,train
normal,2993,normal_0078,6,2022-07-12 00:09:39.462,0.6,-0.058554,-0.055641,-38.56564,0,train
normal,2994,normal_0078,7,2022-07-12 00:09:39.562,0.7,-0.057884,0.082835,0.945449,0,train
normal,2995,normal_0078,8,2022-07-12 00:09:39.662,0.8,-0.00575,-0.053416,48.882371,0,train
normal,2996,normal_0078,9,2022-07-12 00:09:39.762,0.9,0.043444,-0.079846,95.07383,0,train
normal,2997,normal_0078,10,2022-07-12 00:09:39.862,1.0,-0.008383,0.048025,105.70587,0,train
normal,2998,normal_0078,11,2022-07-12 00:09:39.962,1.1,-0.052241,-0.052213,110.99829,0,train
normal,2999,normal_0079,0,2022-07-12 00:09:41.691,0.0,0.023674,-0.104578,12.55262,0,train
normal,3000,normal_0079,1,2022-07-12 00:09:41.791,0.1,-0.021296,-0.103227,64.870961,0,train
normal,3001,normal_0079,2,2022-07-12 00:09:41.891,0.2,-0.1361,0.039166,110.19672,0,train
normal,3002,normal_0079,3,2022-07-12 00:09:41.991,0.3,0.02481,0.151189,151.40261,0,train
normal,3003,normal_0079,4,2022-07-12 00:09:42.091,0.4,-0.006991,0.026326,147.12991,0,train
normal,3004,normal_0079,5,2022-07-12 00:09:42.191,0.5,-0.075428,-0.078272,127.60331,0,train
normal,3005,normal_0079,6,2022-07-12 00:09:42.291,0.6,0.004056,-0.090295,96.58612,0,train
normal,3006,normal_0079,7,2022-07-12 00:09:42.391,0.7,-0.109443,-0.022039,55.999405,0,train
normal,3007,normal_0079,8,2022-07-12 00:09:42.491,0.8,-0.04633,0.104901,9.050013,0,train
normal,3008,normal_0079,9,2022-07-12 00:09:42.591,0.9,0.044451,0.043072,-47.107225,0,train
normal,3009,normal_0079,10,2022-07-12 00:09:42.691,1.0,-0.036305,-0.083813,-91.277968,0,train
normal,3010,normal_0079,11,2022-07-12 00:09:42.791,1.1,0.072266,-0.106894,-139.45784,0,train
normal,3011,normal_0079,12,2022-07-12 00:09:42.891,1.2,0.026762,-0.111367,-151.39307,0,train
normal,3012,normal_0079,13,2022-07-12 00:09:42.991,1.3,-0.061396,0.046409,-133.14308,0,train
normal,3013,normal_0079,14,2022-07-12 00:09:43.091,1.4,0.033313,0.16177,-108.89663,0,train
normal,3014,normal_0079,15,2022-07-12 00:09:43.191,1.5,-0.03056,0.043389,-68.440326,0,train
normal,3015,normal_0079,16,2022-07-12 00:09:43.291,1.6,0.008461,0.006968,-25.121096,0,train
normal,3016,normal_0079,17,2022-07-12 00:09:43.391,1.7,0.097675,-0.048231,31.851057,0,train
normal,3017,normal_0079,18,2022-07-12 00:09:43.491,1.8,-0.018004,-0.107507,78.869233,0,train
normal,3018,normal_0079,19,2022-07-12 00:09:43.591,1.9,0.018531,0.085465,126.57584,0,train
normal,3019,normal_0079,20,2022-07-12 00:09:43.691,2.0,0.094916,0.130514,155.60915,0,train
normal,3020,normal_0079,21,2022-07-12 00:09:43.791,2.1,0.029033,-0.032643,141.52505,0,train
normal,3021,normal_0079,22,2022-07-12 00:09:43.891,2.2,0.041022,-0.087026,120.01134,0,train
normal,3022,normal_0079,23,2022-07-12 00:09:43.991,2.3,0.009721,-0.110924,82.700501,0,train
normal,3023,normal_0079,24,2022-07-12 00:09:44.091,2.4,-0.055106,-0.013173,41.383391,0,train
normal,3024,normal_0079,25,2022-07-12 00:09:44.191,2.5,0.031326,0.134409,-11.947872,0,train
normal,3025,normal_0079,26,2022-07-12 00:09:44.291,2.6,0.063127,0.047397,-64.037688,0,train
normal,3026,normal_0079,27,2022-07-12 00:09:44.391,2.7,0.023663,-0.079442,-109.22254,0,train
normal,3027,normal_0079,28,2022-07-12 00:09:44.491,2.8,0.054124,-0.104112,-151.778,0,train
normal,3028,normal_0079,29,2022-07-12 00:09:44.591,2.9,0.010346,-0.068576,-148.27253,0,train
normal,3029,normal_0079,30,2022-07-12 00:09:44.691,3.0,-0.042674,0.106718,-128.16323,0,train
normal,3030,normal_0079,31,2022-07-12 00:09:44.791,3.1,-0.007241,0.151563,-96.602213,0,train
normal,3031,normal_0079,32,2022-07-12 00:09:44.891,3.2,-0.013564,-0.005339,-54.206735,0,train
normal,3032,normal_0079,33,2022-07-12 00:09:44.991,3.3,0.022017,-0.068611,-5.279661,0,train
normal,3033,normal_0079,34,2022-07-12 00:09:45.091,3.4,0.024412,-0.097879,51.969654,0,train
normal,3034,normal_0079,35,2022-07-12 00:09:45.191,3.5,-0.066005,-0.016192,96.343886,0,train
normal,3035,normal_0079,36,2022-07-12 00:09:45.291,3.6,-0.025463,0.148532,144.34125,0,train
normal,3036,normal_0079,37,2022-07-12 00:09:45.391,3.7,-0.007638,0.08878,156.8022,0,train
normal,3037,normal_0079,38,2022-07-12 00:09:45.491,3.8,-0.035681,-0.036027,137.468,0,train
normal,3038,normal_0079,39,2022-07-12 00:09:45.591,3.9,0.038331,-0.085095,110.35158,0,train
normal,3039,normal_0079,40,2022-07-12 00:09:45.691,4.0,-0.039064,-0.090795,68.197974,0,train
normal,3040,normal_0079,41,2022-07-12 00:09:45.791,4.1,-0.06638,0.06764,23.838523,0,train
normal,3041,normal_0079,42,2022-07-12 00:09:45.891,4.2,0.083188,0.183125,-34.146551,0,train
normal,3042,normal_0079,43,2022-07-12 00:09:45.991,4.3,-0.006049,0.037066,-81.244478,0,train
normal,3043,normal_0079,44,2022-07-12 00:09:46.091,4.4,-0.019332,-0.108324,-129.34293,0,train
normal,3044,normal_0079,45,2022-07-12 00:09:46.191,4.5,0.064626,-0.126535,-158.77511,0,train
normal,3045,normal_0079,46,2022-07-12 00:09:46.291,4.6,-0.074009,-0.035788,-143.75295,0,train
normal,3046,normal_0079,47,2022-07-12 00:09:46.391,4.7,-0.012781,0.138155,-121.0884,0,train
normal,3047,normal_0079,48,2022-07-12 00:09:46.491,4.8,0.080872,0.111339,-81.940184,0,train
normal,3048,normal_0079,49,2022-07-12 00:09:46.591,4.9,-0.011884,-0.03119,-37.563805,0,train
normal,3049,normal_0080,0,2022-07-12 00:09:48.366,0.0,0.001476,-0.00857,162.53211,0,train
normal,3050,normal_0080,1,2022-07-12 00:09:48.466,0.1,-0.044425,-0.205674,82.716832,0,train
normal,3051,normal_0080,2,2022-07-12 00:09:48.566,0.2,-0.133798,-0.133933,-1.123548,0,train
normal,3052,normal_0080,3,2022-07-12 00:09:48.666,0.3,-0.173829,-0.01327,-90.52087,0,train
normal,3053,normal_0080,4,2022-07-12 00:09:48.766,0.4,0.058265,0.20578,-166.84784,0,train
normal,3054,normal_0080,5,2022-07-12 00:09:48.866,0.5,0.167541,0.1713,-227.12365,0,train
normal,3055,normal_0080,6,2022-07-12 00:09:48.966,0.6,0.105177,-0.139371,-251.86291,0,train
normal,3056,normal_0080,7,2022-07-12 00:09:49.066,0.7,0.064237,-0.173692,-227.08288,0,train
normal,3057,normal_0080,8,2022-07-12 00:09:49.166,0.8,-0.043517,-0.044265,-180.5351,0,train
normal,3058,normal_0080,9,2022-07-12 00:09:49.266,0.9,-0.0886,0.05779,-109.51842,0,train
normal,3059,normal_0080,10,2022-07-12 00:09:49.366,1.0,0.01392,0.227737,-29.363397,0,train
normal,3060,normal_0080,11,2022-07-12 00:09:49.466,1.1,0.07173,0.085253,56.798346,0,train
normal,3061,normal_0080,12,2022-07-12 00:09:49.566,1.2,0.087001,-0.214768,138.77382,0,train
normal,3062,normal_0080,13,2022-07-12 00:09:49.666,1.3,0.051022,-0.163008,203.72798,0,train
normal,3063,normal_0080,14,2022-07-12 00:09:49.766,1.4,0.009685,0.004452,246.14111,0,train
normal,3064,normal_0080,15,2022-07-12 00:09:49.866,1.5,0.098751,0.167667,236.7095,0,train
normal,3065,normal_0080,16,2022-07-12 00:09:49.966,1.6,0.0729,0.244563,197.72961,0,train
normal,3066,normal_0080,17,2022-07-12 00:09:50.066,1.7,-0.0115,-0.036385,136.27447,0,train
normal,3067,normal_0080,18,2022-07-12 00:09:50.166,1.8,0.003804,-0.250236,57.577498,0,train
normal,3068,normal_0080,19,2022-07-12 00:09:50.266,1.9,-0.08709,-0.121944,-25.164011,0,train
normal,3069,normal_0080,20,2022-07-12 00:09:50.366,2.0,0.020879,0.086207,-110.82019,0,train
normal,3070,normal_0080,21,2022-07-12 00:09:50.466,2.1,0.224613,0.250512,-179.5918,0,train
normal,3071,normal_0080,22,2022-07-12 00:09:50.566,2.2,0.075704,0.103771,-232.79777,0,train
normal,3072,normal_0080,23,2022-07-12 00:09:50.666,2.3,0.003997,-0.139235,-241.26592,0,train
normal,3073,normal_0080,24,2022-07-12 00:09:50.766,2.4,-0.042938,-0.125758,-208.74109,0,train
normal,3074,normal_0080,25,2022-07-12 00:09:50.866,2.5,-0.214928,-0.085125,-157.46786,0,train
normal,3075,normal_0080,26,2022-07-12 00:09:50.966,2.6,-0.054802,0.13036,-82.98851,0,train
normal,3076,normal_0080,27,2022-07-12 00:09:51.066,2.7,0.149705,0.289794,-2.756358,0,train
normal,3077,normal_0080,28,2022-07-12 00:09:51.166,2.8,0.082902,-0.041733,84.102998,0,train
normal,3078,normal_0080,29,2022-07-12 00:09:51.266,2.9,-0.018846,-0.233614,159.6488,0,train
normal,3079,normal_0080,30,2022-07-12 00:09:51.366,3.0,-0.064236,-0.090949,219.80241,0,train
normal,3080,normal_0080,31,2022-07-12 00:09:51.466,3.1,-0.12073,0.014863,247.15427,0,train
normal,3081,normal_0080,32,2022-07-12 00:09:51.566,3.2,-0.062715,0.17323,224.05269,0,train
normal,3082,normal_0080,33,2022-07-12 00:09:51.666,3.3,0.066156,0.1989,179.14226,0,train
normal,3083,normal_0080,34,2022-07-12 00:09:51.766,3.4,0.001499,-0.12267,109.56026,0,train
normal,3084,normal_0080,35,2022-07-12 00:09:51.866,3.5,-0.079938,-0.263712,28.9228,0,train
normal,3085,normal_0080,36,2022-07-12 00:09:51.966,3.6,-0.086137,-0.052462,-57.873256,0,train
normal,3086,normal_0080,37,2022-07-12 00:09:52.066,3.7,-0.035706,0.101375,-140.85807,0,train
normal,3087,normal_0080,38,2022-07-12 00:09:52.166,3.8,0.029689,0.154815,-205.35483,0,train
normal,3088,normal_0080,39,2022-07-12 00:09:52.266,3.9,0.017121,0.03237,-247.2693,0,train
normal,3089,normal_0080,40,2022-07-12 00:09:52.366,4.0,0.014237,-0.185465,-236.6505,0,train
normal,3090,normal_0080,41,2022-07-12 00:09:52.466,4.1,-0.103734,-0.198998,-195.81165,0,train
normal,3091,normal_0080,42,2022-07-12 00:09:52.566,4.2,-0.132538,0.023424,-133.8916,0,train
normal,3092,normal_0080,43,2022-07-12 00:09:52.666,4.3,0.05537,0.253997,-53.356415,0,train
normal,3093,normal_0080,44,2022-07-12 00:09:52.766,4.4,-0.00378,0.149604,32.083754,0,train
normal,3094,normal_0080,45,2022-07-12 00:09:52.866,4.5,-0.061875,-0.090756,120.7353,0,train
normal,3095,normal_0080,46,2022-07-12 00:09:52.966,4.6,0.040032,-0.15958,191.35263,0,train
normal,3096,normal_0080,47,2022-07-12 00:09:53.066,4.7,-0.110387,-0.145127,244.25831,0,train
normal,3097,normal_0080,48,2022-07-12 00:09:53.166,4.8,-0.032186,0.040499,251.19022,0,train
normal,3098,normal_0080,49,2022-07-12 00:09:53.266,4.9,0.220822,0.272037,215.07254,0,train
normal,3099,normal_0081,0,2022-07-12 00:09:55.827,0.0,-0.067198,-0.014446,77.964196,0,train
normal,3100,normal_0081,1,2022-07-12 00:09:55.927,0.1,0.032189,0.04643,119.90477,0,train
normal,3101,normal_0081,2,2022-07-12 00:09:56.027,0.2,-0.029789,-0.033043,120.69227,0,train
normal,3102,normal_0081,3,2022-07-12 00:09:56.127,0.3,-0.027098,-0.073506,118.55604,0,train
normal,3103,normal_0081,4,2022-07-12 00:09:56.227,0.4,0.114034,0.067581,99.257719,0,train
normal,3104,normal_0081,5,2022-07-12 00:09:56.327,0.5,-0.018254,0.003379,73.673376,0,train
normal,3105,normal_0081,6,2022-07-12 00:09:56.427,0.6,-0.067754,-0.015457,34.575824,0,train
normal,3106,normal_0081,7,2022-07-12 00:09:56.527,0.7,-0.0121,0.082613,-8.616568,0,train
normal,3107,normal_0081,8,2022-07-12 00:09:56.627,0.8,-0.086873,-0.016353,-54.247147,0,train
normal,3108,normal_0081,9,2022-07-12 00:09:56.727,0.9,0.032972,-0.04829,-107.96882,0,train
normal,3109,normal_0081,10,2022-07-12 00:09:56.827,1.0,0.074457,-0.007884,-119.08616,0,train
normal,3110,normal_0081,11,2022-07-12 00:09:56.927,1.1,-0.063065,-0.055011,-118.2294,0,train
normal,3111,normal_0081,12,2022-07-12 00:09:57.027,1.2,0.01064,-0.020327,-107.16523,0,train
normal,3112,normal_0081,13,2022-07-12 00:09:57.127,1.3,0.024503,0.042933,-81.962834,0,train
normal,3113,normal_0081,14,2022-07-12 00:09:57.227,1.4,0.00149,0.043694,-49.559599,0,train
normal,3114,normal_0081,15,2022-07-12 00:09:57.327,1.5,0.084595,-0.002071,-4.578829,0,train
normal,3115,normal_0081,16,2022-07-12 00:09:57.427,1.6,-0.045172,-0.050493,35.825614,0,train
normal,3116,normal_0081,17,2022-07-12 00:09:57.527,1.7,-0.100258,0.028106,92.083107,0,train
normal,3117,normal_0081,18,2022-07-12 00:09:57.627,1.8,0.058301,0.055479,118.76501,0,train
normal,3118,normal_0081,19,2022-07-12 00:09:57.727,1.9,-0.006969,-0.04116,117.73015,0,train
normal,3119,normal_0081,20,2022-07-12 00:09:57.827,2.0,0.018383,-0.01725,113.80531,0,train
normal,3120,normal_0081,21,2022-07-12 00:09:57.927,2.1,0.115828,-0.022166,91.362487,0,train
normal,3121,normal_0081,22,2022-07-12 00:09:58.027,2.2,-0.067686,-0.0623,65.060623,0,train
normal,3122,normal_0081,23,2022-07-12 00:09:58.127,2.3,-0.033263,0.104377,22.079709,0,train
normal,3123,normal_0081,24,2022-07-12 00:09:58.227,2.4,0.015182,0.103764,-17.670037,0,train
normal,3124,normal_0081,25,2022-07-12 00:09:58.327,2.5,-0.08022,-0.065002,-69.955477,0,train
normal,3125,normal_0081,26,2022-07-12 00:09:58.427,2.6,0.076081,-0.015706,-113.23382,0,train
normal,3126,normal_0081,27,2022-07-12 00:09:58.527,2.7,0.064001,-0.011063,-115.5168,0,train
normal,3127,normal_0081,28,2022-07-12 00:09:58.627,2.8,-0.035568,-0.023154,-115.99125,0,train
normal,3128,normal_0081,29,2022-07-12 00:09:58.727,2.9,0.056428,0.059759,-99.047792,0,train
normal,3129,normal_0081,30,2022-07-12 00:09:58.827,3.0,-0.006832,-0.039469,-74.221858,0,train
normal,3130,normal_0081,31,2022-07-12 00:09:58.927,3.1,-0.004471,-0.056203,-36.527876,0,train
normal,3131,normal_0081,32,2022-07-12 00:09:59.027,3.2,0.058982,0.076925,5.547405,0,train
normal,3132,normal_0081,33,2022-07-12 00:09:59.127,3.3,-0.058774,-0.012198,50.089365,0,train
normal,3133,normal_0081,34,2022-07-12 00:09:59.227,3.4,-0.045842,-0.02111,103.95123,0,train
normal,3134,normal_0081,35,2022-07-12 00:09:59.327,3.5,-0.004051,0.110678,116.50146,0,train
normal,3135,normal_0081,36,2022-07-12 00:09:59.427,3.6,-0.012293,0.038278,116.82428,0,train
normal,3136,normal_0081,37,2022-07-12 00:09:59.527,3.7,0.076353,-0.048438,107.55528,0,train
normal,3137,normal_0081,38,2022-07-12 00:09:59.627,3.8,0.009516,-0.050232,84.754239,0,train
normal,3138,normal_0081,39,2022-07-12 00:09:59.727,3.9,-0.063678,-0.031567,54.670579,0,train
normal,3139,normal_0081,40,2022-07-12 00:09:59.827,4.0,0.039148,0.045397,10.621311,0,train
normal,3140,normal_0081,41,2022-07-12 00:09:59.927,4.1,0.006417,0.003696,-28.657678,0,train
normal,3141,normal_0082,0,2022-07-12 00:10:03.867,0.0,0.00724,0.171485,70.034751,0,train
normal,3142,normal_0082,1,2022-07-12 00:10:03.967,0.1,0.159828,0.142239,21.97397,0,train
normal,3143,normal_0082,2,2022-07-12 00:10:04.067,0.2,0.064767,-0.047303,-39.705043,0,train
normal,3144,normal_0082,3,2022-07-12 00:10:04.167,0.3,0.06588,-0.125947,-89.860808,0,train
normal,3145,normal_0082,4,2022-07-12 00:10:04.267,0.4,-0.022948,-0.073756,-136.89377,0,train
normal,3146,normal_0082,5,2022-07-12 00:10:04.367,0.5,-0.065806,0.101856,-167.69209,0,train
normal,3147,normal_0082,6,2022-07-12 00:10:04.467,0.6,0.123407,0.194249,-152.05695,0,train
normal,3148,normal_0082,7,2022-07-12 00:10:04.567,0.7,0.017424,-0.015401,-127.31148,0,train
normal,3149,normal_0082,8,2022-07-12 00:10:04.667,0.8,0.043321,-0.114662,-85.853945,0,train
normal,3150,normal_0082,9,2022-07-12 00:10:04.767,0.9,0.08249,-0.058906,-37.561779,0,train
normal,3151,normal_0082,10,2022-07-12 00:10:04.867,1.0,-0.055736,0.023745,21.207931,0,train
normal,3152,normal_0082,11,2022-07-12 00:10:04.967,1.1,0.045194,0.180375,78.488717,0,train
normal,3153,normal_0082,12,2022-07-12 00:10:05.067,1.2,-0.01827,0.108452,123.98566,0,train
normal,3154,normal_0082,13,2022-07-12 00:10:05.167,1.3,-0.070098,-0.109939,166.64769,0,train
normal,3155,normal_0082,14,2022-07-12 00:10:05.267,1.4,0.074792,-0.094624,162.92038,0,train
normal,3156,normal_0082,15,2022-07-12 00:10:05.367,1.5,0.007808,-0.024268,138.29853,0,train
normal,3157,normal_0082,16,2022-07-12 00:10:05.467,1.6,0.008455,0.076686,102.37635,0,train
normal,3158,normal_0082,17,2022-07-12 00:10:05.567,1.7,0.067152,0.177003,55.017716,0,train
normal,3159,normal_0082,18,2022-07-12 00:10:05.667,1.8,-0.082235,0.019113,2.259016,0,train
normal,3160,normal_0082,19,2022-07-12 00:10:05.767,1.9,-0.04864,-0.10986,-59.29137,0,train
normal,3161,normal_0082,20,2022-07-12 00:10:05.867,2.0,-0.02808,-0.095907,-105.20567,0,train
normal,3162,normal_0082,21,2022-07-12 00:10:05.967,2.1,-0.135232,-0.05944,-153.19874,0,train
normal,3163,normal_0082,22,2022-07-12 00:10:06.067,2.2,0.020263,0.096054,-166.64829,0,train
normal,3164,normal_0082,23,2022-07-12 00:10:06.167,2.3,0.078834,0.107782,-145.13995,0,train
normal,3165,normal_0082,24,2022-07-12 00:10:06.267,2.4,-0.02624,-0.081409,-116.92764,0,train
normal,3166,normal_0082,25,2022-07-12 00:10:06.367,2.5,-0.012685,-0.101924,-71.291694,0,train
normal,3167,normal_0082,26,2022-07-12 00:10:06.467,2.6,-0.116862,-0.059656,-22.830251,0,train
normal,3168,normal_0082,27,2022-07-12 00:10:06.567,2.7,-0.207314,0.013777,38.499241,0,train
normal,3169,normal_0082,28,2022-07-12 00:10:06.667,2.8,0.004788,0.13394,88.550697,0,train
normal,3170,normal_0082,29,2022-07-12 00:10:06.767,2.9,0.033398,0.009962,135.66662,0,train
normal,3171,normal_0082,30,2022-07-12 00:10:06.867,3.0,0.006945,-0.099301,166.83986,0,train
normal,3172,normal_0083,0,2022-07-12 00:10:11.896,0.0,-0.155018,-0.176302,46.026235,0,train
normal,3173,normal_0083,1,2022-07-12 00:10:11.996,0.1,-0.167313,-0.035726,133.81638,0,train
normal,3174,normal_0083,2,2022-07-12 00:10:12.096,0.2,0.116008,0.27751,197.64712,0,train
normal,3175,normal_0083,3,2022-07-12 00:10:12.196,0.3,0.07962,0.177522,249.63382,0,train
normal,3176,normal_0083,4,2022-07-12 00:10:12.296,0.4,0.015236,-0.191868,253.19698,0,train
normal,3177,normal_0083,5,2022-07-12 00:10:12.396,0.5,-0.007652,-0.200315,214.86046,0,train
normal,3178,normal_0083,6,2022-07-12 00:10:12.496,0.6,-0.173773,-0.111907,154.66823,0,train
normal,3179,normal_0083,7,2022-07-12 00:10:12.596,0.7,-0.105926,0.069087,70.395955,0,train
normal,3180,normal_0083,8,2022-07-12 00:10:12.696,0.8,0.079564,0.282336,-14.133336,0,train
normal,3181,normal_0083,9,2022-07-12 00:10:12.796,0.9,0.078292,0.028318,-105.4758,0,train
normal,3182,normal_0083,10,2022-07-12 00:10:12.896,1.0,0.024262,-0.271863,-175.35879,0,train
normal,3183,normal_0083,11,2022-07-12 00:10:12.996,1.1,-0.023819,-0.1569,-232.46494,0,train
normal,3184,normal_0083,12,2022-07-12 00:10:13.096,1.2,-0.05705,0.015125,-258.21152,0,train
normal,3185,normal_0083,13,2022-07-12 00:10:13.196,1.3,-0.032504,0.180712,-229.19658,0,train
normal,3186,normal_0083,14,2022-07-12 00:10:13.296,1.4,0.00898,0.218201,-178.76603,0,train
normal,3187,normal_0083,15,2022-07-12 00:10:13.396,1.5,0.017177,-0.084909,-99.16259,0,train
normal,3188,normal_0084,0,2022-07-12 00:10:19.799,0.0,-0.070233,-0.099538,-104.66601,0,train
normal,3189,normal_0084,1,2022-07-12 00:10:19.899,0.1,0.105822,8.7e-05,-77.291498,0,train
normal,3190,normal_0084,2,2022-07-12 00:10:19.999,0.2,0.01041,-0.006089,-40.267592,0,train
normal,3191,normal_0084,3,2022-07-12 00:10:20.099,0.3,-0.049422,-0.003387,7.191182,0,train
normal,3192,normal_0084,4,2022-07-12 00:10:20.199,0.4,0.059819,0.110123,49.685007,0,train
normal,3193,normal_0085,0,2022-07-12 00:10:28.656,0.0,-0.050218,-0.268401,51.8179,0,train
normal,3194,normal_0085,1,2022-07-12 00:10:28.756,0.1,-0.092645,-0.201995,-31.409625,0,train
normal,3195,normal_0085,2,2022-07-12 00:10:28.856,0.2,-0.069961,0.020154,-114.9825,0,train
normal,3196,normal_0085,3,2022-07-12 00:10:28.956,0.3,0.003018,0.197946,-184.32238,0,train
normal,3197,normal_0085,4,2022-07-12 00:10:29.056,0.4,0.070729,0.195869,-237.87048,0,train
normal,3198,normal_0085,5,2022-07-12 00:10:29.156,0.5,0.089382,-0.077938,-245.56938,0,train
normal,3199,normal_0085,6,2022-07-12 00:10:29.256,0.6,-0.034845,-0.262463,-213.78472,0,train
normal,3200,normal_0085,7,2022-07-12 00:10:29.356,0.7,-0.124139,-0.139439,-158.69691,0,train
normal,3201,normal_0085,8,2022-07-12 00:10:29.456,0.8,-0.044098,0.10678,-78.955183,0,train
normal,3202,normal_0085,9,2022-07-12 00:10:29.556,0.9,0.031333,0.261547,3.258467,0,train
normal,3203,normal_0085,10,2022-07-12 00:10:29.656,1.0,0.038974,0.099468,88.392507,0,train
normal,3204,normal_0085,11,2022-07-12 00:10:29.756,1.1,0.043992,-0.21856,163.22734,0,train
normal,3205,normal_0085,12,2022-07-12 00:10:29.856,1.2,-0.026183,-0.262202,224.32723,0,train
normal,3206,normal_0085,13,2022-07-12 00:10:29.956,1.3,-0.101137,-0.049805,250.62743,0,train
normal,3207,normal_0085,14,2022-07-12 00:10:30.056,1.4,0.053847,0.20813,228.62783,0,train
normal,3208,normal_0085,15,2022-07-12 00:10:30.156,1.5,0.09943,0.271084,182.04918,0,train
normal,3209,normal_0085,16,2022-07-12 00:10:30.256,1.6,-0.045211,-0.043538,107.8601,0,train
normal,3210,normal_0085,17,2022-07-12 00:10:30.356,1.7,-0.018599,-0.26202,25.228742,0,train
normal,3211,normal_0085,18,2022-07-12 00:10:30.456,1.8,-0.087558,-0.149441,-59.649832,0,train
normal,3212,normal_0085,19,2022-07-12 00:10:30.556,1.9,-0.12524,0.025138,-139.73834,0,train
normal,3213,normal_0085,20,2022-07-12 00:10:30.656,2.0,0.121398,0.254145,-205.41349,0,train
normal,3214,normal_0085,21,2022-07-12 00:10:30.756,2.1,0.157218,0.170619,-247.3096,0,train
normal,3215,normal_0085,22,2022-07-12 00:10:30.856,2.2,0.016823,-0.212645,-238.43983,0,train
normal,3216,normal_0085,23,2022-07-12 00:10:30.956,2.3,-0.026853,-0.231786,-199.51704,0,train
normal,3217,normal_0085,24,2022-07-12 00:10:31.056,2.4,-0.110447,-0.027734,-134.27068,0,train
normal,3218,normal_0085,25,2022-07-12 00:10:31.156,2.5,-0.12675,0.128816,-51.562077,0,train
normal,3219,normal_0085,26,2022-07-12 00:10:31.256,2.6,0.008433,0.255405,31.909589,0,train
normal,3220,normal_0085,27,2022-07-12 00:10:31.356,2.7,0.080129,0.074672,115.59369,0,train
normal,3221,normal_0085,28,2022-07-12 00:10:31.456,2.8,0.015132,-0.281695,186.10468,0,train
normal,3222,normal_0085,29,2022-07-12 00:10:31.556,2.9,-0.041839,-0.242515,240.26194,0,train
normal,3223,normal_0085,30,2022-07-12 00:10:31.656,3.0,0.011522,0.082166,248.7314,0,train
normal,3224,normal_0085,31,2022-07-12 00:10:31.756,3.1,0.050316,0.230337,217.50286,0,train
normal,3225,normal_0085,32,2022-07-12 00:10:31.856,3.2,0.016437,0.161877,161.43169,0,train
normal,3226,normal_0085,33,2022-07-12 00:10:31.956,3.3,0.00748,-0.054142,80.914865,0,train
normal,3227,normal_0085,34,2022-07-12 00:10:32.056,3.4,-0.068337,-0.234988,-1.900554,0,train
normal,3228,normal_0085,35,2022-07-12 00:10:32.156,3.5,-0.142383,-0.141221,-87.654601,0,train
normal,3229,normal_0085,36,2022-07-12 00:10:32.256,3.6,-0.018724,0.14781,-162.80009,0,train
normal,3230,normal_0085,37,2022-07-12 00:10:32.356,3.7,0.105436,0.272083,-224.17703,0,train
normal,3231,normal_0085,38,2022-07-12 00:10:32.456,3.8,0.097681,0.072425,-250.64257,0,train
normal,3232,normal_0085,39,2022-07-12 00:10:32.556,3.9,0.077461,-0.166267,-228.59683,0,train
normal,3233,normal_0085,40,2022-07-12 00:10:32.656,4.0,-0.035265,-0.214109,-182.00781,0,train
normal,3234,normal_0085,41,2022-07-12 00:10:32.756,4.1,-0.165658,-0.066994,-107.77224,0,train
normal,3235,normal_0085,42,2022-07-12 00:10:32.856,4.2,-0.019496,0.220551,-24.709108,0,train
normal,3236,normal_0085,43,2022-07-12 00:10:32.956,4.3,0.132445,0.272571,60.133703,0,train
normal,3237,normal_0085,44,2022-07-12 00:10:33.056,4.4,0.041653,-0.070388,140.26262,0,train
normal,3238,normal_0085,45,2022-07-12 00:10:33.156,4.5,0.047171,-0.247227,206.65135,0,train
normal,3239,normal_0085,46,2022-07-12 00:10:33.256,4.6,0.025872,-0.11898,249.35427,0,train
normal,3240,normal_0085,47,2022-07-12 00:10:33.356,4.7,-0.070199,0.043224,241.42733,0,train
normal,3241,normal_0085,48,2022-07-12 00:10:33.456,4.8,0.079164,0.268155,202.56295,0,train
normal,3242,normal_0085,49,2022-07-12 00:10:33.556,4.9,0.123306,0.205519,136.5756,0,train
normal,3243,normal_0086,0,2022-07-12 00:10:35.872,0.0,0.013732,-0.111459,-40.355568,0,train
normal,3244,normal_0086,1,2022-07-12 00:10:35.972,0.1,-0.127752,-0.036959,-86.709987,0,train
normal,3245,normal_0086,2,2022-07-12 00:10:36.072,0.2,0.060928,0.146567,-138.87693,0,train
normal,3246,normal_0086,3,2022-07-12 00:10:36.172,0.3,0.059123,0.08191,-163.43071,0,train
normal,3247,normal_0086,4,2022-07-12 00:10:36.272,0.4,0.024586,-0.074004,-145.94819,0,train
normal,3248,normal_0086,5,2022-07-12 00:10:36.372,0.5,0.07118,-0.094962,-125.27062,0,train
normal,3249,normal_0086,6,2022-07-12 00:10:36.472,0.6,-0.094691,-0.070791,-84.674845,0,train
normal,3250,normal_0086,7,2022-07-12 00:10:36.572,0.7,-0.093692,0.08166,-40.328746,0,train
normal,3251,normal_0086,8,2022-07-12 00:10:36.672,0.8,0.013448,0.157489,18.387439,0,train
normal,3252,normal_0086,9,2022-07-12 00:10:36.772,0.9,-0.041956,-0.013923,70.842513,0,train
normal,3253,normal_0086,10,2022-07-12 00:10:36.872,1.0,0.084384,-0.117351,120.41332,0,train
normal,3254,normal_0086,11,2022-07-12 00:10:36.972,1.1,0.092785,-0.115693,161.16812,0,train
normal,3255,normal_0086,12,2022-07-12 00:10:37.072,1.2,-0.07916,-0.03647,152.99751,0,train
normal,3256,normal_0086,13,2022-07-12 00:10:37.172,1.3,0.034418,0.128595,135.02182,0,train
normal,3257,normal_0086,14,2022-07-12 00:10:37.272,1.4,-0.00969,0.100757,100.96563,0,train
normal,3258,normal_0086,15,2022-07-12 00:10:37.372,1.5,-0.069124,-0.00207,57.597167,0,train
normal,3259,normal_0086,16,2022-07-12 00:10:37.472,1.6,0.138959,-0.034484,4.758955,0,train
normal,3260,normal_0086,17,2022-07-12 00:10:37.572,1.7,-0.025459,-0.118361,-52.586562,0,train
normal,3261,normal_0086,18,2022-07-12 00:10:37.672,1.8,-0.115354,-0.014082,-99.488985,0,train
normal,3262,normal_0086,19,2022-07-12 00:10:37.772,1.9,0.109633,0.157341,-149.57954,0,train
normal,3263,normal_0086,20,2022-07-12 00:10:37.872,2.0,0.003253,0.052278,-155.7094,0,train
normal,3264,normal_0086,21,2022-07-12 00:10:37.972,2.1,0.023178,-0.080294,-139.28773,0,train
normal,3265,normal_0086,22,2022-07-12 00:10:38.072,2.2,0.098212,-0.116965,-113.68932,0,train
normal,3266,normal_0086,23,2022-07-12 00:10:38.172,2.3,-0.144646,-0.077297,-71.775803,0,train
normal,3267,normal_0086,24,2022-07-12 00:10:38.272,2.4,-0.027037,0.119887,-26.079658,0,train
normal,3268,normal_0086,25,2022-07-12 00:10:38.372,2.5,0.07093,0.163404,32.550696,0,train
normal,3269,normal_0086,26,2022-07-12 00:10:38.472,2.6,-0.069987,-0.029102,79.735527,0,train
normal,3270,normal_0086,27,2022-07-12 00:10:38.572,2.7,0.119136,-0.115239,133.01326,0,train
normal,3271,normal_0086,28,2022-07-12 00:10:38.672,2.8,0.049892,-0.08689,158.06939,0,train
normal,3272,normal_0086,29,2022-07-12 00:10:38.772,2.9,-0.101174,0.029401,144.42004,0,train
normal,3273,normal_0086,30,2022-07-12 00:10:38.872,3.0,0.044738,0.149258,125.8563,0,train
normal,3274,normal_0086,31,2022-07-12 00:10:38.972,3.1,-0.066161,0.057739,87.52657,0,train
normal,3275,normal_0086,32,2022-07-12 00:10:39.072,3.2,0.00071,-0.050174,45.832401,0,train
normal,3276,normal_0086,33,2022-07-12 00:10:39.172,3.3,0.12991,-0.090364,-10.859133,0,train
normal,3277,normal_0086,34,2022-07-12 00:10:39.272,3.4,-0.055477,-0.087844,-61.188347,0,train
normal,3278,normal_0086,35,2022-07-12 00:10:39.372,3.5,-0.00718,0.08627,-110.49153,0,train
normal,3279,normal_0086,36,2022-07-12 00:10:39.472,3.6,0.005365,0.1304,-152.72023,0,train
normal,3280,normal_0086,37,2022-07-12 00:10:39.572,3.7,-0.074812,-0.01138,-146.25372,0,train
normal,3281,normal_0086,38,2022-07-12 00:10:39.672,3.8,0.057465,-0.062027,-131.32848,0,train
normal,3282,normal_0086,39,2022-07-12 00:10:39.772,3.9,-0.008952,-0.09352,-100.47592,0,train
normal,3283,normal_0086,40,2022-07-12 00:10:39.872,4.0,-0.097734,-0.019384,-60.837991,0,train
normal,3284,normal_0086,41,2022-07-12 00:10:39.972,4.1,0.04509,0.146306,-11.466981,0,train
normal,3285,normal_0086,42,2022-07-12 00:10:40.072,4.2,-0.013061,0.085032,43.774372,0,train
normal,3286,normal_0086,43,2022-07-12 00:10:40.172,4.3,-0.018568,-0.069997,88.598143,0,train
normal,3287,normal_0086,44,2022-07-12 00:10:40.272,4.4,0.114447,-0.108825,141.3305,0,train
normal,3288,normal_0086,45,2022-07-12 00:10:40.372,4.5,-0.067637,-0.093713,150.63812,0,train
normal,3289,normal_0087,0,2022-07-12 00:10:43.851,0.0,-0.102342,-0.039108,-7.178427,0,train
normal,3290,normal_0087,1,2022-07-12 00:10:43.951,0.1,-0.010153,-0.027051,37.99427,0,train
normal,3291,normal_0087,2,2022-07-12 00:10:44.051,0.2,0.02595,0.054045,90.366374,0,train
normal,3292,normal_0087,3,2022-07-12 00:10:44.151,0.3,-0.078193,-0.012871,106.15124,0,train
normal,3293,normal_0087,4,2022-07-12 00:10:44.251,0.4,0.060975,0.007156,110.50941,0,train
normal,3294,normal_0087,5,2022-07-12 00:10:44.351,0.5,-0.026138,0.018555,106.29333,0,train
normal,3295,normal_0087,6,2022-07-12 00:10:44.451,0.6,-0.120541,-0.036724,88.740479,0,train
normal,3296,normal_0087,7,2022-07-12 00:10:44.551,0.7,0.008239,-0.006876,62.740691,0,train
normal,3297,normal_0087,8,2022-07-12 00:10:44.651,0.8,-0.024776,-0.015164,20.961406,0,train
normal,3298,normal_0087,9,2022-07-12 00:10:44.751,0.9,0.001144,-0.035021,-19.919159,0,train
normal,3299,normal_0087,10,2022-07-12 00:10:44.851,1.0,0.097272,0.051899,-74.992666,0,train
normal,3300,normal_0087,11,2022-07-12 00:10:44.951,1.1,-0.024594,0.019213,-104.07163,0,train
normal,3301,normal_0087,12,2022-07-12 00:10:45.051,1.2,-0.061141,-0.061894,-107.55695,0,train
normal,3302,normal_0087,13,2022-07-12 00:10:45.151,1.3,0.024951,0.01323,-109.18833,0,train
normal,3303,normal_0087,14,2022-07-12 00:10:45.251,1.4,-0.032939,-0.004799,-93.113195,0,train
normal,3304,normal_0087,15,2022-07-12 00:10:45.351,1.5,0.042152,-0.053289,-71.677932,0,train
normal,3305,normal_0087,16,2022-07-12 00:10:45.451,1.6,0.110555,0.019679,-32.830004,0,train
normal,3306,normal_0087,17,2022-07-12 00:10:45.551,1.7,-0.045689,0.029851,7.194043,0,train
normal,3307,normal_0087,18,2022-07-12 00:10:45.651,1.8,0.035907,0.008314,58.166749,0,train
normal,3308,normal_0087,19,2022-07-12 00:10:45.751,1.9,0.019672,-0.053981,101.32016,0,train
normal,3309,normal_0087,20,2022-07-12 00:10:45.851,2.0,-0.083007,-0.040607,107.82064,0,train
normal,3310,normal_0087,21,2022-07-12 00:10:45.951,2.1,0.132194,0.103727,111.7766,0,train
normal,3311,normal_0087,22,2022-07-12 00:10:46.051,2.2,0.039041,0.007519,100.5217,0,train
normal,3312,normal_0087,23,2022-07-12 00:10:46.151,2.3,-0.012673,-0.055412,81.370244,0,train
normal,3313,normal_0087,24,2022-07-12 00:10:46.251,2.4,0.137349,0.105203,48.330432,0,train
normal,3314,normal_0087,25,2022-07-12 00:10:46.351,2.5,-0.031724,0.054477,6.694556,0,train
normal,3315,normal_0087,26,2022-07-12 00:10:46.451,2.6,0.014064,-0.018922,-38.691406,0,train
normal,3316,normal_0087,27,2022-07-12 00:10:46.551,2.7,0.043593,0.032167,-91.139208,0,train
normal,3317,normal_0087,28,2022-07-12 00:10:46.651,2.8,-0.071393,0.00249,-106.097,0,train
normal,3318,normal_0087,29,2022-07-12 00:10:46.751,2.9,0.101472,0.001968,-109.854,0,train
normal,3319,normal_0087,30,2022-07-12 00:10:46.851,3.0,0.095807,-0.008511,-105.10517,0,train
normal,3320,normal_0087,31,2022-07-12 00:10:46.951,3.1,0.050371,-0.014086,-86.206804,0,train
normal,3321,normal_0087,32,2022-07-12 00:10:47.051,3.2,0.161168,0.06021,-59.494383,0,train
normal,3322,normal_0088,0,2022-07-12 00:10:51.896,0.0,-0.086419,0.149177,259.63882,0,train
normal,3323,normal_0088,1,2022-07-12 00:10:51.996,0.1,0.110697,0.334462,223.77327,0,train
normal,3324,normal_0088,2,2022-07-12 00:10:52.096,0.2,0.010652,-0.0623,159.52231,0,train
normal,3325,normal_0088,3,2022-07-12 00:10:52.196,0.3,-0.120876,-0.305839,73.310503,0,train
normal,3326,normal_0088,4,2022-07-12 00:10:52.296,0.4,-0.129266,-0.163435,-15.639665,0,train
normal,3327,normal_0088,5,2022-07-12 00:10:52.396,0.5,-0.178369,-0.056067,-106.94422,0,train
normal,3328,normal_0088,6,2022-07-12 00:10:52.496,0.6,-0.113519,0.164436,-185.40146,0,train
normal,3329,normal_0088,7,2022-07-12 00:10:52.596,0.7,0.025422,0.17286,-248.31393,0,train
normal,3330,normal_0088,8,2022-07-12 00:10:52.696,0.8,0.027205,-0.169838,-266.87351,0,train
normal,3331,normal_0088,9,2022-07-12 00:10:52.796,0.9,-0.086271,-0.275969,-239.06782,0,train
normal,3332,normal_0088,10,2022-07-12 00:10:52.896,1.0,-0.15657,-0.130885,-184.58583,0,train
normal,3333,normal_0088,11,2022-07-12 00:10:52.996,1.1,-0.09784,0.085644,-102.20779,0,train
normal,3334,normal_0088,12,2022-07-12 00:10:53.096,1.2,-0.120649,0.220703,-13.332249,0,train
normal,3335,normal_0088,13,2022-07-12 00:10:53.196,1.3,-0.106253,0.006739,80.215821,0,train
normal,3336,normal_0088,14,2022-07-12 00:10:53.296,1.4,-0.000667,-0.259245,165.01464,0,train
normal,3337,normal_0088,15,2022-07-12 00:10:53.396,1.5,-0.111362,-0.252388,235.00159,0,train
normal,3338,normal_0088,16,2022-07-12 00:10:53.496,1.6,-0.109579,-0.064889,271.71973,0,train
normal,3339,normal_0088,17,2022-07-12 00:10:53.596,1.7,0.074593,0.206988,255.05927,0,train
normal,3340,normal_0088,18,2022-07-12 00:10:53.696,1.8,-0.040052,0.200721,208.9242,0,train
normal,3341,normal_0088,19,2022-07-12 00:10:53.796,1.9,-0.135385,-0.114219,132.50794,0,train
normal,3342,normal_0088,20,2022-07-12 00:10:53.896,2.0,-0.065949,-0.213991,43.440586,0,train
normal,3343,normal_0088,21,2022-07-12 00:10:53.996,2.1,-0.205389,-0.15551,-48.500067,0,train
normal,3344,normal_0088,22,2022-07-12 00:10:54.096,2.2,-0.066732,0.041594,-137.87998,0,train
normal,3345,normal_0089,0,2022-07-12 00:10:59.756,0.0,-0.030343,-0.044898,114.70474,0,train
normal,3346,normal_0089,1,2022-07-12 00:10:59.856,0.1,0.104443,0.012322,90.700399,0,train
normal,3347,normal_0089,2,2022-07-12 00:10:59.956,0.2,-0.025642,-0.026347,62.403567,0,train
normal,3348,normal_0089,3,2022-07-12 00:11:00.056,0.3,-0.083328,-0.049553,16.048195,0,train
normal,3349,normal_0089,4,2022-07-12 00:11:00.156,0.4,0.032645,0.058621,-26.641134,0,train
normal,3350,normal_0089,5,2022-07-12 00:11:00.256,0.5,-0.01547,0.036289,-78.908334,0,train
normal,3351,normal_0089,6,2022-07-12 00:11:00.356,0.6,0.043817,-0.01689,-118.82605,0,train
normal,3352,normal_0089,7,2022-07-12 00:11:00.456,0.7,0.080193,-0.031785,-119.65252,0,train
normal,3353,normal_0089,8,2022-07-12 00:11:00.556,0.8,-0.106058,-0.042275,-117.78606,0,train
normal,3354,normal_0089,9,2022-07-12 00:11:00.656,0.9,-0.010702,0.042533,-98.249209,0,train
normal,3355,normal_0089,10,2022-07-12 00:11:00.756,1.0,0.041467,0.019679,-72.132954,0,train
normal,3356,normal_0089,11,2022-07-12 00:11:00.856,1.1,-0.064357,-0.027266,-31.560902,0,train
normal,3357,normal_0090,0,2022-07-12 00:11:09.294,0.0,-0.013057,-0.020324,-223.2224,0,train
normal,3358,normal_0090,1,2022-07-12 00:11:09.394,0.1,0.052406,0.158536,-249.26332,0,train
normal,3359,normal_0090,2,2022-07-12 00:11:09.494,0.2,0.05303,0.249101,-228.09699,0,train
normal,3360,normal_0090,3,2022-07-12 00:11:09.594,0.3,-0.007823,0.013225,-182.09996,0,train
normal,3361,normal_0090,4,2022-07-12 00:11:09.694,0.4,-0.0578,-0.283322,-110.51692,0,train
normal,3362,normal_0090,5,2022-07-12 00:11:09.794,0.5,-0.146594,-0.207346,-27.57943,0,train
normal,3363,normal_0090,6,2022-07-12 00:11:09.894,0.6,-0.086955,0.042823,60.009129,0,train
normal,3364,normal_0090,7,2022-07-12 00:11:09.994,0.7,0.157208,0.266335,142.29121,0,train
normal,3365,normal_0090,8,2022-07-12 00:11:10.094,0.8,0.105607,0.161249,206.2799,0,train
normal,3366,normal_0090,9,2022-07-12 00:11:10.194,0.9,-0.002771,-0.161661,245.83927,0,train
normal,3367,normal_0090,10,2022-07-12 00:11:10.294,1.0,-0.005655,-0.221481,237.61633,0,train
normal,3368,normal_0090,11,2022-07-12 00:11:10.394,1.1,-0.189929,-0.126851,199.17228,0,train
normal,3369,normal_0090,12,2022-07-12 00:11:10.494,1.2,-0.120084,0.100203,135.98015,0,train
normal,3370,normal_0090,13,2022-07-12 00:11:10.594,1.3,0.140178,0.313065,54.529316,0,train
normal,3371,normal_0090,14,2022-07-12 00:11:10.694,1.4,0.093993,0.024499,-30.925754,0,train
normal,3372,normal_0090,15,2022-07-12 00:11:10.794,1.5,0.018834,-0.283606,-117.08952,0,train
normal,3373,normal_0090,16,2022-07-12 00:11:10.894,1.6,-0.004746,-0.15612,-186.40997,0,train
normal,3374,normal_0090,17,2022-07-12 00:11:10.994,1.7,-0.113091,0.012499,-237.09431,0,train
normal,3375,normal_0090,18,2022-07-12 00:11:11.094,1.8,-0.053861,0.193583,-245.55603,0,train
normal,3376,normal_0090,19,2022-07-12 00:11:11.194,1.9,0.066257,0.261351,-214.63027,0,train
normal,3377,normal_0090,20,2022-07-12 00:11:11.294,2.0,0.034195,-0.075455,-160.32912,0,train
normal,3378,normal_0090,21,2022-07-12 00:11:11.394,2.1,-0.047071,-0.314021,-82.653532,0,train
normal,3379,normal_0090,22,2022-07-12 00:11:11.494,2.2,-0.077214,-0.109061,0.73123,0,train
normal,3380,normal_0090,23,2022-07-12 00:11:11.594,2.3,-0.00738,0.124692,88.984977,0,train
normal,3381,normal_0090,24,2022-07-12 00:11:11.694,2.4,0.032447,0.207729,165.51055,0,train
normal,3382,normal_0090,25,2022-07-12 00:11:11.794,2.5,0.021298,0.109228,224.2991,0,train
normal,3383,normal_0090,26,2022-07-12 00:11:11.894,2.6,0.023977,-0.191656,250.01732,0,train
normal,3384,normal_0090,27,2022-07-12 00:11:11.994,2.7,-0.049558,-0.253758,228.81451,0,train
normal,3385,normal_0090,28,2022-07-12 00:11:12.094,2.8,-0.096469,-0.002522,182.27985,0,train
normal,3386,normal_0090,29,2022-07-12 00:11:12.194,2.9,0.032106,0.227654,110.1097,0,train
normal,3387,normal_0090,30,2022-07-12 00:11:12.294,3.0,0.040224,0.229936,27.143362,0,train
normal,3388,normal_0090,31,2022-07-12 00:11:12.394,3.1,-0.056256,-0.045392,-60.289271,0,train
normal,3389,normal_0090,32,2022-07-12 00:11:12.494,3.2,0.02945,-0.215452,-142.63036,0,train
normal,3390,normal_0090,33,2022-07-12 00:11:12.594,3.3,-0.069732,-0.170232,-206.57518,0,train
normal,3391,normal_0090,34,2022-07-12 00:11:12.694,3.4,-0.10126,-0.009595,-246.19809,0,train
normal,3392,normal_0090,35,2022-07-12 00:11:12.794,3.5,0.199783,0.282252,-238.4974,0,train
normal,3393,normal_0090,36,2022-07-12 00:11:12.894,3.6,0.139145,0.211896,-199.95465,0,train
normal,3394,normal_0090,37,2022-07-12 00:11:12.994,3.7,-0.030393,-0.173729,-136.42575,0,train
normal,3395,normal_0090,38,2022-07-12 00:11:13.094,3.8,-0.042314,-0.220402,-55.26436,0,train
normal,3396,normal_0090,39,2022-07-12 00:11:13.194,3.9,-0.180597,-0.064352,29.713515,0,train
normal,3397,normal_0090,40,2022-07-12 00:11:13.294,4.0,-0.056744,0.128347,116.81332,0,train
normal,3398,normal_0090,41,2022-07-12 00:11:13.394,4.1,0.159967,0.280606,187.59491,0,train
normal,3399,normal_0090,42,2022-07-12 00:11:13.494,4.2,0.129756,0.028461,239.31542,0,train
normal,3400,normal_0090,43,2022-07-12 00:11:13.594,4.3,0.087726,-0.233266,248.14263,0,train
normal,3401,normal_0090,44,2022-07-12 00:11:13.694,4.4,-0.025125,-0.155825,216.43105,0,train
normal,3402,normal_0090,45,2022-07-12 00:11:13.794,4.5,-0.108334,-0.01056,161.52622,0,train
normal,3403,normal_0090,46,2022-07-12 00:11:13.894,4.6,-0.016962,0.20178,83.432565,0,train
normal,3404,normal_0090,47,2022-07-12 00:11:13.994,4.7,0.059536,0.253665,-0.506043,0,train
normal,3405,normal_0090,48,2022-07-12 00:11:14.094,4.8,0.072195,-0.087183,-89.394342,0,train
normal,3406,normal_0090,49,2022-07-12 00:11:14.194,4.9,0.01846,-0.289544,-166.22223,0,train
normal,3407,normal_0091,0,2022-07-12 00:11:16.040,0.0,-0.007709,-0.054321,146.78242,0,train
normal,3408,normal_0091,1,2022-07-12 00:11:16.140,0.1,4.5e-05,0.056544,93.388688,0,train
normal,3409,normal_0091,2,2022-07-12 00:11:16.240,0.2,0.010695,0.182077,33.07939,0,train
normal,3410,normal_0091,3,2022-07-12 00:11:16.340,0.3,-0.090497,-0.001131,-36.02529,0,train
normal,3411,normal_0091,4,2022-07-12 00:11:16.440,0.4,0.029155,-0.141105,-101.14564,0,train
normal,3412,normal_0091,5,2022-07-12 00:11:16.540,0.5,-0.035116,-0.096986,-150.47016,0,train
normal,3413,normal_0091,6,2022-07-12 00:11:16.640,0.6,-0.081028,-0.040174,-195.41504,0,train
normal,3414,normal_0091,7,2022-07-12 00:11:16.740,0.7,0.131142,0.175799,-188.63239,0,train
normal,3415,normal_0091,8,2022-07-12 00:11:16.840,0.8,-0.01527,0.142613,-157.97438,0,train
normal,3416,normal_0091,9,2022-07-12 00:11:16.940,0.9,-0.041757,-0.101675,-112.80836,0,train
normal,3417,normal_0091,10,2022-07-12 00:11:17.040,1.0,0.076146,-0.080921,-52.541262,0,train
normal,3418,normal_0091,11,2022-07-12 00:11:17.140,1.1,-0.122309,-0.116991,11.027457,0,train
normal,3419,normal_0091,12,2022-07-12 00:11:17.240,1.2,-0.081914,-0.008919,80.106864,0,train
normal,3420,normal_0091,13,2022-07-12 00:11:17.340,1.3,0.118971,0.208394,131.75143,0,train
normal,3421,normal_0091,14,2022-07-12 00:11:17.440,1.4,-0.012125,0.049675,182.80008,0,train
normal,3422,normal_0091,15,2022-07-12 00:11:17.540,1.5,0.029643,-0.111564,195.54462,0,train
normal,3423,normal_0091,16,2022-07-12 00:11:17.640,1.6,0.088306,-0.074382,170.02227,0,train
normal,3424,normal_0091,17,2022-07-12 00:11:17.740,1.7,-0.185331,-0.097122,132.22899,0,train
normal,3425,normal_0091,18,2022-07-12 00:11:17.840,1.8,-0.038964,0.104546,74.529299,0,train
normal,3426,normal_0091,19,2022-07-12 00:11:17.940,1.9,0.099625,0.248119,14.940144,0,train
normal,3427,normal_0091,20,2022-07-12 00:11:18.040,2.0,-0.03624,-0.077561,-54.697043,0,train
normal,3428,normal_0091,21,2022-07-12 00:11:18.140,2.1,0.081233,-0.144647,-111.2075,0,train
normal,3429,normal_0091,22,2022-07-12 00:11:18.240,2.2,0.021469,-0.090696,-163.24117,0,train
normal,3430,normal_0091,23,2022-07-12 00:11:18.340,2.3,-0.067143,-0.040174,-193.63787,0,train
normal,3431,normal_0091,24,2022-07-12 00:11:18.440,2.4,0.056346,0.202672,-176.20387,0,train
normal,3432,normal_0091,25,2022-07-12 00:11:18.540,2.5,-0.025613,0.10903,-145.47695,0,train
normal,3433,normal_0091,26,2022-07-12 00:11:18.640,2.6,-0.023638,-0.10029,-93.553077,0,train
normal,3434,normal_0091,27,2022-07-12 00:11:18.740,2.7,0.029802,-0.122542,-35.610442,0,train
normal,3435,normal_0091,28,2022-07-12 00:11:18.840,2.8,-0.115417,-0.100994,30.11978,0,train
normal,3436,normal_0091,29,2022-07-12 00:11:18.940,2.9,0.052668,0.106975,91.876637,0,train
normal,3437,normal_0091,30,2022-07-12 00:11:19.040,3.0,0.087307,0.220996,142.62785,0,train
normal,3438,normal_0091,31,2022-07-12 00:11:19.140,3.1,-0.065395,-0.032284,187.60803,0,train
normal,3439,normal_0091,32,2022-07-12 00:11:19.240,3.2,0.137556,-0.143603,183.54692,0,train
normal,3440,normal_0091,33,2022-07-12 00:11:19.340,3.3,-0.05948,-0.133952,156.64031,0,train
normal,3441,normal_0091,34,2022-07-12 00:11:19.440,3.4,-0.151123,-0.049144,113.58823,0,train
normal,3442,normal_0091,35,2022-07-12 00:11:19.540,3.5,0.147933,0.250492,57.660825,0,train
normal,3443,normal_0091,36,2022-07-12 00:11:19.640,3.6,-0.056721,0.121144,-2.709747,0,train
normal,3444,normal_0091,37,2022-07-12 00:11:19.740,3.7,-0.026192,-0.153139,-69.79967,0,train
normal,3445,normal_0091,38,2022-07-12 00:11:19.840,3.8,0.110025,-0.100744,-119.76935,0,train
normal,3446,normal_0091,39,2022-07-12 00:11:19.940,3.9,-0.093767,-0.10969,-171.492,0,train
normal,3447,normal_0091,40,2022-07-12 00:11:20.040,4.0,-0.005484,0.068965,-185.80272,0,train
normal,3448,normal_0091,41,2022-07-12 00:11:20.140,4.1,0.062977,0.228467,-162.30454,0,train
normal,3449,normal_0091,42,2022-07-12 00:11:20.240,4.2,-0.050488,-0.017298,-128.93476,0,train
normal,3450,normal_0091,43,2022-07-12 00:11:20.340,4.3,-0.026147,-0.155035,-75.361857,0,train
normal,3451,normal_0091,44,2022-07-12 00:11:20.440,4.4,0.059026,-0.072781,-19.612076,0,train
normal,3452,normal_0091,45,2022-07-12 00:11:20.540,4.5,-0.026771,-0.016162,47.767406,0,train
normal,3453,normal_0091,46,2022-07-12 00:11:20.640,4.6,-0.052282,0.101662,100.64448,0,train
normal,3454,normal_0091,47,2022-07-12 00:11:20.740,4.7,0.075022,0.167795,151.29973,0,train
normal,3455,normal_0091,48,2022-07-12 00:11:20.840,4.8,0.010161,-0.058158,186.08084,0,train
normal,3456,normal_0092,0,2022-07-12 00:11:24.056,0.0,0.011142,-0.040391,-102.15582,0,train
normal,3457,normal_0092,1,2022-07-12 00:11:24.156,0.1,-0.012166,0.010063,-83.7077,0,train
normal,3458,normal_0092,2,2022-07-12 00:11:24.256,0.2,-0.104048,0.157258,-53.466326,0,train
normal,3459,normal_0092,3,2022-07-12 00:11:24.356,0.3,-0.043161,-0.013405,-11.4913,0,train
normal,3460,normal_0092,4,2022-07-12 00:11:24.456,0.4,-0.044762,-0.057183,30.512456,0,train
normal,3461,normal_0092,5,2022-07-12 00:11:24.556,0.5,-0.078379,0.021143,84.21732,0,train
normal,3462,normal_0092,6,2022-07-12 00:11:24.656,0.6,0.008417,-0.083613,105.28804,0,train
normal,3463,normal_0092,7,2022-07-12 00:11:24.756,0.7,0.005624,-0.059953,108.86945,0,train
normal,3464,normal_0092,8,2022-07-12 00:11:24.856,0.8,0.005863,-0.017333,107.71443,0,train
normal,3465,normal_0092,9,2022-07-12 00:11:24.956,0.9,0.05156,-0.061327,90.851437,0,train
normal,3466,normal_0092,10,2022-07-12 00:11:25.056,1.0,-0.015005,-0.012269,67.208894,0,train
normal,3467,normal_0092,11,2022-07-12 00:11:25.156,1.1,-0.061655,-0.068309,26.644948,0,train
normal,3468,normal_0092,12,2022-07-12 00:11:25.256,1.2,-0.071237,-0.051835,-12.658478,0,train
normal,3469,normal_0092,13,2022-07-12 00:11:25.356,1.3,-0.033511,0.08496,-65.358051,0,train
normal,3470,normal_0092,14,2022-07-12 00:11:25.456,1.4,0.031339,-0.009147,-100.69157,0,train
normal,3471,normal_0092,15,2022-07-12 00:11:25.556,1.5,0.023199,-0.086928,-105.48891,0,train
normal,3472,normal_0092,16,2022-07-12 00:11:25.656,1.6,-0.03988,-0.029515,-109.52927,0,train
normal,3473,normal_0092,17,2022-07-12 00:11:25.756,1.7,-0.086667,-0.034896,-96.576821,0,train
normal,3474,normal_0092,18,2022-07-12 00:11:25.856,1.8,-0.048542,-0.022226,-76.793203,0,train
normal,3475,normal_0092,19,2022-07-12 00:11:25.956,1.9,-0.054253,-0.010226,-40.468102,0,train
normal,3476,normal_0092,20,2022-07-12 00:11:26.056,2.0,-0.014142,0.02682,-0.414491,0,train
normal,3477,normal_0092,21,2022-07-12 00:11:26.156,2.1,0.040399,0.01818,47.228461,0,train
normal,3478,normal_0092,22,2022-07-12 00:11:26.256,2.2,-0.064755,-0.081331,95.192801,0,train
normal,3479,normal_0092,23,2022-07-12 00:11:26.356,2.3,-0.063903,0.003864,105.69109,0,train
normal,3480,normal_0092,24,2022-07-12 00:11:26.456,2.4,-0.076732,0.102138,110.26086,0,train
normal,3481,normal_0092,25,2022-07-12 00:11:26.556,2.5,-0.093161,-0.000791,102.75878,0,train
normal,3482,normal_0092,26,2022-07-12 00:11:26.656,2.6,0.018885,-0.069376,84.462891,0,train
normal,3483,normal_0092,27,2022-07-12 00:11:26.756,2.7,0.013617,-0.078606,54.381973,0,train
normal,3484,normal_0092,28,2022-07-12 00:11:26.856,2.8,0.039025,-0.055525,13.154031,0,train
normal,3485,normal_0092,29,2022-07-12 00:11:26.956,2.9,0.080817,-0.010464,-28.47505,0,train
normal,3486,normal_0092,30,2022-07-12 00:11:27.056,3.0,-0.005388,-0.016493,-82.165728,0,train
normal,3487,normal_0092,31,2022-07-12 00:11:27.156,3.1,-0.021249,0.052524,-103.60838,0,train
normal,3488,normal_0092,32,2022-07-12 00:11:27.256,3.2,-0.010997,0.056373,-107.52775,0,train
normal,3489,normal_0092,33,2022-07-12 00:11:27.356,3.3,-0.086564,-0.05137,-106.89617,0,train
normal,3490,normal_0092,34,2022-07-12 00:11:27.456,3.4,-0.007863,0.030612,-90.395104,0,train
normal,3491,normal_0092,35,2022-07-12 00:11:27.556,3.5,0.044475,0.096018,-66.708334,0,train
normal,3492,normal_0093,0,2022-07-12 00:11:32.266,0.0,-0.078483,-0.120095,251.39073,0,train
normal,3493,normal_0093,1,2022-07-12 00:11:32.366,0.1,0.011685,0.137386,235.47962,0,train
normal,3494,normal_0093,2,2022-07-12 00:11:32.466,0.2,0.035254,0.249988,190.77601,0,train
normal,3495,normal_0093,3,2022-07-12 00:11:32.566,0.3,-0.042516,0.071696,117.55218,0,train
normal,3496,normal_0093,4,2022-07-12 00:11:32.666,0.4,-0.018004,-0.191087,33.809308,0,train
normal,3497,normal_0093,5,2022-07-12 00:11:32.766,0.5,-0.102132,-0.244606,-53.746349,0,train
normal,3498,normal_0093,6,2022-07-12 00:11:32.866,0.6,-0.143356,-0.077929,-135.7856,0,train
normal,3499,normal_0093,7,2022-07-12 00:11:32.966,0.7,0.06962,0.20319,-201.70012,0,train
normal,3500,normal_0093,8,2022-07-12 00:11:33.066,0.8,0.134198,0.226759,-246.70258,0,train
normal,3501,normal_0093,9,2022-07-12 00:11:33.166,0.9,0.034209,-0.079427,-244.32018,0,train
normal,3502,normal_0093,10,2022-07-12 00:11:33.266,1.0,-0.010647,-0.205437,-207.9648,0,train
normal,3503,normal_0093,11,2022-07-12 00:11:33.366,1.1,-0.111612,-0.1318,-143.53885,0,train
normal,3504,normal_0093,12,2022-07-12 00:11:33.466,1.2,-0.179414,0.028633,-60.612924,0,train
normal,3505,normal_0093,13,2022-07-12 00:11:33.566,1.3,-0.002235,0.267778,25.346521,0,train
normal,3506,normal_0093,14,2022-07-12 00:11:33.666,1.4,0.105871,0.14883,111.7524,0,train
normal,3507,normal_0093,15,2022-07-12 00:11:33.766,1.5,0.015442,-0.211738,182.88638,0,train
normal,3508,normal_0093,16,2022-07-12 00:11:33.866,1.6,0.012933,-0.238691,237.97527,0,train
normal,3509,normal_0093,17,2022-07-12 00:11:33.966,1.7,-0.000952,-0.050783,252.1328,0,train
normal,3510,normal_0093,18,2022-07-12 00:11:34.066,1.8,-0.037816,0.129507,225.21177,0,train
normal,3511,normal_0093,19,2022-07-12 00:11:34.166,1.9,0.01777,0.258276,170.63059,0,train
normal,3512,normal_0093,20,2022-07-12 00:11:34.266,2.0,0.042441,0.053837,90.514194,0,train
normal,3513,normal_0093,21,2022-07-12 00:11:34.366,2.1,-0.038951,-0.260773,5.611301,0,train
normal,3514,normal_0093,22,2022-07-12 00:11:34.466,2.2,-0.089223,-0.203064,-83.071003,0,train
normal,3515,normal_0094,0,2022-07-12 00:11:40.267,0.0,-0.012991,0.049347,92.717778,0,train
normal,3516,normal_0094,1,2022-07-12 00:11:40.367,0.1,0.057048,-0.145691,141.65701,0,train
normal,3517,normal_0094,2,2022-07-12 00:11:40.467,0.2,0.007593,-0.135371,190.72356,0,train
normal,3518,normal_0094,3,2022-07-12 00:11:40.567,0.3,-0.00367,-0.057817,213.87651,0,train
normal,3519,normal_0094,4,2022-07-12 00:11:40.667,0.4,0.062395,0.164231,178.97668,0,train
normal,3520,normal_0094,5,2022-07-12 00:11:40.767,0.5,-0.032916,0.151118,139.2441,0,train
normal,3521,normal_0094,6,2022-07-12 00:11:40.867,0.6,-0.032938,-0.049608,79.412112,0,train
normal,3522,normal_0094,7,2022-07-12 00:11:40.967,0.7,0.01168,-0.11842,16.100885,0,train
normal,3523,normal_0095,0,2022-07-12 00:11:49.526,0.0,-0.01902,0.09294,105.31057,0,train
normal,3524,normal_0095,1,2022-07-12 00:11:49.626,0.1,0.01278,0.185208,161.86907,0,train
normal,3525,normal_0095,2,2022-07-12 00:11:49.726,0.2,0.028788,0.028828,206.9036,0,train
normal,3526,normal_0095,3,2022-07-12 00:11:49.826,0.3,0.053277,-0.12804,207.12378,0,train
normal,3527,normal_0095,4,2022-07-12 00:11:49.926,0.4,-0.05165,-0.137827,175.0591,0,train
normal,3528,normal_0095,5,2022-07-12 00:11:50.026,0.5,-0.062935,-0.013168,125.06463,0,train
normal,3529,normal_0095,6,2022-07-12 00:11:50.126,0.6,0.01261,0.193008,57.513244,0,train
normal,3530,normal_0095,7,2022-07-12 00:11:50.226,0.7,-0.04259,0.152261,-11.250736,0,train
normal,3531,normal_0095,8,2022-07-12 00:11:50.326,0.8,-0.002887,-0.05329,-84.312568,0,train
normal,3532,normal_0095,9,2022-07-12 00:11:50.426,0.9,0.015743,-0.17066,-144.62413,0,train
normal,3533,normal_0095,10,2022-07-12 00:11:50.526,1.0,-0.057814,-0.179357,-195.82727,0,train
normal,3534,normal_0095,11,2022-07-12 00:11:50.626,1.1,0.067264,0.060174,-212.89256,0,train
normal,3535,normal_0095,12,2022-07-12 00:11:50.726,1.2,0.089664,0.269585,-186.92353,0,train
normal,3536,normal_0095,13,2022-07-12 00:11:50.826,1.3,-0.06491,0.068451,-144.08364,0,train
normal,3537,normal_0095,14,2022-07-12 00:11:50.926,1.4,-0.074765,-0.120354,-79.557071,0,train
normal,3538,normal_0095,15,2022-07-12 00:11:51.026,1.5,-0.051479,-0.106798,-10.224701,0,train
normal,3539,normal_0095,16,2022-07-12 00:11:51.126,1.6,-0.086652,-0.084455,63.929565,0,train
normal,3540,normal_0095,17,2022-07-12 00:11:51.226,1.7,0.00355,0.109924,130.73815,0,train
normal,3541,normal_0095,18,2022-07-12 00:11:51.326,1.8,0.198996,0.157847,185.38477,0,train
normal,3542,normal_0095,19,2022-07-12 00:11:51.426,1.9,0.123066,-0.094162,217.84415,0,train
normal,3543,normal_0095,20,2022-07-12 00:11:51.526,2.0,0.01991,-0.198873,202.04475,0,train
normal,3544,normal_0095,21,2022-07-12 00:11:51.626,2.1,-0.019054,-0.049203,163.16368,0,train
normal,3545,normal_0095,22,2022-07-12 00:11:51.726,2.2,-0.137832,0.099354,102.98039,0,train
normal,3546,normal_0095,23,2022-07-12 00:11:51.826,2.3,-0.046779,0.209765,32.056335,0,train
normal,3547,normal_0095,24,2022-07-12 00:11:51.926,2.4,0.015789,0.171153,-41.184549,0,train
normal,3548,normal_0095,25,2022-07-12 00:11:52.026,2.5,0.047748,-0.134466,-112.99516,0,train
normal,3549,normal_0095,26,2022-07-12 00:11:52.126,2.6,-0.000276,-0.158228,-170.71154,0,train
normal,3550,normal_0095,27,2022-07-12 00:11:52.226,2.7,0.074951,-0.07032,-214.2668,0,train
normal,3551,normal_0095,28,2022-07-12 00:11:52.326,2.8,0.111917,0.07356,-212.0935,0,train
normal,3552,normal_0095,29,2022-07-12 00:11:52.426,2.9,-0.085142,0.100569,-178.17154,0,train
normal,3553,normal_0095,30,2022-07-12 00:11:52.526,3.0,0.065017,0.035288,-125.37922,0,train
normal,3554,normal_0095,31,2022-07-12 00:11:52.626,3.1,-0.02128,-0.027019,-54.737336,0,train
normal,3555,normal_0095,32,2022-07-12 00:11:52.726,3.2,-0.18236,-0.326904,17.535808,0,train
normal,3556,normal_0095,33,2022-07-12 00:11:52.826,3.3,-0.036436,0.030645,93.385946,0,train
normal,3557,normal_0095,34,2022-07-12 00:11:52.926,3.4,0.069717,0.228736,155.93769,0,train
normal,3558,normal_0095,35,2022-07-12 00:11:53.026,3.5,0.134816,0.087479,207.32083,0,train
normal,3559,normal_0095,36,2022-07-12 00:11:53.126,3.6,0.040403,0.034437,222.67773,0,train
normal,3560,normal_0095,37,2022-07-12 00:11:53.226,3.7,-0.071086,-0.219502,194.8842,0,train
normal,3561,normal_0095,38,2022-07-12 00:11:53.326,3.8,-0.176672,-0.17116,147.96461,0,train
normal,3562,normal_0095,39,2022-07-12 00:11:53.426,3.9,-0.178454,0.06383,79.237351,0,train
normal,3563,normal_0095,40,2022-07-12 00:11:53.526,4.0,0.147226,0.294597,6.402732,0,train
normal,3564,normal_0095,41,2022-07-12 00:11:53.626,4.1,0.128425,0.141963,-70.224293,0,train
normal,3565,normal_0095,42,2022-07-12 00:11:53.726,4.2,-0.049754,-0.140006,-138.26956,0,train
normal,3566,normal_0095,43,2022-07-12 00:11:53.826,4.3,0.0533,-0.219468,-193.45775,0,train
normal,3567,normal_0095,44,2022-07-12 00:11:53.926,4.4,-0.200536,-0.152245,-223.84205,0,train
normal,3568,normal_0095,45,2022-07-12 00:11:54.026,4.5,-0.091204,0.209674,-206.40245,0,train
normal,3569,normal_0095,46,2022-07-12 00:11:54.126,4.6,0.195466,0.290101,-166.10946,0,train
normal,3570,normal_0095,47,2022-07-12 00:11:54.226,4.7,-0.009926,-0.071478,-103.30583,0,train
normal,3571,normal_0095,48,2022-07-12 00:11:54.326,4.8,0.057171,-0.211418,-30.131701,0,train
normal,3572,normal_0095,49,2022-07-12 00:11:54.426,4.9,0.053902,-0.150974,45.736557,0,train
normal,3573,normal_0096,0,2022-07-12 00:11:56.244,0.0,-0.097815,-0.121579,144.51291,0,train
normal,3574,normal_0096,1,2022-07-12 00:11:56.344,0.1,-0.140719,0.00468,192.03391,0,train
normal,3575,normal_0096,2,2022-07-12 00:11:56.444,0.2,0.110971,0.233085,223.58778,0,train
normal,3576,normal_0096,3,2022-07-12 00:11:56.544,0.3,0.095145,0.109516,191.86308,0,train
normal,3577,normal_0096,4,2022-07-12 00:11:56.644,0.4,0.001026,-0.170115,148.654,0,train
normal,3578,normal_0096,5,2022-07-12 00:11:56.744,0.5,0.010472,-0.162621,89.57554,0,train
normal,3579,normal_0096,6,2022-07-12 00:11:56.844,0.6,-0.108453,-0.044241,23.169401,0,train
normal,3580,normal_0096,7,2022-07-12 00:11:56.944,0.7,-0.03955,0.111594,-55.295593,0,train
normal,3581,normal_0096,8,2022-07-12 00:11:57.044,0.8,0.076582,0.200604,-125.92568,0,train
normal,3582,normal_0096,9,2022-07-12 00:11:57.144,0.9,0.03755,-0.001837,-170.72,0,train
normal,3583,normal_0096,10,2022-07-12 00:11:57.244,1.0,0.072336,-0.181298,-217.39104,0,train
normal,3584,normal_0096,11,2022-07-12 00:11:57.344,1.1,-0.036894,-0.122351,-204.11315,0,train
normal,3585,normal_0096,12,2022-07-12 00:11:57.444,1.2,-0.065458,0.03471,-161.46304,0,train
normal,3586,normal_0096,13,2022-07-12 00:11:57.544,1.3,0.050708,0.19428,-111.1343,0,train
normal,3587,normal_0096,14,2022-07-12 00:11:57.644,1.4,-0.034793,0.118894,-44.750219,0,train
normal,3588,normal_0096,15,2022-07-12 00:11:57.744,1.5,0.044055,-0.095228,27.28391,0,train
normal,3589,normal_0096,16,2022-07-12 00:11:57.844,1.6,0.049085,-0.19474,106.50863,0,train
normal,3590,normal_0096,17,2022-07-12 00:11:57.944,1.7,-0.114459,-0.135317,153.91364,0,train
normal,3591,normal_0096,18,2022-07-12 00:11:58.044,1.8,0.074255,0.147879,204.27873,0,train
normal,3592,normal_0096,19,2022-07-12 00:11:58.144,1.9,0.133984,0.246369,215.37175,0,train
normal,3593,normal_0096,20,2022-07-12 00:11:58.244,2.0,-0.035225,0.013502,175.20406,0,train
normal,3594,normal_0096,21,2022-07-12 00:11:58.344,2.1,-0.000177,-0.124849,131.41717,0,train
normal,3595,normal_0096,22,2022-07-12 00:11:58.444,2.2,-0.065663,-0.146034,68.656572,0,train
normal,3596,normal_0096,23,2022-07-12 00:11:58.544,2.3,-0.142683,-0.048169,3.105164,0,train
normal,3597,normal_0096,24,2022-07-12 00:11:58.644,2.4,0.085268,0.207347,-78.011045,0,train
normal,3598,normal_0096,25,2022-07-12 00:11:58.744,2.5,0.158735,0.15896,-134.59875,0,train
normal,3599,normal_0096,26,2022-07-12 00:11:58.844,2.6,0.026923,-0.13803,-181.80337,0,train
normal,3600,normal_0096,27,2022-07-12 00:11:58.944,2.7,0.059984,-0.147181,-216.53333,0,train
normal,3601,normal_0096,28,2022-07-12 00:11:59.044,2.8,-0.023247,-0.05002,-186.0899,0,train
normal,3602,normal_0096,29,2022-07-12 00:11:59.144,2.9,-0.153389,0.069996,-146.04606,0,train
normal,3603,normal_0096,30,2022-07-12 00:11:59.244,3.0,-0.028674,0.217429,-90.425144,0,train
normal,3604,normal_0096,31,2022-07-12 00:11:59.344,3.1,0.025129,0.058438,-26.156071,0,train
normal,3605,normal_0096,32,2022-07-12 00:11:59.444,3.2,0.026378,-0.164517,50.143844,0,train
normal,3606,normal_0096,33,2022-07-12 00:11:59.544,3.3,0.037618,-0.158432,118.66821,0,train
normal,3607,normal_0096,34,2022-07-12 00:11:59.644,3.4,-0.015538,-0.02712,161.83474,0,train
normal,3608,normal_0096,35,2022-07-12 00:11:59.744,3.5,0.036176,0.14361,210.4831,0,train
normal,3609,normal_0096,36,2022-07-12 00:11:59.844,3.6,0.004012,0.155645,199.89076,0,train
normal,3610,normal_0096,37,2022-07-12 00:11:59.944,3.7,-0.024394,-0.037213,159.31322,0,train
normal,3611,normal_0096,38,2022-07-12 00:12:00.044,3.8,0.017897,-0.173827,111.72129,0,train
normal,3612,normal_0096,39,2022-07-12 00:12:00.144,3.9,-0.134804,-0.103153,49.545175,0,train
normal,3613,normal_0096,40,2022-07-12 00:12:00.244,4.0,-0.029117,0.094621,-18.629076,0,train
normal,3614,normal_0096,41,2022-07-12 00:12:00.344,4.1,0.108667,0.188955,-96.21669,0,train
normal,3615,normal_0096,42,2022-07-12 00:12:00.444,4.2,-0.092252,0.034017,-142.00403,0,train
normal,3616,normal_0096,43,2022-07-12 00:12:00.544,4.3,0.061096,-0.125962,-193.67983,0,train
normal,3617,normal_0096,44,2022-07-12 00:12:00.644,4.4,0.067046,-0.138984,-207.42157,0,train
normal,3618,normal_0096,45,2022-07-12 00:12:00.744,4.5,-0.174688,-0.086032,-169.41084,0,train
normal,3619,normal_0096,46,2022-07-12 00:12:00.844,4.6,0.05072,0.128204,-129.54332,0,train
normal,3620,normal_0096,47,2022-07-12 00:12:00.944,4.7,0.039117,0.20091,-69.577345,0,train
normal,3621,normal_0096,48,2022-07-12 00:12:01.044,4.8,-0.087245,-0.044627,-5.952955,0,train
normal,3622,normal_0096,49,2022-07-12 00:12:01.144,4.9,0.084303,-0.129765,73.01546,0,train
normal,3623,normal_0097,0,2022-07-12 00:12:04.143,0.0,0.00317,-0.007494,-35.400395,0,train
normal,3624,normal_0097,1,2022-07-12 00:12:04.243,0.1,0.00099,-0.02424,-88.319908,0,train
normal,3625,normal_0097,2,2022-07-12 00:12:04.343,0.2,0.01836,0.006663,-104.57469,0,train
normal,3626,normal_0097,3,2022-07-12 00:12:04.443,0.3,-0.046058,0.021445,-108.51945,0,train
normal,3627,normal_0097,4,2022-07-12 00:12:04.543,0.4,-0.017766,0.008661,-104.78283,0,train
normal,3628,normal_0097,5,2022-07-12 00:12:04.643,0.5,0.039807,0.063021,-86.891542,0,train
normal,3629,normal_0097,6,2022-07-12 00:12:04.743,0.6,0.008313,-0.049785,-61.090834,0,train
normal,3630,normal_0097,7,2022-07-12 00:12:04.843,0.7,0.008619,-0.063886,-19.930723,0,train
normal,3631,normal_0097,8,2022-07-12 00:12:04.943,0.8,0.000967,0.107026,19.080403,0,train
normal,3632,normal_0097,9,2022-07-12 00:12:05.043,0.9,0.003499,0.047387,73.762426,0,train
normal,3633,normal_0097,10,2022-07-12 00:12:05.143,1.0,0.021993,-0.02768,104.46848,0,train
normal,3634,normal_0097,11,2022-07-12 00:12:05.243,1.1,-0.018981,0.000328,108.06025,0,train
normal,3635,normal_0097,12,2022-07-12 00:12:05.343,1.2,-0.025191,-0.06409,109.74277,0,train
normal,3636,normal_0097,13,2022-07-12 00:12:05.443,1.3,0.006519,-0.025376,93.951952,0,train
normal,3637,normal_0097,14,2022-07-12 00:12:05.543,1.4,0.010958,0.026668,72.822579,0,train
normal,3638,normal_0097,15,2022-07-12 00:12:05.643,1.5,0.011378,-0.013648,33.969168,0,train
normal,3639,normal_0097,16,2022-07-12 00:12:05.743,1.6,0.005032,0.029722,-4.915476,0,train
normal,3640,normal_0097,17,2022-07-12 00:12:05.843,1.7,-0.061374,-0.00335,-54.54076,0,train
normal,3641,normal_0097,18,2022-07-12 00:12:05.943,1.8,-0.056969,-0.038148,-98.409784,0,train
normal,3642,normal_0097,19,2022-07-12 00:12:06.043,1.9,-0.034319,0.08407,-105.17014,0,train
normal,3643,normal_0097,20,2022-07-12 00:12:06.143,2.0,-0.035704,0.024215,-109.70737,0,train
normal,3644,normal_0097,21,2022-07-12 00:12:06.243,2.1,0.034175,-0.068336,-98.99677,0,train
normal,3645,normal_0097,22,2022-07-12 00:12:06.343,2.2,0.031008,-0.027397,-80.145488,0,train
normal,3646,normal_0097,23,2022-07-12 00:12:06.443,2.3,0.020949,-0.051057,-47.535902,0,train
normal,3647,normal_0097,24,2022-07-12 00:12:06.543,2.4,0.02138,-0.003237,-7.00462,0,train
normal,3648,normal_0097,25,2022-07-12 00:12:06.643,2.5,-0.055515,0.012703,35.879378,0,train
normal,3649,normal_0097,26,2022-07-12 00:12:06.743,2.6,-0.036453,0.004472,89.225303,0,train
normal,3650,normal_0097,27,2022-07-12 00:12:06.843,2.7,0.027363,0.040984,105.90888,0,train
normal,3651,normal_0097,28,2022-07-12 00:12:06.943,2.8,-0.057922,-0.068178,109.72835,0,train
normal,3652,normal_0097,29,2022-07-12 00:12:07.043,2.9,-0.067391,-0.074785,105.66856,0,train
normal,3653,normal_0097,30,2022-07-12 00:12:07.143,3.0,0.006962,0.054199,87.729345,0,train
normal,3654,normal_0097,31,2022-07-12 00:12:07.243,3.1,-0.012498,0.002871,61.765321,0,train
normal,3655,normal_0097,32,2022-07-12 00:12:07.343,3.2,0.051478,-0.037615,19.944789,0,train
normal,3656,normal_0097,33,2022-07-12 00:12:07.443,3.3,0.024207,0.063691,-18.850806,0,train
normal,3657,normal_0097,34,2022-07-12 00:12:07.543,3.4,-0.050963,0.0016,-73.028573,0,train
normal,3658,normal_0097,35,2022-07-12 00:12:07.643,3.5,-0.016483,-0.054985,-103.38498,0,train
normal,3659,normal_0097,36,2022-07-12 00:12:07.743,3.6,-0.059103,0.064678,-106.52496,0,train
normal,3660,normal_0097,37,2022-07-12 00:12:07.843,3.7,-0.016358,0.00051,-108.36448,0,train
normal,3661,normal_0098,0,2022-07-12 00:12:12.164,0.0,0.151958,0.292293,-208.28905,0,train
normal,3662,normal_0098,1,2022-07-12 00:12:12.264,0.1,-0.026844,-0.030185,-201.80991,0,train
normal,3663,normal_0098,2,2022-07-12 00:12:12.364,0.2,-0.018852,-0.230343,-168.42057,0,train
normal,3664,normal_0098,3,2022-07-12 00:12:12.464,0.3,0.058839,-0.135566,-115.47567,0,train
normal,3665,normal_0098,4,2022-07-12 00:12:12.564,0.4,-0.070407,-0.018003,-49.148565,0,train
normal,3666,normal_0098,5,2022-07-12 00:12:12.664,0.5,0.024609,0.19881,20.145776,0,train
normal,3667,normal_0098,6,2022-07-12 00:12:12.764,0.6,-0.01523,0.160573,92.884671,0,train
normal,3668,normal_0098,7,2022-07-12 00:12:12.864,0.7,-0.089015,-0.160861,153.45528,0,train
normal,3669,normal_0098,8,2022-07-12 00:12:12.964,0.8,0.008657,-0.208919,202.23084,0,train
normal,3670,normal_0098,9,2022-07-12 00:12:13.064,0.9,-0.00827,-0.032728,211.61165,0,train
normal,3671,normal_0098,10,2022-07-12 00:12:13.164,1.0,0.055887,0.144144,183.8875,0,train
normal,3672,normal_0098,11,2022-07-12 00:12:13.264,1.1,-0.028207,0.20988,137.21086,0,train
normal,3673,normal_0098,12,2022-07-12 00:12:13.364,1.2,-0.158395,0.001513,71.637043,0,train
normal,3674,normal_0098,13,2022-07-12 00:12:13.464,1.3,-0.031204,-0.201324,3.034115,0,train
normal,3675,normal_0098,14,2022-07-12 00:12:13.564,1.4,-0.046996,-0.186985,-70.831903,0,train
normal,3676,normal_0098,15,2022-07-12 00:12:13.664,1.5,0.012165,-0.018877,-135.33999,0,train
normal,3677,normal_0098,16,2022-07-12 00:12:13.764,1.6,0.136972,0.210027,-188.84876,0,train
normal,3678,normal_0098,17,2022-07-12 00:12:13.864,1.7,-0.023234,0.13907,-213.73966,0,train
normal,3679,normal_0098,18,2022-07-12 00:12:13.964,1.8,-0.089628,-0.108715,-194.46375,0,train
normal,3680,normal_0098,19,2022-07-12 00:12:14.064,1.9,-0.054569,-0.121794,-154.85992,0,train
normal,3681,normal_0098,20,2022-07-12 00:12:14.164,2.0,-0.103899,-0.076018,-93.824398,0,train
normal,3682,normal_0098,21,2022-07-12 00:12:14.264,2.1,-0.075527,0.052308,-25.601986,0,train
normal,3683,normal_0098,22,2022-07-12 00:12:14.364,2.2,0.072349,0.21869,47.060138,0,train
normal,3684,normal_0098,23,2022-07-12 00:12:14.464,2.3,0.104025,0.067113,117.22781,0,train
normal,3685,normal_0098,24,2022-07-12 00:12:14.564,2.4,0.003106,-0.168524,174.85168,0,train
normal,3686,normal_0099,0,2022-07-12 00:12:20.177,0.0,-0.060534,-0.022035,76.004753,0,train
normal,3687,normal_0099,1,2022-07-12 00:12:20.277,0.1,-0.005425,-0.021592,40.523534,0,train
normal,3688,normal_0099,2,2022-07-12 00:12:20.377,0.2,-0.007265,0.023254,1.074076,0,train
normal,3689,normal_0099,3,2022-07-12 00:12:20.477,0.3,-0.132525,-0.037782,-46.438819,0,train
normal,3690,normal_0099,4,2022-07-12 00:12:20.577,0.4,-0.010659,0.061889,-92.463266,0,train
normal,3691,normal_0099,5,2022-07-12 00:12:20.677,0.5,-0.003404,0.099082,-103.21797,0,train
normal,3692,normal_0099,6,2022-07-12 00:12:20.777,0.6,-0.071944,-0.039178,-108.78588,0,train
normal,3693,normal_0099,7,2022-07-12 00:12:20.877,0.7,-0.020525,0.024105,-101.1175,0,train
normal,3694,normal_0099,8,2022-07-12 00:12:20.977,0.8,-0.004517,0.106382,-82.000027,0,train
normal,3695,normal_0099,9,2022-07-12 00:12:21.077,0.9,0.022685,-0.031367,-52.034265,0,train
normal,3696,normal_0099,10,2022-07-12 00:12:21.177,1.0,0.056234,-0.053438,-11.464478,0,train
normal,3697,normal_0099,11,2022-07-12 00:12:21.277,1.1,0.016362,0.01316,30.906085,0,train
normal,3698,normal_0099,12,2022-07-12 00:12:21.377,1.2,0.034731,-0.062589,82.911978,0,train
normal,3699,normal_0099,13,2022-07-12 00:12:21.477,1.3,0.089431,-0.001077,103.61971,0,train
normal,3700,normal_0099,14,2022-07-12 00:12:21.577,1.4,0.028873,0.059754,108.24694,0,train
normal,3701,normal_0099,15,2022-07-12 00:12:21.677,1.5,0.032847,0.001785,106.69662,0,train
normal,3702,normal_0099,16,2022-07-12 00:12:21.777,1.6,0.031087,0.028306,89.297186,0,train
normal,3703,normal_0099,17,2022-07-12 00:12:21.877,1.7,-0.067891,-0.011953,65.183409,0,train
normal,3704,normal_0099,18,2022-07-12 00:12:21.977,1.8,0.056484,0.037105,25.569561,0,train
normal,3705,normal_0099,19,2022-07-12 00:12:22.077,1.9,0.119018,0.112922,-13.989093,0,train
normal,3706,normal_0099,20,2022-07-12 00:12:22.177,2.0,0.055735,-0.004176,-66.197046,0,train
normal,3707,normal_0099,21,2022-07-12 00:12:22.277,2.1,0.196527,0.014262,-100.25538,0,train
normal,3708,normal_0099,22,2022-07-12 00:12:22.377,2.2,0.076727,0.018417,-105.44409,0,train
normal,3709,normal_0099,23,2022-07-12 00:12:22.477,2.3,-0.008264,-0.040359,-108.80448,0,train
normal,3710,normal_0100,0,2022-07-12 00:12:28.175,0.0,-0.082301,0.010692,201.11933,0,train
normal,3711,normal_0100,1,2022-07-12 00:12:28.275,0.1,-0.150454,0.086589,239.19967,0,train
normal,3712,normal_0100,2,2022-07-12 00:12:28.375,0.2,0.038702,0.256661,230.36673,0,train
normal,3713,normal_0100,3,2022-07-12 00:12:28.475,0.3,0.096127,0.159034,192.61935,0,train
normal,3714,normal_0100,4,2022-07-12 00:12:28.575,0.4,-0.005257,-0.306473,129.88652,0,train
normal,3715,normal_0100,5,2022-07-12 00:12:28.675,0.5,-0.055609,-0.256496,50.111061,0,train
normal,3716,normal_0100,6,2022-07-12 00:12:28.775,0.6,-0.045845,0.068276,-32.589201,0,train
normal,3717,normal_0100,7,2022-07-12 00:12:28.875,0.7,0.059502,0.235771,-114.92111,0,train
normal,3718,normal_0100,8,2022-07-12 00:12:28.975,0.8,0.057492,0.196636,-181.79991,0,train
normal,3719,normal_0100,9,2022-07-12 00:12:29.075,0.9,-0.036229,-0.106712,-230.94526,0,train
normal,3720,normal_0100,10,2022-07-12 00:12:29.175,1.0,0.022331,-0.272435,-237.09836,0,train
normal,3721,normal_0100,11,2022-07-12 00:12:29.275,1.1,-0.099705,-0.126171,-206.55706,0,train
normal,3722,normal_0101,0,2022-07-12 00:12:38.192,0.0,-0.006107,0.061196,-120.41034,0,train
normal,3723,normal_0101,1,2022-07-12 00:12:38.292,0.1,0.038852,0.02389,-106.38512,0,train
normal,3724,normal_0101,2,2022-07-12 00:12:38.392,0.2,-0.0912,-0.02208,-77.206025,0,train
normal,3725,normal_0101,3,2022-07-12 00:12:38.492,0.3,0.070153,0.080395,-43.928152,0,train
normal,3726,normal_0101,4,2022-07-12 00:12:38.592,0.4,0.136387,0.006247,6.56128,0,train
normal,3727,normal_0101,5,2022-07-12 00:12:38.692,0.5,-0.060342,-0.012384,50.43996,0,train
normal,3728,normal_0101,6,2022-07-12 00:12:38.792,0.6,0.032255,0.075229,97.862255,0,train
normal,3729,normal_0101,7,2022-07-12 00:12:38.892,0.7,0.060434,-0.008388,130.66424,0,train
normal,3730,normal_0101,8,2022-07-12 00:12:38.992,0.8,-0.058162,-0.033024,125.39805,0,train
normal,3731,normal_0101,9,2022-07-12 00:12:39.092,0.9,0.076374,-0.049805,114.69151,0,train
normal,3732,normal_0101,10,2022-07-12 00:12:39.192,1.0,0.062796,-0.089234,88.768612,0,train
normal,3733,normal_0101,11,2022-07-12 00:12:39.292,1.1,0.020403,0.070744,58.223731,0,train
normal,3734,normal_0101,12,2022-07-12 00:12:39.392,1.2,0.126817,0.151614,12.449981,0,train
normal,3735,normal_0101,13,2022-07-12 00:12:39.492,1.3,-0.015667,0.06416,-35.834078,0,train
normal,3736,normal_0101,14,2022-07-12 00:12:39.592,1.4,-0.080653,0.01819,-80.143104,0,train
normal,3737,normal_0101,15,2022-07-12 00:12:39.692,1.5,-0.021922,-0.063213,-124.25436,0,train
normal,3738,normal_0101,16,2022-07-12 00:12:39.792,1.6,-0.078246,-0.021342,-127.44464,0,train
normal,3739,normal_0101,17,2022-07-12 00:12:39.892,1.7,0.027918,0.088615,-118.00767,0,train
normal,3740,normal_0101,18,2022-07-12 00:12:39.992,1.8,0.08498,-0.006458,-97.82542,0,train
normal,3741,normal_0101,19,2022-07-12 00:12:40.092,1.9,0.008902,-0.033785,-67.182549,0,train
normal,3742,normal_0101,20,2022-07-12 00:12:40.192,2.0,0.046844,0.007143,-28.400663,0,train
normal,3743,normal_0101,21,2022-07-12 00:12:40.292,2.1,-0.061545,0.004373,22.407058,0,train
normal,3744,normal_0101,22,2022-07-12 00:12:40.392,2.2,-0.160194,0.106064,64.642914,0,train
normal,3745,normal_0101,23,2022-07-12 00:12:40.492,2.3,-0.038203,0.07356,113.69623,0,train
normal,3746,normal_0101,24,2022-07-12 00:12:40.592,2.4,-0.052497,-0.043844,131.40501,0,train
normal,3747,normal_0101,25,2022-07-12 00:12:40.692,2.5,0.023286,-0.02896,122.17952,0,train
normal,3748,normal_0101,26,2022-07-12 00:12:40.792,2.6,0.181551,-0.052393,107.55791,0,train
normal,3749,normal_0101,27,2022-07-12 00:12:40.892,2.7,0.028883,0.000343,78.65108,0,train
normal,3750,normal_0101,28,2022-07-12 00:12:40.992,2.8,-0.005812,0.088217,45.796281,0,train
normal,3751,normal_0101,29,2022-07-12 00:12:41.092,2.9,-0.012738,-0.008274,-4.509092,0,train
normal,3752,normal_0101,30,2022-07-12 00:12:41.192,3.0,-0.149703,-0.067936,-48.541075,0,train
normal,3753,normal_0101,31,2022-07-12 00:12:41.292,3.1,-0.00026,-0.086169,-96.637261,0,train
normal,3754,normal_0101,32,2022-07-12 00:12:41.392,3.2,0.051488,-0.119014,-129.82215,0,train
normal,3755,normal_0101,33,2022-07-12 00:12:41.492,3.3,0.001851,0.019905,-124.38978,0,train
normal,3756,normal_0101,34,2022-07-12 00:12:41.592,3.4,0.100284,0.080259,-113.64724,0,train
normal,3757,normal_0101,35,2022-07-12 00:12:41.692,3.5,-0.015349,-0.022545,-87.198506,0,train
normal,3758,normal_0101,36,2022-07-12 00:12:41.792,3.6,-0.082765,-0.012589,-55.662162,0,train
normal,3759,normal_0101,37,2022-07-12 00:12:41.892,3.7,0.011138,-0.030436,-10.459663,0,train
normal,3760,normal_0101,38,2022-07-12 00:12:41.992,3.8,-0.059536,-0.041403,37.329559,0,train
normal,3761,normal_0101,39,2022-07-12 00:12:42.092,3.9,-0.010512,0.073072,81.968436,0,train
normal,3762,normal_0101,40,2022-07-12 00:12:42.192,4.0,0.094165,0.053045,126.0009,0,train
normal,3763,normal_0101,41,2022-07-12 00:12:42.292,4.1,0.01073,-0.044185,129.60543,0,train
normal,3764,normal_0101,42,2022-07-12 00:12:42.392,4.2,0.024592,-0.082581,119.56991,0,train
normal,3765,normal_0101,43,2022-07-12 00:12:42.492,4.3,-0.027236,-0.08542,98.216188,0,train
normal,3766,normal_0101,44,2022-07-12 00:12:42.592,4.4,-0.113997,0.022493,67.44469,0,train
normal,3767,normal_0101,45,2022-07-12 00:12:42.692,4.5,-0.014032,0.085277,28.034214,0,train
normal,3768,normal_0101,46,2022-07-12 00:12:42.792,4.6,-0.052599,0.000241,-23.703578,0,train
normal,3769,normal_0101,47,2022-07-12 00:12:42.892,4.7,-0.04858,-0.038769,-66.537984,0,train
normal,3770,normal_0101,48,2022-07-12 00:12:42.992,4.8,0.05067,-0.077631,-115.78824,0,train
normal,3771,normal_0101,49,2022-07-12 00:12:43.092,4.9,-0.053893,-0.072409,-132.8515,0,train
normal,3772,normal_0102,0,2022-07-12 00:12:44.747,0.0,0.1406,0.305678,235.38568,0,train
normal,3773,normal_0102,1,2022-07-12 00:12:44.847,0.1,0.116077,0.143519,246.29453,0,train
normal,3774,normal_0102,2,2022-07-12 00:12:44.947,0.2,0.040907,-0.149872,216.69688,0,train
normal,3775,normal_0102,3,2022-07-12 00:12:45.047,0.3,-0.015734,-0.173748,162.29214,0,train
normal,3776,normal_0102,4,2022-07-12 00:12:45.147,0.4,-0.116029,-0.091641,83.366166,0,train
normal,3777,normal_0102,5,2022-07-12 00:12:45.247,0.5,-0.072955,0.139602,-1.017928,0,train
normal,3778,normal_0102,6,2022-07-12 00:12:45.347,0.6,0.138875,0.292599,-87.622534,0,train
normal,3779,normal_0102,7,2022-07-12 00:12:45.447,0.7,0.12197,-0.001189,-162.30287,0,train
normal,3780,normal_0102,8,2022-07-12 00:12:45.547,0.8,-0.008707,-0.249315,-221.30361,0,train
normal,3781,normal_0102,9,2022-07-12 00:12:45.647,0.9,0.026375,-0.131854,-248.37998,0,train
normal,3782,normal_0102,10,2022-07-12 00:12:45.747,1.0,-0.043266,0.033756,-228.58515,0,train
normal,3783,normal_0102,11,2022-07-12 00:12:45.847,1.1,-0.065178,0.209243,-183.3457,0,train
normal,3784,normal_0102,12,2022-07-12 00:12:45.947,1.2,0.068076,0.211446,-111.14432,0,train
normal,3785,normal_0102,13,2022-07-12 00:12:46.047,1.3,0.024876,-0.102211,-26.549819,0,train
normal,3786,normal_0102,14,2022-07-12 00:12:46.147,1.4,-0.052258,-0.260748,60.989745,0,train
normal,3787,normal_0102,15,2022-07-12 00:12:46.247,1.5,-0.005255,-0.089382,142.20847,0,train
normal,3788,normal_0102,16,2022-07-12 00:12:46.347,1.6,0.02449,0.127409,206.64039,0,train
normal,3789,normal_0102,17,2022-07-12 00:12:46.447,1.7,0.045778,0.247583,247.8613,0,train
normal,3790,normal_0102,18,2022-07-12 00:12:46.547,1.8,0.052567,0.090125,241.4296,0,train
normal,3791,normal_0102,19,2022-07-12 00:12:46.647,1.9,-0.005108,-0.216708,202.88887,0,train
normal,3792,normal_0102,20,2022-07-12 00:12:46.747,2.0,-0.118481,-0.248157,138.11101,0,train
normal,3793,normal_0102,21,2022-07-12 00:12:46.847,2.1,-0.114542,-0.035056,54.913051,0,train
normal,3794,normal_0102,22,2022-07-12 00:12:46.947,2.2,0.081211,0.224423,-31.128887,0,train
normal,3795,normal_0102,23,2022-07-12 00:12:47.047,2.3,0.104292,0.227125,-116.50325,0,train
normal,3796,normal_0102,24,2022-07-12 00:12:47.147,2.4,0.01467,-0.072465,-185.67529,0,train
normal,3797,normal_0102,25,2022-07-12 00:12:47.247,2.5,0.017065,-0.225587,-237.5305,0,train
normal,3798,normal_0102,26,2022-07-12 00:12:47.347,2.6,-0.129891,-0.164983,-247.24796,0,train
normal,3799,normal_0102,27,2022-07-12 00:12:47.447,2.7,-0.125702,0.04117,-216.8205,0,train
normal,3800,normal_0102,28,2022-07-12 00:12:47.547,2.8,0.096368,0.281586,-162.34412,0,train
normal,3801,normal_0102,29,2022-07-12 00:12:47.647,2.9,0.080439,0.105259,-82.903395,0,train
normal,3802,normal_0102,30,2022-07-12 00:12:47.747,3.0,-0.011409,-0.239086,2.681017,0,train
normal,3803,normal_0102,31,2022-07-12 00:12:47.847,3.1,0.003737,-0.189347,90.832363,0,train
normal,3804,normal_0102,32,2022-07-12 00:12:47.947,3.2,-0.046002,-0.012724,166.63386,0,train
normal,3805,normal_0102,33,2022-07-12 00:12:48.047,3.3,-0.078461,0.131303,225.89662,0,train
normal,3806,normal_0102,34,2022-07-12 00:12:48.147,3.4,0.055939,0.257415,252.26727,0,train
normal,3807,normal_0102,35,2022-07-12 00:12:48.247,3.5,0.059867,0.02582,231.99942,0,train
normal,3808,normal_0102,36,2022-07-12 00:12:48.347,3.6,-0.058502,-0.29273,185.362,0,train
normal,3809,normal_0102,37,2022-07-12 00:12:48.447,3.7,-0.042119,-0.1757,111.37463,0,train
normal,3810,normal_0102,38,2022-07-12 00:12:48.547,3.8,-0.005868,0.100547,26.862744,0,train
normal,3811,normal_0102,39,2022-07-12 00:12:48.647,3.9,0.03548,0.215817,-60.543306,0,train
normal,3812,normal_0102,40,2022-07-12 00:12:48.747,4.0,0.040635,0.148061,-141.76883,0,train
normal,3813,normal_0102,41,2022-07-12 00:12:48.847,4.1,-0.005993,-0.117867,-206.2042,0,train
normal,3814,normal_0102,42,2022-07-12 00:12:48.947,4.2,-0.05488,-0.255684,-247.33856,0,train
normal,3815,normal_0102,43,2022-07-12 00:12:49.047,4.3,-0.075384,-0.082399,-240.67333,0,train
normal,3816,normal_0102,44,2022-07-12 00:12:49.147,4.4,0.023366,0.18858,-202.62804,0,train
normal,3817,normal_0102,45,2022-07-12 00:12:49.247,4.5,0.075421,0.260208,-138.17848,0,train
normal,3818,normal_0102,46,2022-07-12 00:12:49.347,4.6,-0.018516,0.013354,-55.296666,0,train
normal,3819,normal_0102,47,2022-07-12 00:12:49.447,4.7,-0.031095,-0.202948,30.966047,0,train
normal,3820,normal_0102,48,2022-07-12 00:12:49.547,4.8,-0.06847,-0.208602,117.1049,0,train
normal,3821,normal_0102,49,2022-07-12 00:12:49.647,4.9,-0.119276,-0.031627,187.08279,0,train
normal,3822,normal_0103,0,2022-07-12 00:12:52.064,0.0,0.111488,-0.091928,-153.19802,0,train
normal,3823,normal_0103,1,2022-07-12 00:12:52.164,0.1,0.078178,-0.069789,-145.2501,0,train
normal,3824,normal_0103,2,2022-07-12 00:12:52.264,0.2,-0.136637,-0.04597,-130.39745,0,train
normal,3825,normal_0103,3,2022-07-12 00:12:52.364,0.3,0.026952,0.128178,-96.255195,0,train
normal,3826,normal_0103,4,2022-07-12 00:12:52.464,0.4,-0.008175,0.120696,-55.930621,0,train
normal,3827,normal_0103,5,2022-07-12 00:12:52.564,0.5,-0.042008,-0.084276,-4.701019,0,train
normal,3828,normal_0103,6,2022-07-12 00:12:52.664,0.6,0.121014,-0.109071,48.817521,0,train
normal,3829,normal_0103,7,2022-07-12 00:12:52.764,0.7,-0.044199,-0.052271,94.614159,0,train
normal,3830,normal_0103,8,2022-07-12 00:12:52.864,0.8,-0.055348,0.038828,145.59509,0,train
normal,3831,normal_0103,9,2022-07-12 00:12:52.964,0.9,0.071048,0.147989,150.73349,0,train
normal,3832,normal_0103,10,2022-07-12 00:12:53.064,1.0,-0.078429,0.02752,136.60862,0,train
normal,3833,normal_0103,11,2022-07-12 00:12:53.164,1.1,0.049738,-0.092791,110.87824,0,train
normal,3834,normal_0103,12,2022-07-12 00:12:53.264,1.2,0.078041,-0.07307,70.678481,0,train
normal,3835,normal_0103,13,2022-07-12 00:12:53.364,1.3,-0.102714,-0.042689,25.978688,0,train
normal,3836,normal_0103,14,2022-07-12 00:12:53.464,1.4,0.064145,0.119879,-30.556921,0,train
normal,3837,normal_0103,15,2022-07-12 00:12:53.564,1.5,0.008491,0.11947,-73.874959,0,train
normal,3838,normal_0103,16,2022-07-12 00:12:53.664,1.6,-0.06627,-0.079848,-127.48398,0,train
normal,3839,normal_0103,17,2022-07-12 00:12:53.764,1.7,0.132764,-0.082811,-149.91381,0,train
normal,3840,normal_0103,18,2022-07-12 00:12:53.864,1.8,-0.049796,-0.059685,-137.10906,0,train
normal,3841,normal_0103,19,2022-07-12 00:12:53.964,1.9,-0.097378,0.015667,-120.40986,0,train
normal,3842,normal_0103,20,2022-07-12 00:12:54.064,2.0,0.100067,0.159876,-83.505879,0,train
normal,3843,normal_0103,21,2022-07-12 00:12:54.164,2.1,-0.063988,0.030597,-43.970948,0,train
normal,3844,normal_0103,22,2022-07-12 00:12:54.264,2.2,0.011364,-0.085854,11.187555,0,train
normal,3845,normal_0103,23,2022-07-12 00:12:54.364,2.3,0.138146,-0.07139,57.774908,0,train
normal,3846,normal_0103,24,2022-07-12 00:12:54.464,2.4,-0.117564,-0.087182,108.28222,0,train
normal,3847,normal_0103,25,2022-07-12 00:12:54.564,2.5,0.00034,0.089452,149.11403,0,train
normal,3848,normal_0103,26,2022-07-12 00:12:54.664,2.6,0.091393,0.154767,141.99533,0,train
normal,3849,normal_0103,27,2022-07-12 00:12:54.764,2.7,-0.104485,-0.058924,128.40046,0,train
normal,3850,normal_0103,28,2022-07-12 00:12:54.864,2.8,0.073534,-0.093188,97.05342,0,train
normal,3851,normal_0103,29,2022-07-12 00:12:54.964,2.9,0.03415,-0.043052,58.945305,0,train
normal,3852,normal_0103,30,2022-07-12 00:12:55.064,3.0,-0.115986,0.021923,9.31871,0,train
normal,3853,normal_0103,31,2022-07-12 00:12:55.164,3.1,0.080528,0.15991,-42.13882,0,train
normal,3854,normal_0103,32,2022-07-12 00:12:55.264,3.2,-0.051091,0.034899,-86.67637,0,train
normal,3855,normal_0103,33,2022-07-12 00:12:55.364,3.3,-0.040226,-0.117768,-137.8348,0,train
normal,3856,normal_0103,34,2022-07-12 00:12:55.464,3.4,0.151202,-0.06258,-143.46792,0,train
normal,3857,normal_0103,35,2022-07-12 00:12:55.564,3.5,-0.065816,-0.027203,-131.52076,0,train
normal,3858,normal_0103,36,2022-07-12 00:12:55.664,3.6,0.00227,0.07257,-108.93597,0,train
normal,3859,normal_0103,37,2022-07-12 00:12:55.764,3.7,0.034876,0.118425,-71.656116,0,train
normal,3860,normal_0103,38,2022-07-12 00:12:55.864,3.8,-0.135525,-0.020709,-28.94688,0,train
normal,3861,normal_0103,39,2022-07-12 00:12:55.964,3.9,0.074863,-0.072764,25.874618,0,train
normal,3862,normal_0103,40,2022-07-12 00:12:56.064,4.0,-0.00343,-0.074614,68.663009,0,train
normal,3863,normal_0103,41,2022-07-12 00:12:56.164,4.1,-0.108924,-0.022037,123.21581,0,train
normal,3864,normal_0103,42,2022-07-12 00:12:56.264,4.2,0.107912,0.144197,147.11739,0,train
normal,3865,normal_0103,43,2022-07-12 00:12:56.364,4.3,-0.046107,0.052577,136.12808,0,train
normal,3866,normal_0103,44,2022-07-12 00:12:56.464,4.4,-0.029712,-0.097548,120.11649,0,train
normal,3867,normal_0104,0,2022-07-12 00:13:00.089,0.0,0.065488,-0.020022,-52.279598,0,train
normal,3868,normal_0104,1,2022-07-12 00:13:00.189,0.1,-0.044253,0.014071,-2.78008,0,train
normal,3869,normal_0104,2,2022-07-12 00:13:00.289,0.2,0.100229,0.138208,42.598491,0,train
normal,3870,normal_0104,3,2022-07-12 00:13:00.389,0.3,-0.057774,-0.022191,88.511716,0,train
normal,3871,normal_0104,4,2022-07-12 00:13:00.489,0.4,0.007575,-0.105478,128.51824,0,train
normal,3872,normal_0104,5,2022-07-12 00:13:00.589,0.5,0.091078,-0.062654,125.96788,0,train
normal,3873,normal_0104,6,2022-07-12 00:13:00.689,0.6,-0.083172,-0.054956,116.82297,0,train
normal,3874,normal_0104,7,2022-07-12 00:13:00.789,0.7,0.045018,0.119396,94.290506,0,train
normal,3875,normal_0104,8,2022-07-12 00:13:00.889,0.8,0.055792,0.159711,64.100392,0,train
normal,3876,normal_0104,9,2022-07-12 00:13:00.989,0.9,-0.068253,0.021996,20.315769,0,train
normal,3877,normal_0104,10,2022-07-12 00:13:01.089,1.0,0.041135,-0.020442,-30.429605,0,train
normal,3878,normal_0104,11,2022-07-12 00:13:01.189,1.1,0.007904,-0.085031,-72.359451,0,train
normal,3879,normal_0104,12,2022-07-12 00:13:01.289,1.2,0.000752,-0.017059,-120.23081,0,train
normal,3880,normal_0104,13,2022-07-12 00:13:01.389,1.3,0.115738,0.0878,-128.93845,0,train
normal,3881,normal_0104,14,2022-07-12 00:13:01.489,1.4,0.041669,-0.054491,-119.0566,0,train
normal,3882,normal_0104,15,2022-07-12 00:13:01.589,1.5,0.034755,-0.111507,-102.68272,0,train
normal,3883,normal_0104,16,2022-07-12 00:13:01.689,1.6,0.085197,-0.006296,-72.82103,0,train
normal,3884,normal_0104,17,2022-07-12 00:13:01.789,1.7,-0.08962,0.042194,-36.19111,0,train
normal,3885,normal_0104,18,2022-07-12 00:13:01.889,1.8,-0.128369,0.106351,16.719343,0,train
normal,3886,normal_0104,19,2022-07-12 00:13:01.989,1.9,-0.051927,0.113481,58.832652,0,train
normal,3887,normal_0104,20,2022-07-12 00:13:02.089,2.0,-0.134182,-0.022974,108.40334,0,train
normal,3888,normal_0104,21,2022-07-12 00:13:02.189,2.1,0.040772,-0.078503,133.48796,0,train
normal,3889,normal_0104,22,2022-07-12 00:13:02.289,2.2,0.127193,-0.041582,124.06196,0,train
normal,3890,normal_0104,23,2022-07-12 00:13:02.389,2.3,-0.040006,-0.023678,111.93563,0,train
normal,3891,normal_0104,24,2022-07-12 00:13:02.489,2.4,0.080361,0.06549,83.660136,0,train
normal,3892,normal_0104,25,2022-07-12 00:13:02.589,2.5,-0.009114,0.064435,50.733692,0,train
normal,3893,normal_0104,26,2022-07-12 00:13:02.689,2.6,-0.148078,-0.029468,-0.139833,0,train
normal,3894,normal_0104,27,2022-07-12 00:13:02.789,2.7,0.006849,-0.034362,-46.167737,0,train
normal,3895,normal_0104,28,2022-07-12 00:13:02.889,2.8,-0.108115,-0.050131,-91.75254,0,train
normal,3896,normal_0104,29,2022-07-12 00:13:02.989,2.9,-0.099373,0.025504,-130.48591,0,train
normal,3897,normal_0104,30,2022-07-12 00:13:03.089,3.0,0.064716,0.077956,-126.56285,0,train
normal,3898,normal_0104,31,2022-07-12 00:13:03.189,3.1,-0.053789,-0.047565,-116.19319,0,train
normal,3899,normal_0104,32,2022-07-12 00:13:03.289,3.2,0.012707,-0.082397,-92.335593,0,train
normal,3900,normal_0104,33,2022-07-12 00:13:03.389,3.3,0.03673,-0.070862,-60.478575,0,train
normal,3901,normal_0105,0,2022-07-12 00:13:07.971,0.0,0.039047,0.024926,-104.76555,0,train
normal,3902,normal_0105,1,2022-07-12 00:13:08.071,0.1,0.041,0.058679,-89.323054,0,train
normal,3903,normal_0105,2,2022-07-12 00:13:08.171,0.2,0.038513,-0.068069,-63.300617,0,train
normal,3904,normal_0105,3,2022-07-12 00:13:08.271,0.3,0.0634,0.038595,-25.669459,0,train
normal,3905,normal_0105,4,2022-07-12 00:13:08.371,0.4,-0.00422,0.046213,13.785841,0,train
normal,3906,normal_0105,5,2022-07-12 00:13:08.471,0.5,0.021279,-0.063743,68.987974,0,train
normal,3907,normal_0105,6,2022-07-12 00:13:08.571,0.6,0.044349,0.045986,99.627626,0,train
normal,3908,normal_0105,7,2022-07-12 00:13:08.671,0.7,-0.029822,0.005194,107.51702,0,train
normal,3909,normal_0105,8,2022-07-12 00:13:08.771,0.8,-0.027199,-0.0539,108.91951,0,train
normal,3910,normal_0105,9,2022-07-12 00:13:08.871,0.9,-0.041731,0.061279,95.321071,0,train
normal,3911,normal_0105,10,2022-07-12 00:13:08.971,1.0,-0.044661,0.015968,74.0558,0,train
normal,3912,normal_0105,11,2022-07-12 00:13:09.071,1.1,0.041533,0.004751,36.002402,0,train
normal,3913,normal_0105,12,2022-07-12 00:13:09.171,1.2,-0.009761,0.037244,-1.538754,0,train
normal,3914,normal_0105,13,2022-07-12 00:13:09.271,1.3,-0.046523,-0.103343,-53.67089,0,train
normal,3915,normal_0105,14,2022-07-12 00:13:09.371,1.4,0.006736,-0.024574,-96.528899,0,train
normal,3916,normal_0105,15,2022-07-12 00:13:09.471,1.5,-0.010101,0.097235,-105.62409,0,train
normal,3917,normal_0105,16,2022-07-12 00:13:09.571,1.6,0.01843,-0.063141,-110.18206,0,train
normal,3918,normal_0105,17,2022-07-12 00:13:09.671,1.7,0.0259,-0.055659,-99.159253,0,train
normal,3919,normal_0105,18,2022-07-12 00:13:09.771,1.8,-0.043798,0.023984,-80.033312,0,train
normal,3920,normal_0105,19,2022-07-12 00:13:09.871,1.9,-0.018253,-0.027458,-45.176988,0,train
normal,3921,normal_0105,20,2022-07-12 00:13:09.971,2.0,0.012923,-0.035746,-5.930424,0,train
normal,3922,normal_0105,21,2022-07-12 00:13:10.071,2.1,-0.048963,-0.033975,40.142541,0,train
normal,3923,normal_0105,22,2022-07-12 00:13:10.171,2.2,-0.003494,0.023053,92.554699,0,train
normal,3924,normal_0105,23,2022-07-12 00:13:10.271,2.3,-0.001632,0.014379,107.33713,0,train
normal,3925,normal_0105,24,2022-07-12 00:13:10.371,2.4,-0.093979,-0.094692,111.403,0,train
normal,3926,normal_0105,25,2022-07-12 00:13:10.471,2.5,-0.05019,0.012744,105.35027,0,train
normal,3927,normal_0105,26,2022-07-12 00:13:10.571,2.6,-0.010169,0.117955,87.49188,0,train
normal,3928,normal_0105,27,2022-07-12 00:13:10.671,2.7,0.009483,-0.041161,58.219678,0,train
normal,3929,normal_0105,28,2022-07-12 00:13:10.771,2.8,0.022948,-0.081329,16.361477,0,train
normal,3930,normal_0105,29,2022-07-12 00:13:10.871,2.9,-0.029493,-0.00566,-24.616721,0,train
normal,3931,normal_0105,30,2022-07-12 00:13:10.971,3.0,-0.025791,-0.050619,-80.23418,0,train
normal,3932,normal_0105,31,2022-07-12 00:13:11.071,3.1,0.000559,-0.017126,-106.44938,0,train
normal,3933,normal_0105,32,2022-07-12 00:13:11.171,3.2,-0.027415,0.047655,-109.63799,0,train
normal,3934,normal_0105,33,2022-07-12 00:13:11.271,3.3,-0.009204,0.000392,-108.7655,0,train
normal,3935,normal_0106,0,2022-07-12 00:13:15.873,0.0,0.081546,-0.040822,-14.348628,0,train
normal,3936,normal_0106,1,2022-07-12 00:13:15.973,0.1,0.089346,-0.079355,41.859155,0,train
normal,3937,normal_0106,2,2022-07-12 00:13:16.073,0.2,-0.026991,0.003489,85.444103,0,train
normal,3938,normal_0106,3,2022-07-12 00:13:16.173,0.3,0.051903,0.131021,135.06056,0,train
normal,3939,normal_0106,4,2022-07-12 00:13:16.273,0.4,0.071135,0.059313,150.40221,0,train
normal,3940,normal_0106,5,2022-07-12 00:13:16.373,0.5,-0.024788,-0.033068,133.82997,0,train
normal,3941,normal_0106,6,2022-07-12 00:13:16.473,0.6,0.04382,-0.055377,110.07441,0,train
normal,3942,normal_0106,7,2022-07-12 00:13:16.573,0.7,0.005548,-0.045602,71.154245,0,train
normal,3943,normal_0106,8,2022-07-12 00:13:16.673,0.8,-0.043464,0.099776,30.538801,0,train
normal,3944,normal_0106,9,2022-07-12 00:13:16.773,0.9,0.06555,0.123868,-25.953534,0,train
normal,3945,normal_0106,10,2022-07-12 00:13:16.873,1.0,-0.024198,-0.034714,-72.173485,0,train
normal,3946,normal_0106,11,2022-07-12 00:13:16.973,1.1,-0.014616,-0.070954,-120.04723,0,train
normal,3947,normal_0106,12,2022-07-12 00:13:17.073,1.2,0.068536,-0.072509,-151.95157,0,train
normal,3948,normal_0106,13,2022-07-12 00:13:17.173,1.3,-0.049641,-0.014994,-139.83847,0,train
normal,3949,normal_0106,14,2022-07-12 00:13:17.273,1.4,-0.015422,0.129068,-120.08621,0,train
normal,3950,normal_0106,15,2022-07-12 00:13:17.373,1.5,-0.037561,0.081316,-83.730231,0,train
normal,3951,normal_0106,16,2022-07-12 00:13:17.473,1.6,-0.103591,-0.005866,-43.858414,0,train
normal,3952,normal_0106,17,2022-07-12 00:13:17.573,1.7,-0.001332,-0.026211,9.016157,0,train
normal,3953,normal_0106,18,2022-07-12 00:13:17.673,1.8,-0.091829,-0.081535,61.972745,0,train
normal,3954,normal_0106,19,2022-07-12 00:13:17.773,1.9,-0.111959,0.02707,106.72845,0,train
normal,3955,normal_0106,20,2022-07-12 00:13:17.873,2.0,0.02134,0.102251,150.73754,0,train
normal,3956,normal_0106,21,2022-07-12 00:13:17.973,2.1,-0.070417,-0.032909,149.13024,0,train
normal,3957,normal_0107,0,2022-07-12 00:13:23.836,0.0,0.040916,0.23996,-61.200626,0,train
normal,3958,normal_0107,1,2022-07-12 00:13:23.936,0.1,-0.005201,0.114257,26.200894,0,train
normal,3959,normal_0107,2,2022-07-12 00:13:24.036,0.2,0.000862,-0.239613,115.3139,0,train
normal,3960,normal_0107,3,2022-07-12 00:13:24.136,0.3,-0.031881,-0.252204,191.81003,0,train
normal,3961,normal_0107,4,2022-07-12 00:13:24.236,0.4,-0.09916,-0.056644,251.30954,0,train
normal,3962,normal_0107,5,2022-07-12 00:13:24.336,0.5,0.099942,0.189256,263.33836,0,train
normal,3963,normal_0107,6,2022-07-12 00:13:24.436,0.6,0.093221,0.228028,232.75116,0,train
normal,3964,normal_0107,7,2022-07-12 00:13:24.536,0.7,-0.117314,-0.09747,175.14231,0,train
normal,3965,normal_0107,8,2022-07-12 00:13:24.636,0.8,-0.065237,-0.235367,91.625821,0,train
normal,3966,normal_0108,0,2022-07-12 00:13:33.336,0.0,0.140062,0.132944,-142.38896,0,train
normal,3967,normal_0108,1,2022-07-12 00:13:33.436,0.1,0.033058,0.050224,-126.6004,0,train
normal,3968,normal_0108,2,2022-07-12 00:13:33.536,0.2,0.087962,-0.030702,-100.15155,0,train
normal,3969,normal_0108,3,2022-07-12 00:13:33.636,0.3,0.176041,-0.063445,-62.707193,0,train
normal,3970,normal_0108,4,2022-07-12 00:13:33.736,0.4,0.028153,-0.006236,-18.467071,0,train
normal,3971,normal_0108,5,2022-07-12 00:13:33.836,0.5,0.097624,0.130662,37.976508,0,train
normal,3972,normal_0108,6,2022-07-12 00:13:33.936,0.6,0.11773,0.114495,81.629167,0,train
normal,3973,normal_0108,7,2022-07-12 00:13:34.036,0.7,-0.0306,-0.013581,131.11593,0,train
normal,3974,normal_0108,8,2022-07-12 00:13:34.136,0.8,0.073691,-0.052761,150.23078,0,train
normal,3975,normal_0108,9,2022-07-12 00:13:34.236,0.9,0.012724,-0.039069,134.82536,0,train
normal,3976,normal_0108,10,2022-07-12 00:13:34.336,1.0,-0.097618,0.057615,112.78523,0,train
normal,3977,normal_0108,11,2022-07-12 00:13:34.436,1.1,0.074088,0.151768,76.092491,0,train
normal,3978,normal_0108,12,2022-07-12 00:13:34.536,1.2,0.034534,0.042538,36.045794,0,train
normal,3979,normal_0108,13,2022-07-12 00:13:34.636,1.3,0.037145,-0.06307,-20.843985,0,train
normal,3980,normal_0108,14,2022-07-12 00:13:34.736,1.4,0.160884,-0.055566,-68.759569,0,train
normal,3981,normal_0108,15,2022-07-12 00:13:34.836,1.5,-0.016953,-0.02968,-116.34041,0,train
normal,3982,normal_0108,16,2022-07-12 00:13:34.936,1.6,-0.007791,0.103233,-150.81872,0,train
normal,3983,normal_0108,17,2022-07-12 00:13:35.036,1.7,0.084363,0.169944,-140.69773,0,train
normal,3984,normal_0108,18,2022-07-12 00:13:35.136,1.8,-0.066647,0.045706,-121.56655,0,train
normal,3985,normal_0108,19,2022-07-12 00:13:35.236,1.9,-0.017464,-0.028511,-87.053786,0,train
normal,3986,normal_0108,20,2022-07-12 00:13:35.336,2.0,-0.007746,-0.022687,-47.563439,0,train
normal,3987,normal_0108,21,2022-07-12 00:13:35.436,2.1,-0.082462,0.041516,4.258872,0,train
normal,3988,normal_0108,22,2022-07-12 00:13:35.536,2.2,0.017333,0.100758,58.085568,0,train
normal,3989,normal_0108,23,2022-07-12 00:13:35.636,2.3,-0.02926,-0.013025,102.74471,0,train
normal,3990,normal_0108,24,2022-07-12 00:13:35.736,2.4,-0.042078,-0.115386,147.98238,0,train
normal,3991,normal_0108,25,2022-07-12 00:13:35.836,2.5,0.044842,-0.099662,149.55892,0,train
normal,3992,normal_0108,26,2022-07-12 00:13:35.936,2.6,-0.061492,-0.035936,130.73029,0,train
normal,3993,normal_0108,27,2022-07-12 00:13:36.036,2.7,-0.041034,0.087406,101.45832,0,train
normal,3994,normal_0108,28,2022-07-12 00:13:36.136,2.8,0.022045,0.092538,62.02019,0,train
normal,3995,normal_0108,29,2022-07-12 00:13:36.236,2.9,-0.092509,-0.020223,15.840175,0,train
normal,3996,normal_0108,30,2022-07-12 00:13:36.336,3.0,-0.026581,-0.078113,-42.525535,0,train
normal,3997,normal_0108,31,2022-07-12 00:13:36.436,3.1,0.005027,-0.116748,-86.748968,0,train
normal,3998,normal_0108,32,2022-07-12 00:13:36.536,3.2,-0.104146,-0.063195,-136.07933,0,train
normal,3999,normal_0108,33,2022-07-12 00:13:36.636,3.3,0.030004,0.078891,-154.15337,0,train
normal,4000,normal_0108,34,2022-07-12 00:13:36.736,3.4,0.048896,0.045161,-136.7674,0,train
normal,4001,normal_0108,35,2022-07-12 00:13:36.836,3.5,-0.105577,-0.123118,-113.08361,0,train
normal,4002,normal_0108,36,2022-07-12 00:13:36.936,3.6,-0.022051,-0.137082,-73.757538,0,train
normal,4003,normal_0108,37,2022-07-12 00:13:37.036,3.7,-0.064592,-0.073788,-31.879667,0,train
normal,4004,normal_0108,38,2022-07-12 00:13:37.136,3.8,-0.134971,0.038235,25.651339,0,train
normal,4005,normal_0108,39,2022-07-12 00:13:37.236,3.9,0.058818,0.12511,74.041018,0,train
normal,4006,normal_0108,40,2022-07-12 00:13:37.336,4.0,-0.011833,-0.0108,121.14276,0,train
normal,4007,normal_0108,41,2022-07-12 00:13:37.436,4.1,-0.062877,-0.106757,155.68211,0,train
normal,4008,normal_0108,42,2022-07-12 00:13:37.536,4.2,0.043968,-0.074423,144.58002,0,train
normal,4009,normal_0108,43,2022-07-12 00:13:37.636,4.3,-0.126433,-0.015352,123.68847,0,train
normal,4010,normal_0108,44,2022-07-12 00:13:37.736,4.4,-0.075162,0.086135,88.604461,0,train
normal,4011,normal_0108,45,2022-07-12 00:13:37.836,4.5,-0.013445,0.097919,48.712021,0,train
normal,4012,normal_0108,46,2022-07-12 00:13:37.936,4.6,-0.082462,-0.101955,-3.968358,0,train
normal,4013,normal_0108,47,2022-07-12 00:13:38.036,4.7,-0.001502,-0.0999,-58.425553,0,train
normal,4014,normal_0108,48,2022-07-12 00:13:38.136,4.8,-0.029714,-0.081644,-102.69882,0,train
normal,4015,normal_0108,49,2022-07-12 00:13:38.236,4.9,0.026007,-0.020382,-147.99597,0,train
normal,4016,normal_0109,0,2022-07-12 00:13:39.886,0.0,-0.018072,-0.060774,-233.75502,0,train
normal,4017,normal_0109,1,2022-07-12 00:13:39.986,0.1,0.02574,0.131937,-253.28496,0,train
normal,4018,normal_0109,2,2022-07-12 00:13:40.086,0.2,0.063694,0.308276,-228.4787,0,train
normal,4019,normal_0109,3,2022-07-12 00:13:40.186,0.3,0.007961,0.048252,-177.84168,0,train
normal,4020,normal_0109,4,2022-07-12 00:13:40.286,0.4,-0.014882,-0.28374,-101.60018,0,train
normal,4021,normal_0109,5,2022-07-12 00:13:40.386,0.5,-0.112463,-0.212079,-17.385366,0,train
normal,4022,normal_0109,6,2022-07-12 00:13:40.486,0.6,-0.105231,-0.012182,73.413738,0,train
normal,4023,normal_0109,7,2022-07-12 00:13:40.586,0.7,0.158903,0.262363,155.4723,0,train
normal,4024,normal_0109,8,2022-07-12 00:13:40.686,0.8,0.111265,0.22509,219.56303,0,train
normal,4025,normal_0109,9,2022-07-12 00:13:40.786,0.9,0.001796,-0.153757,255.02554,0,train
normal,4026,normal_0109,10,2022-07-12 00:13:40.886,1.0,0.014171,-0.217006,242.39328,0,train
normal,4027,normal_0109,11,2022-07-12 00:13:40.986,1.1,-0.196125,-0.142665,199.86751,0,train
normal,4028,normal_0109,12,2022-07-12 00:13:41.086,1.2,-0.123714,0.047423,129.83932,0,train
normal,4029,normal_0109,13,2022-07-12 00:13:41.186,1.3,0.153998,0.340984,47.38546,0,train
normal,4030,normal_0109,14,2022-07-12 00:13:41.286,1.4,0.067952,0.084594,-41.779523,0,train
normal,4031,normal_0109,15,2022-07-12 00:13:41.386,1.5,0.013695,-0.286238,-130.65948,0,train
normal,4032,normal_0109,16,2022-07-12 00:13:41.486,1.6,-0.013326,-0.172785,-200.41325,0,train
normal,4033,normal_0109,17,2022-07-12 00:13:41.586,1.7,-0.159284,-0.037477,-248.83917,0,train
normal,4034,normal_0109,18,2022-07-12 00:13:41.686,1.8,-0.03509,0.15445,-250.55256,0,train
normal,4035,normal_0109,19,2022-07-12 00:13:41.786,1.9,0.073163,0.306891,-215.87815,0,train
normal,4036,normal_0109,20,2022-07-12 00:13:41.886,2.0,0.025207,-0.057981,-155.04732,0,train
normal,4037,normal_0109,21,2022-07-12 00:13:41.986,2.1,-0.046307,-0.328484,-73.77077,0,train
normal,4038,normal_0109,22,2022-07-12 00:13:42.086,2.2,-0.116323,-0.150828,13.015629,0,train
normal,4039,normal_0109,23,2022-07-12 00:13:42.186,2.3,-0.031923,0.076067,104.63048,0,train
normal,4040,normal_0109,24,2022-07-12 00:13:42.286,2.4,0.025309,0.225261,180.62033,0,train
normal,4041,normal_0109,25,2022-07-12 00:13:42.386,2.5,0.032314,0.150488,238.61256,0,train
normal,4042,normal_0109,26,2022-07-12 00:13:42.486,2.6,0.033971,-0.166824,257.40972,0,train
normal,4043,normal_0109,27,2022-07-12 00:13:42.586,2.7,-0.082808,-0.274113,232.0936,0,train
normal,4044,normal_0109,28,2022-07-12 00:13:42.686,2.8,-0.139495,-0.06913,180.08199,0,train
normal,4045,normal_0109,29,2022-07-12 00:13:42.786,2.9,0.012434,0.192518,102.60381,0,train
normal,4046,normal_0109,30,2022-07-12 00:13:42.886,3.0,0.051104,0.283253,18.434884,0,train
normal,4047,normal_0109,31,2022-07-12 00:13:42.986,3.1,-0.044048,-0.00747,-73.581466,0,train
normal,4048,normal_0109,32,2022-07-12 00:13:43.086,3.2,0.030679,-0.256561,-156.99317,0,train
normal,4049,normal_0109,33,2022-07-12 00:13:43.186,3.3,-0.099361,-0.20974,-221.80286,0,train
normal,4050,normal_0109,34,2022-07-12 00:13:43.286,3.4,-0.11336,-0.005506,-256.7586,0,train
normal,4051,normal_0109,35,2022-07-12 00:13:43.386,3.5,0.218655,0.314043,-242.85033,0,train
normal,4052,normal_0109,36,2022-07-12 00:13:43.486,3.6,0.089285,0.207561,-199.81101,0,train
normal,4053,normal_0109,37,2022-07-12 00:13:43.586,3.7,-0.041732,-0.152678,-129.22849,0,train
normal,4054,normal_0109,38,2022-07-12 00:13:43.686,3.8,0.002546,-0.169413,-45.527702,0,train
normal,4055,normal_0109,39,2022-07-12 00:13:43.786,3.9,-0.2038,-0.132685,44.35504,0,train
normal,4056,normal_0109,40,2022-07-12 00:13:43.886,4.0,-0.078539,0.079893,133.02685,0,train
normal,4057,normal_0109,41,2022-07-12 00:13:43.986,4.1,0.192315,0.341688,203.74146,0,train
normal,4058,normal_0109,42,2022-07-12 00:13:44.086,4.2,0.140579,0.046163,252.67568,0,train
normal,4059,normal_0109,43,2022-07-12 00:13:44.186,4.3,0.095756,-0.247228,254.0485,0,train
normal,4060,normal_0109,44,2022-07-12 00:13:44.286,4.4,0.023458,-0.140905,218.93587,0,train
normal,4061,normal_0109,45,2022-07-12 00:13:44.386,4.5,-0.08777,-0.033821,156.34479,0,train
normal,4062,normal_0109,46,2022-07-12 00:13:44.486,4.6,-0.01906,0.198308,74.680218,0,train
normal,4063,normal_0109,47,2022-07-12 00:13:44.586,4.7,0.064682,0.323171,-11.956216,0,train
normal,4064,normal_0109,48,2022-07-12 00:13:44.686,4.8,0.094076,-0.077906,-104.57994,0,train
normal,4065,normal_0109,49,2022-07-12 00:13:44.786,4.9,0.058006,-0.288702,-181.4511,0,train
normal,4066,normal_0110,0,2022-07-12 00:13:47.957,0.0,0.087451,0.200733,-138.63243,0,train
normal,4067,normal_0110,1,2022-07-12 00:13:48.057,0.1,-0.111163,0.016015,-117.22006,0,train
normal,4068,normal_0110,2,2022-07-12 00:13:48.157,0.2,0.036861,-0.114604,-79.328427,0,train
normal,4069,normal_0110,3,2022-07-12 00:13:48.257,0.3,0.099191,-0.057883,-37.415032,0,train
normal,4070,normal_0110,4,2022-07-12 00:13:48.357,0.4,-0.09805,-0.020247,20.942214,0,train
normal,4071,normal_0110,5,2022-07-12 00:13:48.457,0.5,0.072454,0.135497,65.895565,0,train
normal,4072,normal_0110,6,2022-07-12 00:13:48.557,0.6,-0.019962,0.093229,115.46947,0,train
normal,4073,normal_0110,7,2022-07-12 00:13:48.657,0.7,-0.075513,-0.098221,153.88717,0,train
normal,4074,normal_0110,8,2022-07-12 00:13:48.757,0.8,0.142083,-0.061539,145.02467,0,train
normal,4075,normal_0110,9,2022-07-12 00:13:48.857,0.9,-0.054862,-0.065785,127.57577,0,train
normal,4076,normal_0110,10,2022-07-12 00:13:48.957,1.0,-0.072255,0.002107,93.763363,0,train
normal,4077,normal_0110,11,2022-07-12 00:13:49.057,1.1,0.052302,0.159203,54.159052,0,train
normal,4078,normal_0110,12,2022-07-12 00:13:49.157,1.2,-0.110198,0.030922,-0.485539,0,train
normal,4079,normal_0110,13,2022-07-12 00:13:49.257,1.3,0.042663,-0.076264,-52.130705,0,train
normal,4080,normal_0110,14,2022-07-12 00:13:49.357,1.4,0.077517,-0.073074,-95.886361,0,train
normal,4081,normal_0110,15,2022-07-12 00:13:49.457,1.5,-0.123435,-0.093271,-145.37896,0,train
normal,4082,normal_0110,16,2022-07-12 00:13:49.557,1.6,0.063962,0.110974,-148.25477,0,train
normal,4083,normal_0110,17,2022-07-12 00:13:49.657,1.7,0.037236,0.1497,-132.3805,0,train
normal,4084,normal_0110,18,2022-07-12 00:13:49.757,1.8,-0.085992,-0.075129,-105.44123,0,train
normal,4085,normal_0110,19,2022-07-12 00:13:49.857,1.9,0.079402,-0.07111,-66.801675,0,train
normal,4086,normal_0110,20,2022-07-12 00:13:49.957,2.0,-0.023663,-0.080192,-19.635799,0,train
normal,4087,normal_0110,21,2022-07-12 00:13:50.057,2.1,-0.132336,-0.027706,37.056927,0,train
normal,4088,normal_0110,22,2022-07-12 00:13:50.157,2.2,0.037554,0.164141,78.583131,0,train
normal,4089,normal_0110,23,2022-07-12 00:13:50.257,2.3,0.00455,0.047214,131.87386,0,train
normal,4090,normal_0110,24,2022-07-12 00:13:50.357,2.4,-0.021551,-0.095542,152.82978,0,train
normal,4091,normal_0110,25,2022-07-12 00:13:50.457,2.5,0.125928,-0.032361,138.45064,0,train
normal,4092,normal_0110,26,2022-07-12 00:13:50.557,2.6,-0.067725,-0.078387,117.81861,0,train
normal,4093,normal_0110,27,2022-07-12 00:13:50.657,2.7,-0.083983,0.019921,81.24567,0,train
normal,4094,normal_0110,28,2022-07-12 00:13:50.757,2.8,0.075576,0.196055,39.990191,0,train
normal,4095,normal_0110,29,2022-07-12 00:13:50.857,2.9,-0.072641,-0.018885,-18.295886,0,train
normal,4096,normal_0110,30,2022-07-12 00:13:50.957,3.0,0.075281,-0.136028,-62.441595,0,train
normal,4097,normal_0110,31,2022-07-12 00:13:51.057,3.1,0.048601,-0.07103,-111.32337,0,train
normal,4098,normal_0110,32,2022-07-12 00:13:51.157,3.2,-0.118258,-0.017761,-149.6041,0,train
normal,4099,normal_0110,33,2022-07-12 00:13:51.257,3.3,0.102472,0.15297,-141.08052,0,train
normal,4100,normal_0110,34,2022-07-12 00:13:51.357,3.4,-0.077841,0.065584,-125.09586,0,train
normal,4101,normal_0110,35,2022-07-12 00:13:51.457,3.5,-0.078647,-0.091864,-92.897545,0,train
normal,4102,normal_0110,36,2022-07-12 00:13:51.557,3.6,0.172397,-0.04947,-55.056102,0,train
normal,4103,normal_0111,0,2022-07-12 00:13:55.976,0.0,0.012358,-0.104843,-99.748147,0,train
normal,4104,normal_0111,1,2022-07-12 00:13:56.076,0.1,0.098063,-0.042797,-105.37423,0,train
normal,4105,normal_0111,2,2022-07-12 00:13:56.176,0.2,-0.006841,-0.043149,-109.80476,0,train
normal,4106,normal_0111,3,2022-07-12 00:13:56.276,0.3,0.010734,-0.049927,-97.323668,0,train
normal,4107,normal_0111,4,2022-07-12 00:13:56.376,0.4,-0.003844,-0.00842,-77.288756,0,train
normal,4108,normal_0111,5,2022-07-12 00:13:56.476,0.5,-0.123473,-0.008579,-42.073732,0,train
normal,4109,normal_0111,6,2022-07-12 00:13:56.576,0.6,0.005886,0.087618,-1.358748,0,train
normal,4110,normal_0111,7,2022-07-12 00:13:56.676,0.7,0.023938,0.028989,45.363312,0,train
normal,4111,normal_0111,8,2022-07-12 00:13:56.776,0.8,-0.031012,-0.070193,94.090711,0,train
normal,4112,normal_0111,9,2022-07-12 00:13:56.876,0.9,0.127468,0.04678,105.97183,0,train
normal,4113,normal_0111,10,2022-07-12 00:13:56.976,1.0,0.066013,0.049244,110.31176,0,train
normal,4114,normal_0111,11,2022-07-12 00:13:57.076,1.1,0.021122,-0.01161,103.90116,0,train
normal,4115,normal_0111,12,2022-07-12 00:13:57.176,1.2,0.06062,0.008372,85.747014,0,train
normal,4116,normal_0111,13,2022-07-12 00:13:57.276,1.3,-0.072701,-0.008351,57.223923,0,train
normal,4117,normal_0111,14,2022-07-12 00:13:57.376,1.4,0.020691,0.025266,15.770437,0,train
normal,4118,normal_0111,15,2022-07-12 00:13:57.476,1.5,0.109882,0.020713,-26.139978,0,train
normal,4119,normal_0111,16,2022-07-12 00:13:57.576,1.6,0.011381,-0.054253,-79.63253,0,train
normal,4120,normal_0111,17,2022-07-12 00:13:57.676,1.7,0.088209,0.01993,-103.1778,0,train
normal,4121,normal_0111,18,2022-07-12 00:13:57.776,1.8,0.06632,0.060234,-107.53371,0,train
normal,4122,normal_0111,19,2022-07-12 00:13:57.876,1.9,-0.050744,-0.02151,-107.86177,0,train
normal,4123,normal_0111,20,2022-07-12 00:13:57.976,2.0,0.070202,0.049278,-91.141235,0,train
normal,4124,normal_0111,21,2022-07-12 00:13:58.076,2.1,0.077752,0.124641,-67.709096,0,train
normal,4125,normal_0111,22,2022-07-12 00:13:58.176,2.2,0.052083,0.026651,-27.347091,0,train
normal,4126,normal_0112,0,2022-07-12 00:14:03.904,0.0,0.086401,0.230093,230.59276,0,train
normal,4127,normal_0112,1,2022-07-12 00:14:04.004,0.1,-0.007445,0.116855,207.12974,0,train
normal,4128,normal_0112,2,2022-07-12 00:14:04.104,0.2,-0.049055,-0.138082,162.07113,0,train
normal,4129,normal_0112,3,2022-07-12 00:14:04.204,0.3,-0.031242,-0.218588,97.67617,0,train
normal,4130,normal_0112,4,2022-07-12 00:14:04.304,0.4,-0.196534,-0.097801,26.431087,0,train
normal,4131,normal_0112,5,2022-07-12 00:14:04.404,0.5,-0.058671,0.123883,-54.653174,0,train
normal,4132,normal_0112,6,2022-07-12 00:14:04.504,0.6,0.121936,0.227913,-129.98177,0,train
normal,4133,normal_0112,7,2022-07-12 00:14:04.604,0.7,-0.055969,-0.014831,-181.09729,0,train
normal,4134,normal_0112,8,2022-07-12 00:14:04.704,0.8,-0.01931,-0.226013,-227.02685,0,train
normal,4135,normal_0112,9,2022-07-12 00:14:04.804,0.9,-0.002768,-0.173539,-220.0227,0,train
normal,4136,normal_0113,0,2022-07-12 00:14:13.584,0.0,-0.070893,0.018248,101.30955,0,train
normal,4137,normal_0113,1,2022-07-12 00:14:13.684,0.1,-0.007099,0.018191,81.629882,0,train
normal,4138,normal_0113,2,2022-07-12 00:14:13.784,0.2,0.086134,0.006009,47.25123,0,train
normal,4139,normal_0113,3,2022-07-12 00:14:13.884,0.3,-0.013968,0.007667,4.554392,0,train
normal,4140,normal_0113,4,2022-07-12 00:14:13.984,0.4,0.049747,-0.017515,-36.963229,0,train
normal,4141,normal_0113,5,2022-07-12 00:14:14.084,0.5,0.057705,-0.048248,-90.520512,0,train
normal,4142,normal_0113,6,2022-07-12 00:14:14.184,0.6,-0.063707,-0.009692,-107.23306,0,train
normal,4143,normal_0113,7,2022-07-12 00:14:14.284,0.7,0.018162,0.033677,-109.40565,0,train
normal,4144,normal_0113,8,2022-07-12 00:14:14.384,0.8,0.059465,0.029726,-105.6955,0,train
normal,4145,normal_0113,9,2022-07-12 00:14:14.484,0.9,0.039404,0.055737,-87.125073,0,train
normal,4146,normal_0113,10,2022-07-12 00:14:14.584,1.0,0.143729,0.055737,-60.048349,0,train
normal,4147,normal_0113,11,2022-07-12 00:14:14.684,1.1,0.068264,-0.006843,-16.171338,0,train
normal,4148,normal_0113,12,2022-07-12 00:14:14.784,1.2,-0.007383,0.019417,22.057655,0,train
normal,4149,normal_0113,13,2022-07-12 00:14:14.884,1.3,0.068468,0.071098,76.062569,0,train
normal,4150,normal_0113,14,2022-07-12 00:14:14.984,1.4,0.037281,-0.000576,107.59736,0,train
normal,4151,normal_0113,15,2022-07-12 00:14:15.084,1.5,0.041118,-0.054753,109.07461,0,train
normal,4152,normal_0113,16,2022-07-12 00:14:15.184,1.6,0.085657,-0.001211,110.66593,0,train
normal,4153,normal_0113,17,2022-07-12 00:14:15.284,1.7,0.024667,0.057076,94.291579,0,train
normal,4154,normal_0113,18,2022-07-12 00:14:15.384,1.8,0.052596,0.050015,72.201141,0,train
normal,4155,normal_0113,19,2022-07-12 00:14:15.484,1.9,0.048282,0.036391,30.83599,0,train
normal,4156,normal_0113,20,2022-07-12 00:14:15.584,2.0,-0.038775,0.038446,-9.224416,0,train
normal,4157,normal_0113,21,2022-07-12 00:14:15.684,2.1,0.060362,0.014013,-57.48523,0,train
normal,4158,normal_0113,22,2022-07-12 00:14:15.784,2.2,0.057399,0.014399,-102.61704,0,train
normal,4159,normal_0113,23,2022-07-12 00:14:15.884,2.3,-0.00333,0.020587,-107.63337,0,train
normal,4160,normal_0113,24,2022-07-12 00:14:15.984,2.4,0.069819,-0.015324,-110.7315,0,train
normal,4161,normal_0113,25,2022-07-12 00:14:16.084,2.5,0.019115,0.004545,-99.376213,0,train
normal,4162,normal_0113,26,2022-07-12 00:14:16.184,2.6,0.02461,0.059313,-78.954229,0,train
normal,4163,normal_0113,27,2022-07-12 00:14:16.284,2.7,0.05993,-0.019456,-44.258838,0,train
normal,4164,normal_0113,28,2022-07-12 00:14:16.384,2.8,-0.075253,-0.046238,-0.960112,0,train
normal,4165,normal_0113,29,2022-07-12 00:14:16.484,2.9,-0.056089,0.042703,40.821438,0,train
normal,4166,normal_0113,30,2022-07-12 00:14:16.584,3.0,0.021466,-0.023305,94.002735,0,train
normal,4167,normal_0113,31,2022-07-12 00:14:16.684,3.1,-0.024731,-0.07511,109.50853,0,train
normal,4168,normal_0113,32,2022-07-12 00:14:16.784,3.2,0.056082,-0.010873,110.99519,0,train
normal,4169,normal_0113,33,2022-07-12 00:14:16.884,3.3,0.036066,-0.013178,106.11309,0,train
normal,4170,normal_0113,34,2022-07-12 00:14:16.984,3.4,-0.085959,-0.004822,86.581479,0,train
normal,4171,normal_0113,35,2022-07-12 00:14:17.084,3.5,-0.021665,0.039831,58.839328,0,train
normal,4172,normal_0113,36,2022-07-12 00:14:17.184,3.6,-0.049492,0.067658,13.363125,0,train
normal,4173,normal_0113,37,2022-07-12 00:14:17.284,3.7,-0.081474,0.01491,-25.473478,0,train
normal,4174,normal_0113,38,2022-07-12 00:14:17.384,3.8,0.012156,-0.094853,-78.541169,0,train
normal,4175,normal_0113,39,2022-07-12 00:14:17.484,3.9,-0.052399,-0.033159,-108.79375,0,train
normal,4176,normal_0113,40,2022-07-12 00:14:17.584,4.0,-0.069656,0.035675,-109.24329,0,train
normal,4177,normal_0113,41,2022-07-12 00:14:17.684,4.1,-0.028432,-0.104413,-109.43712,0,train
normal,4178,normal_0113,42,2022-07-12 00:14:17.784,4.2,-0.137809,-0.112031,-91.638576,0,train
normal,4179,normal_0113,43,2022-07-12 00:14:17.884,4.3,-0.073822,0.025628,-68.227895,0,train
normal,4180,normal_0113,44,2022-07-12 00:14:17.984,4.4,-0.017476,-0.025939,-25.74015,0,train
normal,4181,normal_0113,45,2022-07-12 00:14:18.084,4.5,-0.134801,-0.052755,14.725806,0,train
normal,4182,normal_0113,46,2022-07-12 00:14:18.184,4.6,-0.048947,0.020939,62.587388,0,train
normal,4183,normal_0113,47,2022-07-12 00:14:18.284,4.7,-0.033972,0.004374,106.64595,0,train
normal,4184,normal_0113,48,2022-07-12 00:14:18.384,4.8,-0.083893,-0.016777,110.75963,0,train
normal,4185,normal_0113,49,2022-07-12 00:14:18.484,4.9,-0.016659,-0.07494,112.07332,0,train
normal,4186,normal_0114,0,2022-07-12 00:14:20.310,0.0,-0.04107,-0.178585,45.897966,0,train
normal,4187,normal_0114,1,2022-07-12 00:14:20.410,0.1,-0.06498,-0.045161,127.53262,0,train
normal,4188,normal_0114,2,2022-07-12 00:14:20.510,0.2,-0.026447,0.196833,191.63551,0,train
normal,4189,normal_0114,3,2022-07-12 00:14:20.610,0.3,0.055137,0.231052,239.59318,0,train
normal,4190,normal_0114,4,2022-07-12 00:14:20.710,0.4,0.102412,-0.061624,240.11496,0,train
normal,4191,normal_0114,5,2022-07-12 00:14:20.810,0.5,-0.032669,-0.227847,202.71328,0,train
normal,4192,normal_0114,6,2022-07-12 00:14:20.910,0.6,-0.098518,-0.153597,142.01452,0,train
normal,4193,normal_0114,7,2022-07-12 00:14:21.010,0.7,-0.008328,0.074105,63.123472,0,train
normal,4194,normal_0114,8,2022-07-12 00:14:21.110,0.8,-0.001459,0.281075,-18.054726,0,train
normal,4195,normal_0114,9,2022-07-12 00:14:21.210,0.9,0.028536,0.145369,-103.28497,0,train
normal,4196,normal_0114,10,2022-07-12 00:14:21.310,1.0,0.072984,-0.189598,-172.24409,0,train
normal,4197,normal_0114,11,2022-07-12 00:14:21.410,1.1,-0.03612,-0.260317,-227.11041,0,train
normal,4198,normal_0114,12,2022-07-12 00:14:21.510,1.2,-0.083929,-0.075066,-244.81001,0,train
normal,4199,normal_0114,13,2022-07-12 00:14:21.610,1.3,0.056182,0.167962,-216.0857,0,train
normal,4200,normal_0114,14,2022-07-12 00:14:21.710,1.4,0.071577,0.260673,-164.3466,0,train
normal,4201,normal_0114,15,2022-07-12 00:14:21.810,1.5,-0.032703,0.011503,-89.054595,0,train
normal,4202,normal_0114,16,2022-07-12 00:14:21.910,1.6,-0.004138,-0.212543,-9.311319,0,train
normal,4203,normal_0114,17,2022-07-12 00:14:22.010,1.7,-0.079637,-0.173942,76.170096,0,train
normal,4204,normal_0114,18,2022-07-12 00:14:22.110,1.8,-0.129422,-0.016256,152.59399,0,train
normal,4205,normal_0114,19,2022-07-12 00:14:22.210,1.9,0.117183,0.241872,212.88028,0,train
normal,4206,normal_0114,20,2022-07-12 00:14:22.310,2.0,0.142625,0.172027,248.02294,0,train
normal,4207,normal_0114,21,2022-07-12 00:14:22.410,2.1,-0.001186,-0.198737,231.81811,0,train
normal,4208,normal_0114,22,2022-07-12 00:14:22.510,2.2,0.005546,-0.212338,186.88335,0,train
normal,4209,normal_0114,23,2022-07-12 00:14:22.610,2.3,-0.114685,-0.067164,116.72927,0,train
normal,4210,normal_0114,24,2022-07-12 00:14:22.710,2.4,-0.126663,0.081791,35.617594,0,train
normal,4211,normal_0114,25,2022-07-12 00:14:22.810,2.5,0.059429,0.298161,-48.829919,0,train
normal,4212,normal_0114,26,2022-07-12 00:14:22.910,2.6,0.077038,0.110753,-131.40132,0,train
normal,4213,normal_0114,27,2022-07-12 00:14:23.010,2.7,0.012812,-0.256082,-195.31789,0,train
normal,4214,normal_0114,28,2022-07-12 00:14:23.110,2.8,-0.046906,-0.226791,-242.02278,0,train
normal,4215,normal_0114,29,2022-07-12 00:14:23.210,2.9,-0.039027,-0.005947,-241.10272,0,train
normal,4216,normal_0114,30,2022-07-12 00:14:23.310,3.0,0.030512,0.176579,-203.52366,0,train
normal,4217,normal_0114,31,2022-07-12 00:14:23.410,3.1,0.032011,0.221992,-142.42627,0,train
normal,4218,normal_0114,32,2022-07-12 00:14:23.510,3.2,0.033543,-0.028449,-62.296398,0,train
normal,4219,normal_0114,33,2022-07-12 00:14:23.610,3.3,-0.031681,-0.266913,20.020249,0,train
normal,4220,normal_0114,34,2022-07-12 00:14:23.710,3.4,-0.137619,-0.148056,106.60673,0,train
normal,4221,normal_0114,35,2022-07-12 00:14:23.810,3.5,-0.005523,0.142497,177.03929,0,train
normal,4222,normal_0114,36,2022-07-12 00:14:23.910,3.6,0.103979,0.26761,232.94475,0,train
normal,4223,normal_0114,37,2022-07-12 00:14:24.010,3.7,-0.013244,0.07281,250.86489,0,train
normal,4224,normal_0114,38,2022-07-12 00:14:24.110,3.8,0.035212,-0.15606,221.33615,0,train
normal,4225,normal_0114,39,2022-07-12 00:14:24.210,3.9,-0.003253,-0.196841,167.7257,0,train
normal,4226,normal_0114,40,2022-07-12 00:14:24.310,4.0,-0.155012,-0.123408,90.046655,0,train
normal,4227,normal_0114,41,2022-07-12 00:14:24.410,4.1,0.049835,0.174922,7.927538,0,train
normal,4228,normal_0114,42,2022-07-12 00:14:24.510,4.2,0.140809,0.299524,-79.775104,0,train
normal,4229,normal_0114,43,2022-07-12 00:14:24.610,4.3,0.007817,-0.037271,-157.24637,0,train
normal,4230,normal_0114,44,2022-07-12 00:14:24.710,4.4,0.019136,-0.236543,-217.00134,0,train
normal,4231,normal_0114,45,2022-07-12 00:14:24.810,4.5,-0.049404,-0.158819,-250.56401,0,train
normal,4232,normal_0114,46,2022-07-12 00:14:24.910,4.6,-0.093977,0.022549,-232.94332,0,train
normal,4233,normal_0114,47,2022-07-12 00:14:25.010,4.7,0.079183,0.263568,-187.58585,0,train
normal,4234,normal_0114,48,2022-07-12 00:14:25.110,4.8,0.121804,0.166497,-116.86136,0,train
normal,4235,normal_0114,49,2022-07-12 00:14:25.210,4.9,0.002299,-0.167765,-34.753923,0,train
normal,4236,normal_0115,0,2022-07-12 00:14:27.908,0.0,0.008212,-0.052575,184.39963,0,train
normal,4237,normal_0115,1,2022-07-12 00:14:28.008,0.1,0.027524,-0.124577,145.14233,0,train
normal,4238,normal_0115,2,2022-07-12 00:14:28.108,0.2,-0.101041,-0.103619,88.814746,0,train
normal,4239,normal_0115,3,2022-07-12 00:14:28.208,0.3,0.000537,0.101478,26.017907,0,train
normal,4240,normal_0115,4,2022-07-12 00:14:28.308,0.4,0.083745,0.208539,-51.453477,0,train
normal,4241,normal_0115,5,2022-07-12 00:14:28.408,0.5,-0.055366,0.029146,-119.71654,0,train
normal,4242,normal_0115,6,2022-07-12 00:14:28.508,0.6,0.039808,-0.086169,-163.59129,0,train
normal,4243,normal_0115,7,2022-07-12 00:14:28.608,0.7,0.009234,-0.130015,-209.60012,0,train
normal,4244,normal_0115,8,2022-07-12 00:14:28.708,0.8,-0.142491,-0.123374,-195.57121,0,train
normal,4245,normal_0115,9,2022-07-12 00:14:28.808,0.9,0.045201,0.130996,-156.61146,0,train
normal,4246,normal_0115,10,2022-07-12 00:14:28.908,1.0,0.082053,0.192826,-108.55819,0,train
normal,4247,normal_0115,11,2022-07-12 00:14:29.008,1.1,-0.010873,-0.037146,-45.041805,0,train
normal,4248,normal_0115,12,2022-07-12 00:14:29.108,1.2,0.048107,-0.089212,25.419954,0,train
normal,4249,normal_0115,13,2022-07-12 00:14:29.208,1.3,-0.084522,-0.131435,103.41109,0,train
normal,4250,normal_0115,14,2022-07-12 00:14:29.308,1.4,-0.15699,-0.039587,149.48286,0,train
normal,4251,normal_0115,15,2022-07-12 00:14:29.408,1.5,0.067612,0.22088,199.68464,0,train
normal,4252,normal_0115,16,2022-07-12 00:14:29.508,1.6,0.10677,0.099434,209.07881,0,train
normal,4253,normal_0115,17,2022-07-12 00:14:29.608,1.7,0.026093,-0.113099,170.52688,0,train
normal,4254,normal_0115,18,2022-07-12 00:14:29.708,1.8,0.033178,-0.120899,127.86867,0,train
normal,4255,normal_0115,19,2022-07-12 00:14:29.808,1.9,-0.080219,-0.101689,66.282161,0,train
normal,4256,normal_0115,20,2022-07-12 00:14:29.908,2.0,-0.089063,0.077284,1.268029,0,train
normal,4257,normal_0115,21,2022-07-12 00:14:30.008,2.1,0.021484,0.187422,-80.703983,0,train
normal,4258,normal_0115,22,2022-07-12 00:14:30.108,2.2,0.038832,0.004146,-136.08064,0,train
normal,4259,normal_0115,23,2022-07-12 00:14:30.208,2.3,0.053818,-0.113008,-182.85229,0,train
normal,4260,normal_0115,24,2022-07-12 00:14:30.308,2.4,-0.014165,-0.141221,-214.3915,0,train
normal,4261,normal_0115,25,2022-07-12 00:14:30.408,2.5,-0.037565,-0.032548,-183.35333,0,train
normal,4262,normal_0115,26,2022-07-12 00:14:30.508,2.6,0.026865,0.21056,-143.7725,0,train
normal,4263,normal_0115,27,2022-07-12 00:14:30.608,2.7,-0.050223,0.119041,-86.602579,0,train
normal,4264,normal_0115,28,2022-07-12 00:14:30.708,2.8,-0.007376,-0.091846,-22.289517,0,train
normal,4265,normal_0115,29,2022-07-12 00:14:30.808,2.9,0.038264,-0.141857,55.891282,0,train
normal,4266,normal_0115,30,2022-07-12 00:14:30.908,3.0,-0.091447,-0.15279,124.56192,0,train
normal,4267,normal_0115,31,2022-07-12 00:14:31.008,3.1,0.058586,0.066453,167.68255,0,train
normal,4268,normal_0115,32,2022-07-12 00:14:31.108,3.2,0.135289,0.228566,213.27892,0,train
normal,4269,normal_0115,33,2022-07-12 00:14:31.208,3.3,-0.046897,0.043043,199.18253,0,train
normal,4270,normal_0115,34,2022-07-12 00:14:31.308,3.4,0.010948,-0.086396,158.49223,0,train
normal,4271,normal_0115,35,2022-07-12 00:14:31.408,3.5,-0.049678,-0.129856,108.54007,0,train
normal,4272,normal_0115,36,2022-07-12 00:14:31.508,3.6,-0.186497,-0.095036,45.12692,0,train
normal,4273,normal_0115,37,2022-07-12 00:14:31.608,3.7,0.058927,0.162399,-25.803092,0,train
normal,4274,normal_0115,38,2022-07-12 00:14:31.708,3.8,0.146211,0.161491,-104.81633,0,train
normal,4275,normal_0115,39,2022-07-12 00:14:31.808,3.9,0.038048,-0.100962,-150.26571,0,train
normal,4276,normal_0116,0,2022-07-12 00:14:35.936,0.0,0.00184,-0.018074,-85.733782,0,train
normal,4277,normal_0116,1,2022-07-12 00:14:36.036,0.1,-0.013952,-0.073183,-57.748801,0,train
normal,4278,normal_0116,2,2022-07-12 00:14:36.136,0.2,0.034038,0.048116,-16.325476,0,train
normal,4279,normal_0116,3,2022-07-12 00:14:36.236,0.3,-0.023966,0.060434,23.948315,0,train
normal,4280,normal_0116,4,2022-07-12 00:14:36.336,0.4,-0.009491,-0.079438,78.775773,0,train
normal,4281,normal_0116,5,2022-07-12 00:14:36.436,0.5,0.018018,0.011229,106.2838,0,train
normal,4282,normal_0116,6,2022-07-12 00:14:36.536,0.6,-0.078575,0.014658,109.16377,0,train
normal,4283,normal_0116,7,2022-07-12 00:14:36.636,0.7,-0.041927,-0.047297,108.69624,0,train
normal,4284,normal_0116,8,2022-07-12 00:14:36.736,0.8,-0.000419,0.064226,92.654835,0,train
normal,4285,normal_0116,9,2022-07-12 00:14:36.836,0.9,0.005484,0.010741,69.756039,0,train
normal,4286,normal_0116,10,2022-07-12 00:14:36.936,1.0,0.095402,-0.044255,29.744629,0,train
normal,4287,normal_0116,11,2022-07-12 00:14:37.036,1.1,0.030439,0.03674,-9.093047,0,train
normal,4288,normal_0116,12,2022-07-12 00:14:37.136,1.2,-0.040644,-0.048399,-59.962637,0,train
normal,4289,normal_0116,13,2022-07-12 00:14:37.236,1.3,-0.029234,-0.010967,-100.8891,0,train
normal,4290,normal_0116,14,2022-07-12 00:14:37.336,1.4,-0.026521,0.098172,-106.72332,0,train
normal,4291,normal_0116,15,2022-07-12 00:14:37.436,1.5,0.024229,-0.021582,-109.56408,0,train
normal,4292,normal_0116,16,2022-07-12 00:14:37.536,1.6,0.048695,-0.022445,-97.963464,0,train
normal,4293,normal_0116,17,2022-07-12 00:14:37.636,1.7,0.007732,0.012557,-78.863988,0,train
normal,4294,normal_0116,18,2022-07-12 00:14:37.736,1.8,-0.013714,-0.074046,-44.182425,0,train
normal,4295,normal_0116,19,2022-07-12 00:14:37.836,1.9,-0.017075,0.02156,-3.807426,0,train
normal,4296,normal_0116,20,2022-07-12 00:14:37.936,2.0,-0.015224,0.039782,41.377192,0,train
normal,4297,normal_0116,21,2022-07-12 00:14:38.036,2.1,0.052975,-0.038964,92.88932,0,train
normal,4298,normal_0116,22,2022-07-12 00:14:38.136,2.2,0.047503,0.062239,107.18466,0,train
normal,4299,normal_0116,23,2022-07-12 00:14:38.236,2.3,-0.006925,-0.018948,110.25096,0,train
normal,4300,normal_0116,24,2022-07-12 00:14:38.336,2.4,-0.008276,-0.056573,104.33925,0,train
normal,4301,normal_0116,25,2022-07-12 00:14:38.436,2.5,-0.021173,0.111035,86.358915,0,train
normal,4302,normal_0116,26,2022-07-12 00:14:38.536,2.6,0.022435,-0.009366,57.76108,0,train
normal,4303,normal_0117,0,2022-07-12 00:14:43.837,0.0,-0.019091,0.062167,-47.658092,0,train
normal,4304,normal_0117,1,2022-07-12 00:14:43.937,0.1,0.019124,0.205036,20.182254,0,train
normal,4305,normal_0117,2,2022-07-12 00:14:44.037,0.2,-0.05868,-0.032122,93.128335,0,train
normal,4306,normal_0117,3,2022-07-12 00:14:44.137,0.3,0.048529,-0.120337,133.20257,0,train
normal,4307,normal_0117,4,2022-07-12 00:14:44.237,0.4,0.018681,-0.108495,184.25002,0,train
normal,4308,normal_0117,5,2022-07-12 00:14:44.337,0.5,-0.034906,-0.036186,195.04371,0,train
normal,4309,normal_0117,6,2022-07-12 00:14:44.437,0.6,0.088163,0.194001,161.77823,0,train
normal,4310,normal_0117,7,2022-07-12 00:14:44.537,0.7,-0.053514,0.138745,123.58107,0,train
normal,4311,normal_0117,8,2022-07-12 00:14:44.637,0.8,-0.099404,-0.059495,66.940554,0,train
normal,4312,normal_0117,9,2022-07-12 00:14:44.737,0.9,0.056624,-0.0858,4.739523,0,train
normal,4313,normal_0117,10,2022-07-12 00:14:44.837,1.0,-0.091241,-0.153954,-72.42597,0,train
normal,4314,normal_0117,11,2022-07-12 00:14:44.937,1.1,-0.038664,-0.034211,-121.9535,0,train
normal,4315,normal_0117,12,2022-07-12 00:14:45.037,1.2,0.14141,0.191651,-169.18661,0,train
normal,4316,normal_0117,13,2022-07-12 00:14:45.137,1.3,0.014072,0.052619,-198.75064,0,train
normal,4317,normal_0117,14,2022-07-12 00:14:45.237,1.4,0.044964,-0.065603,-173.13018,0,train
normal,4318,normal_0117,15,2022-07-12 00:14:45.337,1.5,0.017149,-0.070905,-138.54839,0,train
normal,4319,normal_0117,16,2022-07-12 00:14:45.437,1.6,-0.190718,-0.110108,-85.351716,0,train
normal,4320,normal_0117,17,2022-07-12 00:14:45.537,1.7,-0.055421,0.12646,-25.673392,0,train
normal,4321,normal_0117,18,2022-07-12 00:14:45.637,1.8,0.076004,0.20532,47.820812,0,train
normal,4322,normal_0117,19,2022-07-12 00:14:45.737,1.9,-0.01002,-0.054329,109.15305,0,train
normal,4323,normal_0117,20,2022-07-12 00:14:45.837,2.0,0.078876,-0.115818,154.96208,0,train
normal,4324,normal_0117,21,2022-07-12 00:14:45.937,2.1,0.053922,-0.117362,196.99969,0,train
normal,4325,normal_0117,22,2022-07-12 00:14:46.037,2.2,-0.056398,-0.037901,185.44187,0,train
normal,4326,normal_0117,23,2022-07-12 00:14:46.137,2.3,0.029478,0.186826,153.1588,0,train
normal,4327,normal_0117,24,2022-07-12 00:14:46.237,2.4,-0.015322,0.094569,105.53314,0,train
normal,4328,normal_0117,25,2022-07-12 00:14:46.337,2.5,-0.015424,-0.063116,46.575909,0,train
normal,4329,normal_0117,26,2022-07-12 00:14:46.437,2.6,0.031942,-0.087481,-21.382454,0,train
normal,4330,normal_0118,0,2022-07-12 00:14:51.621,0.0,-0.014364,-0.029884,81.928382,0,train
normal,4331,normal_0118,1,2022-07-12 00:14:51.721,0.1,0.141392,0.111624,48.523789,0,train
normal,4332,normal_0118,2,2022-07-12 00:14:51.821,0.2,0.028949,0.016211,6.730796,0,train
normal,4333,normal_0118,3,2022-07-12 00:14:51.921,0.3,-0.027057,-0.046528,-35.444979,0,train
normal,4334,normal_0118,4,2022-07-12 00:14:52.021,0.4,0.056923,-0.013296,-88.460456,0,train
normal,4335,normal_0118,5,2022-07-12 00:14:52.121,0.5,-0.063217,-0.097492,-106.00473,0,train
normal,4336,normal_0118,6,2022-07-12 00:14:52.221,0.6,0.003347,0.020275,-109.00868,0,train
normal,4337,normal_0118,7,2022-07-12 00:14:52.321,0.7,0.021002,0.087577,-105.76166,0,train
normal,4338,normal_0118,8,2022-07-12 00:14:52.421,0.8,-0.0765,-0.039818,-88.48251,0,train
normal,4339,normal_0118,9,2022-07-12 00:14:52.521,0.9,0.0131,0.011374,-62.507398,0,train
normal,4340,normal_0118,10,2022-07-12 00:14:52.621,1.0,-0.080054,0.027666,-20.031931,0,train
normal,4341,normal_0118,11,2022-07-12 00:14:52.721,1.1,-0.11979,-0.028828,19.244792,0,train
normal,4342,normal_0118,12,2022-07-12 00:14:52.821,1.2,0.025691,-0.000445,73.203572,0,train
normal,4343,normal_0118,13,2022-07-12 00:14:52.921,1.3,-0.029611,-0.033346,105.69657,0,train
normal,4344,normal_0118,14,2022-07-12 00:14:53.021,1.4,0.060557,-0.028499,108.59252,0,train
normal,4345,normal_0118,15,2022-07-12 00:14:53.121,1.5,0.079971,0.024113,109.95008,0,train
normal,4346,normal_0118,16,2022-07-12 00:14:53.221,1.6,-0.131791,-0.03942,95.259797,0,train
normal,4347,normal_0119,0,2022-07-12 00:14:59.657,0.0,-0.050643,-0.18806,-122.92494,0,train
normal,4348,normal_0119,1,2022-07-12 00:14:59.757,0.1,-0.109952,-0.040059,-177.12226,0,train
normal,4349,normal_0120,0,2022-07-12 00:15:01.577,0.0,0.014702,0.161656,-119.23017,0,train
normal,4350,normal_0120,1,2022-07-12 00:15:01.677,0.1,0.023569,-0.026388,-44.253593,0,train
normal,4351,normal_0120,2,2022-07-12 00:15:01.777,0.2,-0.011887,-0.173583,37.066583,0,train
normal,4352,normal_0120,3,2022-07-12 00:15:01.877,0.3,-0.147241,-0.152807,124.07388,0,train
normal,4353,normal_0120,4,2022-07-12 00:15:01.977,0.4,-0.008992,0.124974,176.21662,0,train
normal,4354,normal_0120,5,2022-07-12 00:15:02.077,0.5,0.105154,0.236792,227.09837,0,train
normal,4355,normal_0120,6,2022-07-12 00:15:02.177,0.6,-0.022207,0.028153,237.6143,0,train
normal,4356,normal_0120,7,2022-07-12 00:15:02.277,0.7,0.054768,-0.1176,193.60497,0,train
normal,4357,normal_0120,8,2022-07-12 00:15:02.377,0.8,-0.019517,-0.17339,141.62804,0,train
normal,4358,normal_0120,9,2022-07-12 00:15:02.477,0.9,-0.207027,-0.121801,69.807895,0,train
normal,4359,normal_0120,10,2022-07-12 00:15:02.577,1.0,0.047422,0.184192,-6.221534,0,train
normal,4360,normal_0120,11,2022-07-12 00:15:02.677,1.1,0.090508,0.252414,-95.300447,0,train
normal,4361,normal_0120,12,2022-07-12 00:15:02.777,1.2,-0.034912,-0.066669,-159.07838,0,train
normal,4362,normal_0120,13,2022-07-12 00:15:02.877,1.3,0.044334,-0.181496,-208.40933,0,train
normal,4363,normal_0120,14,2022-07-12 00:15:02.977,1.4,-0.059106,-0.146801,-239.8999,0,train
normal,4364,normal_0120,15,2022-07-12 00:15:03.077,1.5,-0.102566,-0.002137,-207.91688,0,train
normal,4365,normal_0120,16,2022-07-12 00:15:03.177,1.6,0.056062,0.241561,-160.45572,0,train
normal,4366,normal_0120,17,2022-07-12 00:15:03.277,1.7,0.07786,0.12427,-95.001351,0,train
normal,4367,normal_0120,18,2022-07-12 00:15:03.377,1.8,-0.020289,-0.142112,-20.111444,0,train
normal,4368,normal_0120,19,2022-07-12 00:15:03.477,1.9,-0.024262,-0.163728,65.447457,0,train
normal,4369,normal_0120,20,2022-07-12 00:15:03.577,2.0,-0.017814,-0.075014,141.44065,0,train
normal,4370,normal_0120,21,2022-07-12 00:15:03.677,2.1,-0.052532,0.090051,191.14199,0,train
normal,4371,normal_0120,22,2022-07-12 00:15:03.777,2.2,0.021548,0.211849,236.56967,0,train
normal,4372,normal_0120,23,2022-07-12 00:15:03.877,2.3,0.116405,0.037372,223.35878,0,train
normal,4373,normal_0120,24,2022-07-12 00:15:03.977,2.4,0.031573,-0.174253,177.81152,0,train
normal,4374,normal_0120,25,2022-07-12 00:15:04.077,2.5,-0.090758,-0.176626,119.77829,0,train
normal,4375,normal_0120,26,2022-07-12 00:15:04.177,2.6,-0.026102,-0.004862,46.382314,0,train
normal,4376,normal_0120,27,2022-07-12 00:15:04.277,2.7,0.028916,0.218457,-32.755856,0,train
normal,4377,normal_0120,28,2022-07-12 00:15:04.377,2.8,0.012272,0.189074,-116.97544,0,train
normal,4378,normal_0120,29,2022-07-12 00:15:04.477,2.9,0.079609,-0.070802,-171.38865,0,train
normal,4379,normal_0120,30,2022-07-12 00:15:04.577,3.0,0.036807,-0.220938,-221.93125,0,train
normal,4380,normal_0120,31,2022-07-12 00:15:04.677,3.1,-0.09975,-0.145892,-231.45547,0,train
normal,4381,normal_0120,32,2022-07-12 00:15:04.777,3.2,0.036353,0.114018,-191.33868,0,train
normal,4382,normal_0120,33,2022-07-12 00:15:04.877,3.3,0.119822,0.255627,-141.22094,0,train
normal,4383,normal_0120,34,2022-07-12 00:15:04.977,3.4,-0.053599,0.04801,-71.034202,0,train
normal,4384,normal_0120,35,2022-07-12 00:15:05.077,3.5,0.033673,-0.120631,4.06468,0,train
normal,4385,normal_0120,36,2022-07-12 00:15:05.177,3.6,0.009684,-0.159823,90.178739,0,train
normal,4386,normal_0120,37,2022-07-12 00:15:05.277,3.7,-0.166121,-0.102773,154.42326,0,train
normal,4387,normal_0120,38,2022-07-12 00:15:05.377,3.8,0.069584,0.202494,205.64642,0,train
normal,4388,normal_0120,39,2022-07-12 00:15:05.477,3.9,0.140326,0.212542,235.46675,0,train
normal,4389,normal_0120,40,2022-07-12 00:15:05.577,4.0,-0.009571,-0.111197,205.99833,0,train
normal,4390,normal_0120,41,2022-07-12 00:15:05.677,4.1,0.030971,-0.159471,160.28585,0,train
normal,4391,normal_0120,42,2022-07-12 00:15:05.777,4.2,-0.02684,-0.081156,95.815074,0,train
normal,4392,normal_0120,43,2022-07-12 00:15:05.877,4.3,-0.116667,0.015835,22.757175,0,train
normal,4393,normal_0120,44,2022-07-12 00:15:05.977,4.4,0.012159,0.239256,-59.554703,0,train
normal,4394,normal_0120,45,2022-07-12 00:15:06.077,4.5,0.10328,0.185827,-133.53016,0,train
normal,4395,normal_0120,46,2022-07-12 00:15:06.177,4.6,-0.021208,-0.157132,-185.11345,0,train
normal,4396,normal_0120,47,2022-07-12 00:15:06.277,4.7,-0.043949,-0.219371,-229.4667,0,train
normal,4397,normal_0120,48,2022-07-12 00:15:06.377,4.8,0.031516,-0.018361,-217.14738,0,train
normal,4398,normal_0120,49,2022-07-12 00:15:06.477,4.9,-0.045958,0.09239,-174.7873,0,train
normal,4399,normal_0121,0,2022-07-12 00:15:08.384,0.0,0.030839,-0.006153,72.182068,0,train
normal,4400,normal_0121,1,2022-07-12 00:15:08.484,0.1,0.114058,-0.016212,103.85443,0,train
normal,4401,normal_0121,2,2022-07-12 00:15:08.584,0.2,0.101978,0.059684,107.40913,0,train
normal,4402,normal_0121,3,2022-07-12 00:15:08.684,0.3,0.033053,-0.060445,109.15781,0,train
normal,4403,normal_0121,4,2022-07-12 00:15:08.784,0.4,0.012242,0.017041,94.691049,0,train
normal,4404,normal_0121,5,2022-07-12 00:15:08.884,0.5,-0.026087,0.128826,73.81154,0,train
normal,4405,normal_0121,6,2022-07-12 00:15:08.984,0.6,0.003216,-0.013067,35.348658,0,train
normal,4406,normal_0121,7,2022-07-12 00:15:09.084,0.7,0.046824,0.001874,-3.114939,0,train
normal,4407,normal_0121,8,2022-07-12 00:15:09.184,0.8,-0.017311,-0.021968,-51.155454,0,train
normal,4408,normal_0121,9,2022-07-12 00:15:09.284,0.9,0.023686,-0.08532,-95.945012,0,train
normal,4409,normal_0121,10,2022-07-12 00:15:09.384,1.0,0.053795,0.072025,-104.25581,0,train
normal,4410,normal_0121,11,2022-07-12 00:15:09.484,1.1,-0.00103,0.060331,-108.96767,0,train
normal,4411,normal_0121,12,2022-07-12 00:15:09.584,1.2,0.029261,0.03104,-100.07526,0,train
normal,4412,normal_0121,13,2022-07-12 00:15:09.684,1.3,-0.036918,0.033095,-81.435094,0,train
normal,4413,normal_0121,14,2022-07-12 00:15:09.784,1.4,-0.084749,-0.097161,-48.664456,0,train
normal,4414,normal_0121,15,2022-07-12 00:15:09.884,1.5,0.005634,0.038862,-7.983209,0,train
normal,4415,normal_0121,16,2022-07-12 00:15:09.984,1.6,0.013695,0.104359,33.719305,0,train
normal,4416,normal_0121,17,2022-07-12 00:15:10.084,1.7,0.057314,-0.066394,86.182962,0,train
normal,4417,normal_0121,18,2022-07-12 00:15:10.184,1.8,0.088808,-0.001101,104.6908,0,train
normal,4418,normal_0121,19,2022-07-12 00:15:10.284,1.9,-0.038757,-0.000738,108.57715,0,train
normal,4419,normal_0121,20,2022-07-12 00:15:10.384,2.0,-0.060146,-0.070424,105.75475,0,train
normal,4420,normal_0121,21,2022-07-12 00:15:10.484,2.1,-0.046784,0.014169,89.234124,0,train
normal,4421,normal_0121,22,2022-07-12 00:15:10.584,2.2,-0.076234,0.012012,63.643105,0,train
normal,4422,normal_0121,23,2022-07-12 00:15:10.684,2.3,0.038173,0.03045,22.522571,0,train
normal,4423,normal_0121,24,2022-07-12 00:15:10.784,2.4,0.04461,-0.006562,-15.194299,0,train
normal,4424,normal_0121,25,2022-07-12 00:15:10.884,2.5,-0.017367,-0.116984,-68.227538,0,train
normal,4425,normal_0121,26,2022-07-12 00:15:10.984,2.6,0.027603,0.017314,-100.93941,0,train
normal,4426,normal_0121,27,2022-07-12 00:15:11.084,2.7,-0.01756,0.084593,-105.3244,0,train
normal,4427,normal_0121,28,2022-07-12 00:15:11.184,2.8,-0.026507,-0.046083,-108.26529,0,train
normal,4428,normal_0121,29,2022-07-12 00:15:11.284,2.9,0.005816,-0.022808,-94.436061,0,train
normal,4429,normal_0121,30,2022-07-12 00:15:11.384,3.0,-0.024327,-0.002815,-73.298463,0,train
normal,4430,normal_0121,31,2022-07-12 00:15:11.484,3.1,0.008598,-0.054995,-34.868006,0,train
normal,4431,normal_0121,32,2022-07-12 00:15:11.584,3.2,0.023868,-0.000931,3.667593,0,train
normal,4432,normal_0121,33,2022-07-12 00:15:11.684,3.3,-0.016198,0.003429,51.631099,0,train
normal,4433,normal_0121,34,2022-07-12 00:15:11.784,3.4,0.005793,-0.025567,96.973788,0,train
normal,4434,normal_0121,35,2022-07-12 00:15:11.884,3.5,-0.019536,-0.011819,105.67213,0,train
normal,4435,normal_0121,36,2022-07-12 00:15:11.984,3.6,-0.083477,-0.051998,109.98501,0,train
normal,4436,normal_0121,37,2022-07-12 00:15:12.084,3.7,-0.01328,0.024989,101.05289,0,train
normal,4437,normal_0121,38,2022-07-12 00:15:12.184,3.8,0.016465,0.120163,82.603464,0,train
normal,4438,normal_0121,39,2022-07-12 00:15:12.284,3.9,0.002217,0.01057,50.077921,0,train
normal,4439,normal_0121,40,2022-07-12 00:15:12.384,4.0,0.026093,-0.037136,9.49061,0,train
normal,4440,normal_0121,41,2022-07-12 00:15:12.484,4.1,-0.036543,-0.052486,-32.412056,0,train
normal,4441,normal_0121,42,2022-07-12 00:15:12.584,4.2,-0.039381,-0.078349,-85.193048,0,train
normal,4442,normal_0121,43,2022-07-12 00:15:12.684,4.3,0.015886,0.03356,-103.47987,0,train
normal,4443,normal_0121,44,2022-07-12 00:15:12.784,4.4,-0.003732,0.019789,-107.52155,0,train
normal,4444,normal_0121,45,2022-07-12 00:15:12.884,4.5,0.020848,-0.032016,-105.24072,0,train
normal,4445,normal_0121,46,2022-07-12 00:15:12.984,4.6,0.015466,0.028338,-88.323365,0,train
normal,4446,normal_0121,47,2022-07-12 00:15:13.084,4.7,-0.071613,-0.029984,-62.245376,0,train
normal,4447,normal_0121,48,2022-07-12 00:15:13.184,4.8,-0.057569,-0.006335,-20.401123,0,train
normal,4448,normal_0121,49,2022-07-12 00:15:13.284,4.9,-0.050735,0.069335,18.09633,0,train
normal,4449,normal_0122,0,2022-07-12 00:15:15.740,0.0,0.070335,-0.067539,98.570955,0,train
normal,4450,normal_0122,1,2022-07-12 00:15:15.840,0.1,-0.032367,-0.008309,147.15757,0,train
normal,4451,normal_0122,2,2022-07-12 00:15:15.940,0.2,0.115498,0.165067,166.54744,0,train
normal,4452,normal_0122,3,2022-07-12 00:15:16.040,0.3,0.055859,0.102692,145.5306,0,train
normal,4453,normal_0122,4,2022-07-12 00:15:16.140,0.4,-0.070945,-0.073011,116.85528,0,train
normal,4454,normal_0122,5,2022-07-12 00:15:16.240,0.5,0.040657,-0.085341,72.873839,0,train
normal,4455,normal_0122,6,2022-07-12 00:15:16.340,0.6,-0.007061,-0.025453,26.062492,0,train
normal,4456,normal_0122,7,2022-07-12 00:15:16.440,0.7,-0.00764,0.111763,-34.910802,0,train
normal,4457,normal_0122,8,2022-07-12 00:15:16.540,0.8,0.114453,0.180132,-84.417472,0,train
normal,4458,normal_0122,9,2022-07-12 00:15:16.640,0.9,0.023219,-0.014554,-130.06629,0,train
normal,4459,normal_0122,10,2022-07-12 00:15:16.740,1.0,-0.010001,-0.120321,-165.38956,0,train
normal,4460,normal_0122,11,2022-07-12 00:15:16.840,1.1,0.035866,-0.068879,-152.23743,0,train
normal,4461,normal_0122,12,2022-07-12 00:15:16.940,1.2,-0.033729,0.012274,-127.02312,0,train
normal,4462,normal_0122,13,2022-07-12 00:15:17.040,1.3,-0.036931,0.112796,-87.577353,0,train
normal,4463,normal_0122,14,2022-07-12 00:15:17.140,1.4,-0.002111,0.06677,-41.644221,0,train
normal,4464,normal_0122,15,2022-07-12 00:15:17.240,1.5,-0.019947,-0.041427,15.086772,0,train
normal,4465,normal_0122,16,2022-07-12 00:15:17.340,1.6,0.011298,-0.096399,72.033772,0,train
normal,4466,normal_0122,17,2022-07-12 00:15:17.440,1.7,-0.005358,-0.09439,115.14069,0,train
normal,4467,normal_0122,18,2022-07-12 00:15:17.540,1.8,-0.040734,0.0213,160.75387,0,train
normal,4468,normal_0122,19,2022-07-12 00:15:17.640,1.9,0.02961,0.14622,161.85286,0,train
normal,4469,normal_0122,20,2022-07-12 00:15:17.740,2.0,0.015884,0.038478,137.03634,0,train
normal,4470,normal_0122,21,2022-07-12 00:15:17.840,2.1,-0.03105,-0.092335,102.76748,0,train
normal,4471,normal_0122,22,2022-07-12 00:15:17.940,2.2,-0.009978,-0.092664,56.221969,0,train
normal,4472,normal_0122,23,2022-07-12 00:15:18.040,2.3,-0.085637,-0.054914,4.456878,0,train
normal,4473,normal_0122,24,2022-07-12 00:15:18.140,2.4,-0.057639,0.137875,-57.037837,0,train
normal,4474,normal_0122,25,2022-07-12 00:15:18.240,2.5,0.061808,0.168665,-100.61516,0,train
normal,4475,normal_0122,26,2022-07-12 00:15:18.340,2.6,-0.051997,-0.03835,-148.00741,0,train
normal,4476,normal_0122,27,2022-07-12 00:15:18.440,2.7,-0.062419,-0.125021,-166.78311,0,train
normal,4477,normal_0122,28,2022-07-12 00:15:18.540,2.8,-0.017233,-0.120457,-144.5625,0,train
normal,4478,normal_0122,29,2022-07-12 00:15:18.640,2.9,-0.124022,-0.042721,-115.14832,0,train
normal,4479,normal_0122,30,2022-07-12 00:15:18.740,3.0,0.031143,0.137637,-70.284852,0,train
normal,4480,normal_0122,31,2022-07-12 00:15:18.840,3.1,0.061854,0.092224,-21.896246,0,train
normal,4481,normal_0122,32,2022-07-12 00:15:18.940,3.2,-0.096933,-0.103586,40.27379,0,train
normal,4482,normal_0122,33,2022-07-12 00:15:19.040,3.3,-0.023001,-0.121626,90.243589,0,train
normal,4483,normal_0122,34,2022-07-12 00:15:19.140,3.4,-0.11167,-0.089496,135.27991,0,train
normal,4484,normal_0122,35,2022-07-12 00:15:19.240,3.5,-0.069481,0.082256,170.26343,0,train
normal,4485,normal_0122,36,2022-07-12 00:15:19.340,3.6,0.120959,0.173195,156.07645,0,train
normal,4486,normal_0122,37,2022-07-12 00:15:19.440,3.7,0.00578,-0.075191,128.04152,0,train
normal,4487,normal_0122,38,2022-07-12 00:15:19.540,3.8,0.011048,-0.174998,85.810075,0,train
normal,4488,normal_0122,39,2022-07-12 00:15:19.640,3.9,0.012967,-0.111193,36.918645,0,train
normal,4489,normal_0122,40,2022-07-12 00:15:19.740,4.0,-0.062396,-0.049908,-21.986249,0,train
normal,4490,normal_0122,41,2022-07-12 00:15:19.840,4.1,0.004497,0.121549,-79.242716,0,train
normal,4491,normal_0123,0,2022-07-12 00:15:23.669,0.0,-0.093169,-0.286657,-0.90456,0,train
normal,4492,normal_0123,1,2022-07-12 00:15:23.769,0.1,-0.082939,-0.136987,-91.126095,0,train
normal,4493,normal_0123,2,2022-07-12 00:15:23.869,0.2,-0.066273,0.083096,-167.2882,0,train
normal,4494,normal_0123,3,2022-07-12 00:15:23.969,0.3,-0.03823,0.190884,-227.98779,0,train
normal,4495,normal_0123,4,2022-07-12 00:15:24.069,0.4,0.019603,0.08162,-250.31522,0,train
normal,4496,normal_0123,5,2022-07-12 00:15:24.169,0.5,0.015028,-0.161113,-227.38316,0,train
normal,4497,normal_0123,6,2022-07-12 00:15:24.269,0.6,-0.060199,-0.242561,-178.95069,0,train
normal,4498,normal_0123,7,2022-07-12 00:15:24.369,0.7,-0.046223,-0.047137,-105.76822,0,train
normal,4499,normal_0123,8,2022-07-12 00:15:24.469,0.8,0.085259,0.258345,-25.681976,0,train
normal,4500,normal_0123,9,2022-07-12 00:15:24.569,0.9,0.044558,0.274671,63.566573,0,train
normal,4501,normal_0123,10,2022-07-12 00:15:24.669,1.0,-0.003205,-0.021036,146.07658,0,train
normal,4502,normal_0123,11,2022-07-12 00:15:24.769,1.1,0.032841,-0.158888,212.39033,0,train
normal,4503,normal_0123,12,2022-07-12 00:15:24.869,1.2,-0.072733,-0.160625,250.74318,0,train
normal,4504,normal_0123,13,2022-07-12 00:15:24.969,1.3,0.008818,-0.010353,239.77688,0,train
normal,4505,normal_0123,14,2022-07-12 00:15:25.069,1.4,0.240379,0.323059,199.05117,0,train
normal,4506,normal_0123,15,2022-07-12 00:15:25.169,1.5,0.200983,0.222537,131.38034,0,train
normal,4507,normal_0123,16,2022-07-12 00:15:25.269,1.6,0.059158,-0.14641,52.492148,0,train
normal,4508,normal_0123,17,2022-07-12 00:15:25.369,1.7,0.008205,-0.180482,-34.417037,0,train
normal,4509,normal_0123,18,2022-07-12 00:15:25.469,1.8,-0.082236,-0.093822,-123.71327,0,train
normal,4510,normal_0123,19,2022-07-12 00:15:25.569,1.9,0.027993,0.115373,-195.67063,0,train
normal,4511,normal_0123,20,2022-07-12 00:15:25.669,2.0,0.269818,0.307255,-247.13138,0,train
normal,4512,normal_0123,21,2022-07-12 00:15:25.769,2.1,0.207534,0.026216,-250.50798,0,train
normal,4513,normal_0123,22,2022-07-12 00:15:25.869,2.2,0.108352,-0.209171,-216.16378,0,train
normal,4514,normal_0123,23,2022-07-12 00:15:25.969,2.3,0.05775,-0.120525,-155.50627,0,train
normal,4515,normal_0123,24,2022-07-12 00:15:26.069,2.4,-0.061652,-0.030948,-76.190004,0,train
normal,4516,normal_0123,25,2022-07-12 00:15:26.169,2.5,-0.011187,0.229598,8.886338,0,train
normal,4517,normal_0123,26,2022-07-12 00:15:26.269,2.6,0.153765,0.329303,101.63857,0,train
normal,4518,normal_0123,27,2022-07-12 00:15:26.369,2.7,0.14391,-0.064462,180.28273,0,train
normal,4519,normal_0123,28,2022-07-12 00:15:26.469,2.8,0.037326,-0.260953,240.91688,0,train
normal,4520,normal_0124,0,2022-07-12 00:15:31.742,0.0,0.002368,-0.074276,-107.94128,0,train
normal,4521,normal_0124,1,2022-07-12 00:15:31.842,0.1,-0.046156,-0.00451,-109.1633,0,train
normal,4522,normal_0124,2,2022-07-12 00:15:31.942,0.2,-0.078195,-0.022471,-93.043696,0,train
normal,4523,normal_0124,3,2022-07-12 00:15:32.042,0.3,-0.001867,-0.067748,-71.292766,0,train
normal,4524,normal_0124,4,2022-07-12 00:15:32.142,0.4,0.01413,0.023249,-31.556252,0,train
normal,4525,normal_0124,5,2022-07-12 00:15:32.242,0.5,0.032352,0.007604,6.031872,0,train
normal,4526,normal_0124,6,2022-07-12 00:15:32.342,0.6,0.060201,-0.008052,54.850227,0,train
normal,4527,normal_0124,7,2022-07-12 00:15:32.442,0.7,-0.037573,0.004107,100.12151,0,train
normal,4528,normal_0124,8,2022-07-12 00:15:32.542,0.8,-0.056681,-0.02607,107.4797,0,train
normal,4529,normal_0124,9,2022-07-12 00:15:32.642,0.9,0.001777,0.068117,111.47262,0,train
normal,4530,normal_0124,10,2022-07-12 00:15:32.742,1.0,-0.009349,0.081888,100.53433,0,train
normal,4531,normal_0124,11,2022-07-12 00:15:32.842,1.1,0.059917,-0.044133,81.562886,0,train
normal,4532,normal_0124,12,2022-07-12 00:15:32.942,1.2,0.087154,-0.010357,47.904616,0,train
normal,4533,normal_0124,13,2022-07-12 00:15:33.042,1.3,0.019908,0.001098,7.783652,0,train
normal,4534,normal_0124,14,2022-07-12 00:15:33.142,1.4,0.018523,-0.031928,-33.497457,0,train
normal,4535,normal_0124,15,2022-07-12 00:15:33.242,1.5,-0.0003,0.068219,-86.962472,0,train
normal,4536,normal_0124,16,2022-07-12 00:15:33.342,1.6,0.011155,0.053516,-104.50436,0,train
normal,4537,normal_0124,17,2022-07-12 00:15:33.442,1.7,0.08519,0.002972,-108.78099,0,train
normal,4538,normal_0125,0,2022-07-12 00:15:39.684,0.0,0.028279,0.019187,-5.755664,0,train
normal,4539,normal_0125,1,2022-07-12 00:15:39.784,0.1,0.107967,-0.064055,65.986045,0,train
normal,4540,normal_0125,2,2022-07-12 00:15:39.884,0.2,0.031798,-0.04791,125.11183,0,train
normal,4541,normal_0125,3,2022-07-12 00:15:39.984,0.3,0.018401,0.107482,176.61001,0,train
normal,4542,normal_0125,4,2022-07-12 00:15:40.084,0.4,0.188621,0.210229,205.0648,0,train
normal,4543,normal_0125,5,2022-07-12 00:15:40.184,0.5,0.056094,0.030257,184.50239,0,train
normal,4544,normal_0125,6,2022-07-12 00:15:40.284,0.6,0.081276,-0.084491,145.69797,0,train
normal,4545,normal_0126,0,2022-07-12 00:15:41.948,0.0,0.063025,0.048927,197.79124,0,train
normal,4546,normal_0126,1,2022-07-12 00:15:42.048,0.1,-0.053209,-0.268068,122.05495,0,train
normal,4547,normal_0126,2,2022-07-12 00:15:42.148,0.2,-0.055117,-0.144726,34.187917,0,train
normal,4548,normal_0126,3,2022-07-12 00:15:42.248,0.3,-0.067878,0.056068,-60.759552,0,train
normal,4549,normal_0126,4,2022-07-12 00:15:42.348,0.4,-0.026041,0.186494,-152.12514,0,train
normal,4550,normal_0126,5,2022-07-12 00:15:42.448,0.5,0.00518,0.188549,-219.85379,0,train
normal,4551,normal_0126,6,2022-07-12 00:15:42.548,0.6,-0.040289,-0.126992,-263.64222,0,train
normal,4552,normal_0126,7,2022-07-12 00:15:42.648,0.7,-0.081502,-0.265389,-257.21553,0,train
normal,4553,normal_0126,8,2022-07-12 00:15:42.748,0.8,-0.148872,-0.069624,-214.93402,0,train
normal,4554,normal_0126,9,2022-07-12 00:15:42.848,0.9,-0.041027,0.131544,-148.56126,0,train
normal,4555,normal_0126,10,2022-07-12 00:15:42.948,1.0,0.080725,0.213356,-63.188322,0,train
normal,4556,normal_0126,11,2022-07-12 00:15:43.048,1.1,-0.079481,-0.010235,27.487758,0,train
normal,4557,normal_0126,12,2022-07-12 00:15:43.148,1.2,-0.014211,-0.217217,122.24044,0,train
normal,4558,normal_0126,13,2022-07-12 00:15:43.248,1.3,-0.06479,-0.190707,196.90301,0,train
normal,4559,normal_0126,14,2022-07-12 00:15:43.348,1.4,-0.219898,-0.095351,251.28594,0,train
normal,4560,normal_0126,15,2022-07-12 00:15:43.448,1.5,0.1035,0.207963,263.66082,0,train
normal,4561,normal_0126,16,2022-07-12 00:15:43.548,1.6,0.091829,0.232679,230.67322,0,train
normal,4562,normal_0126,17,2022-07-12 00:15:43.648,1.7,-0.08149,-0.121293,173.93508,0,train
normal,4563,normal_0126,18,2022-07-12 00:15:43.748,1.8,0.00241,-0.179047,93.76527,0,train
normal,4564,normal_0126,19,2022-07-12 00:15:43.848,1.9,-0.182614,-0.122519,7.103206,0,train
normal,4565,normal_0126,20,2022-07-12 00:15:43.948,2.0,-0.150711,0.024892,-87.986003,0,train
normal,4566,normal_0126,21,2022-07-12 00:15:44.048,2.1,0.131281,0.291478,-169.96314,0,train
normal,4567,normal_0126,22,2022-07-12 00:15:44.148,2.2,0.072437,0.086858,-230.42479,0,train
normal,4568,normal_0126,23,2022-07-12 00:15:44.248,2.3,0.031055,-0.233826,-261.11904,0,train
normal,4569,normal_0126,24,2022-07-12 00:15:44.348,2.4,0.037038,-0.135553,-240.0141,0,train
normal,4570,normal_0126,25,2022-07-12 00:15:44.448,2.5,-0.074928,-0.021918,-192.3181,0,train
normal,4571,normal_0126,26,2022-07-12 00:15:44.548,2.6,-0.047771,0.103808,-120.48997,0,train
normal,4572,normal_0126,27,2022-07-12 00:15:44.648,2.7,0.032837,0.262697,-36.555652,0,train
normal,4573,normal_0126,28,2022-07-12 00:15:44.748,2.8,0.076331,0.015662,54.132826,0,train
normal,4574,normal_0126,29,2022-07-12 00:15:44.848,2.9,0.022721,-0.2456,142.38359,0,train
normal,4575,normal_0126,30,2022-07-12 00:15:44.948,3.0,-0.025666,-0.132067,207.28531,0,train
normal,4576,normal_0126,31,2022-07-12 00:15:45.048,3.1,0.04956,0.043863,253.10352,0,train
normal,4577,normal_0126,32,2022-07-12 00:15:45.148,3.2,0.102592,0.226219,249.77854,0,train
normal,4578,normal_0126,33,2022-07-12 00:15:45.248,3.3,0.10124,0.196621,208.82621,0,train
normal,4579,normal_0126,34,2022-07-12 00:15:45.348,3.4,0.056293,-0.134497,146.85716,0,train
normal,4580,normal_0126,35,2022-07-12 00:15:45.448,3.5,-0.004334,-0.244442,66.662796,0,train
normal,4581,normal_0126,36,2022-07-12 00:15:45.548,3.6,-0.062508,-0.090843,-18.884065,0,train
normal,4582,normal_0126,37,2022-07-12 00:15:45.648,3.7,0.101717,0.153672,-112.07904,0,train
normal,4583,normal_0126,38,2022-07-12 00:15:45.748,3.8,0.232598,0.285597,-182.2392,0,train
normal,4584,normal_0126,39,2022-07-12 00:15:45.848,3.9,0.047063,0.017047,-235.49142,0,train
normal,4585,normal_0126,40,2022-07-12 00:15:45.948,4.0,0.054556,-0.165082,-253.15228,0,train
normal,4586,normal_0126,41,2022-07-12 00:15:46.048,4.1,-0.022022,-0.112823,-219.75579,0,train
normal,4587,normal_0126,42,2022-07-12 00:15:46.148,4.2,-0.196033,-0.080875,-167.69244,0,train
normal,4588,normal_0126,43,2022-07-12 00:15:46.248,4.3,0.082791,0.21993,-92.875969,0,train
normal,4589,normal_0126,44,2022-07-12 00:15:46.348,4.4,0.192419,0.255692,-10.469199,0,train
normal,4590,normal_0126,45,2022-07-12 00:15:46.448,4.5,0.057349,-0.165275,81.510315,0,train
normal,4591,normal_0126,46,2022-07-12 00:15:46.548,4.6,0.089762,-0.167512,160.6666,0,train
normal,4592,normal_0126,47,2022-07-12 00:15:46.648,4.7,-0.041095,-0.031875,216.31041,0,train
normal,4593,normal_0126,48,2022-07-12 00:15:46.748,4.8,-0.135952,0.031227,252.91899,0,train
normal,4594,normal_0126,49,2022-07-12 00:15:46.848,4.9,-0.000871,0.292511,233.089,0,train
normal,4595,normal_0127,0,2022-07-12 00:15:48.726,0.0,0.003139,-0.008526,-65.563806,0,train
normal,4596,normal_0127,1,2022-07-12 00:15:48.826,0.1,0.034849,0.054723,-100.78157,0,train
normal,4597,normal_0127,2,2022-07-12 00:15:48.926,0.2,-0.086745,-0.028303,-106.55238,0,train
normal,4598,normal_0127,3,2022-07-12 00:15:49.026,0.3,-0.038334,-0.092722,-108.47367,0,train
normal,4599,normal_0127,4,2022-07-12 00:15:49.126,0.4,-0.030342,0.055495,-94.115745,0,train
normal,4600,normal_0127,5,2022-07-12 00:15:49.226,0.5,0.001777,0.037704,-73.555001,0,train
normal,4601,normal_0127,6,2022-07-12 00:15:49.326,0.6,0.100107,-0.058844,-35.207276,0,train
normal,4602,normal_0127,7,2022-07-12 00:15:49.426,0.7,0.00424,-0.010524,2.618909,0,train
normal,4603,normal_0127,8,2022-07-12 00:15:49.526,0.8,-0.023609,0.004008,50.862914,0,train
normal,4604,normal_0127,9,2022-07-12 00:15:49.626,0.9,0.000142,-0.010479,98.387372,0,train
normal,4605,normal_0127,10,2022-07-12 00:15:49.726,1.0,-0.049495,-0.005461,107.58211,0,train
normal,4606,normal_0127,11,2022-07-12 00:15:49.826,1.1,-0.021566,0.018869,110.80278,0,train
normal,4607,normal_0127,12,2022-07-12 00:15:49.926,1.2,0.0289,0.043245,100.33835,0,train
normal,4608,normal_0127,13,2022-07-12 00:15:50.026,1.3,0.013073,-0.046105,81.481586,0,train
normal,4609,normal_0127,14,2022-07-12 00:15:50.126,1.4,-0.034849,-0.073342,47.730213,0,train
normal,4610,normal_0127,15,2022-07-12 00:15:50.226,1.5,-0.018023,0.101646,6.739379,0,train
normal,4611,normal_0127,16,2022-07-12 00:15:50.326,1.6,0.023882,0.077373,-34.029369,0,train
normal,4612,normal_0127,17,2022-07-12 00:15:50.426,1.7,-0.014527,-0.074602,-88.174711,0,train
normal,4613,normal_0127,18,2022-07-12 00:15:50.526,1.8,-0.001561,-0.000284,-106.64059,0,train
normal,4614,normal_0127,19,2022-07-12 00:15:50.626,1.9,0.007476,-0.009321,-109.14565,0,train
normal,4615,normal_0127,20,2022-07-12 00:15:50.726,2.0,0.015185,-0.067574,-104.43593,0,train
normal,4616,normal_0127,21,2022-07-12 00:15:50.826,2.1,0.084905,0.02458,-86.521517,0,train
normal,4617,normal_0127,22,2022-07-12 00:15:50.926,2.2,0.057226,0.022048,-60.297973,0,train
normal,4618,normal_0127,23,2022-07-12 00:15:51.026,2.3,0.038607,0.006279,-17.65156,0,train
normal,4619,normal_0127,24,2022-07-12 00:15:51.126,2.4,-0.03058,-0.004348,19.181969,0,train
normal,4620,normal_0127,25,2022-07-12 00:15:51.226,2.5,-0.117943,-0.035263,73.012838,0,train
normal,4621,normal_0127,26,2022-07-12 00:15:51.326,2.6,-0.021145,0.087886,106.28904,0,train
normal,4622,normal_0127,27,2022-07-12 00:15:51.426,2.7,0.034962,0.082345,108.85621,0,train
normal,4623,normal_0127,28,2022-07-12 00:15:51.526,2.8,0.052117,-0.019005,109.20693,0,train
normal,4624,normal_0127,29,2022-07-12 00:15:51.626,2.9,0.097621,0.006676,93.355548,0,train
normal,4625,normal_0127,30,2022-07-12 00:15:51.726,3.0,0.042251,-0.046071,71.845778,0,train
normal,4626,normal_0127,31,2022-07-12 00:15:51.826,3.1,-0.000448,-0.006937,30.19679,0,train
normal,4627,normal_0127,32,2022-07-12 00:15:51.926,3.2,-0.012937,0.076521,-8.44443,0,train
normal,4628,normal_0127,33,2022-07-12 00:15:52.026,3.3,-0.032624,-0.050442,-56.370146,0,train
normal,4629,normal_0127,34,2022-07-12 00:15:52.126,3.4,0.024608,-0.029007,-102.5802,0,train
normal,4630,normal_0127,35,2022-07-12 00:15:52.226,3.5,0.04216,0.065089,-108.32502,0,train
normal,4631,normal_0127,36,2022-07-12 00:15:52.326,3.6,0.003014,-0.015588,-110.19589,0,train
normal,4632,normal_0127,37,2022-07-12 00:15:52.426,3.7,-0.009747,0.021503,-97.72135,0,train
normal,4633,normal_0127,38,2022-07-12 00:15:52.526,3.8,-0.044885,0.036308,-77.592263,0,train
normal,4634,normal_0127,39,2022-07-12 00:15:52.626,3.9,-0.030024,-0.034684,-41.893368,0,train
normal,4635,normal_0127,40,2022-07-12 00:15:52.726,4.0,0.009088,0.017098,0.881672,0,train
normal,4636,normal_0127,41,2022-07-12 00:15:52.826,4.1,-0.011711,-0.040383,41.975146,0,train
normal,4637,normal_0127,42,2022-07-12 00:15:52.926,4.2,-0.005228,-0.053519,96.184265,0,train
normal,4638,normal_0127,43,2022-07-12 00:15:53.026,4.3,0.011949,0.084979,111.95327,0,train
normal,4639,normal_0127,44,2022-07-12 00:15:53.126,4.4,-0.0138,0.005098,111.90142,0,train
normal,4640,normal_0127,45,2022-07-12 00:15:53.226,4.5,0.001868,-0.058299,105.21187,0,train
normal,4641,normal_0127,46,2022-07-12 00:15:53.326,4.6,-0.001493,0.015089,85.866223,0,train
normal,4642,normal_0127,47,2022-07-12 00:15:53.426,4.7,-0.039481,-0.05017,57.480938,0,train
normal,4643,normal_0127,48,2022-07-12 00:15:53.526,4.8,-0.012699,-0.038272,12.252213,0,train
normal,4644,normal_0127,49,2022-07-12 00:15:53.626,4.9,-0.029354,0.023513,-25.841597,0,train
normal,4645,normal_0128,0,2022-07-12 00:15:55.785,0.0,-0.064767,-0.110812,-78.610072,0,train
normal,4646,normal_0128,1,2022-07-12 00:15:55.885,0.1,-0.086133,-0.264705,-31.320695,0,train
normal,4647,normal_0128,2,2022-07-12 00:15:55.985,0.2,0.04704,0.115436,30.100588,0,train
normal,4648,normal_0128,3,2022-07-12 00:15:56.085,0.3,0.148584,0.201051,82.427273,0,train
normal,4649,normal_0128,4,2022-07-12 00:15:56.185,0.4,0.18949,0.124224,125.79466,0,train
normal,4650,normal_0128,5,2022-07-12 00:15:56.285,0.5,0.095916,-0.055419,166.10326,0,train
normal,4651,normal_0128,6,2022-07-12 00:15:56.385,0.6,-0.09961,-0.169519,156.38782,0,train
normal,4652,normal_0128,7,2022-07-12 00:15:56.485,0.7,-0.162836,-0.017272,131.63067,0,train
normal,4653,normal_0128,8,2022-07-12 00:15:56.585,0.8,-0.033352,0.227697,94.708692,0,train
normal,4654,normal_0128,9,2022-07-12 00:15:56.685,0.9,0.089309,0.251233,49.130446,0,train
normal,4655,normal_0128,10,2022-07-12 00:15:56.785,1.0,0.032088,-0.055828,-5.51498,0,train
normal,4656,normal_0128,11,2022-07-12 00:15:56.885,1.1,0.104885,-0.243792,-64.597734,0,train
normal,4657,normal_0128,12,2022-07-12 00:15:56.985,1.2,0.025412,-0.129442,-106.14289,0,train
normal,4658,normal_0128,13,2022-07-12 00:15:57.085,1.3,-0.01194,0.099996,-153.93545,0,train
normal,4659,normal_0128,14,2022-07-12 00:15:57.185,1.4,0.118032,0.189948,-161.74545,0,train
normal,4660,normal_0128,15,2022-07-12 00:15:57.285,1.5,-0.122146,0.104253,-138.79551,0,train
normal,4661,normal_0128,16,2022-07-12 00:15:57.385,1.6,-0.088915,-0.179181,-109.11311,0,train
normal,4662,normal_0128,17,2022-07-12 00:15:57.485,1.7,0.037016,-0.140296,-64.020164,0,train
normal,4663,normal_0128,18,2022-07-12 00:15:57.585,1.8,-0.008625,0.098895,-14.633419,0,train
normal,4664,normal_0128,19,2022-07-12 00:15:57.685,1.9,0.069997,0.160747,46.984678,0,train
normal,4665,normal_0128,20,2022-07-12 00:15:57.785,2.0,0.018453,0.094433,92.130553,0,train
normal,4666,normal_0128,21,2022-07-12 00:15:57.885,2.1,-0.176653,-0.115376,139.01521,0,train
normal,4667,normal_0128,22,2022-07-12 00:15:57.985,2.2,-0.017968,-0.173754,164.23728,0,train
normal,4668,normal_0128,23,2022-07-12 00:15:58.085,2.3,0.049856,-0.04452,146.11377,0,train
normal,4669,normal_0128,24,2022-07-12 00:15:58.185,2.4,-0.106263,0.068877,121.01819,0,train
normal,4670,normal_0128,25,2022-07-12 00:15:58.285,2.5,0.030817,0.140289,80.087433,0,train
normal,4671,normal_0128,26,2022-07-12 00:15:58.385,2.6,-0.077845,0.043309,34.866337,0,train
normal,4672,normal_0128,27,2022-07-12 00:15:58.485,2.7,-0.08233,-0.104113,-23.05341,0,train
normal,4673,normal_0128,28,2022-07-12 00:15:58.585,2.8,0.075435,-0.072903,-74.139246,0,train
normal,4674,normal_0128,29,2022-07-12 00:15:58.685,2.9,-0.074598,-0.087503,-118.45256,0,train
normal,4675,normal_0128,30,2022-07-12 00:15:58.785,3.0,0.000186,0.035566,-157.4048,0,train
normal,4676,normal_0128,31,2022-07-12 00:15:58.885,3.1,0.051457,0.131501,-150.70011,0,train
normal,4677,normal_0128,32,2022-07-12 00:15:58.985,3.2,-0.076494,-0.069531,-129.02428,0,train
normal,4678,normal_0128,33,2022-07-12 00:15:59.085,3.3,0.031827,-0.090807,-94.190728,0,train
normal,4679,normal_0128,34,2022-07-12 00:15:59.185,3.4,-0.07545,-0.065705,-49.15393,0,train
normal,4680,normal_0128,35,2022-07-12 00:15:59.285,3.5,-0.132216,0.005185,3.698349,0,train
normal,4681,normal_0128,36,2022-07-12 00:15:59.385,3.6,0.097086,0.157546,60.284145,0,train
normal,4682,normal_0128,37,2022-07-12 00:15:59.485,3.7,-0.004503,-0.00937,105.0135,0,train
normal,4683,normal_0128,38,2022-07-12 00:15:59.585,3.8,0.060835,-0.14704,149.3875,0,train
normal,4684,normal_0128,39,2022-07-12 00:15:59.685,3.9,0.114615,-0.124322,157.09295,0,train
normal,4685,normal_0128,40,2022-07-12 00:15:59.785,4.0,-0.140095,-0.125503,137.85948,0,train
normal,4686,normal_0128,41,2022-07-12 00:15:59.885,4.1,-0.036327,0.072362,107.49031,0,train
normal,4687,normal_0128,42,2022-07-12 00:15:59.985,4.2,-0.001279,0.191776,63.085802,0,train
normal,4688,normal_0128,43,2022-07-12 00:16:00.085,4.3,-0.033329,0.000825,13.870837,0,train
normal,4689,normal_0128,44,2022-07-12 00:16:00.185,4.4,0.062208,-0.038684,-44.298058,0,train
normal,4690,normal_0128,45,2022-07-12 00:16:00.285,4.5,0.012776,-0.090591,-92.347752,0,train
normal,4691,normal_0128,46,2022-07-12 00:16:00.385,4.6,0.003183,-0.114978,-138.82627,0,train
normal,4692,normal_0128,47,2022-07-12 00:16:00.485,4.7,-0.010214,0.08115,-160.25629,0,train
normal,4693,normal_0129,0,2022-07-12 00:16:03.804,0.0,-0.100041,0.00144,-26.335243,0,train
normal,4694,normal_0129,1,2022-07-12 00:16:03.904,0.1,-0.028958,-0.21392,62.278159,0,train
normal,4695,normal_0129,2,2022-07-12 00:16:04.004,0.2,-0.030604,-0.166032,146.17838,0,train
normal,4696,normal_0129,3,2022-07-12 00:16:04.104,0.3,-0.093774,-0.017588,191.6733,0,train
normal,4697,normal_0129,4,2022-07-12 00:16:04.204,0.4,0.127479,0.181299,241.09581,0,train
normal,4698,normal_0129,5,2022-07-12 00:16:04.304,0.5,0.128852,0.179925,235.76048,0,train
normal,4699,normal_0129,6,2022-07-12 00:16:04.404,0.6,0.002286,-0.086048,186.06784,0,train
normal,4700,normal_0129,7,2022-07-12 00:16:04.504,0.7,0.005068,-0.180825,128.9189,0,train
normal,4701,normal_0129,8,2022-07-12 00:16:04.604,0.8,-0.131648,-0.12214,52.802092,0,train
normal,4702,normal_0129,9,2022-07-12 00:16:04.704,0.9,-0.092321,0.076917,-29.043797,0,train
normal,4703,normal_0129,10,2022-07-12 00:16:04.804,1.0,0.142805,0.255299,-121.65941,0,train
normal,4704,normal_0129,11,2022-07-12 00:16:04.904,1.1,0.086028,0.057923,-174.41346,0,train
normal,4705,normal_0129,12,2022-07-12 00:16:05.004,1.2,0.041012,-0.177521,-222.99936,0,train
normal,4706,normal_0129,13,2022-07-12 00:16:05.104,1.3,0.077876,-0.120017,-243.19091,0,train
normal,4707,normal_0129,14,2022-07-12 00:16:05.204,1.4,-0.065561,-0.025796,-199.21556,0,train
normal,4708,normal_0129,15,2022-07-12 00:16:05.304,1.5,-0.04047,0.115234,-148.649,0,train
normal,4709,normal_0129,16,2022-07-12 00:16:05.404,1.6,0.082463,0.237157,-78.167925,0,train
normal,4710,normal_0129,17,2022-07-12 00:16:05.504,1.7,0.073903,-0.021391,-0.449538,0,train
normal,4711,normal_0129,18,2022-07-12 00:16:05.604,1.8,0.055908,-0.226942,93.33254,0,train
normal,4712,normal_0129,19,2022-07-12 00:16:05.704,1.9,-0.001188,-0.095903,160.98907,0,train
normal,4713,normal_0129,20,2022-07-12 00:16:05.804,2.0,-0.007614,0.069276,205.48763,0,train
normal,4714,normal_0129,21,2022-07-12 00:16:05.904,2.1,0.049141,0.220831,246.56454,0,train
normal,4715,normal_0129,22,2022-07-12 00:16:06.004,2.2,0.047279,0.146478,217.74605,0,train
normal,4716,normal_0129,23,2022-07-12 00:16:06.104,2.3,0.033542,-0.11417,167.45879,0,train
normal,4717,normal_0129,24,2022-07-12 00:16:06.204,2.4,-0.021715,-0.202044,103.44352,0,train
normal,4718,normal_0129,25,2022-07-12 00:16:06.304,2.5,-0.091004,-0.084197,27.060154,0,train
normal,4719,normal_0129,26,2022-07-12 00:16:06.404,2.6,0.04729,0.145729,-61.277158,0,train
normal,4720,normal_0129,27,2022-07-12 00:16:06.504,2.7,0.112958,0.216426,-144.03619,0,train
normal,4721,normal_0129,28,2022-07-12 00:16:06.604,2.8,-0.026029,-0.0093,-186.95297,0,train
normal,4722,normal_0129,29,2022-07-12 00:16:06.704,2.9,0.035108,-0.1687,-236.73704,0,train
normal,4723,normal_0129,30,2022-07-12 00:16:06.804,3.0,-0.058022,-0.139624,-231.25079,0,train
normal,4724,normal_0129,31,2022-07-12 00:16:06.904,3.1,-0.167695,-0.018417,-181.67021,0,train
normal,4725,normal_0129,32,2022-07-12 00:16:07.004,3.2,0.075594,0.234103,-126.77337,0,train
normal,4726,normal_0129,33,2022-07-12 00:16:07.104,3.3,0.061119,0.1475,-52.110678,0,train
normal,4727,normal_0129,34,2022-07-12 00:16:07.204,3.4,-0.0278,-0.156007,29.632691,0,train
normal,4728,normal_0129,35,2022-07-12 00:16:07.304,3.5,0.053716,-0.133618,122.36418,0,train
normal,4729,normal_0130,0,2022-07-12 00:16:11.955,0.0,0.066792,0.032888,10.276915,0,train
normal,4730,normal_0130,1,2022-07-12 00:16:12.055,0.1,-0.055698,-0.052375,59.531696,0,train
normal,4731,normal_0130,2,2022-07-12 00:16:12.155,0.2,-0.057958,-0.079668,108.70637,0,train
normal,4732,normal_0130,3,2022-07-12 00:16:12.255,0.3,0.09689,0.134273,114.31028,0,train
normal,4733,normal_0130,4,2022-07-12 00:16:12.355,0.4,-0.048523,-0.046994,114.92635,0,train
normal,4734,normal_0130,5,2022-07-12 00:16:12.455,0.5,-0.058264,-0.137366,103.37521,0,train
normal,4735,normal_0130,6,2022-07-12 00:16:12.555,0.6,0.023525,0.136373,82.095871,0,train
normal,4736,normal_0130,7,2022-07-12 00:16:12.655,0.7,-0.051157,0.045592,47.201758,0,train
normal,4737,normal_0130,8,2022-07-12 00:16:12.755,0.8,0.086592,-0.044133,5.073071,0,train
normal,4738,normal_0130,9,2022-07-12 00:16:12.855,0.9,0.026136,0.016187,-36.325221,0,train
normal,4739,normal_0130,10,2022-07-12 00:16:12.955,1.0,-0.093039,-0.067532,-92.382442,0,train
normal,4740,normal_0130,11,2022-07-12 00:16:13.055,1.1,0.079599,0.008581,-111.30322,0,train
normal,4741,normal_0130,12,2022-07-12 00:16:13.155,1.2,-0.006913,0.027461,-112.13781,0,train
normal,4742,normal_0130,13,2022-07-12 00:16:13.255,1.3,-0.009252,-0.045166,-108.29569,0,train
normal,4743,normal_0130,14,2022-07-12 00:16:13.355,1.4,0.136479,0.062009,-89.624296,0,train
normal,4744,normal_0130,15,2022-07-12 00:16:13.455,1.5,-0.058446,-0.024685,-62.877305,0,train
normal,4745,normal_0130,16,2022-07-12 00:16:13.555,1.6,-0.081867,-0.072164,-20.868185,0,train
normal,4746,normal_0130,17,2022-07-12 00:16:13.655,1.7,0.002533,0.088905,16.951086,0,train
normal,4747,normal_0130,18,2022-07-12 00:16:13.755,1.8,-0.090859,0.016346,71.994671,0,train
normal,4748,normal_0130,19,2022-07-12 00:16:13.855,1.9,0.083913,-0.019246,107.94081,0,train
normal,4749,normal_0131,0,2022-07-12 00:16:19.994,0.0,-0.014913,0.027316,116.60053,0,train
normal,4750,normal_0131,1,2022-07-12 00:16:20.094,0.1,-0.059383,-0.060751,89.299093,0,train
normal,4751,normal_0131,2,2022-07-12 00:16:20.194,0.2,0.070453,-0.057765,56.792504,0,train
normal,4752,normal_0131,3,2022-07-12 00:16:20.294,0.3,-0.077673,-0.058776,9.695889,0,train
normal,4753,normal_0131,4,2022-07-12 00:16:20.394,0.4,-0.036336,0.056199,-39.174323,0,train
normal,4754,normal_0131,5,2022-07-12 00:16:20.494,0.5,0.033305,0.045924,-80.927858,0,train
normal,4755,normal_0131,6,2022-07-12 00:16:20.594,0.6,-0.091479,-0.119902,-128.79409,0,train
normal,4756,normal_0132,0,2022-07-12 00:16:29.364,0.0,0.007472,0.093288,-52.963025,0,train
normal,4757,normal_0132,1,2022-07-12 00:16:29.464,0.1,0.016771,0.080697,-14.421107,0,train
normal,4758,normal_0132,2,2022-07-12 00:16:29.564,0.2,0.036753,-0.031496,27.881983,0,train
normal,4759,normal_0132,3,2022-07-12 00:16:29.664,0.3,0.059425,-0.031496,80.607662,0,train
normal,4760,normal_0132,4,2022-07-12 00:16:29.764,0.4,0.028306,-0.046879,102.2792,0,train
normal,4761,normal_0132,5,2022-07-12 00:16:29.864,0.5,0.051682,-0.006553,108.7283,0,train
normal,4762,normal_0132,6,2022-07-12 00:16:29.964,0.6,0.006337,0.073454,106.07148,0,train
normal,4763,normal_0132,7,2022-07-12 00:16:30.064,0.7,0.007211,-0.002114,90.487491,0,train
normal,4764,normal_0132,8,2022-07-12 00:16:30.164,0.8,0.065454,-0.030258,65.665253,0,train
normal,4765,normal_0132,9,2022-07-12 00:16:30.264,0.9,0.01039,0.030868,26.250246,0,train
normal,4766,normal_0132,10,2022-07-12 00:16:30.364,1.0,0.007802,0.020661,-11.980058,0,train
normal,4767,normal_0132,11,2022-07-12 00:16:30.464,1.1,0.009516,0.032151,-65.178521,0,train
normal,4768,normal_0132,12,2022-07-12 00:16:30.564,1.2,-0.03248,0.046547,-98.683965,0,train
normal,4769,normal_0132,13,2022-07-12 00:16:30.664,1.3,0.024105,0.010568,-105.75951,0,train
normal,4770,normal_0132,14,2022-07-12 00:16:30.764,1.4,0.03883,0.02099,-108.03093,0,train
normal,4771,normal_0132,15,2022-07-12 00:16:30.864,1.5,0.026977,-0.008006,-93.776356,0,train
normal,4772,normal_0132,16,2022-07-12 00:16:30.964,1.6,0.037649,-0.043428,-72.57522,0,train
normal,4773,normal_0132,17,2022-07-12 00:16:31.064,1.7,-0.002973,0.063997,-33.004288,0,train
normal,4774,normal_0132,18,2022-07-12 00:16:31.164,1.8,0.006371,0.048533,5.944849,0,train
normal,4775,normal_0132,19,2022-07-12 00:16:31.264,1.9,0.016226,-0.030065,54.780013,0,train
normal,4776,normal_0132,20,2022-07-12 00:16:31.364,2.0,0.009913,0.03282,99.767101,0,train
normal,4777,normal_0132,21,2022-07-12 00:16:31.464,2.1,-0.010647,-0.015885,107.7428,0,train
normal,4778,normal_0132,22,2022-07-12 00:16:31.564,2.2,-0.04423,-0.049207,110.54887,0,train
normal,4779,normal_0132,23,2022-07-12 00:16:31.664,2.3,-0.02267,0.038543,98.90188,0,train
normal,4780,normal_0132,24,2022-07-12 00:16:31.764,2.4,0.021812,0.023329,79.119215,0,train
normal,4781,normal_0132,25,2022-07-12 00:16:31.864,2.5,0.047799,0.007366,43.133979,0,train
normal,4782,normal_0132,26,2022-07-12 00:16:31.964,2.6,-0.025634,-0.000672,0.306726,0,train
normal,4783,normal_0132,27,2022-07-12 00:16:32.064,2.7,-0.053801,-0.070903,-42.001372,0,train
normal,4784,normal_0132,28,2022-07-12 00:16:32.164,2.8,-0.033797,0.00664,-94.712388,0,train
normal,4785,normal_0132,29,2022-07-12 00:16:32.264,2.9,-0.013894,0.060182,-109.86568,0,train
normal,4786,normal_0132,30,2022-07-12 00:16:32.364,3.0,0.075887,-0.047901,-110.86465,0,train
normal,4787,normal_0132,31,2022-07-12 00:16:32.464,3.1,0.048435,-0.052647,-104.34104,0,train
normal,4788,normal_0132,32,2022-07-12 00:16:32.564,3.2,-0.030743,-0.011673,-84.300528,0,train
normal,4789,normal_0132,33,2022-07-12 00:16:32.664,3.3,-0.030107,-0.00594,-54.222709,0,train
normal,4790,normal_0132,34,2022-07-12 00:16:32.764,3.4,-0.056458,-0.002976,-8.244396,0,train
normal,4791,normal_0132,35,2022-07-12 00:16:32.864,3.5,-0.076882,0.008059,31.170968,0,train
normal,4792,normal_0132,36,2022-07-12 00:16:32.964,3.6,-0.006276,0.025804,84.857236,0,train
normal,4793,normal_0132,37,2022-07-12 00:16:33.064,3.7,0.000275,-0.023321,113.22225,0,train
normal,4794,normal_0132,38,2022-07-12 00:16:33.164,3.8,-0.043027,-0.074684,112.46039,0,train
normal,4795,normal_0132,39,2022-07-12 00:16:33.264,3.9,-0.02703,0.029676,110.10064,0,train
normal,4796,normal_0132,40,2022-07-12 00:16:33.364,4.0,-0.010897,0.098828,91.491949,0,train
normal,4797,normal_0132,41,2022-07-12 00:16:33.464,4.1,-0.007923,-0.037933,67.217,0,train
normal,4798,normal_0132,42,2022-07-12 00:16:33.564,4.2,-0.01621,-0.067474,23.929718,0,train
normal,4799,normal_0132,43,2022-07-12 00:16:33.664,4.3,-0.019321,-0.02331,-16.030671,0,train
normal,4800,normal_0132,44,2022-07-12 00:16:33.764,4.4,-0.03609,-0.058324,-64.570911,0,train
normal,4801,normal_0132,45,2022-07-12 00:16:33.864,4.5,0.004475,-0.022811,-107.296,0,train
normal,4802,normal_0132,46,2022-07-12 00:16:33.964,4.6,0.024264,0.022171,-110.92605,0,train
normal,4803,normal_0132,47,2022-07-12 00:16:34.064,4.7,-0.012294,0.004528,-111.82977,0,train
normal,4804,normal_0132,48,2022-07-12 00:16:34.164,4.8,-0.014769,-0.029384,-98.855984,0,train
normal,4805,normal_0132,49,2022-07-12 00:16:34.264,4.9,-0.061987,-0.054361,-77.906499,0,train
normal,4806,normal_0133,0,2022-07-12 00:16:36.267,0.0,-0.050284,0.005854,87.834965,0,train
normal,4807,normal_0133,1,2022-07-12 00:16:36.367,0.1,0.052315,0.141991,136.22321,0,train
normal,4808,normal_0133,2,2022-07-12 00:16:36.467,0.2,0.01309,0.08896,165.15901,0,train
normal,4809,normal_0133,3,2022-07-12 00:16:36.567,0.3,-0.125046,-0.05786,152.69305,0,train
normal,4810,normal_0133,4,2022-07-12 00:16:36.667,0.4,0.021185,-0.111981,125.605,0,train
normal,4811,normal_0133,5,2022-07-12 00:16:36.767,0.5,-0.003293,-0.088457,82.992325,0,train
normal,4812,normal_0133,6,2022-07-12 00:16:36.867,0.6,-0.030995,0.0502,36.872391,0,train
normal,4813,normal_0133,7,2022-07-12 00:16:36.967,0.7,0.108162,0.144455,-20.209196,0,train
normal,4814,normal_0133,8,2022-07-12 00:16:37.067,0.8,-0.001079,0.026506,-75.613865,0,train
normal,4815,normal_0133,9,2022-07-12 00:16:37.167,0.9,-0.079122,-0.076695,-123.97625,0,train
normal,4816,normal_0133,10,2022-07-12 00:16:37.267,1.0,0.018675,-0.078591,-163.47971,0,train
normal,4817,normal_0133,11,2022-07-12 00:16:37.367,1.1,-0.050682,-0.036936,-161.11662,0,train
normal,4818,normal_0133,12,2022-07-12 00:16:37.467,1.2,-0.020743,0.107432,-136.9939,0,train
normal,4819,normal_0133,13,2022-07-12 00:16:37.567,1.3,0.106027,0.132477,-97.058189,0,train
normal,4820,normal_0133,14,2022-07-12 00:16:37.667,1.4,0.001032,-0.022994,-47.945744,0,train
normal,4821,normal_0133,15,2022-07-12 00:16:37.767,1.5,0.009252,-0.091455,7.171036,0,train
normal,4822,normal_0133,16,2022-07-12 00:16:37.867,1.6,0.022172,-0.10375,66.417106,0,train
normal,4823,normal_0133,17,2022-07-12 00:16:37.967,1.7,-0.097162,-0.037129,116.5507,0,train
normal,4824,normal_0133,18,2022-07-12 00:16:38.067,1.8,-0.005609,0.13166,161.66379,0,train
normal,4825,normal_0133,19,2022-07-12 00:16:38.167,1.9,0.037885,0.094943,171.48664,0,train
normal,4826,normal_0133,20,2022-07-12 00:16:38.267,2.0,0.021854,-0.061618,150.80358,0,train
normal,4827,normal_0133,21,2022-07-12 00:16:38.367,2.1,0.054722,-0.117011,113.60122,0,train
normal,4828,normal_0133,22,2022-07-12 00:16:38.467,2.2,-0.043484,-0.123176,63.990005,0,train
normal,4829,normal_0133,23,2022-07-12 00:16:38.567,2.3,-0.014011,0.042117,10.818483,0,train
normal,4830,normal_0133,24,2022-07-12 00:16:38.667,2.4,0.044266,0.151369,-50.810343,0,train
normal,4831,normal_0133,25,2022-07-12 00:16:38.767,2.5,-0.018824,-0.016171,-104.90252,0,train
normal,4832,normal_0133,26,2022-07-12 00:16:38.867,2.6,0.033389,-0.102706,-153.99768,0,train
normal,4833,normal_0133,27,2022-07-12 00:16:38.967,2.7,0.019572,-0.121632,-176.56126,0,train
normal,4834,normal_0133,28,2022-07-12 00:16:39.067,2.8,-0.058447,-0.036993,-162.0809,0,train
normal,4835,normal_0133,29,2022-07-12 00:16:39.167,2.9,0.013328,0.156296,-128.9921,0,train
normal,4836,normal_0133,30,2022-07-12 00:16:39.267,3.0,-0.00629,0.085872,-79.040656,0,train
normal,4837,normal_0133,31,2022-07-12 00:16:39.367,3.1,-0.095652,-0.044123,-24.836186,0,train
normal,4838,normal_0133,32,2022-07-12 00:16:39.467,3.2,0.01947,-0.087776,36.792402,0,train
normal,4839,normal_0133,33,2022-07-12 00:16:39.567,3.3,-0.001636,-0.125866,94.933164,0,train
normal,4840,normal_0133,34,2022-07-12 00:16:39.667,3.4,-0.107618,0.02201,146.48094,0,train
normal,4841,normal_0133,35,2022-07-12 00:16:39.767,3.5,0.058911,0.199291,179.97708,0,train
normal,4842,normal_0133,36,2022-07-12 00:16:39.867,3.6,0.015939,0.078958,174.06716,0,train
normal,4843,normal_0133,37,2022-07-12 00:16:39.967,3.7,-0.084299,-0.078501,145.08654,0,train
normal,4844,normal_0133,38,2022-07-12 00:16:40.067,3.8,0.07492,-0.094361,97.562206,0,train
normal,4845,normal_0133,39,2022-07-12 00:16:40.167,3.9,-0.00637,-0.121484,43.961173,0,train
normal,4846,normal_0133,40,2022-07-12 00:16:40.267,4.0,-0.023434,0.00792,-15.768291,0,train
normal,4847,normal_0133,41,2022-07-12 00:16:40.367,4.1,0.072479,0.122464,-77.572832,0,train
normal,4848,normal_0133,42,2022-07-12 00:16:40.467,4.2,-0.048649,0.004901,-130.94641,0,train
normal,4849,normal_0133,43,2022-07-12 00:16:40.567,4.3,-0.023457,-0.034507,-174.50597,0,train
normal,4850,normal_0133,44,2022-07-12 00:16:40.667,4.4,-0.012784,0.027039,-180.60865,0,train
normal,4851,normal_0133,45,2022-07-12 00:16:40.767,4.5,-0.042598,0.100688,-157.29286,0,train
normal,4852,normal_0133,46,2022-07-12 00:16:40.867,4.6,0.052622,0.156364,-115.23296,0,train
normal,4853,normal_0133,47,2022-07-12 00:16:40.967,4.7,0.019629,0.030434,-61.023362,0,train
normal,4854,normal_0133,48,2022-07-12 00:16:41.067,4.8,0.079711,-0.148244,-3.194571,0,train
normal,4855,normal_0134,0,2022-07-12 00:16:44.325,0.0,0.051013,0.241377,-174.35159,0,train
normal,4856,normal_0134,1,2022-07-12 00:16:44.425,0.1,-0.012292,0.16304,-235.70898,0,train
normal,4857,normal_0134,2,2022-07-12 00:16:44.525,0.2,-0.056105,-0.180657,-263.3057,0,train
normal,4858,normal_0134,3,2022-07-12 00:16:44.625,0.3,-0.026019,-0.231055,-237.38828,0,train
normal,4859,normal_0134,4,2022-07-12 00:16:44.725,0.4,-0.174894,-0.082758,-184.84821,0,train
normal,4860,normal_0134,5,2022-07-12 00:16:44.825,0.5,-0.04172,0.085315,-109.10322,0,train
normal,4861,normal_0134,6,2022-07-12 00:16:44.925,0.6,0.152194,0.291525,-23.877266,0,train
normal,4862,normal_0134,7,2022-07-12 00:16:45.025,0.7,-0.029879,0.048792,67.499646,0,train
normal,4863,normal_0134,8,2022-07-12 00:16:45.125,0.8,-0.030219,-0.248618,152.26712,0,train
normal,4864,normal_0134,9,2022-07-12 00:16:45.225,0.9,-0.058375,-0.161209,218.26627,0,train
normal,4865,normal_0134,10,2022-07-12 00:16:45.325,1.0,-0.154469,-0.033655,262.28205,0,train
normal,4866,normal_0134,11,2022-07-12 00:16:45.425,1.1,0.118168,0.230739,252.36407,0,train
normal,4867,normal_0134,12,2022-07-12 00:16:45.525,1.2,0.167952,0.24341,206.33998,0,train
normal,4868,normal_0134,13,2022-07-12 00:16:45.625,1.3,-0.011759,-0.139502,137.51878,0,train
normal,4869,normal_0134,14,2022-07-12 00:16:45.725,1.4,-0.017072,-0.21306,53.055412,0,train
normal,4870,normal_0134,15,2022-07-12 00:16:45.825,1.5,-0.097646,-0.092159,-36.289815,0,train
normal,4871,normal_0134,16,2022-07-12 00:16:45.925,1.6,-0.043923,0.064017,-126.60386,0,train
normal,4872,normal_0134,17,2022-07-12 00:16:46.025,1.7,0.134358,0.296861,-197.15466,0,train
normal,4873,normal_0134,18,2022-07-12 00:16:46.125,1.8,0.128602,0.104718,-250.83116,0,train
normal,4874,normal_0134,19,2022-07-12 00:16:46.225,1.9,0.13681,-0.204488,-259.23458,0,train
normal,4875,normal_0134,20,2022-07-12 00:16:46.325,2.0,0.034335,-0.154068,-221.33198,0,train
normal,4876,normal_0134,21,2022-07-12 00:16:46.425,2.1,-0.059953,-0.042863,-161.44695,0,train
normal,4877,normal_0134,22,2022-07-12 00:16:46.525,2.2,0.076025,0.166083,-80.716381,0,train
normal,4878,normal_0134,23,2022-07-12 00:16:46.625,2.3,0.06969,0.286212,5.668402,0,train
normal,4879,normal_0134,24,2022-07-12 00:16:46.725,2.4,0.070995,-0.032032,97.895396,0,train
normal,4880,normal_0134,25,2022-07-12 00:16:46.825,2.5,0.105793,-0.25434,175.62129,0,train
normal,4881,normal_0134,26,2022-07-12 00:16:46.925,2.6,-0.019536,-0.136573,236.16448,0,train
normal,4882,normal_0134,27,2022-07-12 00:16:47.025,2.7,0.032235,0.057659,264.58457,0,train
normal,4883,normal_0134,28,2022-07-12 00:16:47.125,2.8,0.159221,0.278332,238.25434,0,train
normal,4884,normal_0134,29,2022-07-12 00:16:47.225,2.9,0.025173,0.165322,185.14015,0,train
normal,4885,normal_0134,30,2022-07-12 00:16:47.325,3.0,-0.051382,-0.161141,109.77961,0,train
normal,4886,normal_0134,31,2022-07-12 00:16:47.425,3.1,0.020121,-0.15165,24.605635,0,train
normal,4887,normal_0134,32,2022-07-12 00:16:47.525,3.2,-0.085759,-0.076173,-67.10554,0,train
normal,4888,normal_0134,33,2022-07-12 00:16:47.625,3.3,0.002739,0.093842,-151.80435,0,train
normal,4889,normal_0134,34,2022-07-12 00:16:47.725,3.4,0.227738,0.316877,-215.11522,0,train
normal,4890,normal_0135,0,2022-07-12 00:16:52.351,0.0,-0.052785,-0.030797,23.620012,0,train
normal,4891,normal_0135,1,2022-07-12 00:16:52.451,0.1,0.018615,-0.026074,78.106651,0,train
normal,4892,normal_0135,2,2022-07-12 00:16:52.551,0.2,-0.001605,0.07505,105.72006,0,train
normal,4893,normal_0135,3,2022-07-12 00:16:52.651,0.3,-0.063912,-0.007148,110.26694,0,train
normal,4894,normal_0135,4,2022-07-12 00:16:52.751,0.4,0.093706,-0.06019,109.36715,0,train
normal,4895,normal_0135,5,2022-07-12 00:16:52.851,0.5,-0.002434,0.018125,93.916427,0,train
normal,4896,normal_0135,6,2022-07-12 00:16:52.951,0.6,-0.045678,-0.008397,70.468196,0,train
normal,4897,normal_0135,7,2022-07-12 00:16:53.051,0.7,0.064482,0.012164,30.426983,0,train
normal,4898,normal_0135,8,2022-07-12 00:16:53.151,0.8,-0.0665,0.033701,-6.304384,0,train
normal,4899,normal_0135,9,2022-07-12 00:16:53.251,0.9,-0.011766,-0.035111,-56.951768,0,train
normal,4900,normal_0135,10,2022-07-12 00:16:53.351,1.0,0.080093,-0.004082,-98.058593,0,train
normal,4901,normal_0135,11,2022-07-12 00:16:53.451,1.1,-0.040774,0.019896,-106.23242,0,train
normal,4902,normal_0135,12,2022-07-12 00:16:53.551,1.2,-0.020372,-0.039164,-110.16775,0,train
normal,4903,normal_0135,13,2022-07-12 00:16:53.651,1.3,0.011054,0.025709,-98.680627,0,train
normal,4904,normal_0135,14,2022-07-12 00:16:53.751,1.4,-0.011403,0.06465,-79.172978,0,train
normal,4905,normal_0135,15,2022-07-12 00:16:53.851,1.5,0.046862,-0.025847,-42.547708,0,train
normal,4906,normal_0135,16,2022-07-12 00:16:53.951,1.6,0.038813,-0.003935,-3.704906,0,train
normal,4907,normal_0135,17,2022-07-12 00:16:54.051,1.7,-0.045463,-0.036496,40.57229,0,train
normal,4908,normal_0135,18,2022-07-12 00:16:54.151,1.8,-0.03638,-0.07093,91.691982,0,train
normal,4909,normal_0135,19,2022-07-12 00:16:54.251,1.9,0.032954,0.060858,106.57848,0,train
normal,4910,normal_0135,20,2022-07-12 00:16:54.351,2.0,0.015436,0.041694,110.76237,0,train
normal,4911,normal_0135,21,2022-07-12 00:16:54.451,2.1,0.018104,0.013708,103.72771,0,train
normal,4912,normal_0136,0,2022-07-12 00:17:00.325,0.0,0.127007,0.071098,85.484992,0,train
normal,4913,normal_0136,1,2022-07-12 00:17:00.425,0.1,0.019662,-0.049519,54.395325,0,train
normal,4914,normal_0136,2,2022-07-12 00:17:00.525,0.2,0.100815,-0.082308,4.379988,0,train
normal,4915,normal_0136,3,2022-07-12 00:17:00.625,0.3,-0.02079,-0.030775,-41.795616,0,train
normal,4916,normal_0136,4,2022-07-12 00:17:00.725,0.4,-0.139863,0.058393,-88.832985,0,train
normal,4917,normal_0136,5,2022-07-12 00:17:00.825,0.5,-0.004225,0.135198,-128.51097,0,train
normal,4918,normal_0136,6,2022-07-12 00:17:00.925,0.6,-0.062036,0.05325,-127.10263,0,train
normal,4919,normal_0136,7,2022-07-12 00:17:01.025,0.7,-0.023946,-0.05951,-116.8703,0,train
normal,4920,normal_0136,8,2022-07-12 00:17:01.125,0.8,0.145581,-0.070398,-93.533289,0,train
normal,4921,normal_0137,0,2022-07-12 00:17:09.540,0.0,-0.049431,-0.041624,141.86181,0,train
normal,4922,normal_0137,1,2022-07-12 00:17:09.640,0.1,0.096708,-0.111969,181.50296,0,train
normal,4923,normal_0137,2,2022-07-12 00:17:09.740,0.2,-0.005312,-0.08748,164.89448,0,train
normal,4924,normal_0137,3,2022-07-12 00:17:09.840,0.3,-0.104824,-0.035221,137.20359,0,train
normal,4925,normal_0137,4,2022-07-12 00:17:09.940,0.4,0.117848,0.196533,94.38337,0,train
normal,4926,normal_0137,5,2022-07-12 00:17:10.040,0.5,-0.020151,0.113405,44.12592,0,train
normal,4927,normal_0137,6,2022-07-12 00:17:10.140,0.6,-0.016893,-0.121313,-20.58995,0,train
normal,4928,normal_0137,7,2022-07-12 00:17:10.240,0.7,0.131892,-0.074605,-80.284605,0,train
normal,4929,normal_0137,8,2022-07-12 00:17:10.340,0.8,-0.123954,-0.064592,-122.91981,0,train
normal,4930,normal_0137,9,2022-07-12 00:17:10.440,0.9,-0.038237,0.042083,-173.0385,0,train
normal,4931,normal_0137,10,2022-07-12 00:17:10.540,1.0,0.101,0.184794,-171.88444,0,train
normal,4932,normal_0137,11,2022-07-12 00:17:10.640,1.1,-0.056447,-0.023856,-145.01073,0,train
normal,4933,normal_0137,12,2022-07-12 00:17:10.740,1.2,0.057687,-0.13085,-109.18261,0,train
normal,4934,normal_0137,13,2022-07-12 00:17:10.840,1.3,0.082244,-0.048652,-60.151107,0,train
normal,4935,normal_0137,14,2022-07-12 00:17:10.940,1.4,-0.078302,-0.011822,-2.970934,0,train
normal,4936,normal_0137,15,2022-07-12 00:17:11.040,1.5,0.002771,0.135998,63.762315,0,train
normal,4937,normal_0137,16,2022-07-12 00:17:11.140,1.6,0.013307,0.139211,106.99846,0,train
normal,4938,normal_0137,17,2022-07-12 00:17:11.240,1.7,-0.063259,-0.094076,159.57465,0,train
normal,4939,normal_0137,18,2022-07-12 00:17:11.340,1.8,0.056472,-0.122244,179.38556,0,train
normal,4940,normal_0137,19,2022-07-12 00:17:11.440,1.9,0.003782,-0.030362,154.89306,0,train
normal,4941,normal_0137,20,2022-07-12 00:17:11.540,2.0,-0.018323,0.033614,124.58684,0,train
normal,4942,normal_0137,21,2022-07-12 00:17:11.640,2.1,0.09278,0.175632,76.991806,0,train
normal,4943,normal_0137,22,2022-07-12 00:17:11.740,2.2,-0.054858,0.029163,24.403456,0,train
normal,4944,normal_0137,23,2022-07-12 00:17:11.840,2.3,0.003975,-0.153522,-43.185835,0,train
normal,4945,normal_0137,24,2022-07-12 00:17:11.940,2.4,0.003521,-0.053443,-92.820775,0,train
normal,4946,normal_0137,25,2022-07-12 00:17:12.040,2.5,-0.167153,-0.035868,-140.9166,0,train
normal,4947,normal_0137,26,2022-07-12 00:17:12.140,2.6,0.084538,0.130628,-177.66955,0,train
normal,4948,normal_0137,27,2022-07-12 00:17:12.240,2.7,0.058368,0.186259,-161.77048,0,train
normal,4949,normal_0137,28,2022-07-12 00:17:12.340,2.8,-0.058809,-0.099185,-135.12851,0,train
normal,4950,normal_0137,29,2022-07-12 00:17:12.440,2.9,0.099876,-0.112071,-92.875969,0,train
normal,4951,normal_0137,30,2022-07-12 00:17:12.540,3.0,-0.086261,-0.081134,-43.767457,0,train
normal,4952,normal_0137,31,2022-07-12 00:17:12.640,3.1,-0.113009,-0.024628,18.814804,0,train
normal,4953,normal_0137,32,2022-07-12 00:17:12.740,3.2,0.083084,0.168502,76.833377,0,train
normal,4954,normal_0137,33,2022-07-12 00:17:12.840,3.3,-0.037045,0.07217,122.23674,0,train
normal,4955,normal_0137,34,2022-07-12 00:17:12.940,3.4,-0.018437,-0.104351,171.30735,0,train
normal,4956,normal_0137,35,2022-07-12 00:17:13.040,3.5,0.083028,-0.075593,170.88391,0,train
normal,4957,normal_0137,36,2022-07-12 00:17:13.140,3.6,-0.127825,-0.040137,146.15239,0,train
normal,4958,normal_0137,37,2022-07-12 00:17:13.240,3.7,-0.036307,0.065517,110.0501,0,train
normal,4959,normal_0137,38,2022-07-12 00:17:13.340,3.8,0.121754,0.19181,61.767347,0,train
normal,4960,normal_0137,39,2022-07-12 00:17:13.440,3.9,-0.072489,-0.062253,5.511761,0,train
normal,4961,normal_0137,40,2022-07-12 00:17:13.540,4.0,0.043961,-0.179987,-58.050163,0,train
normal,4962,normal_0137,41,2022-07-12 00:17:13.640,4.1,0.029406,-0.04654,-103.53102,0,train
normal,4963,normal_0137,42,2022-07-12 00:17:13.740,4.2,-0.147762,0.001098,-155.08069,0,train
normal,4964,normal_0137,43,2022-07-12 00:17:13.840,4.3,0.098956,0.160521,-172.13192,0,train
normal,4965,normal_0137,44,2022-07-12 00:17:13.940,4.4,0.00217,0.102131,-151.51419,0,train
normal,4966,normal_0137,45,2022-07-12 00:17:14.040,4.5,-0.06847,-0.119633,-122.61666,0,train
normal,4967,normal_0137,46,2022-07-12 00:17:14.140,4.6,0.108379,-0.11349,-77.62135,0,train
normal,4968,normal_0137,47,2022-07-12 00:17:14.240,4.7,-0.10857,-0.066567,-27.963284,0,train
normal,4969,normal_0137,48,2022-07-12 00:17:14.340,4.8,-0.002099,0.072385,35.60925,0,train
normal,4970,normal_0137,49,2022-07-12 00:17:14.440,4.9,0.09672,0.165618,85.483442,0,train
normal,4971,normal_0138,0,2022-07-12 00:17:16.447,0.0,0.132727,0.065306,-31.136636,0,train
normal,4972,normal_0138,1,2022-07-12 00:17:16.547,0.1,0.044047,-0.009069,-84.278474,0,train
normal,4973,normal_0138,2,2022-07-12 00:17:16.647,0.2,0.083953,0.075445,-105.96038,0,train
normal,4974,normal_0138,3,2022-07-12 00:17:16.747,0.3,-0.07472,0.067883,-108.32025,0,train
normal,4975,normal_0138,4,2022-07-12 00:17:16.847,0.4,-0.075946,0.033562,-106.60518,0,train
normal,4976,normal_0138,5,2022-07-12 00:17:16.947,0.5,0.058522,0.145085,-90.225588,0,train
normal,4977,normal_0138,6,2022-07-12 00:17:17.047,0.6,0.008772,0.03287,-65.261849,0,train
normal,4978,normal_0138,7,2022-07-12 00:17:17.147,0.7,0.16757,-0.038168,-22.982362,0,train
normal,4979,normal_0138,8,2022-07-12 00:17:17.247,0.8,0.162018,0.019666,16.000988,0,train
normal,4980,normal_0138,9,2022-07-12 00:17:17.347,0.9,0.001097,-0.047557,67.866453,0,train
normal,4981,normal_0138,10,2022-07-12 00:17:17.447,1.0,0.105036,0.04764,103.95206,0,train
normal,4982,normal_0138,11,2022-07-12 00:17:17.547,1.1,-0.001412,0.07759,108.02688,0,train
normal,4983,normal_0138,12,2022-07-12 00:17:17.647,1.2,-0.065115,-0.012101,110.14093,0,train
normal,4984,normal_0138,13,2022-07-12 00:17:17.747,1.3,0.075382,0.061344,97.431791,0,train
normal,4985,normal_0138,14,2022-07-12 00:17:17.847,1.4,-0.074175,0.028204,77.40272,0,train
normal,4986,normal_0138,15,2022-07-12 00:17:17.947,1.5,-0.078046,-0.012157,39.108043,0,train
normal,4987,normal_0138,16,2022-07-12 00:17:18.047,1.6,0.02822,0.062615,-1.337886,0,train
normal,4988,normal_0138,17,2022-07-12 00:17:18.147,1.7,-0.088128,0.002477,-47.84835,0,train
normal,4989,normal_0138,18,2022-07-12 00:17:18.247,1.8,0.031376,-0.050827,-95.573556,0,train
normal,4990,normal_0138,19,2022-07-12 00:17:18.347,1.9,0.042094,-0.001156,-106.00711,0,train
normal,4991,normal_0138,20,2022-07-12 00:17:18.447,2.0,-0.096984,-0.05757,-109.47658,0,train
normal,4992,normal_0138,21,2022-07-12 00:17:18.547,2.1,0.008329,-0.037634,-101.85839,0,train
normal,4993,normal_0138,22,2022-07-12 00:17:18.647,2.2,-0.029875,0.063433,-83.76659,0,train
normal,4994,normal_0138,23,2022-07-12 00:17:18.747,2.3,-0.069543,-0.022228,-52.269703,0,train
normal,4995,normal_0138,24,2022-07-12 00:17:18.847,2.4,0.007307,-0.040836,-9.97913,0,train
normal,4996,normal_0138,25,2022-07-12 00:17:18.947,2.5,-0.089298,0.025229,31.184558,0,train
normal,4997,normal_0138,26,2022-07-12 00:17:19.047,2.6,-0.101934,-0.053858,84.308396,0,train
normal,4998,normal_0138,27,2022-07-12 00:17:19.147,2.7,0.009351,-0.04003,106.1684,0,train
normal,4999,normal_0138,28,2022-07-12 00:17:19.247,2.8,-0.044554,0.010299,109.34485,0,train
normal,5000,normal_0138,29,2022-07-12 00:17:19.347,2.9,-0.009098,-0.061385,107.48543,0,train
normal,5001,normal_0138,30,2022-07-12 00:17:19.447,3.0,0.090992,-0.000963,91.281306,0,train
normal,5002,normal_0138,31,2022-07-12 00:17:19.547,3.1,-0.050208,0.000433,66.669353,0,train
normal,5003,normal_0138,32,2022-07-12 00:17:19.647,3.2,-0.046348,-0.054539,24.663809,0,train
normal,5004,normal_0138,33,2022-07-12 00:17:19.747,3.3,0.010566,0.071584,-14.29856,0,train
normal,5005,normal_0138,34,2022-07-12 00:17:19.847,3.4,-0.080976,-0.009682,-66.376694,0,train
normal,5006,normal_0138,35,2022-07-12 00:17:19.947,3.5,0.033976,-0.079221,-102.3487,0,train
normal,5007,normal_0138,36,2022-07-12 00:17:20.047,3.6,-0.018975,0.048742,-106.82274,0,train
normal,5008,normal_0138,37,2022-07-12 00:17:20.147,3.7,-0.15786,-0.012907,-109.35105,0,train
normal,5009,normal_0138,38,2022-07-12 00:17:20.247,3.8,-0.024164,-0.021115,-96.417081,0,train
normal,5010,normal_0138,39,2022-07-12 00:17:20.347,3.9,-0.132292,0.001762,-75.791845,0,train
normal,5011,normal_0138,40,2022-07-12 00:17:20.447,4.0,-0.067511,-0.05035,-37.47106,0,train
normal,5012,normal_0138,41,2022-07-12 00:17:20.547,4.1,0.155933,-0.012816,2.667785,0,train
normal,5013,normal_0138,42,2022-07-12 00:17:20.647,4.2,-0.04477,-0.102075,49.385911,0,train
normal,5014,normal_0138,43,2022-07-12 00:17:20.747,4.3,0.019069,-0.101417,96.995961,0,train
normal,5015,normal_0138,44,2022-07-12 00:17:20.847,4.4,0.059385,0.084868,107.22793,0,train
normal,5016,normal_0138,45,2022-07-12 00:17:20.947,4.5,-0.118771,0.01131,110.5745,0,train
normal,5017,normal_0138,46,2022-07-12 00:17:21.047,4.6,0.025302,-0.065915,102.85915,0,train
normal,5018,normal_0138,47,2022-07-12 00:17:21.147,4.7,-0.015524,0.03346,85.074316,0,train
normal,5019,normal_0139,0,2022-07-12 00:17:24.527,0.0,0.000754,0.109012,-113.85764,0,train
normal,5020,normal_0139,1,2022-07-12 00:17:24.627,0.1,-0.014074,0.012929,-92.813741,0,train
normal,5021,normal_0139,2,2022-07-12 00:17:24.727,0.2,-0.044216,-0.045711,-66.095241,0,train
normal,5022,normal_0139,3,2022-07-12 00:17:24.827,0.3,0.098846,-0.001921,-20.841363,0,train
normal,5023,normal_0139,4,2022-07-12 00:17:24.927,0.4,0.017216,-0.059437,21.215084,0,train
normal,5024,normal_0139,5,2022-07-12 00:17:25.027,0.5,-0.045556,0.018049,72.490462,0,train
normal,5025,normal_0139,6,2022-07-12 00:17:25.127,0.6,0.002434,0.050406,118.14131,0,train
normal,5026,normal_0139,7,2022-07-12 00:17:25.227,0.7,-0.036417,-0.077602,121.00984,0,train
normal,5027,normal_0139,8,2022-07-12 00:17:25.327,0.8,0.008962,-0.017509,118.21236,0,train
normal,5028,normal_0139,9,2022-07-12 00:17:25.427,0.9,0.053796,0.046035,101.64739,0,train
normal,5029,normal_0139,10,2022-07-12 00:17:25.527,1.0,-0.028674,-0.040908,77.492723,0,train
normal,5030,normal_0139,11,2022-07-12 00:17:25.627,1.1,-0.03443,0.011919,38.080339,0,train
normal,5031,normal_0139,12,2022-07-12 00:17:25.727,1.2,-0.0023,0.087929,-7.088662,0,train
normal,5032,normal_0139,13,2022-07-12 00:17:25.827,1.3,-0.006455,0.042084,-50.835258,0,train
normal,5033,normal_0139,14,2022-07-12 00:17:25.927,1.4,0.063492,-0.008279,-105.30151,0,train
normal,5034,normal_0139,15,2022-07-12 00:17:26.027,1.5,0.003206,-0.069348,-119.51674,0,train
normal,5035,normal_0139,16,2022-07-12 00:17:26.127,1.6,-0.100994,-0.034153,-117.00632,0,train
normal,5036,normal_0139,17,2022-07-12 00:17:26.227,1.7,0.039026,0.05304,-107.71192,0,train
normal,5037,normal_0139,18,2022-07-12 00:17:26.327,1.8,0.044521,-0.04034,-85.880171,0,train
normal,5038,normal_0139,19,2022-07-12 00:17:26.427,1.9,0.016966,-0.041056,-55.113441,0,train
normal,5039,normal_0139,20,2022-07-12 00:17:26.527,2.0,0.117727,0.067175,-8.406163,0,train
normal,5040,normal_0139,21,2022-07-12 00:17:26.627,2.1,-0.083272,-0.051001,31.476621,0,train
normal,5041,normal_0139,22,2022-07-12 00:17:26.727,2.2,-0.131852,-0.012014,87.7241,0,train
normal,5042,normal_0139,23,2022-07-12 00:17:26.827,2.3,-0.003776,0.162122,119.43497,0,train
normal,5043,normal_0139,24,2022-07-12 00:17:26.927,2.4,-0.059032,0.020763,117.64492,0,train
normal,5044,normal_0139,25,2022-07-12 00:17:27.027,2.5,0.095894,-0.086298,114.1317,0,train
normal,5045,normal_0139,26,2022-07-12 00:17:27.127,2.6,0.070906,-0.026103,94.834339,0,train
normal,5046,normal_0139,27,2022-07-12 00:17:27.227,2.7,-0.046067,0.017016,69.542059,0,train
normal,5047,normal_0139,28,2022-07-12 00:17:27.327,2.8,0.101741,0.040813,25.352123,0,train
normal,5048,normal_0139,29,2022-07-12 00:17:27.427,2.9,-0.075302,-0.077397,-15.290024,0,train
normal,5049,normal_0139,30,2022-07-12 00:17:27.527,3.0,-0.111371,-0.051047,-65.346368,0,train
normal,5050,normal_0139,31,2022-07-12 00:17:27.627,3.1,0.110222,0.09012,-111.88532,0,train
normal,5051,normal_0139,32,2022-07-12 00:17:27.727,3.2,-0.031501,-0.041362,-115.56126,0,train
normal,5052,normal_0139,33,2022-07-12 00:17:27.827,3.3,-0.028118,-0.033767,-114.86305,0,train
normal,5053,normal_0139,34,2022-07-12 00:17:27.927,3.4,0.037675,0.116039,-101.4346,0,train
normal,5054,normal_0139,35,2022-07-12 00:17:28.027,3.5,-0.062121,0.007003,-79.698095,0,train
normal,5055,normal_0139,36,2022-07-12 00:17:28.127,3.6,0.038912,-0.042123,-42.961007,0,train
normal,5056,normal_0139,37,2022-07-12 00:17:28.227,3.7,0.012062,-0.003227,0.318408,0,train
normal,5057,normal_0139,38,2022-07-12 00:17:28.327,3.8,-0.051108,-0.054532,43.508535,0,train
normal,5058,normal_0139,39,2022-07-12 00:17:28.427,3.9,0.054602,0.017516,99.648011,0,train
normal,5059,normal_0139,40,2022-07-12 00:17:28.527,4.0,0.032407,0.029948,116.41122,0,train
normal,5060,normal_0139,41,2022-07-12 00:17:28.627,4.1,0.030182,-0.047221,115.72505,0,train
normal,5061,normal_0139,42,2022-07-12 00:17:28.727,4.2,0.055522,0.0371,109.04564,0,train
normal,5062,normal_0139,43,2022-07-12 00:17:28.827,4.3,-0.05398,0.005073,89.102517,0,train
normal,5063,normal_0139,44,2022-07-12 00:17:28.927,4.4,-0.08292,-0.049434,59.968836,0,train
normal,5064,normal_0139,45,2022-07-12 00:17:29.027,4.5,0.000901,0.069764,15.336158,0,train
normal,5065,normal_0139,46,2022-07-12 00:17:29.127,4.6,-0.013177,0.013429,-24.064544,0,train
normal,5066,normal_0139,47,2022-07-12 00:17:29.227,4.7,0.047302,-0.050411,-79.16964,0,train
normal,5067,normal_0140,0,2022-07-12 00:17:32.480,0.0,0.032008,0.021473,-39.13105,0,train
normal,5068,normal_0140,1,2022-07-12 00:17:32.580,0.1,0.060686,0.031668,8.214594,0,train
normal,5069,normal_0140,2,2022-07-12 00:17:32.680,0.2,-0.044842,0.001525,50.170904,0,train
normal,5070,normal_0140,3,2022-07-12 00:17:32.780,0.3,0.059222,-0.033273,100.99651,0,train
normal,5071,normal_0140,4,2022-07-12 00:17:32.880,0.4,0.021415,-0.023793,119.03776,0,train
normal,5072,normal_0140,5,2022-07-12 00:17:32.980,0.5,-0.104345,0.001797,115.23916,0,train
normal,5073,normal_0140,6,2022-07-12 00:17:33.080,0.6,0.044973,0.060346,105.97135,0,train
normal,5074,normal_0140,7,2022-07-12 00:17:33.180,0.7,-0.03585,0.003523,83.070169,0,train
normal,5075,normal_0140,8,2022-07-12 00:17:33.280,0.8,-0.03954,-0.064006,54.256684,0,train
normal,5076,normal_0140,9,2022-07-12 00:17:33.380,0.9,0.086231,-0.036701,6.973983,0,train
normal,5077,normal_0140,10,2022-07-12 00:17:33.480,1.0,-0.072408,-0.013972,-34.60968,0,train
normal,5078,normal_0140,11,2022-07-12 00:17:33.580,1.1,0.034687,0.106441,-85.169922,0,train
normal,5079,normal_0140,12,2022-07-12 00:17:33.680,1.2,0.109698,0.076922,-118.28221,0,train
normal,5080,normal_0140,13,2022-07-12 00:17:33.780,1.3,-0.092208,-0.067412,-115.94762,0,train
normal,5081,normal_0140,14,2022-07-12 00:17:33.880,1.4,-0.010113,-0.037008,-110.46602,0,train
normal,5082,normal_0140,15,2022-07-12 00:17:33.980,1.5,-0.036282,-0.015834,-89.449059,0,train
normal,5083,normal_0140,16,2022-07-12 00:17:34.080,1.6,-0.077006,0.038389,-63.219555,0,train
normal,5084,normal_0140,17,2022-07-12 00:17:34.180,1.7,0.093565,0.040251,-19.589307,0,train
normal,5085,normal_0140,18,2022-07-12 00:17:34.280,1.8,-0.036123,-0.085078,25.367859,0,train
normal,5086,normal_0140,19,2022-07-12 00:17:34.380,1.9,-0.016459,-0.046397,71.200737,0,train
normal,5087,normal_0140,20,2022-07-12 00:17:34.480,2.0,0.067998,0.004568,115.72875,0,train
normal,5088,normal_0140,21,2022-07-12 00:17:34.580,2.1,-0.103096,-0.037598,119.97177,0,train
normal,5089,normal_0140,22,2022-07-12 00:17:34.680,2.2,-0.040698,0.012311,114.75016,0,train
normal,5090,normal_0140,23,2022-07-12 00:17:34.780,2.3,-0.005866,-0.005242,97.994339,0,train
normal,5091,normal_0140,24,2022-07-12 00:17:34.880,2.4,-0.044854,-0.056615,73.192128,0,train
normal,5092,normal_0140,25,2022-07-12 00:17:34.980,2.5,0.106304,0.005203,36.072616,0,train
normal,5093,normal_0140,26,2022-07-12 00:17:35.080,2.6,0.035425,0.010119,-12.534381,0,train
normal,5094,normal_0140,27,2022-07-12 00:17:35.180,2.7,-0.095955,-0.011282,-54.605848,0,train
normal,5095,normal_0140,28,2022-07-12 00:17:35.280,2.8,0.025071,0.014263,-105.43622,0,train
normal,5096,normal_0140,29,2022-07-12 00:17:35.380,2.9,-0.04927,-0.016618,-121.90868,0,train
normal,5097,normal_0140,30,2022-07-12 00:17:35.480,3.0,-0.082115,-0.072816,-116.12703,0,train
normal,5098,normal_0140,31,2022-07-12 00:17:35.580,3.1,0.048709,-0.0903,-104.80107,0,train
normal,5099,normal_0140,32,2022-07-12 00:17:35.680,3.2,-0.073702,-0.03728,-79.40043,0,train
normal,5100,normal_0140,33,2022-07-12 00:17:35.780,3.3,-0.020115,0.051252,-47.774917,0,train
normal,5101,normal_0140,34,2022-07-12 00:17:35.880,3.4,0.07909,0.011618,1.66595,0,train
normal,5102,normal_0141,0,2022-07-12 00:17:40.504,0.0,0.040815,-0.109834,228.56369,0,train
normal,5103,normal_0141,1,2022-07-12 00:17:40.604,0.1,-0.110819,0.007343,160.69521,0,train
normal,5104,normal_0141,2,2022-07-12 00:17:40.704,0.2,0.003577,0.164892,74.41009,0,train
normal,5105,normal_0141,3,2022-07-12 00:17:40.804,0.3,0.155109,0.3148,-15.613081,0,train
normal,5106,normal_0141,4,2022-07-12 00:17:40.904,0.4,0.139373,-0.016284,-109.84196,0,train
normal,5107,normal_0141,5,2022-07-12 00:17:41.004,0.5,0.104496,-0.299184,-189.21056,0,train
normal,5108,normal_0141,6,2022-07-12 00:17:41.104,0.6,0.040111,-0.149185,-251.18807,0,train
normal,5109,normal_0141,7,2022-07-12 00:17:41.204,0.7,0.064396,0.07536,-271.56833,0,train
normal,5110,normal_0141,8,2022-07-12 00:17:41.304,0.8,0.106142,0.252982,-244.69915,0,train
normal,5111,normal_0141,9,2022-07-12 00:17:41.404,0.9,0.069618,0.205355,-187.18567,0,train
normal,5112,normal_0141,10,2022-07-12 00:17:41.504,1.0,0.09119,-0.102954,-104.09178,0,train
normal,5113,normal_0141,11,2022-07-12 00:17:41.604,1.1,0.023501,-0.209562,-15.202166,0,train
normal,5114,normal_0141,12,2022-07-12 00:17:41.704,1.2,-0.016008,-0.052886,80.216775,0,train
normal,5115,normal_0141,13,2022-07-12 00:17:41.804,1.3,0.146514,0.193457,166.29531,0,train
normal,5116,normal_0141,14,2022-07-12 00:17:41.904,1.4,0.114804,0.300598,235.1959,0,train
normal,5117,normal_0141,15,2022-07-12 00:17:42.004,1.5,0.048263,0.027631,273.235,0,train
normal,5118,normal_0141,16,2022-07-12 00:17:42.104,1.6,0.101578,-0.181394,259.07341,0,train
normal,5119,normal_0141,17,2022-07-12 00:17:42.204,1.7,-0.055495,-0.186844,210.41539,0,train
normal,5120,normal_0141,18,2022-07-12 00:17:42.304,1.8,-0.069879,-0.0285,133.1165,0,train
normal,5121,normal_0141,19,2022-07-12 00:17:42.404,1.9,0.18457,0.314698,45.729881,0,train
normal,5122,normal_0141,20,2022-07-12 00:17:42.504,2.0,0.089918,0.214687,-46.665436,0,train
normal,5123,normal_0141,21,2022-07-12 00:17:42.604,2.1,-0.056335,-0.144837,-137.07556,0,train
normal,5124,normal_0141,22,2022-07-12 00:17:42.704,2.2,0.01267,-0.166771,-209.72767,0,train
normal,5125,normal_0142,0,2022-07-12 00:17:48.487,0.0,0.072901,-0.069631,-90.920459,0,train
normal,5126,normal_0142,1,2022-07-12 00:17:48.587,0.1,0.06752,0.038464,-68.198093,0,train
normal,5127,normal_0142,2,2022-07-12 00:17:48.687,0.2,0.012933,0.01058,-29.481057,0,train
normal,5128,normal_0142,3,2022-07-12 00:17:48.787,0.3,0.043644,-0.061366,8.346678,0,train
normal,5129,normal_0142,4,2022-07-12 00:17:48.887,0.4,-0.000713,0.029154,60.133464,0,train
normal,5130,normal_0142,5,2022-07-12 00:17:48.987,0.5,-0.005028,0.03264,97.898376,0,train
normal,5131,normal_0142,6,2022-07-12 00:17:49.087,0.6,0.051182,0.012828,105.80303,0,train
normal,5132,normal_0142,7,2022-07-12 00:17:49.187,0.7,0.010231,-0.018087,109.36416,0,train
normal,5133,normal_0142,8,2022-07-12 00:17:49.287,0.8,-0.030663,-0.05956,97.428333,0,train
normal,5134,normal_0142,9,2022-07-12 00:17:49.387,0.9,0.001682,0.071002,78.480372,0,train
normal,5135,normal_0142,10,2022-07-12 00:17:49.487,1.0,0.000569,0.082435,43.265348,0,train
normal,5136,normal_0142,11,2022-07-12 00:17:49.587,1.1,-0.014848,-0.046368,4.538894,0,train
normal,5137,normal_0142,12,2022-07-12 00:17:49.687,1.2,-0.016687,-0.003373,-41.971331,0,train
normal,5138,normal_0143,0,2022-07-12 00:17:56.513,0.0,-0.05554,-0.030831,44.947153,0,train
normal,5139,normal_0143,1,2022-07-12 00:17:56.613,0.1,0.05109,-0.163153,-18.909576,0,train
normal,5140,normal_0144,0,2022-07-12 00:18:04.588,0.0,0.011576,-0.046519,-40.269022,0,train
normal,5141,normal_0145,0,2022-07-12 00:18:06.304,0.0,0.04361,0.116525,108.83356,0,train
normal,5142,normal_0145,1,2022-07-12 00:18:06.404,0.1,0.037967,0.238118,163.68343,0,train
normal,5143,normal_0145,2,2022-07-12 00:18:06.504,0.2,-0.043152,0.021078,202.31035,0,train
normal,5144,normal_0145,3,2022-07-12 00:18:06.604,0.3,-0.076394,-0.066297,195.87805,0,train
normal,5145,normal_0145,4,2022-07-12 00:18:06.704,0.4,-0.041381,-0.054342,164.25683,0,train
normal,5146,normal_0145,5,2022-07-12 00:18:06.804,0.5,-0.110783,-0.054523,112.50903,0,train
normal,5147,normal_0145,6,2022-07-12 00:18:06.904,0.6,-0.093174,0.165696,48.894292,0,train
normal,5148,normal_0145,7,2022-07-12 00:18:07.004,0.7,0.088478,0.139209,-19.507887,0,train
normal,5149,normal_0145,8,2022-07-12 00:18:07.104,0.8,0.022243,-0.169237,-91.829311,0,train
normal,5150,normal_0145,9,2022-07-12 00:18:07.204,0.9,0.022777,-0.180806,-149.902,0,train
normal,5151,normal_0145,10,2022-07-12 00:18:07.304,1.0,0.062411,-0.111006,-196.54551,0,train
normal,5152,normal_0145,11,2022-07-12 00:18:07.404,1.1,-0.110181,-0.012925,-203.39813,0,train
normal,5153,normal_0145,12,2022-07-12 00:18:07.504,1.2,-0.0777,0.229354,-176.02243,0,train
normal,5154,normal_0145,13,2022-07-12 00:18:07.604,1.3,-0.035227,0.12823,-130.62908,0,train
normal,5155,normal_0145,14,2022-07-12 00:18:07.704,1.4,-0.076235,-0.141716,-67.843207,0,train
normal,5156,normal_0145,15,2022-07-12 00:18:07.804,1.5,-0.035,-0.169225,-1.651168,0,train
normal,5157,normal_0145,16,2022-07-12 00:18:07.904,1.6,-0.007548,-0.073358,72.916874,0,train
normal,5158,normal_0145,17,2022-07-12 00:18:08.004,1.7,0.026671,0.097599,136.21582,0,train
normal,5159,normal_0145,18,2022-07-12 00:18:08.104,1.8,-0.025815,0.133316,188.61439,0,train
normal,5160,normal_0145,19,2022-07-12 00:18:08.204,1.9,0.001103,-0.032555,211.8074,0,train
normal,5161,normal_0145,20,2022-07-12 00:18:08.304,2.0,-0.032321,-0.134621,191.29755,0,train
normal,5162,normal_0145,21,2022-07-12 00:18:08.404,2.1,-0.14591,-0.157009,151.08086,0,train
normal,5163,normal_0145,22,2022-07-12 00:18:08.504,2.2,-0.045684,0.028912,90.383302,0,train
normal,5164,normal_0145,23,2022-07-12 00:18:08.604,2.3,-0.013974,0.243364,24.247172,0,train
normal,5165,normal_0145,24,2022-07-12 00:18:08.704,2.4,-0.002371,0.154286,-50.033933,0,train
normal,5166,normal_0145,25,2022-07-12 00:18:08.804,2.5,-0.011567,-0.055034,-119.79367,0,train
normal,5167,normal_0145,26,2022-07-12 00:18:08.904,2.6,-0.110193,-0.215331,-175.14362,0,train
normal,5168,normal_0145,27,2022-07-12 00:18:09.004,2.7,-0.098022,-0.138878,-211.55467,0,train
normal,5169,normal_0145,28,2022-07-12 00:18:09.104,2.8,0.019416,0.092377,-201.45156,0,train
normal,5170,normal_0145,29,2022-07-12 00:18:09.204,2.9,0.114409,0.218693,-166.20292,0,train
normal,5171,normal_0145,30,2022-07-12 00:18:09.304,3.0,0.064012,0.037858,-110.74342,0,train
normal,5172,normal_0145,31,2022-07-12 00:18:09.404,3.1,-0.001599,-0.128547,-44.117933,0,train
normal,5173,normal_0145,32,2022-07-12 00:18:09.504,3.2,-0.032786,-0.114594,27.010682,0,train
normal,5174,normal_0145,33,2022-07-12 00:18:09.604,3.3,-0.137736,-0.103354,101.32862,0,train
normal,5175,normal_0145,34,2022-07-12 00:18:09.704,3.4,-0.029641,0.176709,160.44154,0,train
normal,5176,normal_0145,35,2022-07-12 00:18:09.804,3.5,0.146073,0.232748,207.21486,0,train
normal,5177,normal_0145,36,2022-07-12 00:18:09.904,3.6,0.074116,-0.098075,212.27422,0,train
normal,5178,normal_0145,37,2022-07-12 00:18:10.004,3.7,0.082359,-0.171542,182.19783,0,train
normal,5179,normal_0145,38,2022-07-12 00:18:10.104,3.8,0.045949,-0.114151,132.94388,0,train
normal,5180,normal_0145,39,2022-07-12 00:18:10.204,3.9,-0.0053,0.012756,66.711672,0,train
normal,5181,normal_0145,40,2022-07-12 00:18:10.304,4.0,0.047107,0.237857,-1.894951,0,train
normal,5182,normal_0145,41,2022-07-12 00:18:10.404,4.1,0.023776,0.09601,-79.051146,0,train
normal,5183,normal_0145,42,2022-07-12 00:18:10.504,4.2,0.06945,-0.153967,-143.10791,0,train
normal,5184,normal_0145,43,2022-07-12 00:18:10.604,4.3,0.074479,-0.148222,-195.00055,0,train
normal,5185,normal_0145,44,2022-07-12 00:18:10.704,4.4,0.095074,-0.0279,-216.56146,0,train
normal,5186,normal_0145,45,2022-07-12 00:18:10.804,4.5,0.154963,0.190594,-193.81347,0,train
normal,5187,normal_0145,46,2022-07-12 00:18:10.904,4.6,0.017713,0.212789,-151.60908,0,train
normal,5188,normal_0145,47,2022-07-12 00:18:11.004,4.7,0.008142,-0.018965,-88.386546,0,train
normal,5189,normal_0145,48,2022-07-12 00:18:11.104,4.8,0.062252,-0.17161,-20.6095,0,train
normal,5190,normal_0145,49,2022-07-12 00:18:11.204,4.9,-0.004857,-0.186289,54.570443,0,train
normal,5191,normal_0146,0,2022-07-12 00:18:13.063,0.0,0.13672,0.264697,-158.3605,0,train
normal,5192,normal_0146,1,2022-07-12 00:18:13.163,0.1,-0.02704,-0.096927,-208.28357,0,train
normal,5193,normal_0146,2,2022-07-12 00:18:13.263,0.2,0.082883,-0.229023,-223.42768,0,train
normal,5194,normal_0146,3,2022-07-12 00:18:13.363,0.3,-0.032875,-0.098653,-191.06855,0,train
normal,5195,normal_0146,4,2022-07-12 00:18:13.463,0.4,-0.115232,-0.009882,-146.32477,0,train
normal,5196,normal_0146,5,2022-07-12 00:18:13.563,0.5,0.042113,0.232488,-81.221352,0,train
normal,5197,normal_0146,6,2022-07-12 00:18:13.663,0.6,-0.017809,0.16153,-10.49018,0,train
normal,5198,normal_0146,7,2022-07-12 00:18:13.763,0.7,0.021337,-0.157043,73.723563,0,train
normal,5199,normal_0146,8,2022-07-12 00:18:13.863,0.8,0.003989,-0.19762,140.23079,0,train
normal,5200,normal_0146,9,2022-07-12 00:18:13.963,0.9,-0.09609,-0.072313,189.99197,0,train
normal,5201,normal_0146,10,2022-07-12 00:18:14.063,1.0,0.091579,0.139959,225.21677,0,train
normal,5202,normal_0146,11,2022-07-12 00:18:14.163,1.1,0.057065,0.227776,203.70045,0,train
normal,5203,normal_0146,12,2022-07-12 00:18:14.263,1.2,-0.037428,5.2e-05,163.35549,0,train
normal,5204,normal_0146,13,2022-07-12 00:18:14.363,1.3,0.092011,-0.188151,105.04307,0,train
normal,5205,normal_0146,14,2022-07-12 00:18:14.463,1.4,-0.096124,-0.190694,35.831933,0,train
normal,5206,normal_0146,15,2022-07-12 00:18:14.563,1.5,-0.051971,0.013846,-43.933993,0,train
normal,5207,normal_0146,16,2022-07-12 00:18:14.663,1.6,0.173266,0.283259,-120.95357,0,train
normal,5208,normal_0146,17,2022-07-12 00:18:14.763,1.7,-0.035248,0.107079,-169.69063,0,train
normal,5209,normal_0146,18,2022-07-12 00:18:14.863,1.8,-0.011156,-0.128785,-216.23173,0,train
normal,5210,normal_0146,19,2022-07-12 00:18:14.963,1.9,0.087299,-0.093941,-212.76918,0,train
normal,5211,normal_0146,20,2022-07-12 00:18:15.063,2.0,-0.102289,-0.125311,-174.24693,0,train
normal,5212,normal_0146,21,2022-07-12 00:18:15.163,2.1,-0.049122,0.050449,-125.11195,0,train
normal,5213,normal_0146,22,2022-07-12 00:18:15.263,2.2,0.142465,0.268727,-58.312065,0,train
normal,5214,normal_0146,23,2022-07-12 00:18:15.363,2.3,0.04813,0.011814,14.749171,0,train
normal,5215,normal_0146,24,2022-07-12 00:18:15.463,2.4,0.011675,-0.187981,99.554312,0,train
normal,5216,normal_0146,25,2022-07-12 00:18:15.563,2.5,0.093419,-0.073562,153.4399,0,train
normal,5217,normal_0146,26,2022-07-12 00:18:15.663,2.6,-0.116265,-0.046099,202.51062,0,train
normal,5218,normal_0146,27,2022-07-12 00:18:15.763,2.7,-0.076517,0.130615,222.59417,0,train
normal,5219,normal_0146,28,2022-07-12 00:18:15.863,2.8,0.152785,0.272792,188.22076,0,train
normal,5220,normal_0146,29,2022-07-12 00:18:15.963,2.9,0.001537,-0.056408,144.93384,0,train
normal,5221,normal_0146,30,2022-07-12 00:18:16.063,3.0,-0.011735,-0.2118,81.479678,0,train
normal,5222,normal_0146,31,2022-07-12 00:18:16.163,3.1,-0.004958,-0.061278,12.338163,0,train
normal,5223,normal_0146,32,2022-07-12 00:18:16.263,3.2,-0.087303,0.025904,-72.670468,0,train
normal,5224,normal_0146,33,2022-07-12 00:18:16.363,3.3,0.054829,0.192558,-137.95878,0,train
normal,5225,normal_0146,34,2022-07-12 00:18:16.463,3.4,0.028648,0.111439,-183.11848,0,train
normal,5226,normal_0146,35,2022-07-12 00:18:16.563,3.5,0.033961,-0.168135,-221.31219,0,train
normal,5227,normal_0146,36,2022-07-12 00:18:16.663,3.6,0.016409,-0.145917,-198.47324,0,train
normal,5228,normal_0146,37,2022-07-12 00:18:16.763,3.7,-0.157636,-0.03059,-157.41183,0,train
normal,5229,normal_0146,38,2022-07-12 00:18:16.863,3.8,0.044668,0.16002,-102.20684,0,train
normal,5230,normal_0146,39,2022-07-12 00:18:16.963,3.9,0.014457,0.234667,-35.515909,0,train
normal,5231,normal_0146,40,2022-07-12 00:18:17.063,4.0,-0.088449,-0.027514,43.277984,0,train
normal,5232,normal_0146,41,2022-07-12 00:18:17.163,4.1,0.125616,-0.150742,121.15337,0,train
normal,5233,normal_0146,42,2022-07-12 00:18:17.263,4.2,-0.140152,-0.186391,166.16525,0,train
normal,5234,normal_0146,43,2022-07-12 00:18:17.363,4.3,-0.138495,-0.06809,214.20791,0,train
normal,5235,normal_0146,44,2022-07-12 00:18:17.463,4.4,0.20501,0.278151,212.43503,0,train
normal,5236,normal_0146,45,2022-07-12 00:18:17.563,4.5,0.012413,0.144909,171.91102,0,train
normal,5237,normal_0146,46,2022-07-12 00:18:17.663,4.6,-0.025439,-0.153637,124.05218,0,train
normal,5238,normal_0146,47,2022-07-12 00:18:17.763,4.7,0.020304,-0.124277,58.082707,0,train
normal,5239,normal_0146,48,2022-07-12 00:18:17.863,4.8,-0.210338,-0.116977,-14.200451,0,train
normal,5240,normal_0146,49,2022-07-12 00:18:17.963,4.9,-0.064914,0.085009,-99.168074,0,train
normal,5241,normal_0147,0,2022-07-12 00:18:20.724,0.0,-0.00747,-0.021888,-0.540257,0,train
normal,5242,normal_0147,1,2022-07-12 00:18:20.824,0.1,0.030949,0.158651,45.34102,0,train
normal,5243,normal_0147,2,2022-07-12 00:18:20.924,0.2,0.004723,0.029008,94.949853,0,train
normal,5244,normal_0147,3,2022-07-12 00:18:21.024,0.3,0.013261,-0.031754,107.83554,0,train
normal,5245,normal_0147,4,2022-07-12 00:18:21.124,0.4,0.007062,0.038908,111.1144,0,train
normal,5246,normal_0147,5,2022-07-12 00:18:21.224,0.5,-0.0443,-0.101134,104.36822,0,train
normal,5247,normal_0147,6,2022-07-12 00:18:21.324,0.6,0.015634,-0.01997,87.185751,0,train
normal,5248,normal_0147,7,2022-07-12 00:18:21.424,0.7,0.033368,0.096469,57.434566,0,train
normal,5249,normal_0147,8,2022-07-12 00:18:21.524,0.8,0.020346,-0.048353,15.086295,0,train
normal,5250,normal_0147,9,2022-07-12 00:18:21.624,0.9,0.054405,-0.008548,-25.869492,0,train
normal,5251,normal_0147,10,2022-07-12 00:18:21.724,1.0,-0.080074,0.03263,-80.164561,0,train
normal,5252,normal_0147,11,2022-07-12 00:18:21.824,1.1,-0.076929,-0.041995,-105.27409,0,train
normal,5253,normal_0147,12,2022-07-12 00:18:21.924,1.2,-0.012579,0.045595,-108.55271,0,train
normal,5254,normal_0147,13,2022-07-12 00:18:22.024,1.3,-0.069096,0.015952,-107.55373,0,train
normal,5255,normal_0147,14,2022-07-12 00:18:22.124,1.4,0.077487,-0.036057,-91.815483,0,train
normal,5256,normal_0147,15,2022-07-12 00:18:22.224,1.5,0.064203,0.045187,-68.455347,0,train
normal,5257,normal_0147,16,2022-07-12 00:18:22.324,1.6,-0.046775,-0.05982,-27.438167,0,train
normal,5258,normal_0147,17,2022-07-12 00:18:22.424,1.7,-0.021786,-0.049965,11.876346,0,train
normal,5259,normal_0147,18,2022-07-12 00:18:22.524,1.8,-0.086648,0.086819,63.629635,0,train
normal,5260,normal_0147,19,2022-07-12 00:18:22.624,1.9,-0.026725,-0.009479,102.48829,0,train
normal,5261,normal_0147,20,2022-07-12 00:18:22.724,2.0,0.047661,-0.018426,108.27161,0,train
normal,5262,normal_0147,21,2022-07-12 00:18:22.824,2.1,-0.028769,0.010786,110.94262,0,train
normal,5263,normal_0147,22,2022-07-12 00:18:22.924,2.2,-0.015917,-0.087181,98.98628,0,train
normal,5264,normal_0147,23,2022-07-12 00:18:23.024,2.3,-0.002917,-0.012113,79.804311,0,train
normal,5265,normal_0147,24,2022-07-12 00:18:23.124,2.4,-0.034014,0.027453,43.316131,0,train
normal,5266,normal_0147,25,2022-07-12 00:18:23.224,2.5,0.002317,-0.033639,2.544165,0,train
normal,5267,normal_0147,26,2022-07-12 00:18:23.324,2.6,-0.011239,0.035627,-44.105535,0,train
normal,5268,normal_0147,27,2022-07-12 00:18:23.424,2.7,-0.048943,-0.030664,-93.815338,0,train
normal,5269,normal_0147,28,2022-07-12 00:18:23.524,2.8,-0.039441,-0.040031,-106.24064,0,train
normal,5270,normal_0147,29,2022-07-12 00:18:23.624,2.9,-0.028939,0.096583,-109.87307,0,train
normal,5271,normal_0147,30,2022-07-12 00:18:23.724,3.0,-0.013237,-0.035944,-103.22417,0,train
normal,5272,normal_0147,31,2022-07-12 00:18:23.824,3.1,0.036365,-0.089281,-85.48833,0,train
normal,5273,normal_0147,32,2022-07-12 00:18:23.924,3.2,0.027214,0.008266,-55.437691,0,train
normal,5274,normal_0147,33,2022-07-12 00:18:24.024,3.3,-0.053394,-0.047025,-12.986781,0,train
normal,5275,normal_0147,34,2022-07-12 00:18:24.124,3.4,-0.02534,-0.036046,28.314594,0,train
normal,5276,normal_0147,35,2022-07-12 00:18:24.224,3.5,-0.035706,0.005189,82.296381,0,train
normal,5277,normal_0147,36,2022-07-12 00:18:24.324,3.6,-0.016314,0.032539,106.84921,0,train
normal,5278,normal_0147,37,2022-07-12 00:18:24.424,3.7,0.068858,0.066349,110.02804,0,train
normal,5279,normal_0147,38,2022-07-12 00:18:24.524,3.8,-0.027724,-0.083911,108.65451,0,train
normal,5280,normal_0147,39,2022-07-12 00:18:24.624,3.9,-0.043653,-0.074931,93.008768,0,train
normal,5281,normal_0148,0,2022-07-12 00:18:28.872,0.0,-0.026643,-0.023048,-187.99021,0,train
normal,5282,normal_0148,1,2022-07-12 00:18:28.972,0.1,-0.09843,-0.123695,-172.38893,0,train
normal,5283,normal_0148,2,2022-07-12 00:18:29.072,0.2,-0.111236,-0.068609,-137.92814,0,train
normal,5284,normal_0148,3,2022-07-12 00:18:29.172,0.3,-0.207149,-0.10352,-85.387598,0,train
normal,5285,normal_0148,4,2022-07-12 00:18:29.272,0.4,-0.07544,0.082662,-27.243737,0,train
normal,5286,normal_0148,5,2022-07-12 00:18:29.372,0.5,0.046177,0.096082,38.090353,0,train
normal,5287,normal_0148,6,2022-07-12 00:18:29.472,0.6,0.037401,-0.174035,98.652971,0,train
normal,5288,normal_0148,7,2022-07-12 00:18:29.572,0.7,0.067805,-0.189975,149.58312,0,train
normal,5289,normal_0148,8,2022-07-12 00:18:29.672,0.8,0.008052,-0.090475,187.65917,0,train
normal,5290,normal_0148,9,2022-07-12 00:18:29.772,0.9,-0.027597,0.024715,183.94556,0,train
normal,5291,normal_0148,10,2022-07-12 00:18:29.872,1.0,-0.094615,0.172921,154.64963,0,train
normal,5292,normal_0148,11,2022-07-12 00:18:29.972,1.1,-0.188915,0.049999,105.94417,0,train
normal,5293,normal_0148,12,2022-07-12 00:18:30.072,1.2,-0.101722,-0.131574,47.294026,0,train
normal,5294,normal_0148,13,2022-07-12 00:18:30.172,1.3,-0.089449,-0.163397,-17.075421,0,train
normal,5295,normal_0148,14,2022-07-12 00:18:30.272,1.4,-0.007195,-0.105609,-82.905422,0,train
normal,5296,normal_0148,15,2022-07-12 00:18:30.372,1.5,0.137627,0.103813,-135.92197,0,train
normal,5297,normal_0148,16,2022-07-12 00:18:30.472,1.6,0.054919,0.12241,-181.85022,0,train
normal,5298,normal_0148,17,2022-07-12 00:18:30.572,1.7,-0.016732,-0.050546,-191.36729,0,train
normal,5299,normal_0148,18,2022-07-12 00:18:30.672,1.8,-0.040097,-0.157834,-167.14444,0,train
normal,5300,normal_0148,19,2022-07-12 00:18:30.772,1.9,-0.124338,-0.171163,-123.68597,0,train
normal,5301,normal_0148,20,2022-07-12 00:18:30.872,2.0,-0.106377,0.013759,-64.972647,0,train
normal,5302,normal_0148,21,2022-07-12 00:18:30.972,2.1,0.088388,0.237146,-2.443791,0,train
normal,5303,normal_0148,22,2022-07-12 00:18:31.072,2.2,0.10627,0.139701,66.292651,0,train
normal,5304,normal_0148,23,2022-07-12 00:18:31.172,2.3,-0.018185,-0.121379,123.63566,0,train
normal,5305,normal_0148,24,2022-07-12 00:18:31.272,2.4,0.005328,-0.164408,173.96249,0,train
normal,5306,normal_0148,25,2022-07-12 00:18:31.372,2.5,-0.080991,-0.144028,197.94204,0,train
normal,5307,normal_0149,0,2022-07-12 00:18:36.700,0.0,0.04263,0.031028,-13.680937,0,train
normal,5308,normal_0149,1,2022-07-12 00:18:36.800,0.1,0.037442,0.02081,-65.509923,0,train
normal,5309,normal_0149,2,2022-07-12 00:18:36.900,0.2,0.050691,-0.001294,-102.87334,0,train
normal,5310,normal_0149,3,2022-07-12 00:18:37.000,0.3,-0.01954,0.011864,-107.0161,0,train
normal,5311,normal_0149,4,2022-07-12 00:18:37.100,0.4,-0.056166,-0.079666,-109.96701,0,train
normal,5312,normal_0149,5,2022-07-12 00:18:37.200,0.5,-0.01576,0.059184,-97.035658,0,train
normal,5313,normal_0149,6,2022-07-12 00:18:37.300,0.6,0.002099,0.149352,-77.149758,0,train
normal,5314,normal_0149,7,2022-07-12 00:18:37.400,0.7,0.054744,-0.051249,-39.808278,0,train
normal,5315,normal_0149,8,2022-07-12 00:18:37.500,0.8,0.077076,-0.025193,1.464248,0,train
normal,5316,normal_0149,9,2022-07-12 00:18:37.600,0.9,0.006754,0.001816,47.836309,0,train
normal,5317,normal_0149,10,2022-07-12 00:18:37.700,1.0,-0.001545,-0.066712,96.910369,0,train
normal,5318,normal_0149,11,2022-07-12 00:18:37.800,1.1,-0.01425,0.071457,107.86308,0,train
normal,5319,normal_0149,12,2022-07-12 00:18:37.900,1.2,-0.06769,0.032027,111.34054,0,train
normal,5320,normal_0149,13,2022-07-12 00:18:38.000,1.3,0.012975,-0.04455,103.97722,0,train
normal,5321,normal_0149,14,2022-07-12 00:18:38.100,1.4,0.011431,0.026112,85.462938,0,train
normal,5322,normal_0149,15,2022-07-12 00:18:38.200,1.5,-0.055053,-0.041201,54.953224,0,train
normal,5323,normal_0149,16,2022-07-12 00:18:38.300,1.6,0.034728,0.026884,11.963607,0,train
normal,5324,normal_0149,17,2022-07-12 00:18:38.400,1.7,-0.019188,0.083276,-29.253486,0,train
normal,5325,normal_0149,18,2022-07-12 00:18:38.500,1.8,-0.043484,-0.06485,-82.60859,0,train
normal,5326,normal_0149,19,2022-07-12 00:18:38.600,1.9,0.027803,0.031755,-105.35551,0,train
normal,5327,normal_0149,20,2022-07-12 00:18:38.700,2.0,-0.053623,0.054745,-108.51683,0,train
normal,5328,normal_0149,21,2022-07-12 00:18:38.800,2.1,-0.024365,-0.102429,-107.58926,0,train
normal,5329,normal_0149,22,2022-07-12 00:18:38.900,2.2,-0.006178,0.04648,-91.009747,0,train
normal,5330,normal_0149,23,2022-07-12 00:18:39.000,2.3,-0.033164,0.07492,-67.437061,0,train
normal,5331,normal_0149,24,2022-07-12 00:18:39.100,2.4,0.044821,-0.064362,-26.153329,0,train
normal,5332,normal_0149,25,2022-07-12 00:18:39.200,2.5,-0.023979,-0.011444,13.761284,0,train
normal,5333,normal_0150,0,2022-07-12 00:18:44.570,0.0,-0.157676,-0.261975,-193.50638,0,train
normal,5334,normal_0150,1,2022-07-12 00:18:44.670,0.1,-0.058562,0.133391,-203.42341,0,train
normal,5335,normal_0150,2,2022-07-12 00:18:44.770,0.2,-0.011003,0.163829,-177.13358,0,train
normal,5336,normal_0150,3,2022-07-12 00:18:44.870,0.3,-0.007382,0.115885,-130.52787,0,train
normal,5337,normal_0150,4,2022-07-12 00:18:44.970,0.4,-0.069121,-0.1053,-68.649181,0,train
normal,5338,normal_0150,5,2022-07-12 00:18:45.070,0.5,-0.091714,-0.236839,-2.111435,0,train
normal,5339,normal_0150,6,2022-07-12 00:18:45.170,0.6,-0.228259,-0.161998,70.632705,0,train
normal,5340,normal_0150,7,2022-07-12 00:18:45.270,0.7,-0.083335,0.096595,131.87994,0,train
normal,5341,normal_0150,8,2022-07-12 00:18:45.370,0.8,0.177892,0.19697,184.34789,0,train
normal,5342,normal_0150,9,2022-07-12 00:18:45.470,0.9,-0.057098,-0.13819,209.78513,0,train
normal,5343,normal_0150,10,2022-07-12 00:18:45.570,1.0,-0.01458,-0.204754,191.68022,0,train
normal,5344,normal_0150,11,2022-07-12 00:18:45.670,1.1,-0.034482,-0.174691,150.24294,0,train
normal,5345,normal_0150,12,2022-07-12 00:18:45.770,1.2,-0.253645,-0.070434,90.350996,0,train
normal,5346,normal_0150,13,2022-07-12 00:18:45.870,1.3,-0.003715,0.272117,25.032523,0,train
normal,5347,normal_0150,14,2022-07-12 00:18:45.970,1.4,-0.032688,0.1484,-47.657257,0,train
normal,5348,normal_0151,0,2022-07-12 00:18:52.512,0.0,-0.024027,0.110129,-39.287572,0,train
normal,5349,normal_0151,1,2022-07-12 00:18:52.612,0.1,-0.002967,-0.126791,38.787131,0,train
normal,5350,normal_0151,2,2022-07-12 00:18:52.712,0.2,0.038688,-0.125235,118.63805,0,train
normal,5351,normal_0152,0,2022-07-12 00:19:00.468,0.0,0.038192,-0.27344,30.963782,0,train
normal,5352,normal_0152,1,2022-07-12 00:19:00.568,0.1,-0.004712,-0.063972,-54.582364,0,train
normal,5353,normal_0152,2,2022-07-12 00:19:00.668,0.2,-0.024432,0.073221,-138.10696,0,train
normal,5354,normal_0153,0,2022-07-12 00:19:09.428,0.0,0.099591,0.144591,-5.749703,0,train
normal,5355,normal_0153,1,2022-07-12 00:19:09.528,0.1,0.048331,0.007739,-52.988774,0,train
normal,5356,normal_0153,2,2022-07-12 00:19:09.628,0.2,0.128996,0.000915,-97.125423,0,train
normal,5357,normal_0153,3,2022-07-12 00:19:09.728,0.3,0.03012,0.005309,-104.69414,0,train
normal,5358,normal_0153,4,2022-07-12 00:19:09.828,0.4,-0.014441,-0.043646,-108.59956,0,train
normal,5359,normal_0153,5,2022-07-12 00:19:09.928,0.5,0.044267,0.073179,-98.942649,0,train
normal,5360,normal_0153,6,2022-07-12 00:19:10.028,0.6,-0.007368,0.052312,-80.556045,0,train
normal,5361,normal_0153,7,2022-07-12 00:19:10.128,0.7,0.085048,-0.025697,-47.659045,0,train
normal,5362,normal_0153,8,2022-07-12 00:19:10.228,0.8,0.08255,0.037371,-6.357909,0,train
normal,5363,normal_0153,9,2022-07-12 00:19:10.328,0.9,-0.083151,0.013563,35.451416,0,train
normal,5364,normal_0153,10,2022-07-12 00:19:10.428,1.0,-0.010411,0.025768,87.980996,0,train
normal,5365,normal_0153,11,2022-07-12 00:19:10.528,1.1,-0.013851,0.081217,105.70217,0,train
normal,5366,normal_0153,12,2022-07-12 00:19:10.628,1.2,-0.049069,0.005695,108.93954,0,train
normal,5367,normal_0153,13,2022-07-12 00:19:10.728,1.3,0.114634,-0.003149,105.21437,0,train
normal,5368,normal_0153,14,2022-07-12 00:19:10.828,1.4,0.028009,0.001199,87.953578,0,train
normal,5369,normal_0153,15,2022-07-12 00:19:10.928,1.5,-0.061989,-0.052718,61.605699,0,train
normal,5370,normal_0153,16,2022-07-12 00:19:11.028,1.6,0.013159,0.043081,19.004466,0,train
normal,5371,normal_0153,17,2022-07-12 00:19:11.128,1.7,-0.100692,0.071158,-19.37485,0,train
normal,5372,normal_0153,18,2022-07-12 00:19:11.228,1.8,-0.06754,-0.052672,-71.7671,0,train
normal,5373,normal_0153,19,2022-07-12 00:19:11.328,1.9,0.039566,-0.032327,-102.69274,0,train
normal,5374,normal_0153,20,2022-07-12 00:19:11.428,2.0,-0.086977,-0.0123,-106.03656,0,train
normal,5375,normal_0153,21,2022-07-12 00:19:11.528,2.1,-0.039373,-0.075878,-107.66865,0,train
normal,5376,normal_0153,22,2022-07-12 00:19:11.628,2.2,0.039112,-0.01616,-92.98278,0,train
normal,5377,normal_0153,23,2022-07-12 00:19:11.728,2.3,-0.055063,0.021294,-72.309026,0,train
normal,5378,normal_0153,24,2022-07-12 00:19:11.828,2.4,0.024205,-0.013117,-33.176188,0,train
normal,5379,normal_0153,25,2022-07-12 00:19:11.928,2.5,0.008334,-0.008258,5.798817,0,train
normal,5380,normal_0153,26,2022-07-12 00:19:12.028,2.6,-0.126089,-0.03562,53.776509,0,train
normal,5381,normal_0153,27,2022-07-12 00:19:12.128,2.7,-0.009241,0.040322,98.483693,0,train
normal,5382,normal_0153,28,2022-07-12 00:19:12.228,2.8,0.009367,0.087961,106.32147,0,train
normal,5383,normal_0153,29,2022-07-12 00:19:12.328,2.9,-0.027815,-0.088003,109.97678,0,train
normal,5384,normal_0153,30,2022-07-12 00:19:12.428,3.0,0.06418,-0.083349,100.07311,0,train
normal,5385,normal_0153,31,2022-07-12 00:19:12.528,3.1,-0.045617,0.020182,81.591854,0,train
normal,5386,normal_0153,32,2022-07-12 00:19:12.628,3.2,-0.037613,-0.027604,48.317677,0,train
normal,5387,normal_0153,33,2022-07-12 00:19:12.728,3.3,0.015804,-0.018363,6.801129,0,train
normal,5388,normal_0153,34,2022-07-12 00:19:12.828,3.4,-0.116632,-0.005601,-35.161023,0,train
normal,5389,normal_0153,35,2022-07-12 00:19:12.928,3.5,0.040463,0.024314,-87.200652,0,train
normal,5390,normal_0153,36,2022-07-12 00:19:13.028,3.6,0.049852,0.018252,-104.45572,0,train
normal,5391,normal_0153,37,2022-07-12 00:19:13.128,3.7,-0.101634,-0.096927,-107.85021,0,train
normal,5392,normal_0153,38,2022-07-12 00:19:13.228,3.8,0.027157,0.000859,-104.28501,0,train
normal,5393,normal_0153,39,2022-07-12 00:19:13.328,3.9,-0.03029,0.095817,-87.05319,0,train
normal,5394,normal_0153,40,2022-07-12 00:19:13.428,4.0,-0.035047,-0.034268,-61.306007,0,train
normal,5395,normal_0153,41,2022-07-12 00:19:13.528,4.1,0.078485,-0.033621,-19.61899,0,train
normal,5396,normal_0153,42,2022-07-12 00:19:13.628,4.2,-0.063521,-0.007815,18.795731,0,train
normal,5397,normal_0153,43,2022-07-12 00:19:13.728,4.3,0.008674,-0.069872,71.828135,0,train
normal,5398,normal_0153,44,2022-07-12 00:19:13.828,4.4,0.098399,-0.052888,103.71543,0,train
normal,5399,normal_0153,45,2022-07-12 00:19:13.928,4.5,-0.039066,-0.024028,107.31627,0,train
normal,5400,normal_0153,46,2022-07-12 00:19:14.028,4.6,0.043381,0.026619,108.70839,0,train
normal,5401,normal_0153,47,2022-07-12 00:19:14.128,4.7,0.030064,-0.005193,94.267499,0,train
normal,5402,normal_0153,48,2022-07-12 00:19:14.228,4.8,-0.081289,-0.067443,73.497066,0,train
normal,5403,normal_0153,49,2022-07-12 00:19:14.328,4.9,0.052032,0.087802,34.426574,0,train
normal,5404,normal_0154,0,2022-07-12 00:19:17.374,0.0,0.025044,0.109853,43.069964,0,train
normal,5405,normal_0154,1,2022-07-12 00:19:17.474,0.1,0.005641,0.118618,-13.195159,0,train
normal,5406,normal_0154,2,2022-07-12 00:19:17.574,0.2,-0.108425,-0.033595,-56.797154,0,train
normal,5407,normal_0154,3,2022-07-12 00:19:17.674,0.3,0.104086,-0.081325,-108.20354,0,train
normal,5408,normal_0154,4,2022-07-12 00:19:17.774,0.4,0.020832,-0.082324,-145.22995,0,train
normal,5409,normal_0154,5,2022-07-12 00:19:17.874,0.5,-0.043711,0.016018,-136.95528,0,train
normal,5410,normal_0154,6,2022-07-12 00:19:17.974,0.6,0.09095,0.126713,-123.09219,0,train
normal,5411,normal_0154,7,2022-07-12 00:19:18.074,0.7,-0.077623,0.017063,-93.513381,0,train
normal,5412,normal_0154,8,2022-07-12 00:19:18.174,0.8,-0.034946,-0.057903,-57.825811,0,train
normal,5413,normal_0154,9,2022-07-12 00:19:18.274,0.9,0.067437,-0.040305,-6.006599,0,train
normal,5414,normal_0154,10,2022-07-12 00:19:18.374,1.0,-0.153191,-0.061093,43.580895,0,train
normal,5415,normal_0154,11,2022-07-12 00:19:18.474,1.1,-0.024161,0.065712,89.710842,0,train
normal,5416,normal_0154,12,2022-07-12 00:19:18.574,1.2,0.064883,0.113952,139.14372,0,train
normal,5417,normal_0154,13,2022-07-12 00:19:18.674,1.3,-0.083936,-0.049615,142.18261,0,train
normal,5418,normal_0154,14,2022-07-12 00:19:18.774,1.4,0.124737,-0.075273,129.22896,0,train
normal,5419,normal_0154,15,2022-07-12 00:19:18.874,1.5,0.043175,-0.054497,105.2375,0,train
normal,5420,normal_0154,16,2022-07-12 00:19:18.974,1.6,-0.162659,-0.02516,71.353325,0,train
normal,5421,normal_0154,17,2022-07-12 00:19:19.074,1.7,0.047694,0.115938,27.116779,0,train
normal,5422,normal_0154,18,2022-07-12 00:19:19.174,1.8,-0.084708,0.05362,-26.585582,0,train
normal,5423,normal_0154,19,2022-07-12 00:19:19.274,1.9,-0.106642,-0.076147,-69.16035,0,train
normal,5424,normal_0154,20,2022-07-12 00:19:19.374,2.0,0.169469,-0.05427,-123.3355,0,train
normal,5425,normal_0154,21,2022-07-12 00:19:19.474,2.1,-0.027873,-0.067519,-142.46763,0,train
normal,5426,normal_0154,22,2022-07-12 00:19:19.574,2.2,-0.042337,0.036874,-131.42873,0,train
normal,5427,normal_0154,23,2022-07-12 00:19:19.674,2.3,0.084887,0.120684,-114.90156,0,train
normal,5428,normal_0154,24,2022-07-12 00:19:19.774,2.4,-0.11308,-0.019461,-82.579742,0,train
normal,5429,normal_0154,25,2022-07-12 00:19:19.874,2.5,0.005971,-0.05998,-44.844752,0,train
normal,5430,normal_0154,26,2022-07-12 00:19:19.974,2.6,0.08097,-0.043337,9.389998,0,train
normal,5431,normal_0154,27,2022-07-12 00:19:20.074,2.7,-0.095085,-0.043938,53.41757,0,train
normal,5432,normal_0154,28,2022-07-12 00:19:20.174,2.8,0.045242,0.081413,105.44432,0,train
normal,5433,normal_0154,29,2022-07-12 00:19:20.274,2.9,0.039974,0.065984,142.08879,0,train
normal,5434,normal_0154,30,2022-07-12 00:19:20.374,3.0,-0.034753,-0.054406,135.1489,0,train
normal,5435,normal_0154,31,2022-07-12 00:19:20.474,3.1,0.107889,-0.043041,122.37836,0,train
normal,5436,normal_0154,32,2022-07-12 00:19:20.574,3.2,-0.050444,-0.047628,94.405662,0,train
normal,5437,normal_0154,33,2022-07-12 00:19:20.674,3.3,-0.057596,0.034479,61.215527,0,train
normal,5438,normal_0154,34,2022-07-12 00:19:20.774,3.4,0.073307,0.115121,11.523725,0,train
normal,5439,normal_0154,35,2022-07-12 00:19:20.874,3.5,-0.104792,-0.015033,-36.387567,0,train
normal,5440,normal_0154,36,2022-07-12 00:19:20.974,3.6,0.063248,-0.055462,-82.238326,0,train
normal,5441,normal_0154,37,2022-07-12 00:19:21.074,3.7,0.13609,-0.030712,-132.0423,0,train
normal,5442,normal_0154,38,2022-07-12 00:19:21.174,3.8,-0.098003,-0.045982,-136.00971,0,train
normal,5443,normal_0154,39,2022-07-12 00:19:21.274,3.9,0.067994,0.082072,-125.54599,0,train
normal,5444,normal_0154,40,2022-07-12 00:19:21.374,4.0,0.000532,0.067063,-104.70725,0,train
normal,5445,normal_0154,41,2022-07-12 00:19:21.474,4.1,-0.121663,-0.066826,-73.450693,0,train
normal,5446,normal_0154,42,2022-07-12 00:19:21.574,4.2,0.152485,0.005199,-31.112317,0,train
normal,5447,normal_0154,43,2022-07-12 00:19:21.674,4.3,0.019163,-0.032165,21.358969,0,train
normal,5448,normal_0154,44,2022-07-12 00:19:21.774,4.4,-0.082835,-0.031348,63.724168,0,train
normal,5449,normal_0154,45,2022-07-12 00:19:21.874,4.5,0.105948,0.124283,118.60193,0,train
normal,5450,normal_0154,46,2022-07-12 00:19:21.974,4.6,-0.058175,0.003734,138.72911,0,train
normal,5451,normal_0154,47,2022-07-12 00:19:22.074,4.7,-0.023548,-0.063012,129.14981,0,train
normal,5452,normal_0154,48,2022-07-12 00:19:22.174,4.8,0.125259,-0.00385,114.64156,0,train
normal,5453,normal_0154,49,2022-07-12 00:19:22.274,4.9,-0.082721,-0.059186,85.136185,0,train
normal,5454,normal_0155,0,2022-07-12 00:19:24.471,0.0,0.017857,0.011882,101.17258,0,train
normal,5455,normal_0155,1,2022-07-12 00:19:24.571,0.1,0.05329,0.060905,79.103122,0,train
normal,5456,normal_0155,2,2022-07-12 00:19:24.671,0.2,0.099691,-0.006579,44.77573,0,train
normal,5457,normal_0155,3,2022-07-12 00:19:24.771,0.3,0.039507,-0.037221,-1.356006,0,train
normal,5458,normal_0155,4,2022-07-12 00:19:24.871,0.4,0.00975,0.07756,-42.922502,0,train
normal,5459,normal_0155,5,2022-07-12 00:19:24.971,0.5,0.036533,0.040446,-94.892871,0,train
normal,5460,normal_0155,6,2022-07-12 00:19:25.071,0.6,-0.005213,0.013937,-114.25365,0,train
normal,5461,normal_0155,7,2022-07-12 00:19:25.171,0.7,0.019616,0.046793,-113.04547,0,train
normal,5462,normal_0155,8,2022-07-12 00:19:25.271,0.8,0.036465,-0.048802,-106.59267,0,train
normal,5463,normal_0155,9,2022-07-12 00:19:25.371,0.9,0.003506,8.6e-05,-84.944854,0,train
normal,5464,normal_0155,10,2022-07-12 00:19:25.471,1.0,0.008638,0.10323,-56.458122,0,train
normal,5465,normal_0155,11,2022-07-12 00:19:25.571,1.1,0.018231,0.030762,-9.861232,0,train
normal,5466,normal_0155,12,2022-07-12 00:19:25.671,1.2,-0.014784,-0.0029,31.588201,0,train
normal,5467,normal_0155,13,2022-07-12 00:19:25.771,1.3,-0.015533,-0.025221,82.021485,0,train
normal,5468,normal_0155,14,2022-07-12 00:19:25.871,1.4,0.036998,-0.025675,115.24249,0,train
normal,5469,normal_0155,15,2022-07-12 00:19:25.971,1.5,0.001803,0.014629,115.00563,0,train
normal,5470,normal_0155,16,2022-07-12 00:19:26.071,1.6,0.018572,0.024234,111.8107,0,train
normal,5471,normal_0155,17,2022-07-12 00:19:26.171,1.7,0.06864,0.082419,92.757117,0,train
normal,5472,normal_0155,18,2022-07-12 00:19:26.271,1.8,-0.011401,0.015185,68.181642,0,train
normal,5473,normal_0155,19,2022-07-12 00:19:26.371,1.9,-0.013331,-0.107997,25.835398,0,train
normal,5474,normal_0155,20,2022-07-12 00:19:26.471,2.0,-0.05586,-0.036324,-18.253448,0,train
normal,5475,normal_0155,21,2022-07-12 00:19:26.571,2.1,-0.079918,0.052742,-64.1625,0,train
normal,5476,normal_0155,22,2022-07-12 00:19:26.671,2.2,0.062918,0.037688,-109.33174,0,train
normal,5477,normal_0155,23,2022-07-12 00:19:26.771,2.3,0.017414,-0.030273,-115.56448,0,train
normal,5478,normal_0155,24,2022-07-12 00:19:26.871,2.4,0.004312,-0.036892,-113.45388,0,train
normal,5479,normal_0155,25,2022-07-12 00:19:26.971,2.5,0.045661,-0.016808,-99.205863,0,train
normal,5480,normal_0155,26,2022-07-12 00:19:27.071,2.6,-0.10234,0.001403,-75.041899,0,train
normal,5481,normal_0155,27,2022-07-12 00:19:27.171,2.7,-0.05376,0.07789,-38.606291,0,train
normal,5482,normal_0155,28,2022-07-12 00:19:27.271,2.8,-0.017157,-0.002514,9.019018,0,train
normal,5483,normal_0155,29,2022-07-12 00:19:27.371,2.9,-0.067157,-0.092716,51.092988,0,train
normal,5484,normal_0155,30,2022-07-12 00:19:27.471,3.0,0.082763,-0.020021,101.35926,0,train
normal,5485,normal_0155,31,2022-07-12 00:19:27.571,3.1,0.048227,0.009713,119.07293,0,train
normal,5486,normal_0155,32,2022-07-12 00:19:27.671,3.2,-0.035413,0.053446,116.00877,0,train
normal,5487,normal_0155,33,2022-07-12 00:19:27.771,3.3,-0.024264,0.045703,106.48788,0,train
normal,5488,normal_0155,34,2022-07-12 00:19:27.871,3.4,-0.142622,-0.056794,82.860122,0,train
normal,5489,normal_0155,35,2022-07-12 00:19:27.971,3.5,-0.069495,-0.055545,52.868134,0,train
normal,5490,normal_0155,36,2022-07-12 00:19:28.071,3.6,0.021626,-0.03503,5.145074,0,train
normal,5491,normal_0155,37,2022-07-12 00:19:28.171,3.7,-0.050842,0.001334,-36.43239,0,train
normal,5492,normal_0155,38,2022-07-12 00:19:28.271,3.8,0.069866,0.039867,-85.924636,0,train
normal,5493,normal_0155,39,2022-07-12 00:19:28.371,3.9,0.048454,-0.05005,-117.87428,0,train
normal,5494,normal_0155,40,2022-07-12 00:19:28.471,4.0,-0.100774,-0.062391,-116.37665,0,train
normal,5495,normal_0155,41,2022-07-12 00:19:28.571,4.1,-0.01567,-0.021815,-111.30549,0,train
normal,5496,normal_0155,42,2022-07-12 00:19:28.671,4.2,-0.053045,-0.048836,-90.184342,0,train
normal,5497,normal_0155,43,2022-07-12 00:19:28.771,4.3,-0.066941,0.021373,-63.382395,0,train
normal,5498,normal_0155,44,2022-07-12 00:19:28.871,4.4,0.100531,0.051016,-18.924477,0,train
normal,5499,normal_0155,45,2022-07-12 00:19:28.971,4.5,0.055129,-0.043034,26.217583,0,train
normal,5500,normal_0155,46,2022-07-12 00:19:29.071,4.6,-0.012082,-0.067523,71.451672,0,train
normal,5501,normal_0156,0,2022-07-12 00:19:32.476,0.0,-0.060966,-0.293154,-83.607445,0,train
normal,5502,normal_0156,1,2022-07-12 00:19:32.576,0.1,-0.015973,-0.137046,-162.57073,0,train
normal,5503,normal_0156,2,2022-07-12 00:19:32.676,0.2,-0.10345,0.000396,-225.26267,0,train
normal,5504,normal_0156,3,2022-07-12 00:19:32.776,0.3,0.018325,0.212214,-256.41731,0,train
normal,5505,normal_0156,4,2022-07-12 00:19:32.876,0.4,0.144539,0.225486,-238.71007,0,train
normal,5506,normal_0156,5,2022-07-12 00:19:32.976,0.5,0.008607,-0.166304,-190.90118,0,train
normal,5507,normal_0156,6,2022-07-12 00:19:33.076,0.6,-0.078518,-0.269857,-116.65811,0,train
normal,5508,normal_0156,7,2022-07-12 00:19:33.176,0.7,-0.057549,-0.042031,-34.00958,0,train
normal,5509,normal_0156,8,2022-07-12 00:19:33.276,0.8,-0.009536,0.132594,53.915388,0,train
normal,5510,normal_0156,9,2022-07-12 00:19:33.376,0.9,0.064544,0.265166,138.71814,0,train
normal,5511,normal_0156,10,2022-07-12 00:19:33.476,1.0,0.068756,0.06335,207.302,0,train
normal,5512,normal_0156,11,2022-07-12 00:19:33.576,1.1,0.048332,-0.251067,253.15395,0,train
normal,5513,normal_0156,12,2022-07-12 00:19:33.676,1.2,-0.032356,-0.190588,250.54994,0,train
normal,5514,normal_0156,13,2022-07-12 00:19:33.776,1.3,-0.043686,0.004654,212.15859,0,train
normal,5515,normal_0156,14,2022-07-12 00:19:33.876,1.4,0.114839,0.233025,145.27025,0,train
normal,5516,normal_0156,15,2022-07-12 00:19:33.976,1.5,0.092678,0.268163,62.969334,0,train
normal,5517,normal_0156,16,2022-07-12 00:19:34.076,1.6,-0.010103,-0.089431,-22.681954,0,train
normal,5518,normal_0156,17,2022-07-12 00:19:34.176,1.7,0.020618,-0.236081,-111.53807,0,train
normal,5519,normal_0156,18,2022-07-12 00:19:34.276,1.8,-0.082662,-0.113307,-185.3533,0,train
normal,5520,normal_0156,19,2022-07-12 00:19:34.376,1.9,-0.034842,0.056618,-241.63178,0,train
normal,5521,normal_0156,20,2022-07-12 00:19:34.476,2.0,0.252725,0.314734,-255.41022,0,train
normal,5522,normal_0156,21,2022-07-12 00:19:34.576,2.1,0.148331,0.130743,-226.57183,0,train
normal,5523,normal_0156,22,2022-07-12 00:19:34.676,2.2,-0.006913,-0.238953,-169.38736,0,train
normal,5524,normal_0156,23,2022-07-12 00:19:34.776,2.3,0.01669,-0.151817,-89.349161,0,train
normal,5525,normal_0156,24,2022-07-12 00:19:34.876,2.4,-0.136795,-0.027964,-5.503417,0,train
normal,5526,normal_0156,25,2022-07-12 00:19:34.976,2.5,-0.057685,0.129858,83.628188,0,train
normal,5527,normal_0156,26,2022-07-12 00:19:35.076,2.6,0.155348,0.313429,162.55238,0,train
normal,5528,normal_0156,27,2022-07-12 00:19:35.176,2.7,0.092053,-0.012944,226.54929,0,train
normal,5529,normal_0156,28,2022-07-12 00:19:35.276,2.8,0.025693,-0.30898,257.56207,0,train
normal,5530,normal_0156,29,2022-07-12 00:19:35.376,2.9,-0.002247,-0.133493,240.57856,0,train
normal,5531,normal_0156,30,2022-07-12 00:19:35.476,3.0,-0.032083,0.069742,193.40029,0,train
normal,5532,normal_0156,31,2022-07-12 00:19:35.576,3.1,0.034628,0.222455,118.15967,0,train
normal,5533,normal_0156,32,2022-07-12 00:19:35.676,3.2,0.036638,0.180096,35.209183,0,train
normal,5534,normal_0156,33,2022-07-12 00:19:35.776,3.3,-0.001759,-0.138874,-52.999384,0,train
normal,5535,normal_0157,0,2022-07-12 00:19:40.568,0.0,0.006172,0.158108,2.629757,0,train
normal,5536,normal_0157,1,2022-07-12 00:19:40.668,0.1,0.04634,0.167225,65.914162,0,train
normal,5537,normal_0157,2,2022-07-12 00:19:40.768,0.2,-0.090683,-0.063564,108.29402,0,train
normal,5538,normal_0157,3,2022-07-12 00:19:40.868,0.3,0.080945,-0.136157,161.54434,0,train
normal,5539,normal_0157,4,2022-07-12 00:19:40.968,0.4,0.029469,-0.095081,170.81084,0,train
normal,5540,normal_0157,5,2022-07-12 00:19:41.068,0.5,-0.091001,0.002409,146.22654,0,train
normal,5541,normal_0157,6,2022-07-12 00:19:41.168,0.6,0.099598,0.155554,116.64595,0,train
normal,5542,normal_0157,7,2022-07-12 00:19:41.268,0.7,0.004821,0.095143,71.009406,0,train
normal,5543,normal_0157,8,2022-07-12 00:19:41.368,0.8,-0.079011,-0.068276,21.235945,0,train
normal,5544,normal_0157,9,2022-07-12 00:19:41.468,0.9,0.056512,-0.104709,-45.65621,0,train
normal,5545,normal_0157,10,2022-07-12 00:19:41.568,1.0,-0.112606,-0.080345,-91.588031,0,train
normal,5546,normal_0157,11,2022-07-12 00:19:41.668,1.1,-0.066705,0.088365,-142.53523,0,train
normal,5547,normal_0157,12,2022-07-12 00:19:41.768,1.2,0.169182,0.178873,-172.47595,0,train
normal,5548,normal_0157,13,2022-07-12 00:19:41.868,1.3,0.030003,-0.026689,-152.18868,0,train
normal,5549,normal_0157,14,2022-07-12 00:19:41.968,1.4,0.023259,-0.128096,-127.72049,0,train
normal,5550,normal_0157,15,2022-07-12 00:19:42.068,1.5,0.021681,-0.070286,-84.918628,0,train
normal,5551,normal_0157,16,2022-07-12 00:19:42.168,1.6,-0.135006,-0.010374,-38.303022,0,train
normal,5552,normal_0157,17,2022-07-12 00:19:42.268,1.7,-0.017783,0.126921,24.600866,0,train
normal,5553,normal_0157,18,2022-07-12 00:19:42.368,1.8,0.010884,0.114863,79.196582,0,train
normal,5554,normal_0158,0,2022-07-12 00:19:48.638,0.0,0.146418,0.127499,11.291028,0,train
normal,5555,normal_0158,1,2022-07-12 00:19:48.738,0.1,-0.047938,0.0265,-30.887607,0,train
normal,5556,normal_0158,2,2022-07-12 00:19:48.838,0.2,0.046941,-0.064496,-85.360537,0,train
normal,5557,normal_0158,3,2022-07-12 00:19:48.938,0.3,0.076141,0.022754,-107.29851,0,train
normal,5558,normal_0158,4,2022-07-12 00:19:49.038,0.4,-0.048461,-0.004052,-109.59638,0,train
normal,5559,normal_0158,5,2022-07-12 00:19:49.138,0.5,0.150392,-0.015337,-107.58652,0,train
normal,5560,normal_0159,0,2022-07-12 00:19:57.844,0.0,0.11947,-0.124729,-171.28327,0,train
normal,5561,normal_0159,1,2022-07-12 00:19:57.944,0.1,-0.021935,-0.067486,-151.8357,0,train
normal,5562,normal_0159,2,2022-07-12 00:19:58.044,0.2,-0.175953,-0.046448,-124.18379,0,train
normal,5563,normal_0159,3,2022-07-12 00:19:58.144,0.3,0.083583,0.173816,-78.694115,0,train
normal,5564,normal_0159,4,2022-07-12 00:19:58.244,0.4,0.00722,0.112634,-29.112104,0,train
normal,5565,normal_0159,5,2022-07-12 00:19:58.344,0.5,-0.007073,-0.132415,37.323122,0,train
normal,5566,normal_0159,6,2022-07-12 00:19:58.444,0.6,0.152111,-0.074059,88.484059,0,train
normal,5567,normal_0159,7,2022-07-12 00:19:58.544,0.7,-0.06116,-0.056973,136.47975,0,train
normal,5568,normal_0159,8,2022-07-12 00:19:58.644,0.8,-0.064668,0.037169,171.90351,0,train
normal,5569,normal_0159,9,2022-07-12 00:19:58.744,0.9,0.043653,0.203573,158.24511,0,train
normal,5570,normal_0159,10,2022-07-12 00:19:58.844,1.0,-0.097207,-0.004362,134.68696,0,train
normal,5571,normal_0159,11,2022-07-12 00:19:58.944,1.1,0.022956,-0.131223,94.837915,0,train
normal,5572,normal_0159,12,2022-07-12 00:19:59.044,1.2,0.050442,-0.067974,49.910194,0,train
normal,5573,normal_0159,13,2022-07-12 00:19:59.144,1.3,-0.082777,-0.052125,-11.422159,0,train
normal,5574,normal_0159,14,2022-07-12 00:19:59.244,1.4,0.071253,0.138531,-70.39977,0,train
normal,5575,normal_0159,15,2022-07-12 00:19:59.344,1.5,0.012341,0.126632,-112.97072,0,train
normal,5576,normal_0159,16,2022-07-12 00:19:59.444,1.6,-0.079235,-0.10653,-162.34996,0,train
normal,5577,normal_0159,17,2022-07-12 00:19:59.544,1.7,0.086625,-0.085628,-162.42387,0,train
normal,5578,normal_0159,18,2022-07-12 00:19:59.644,1.8,-0.088317,-0.063297,-140.63277,0,train
normal,5579,normal_0159,19,2022-07-12 00:19:59.744,1.9,-0.100681,0.019832,-109.6486,0,train
normal,5580,normal_0159,20,2022-07-12 00:19:59.844,2.0,0.108855,0.214507,-65.04608,0,train
normal,5581,normal_0159,21,2022-07-12 00:19:59.944,2.1,-0.075999,0.041869,-12.035014,0,train
normal,5582,normal_0159,22,2022-07-12 00:20:00.044,2.2,0.030597,-0.141021,54.191834,0,train
normal,5583,normal_0159,23,2022-07-12 00:20:00.144,2.3,0.073285,-0.09873,95.685136,0,train
normal,5584,normal_0159,24,2022-07-12 00:20:00.244,2.4,-0.189089,-0.089613,146.92308,0,train
normal,5585,normal_0159,25,2022-07-12 00:20:00.344,2.5,0.06863,0.116142,167.85826,0,train
normal,5586,normal_0159,26,2022-07-12 00:20:00.444,2.6,0.066655,0.184,146.51729,0,train
normal,5587,normal_0159,27,2022-07-12 00:20:00.544,2.7,-0.113476,-0.075229,122.21719,0,train
normal,5588,normal_0159,28,2022-07-12 00:20:00.644,2.8,0.111148,-0.094654,80.888758,0,train
normal,5589,normal_0159,29,2022-07-12 00:20:00.744,2.9,-0.064419,-0.059709,35.690073,0,train
normal,5590,normal_0159,30,2022-07-12 00:20:00.844,3.0,-0.128939,-0.01584,-30.567173,0,train
normal,5591,normal_0159,31,2022-07-12 00:20:00.944,3.1,0.134002,0.185295,-78.278909,0,train
normal,5592,normal_0159,32,2022-07-12 00:20:01.044,3.2,-0.013261,0.054028,-124.06458,0,train
normal,5593,normal_0159,33,2022-07-12 00:20:01.144,3.3,0.019016,-0.147981,-164.90092,0,train
normal,5594,normal_0159,34,2022-07-12 00:20:01.244,3.4,0.132095,-0.061071,-151.04069,0,train
normal,5595,normal_0159,35,2022-07-12 00:20:01.344,3.5,-0.100658,-0.040908,-130.36157,0,train
normal,5596,normal_0159,36,2022-07-12 00:20:01.444,3.6,-0.041099,0.064746,-94.815266,0,train
normal,5597,normal_0159,37,2022-07-12 00:20:01.544,3.7,0.021707,0.178653,-52.09375,0,train
normal,5598,normal_0159,38,2022-07-12 00:20:01.644,3.8,-0.069721,-0.041578,7.353903,0,train
normal,5599,normal_0159,39,2022-07-12 00:20:01.744,3.9,0.100533,-0.121732,65.332063,0,train
normal,5600,normal_0159,40,2022-07-12 00:20:01.844,4.0,0.040474,-0.071516,106.25507,0,train
normal,5601,normal_0159,41,2022-07-12 00:20:01.944,4.1,-0.060604,-0.0442,157.18986,0,train
normal,5602,normal_0159,42,2022-07-12 00:20:02.044,4.2,0.113067,0.168026,159.08446,0,train
normal,5603,normal_0159,43,2022-07-12 00:20:02.144,4.3,-0.024364,0.108274,137.9837,0,train
normal,5604,normal_0159,44,2022-07-12 00:20:02.244,4.4,-0.078054,-0.097107,109.21873,0,train
normal,5605,normal_0159,45,2022-07-12 00:20:02.344,4.5,0.073796,-0.06106,68.032869,0,train
normal,5606,normal_0159,46,2022-07-12 00:20:02.444,4.6,-0.108129,-0.095358,17.508747,0,train
normal,5607,normal_0159,47,2022-07-12 00:20:02.544,4.7,-0.031664,0.028824,-46.321278,0,train
normal,5608,normal_0159,48,2022-07-12 00:20:02.644,4.8,0.156834,0.217436,-88.629137,0,train
normal,5609,normal_0159,49,2022-07-12 00:20:02.744,4.9,-0.021867,-0.003431,-140.72551,0,train
normal,5610,normal_0160,0,2022-07-12 00:20:04.636,0.0,0.074319,-0.015373,3.994346,0,train
normal,5611,normal_0160,1,2022-07-12 00:20:04.736,0.1,0.070493,0.006698,-38.928513,0,train
normal,5612,normal_0160,2,2022-07-12 00:20:04.836,0.2,-0.035001,0.009434,-91.814171,0,train
normal,5613,normal_0160,3,2022-07-12 00:20:04.936,0.3,0.084128,0.026521,-109.74337,0,train
normal,5614,normal_0160,4,2022-07-12 00:20:05.036,0.4,0.086751,0.047922,-110.41678,0,train
normal,5615,normal_0160,5,2022-07-12 00:20:05.136,0.5,0.017587,0.017348,-106.12227,0,train
normal,5616,normal_0160,6,2022-07-12 00:20:05.236,0.6,0.091372,0.032095,-87.46029,0,train
normal,5617,normal_0160,7,2022-07-12 00:20:05.336,0.7,0.013625,0.009639,-61.125405,0,train
normal,5618,normal_0160,8,2022-07-12 00:20:05.436,0.8,-0.066813,-0.015929,-16.435983,0,train
normal,5619,normal_0160,9,2022-07-12 00:20:05.536,0.9,0.063125,0.029984,24.456742,0,train
normal,5620,normal_0160,10,2022-07-12 00:20:05.636,1.0,0.026408,0.018403,77.418098,0,train
normal,5621,normal_0160,11,2022-07-12 00:20:05.736,1.1,0.051442,0.026907,110.13783,0,train
normal,5622,normal_0160,12,2022-07-12 00:20:05.836,1.2,0.148831,0.035978,111.30322,0,train
normal,5623,normal_0160,13,2022-07-12 00:20:05.936,1.3,-0.05437,-0.026476,111.34995,0,train
normal,5624,normal_0160,14,2022-07-12 00:20:06.036,1.4,-0.033923,0.05957,95.145118,0,train
normal,5625,normal_0160,15,2022-07-12 00:20:06.136,1.5,0.03456,0.100987,72.901258,0,train
normal,5626,normal_0160,16,2022-07-12 00:20:06.236,1.6,-0.088101,-0.043313,31.526569,0,train
normal,5627,normal_0160,17,2022-07-12 00:20:06.336,1.7,0.029531,-0.052941,-11.071445,0,train
normal,5628,normal_0160,18,2022-07-12 00:20:06.436,1.8,0.002646,-0.014442,-59.182413,0,train
normal,5629,normal_0160,19,2022-07-12 00:20:06.536,1.9,-0.075885,0.009287,-104.61582,0,train
normal,5630,normal_0160,20,2022-07-12 00:20:06.636,2.0,0.063727,0.054711,-110.42179,0,train
normal,5631,normal_0160,21,2022-07-12 00:20:06.736,2.1,-0.070889,-0.029541,-111.61615,0,train
normal,5632,normal_0160,22,2022-07-12 00:20:06.836,2.2,-0.078098,-0.025727,-100.27863,0,train
normal,5633,normal_0160,23,2022-07-12 00:20:06.936,2.3,0.066883,0.071321,-79.886446,0,train
normal,5634,normal_0160,24,2022-07-12 00:20:07.036,2.4,-0.083207,-0.006381,-45.741444,0,train
normal,5635,normal_0160,25,2022-07-12 00:20:07.136,2.5,-0.03256,-0.010241,-0.699997,0,train
normal,5636,normal_0160,26,2022-07-12 00:20:07.236,2.6,0.01577,0.050283,42.195325,0,train
normal,5637,normal_0160,27,2022-07-12 00:20:07.336,2.7,-0.068096,-0.038545,95.339786,0,train
normal,5638,normal_0160,28,2022-07-12 00:20:07.436,2.8,0.04907,-0.054575,112.6026,0,train
normal,5639,normal_0160,29,2022-07-12 00:20:07.536,2.9,0.003509,-0.048887,112.78297,0,train
normal,5640,normal_0160,30,2022-07-12 00:20:07.636,3.0,-0.09858,-0.030938,107.48483,0,train
normal,5641,normal_0160,31,2022-07-12 00:20:07.736,3.1,-0.008628,0.03633,88.013898,0,train
normal,5642,normal_0160,32,2022-07-12 00:20:07.836,3.2,-0.044493,-0.060173,60.641534,0,train
normal,5643,normal_0160,33,2022-07-12 00:20:07.936,3.3,-0.039543,-0.072525,14.579775,0,train
normal,5644,normal_0160,34,2022-07-12 00:20:08.036,3.4,0.086138,0.03104,-26.568774,0,train
normal,5645,normal_0160,35,2022-07-12 00:20:08.136,3.5,-0.010933,-0.040213,-79.607139,0,train
normal,5646,normal_0160,36,2022-07-12 00:20:08.236,3.6,-0.037295,-0.044335,-110.99101,0,train
normal,5647,normal_0160,37,2022-07-12 00:20:08.336,3.7,0.010843,0.056142,-110.89279,0,train
normal,5648,normal_0160,38,2022-07-12 00:20:08.436,3.8,-0.061841,-0.010763,-110.22068,0,train
normal,5649,normal_0160,39,2022-07-12 00:20:08.536,3.9,0.014896,-0.055416,-93.109619,0,train
normal,5650,normal_0160,40,2022-07-12 00:20:08.636,4.0,0.025739,-0.004439,-70.511588,0,train
normal,5651,normal_0160,41,2022-07-12 00:20:08.736,4.1,-0.070242,0.009219,-28.623704,0,train
normal,5652,normal_0160,42,2022-07-12 00:20:08.836,4.2,0.008402,0.018324,14.056207,0,train
normal,5653,normal_0160,43,2022-07-12 00:20:08.936,4.3,-0.032436,-0.065486,62.513478,0,train
normal,5654,normal_0160,44,2022-07-12 00:20:09.036,4.4,-0.082265,-0.080404,107.70549,0,train
normal,5655,normal_0160,45,2022-07-12 00:20:09.136,4.5,0.067598,0.047888,112.67306,0,train
normal,5656,normal_0160,46,2022-07-12 00:20:09.236,4.6,-0.03247,-0.017791,113.23573,0,train
normal,5657,normal_0160,47,2022-07-12 00:20:09.336,4.7,-0.054052,-0.067302,101.16507,0,train
normal,5658,normal_0160,48,2022-07-12 00:20:09.436,4.8,0.078259,0.07123,80.458889,0,train
normal,5659,normal_0160,49,2022-07-12 00:20:09.536,4.9,-0.02593,0.054893,45.535689,0,train
normal,5660,normal_0161,0,2022-07-12 00:20:12.569,0.0,-0.077741,-0.241022,-16.5993,0,train
normal,5661,normal_0161,1,2022-07-12 00:20:12.669,0.1,-0.066297,-0.028989,71.749696,0,train
normal,5662,normal_0161,2,2022-07-12 00:20:12.769,0.2,0.128366,0.224303,151.71542,0,train
normal,5663,normal_0161,3,2022-07-12 00:20:12.869,0.3,0.103286,0.258749,213.93731,0,train
normal,5664,normal_0161,4,2022-07-12 00:20:12.969,0.4,-0.032135,-0.084438,247.91232,0,train
normal,5665,normal_0161,5,2022-07-12 00:20:13.069,0.5,-0.016604,-0.227307,234.58805,0,train
normal,5666,normal_0161,6,2022-07-12 00:20:13.169,0.6,-0.146213,-0.1457,192.33515,0,train
normal,5667,normal_0161,7,2022-07-12 00:20:13.269,0.7,-0.128411,0.019024,123.81841,0,train
normal,5668,normal_0161,8,2022-07-12 00:20:13.369,0.8,0.166638,0.31128,44.693237,0,train
normal,5669,normal_0161,9,2022-07-12 00:20:13.469,0.9,0.140514,0.144467,-40.864115,0,train
normal,5670,normal_0161,10,2022-07-12 00:20:13.569,1.0,0.019306,-0.257428,-126.19437,0,train
normal,5671,normal_0161,11,2022-07-12 00:20:13.669,1.1,0.006068,-0.189013,-193.41137,0,train
normal,5672,normal_0161,12,2022-07-12 00:20:13.769,1.2,-0.122348,-0.037833,-240.54435,0,train
normal,5673,normal_0161,13,2022-07-12 00:20:13.869,1.3,-0.085904,0.126222,-241.79009,0,train
normal,5674,normal_0161,14,2022-07-12 00:20:13.969,1.4,0.068193,0.32151,-207.83117,0,train
normal,5675,normal_0161,15,2022-07-12 00:20:14.069,1.5,0.052026,0.024565,-148.45981,0,train
normal,5676,normal_0161,16,2022-07-12 00:20:14.169,1.6,-0.0159,-0.305838,-70.666083,0,train
normal,5677,normal_0161,17,2022-07-12 00:20:14.269,1.7,-0.044601,-0.170166,12.202622,0,train
normal,5678,normal_0161,18,2022-07-12 00:20:14.369,1.8,-0.002719,0.078913,101.06708,0,train
normal,5679,normal_0161,19,2022-07-12 00:20:14.469,1.9,0.07739,0.236508,174.73068,0,train
normal,5680,normal_0161,20,2022-07-12 00:20:14.569,2.0,0.03427,0.175961,231.05004,0,train
normal,5681,normal_0161,21,2022-07-12 00:20:14.669,2.1,0.00944,-0.118827,248.74702,0,train
normal,5682,normal_0161,22,2022-07-12 00:20:14.769,2.2,-0.019034,-0.25099,223.73572,0,train
normal,5683,normal_0161,23,2022-07-12 00:20:14.869,2.3,-0.13738,-0.092885,172.72153,0,train
normal,5684,normal_0161,24,2022-07-12 00:20:14.969,2.4,0.002787,0.161417,97.480428,0,train
normal,5685,normal_0161,25,2022-07-12 00:20:15.069,2.5,0.106795,0.300688,17.075898,0,train
normal,5686,normal_0161,26,2022-07-12 00:20:15.169,2.6,-0.000789,0.050484,-71.183452,0,train
normal,5687,normal_0161,27,2022-07-12 00:20:15.269,2.7,0.026368,-0.237877,-150.53548,0,train
normal,5688,normal_0161,28,2022-07-12 00:20:15.369,2.8,-0.063277,-0.221915,-212.81281,0,train
normal,5689,normal_0161,29,2022-07-12 00:20:15.469,2.9,-0.115718,-0.054068,-246.84563,0,train
normal,5690,normal_0161,30,2022-07-12 00:20:15.569,3.0,0.11842,0.251676,-233.06587,0,train
normal,5691,normal_0161,31,2022-07-12 00:20:15.669,3.1,0.116433,0.275994,-191.66007,0,train
normal,5692,normal_0161,32,2022-07-12 00:20:15.769,3.2,-0.025414,-0.102365,-123.57105,0,train
normal,5693,normal_0161,33,2022-07-12 00:20:15.869,3.3,-0.025096,-0.238036,-44.012552,0,train
normal,5694,normal_0161,34,2022-07-12 00:20:15.969,3.4,-0.135416,-0.12154,41.966443,0,train
normal,5695,normal_0161,35,2022-07-12 00:20:16.069,3.5,-0.068897,0.064994,127.6014,0,train
normal,5696,normal_0161,36,2022-07-12 00:20:16.169,3.6,0.155511,0.300006,195.46928,0,train
normal,5697,normal_0161,37,2022-07-12 00:20:16.269,3.7,0.11909,0.110736,242.84556,0,train
normal,5698,normal_0162,0,2022-07-12 00:20:20.537,0.0,0.03949,-0.138221,159.54079,0,train
normal,5699,normal_0162,1,2022-07-12 00:20:20.637,0.1,0.124117,-0.070487,137.0609,0,train
normal,5700,normal_0162,2,2022-07-12 00:20:20.737,0.2,-0.10212,-0.045328,98.298442,0,train
normal,5701,normal_0162,3,2022-07-12 00:20:20.837,0.3,0.083801,0.147859,52.952892,0,train
normal,5702,normal_0162,4,2022-07-12 00:20:20.937,0.4,-0.021977,0.14149,-5.471588,0,train
normal,5703,normal_0162,5,2022-07-12 00:20:21.037,0.5,-0.115403,-0.092422,-62.97458,0,train
normal,5704,normal_0162,6,2022-07-12 00:20:21.137,0.6,0.108892,-0.107522,-105.91639,0,train
normal,5705,normal_0162,7,2022-07-12 00:20:21.237,0.7,-0.1059,-0.101572,-156.70278,0,train
normal,5706,normal_0162,8,2022-07-12 00:20:21.337,0.8,-0.024736,0.042444,-162.98046,0,train
normal,5707,normal_0162,9,2022-07-12 00:20:21.437,0.9,0.154373,0.230545,-142.92635,0,train
normal,5708,normal_0162,10,2022-07-12 00:20:21.537,1.0,-0.08308,0.014503,-112.50307,0,train
normal,5709,normal_0162,11,2022-07-12 00:20:21.637,1.1,0.012696,-0.11774,-68.149336,0,train
normal,5710,normal_0162,12,2022-07-12 00:20:21.737,1.2,0.015216,-0.094704,-16.665818,0,train
normal,5711,normal_0162,13,2022-07-12 00:20:21.837,1.3,-0.161463,-0.110916,46.093231,0,train
normal,5712,normal_0162,14,2022-07-12 00:20:21.937,1.4,0.005305,0.108508,89.006673,0,train
normal,5713,normal_0162,15,2022-07-12 00:20:22.037,1.5,0.055986,0.157668,140.30518,0,train
normal,5714,normal_0162,16,2022-07-12 00:20:22.137,1.6,-0.00254,-0.030206,165.49768,0,train
normal,5715,normal_0162,17,2022-07-12 00:20:22.237,1.7,0.07246,-0.054161,149.12083,0,train
normal,5716,normal_0162,18,2022-07-12 00:20:22.337,1.8,-0.049804,-0.095351,125.29148,0,train
normal,5717,normal_0162,19,2022-07-12 00:20:22.437,1.9,-0.180242,-0.063687,83.993683,0,train
normal,5718,normal_0162,20,2022-07-12 00:20:22.537,2.0,0.04948,0.184507,38.789158,0,train
normal,5719,normal_0162,21,2022-07-12 00:20:22.637,2.1,0.105884,0.115388,-22.986892,0,train
normal,5720,normal_0162,22,2022-07-12 00:20:22.737,2.2,0.005214,-0.15197,-71.582803,0,train
normal,5721,normal_0162,23,2022-07-12 00:20:22.837,2.3,0.098186,-0.128332,-118.79136,0,train
normal,5722,normal_0162,24,2022-07-12 00:20:22.937,2.4,-0.081502,-0.070907,-160.80918,0,train
normal,5723,normal_0162,25,2022-07-12 00:20:23.037,2.5,-0.0918,0.10223,-153.08,0,train
normal,5724,normal_0163,0,2022-07-12 00:20:28.517,0.0,-0.071133,-0.046273,-91.684591,0,train
normal,5725,normal_0163,1,2022-07-12 00:20:28.617,0.1,0.115537,0.156042,-69.783577,0,train
normal,5726,normal_0163,2,2022-07-12 00:20:28.717,0.2,0.052947,0.075593,-29.597644,0,train
normal,5727,normal_0163,3,2022-07-12 00:20:28.817,0.3,-0.015866,-0.072068,10.158659,0,train
normal,5728,normal_0163,4,2022-07-12 00:20:28.917,0.4,0.102356,0.054453,61.135657,0,train
normal,5729,normal_0163,5,2022-07-12 00:20:29.017,0.5,-0.054626,-0.069718,100.63983,0,train
normal,5730,normal_0163,6,2022-07-12 00:20:29.117,0.6,-0.001867,-0.055197,106.93671,0,train
normal,5731,normal_0163,7,2022-07-12 00:20:29.217,0.7,0.06489,0.116987,110.71397,0,train
normal,5732,normal_0163,8,2022-07-12 00:20:29.317,0.8,-0.100311,-0.054595,98.693383,0,train
normal,5733,normal_0163,9,2022-07-12 00:20:29.417,0.9,0.055195,-0.070592,79.691658,0,train
normal,5734,normal_0163,10,2022-07-12 00:20:29.517,1.0,0.005899,0.046154,44.648057,0,train
normal,5735,normal_0163,11,2022-07-12 00:20:29.617,1.1,-0.126492,-0.015426,3.848196,0,train
normal,5736,normal_0163,12,2022-07-12 00:20:29.717,1.2,0.038426,0.009449,-41.268354,0,train
normal,5737,normal_0164,0,2022-07-12 00:20:36.404,0.0,-0.0592,-0.014612,-120.87585,0,train
normal,5738,normal_0164,1,2022-07-12 00:20:36.504,0.1,-0.082338,0.17291,-186.90302,0,train
normal,5739,normal_0165,0,2022-07-12 00:20:45.131,0.0,-0.080966,-0.002022,69.332966,0,train
normal,5740,normal_0165,1,2022-07-12 00:20:45.231,0.1,-0.027639,0.043108,103.34815,0,train
normal,5741,normal_0165,2,2022-07-12 00:20:45.331,0.2,-0.043454,0.029404,108.27805,0,train
normal,5742,normal_0165,3,2022-07-12 00:20:45.431,0.3,0.034758,-0.030723,110.50357,0,train
normal,5743,normal_0165,4,2022-07-12 00:20:45.531,0.4,0.072201,-0.03439,96.510422,0,train
normal,5744,normal_0165,5,2022-07-12 00:20:45.631,0.5,-0.012812,-0.062024,76.136479,0,train
normal,5745,normal_0165,6,2022-07-12 00:20:45.731,0.6,0.038459,-0.0385,37.261252,0,train
normal,5746,normal_0165,7,2022-07-12 00:20:45.831,0.7,0.033146,0.048217,-3.425003,0,train
normal,5747,normal_0165,8,2022-07-12 00:20:45.931,0.8,0.005796,-0.020164,-50.590998,0,train
normal,5748,normal_0165,9,2022-07-12 00:20:46.031,0.9,0.090741,-0.021969,-96.438896,0,train
normal,5749,normal_0165,10,2022-07-12 00:20:46.131,1.0,0.00197,0.06167,-105.87288,0,train
normal,5750,normal_0165,11,2022-07-12 00:20:46.231,1.1,-0.028786,-0.031949,-109.88511,0,train
normal,5751,normal_0165,12,2022-07-12 00:20:46.331,1.2,0.038721,0.033991,-100.90257,0,train
normal,5752,normal_0165,13,2022-07-12 00:20:46.431,1.3,0.027867,0.108241,-82.584629,0,train
normal,5753,normal_0165,14,2022-07-12 00:20:46.531,1.4,0.129694,-0.039624,-50.970799,0,train
normal,5754,normal_0165,15,2022-07-12 00:20:46.631,1.5,0.168931,0.006017,-8.335353,0,train
normal,5755,normal_0165,16,2022-07-12 00:20:46.731,1.6,0.075982,0.020594,33.715133,0,train
normal,5756,normal_0165,17,2022-07-12 00:20:46.831,1.7,0.088334,-0.05495,86.170803,0,train
normal,5757,normal_0165,18,2022-07-12 00:20:46.931,1.8,0.058157,0.087783,106.43567,0,train
normal,5758,normal_0165,19,2022-07-12 00:20:47.031,1.9,-0.05441,0.09783,110.14534,0,train
normal,5759,normal_0165,20,2022-07-12 00:20:47.131,2.0,0.012188,0.063941,107.41903,0,train
normal,5760,normal_0165,21,2022-07-12 00:20:47.231,2.1,0.040707,0.116995,90.48618,0,train
normal,5761,normal_0165,22,2022-07-12 00:20:47.331,2.2,-0.010019,0.008321,65.402396,0,train
normal,5762,normal_0165,23,2022-07-12 00:20:47.431,2.3,0.106,0.058491,22.912386,0,train
normal,5763,normal_0165,24,2022-07-12 00:20:47.531,2.4,0.071089,0.105528,-16.805651,0,train
normal,5764,normal_0165,25,2022-07-12 00:20:47.631,2.5,0.01707,-0.108822,-68.846115,0,train
normal,5765,normal_0165,26,2022-07-12 00:20:47.731,2.6,0.123223,-0.086161,-102.27288,0,train
normal,5766,normal_0165,27,2022-07-12 00:20:47.831,2.7,-0.021838,0.015179,-106.96412,0,train
normal,5767,normal_0165,28,2022-07-12 00:20:47.931,2.8,-0.031079,-0.000319,-109.37275,0,train
normal,5768,normal_0165,29,2022-07-12 00:20:48.031,2.9,0.074256,0.058707,-95.273506,0,train
normal,5769,normal_0165,30,2022-07-12 00:20:48.131,3.0,-0.11406,0.034604,-75.048932,0,train
normal,5770,normal_0165,31,2022-07-12 00:20:48.231,3.1,0.006216,0.036432,-37.164096,0,train
normal,5771,normal_0165,32,2022-07-12 00:20:48.331,3.2,0.041979,-0.002737,2.922893,0,train
normal,5772,normal_0165,33,2022-07-12 00:20:48.431,3.3,-0.127355,-0.134174,50.207025,0,train
normal,5773,normal_0165,34,2022-07-12 00:20:48.531,3.4,0.07613,-0.034719,96.407663,0,train
normal,5774,normal_0165,35,2022-07-12 00:20:48.631,3.5,0.024461,0.041189,106.77244,0,train
normal,5775,normal_0165,36,2022-07-12 00:20:48.731,3.6,-0.026334,-0.026159,111.15075,0,train
normal,5776,normal_0165,37,2022-07-12 00:20:48.831,3.7,0.082612,-0.003032,102.71276,0,train
normal,5777,normal_0165,38,2022-07-12 00:20:48.931,3.8,-0.096588,0.008253,84.907423,0,train
normal,5778,normal_0165,39,2022-07-12 00:20:49.031,3.9,-0.084678,0.006879,53.602344,0,train
normal,5779,normal_0165,40,2022-07-12 00:20:49.131,4.0,-0.044908,-0.009254,11.727334,0,train
normal,5780,normal_0165,41,2022-07-12 00:20:49.231,4.1,-0.135802,-0.045016,-30.353311,0,train
normal,5781,normal_0165,42,2022-07-12 00:20:49.331,4.2,-0.016025,-0.025625,-83.072672,0,train
normal,5782,normal_0165,43,2022-07-12 00:20:49.431,4.3,-0.009644,-0.039249,-103.83154,0,train
normal,5783,normal_0165,44,2022-07-12 00:20:49.531,4.4,-0.1154,-0.057743,-108.2666,0,train
normal,5784,normal_0165,45,2022-07-12 00:20:49.631,4.5,-0.05525,-0.00855,-106.36236,0,train
normal,5785,normal_0165,46,2022-07-12 00:20:49.731,4.6,-0.096213,0.033855,-89.963804,0,train
normal,5786,normal_0165,47,2022-07-12 00:20:49.831,4.7,-0.158826,-0.025886,-65.537818,0,train
normal,5787,normal_0165,48,2022-07-12 00:20:49.931,4.8,-0.065514,-0.105155,-24.485591,0,train
normal,5788,normal_0165,49,2022-07-12 00:20:50.031,4.9,-0.083089,-0.076317,14.996173,0,train
normal,5789,normal_0166,0,2022-07-12 00:20:52.436,0.0,-0.103879,-0.123801,38.792019,0,train
normal,5790,normal_0166,1,2022-07-12 00:20:52.536,0.1,-0.10984,0.067684,112.39673,0,train
normal,5791,normal_0166,2,2022-07-12 00:20:52.636,0.2,0.115216,0.152992,170.37203,0,train
normal,5792,normal_0166,3,2022-07-12 00:20:52.736,0.3,0.123822,0.081285,215.60826,0,train
normal,5793,normal_0166,4,2022-07-12 00:20:52.836,0.4,0.008155,-0.198426,217.3511,0,train
normal,5794,normal_0166,5,2022-07-12 00:20:52.936,0.5,0.019519,-0.212401,183.43558,0,train
normal,5795,normal_0166,6,2022-07-12 00:20:53.036,0.6,-0.202176,-0.124573,128.68752,0,train
normal,5796,normal_0166,7,2022-07-12 00:20:53.136,0.7,-0.160646,0.123508,60.42517,0,train
normal,5797,normal_0166,8,2022-07-12 00:20:53.236,0.8,0.072301,0.283203,-11.748911,0,train
normal,5798,normal_0166,9,2022-07-12 00:20:53.336,0.9,-0.018219,0.028878,-89.577209,0,train
normal,5799,normal_0166,10,2022-07-12 00:20:53.436,1.0,-0.002744,-0.20635,-152.09319,0,train
normal,5800,normal_0166,11,2022-07-12 00:20:53.536,1.1,-0.078868,-0.205113,-203.59411,0,train
normal,5801,normal_0166,12,2022-07-12 00:20:53.636,1.2,-0.131513,0.050938,-221.46859,0,train
normal,5802,normal_0166,13,2022-07-12 00:20:53.736,1.3,0.038922,0.260825,-195.79866,0,train
normal,5803,normal_0166,14,2022-07-12 00:20:53.836,1.4,-0.078368,0.116173,-148.41725,0,train
normal,5804,normal_0166,15,2022-07-12 00:20:53.936,1.5,-0.075644,-0.122552,-81.939111,0,train
normal,5805,normal_0166,16,2022-07-12 00:20:54.036,1.6,-0.029504,-0.173165,-11.373283,0,train
normal,5806,normal_0166,17,2022-07-12 00:20:54.136,1.7,-0.057989,-0.101639,66.2793,0,train
normal,5807,normal_0166,18,2022-07-12 00:20:54.236,1.8,0.066091,0.13838,134.39597,0,train
normal,5808,normal_0166,19,2022-07-12 00:20:54.336,1.9,0.037276,0.241911,189.58571,0,train
normal,5809,normal_0166,20,2022-07-12 00:20:54.436,2.0,-0.01286,-0.013379,223.10057,0,train
normal,5810,normal_0166,21,2022-07-12 00:20:54.536,2.1,0.007689,-0.235074,209.10862,0,train
normal,5811,normal_0166,22,2022-07-12 00:20:54.636,2.2,-0.063859,-0.176854,168.1452,0,train
normal,5812,normal_0166,23,2022-07-12 00:20:54.736,2.3,-0.059829,-0.022995,106.20202,0,train
normal,5813,normal_0166,24,2022-07-12 00:20:54.836,2.4,0.061538,0.189867,36.869053,0,train
normal,5814,normal_0166,25,2022-07-12 00:20:54.936,2.5,0.083245,0.204082,-38.750653,0,train
normal,5815,normal_0166,26,2022-07-12 00:20:55.036,2.6,0.047426,-0.102218,-113.25897,0,train
normal,5816,normal_0166,27,2022-07-12 00:20:55.136,2.7,0.075287,-0.181032,-171.17347,0,train
normal,5817,normal_0166,28,2022-07-12 00:20:55.236,2.8,-0.044661,-0.131827,-216.22219,0,train
normal,5818,normal_0166,29,2022-07-12 00:20:55.336,2.9,-0.034068,0.017729,-217.08384,0,train
normal,5819,normal_0166,30,2022-07-12 00:20:55.436,3.0,0.172221,0.289799,-182.80163,0,train
normal,5820,normal_0166,31,2022-07-12 00:20:55.536,3.1,0.069394,0.090038,-128.02269,0,train
normal,5821,normal_0166,32,2022-07-12 00:20:55.636,3.2,0.027875,-0.201264,-58.414466,0,train
normal,5822,normal_0166,33,2022-07-12 00:20:55.736,3.3,0.065228,-0.108406,14.445664,0,train
normal,5823,normal_0166,34,2022-07-12 00:20:55.836,3.4,-0.037338,-0.032293,92.09324,0,train
normal,5824,normal_0166,35,2022-07-12 00:20:55.936,3.5,0.024583,0.114118,154.38284,0,train
normal,5825,normal_0166,36,2022-07-12 00:20:56.036,3.6,0.091476,0.278151,206.29325,0,train
normal,5826,normal_0166,37,2022-07-12 00:20:56.136,3.7,0.112253,0.039312,224.02361,0,train
normal,5827,normal_0166,38,2022-07-12 00:20:56.236,3.8,0.068918,-0.213605,197.41883,0,train
normal,5828,normal_0166,39,2022-07-12 00:20:56.336,3.9,-0.090698,-0.126537,149.47464,0,train
normal,5829,normal_0166,40,2022-07-12 00:20:56.436,4.0,-0.027721,0.069829,82.922469,0,train
normal,5830,normal_0166,41,2022-07-12 00:20:56.536,4.1,0.061742,0.269567,14.401676,0,train
normal,5831,normal_0166,42,2022-07-12 00:20:56.636,4.2,0.058563,0.191661,-66.376575,0,train
normal,5832,normal_0167,0,2022-07-12 00:21:00.416,0.0,0.123814,0.164923,-109.68615,0,train
normal,5833,normal_0167,1,2022-07-12 00:21:00.516,0.1,-0.08537,-0.023712,-153.40616,0,train
normal,5834,normal_0167,2,2022-07-12 00:21:00.616,0.2,0.058589,-0.126175,-198.47431,0,train
normal,5835,normal_0167,3,2022-07-12 00:21:00.716,0.3,0.009884,-0.081398,-182.15253,0,train
normal,5836,normal_0167,4,2022-07-12 00:21:00.816,0.4,-0.208258,-0.079944,-146.58691,0,train
normal,5837,normal_0167,5,2022-07-12 00:21:00.916,0.5,0.131001,0.177468,-100.66904,0,train
normal,5838,normal_0167,6,2022-07-12 00:21:01.016,0.6,0.021987,0.164355,-44.058805,0,train
normal,5839,normal_0167,7,2022-07-12 00:21:01.116,0.7,-0.102161,-0.123938,23.275855,0,train
normal,5840,normal_0167,8,2022-07-12 00:21:01.216,0.8,0.129434,-0.091979,93.931686,0,train
normal,5841,normal_0167,9,2022-07-12 00:21:01.316,0.9,-0.137833,-0.09232,138.60585,0,train
normal,5842,normal_0167,10,2022-07-12 00:21:01.416,1.0,-0.075663,0.008895,190.03024,0,train
normal,5843,normal_0167,11,2022-07-12 00:21:01.516,1.1,0.15113,0.224153,195.18723,0,train
normal,5844,normal_0167,12,2022-07-12 00:21:01.616,1.2,-0.05097,0.02647,161.222,0,train
normal,5845,normal_0167,13,2022-07-12 00:21:01.716,1.3,0.029888,-0.123462,120.13878,0,train
normal,5846,normal_0167,14,2022-07-12 00:21:01.816,1.4,0.003515,-0.0784,63.288577,0,train
normal,5847,normal_0167,15,2022-07-12 00:21:01.916,1.5,-0.116977,-0.0737,1.123667,0,train
normal,5848,normal_0167,16,2022-07-12 00:21:02.016,1.6,0.034339,0.122303,-73.657641,0,train
normal,5849,normal_0167,17,2022-07-12 00:21:02.116,1.7,-0.04099,0.138299,-124.90834,0,train
normal,5850,normal_0167,18,2022-07-12 00:21:02.216,1.8,0.01203,-0.09375,-175.36332,0,train
normal,5851,normal_0167,19,2022-07-12 00:21:02.316,1.9,0.085213,-0.103321,-199.41094,0,train
normal,5852,normal_0167,20,2022-07-12 00:21:02.416,2.0,-0.07799,-0.080524,-172.06778,0,train
normal,5853,normal_0167,21,2022-07-12 00:21:02.516,2.1,0.027584,0.014662,-135.16785,0,train
normal,5854,normal_0167,22,2022-07-12 00:21:02.616,2.2,0.014266,0.199062,-81.03312,0,train
normal,5855,normal_0167,23,2022-07-12 00:21:02.716,2.3,-0.100708,0.048177,-22.234562,0,train
normal,5856,normal_0167,24,2022-07-12 00:21:02.816,2.4,0.062938,-0.128026,49.685246,0,train
normal,5857,normal_0167,25,2022-07-12 00:21:02.916,2.5,0.025177,-0.104127,109.97869,0,train
normal,5858,normal_0167,26,2022-07-12 00:21:03.016,2.6,-0.073869,-0.0935,159.78446,0,train
normal,5859,normal_0167,27,2022-07-12 00:21:03.116,2.7,0.09173,0.08419,198.69866,0,train
normal,5860,normal_0167,28,2022-07-12 00:21:03.216,2.8,0.068876,0.191274,184.22892,0,train
normal,5861,normal_0167,29,2022-07-12 00:21:03.316,2.9,-0.052128,-0.010428,150.81622,0,train
normal,5862,normal_0167,30,2022-07-12 00:21:03.416,3.0,0.01665,-0.09392,101.81369,0,train
normal,5863,normal_0167,31,2022-07-12 00:21:03.516,3.1,-0.061823,-0.091911,43.985372,0,train
normal,5864,normal_0168,0,2022-07-12 00:21:08.408,0.0,0.087606,0.106688,19.600513,0,train
normal,5865,normal_0168,1,2022-07-12 00:21:08.508,0.1,0.113559,0.006847,73.626765,0,train
normal,5866,normal_0168,2,2022-07-12 00:21:08.608,0.2,0.13278,-0.004711,106.58313,0,train
normal,5867,normal_0168,3,2022-07-12 00:21:08.708,0.3,0.04251,0.092292,110.0681,0,train
normal,5868,normal_0168,4,2022-07-12 00:21:08.808,0.4,-0.009238,-0.009899,110.17145,0,train
normal,5869,normal_0168,5,2022-07-12 00:21:08.908,0.5,-0.034476,0.095221,95.285665,0,train
normal,5870,normal_0168,6,2022-07-12 00:21:09.008,0.6,-0.018899,0.243994,74.360022,0,train
normal,5871,normal_0168,7,2022-07-12 00:21:09.108,0.7,0.11566,0.032233,34.422998,0,train
normal,5872,normal_0168,8,2022-07-12 00:21:09.208,0.8,0.13731,-0.091654,-5.693913,0,train
normal,5873,normal_0168,9,2022-07-12 00:21:09.308,0.9,0.041182,-0.0709,-54.696209,0,train
normal,5874,normal_0168,10,2022-07-12 00:21:09.408,1.0,0.08378,-0.096104,-100.06202,0,train
normal,5875,normal_0168,11,2022-07-12 00:21:09.508,1.1,0.132042,-0.02593,-107.8005,0,train
normal,5876,normal_0168,12,2022-07-12 00:21:09.608,1.2,0.070576,-0.009547,-110.3964,0,train
normal,5877,normal_0168,13,2022-07-12 00:21:09.708,1.3,0.120757,0.030893,-99.880111,0,train
normal,5878,normal_0168,14,2022-07-12 00:21:09.808,1.4,0.111686,0.077419,-81.425438,0,train
normal,5879,normal_0168,15,2022-07-12 00:21:09.908,1.5,-0.007648,-0.072478,-48.296457,0,train
normal,5880,normal_0168,16,2022-07-12 00:21:10.008,1.6,-0.021068,0.020732,-6.554008,0,train
normal,5881,normal_0168,17,2022-07-12 00:21:10.108,1.7,-0.042208,0.180223,36.144499,0,train
normal,5882,normal_0168,18,2022-07-12 00:21:10.208,1.8,-0.020511,-0.021979,89.832674,0,train
normal,5883,normal_0169,0,2022-07-12 00:21:16.362,0.0,0.081728,-0.203465,182.94217,0,train
normal,5884,normal_0169,1,2022-07-12 00:21:16.462,0.1,0.087564,-0.137162,221.13111,0,train
normal,5885,normal_0169,2,2022-07-12 00:21:16.562,0.2,-0.063696,-0.03605,213.43758,0,train
normal,5886,normal_0169,3,2022-07-12 00:21:16.662,0.3,-0.047041,0.150519,178.57196,0,train
normal,5887,normal_0169,4,2022-07-12 00:21:16.762,0.4,0.033795,0.241822,119.68984,0,train
normal,5888,normal_0169,5,2022-07-12 00:21:16.862,0.5,0.041708,-0.017317,49.514538,0,train
normal,5889,normal_0169,6,2022-07-12 00:21:16.962,0.6,0.034192,-0.256473,-23.329022,0,train
normal,5890,normal_0170,0,2022-07-12 00:21:25.804,0.0,-0.027757,0.063813,110.4473,0,train
normal,5891,normal_0170,1,2022-07-12 00:21:25.904,0.1,-0.119549,-0.073277,107.59248,0,train
normal,5892,normal_0170,2,2022-07-12 00:21:26.004,0.2,0.02977,-0.043157,91.160308,0,train
normal,5893,normal_0170,3,2022-07-12 00:21:26.104,0.3,-0.055959,-0.024447,66.00798,0,train
normal,5894,normal_0170,4,2022-07-12 00:21:26.204,0.4,-0.126996,-0.045167,23.826483,0,train
normal,5895,normal_0170,5,2022-07-12 00:21:26.304,0.5,0.005247,0.021136,-16.36851,0,train
normal,5896,normal_0170,6,2022-07-12 00:21:26.404,0.6,-0.13089,-0.068452,-69.066175,0,train
normal,5897,normal_0170,7,2022-07-12 00:21:26.504,0.7,-0.060739,0.010623,-102.88323,0,train
normal,5898,normal_0170,8,2022-07-12 00:21:26.604,0.8,0.027124,0.092673,-107.28897,0,train
normal,5899,normal_0170,9,2022-07-12 00:21:26.704,0.9,-0.185227,-0.134926,-109.32363,0,train
normal,5900,normal_0170,10,2022-07-12 00:21:26.804,1.0,-0.044344,-0.044213,-95.778834,0,train
normal,5901,normal_0170,11,2022-07-12 00:21:26.904,1.1,-0.017051,0.123259,-75.489172,0,train
normal,5902,normal_0170,12,2022-07-12 00:21:27.004,1.2,-0.086726,-0.08597,-37.589912,0,train
normal,5903,normal_0170,13,2022-07-12 00:21:27.104,1.3,0.100103,-0.12053,3.150225,0,train
normal,5904,normal_0170,14,2022-07-12 00:21:27.204,1.4,-0.041767,-0.039831,51.579601,0,train
normal,5905,normal_0170,15,2022-07-12 00:21:27.304,1.5,-0.09976,-0.067533,98.043096,0,train
normal,5906,normal_0170,16,2022-07-12 00:21:27.404,1.6,0.041452,0.015414,107.86523,0,train
normal,5907,normal_0170,17,2022-07-12 00:21:27.504,1.7,-0.077734,0.029027,111.1349,0,train
normal,5908,normal_0170,18,2022-07-12 00:21:27.604,1.8,-0.045661,-0.007485,102.31878,0,train
normal,5909,normal_0170,19,2022-07-12 00:21:27.704,1.9,0.042803,0.024747,84.191571,0,train
normal,5910,normal_0170,20,2022-07-12 00:21:27.804,2.0,-0.076497,-0.04989,52.022225,0,train
normal,5911,normal_0170,21,2022-07-12 00:21:27.904,2.1,0.008039,-0.026036,9.586335,0,train
normal,5912,normal_0170,22,2022-07-12 00:21:28.004,2.2,0.083368,0.086134,-32.901887,0,train
normal,5913,normal_0170,23,2022-07-12 00:21:28.104,2.3,-0.023659,-0.026899,-85.741053,0,train
normal,5914,normal_0170,24,2022-07-12 00:21:28.204,2.4,0.065578,-0.019122,-105.68763,0,train
normal,5915,normal_0170,25,2022-07-12 00:21:28.304,2.5,0.02902,0.066572,-108.88053,0,train
normal,5916,normal_0170,26,2022-07-12 00:21:28.404,2.6,-0.099567,-0.044361,-106.12656,0,train
normal,5917,normal_0170,27,2022-07-12 00:21:28.504,2.7,0.0416,0.044956,-89.463125,0,train
normal,5918,normal_0170,28,2022-07-12 00:21:28.604,2.8,0.003282,0.075042,-64.627894,0,train
normal,5919,normal_0170,29,2022-07-12 00:21:28.704,2.9,-0.010273,-0.076172,-22.575262,0,train
normal,5920,normal_0170,30,2022-07-12 00:21:28.804,3.0,0.142814,0.010771,17.332914,0,train
normal,5921,normal_0170,31,2022-07-12 00:21:28.904,3.1,-0.040655,0.012576,70.569881,0,train
normal,5922,normal_0170,32,2022-07-12 00:21:29.004,3.2,-0.004915,-0.042737,104.94841,0,train
normal,5923,normal_0170,33,2022-07-12 00:21:29.104,3.3,0.141066,0.049315,108.8679,0,train
normal,5924,normal_0170,34,2022-07-12 00:21:29.204,3.4,-0.03449,-0.024992,110.41726,0,train
normal,5925,normal_0170,35,2022-07-12 00:21:29.304,3.5,0.104258,-0.007531,96.47454,0,train
normal,5926,normal_0170,36,2022-07-12 00:21:29.404,3.6,0.128441,0.088314,75.845847,0,train
normal,5927,normal_0170,37,2022-07-12 00:21:29.504,3.7,-0.061374,-0.044349,36.694173,0,train
normal,5928,normal_0170,38,2022-07-12 00:21:29.604,3.8,0.052964,0.0137,-4.185558,0,train
normal,5929,normal_0170,39,2022-07-12 00:21:29.704,3.9,0.020608,0.100008,-52.107936,0,train
normal,5930,normal_0170,40,2022-07-12 00:21:29.804,4.0,0.027272,-0.053716,-98.301542,0,train
normal,5931,normal_0170,41,2022-07-12 00:21:29.904,4.1,0.167451,-0.032099,-107.00001,0,train
normal,5932,normal_0170,42,2022-07-12 00:21:30.004,4.2,0.021879,0.042015,-110.09027,0,train
normal,5933,normal_0170,43,2022-07-12 00:21:30.104,4.3,-0.030471,0.018684,-100.89875,0,train
normal,5934,normal_0170,44,2022-07-12 00:21:30.204,4.4,0.057347,0.054163,-82.318793,0,train
normal,5935,normal_0170,45,2022-07-12 00:21:30.304,4.5,-0.006913,0.029856,-49.965864,0,train
normal,5936,normal_0170,46,2022-07-12 00:21:30.404,4.6,0.064443,0.043207,-6.938697,0,train
normal,5937,normal_0170,47,2022-07-12 00:21:30.504,4.7,0.127317,0.074758,35.88355,0,train
normal,5938,normal_0170,48,2022-07-12 00:21:30.604,4.8,-0.031016,-0.031827,88.897954,0,train
normal,5939,normal_0170,49,2022-07-12 00:21:30.704,4.9,0.006745,0.043956,108.16671,0,train
normal,5940,normal_0171,0,2022-07-12 00:21:33.358,0.0,0.065982,-0.155056,169.69075,0,train
normal,5941,normal_0171,1,2022-07-12 00:21:33.458,0.1,-0.15099,-0.034008,222.01052,0,train
normal,5942,normal_0171,2,2022-07-12 00:21:33.558,0.2,-0.019599,0.260382,235.90019,0,train
normal,5943,normal_0171,3,2022-07-12 00:21:33.658,0.3,0.002926,0.287505,210.20081,0,train
normal,5944,normal_0171,4,2022-07-12 00:21:33.758,0.4,-0.046847,-0.1274,159.63723,0,train
normal,5945,normal_0171,5,2022-07-12 00:21:33.858,0.5,-0.033836,-0.303659,86.40636,0,train
normal,5946,normal_0171,6,2022-07-12 00:21:33.958,0.6,0.011827,-0.104659,9.429456,0,train
normal,5947,normal_0171,7,2022-07-12 00:21:34.058,0.7,0.107592,0.144,-74.73267,0,train
normal,5948,normal_0171,8,2022-07-12 00:21:34.158,0.8,-0.016999,0.249018,-148.13973,0,train
normal,5949,normal_0171,9,2022-07-12 00:21:34.258,0.9,-0.033881,0.092706,-206.32222,0,train
normal,5950,normal_0171,10,2022-07-12 00:21:34.358,1.0,-0.010845,-0.200186,-236.13813,0,train
normal,5951,normal_0171,11,2022-07-12 00:21:34.458,1.1,-0.115239,-0.23856,-220.08004,0,train
normal,5952,normal_0171,12,2022-07-12 00:21:34.558,1.2,-0.040375,-0.00307,-178.9582,0,train
normal,5953,normal_0171,13,2022-07-12 00:21:34.658,1.3,0.077301,0.224892,-111.86184,0,train
normal,5954,normal_0171,14,2022-07-12 00:21:34.758,1.4,0.022136,0.224131,-34.853463,0,train
normal,5955,normal_0171,15,2022-07-12 00:21:34.858,1.5,-0.036402,-0.039525,48.301464,0,train
normal,5956,normal_0171,16,2022-07-12 00:21:34.958,1.6,0.007615,-0.204806,128.6899,0,train
normal,5957,normal_0171,17,2022-07-12 00:21:35.058,1.7,-0.124514,-0.173869,191.72707,0,train
normal,5958,normal_0171,18,2022-07-12 00:21:35.158,1.8,-0.110958,-0.000879,234.37276,0,train
normal,5959,normal_0171,19,2022-07-12 00:21:35.258,1.9,0.182013,0.274211,231.5084,0,train
normal,5960,normal_0171,20,2022-07-12 00:21:35.358,2.0,0.089722,0.162086,197.17731,0,train
normal,5961,normal_0171,21,2022-07-12 00:21:35.458,2.1,-0.01827,-0.16574,136.86229,0,train
normal,5962,normal_0171,22,2022-07-12 00:21:35.558,2.2,0.011282,-0.168919,60.401447,0,train
normal,5963,normal_0171,23,2022-07-12 00:21:35.658,2.3,-0.230349,-0.121099,-19.671919,0,train
normal,5964,normal_0171,24,2022-07-12 00:21:35.758,2.4,-0.100672,0.094068,-104.10715,0,train
normal,5965,normal_0171,25,2022-07-12 00:21:35.858,2.5,0.169592,0.366785,-172.32384,0,train
normal,5966,normal_0171,26,2022-07-12 00:21:35.958,2.6,0.079493,-0.002253,-224.54348,0,train
normal,5967,normal_0171,27,2022-07-12 00:21:36.058,2.7,0.056377,-0.279704,-237.22365,0,train
normal,5968,normal_0171,28,2022-07-12 00:21:36.158,2.8,0.026859,-0.119452,-210.07147,0,train
normal,5969,normal_0171,29,2022-07-12 00:21:36.258,2.9,-0.084823,-0.042943,-159.24777,0,train
normal,5970,normal_0171,30,2022-07-12 00:21:36.358,3.0,-0.059006,0.172837,-85.231076,0,train
normal,5971,normal_0171,31,2022-07-12 00:21:36.458,3.1,0.090187,0.314889,-5.929471,0,train
normal,5972,normal_0171,32,2022-07-12 00:21:36.558,3.2,0.055594,-0.049414,80.358634,0,train
normal,5973,normal_0171,33,2022-07-12 00:21:36.658,3.3,-0.07473,-0.33764,155.64527,0,train
normal,5974,normal_0171,34,2022-07-12 00:21:36.758,3.4,-0.024605,-0.083701,214.21852,0,train
normal,5975,normal_0171,35,2022-07-12 00:21:36.858,3.5,0.052245,0.118353,242.46159,0,train
normal,5976,normal_0171,36,2022-07-12 00:21:36.958,3.6,0.047919,0.255262,224.98169,0,train
normal,5977,normal_0171,37,2022-07-12 00:21:37.058,3.7,0.063189,0.164538,181.2407,0,train
normal,5978,normal_0171,38,2022-07-12 00:21:37.158,3.8,-0.028102,-0.225492,111.00615,0,train
normal,5979,normal_0171,39,2022-07-12 00:21:37.258,3.9,-0.112207,-0.269452,32.26817,0,train
normal,5980,normal_0171,40,2022-07-12 00:21:37.358,4.0,-0.006315,-0.048778,-51.980144,0,train
normal,5981,normal_0171,41,2022-07-12 00:21:37.458,4.1,0.131831,0.216661,-133.00194,0,train
normal,5982,normal_0172,0,2022-07-12 00:21:41.500,0.0,-0.094545,-0.049797,-118.1189,0,train
normal,5983,normal_0172,1,2022-07-12 00:21:41.600,0.1,0.094464,0.211669,-61.723597,0,train
normal,5984,normal_0172,2,2022-07-12 00:21:41.700,0.2,-0.046294,0.117902,0.176191,0,train
normal,5985,normal_0172,3,2022-07-12 00:21:41.800,0.3,-0.02361,-0.10721,77.010164,0,train
normal,5986,normal_0172,4,2022-07-12 00:21:41.900,0.4,0.102797,-0.080485,123.48248,0,train
normal,5987,normal_0172,5,2022-07-12 00:21:42.000,0.5,-0.141605,-0.104327,173.81992,0,train
normal,5988,normal_0172,6,2022-07-12 00:21:42.100,0.6,0.014662,0.049079,201.57101,0,train
normal,5989,normal_0172,7,2022-07-12 00:21:42.200,0.7,0.160971,0.226632,170.64812,0,train
normal,5990,normal_0172,8,2022-07-12 00:21:42.300,0.8,-0.066049,-0.043757,134.64727,0,train
normal,5991,normal_0172,9,2022-07-12 00:21:42.400,0.9,0.052536,-0.15125,80.842385,0,train
normal,5992,normal_0172,10,2022-07-12 00:21:42.500,1.0,0.015763,-0.045426,21.831277,0,train
normal,5993,normal_0172,11,2022-07-12 00:21:42.600,1.1,-0.151176,-0.039023,-53.356415,0,train
normal,5994,normal_0172,12,2022-07-12 00:21:42.700,1.2,0.009609,0.153324,-111.35603,0,train
normal,5995,normal_0172,13,2022-07-12 00:21:42.800,1.3,-0.005025,0.132423,-156.6601,0,train
normal,5996,normal_0172,14,2022-07-12 00:21:42.900,1.4,0.001492,-0.096572,-199.86405,0,train
normal,5997,normal_0172,15,2022-07-12 00:21:43.000,1.5,0.108315,-0.076738,-182.25267,0,train
normal,5998,normal_0172,16,2022-07-12 00:21:43.100,1.6,-0.057715,-0.085537,-147.44033,0,train
normal,5999,normal_0172,17,2022-07-12 00:21:43.200,1.7,-0.03854,0.011272,-99.233162,0,train
normal,6000,normal_0172,18,2022-07-12 00:21:43.300,1.8,-0.021953,0.188678,-40.545588,0,train
normal,6001,normal_0172,19,2022-07-12 00:21:43.400,1.9,-0.105013,-0.005519,28.603557,0,train
normal,6002,normal_0172,20,2022-07-12 00:21:43.500,2.0,0.075458,-0.140169,97.435128,0,train
normal,6003,normal_0172,21,2022-07-12 00:21:43.600,2.1,-0.022827,-0.08892,143.42322,0,train
normal,6004,normal_0172,22,2022-07-12 00:21:43.700,2.2,-0.060361,-0.04529,193.57123,0,train
normal,6005,normal_0172,23,2022-07-12 00:21:43.800,2.3,0.140229,0.180334,194.99519,0,train
normal,6006,normal_0172,24,2022-07-12 00:21:43.900,2.4,-0.079729,0.133967,161.9934,0,train
normal,6007,normal_0172,25,2022-07-12 00:21:44.000,2.5,-0.102391,-0.11501,119.03538,0,train
normal,6008,normal_0172,26,2022-07-12 00:21:44.100,2.6,0.06448,-0.066441,60.093529,0,train
normal,6009,normal_0173,0,2022-07-12 00:21:49.428,0.0,-0.057498,-0.251361,-196.39864,0,train
normal,6010,normal_0173,1,2022-07-12 00:21:49.528,0.1,-0.072405,-0.13188,-137.15948,0,train
normal,6011,normal_0173,2,2022-07-12 00:21:49.628,0.2,-0.137788,0.047877,-60.237772,0,train
normal,6012,normal_0173,3,2022-07-12 00:21:49.728,0.3,0.002129,0.27694,20.54322,0,train
normal,6013,normal_0173,4,2022-07-12 00:21:49.828,0.4,0.075767,0.194561,104.63585,0,train
normal,6014,normal_0173,5,2022-07-12 00:21:49.928,0.5,0.003151,-0.167574,173.17166,0,train
normal,6015,normal_0173,6,2022-07-12 00:21:50.028,0.6,-0.063913,-0.28843,227.70026,0,train
normal,6016,normal_0173,7,2022-07-12 00:21:50.128,0.7,-0.058032,-0.072502,243.38236,0,train
normal,6017,normal_0173,8,2022-07-12 00:21:50.228,0.8,-0.023756,0.178428,214.56304,0,train
normal,6018,normal_0173,9,2022-07-12 00:21:50.328,0.9,-0.037448,0.231766,161.28268,0,train
normal,6019,normal_0173,10,2022-07-12 00:21:50.428,1.0,0.002186,0.041473,86.480389,0,train
normal,6020,normal_0173,11,2022-07-12 00:21:50.528,1.1,-0.030613,-0.219731,7.533909,0,train
normal,6021,normal_0173,12,2022-07-12 00:21:50.628,1.2,-0.093828,-0.218119,-76.654682,0,train
normal,6022,normal_0173,13,2022-07-12 00:21:50.728,1.3,-0.018522,0.042495,-150.39958,0,train
normal,6023,normal_0173,14,2022-07-12 00:21:50.828,1.4,0.032965,0.246513,-210.77492,0,train
normal,6024,normal_0173,15,2022-07-12 00:21:50.928,1.5,0.011689,0.173262,-242.4511,0,train
normal,6025,normal_0173,16,2022-07-12 00:21:51.028,1.6,-0.006022,-0.107425,-225.7705,0,train
normal,6026,normal_0173,17,2022-07-12 00:21:51.128,1.7,-0.021043,-0.243584,-181.78572,0,train
normal,6027,normal_0173,18,2022-07-12 00:21:51.228,1.8,-0.094214,-0.154098,-112.41175,0,train
normal,6028,normal_0173,19,2022-07-12 00:21:51.328,1.9,-0.015343,0.098228,-33.973579,0,train
normal,6029,normal_0173,20,2022-07-12 00:21:51.428,2.0,0.151504,0.309649,49.200302,0,train
normal,6030,normal_0173,21,2022-07-12 00:21:51.528,2.1,0.050017,0.081551,128.92176,0,train
normal,6031,normal_0173,22,2022-07-12 00:21:51.628,2.2,-0.015286,-0.208071,193.92433,0,train
normal,6032,normal_0173,23,2022-07-12 00:21:51.728,2.3,-0.01045,-0.174295,238.88174,0,train
normal,6033,normal_0173,24,2022-07-12 00:21:51.828,2.4,-0.110892,-0.076873,236.61068,0,train
normal,6034,normal_0173,25,2022-07-12 00:21:51.928,2.5,0.001857,0.182175,200.80259,0,train
normal,6035,normal_0174,0,2022-07-12 00:21:57.262,0.0,-0.023123,-0.161523,212.48045,0,train
normal,6036,normal_0174,1,2022-07-12 00:21:57.362,0.1,-0.154549,-0.060467,178.32496,0,train
normal,6037,normal_0174,2,2022-07-12 00:21:57.462,0.2,0.155032,0.225215,137.16008,0,train
normal,6038,normal_0174,3,2022-07-12 00:21:57.562,0.3,0.005839,0.1641,78.689227,0,train
normal,6039,normal_0174,4,2022-07-12 00:21:57.662,0.4,-0.067333,-0.114611,14.844419,0,train
normal,6040,normal_0174,5,2022-07-12 00:21:57.762,0.5,0.088423,-0.114895,-64.083941,0,train
normal,6041,normal_0174,6,2022-07-12 00:21:57.862,0.6,-0.203209,-0.141859,-125.21292,0,train
normal,6042,normal_0174,7,2022-07-12 00:21:57.962,0.7,-0.052733,0.063397,-170.54917,0,train
normal,6043,normal_0174,8,2022-07-12 00:21:58.062,0.8,0.162162,0.260796,-209.37398,0,train
normal,6044,normal_0174,9,2022-07-12 00:21:58.162,0.9,-0.012531,-0.01351,-187.79638,0,train
normal,6045,normal_0174,10,2022-07-12 00:21:58.262,1.0,0.084313,-0.163941,-149.16052,0,train
normal,6046,normal_0174,11,2022-07-12 00:21:58.362,1.1,-0.009102,-0.111875,-98.334324,0,train
normal,6047,normal_0174,12,2022-07-12 00:21:58.462,1.2,-0.101642,-0.025953,-37.331466,0,train
normal,6048,normal_0174,13,2022-07-12 00:21:58.562,1.3,0.010278,0.169993,35.137777,0,train
normal,6049,normal_0175,0,2022-07-12 00:22:05.224,0.0,0.10569,0.077625,99.51247,0,train
normal,6050,normal_0175,1,2022-07-12 00:22:05.324,0.1,0.140386,0.134948,106.49313,0,train
normal,6051,normal_0175,2,2022-07-12 00:22:05.424,0.2,0.069802,0.024447,110.41047,0,train
normal,6052,normal_0176,0,2022-07-12 00:22:07.078,0.0,0.113231,-0.109674,-117.96679,0,train
normal,6053,normal_0176,1,2022-07-12 00:22:07.178,0.1,-0.040299,-0.155882,-168.7329,0,train
normal,6054,normal_0176,2,2022-07-12 00:22:07.278,0.2,0.017023,0.006401,-196.13662,0,train
normal,6055,normal_0176,3,2022-07-12 00:22:07.378,0.3,0.162924,0.242833,-179.76072,0,train
normal,6056,normal_0176,4,2022-07-12 00:22:07.478,0.4,0.063424,0.114326,-145.7329,0,train
normal,6057,normal_0176,5,2022-07-12 00:22:07.578,0.5,0.052264,-0.114363,-93.032252,0,train
normal,6058,normal_0176,6,2022-07-12 00:22:07.678,0.6,0.021213,-0.136048,-33.071999,0,train
normal,6059,normal_0176,7,2022-07-12 00:22:07.778,0.7,-0.07957,-0.046755,34.20401,0,train
normal,6060,normal_0176,8,2022-07-12 00:22:07.878,0.8,0.072927,0.163951,98.897827,0,train
normal,6061,normal_0176,9,2022-07-12 00:22:07.978,0.9,0.098245,0.237111,151.89661,0,train
normal,6062,normal_0176,10,2022-07-12 00:22:08.078,1.0,0.018363,-0.049593,192.63234,0,train
normal,6063,normal_0176,11,2022-07-12 00:22:08.178,1.1,0.070929,-0.121311,189.67535,0,train
normal,6064,normal_0176,12,2022-07-12 00:22:08.278,1.2,-0.048337,-0.074684,160.33806,0,train
normal,6065,normal_0176,13,2022-07-12 00:22:08.378,1.3,-0.088732,0.004778,113.42443,0,train
normal,6066,normal_0176,14,2022-07-12 00:22:08.478,1.4,0.050697,0.226814,54.033882,0,train
normal,6067,normal_0176,15,2022-07-12 00:22:08.578,1.5,0.006499,0.112543,-10.440589,0,train
normal,6068,normal_0176,16,2022-07-12 00:22:08.678,1.6,0.02916,-0.138977,-79.203496,0,train
normal,6069,normal_0176,17,2022-07-12 00:22:08.778,1.7,0.060574,-0.181881,-134.54081,0,train
normal,6070,normal_0176,18,2022-07-12 00:22:08.878,1.8,-0.047883,-0.091316,-182.00257,0,train
normal,6071,normal_0176,19,2022-07-12 00:22:08.978,1.9,0.029387,0.14121,-193.82503,0,train
normal,6072,normal_0176,20,2022-07-12 00:22:09.078,2.0,0.000413,0.238281,-170.27523,0,train
normal,6073,normal_0176,21,2022-07-12 00:22:09.178,2.1,-0.101437,0.013645,-130.38088,0,train
normal,6074,normal_0176,22,2022-07-12 00:22:09.278,2.2,-0.017241,-0.1364,-72.730669,0,train
normal,6075,normal_0176,23,2022-07-12 00:22:09.378,2.3,-0.061802,-0.156268,-10.601045,0,train
normal,6076,normal_0176,24,2022-07-12 00:22:09.478,2.4,-0.055354,-0.019836,58.624513,0,train
normal,6077,normal_0176,25,2022-07-12 00:22:09.578,2.5,0.09552,0.217175,118.92034,0,train
normal,6078,normal_0176,26,2022-07-12 00:22:09.678,2.6,0.013129,0.089871,170.99085,0,train
normal,6079,normal_0176,27,2022-07-12 00:22:09.778,2.7,-0.041707,-0.151295,198.13528,0,train
normal,6080,normal_0176,28,2022-07-12 00:22:09.878,2.8,0.043283,-0.182823,182.97376,0,train
normal,6081,normal_0176,29,2022-07-12 00:22:09.978,2.9,-0.103446,-0.156132,148.0359,0,train
normal,6082,normal_0176,30,2022-07-12 00:22:10.078,3.0,-0.09056,0.008774,93.722355,0,train
normal,6083,normal_0176,31,2022-07-12 00:22:10.178,3.1,0.061869,0.233955,31.989101,0,train
normal,6084,normal_0176,32,2022-07-12 00:22:10.278,3.2,0.004705,-0.00603,-37.574653,0,train
normal,6085,normal_0176,33,2022-07-12 00:22:10.378,3.3,0.019862,-0.213046,-103.39285,0,train
normal,6086,normal_0176,34,2022-07-12 00:22:10.478,3.4,-0.014017,-0.068065,-157.34841,0,train
normal,6087,normal_0176,35,2022-07-12 00:22:10.578,3.5,-0.022191,-0.091532,-195.85135,0,train
normal,6088,normal_0176,36,2022-07-12 00:22:10.678,3.6,-0.090424,0.086635,-191.26441,0,train
normal,6089,normal_0176,37,2022-07-12 00:22:10.778,3.7,-0.076164,0.150315,-161.25907,0,train
normal,6090,normal_0176,38,2022-07-12 00:22:10.878,3.8,0.086108,0.032457,-112.12493,0,train
normal,6091,normal_0176,39,2022-07-12 00:22:10.978,3.9,-0.117785,-0.175853,-50.399071,0,train
normal,6092,normal_0176,40,2022-07-12 00:22:11.078,4.0,-0.095624,-0.248116,16.560318,0,train
normal,6093,normal_0176,41,2022-07-12 00:22:11.178,4.1,0.022291,0.099544,86.318622,0,train
normal,6094,normal_0176,42,2022-07-12 00:22:11.278,4.2,-0.051198,0.120581,143.85332,0,train
normal,6095,normal_0176,43,2022-07-12 00:22:11.378,4.3,0.122722,0.157968,191.07296,0,train
normal,6096,normal_0176,44,2022-07-12 00:22:11.478,4.4,0.066876,-0.004793,200.72033,0,train
normal,6097,normal_0176,45,2022-07-12 00:22:11.578,4.5,-0.101948,-0.256574,176.20792,0,train
normal,6098,normal_0176,46,2022-07-12 00:22:11.678,4.6,-0.138982,-0.081802,132.7609,0,train
normal,6099,normal_0176,47,2022-07-12 00:22:11.778,4.7,-0.095431,0.106004,72.167048,0,train
normal,6100,normal_0176,48,2022-07-12 00:22:11.878,4.8,0.120599,0.274009,6.30343,0,train
normal,6101,normal_0176,49,2022-07-12 00:22:11.978,4.9,0.055897,0.089871,-66.435107,0,train
normal,6102,normal_0177,0,2022-07-12 00:22:13.849,0.0,-0.169878,-0.183793,148.36206,0,train
normal,6103,normal_0177,1,2022-07-12 00:22:13.949,0.1,-0.087419,0.021769,196.54705,0,train
normal,6104,normal_0177,2,2022-07-12 00:22:14.049,0.2,0.173933,0.259007,233.90081,0,train
normal,6105,normal_0177,3,2022-07-12 00:22:14.149,0.3,-0.013248,0.07631,210.49502,0,train
normal,6106,normal_0177,4,2022-07-12 00:22:14.249,0.4,0.040464,-0.122372,166.45851,0,train
normal,6107,normal_0177,5,2022-07-12 00:22:14.349,0.5,0.043314,-0.124279,104.90753,0,train
normal,6108,normal_0177,6,2022-07-12 00:22:14.449,0.6,-0.200021,-0.108158,31.626586,0,train
normal,6109,normal_0177,7,2022-07-12 00:22:14.549,0.7,-0.017699,0.145304,-51.25249,0,train
normal,6110,normal_0177,8,2022-07-12 00:22:14.649,0.8,0.107414,0.234507,-131.15324,0,train
normal,6111,normal_0177,9,2022-07-12 00:22:14.749,0.9,-0.042858,-0.080353,-178.67865,0,train
normal,6112,normal_0177,10,2022-07-12 00:22:14.849,1.0,0.032891,-0.196883,-225.68944,0,train
normal,6113,normal_0177,11,2022-07-12 00:22:14.949,1.1,0.073309,-0.085871,-221.54298,0,train
normal,6114,normal_0177,12,2022-07-12 00:22:15.049,1.2,-0.053814,0.012335,-178.74958,0,train
normal,6115,normal_0177,13,2022-07-12 00:22:15.149,1.3,-0.037953,0.163276,-126.20129,0,train
normal,6116,normal_0177,14,2022-07-12 00:22:15.249,1.4,0.032335,0.142284,-54.774291,0,train
normal,6117,normal_0177,15,2022-07-12 00:22:15.349,1.5,0.009787,-0.10004,21.53528,0,train
normal,6118,normal_0177,16,2022-07-12 00:22:15.449,1.6,-0.029063,-0.186336,108.83106,0,train
normal,6119,normal_0177,17,2022-07-12 00:22:15.549,1.7,-0.021196,-0.071997,163.07165,0,train
normal,6120,normal_0177,18,2022-07-12 00:22:15.649,1.8,0.027714,0.088572,211.77926,0,train
normal,6121,normal_0177,19,2022-07-12 00:22:15.749,1.9,0.056642,0.183428,232.3195,0,train
normal,6122,normal_0177,20,2022-07-12 00:22:15.849,2.0,0.048343,0.057032,195.36414,0,train
normal,6123,normal_0177,21,2022-07-12 00:22:15.949,2.1,0.039908,-0.152821,148.47924,0,train
normal,6124,normal_0177,22,2022-07-12 00:22:16.049,2.2,-0.096388,-0.18167,80.481777,0,train
normal,6125,normal_0177,23,2022-07-12 00:22:16.149,2.3,-0.115269,-0.012552,7.389666,0,train
normal,6126,normal_0177,24,2022-07-12 00:22:16.249,2.4,0.117337,0.194816,-80.690036,0,train
normal,6127,normal_0177,25,2022-07-12 00:22:16.349,2.5,0.059969,0.144407,-148.30853,0,train
normal,6128,normal_0177,26,2022-07-12 00:22:16.449,2.6,0.020948,-0.074075,-193.29574,0,train
normal,6129,normal_0177,27,2022-07-12 00:22:16.549,2.7,0.121322,-0.12026,-231.41172,0,train
normal,6130,normal_0177,28,2022-07-12 00:22:16.649,2.8,-0.12929,-0.126947,-207.21748,0,train
normal,6131,normal_0177,29,2022-07-12 00:22:16.749,2.9,-0.131595,0.02043,-163.05961,0,train
normal,6132,normal_0177,30,2022-07-12 00:22:16.849,3.0,0.118631,0.248823,-103.27352,0,train
normal,6133,normal_0177,31,2022-07-12 00:22:16.949,3.1,0.044267,0.049006,-31.019334,0,train
normal,6134,normal_0177,32,2022-07-12 00:22:17.049,3.2,0.036831,-0.145056,50.856239,0,train
normal,6135,normal_0177,33,2022-07-12 00:22:17.149,3.3,0.088965,-0.097406,130.77594,0,train
normal,6136,normal_0177,34,2022-07-12 00:22:17.249,3.4,-0.115042,-0.075835,176.71361,0,train
normal,6137,normal_0177,35,2022-07-12 00:22:17.349,3.5,-0.085909,0.111551,224.66495,0,train
normal,6138,normal_0177,36,2022-07-12 00:22:17.449,3.6,0.118075,0.255011,222.35396,0,train
normal,6139,normal_0177,37,2022-07-12 00:22:17.549,3.7,0.00855,-0.006557,179.33991,0,train
normal,6140,normal_0177,38,2022-07-12 00:22:17.649,3.8,-0.041098,-0.228695,127.55646,0,train
normal,6141,normal_0177,39,2022-07-12 00:22:17.749,3.9,-0.00789,-0.091446,56.269056,0,train
normal,6142,normal_0177,40,2022-07-12 00:22:17.849,4.0,-0.037533,0.044873,-20.165088,0,train
normal,6143,normal_0177,41,2022-07-12 00:22:17.949,4.1,0.039647,0.17581,-107.99314,0,train
normal,6144,normal_0177,42,2022-07-12 00:22:18.049,4.2,0.038681,0.143374,-161.86311,0,train
normal,6145,normal_0177,43,2022-07-12 00:22:18.149,4.3,0.001965,-0.134236,-208.95889,0,train
normal,6146,normal_0177,44,2022-07-12 00:22:18.249,4.4,-0.047796,-0.204513,-229.05388,0,train
normal,6147,normal_0177,45,2022-07-12 00:22:18.349,4.5,-0.12694,-0.057306,-191.76819,0,train
normal,6148,normal_0177,46,2022-07-12 00:22:18.449,4.6,0.039056,0.166603,-145.76496,0,train
normal,6149,normal_0177,47,2022-07-12 00:22:18.549,4.7,0.065259,0.1967,-79.092393,0,train
normal,6150,normal_0177,48,2022-07-12 00:22:18.649,4.8,-0.06897,-0.023791,-6.310225,0,train
normal,6151,normal_0177,49,2022-07-12 00:22:18.749,4.9,0.071311,-0.141979,80.064425,0,train
normal,6152,normal_0178,0,2022-07-12 00:22:21.169,0.0,-0.057782,-0.073547,99.390519,0,train
normal,6153,normal_0178,1,2022-07-12 00:22:21.269,0.1,-0.041603,0.093721,80.398688,0,train
normal,6154,normal_0178,2,2022-07-12 00:22:21.369,0.2,-0.058633,0.006675,44.974928,0,train
normal,6155,normal_0178,3,2022-07-12 00:22:21.469,0.3,-0.001095,-0.023604,4.257918,0,train
normal,6156,normal_0178,4,2022-07-12 00:22:21.569,0.4,-0.094328,-0.077634,-42.1871,0,train
normal,6157,normal_0178,5,2022-07-12 00:22:21.669,0.5,-0.122189,-0.130211,-92.443477,0,train
normal,6158,normal_0178,6,2022-07-12 00:22:21.769,0.6,-0.04871,0.034479,-105.06119,0,train
normal,6159,normal_0178,7,2022-07-12 00:22:21.869,0.7,-0.108894,0.051714,-109.63274,0,train
normal,6160,normal_0178,8,2022-07-12 00:22:21.969,0.8,-0.044737,-0.000159,-103.5669,0,train
normal,6161,normal_0178,9,2022-07-12 00:22:22.069,0.9,-0.011097,0.034797,-85.701714,0,train
normal,6162,normal_0178,10,2022-07-12 00:22:22.169,1.0,-0.095543,-0.114703,-57.061679,0,train
normal,6163,normal_0178,11,2022-07-12 00:22:22.269,1.1,-0.016501,-0.089055,-15.061023,0,train
normal,6164,normal_0178,12,2022-07-12 00:22:22.369,1.2,-0.000266,0.098183,26.079658,0,train
normal,6165,normal_0178,13,2022-07-12 00:22:22.469,1.3,0.02713,-0.028338,80.949793,0,train
normal,6166,normal_0178,14,2022-07-12 00:22:22.569,1.4,0.088732,-0.046537,105.95061,0,train
normal,6167,normal_0178,15,2022-07-12 00:22:22.669,1.5,-0.035166,0.022127,109.34759,0,train
normal,6168,normal_0178,16,2022-07-12 00:22:22.769,1.6,-0.045827,-0.084026,109.24329,0,train
normal,6169,normal_0178,17,2022-07-12 00:22:22.869,1.7,-0.000289,0.056312,93.172084,0,train
normal,6170,normal_0178,18,2022-07-12 00:22:22.969,1.8,-0.074709,0.13633,70.268282,0,train
normal,6171,normal_0178,19,2022-07-12 00:22:23.069,1.9,0.038892,-0.028849,29.030326,0,train
normal,6172,normal_0178,20,2022-07-12 00:22:23.169,2.0,0.105036,0.016836,-10.787846,0,train
normal,6173,normal_0178,21,2022-07-12 00:22:23.269,2.1,0.022032,-0.002271,-63.487776,0,train
normal,6174,normal_0178,22,2022-07-12 00:22:23.369,2.2,0.079968,-0.058424,-102.39936,0,train
normal,6175,normal_0178,23,2022-07-12 00:22:23.469,2.3,0.042899,0.093766,-107.12446,0,train
normal,6176,normal_0178,24,2022-07-12 00:22:23.569,2.4,-0.008247,0.05965,-110.82317,0,train
normal,6177,normal_0178,25,2022-07-12 00:22:23.669,2.5,0.065186,0.059332,-97.843301,0,train
normal,6178,normal_0178,26,2022-07-12 00:22:23.769,2.6,0.038767,0.132242,-77.880153,0,train
normal,6179,normal_0178,27,2022-07-12 00:22:23.869,2.7,0.006137,-0.013352,-41.790967,0,train
normal,6180,normal_0178,28,2022-07-12 00:22:23.969,2.8,0.062438,0.018187,-0.567079,0,train
normal,6181,normal_0178,29,2022-07-12 00:22:24.069,2.9,0.012518,0.075976,46.205169,0,train
normal,6182,normal_0178,30,2022-07-12 00:22:24.169,3.0,0.029071,-0.064703,96.345555,0,train
normal,6183,normal_0178,31,2022-07-12 00:22:24.269,3.1,0.171271,-0.041224,107.89074,0,train
normal,6184,normal_0178,32,2022-07-12 00:22:24.369,3.2,0.092978,-0.049296,111.57872,0,train
normal,6185,normal_0178,33,2022-07-12 00:22:24.469,3.3,0.067161,-0.104428,104.83683,0,train
normal,6186,normal_0178,34,2022-07-12 00:22:24.569,3.4,0.105195,0.053735,86.699615,0,train
normal,6187,normal_0178,35,2022-07-12 00:22:24.669,3.5,0.005229,0.067631,57.485945,0,train
normal,6188,normal_0178,36,2022-07-12 00:22:24.769,3.6,0.027447,0.005302,14.756085,0,train
normal,6189,normal_0178,37,2022-07-12 00:22:24.869,3.7,-0.028797,0.045129,-26.971701,0,train
normal,6190,normal_0178,38,2022-07-12 00:22:24.969,3.8,-0.116035,-0.013306,-81.723461,0,train
normal,6191,normal_0178,39,2022-07-12 00:22:25.069,3.9,0.007977,0.014816,-105.45815,0,train
normal,6192,normal_0178,40,2022-07-12 00:22:25.169,4.0,0.008408,0.097286,-108.55521,0,train
normal,6193,normal_0178,41,2022-07-12 00:22:25.269,4.1,0.024666,0.008776,-108.48965,0,train
normal,6194,normal_0178,42,2022-07-12 00:22:25.369,4.2,0.139481,-0.064453,-91.661345,0,train
normal,6195,normal_0178,43,2022-07-12 00:22:25.469,4.3,0.03032,-0.057176,-68.428286,0,train
normal,6196,normal_0178,44,2022-07-12 00:22:25.569,4.4,-0.028729,-0.036092,-27.421239,0,train
normal,6197,normal_0178,45,2022-07-12 00:22:25.669,4.5,-0.021042,0.030801,12.45618,0,train
normal,6198,normal_0179,0,2022-07-12 00:22:29.076,0.0,-0.115136,-0.226165,-147.57182,0,train
normal,6199,normal_0179,1,2022-07-12 00:22:29.176,0.1,0.049407,-0.055639,-104.6604,0,train
normal,6200,normal_0179,2,2022-07-12 00:22:29.276,0.2,0.059137,0.238797,-49.017316,0,train
normal,6201,normal_0179,3,2022-07-12 00:22:29.376,0.3,0.042095,0.203863,9.390117,0,train
normal,6202,normal_0179,4,2022-07-12 00:22:29.476,0.4,0.206037,0.166567,73.429832,0,train
normal,6203,normal_0179,5,2022-07-12 00:22:29.576,0.5,-0.19487,-0.031808,121.91893,0,train
normal,6204,normal_0179,6,2022-07-12 00:22:29.676,0.6,-0.236945,-0.113416,168.70918,0,train
normal,6205,normal_0179,7,2022-07-12 00:22:29.776,0.7,0.025088,0.209131,184.58786,0,train
normal,6206,normal_0179,8,2022-07-12 00:22:29.876,0.8,0.15531,0.140591,160.74671,0,train
normal,6207,normal_0179,9,2022-07-12 00:22:29.976,0.9,0.351699,0.000412,123.01518,0,train
normal,6208,normal_0179,10,2022-07-12 00:22:30.076,1.0,0.256354,-0.144751,68.996318,0,train
normal,6209,normal_0179,11,2022-07-12 00:22:30.176,1.1,0.093015,-0.243388,12.168767,0,train
normal,6210,normal_0179,12,2022-07-12 00:22:30.276,1.2,-0.072448,-0.024111,-52.595502,0,train
normal,6211,normal_0179,13,2022-07-12 00:22:30.376,1.3,-0.073753,0.23505,-106.78138,0,train
normal,6212,normal_0179,14,2022-07-12 00:22:30.476,1.4,0.026962,0.339932,-155.34391,0,train
normal,6213,normal_0179,15,2022-07-12 00:22:30.576,1.5,-0.071971,0.030623,-185.62379,0,train
normal,6214,normal_0179,16,2022-07-12 00:22:30.676,1.6,0.081219,-0.192968,-170.81716,0,train
normal,6215,normal_0179,17,2022-07-12 00:22:30.776,1.7,0.109511,-0.200893,-137.77138,0,train
normal,6216,normal_0179,18,2022-07-12 00:22:30.876,1.8,0.077495,-0.046727,-86.811195,0,train
normal,6217,normal_0179,19,2022-07-12 00:22:30.976,1.9,0.315948,0.253215,-29.620055,0,train
normal,6218,normal_0179,20,2022-07-12 00:22:31.076,2.0,-0.003942,0.13907,32.93312,0,train
normal,6219,normal_0179,21,2022-07-12 00:22:31.176,2.1,-0.147663,-0.232466,92.583548,0,train
normal,6220,normal_0179,22,2022-07-12 00:22:31.276,2.2,0.002927,-0.213154,142.42126,0,train
normal,6221,normal_0179,23,2022-07-12 00:22:31.376,2.3,-0.052182,-0.010044,182.86898,0,train
normal,6222,normal_0179,24,2022-07-12 00:22:31.476,2.4,0.186918,0.239478,181.48377,0,train
normal,6223,normal_0179,25,2022-07-12 00:22:31.576,2.5,0.085329,0.282961,153.38959,0,train
normal,6224,normal_0179,26,2022-07-12 00:22:31.676,2.6,-0.243837,-0.106172,107.10205,0,train
normal,6225,normal_0179,27,2022-07-12 00:22:31.776,2.7,-0.112161,-0.250484,49.855834,0,train
normal,6226,normal_0179,28,2022-07-12 00:22:31.876,2.8,-0.057779,-0.138824,-10.572435,0,train
normal,6227,normal_0179,29,2022-07-12 00:22:31.976,2.9,-0.011004,0.07263,-74.14771,0,train
normal,6228,normal_0179,30,2022-07-12 00:22:32.076,3.0,0.042129,0.239319,-126.96923,0,train
normal,6229,normal_0179,31,2022-07-12 00:22:32.176,3.1,-0.183153,0.007917,-173.62191,0,train
normal,6230,normal_0180,0,2022-07-12 00:22:37.072,0.0,-0.031746,0.068651,140.8595,0,train
normal,6231,normal_0180,1,2022-07-12 00:22:37.172,0.1,0.012963,0.222454,67.240961,0,train
normal,6232,normal_0180,2,2022-07-12 00:22:37.272,0.2,-0.03094,0.035239,-10.722519,0,train
normal,6233,normal_0180,3,2022-07-12 00:22:37.372,0.3,-0.028317,-0.192167,-98.747384,0,train
normal,6234,normal_0180,4,2022-07-12 00:22:37.472,0.4,-0.097595,-0.157449,-164.16158,0,train
normal,6235,normal_0180,5,2022-07-12 00:22:37.572,0.5,-0.124298,-0.032756,-217.25335,0,train
normal,6236,normal_0180,6,2022-07-12 00:22:37.672,0.6,0.093844,0.195206,-241.78997,0,train
normal,6237,normal_0180,7,2022-07-12 00:22:37.772,0.7,0.056423,0.185204,-210.19104,0,train
normal,6238,normal_0180,8,2022-07-12 00:22:37.872,0.8,-0.017884,-0.109493,-160.27226,0,train
normal,6239,normal_0180,9,2022-07-12 00:22:37.972,0.9,0.050815,-0.171277,-90.775381,0,train
normal,6240,normal_0180,10,2022-07-12 00:22:38.072,1.0,-0.187729,-0.136014,-15.479686,0,train
normal,6241,normal_0180,11,2022-07-12 00:22:38.172,1.1,-0.080156,0.023988,70.07409,0,train
normal,6242,normal_0180,12,2022-07-12 00:22:38.272,1.2,0.154198,0.277211,144.70186,0,train
normal,6243,normal_0180,13,2022-07-12 00:22:38.372,1.3,-0.030179,0.045502,198.49493,0,train
normal,6244,normal_0180,14,2022-07-12 00:22:38.472,1.4,0.065222,-0.17575,240.57618,0,train
normal,6245,normal_0180,15,2022-07-12 00:22:38.572,1.5,0.067391,-0.094007,224.69738,0,train
normal,6246,normal_0180,16,2022-07-12 00:22:38.672,1.6,-0.173106,-0.087853,178.80704,0,train
normal,6247,normal_0180,17,2022-07-12 00:22:38.772,1.7,0.027904,0.157218,116.49538,0,train
normal,6248,normal_0180,18,2022-07-12 00:22:38.872,1.8,0.135953,0.283274,42.371278,0,train
normal,6249,normal_0180,19,2022-07-12 00:22:38.972,1.9,-0.030406,-0.076091,-38.756018,0,train
normal,6250,normal_0181,0,2022-07-12 00:22:45.020,0.0,0.058887,0.023182,-84.804903,0,train
normal,6251,normal_0181,1,2022-07-12 00:22:45.120,0.1,0.018254,0.139825,-54.226047,0,train
normal,6252,normal_0181,2,2022-07-12 00:22:45.220,0.2,0.042925,-0.004736,-14.525773,0,train
normal,6253,normal_0181,3,2022-07-12 00:22:45.320,0.3,0.047284,0.004097,28.590683,0,train
normal,6254,normal_0181,4,2022-07-12 00:22:45.420,0.4,0.021717,0.030221,81.528197,0,train
normal,6255,normal_0181,5,2022-07-12 00:22:45.520,0.5,0.05069,-0.056882,103.62173,0,train
normal,6256,normal_0181,6,2022-07-12 00:22:45.620,0.6,0.062407,0.040688,109.37001,0,train
normal,6257,normal_0182,0,2022-07-12 00:22:53.936,0.0,0.104345,0.318557,-208.87628,0,train
normal,6258,normal_0182,1,2022-07-12 00:22:54.036,0.1,0.019536,0.033306,-143.3443,0,train
normal,6259,normal_0182,2,2022-07-12 00:22:54.136,0.2,-0.030793,-0.241761,-60.924657,0,train
normal,6260,normal_0182,3,2022-07-12 00:22:54.236,0.3,-0.090397,-0.188923,25.169733,0,train
normal,6261,normal_0182,4,2022-07-12 00:22:54.336,0.4,-0.024276,0.00465,113.60301,0,train
normal,6262,normal_0182,5,2022-07-12 00:22:54.436,0.5,0.197317,0.294942,187.42301,0,train
normal,6263,normal_0182,6,2022-07-12 00:22:54.536,0.6,0.182501,0.232749,242.83412,0,train
normal,6264,normal_0182,7,2022-07-12 00:22:54.636,0.7,0.05279,-0.142216,252.3562,0,train
normal,6265,normal_0182,8,2022-07-12 00:22:54.736,0.8,-0.045473,-0.223766,225.2616,0,train
normal,6266,normal_0182,9,2022-07-12 00:22:54.836,0.9,-0.173719,-0.126412,169.81246,0,train
normal,6267,normal_0182,10,2022-07-12 00:22:54.936,1.0,-0.071801,0.123939,89.69916,0,train
normal,6268,normal_0182,11,2022-07-12 00:22:55.036,1.1,0.152778,0.34979,6.423712,0,train
normal,6269,normal_0182,12,2022-07-12 00:22:55.136,1.2,0.117356,0.048871,-84.38469,0,train
normal,6270,normal_0182,13,2022-07-12 00:22:55.236,1.3,0.028891,-0.260959,-163.78071,0,train
normal,6271,normal_0182,14,2022-07-12 00:22:55.336,1.4,0.001428,-0.149141,-227.62456,0,train
normal,6272,normal_0182,15,2022-07-12 00:22:55.436,1.5,-0.106746,-0.026276,-254.66552,0,train
normal,6273,normal_0182,16,2022-07-12 00:22:55.536,1.6,-0.042816,0.185383,-236.13551,0,train
normal,6274,normal_0182,17,2022-07-12 00:22:55.636,1.7,0.112315,0.322213,-191.61656,0,train
normal,6275,normal_0182,18,2022-07-12 00:22:55.736,1.8,0.02972,-0.074051,-116.44532,0,train
normal,6276,normal_0182,19,2022-07-12 00:22:55.836,1.9,-0.05854,-0.336254,-32.9814,0,train
normal,6277,normal_0182,20,2022-07-12 00:22:55.936,2.0,-0.065715,-0.112652,56.417472,0,train
normal,6278,normal_0182,21,2022-07-12 00:22:56.036,2.1,-0.014694,0.10549,141.46449,0,train
normal,6279,normal_0182,22,2022-07-12 00:22:56.136,2.2,0.082308,0.235576,210.83083,0,train
normal,6280,normal_0182,23,2022-07-12 00:22:56.236,2.3,0.036294,0.117808,253.59836,0,train
normal,6281,normal_0182,24,2022-07-12 00:22:56.336,2.4,0.001848,-0.179795,247.4108,0,train
normal,6282,normal_0182,25,2022-07-12 00:22:56.436,2.5,-0.077704,-0.238083,211.71501,0,train
normal,6283,normal_0182,26,2022-07-12 00:22:56.536,2.6,-0.140874,-0.077808,144.58169,0,train
normal,6284,normal_0182,27,2022-07-12 00:22:56.636,2.7,0.029311,0.207953,61.691053,0,train
normal,6285,normal_0182,28,2022-07-12 00:22:56.736,2.8,0.053221,0.285258,-24.882081,0,train
normal,6286,normal_0182,29,2022-07-12 00:22:56.836,2.9,-0.010493,-0.041887,-114.48587,0,train
normal,6287,normal_0182,30,2022-07-12 00:22:56.936,3.0,-0.002137,-0.271859,-188.58435,0,train
normal,6288,normal_0182,31,2022-07-12 00:22:57.036,3.1,-0.14898,-0.223528,-244.20288,0,train
normal,6289,normal_0182,32,2022-07-12 00:22:57.136,3.2,-0.077852,0.001176,-253.47975,0,train
normal,6290,normal_0182,33,2022-07-12 00:22:57.236,3.3,0.145013,0.304365,-225.55199,0,train
normal,6291,normal_0182,34,2022-07-12 00:22:57.336,3.4,0.057422,0.160724,-169.86551,0,train
normal,6292,normal_0182,35,2022-07-12 00:22:57.436,3.5,-0.017861,-0.183076,-88.52614,0,train
normal,6293,normal_0182,36,2022-07-12 00:22:57.536,3.6,-0.065466,-0.185903,-3.301859,0,train
normal,6294,normal_0182,37,2022-07-12 00:22:57.636,3.7,-0.185583,-0.1389,87.962161,0,train
normal,6295,normal_0182,38,2022-07-12 00:22:57.736,3.8,-0.08069,0.090606,167.55547,0,train
normal,6296,normal_0182,39,2022-07-12 00:22:57.836,3.9,0.132456,0.330239,231.39396,0,train
normal,6297,normal_0182,40,2022-07-12 00:22:57.936,4.0,0.139506,0.030184,257.69284,0,train
normal,6298,normal_0182,41,2022-07-12 00:22:58.036,4.1,0.014268,-0.266432,238.69291,0,train
normal,6299,normal_0182,42,2022-07-12 00:22:58.136,4.2,-0.040727,-0.16625,193.4047,0,train
normal,6300,normal_0182,43,2022-07-12 00:22:58.236,4.3,-0.105225,-0.011551,117.23711,0,train
normal,6301,normal_0182,44,2022-07-12 00:22:58.336,4.4,-0.090045,0.21153,33.632759,0,train
normal,6302,normal_0182,45,2022-07-12 00:22:58.436,4.5,0.051541,0.268296,-55.996782,0,train
normal,6303,normal_0182,46,2022-07-12 00:22:58.536,4.6,0.02863,-0.112879,-141.78302,0,train
normal,6304,normal_0182,47,2022-07-12 00:22:58.636,4.7,-0.02221,-0.280748,-211.58519,0,train
normal,6305,normal_0182,48,2022-07-12 00:22:58.736,4.8,0.005515,-0.089763,-254.63775,0,train
normal,6306,normal_0182,49,2022-07-12 00:22:58.836,4.9,0.014507,0.087268,-247.62014,0,train
normal,6307,normal_0183,0,2022-07-12 00:23:01.103,0.0,-0.040072,-0.048209,-77.006707,0,train
normal,6308,normal_0183,1,2022-07-12 00:23:01.203,0.1,0.091161,-0.004101,-36.803488,0,train
normal,6309,normal_0183,2,2022-07-12 00:23:01.303,0.2,-0.080001,-0.067169,18.769028,0,train
normal,6310,normal_0183,3,2022-07-12 00:23:01.403,0.3,0.005523,0.042129,59.814579,0,train
normal,6311,normal_0183,4,2022-07-12 00:23:01.503,0.4,0.047042,0.096874,112.17607,0,train
normal,6312,normal_0183,5,2022-07-12 00:23:01.603,0.5,-0.083282,-0.058098,142.34115,0,train
normal,6313,normal_0183,6,2022-07-12 00:23:01.703,0.6,0.113765,-0.030657,133.14523,0,train
normal,6314,normal_0183,7,2022-07-12 00:23:01.803,0.7,0.073279,-0.037276,119.50459,0,train
normal,6315,normal_0183,8,2022-07-12 00:23:01.903,0.8,-0.100687,-0.048232,88.932763,0,train
normal,6316,normal_0183,9,2022-07-12 00:23:02.003,0.9,0.069045,0.13065,54.672844,0,train
normal,6317,normal_0183,10,2022-07-12 00:23:02.103,1.0,-0.025097,0.067356,2.086044,0,train
normal,6318,normal_0183,11,2022-07-12 00:23:02.203,1.1,-0.071656,-0.070109,-43.304329,0,train
normal,6319,normal_0183,12,2022-07-12 00:23:02.303,1.2,0.112914,-0.017646,-90.439926,0,train
normal,6320,normal_0183,13,2022-07-12 00:23:02.403,1.3,-0.020578,-0.085323,-136.18221,0,train
normal,6321,normal_0183,14,2022-07-12 00:23:02.503,1.4,-0.038005,-0.02632,-135.17465,0,train
normal,6322,normal_0183,15,2022-07-12 00:23:02.603,1.5,0.07119,0.136634,-125.07679,0,train
normal,6323,normal_0183,16,2022-07-12 00:23:02.703,1.6,-0.027174,-0.002149,-100.61814,0,train
normal,6324,normal_0183,17,2022-07-12 00:23:02.803,1.7,0.014004,-0.045575,-67.39498,0,train
normal,6325,normal_0183,18,2022-07-12 00:23:02.903,1.8,0.062221,0.008183,-21.382692,0,train
normal,6326,normal_0183,19,2022-07-12 00:23:03.003,1.9,-0.061983,-0.031077,29.767755,0,train
normal,6327,normal_0183,20,2022-07-12 00:23:03.103,2.0,-0.004366,0.082717,72.533497,0,train
normal,6328,normal_0183,21,2022-07-12 00:23:03.203,2.1,-0.00029,0.050848,125.47971,0,train
normal,6329,normal_0183,22,2022-07-12 00:23:03.303,2.2,-0.034145,-0.061435,138.64936,0,train
normal,6330,normal_0183,23,2022-07-12 00:23:03.403,2.3,0.120747,-0.004556,129.39359,0,train
normal,6331,normal_0183,24,2022-07-12 00:23:03.503,2.4,0.000528,-0.079987,111.21179,0,train
normal,6332,normal_0183,25,2022-07-12 00:23:03.603,2.5,-0.046089,-0.014342,79.905162,0,train
normal,6333,normal_0183,26,2022-07-12 00:23:03.703,2.6,0.042785,0.147181,42.092924,0,train
normal,6334,normal_0183,27,2022-07-12 00:23:03.803,2.7,-0.132953,-0.029147,-11.153222,0,train
normal,6335,normal_0183,28,2022-07-12 00:23:03.903,2.8,-0.025142,-0.060391,-52.133328,0,train
normal,6336,normal_0183,29,2022-07-12 00:23:04.003,2.9,0.066978,0.018003,-105.75427,0,train
normal,6337,normal_0183,30,2022-07-12 00:23:04.103,3.0,-0.067535,-0.073527,-136.59145,0,train
normal,6338,normal_0183,31,2022-07-12 00:23:04.203,3.1,0.084133,0.06479,-129.81428,0,train
normal,6339,normal_0183,32,2022-07-12 00:23:04.303,3.2,0.023098,0.08987,-118.99878,0,train
normal,6340,normal_0183,33,2022-07-12 00:23:04.403,3.3,-0.104592,-0.089035,-90.745221,0,train
normal,6341,normal_0183,34,2022-07-12 00:23:04.503,3.4,0.074948,-0.029465,-58.273084,0,train
normal,6342,normal_0183,35,2022-07-12 00:23:04.603,3.5,-0.032181,-0.023447,-7.619739,0,train
normal,6343,normal_0183,36,2022-07-12 00:23:04.703,3.6,-0.081976,-0.006667,36.921744,0,train
normal,6344,normal_0183,37,2022-07-12 00:23:04.803,3.7,0.065412,0.084897,84.605346,0,train
normal,6345,normal_0183,38,2022-07-12 00:23:04.903,3.8,-0.072701,-0.025491,131.14978,0,train
normal,6346,normal_0183,39,2022-07-12 00:23:05.003,3.9,-0.034577,-0.053397,132.11466,0,train
normal,6347,normal_0183,40,2022-07-12 00:23:05.103,4.0,0.076209,-0.025934,124.03144,0,train
normal,6348,normal_0183,41,2022-07-12 00:23:05.203,4.1,-0.071077,-0.069281,101.83789,0,train
normal,6349,normal_0183,42,2022-07-12 00:23:05.303,4.2,-0.013959,0.050848,72.508821,0,train
normal,6350,normal_0183,43,2022-07-12 00:23:05.403,4.3,0.059678,0.082342,29.473308,0,train
normal,6351,normal_0183,44,2022-07-12 00:23:05.503,4.4,-0.039969,-0.053193,-19.37175,0,train
normal,6352,normal_0183,45,2022-07-12 00:23:05.603,4.5,0.024869,-0.020144,-60.485251,0,train
normal,6353,normal_0183,46,2022-07-12 00:23:05.703,4.6,0.038289,-0.001138,-115.39365,0,train
normal,6354,normal_0184,0,2022-07-12 00:23:09.220,0.0,-0.019093,-0.036654,-105.49797,0,train
normal,6355,normal_0184,1,2022-07-12 00:23:09.320,0.1,-0.061259,-0.010281,-86.043845,0,train
normal,6356,normal_0184,2,2022-07-12 00:23:09.420,0.2,-0.029106,0.092762,-59.018142,0,train
normal,6357,normal_0184,3,2022-07-12 00:23:09.520,0.3,-0.048952,0.051515,-14.0574,0,train
normal,6358,normal_0184,4,2022-07-12 00:23:09.620,0.4,-0.016708,-0.050641,27.310255,0,train
normal,6359,normal_0184,5,2022-07-12 00:23:09.720,0.5,0.002115,-0.073541,79.970608,0,train
normal,6360,normal_0184,6,2022-07-12 00:23:09.820,0.6,-0.039653,-0.01019,110.95644,0,train
normal,6361,normal_0184,7,2022-07-12 00:23:09.920,0.7,0.010914,0.003411,111.95232,0,train
normal,6362,normal_0184,8,2022-07-12 00:23:10.020,0.8,0.005192,-0.082351,110.90661,0,train
normal,6363,normal_0184,9,2022-07-12 00:23:10.120,0.9,-0.046522,-0.041093,93.672048,0,train
normal,6364,normal_0184,10,2022-07-12 00:23:10.220,1.0,0.051865,0.03209,71.202287,0,train
normal,6365,normal_0184,11,2022-07-12 00:23:10.320,1.1,-0.023781,-0.039765,29.126409,0,train
normal,6366,normal_0184,12,2022-07-12 00:23:10.420,1.2,-0.080253,-0.014663,-13.870837,0,train
normal,6367,normal_0184,13,2022-07-12 00:23:10.520,1.3,0.030533,0.070112,-61.899669,0,train
normal,6368,normal_0184,14,2022-07-12 00:23:10.620,1.4,-0.014267,-0.0112,-105.67821,0,train
normal,6369,normal_0184,15,2022-07-12 00:23:10.720,1.5,0.033382,-0.066604,-110.72267,0,train
normal,6370,normal_0184,16,2022-07-12 00:23:10.820,1.6,0.050741,-0.048076,-111.37868,0,train
normal,6371,normal_0184,17,2022-07-12 00:23:10.920,1.7,-0.075666,-0.009191,-99.026096,0,train
normal,6372,normal_0184,18,2022-07-12 00:23:11.020,1.8,-0.008693,0.027435,-78.40086,0,train
normal,6373,normal_0184,19,2022-07-12 00:23:11.120,1.9,-0.040868,-0.065764,-43.942338,0,train
normal,6374,normal_0184,20,2022-07-12 00:23:11.220,2.0,-0.108999,-0.021384,1.616001,0,train
normal,6375,normal_0184,21,2022-07-12 00:23:11.320,2.1,0.054022,0.067455,44.943934,0,train
normal,6376,normal_0184,22,2022-07-12 00:23:11.420,2.2,-0.015766,-0.048076,96.810472,0,train
normal,6377,normal_0184,23,2022-07-12 00:23:11.520,2.3,-0.073475,-0.013698,113.09482,0,train
normal,6378,normal_0184,24,2022-07-12 00:23:11.620,2.4,0.058473,0.062199,112.84567,0,train
normal,6379,normal_0184,25,2022-07-12 00:23:11.720,2.5,-0.027744,0.007135,106.27617,0,train
normal,6380,normal_0184,26,2022-07-12 00:23:11.820,2.6,0.007906,-0.000778,86.140762,0,train
normal,6381,normal_0184,27,2022-07-12 00:23:11.920,2.7,0.059926,-0.049041,58.42448,0,train
normal,6382,normal_0184,28,2022-07-12 00:23:12.020,2.8,-0.051188,-0.048008,12.265803,0,train
normal,6383,normal_0184,29,2022-07-12 00:23:12.120,2.9,0.036766,0.033259,-28.735045,0,train
normal,6384,normal_0184,30,2022-07-12 00:23:12.220,3.0,0.066693,-0.005739,-80.780993,0,train
normal,6385,normal_0184,31,2022-07-12 00:23:12.320,3.1,0.016284,-0.015651,-111.34721,0,train
normal,6386,normal_0185,0,2022-07-12 00:23:17.204,0.0,-0.007187,-0.020766,-107.76354,0,train
normal,6387,normal_0185,1,2022-07-12 00:23:17.304,0.1,0.002327,-0.059697,-90.254556,0,train
normal,6388,normal_0185,2,2022-07-12 00:23:17.404,0.2,-0.010264,0.040609,-66.49638,0,train
normal,6389,normal_0185,3,2022-07-12 00:23:17.504,0.3,-0.004939,-0.006893,-24.265769,0,train
normal,6390,normal_0185,4,2022-07-12 00:23:17.604,0.4,0.02802,-0.003634,14.715196,0,train
normal,6391,normal_0185,5,2022-07-12 00:23:17.704,0.5,-0.040043,0.017721,66.703328,0,train
normal,6392,normal_0185,6,2022-07-12 00:23:17.804,0.6,-0.05671,-0.072583,106.30895,0,train
normal,6393,normal_0185,7,2022-07-12 00:23:17.904,0.7,0.003769,0.048897,110.22819,0,train
normal,6394,normal_0185,8,2022-07-12 00:23:18.004,0.8,-0.014748,0.073863,112.23163,0,train
normal,6395,normal_0185,9,2022-07-12 00:23:18.104,0.9,0.036637,-0.064624,98.13143,0,train
normal,6396,normal_0185,10,2022-07-12 00:23:18.204,1.0,0.045436,-0.023026,77.560315,0,train
normal,6397,normal_0185,11,2022-07-12 00:23:18.304,1.1,-0.059219,-0.027919,39.997225,0,train
normal,6398,normal_0185,12,2022-07-12 00:23:18.404,1.2,-0.025432,-0.015623,-1.167178,0,train
normal,6399,normal_0185,13,2022-07-12 00:23:18.504,1.3,-0.029337,-0.006064,-46.344643,0,train
normal,6400,normal_0185,14,2022-07-12 00:23:18.604,1.4,-0.059696,-0.030178,-96.592915,0,train
normal,6401,normal_0185,15,2022-07-12 00:23:18.704,1.5,0.064929,0.09523,-108.13607,0,train
normal,6402,normal_0185,16,2022-07-12 00:23:18.804,1.6,0.005279,0.000169,-110.96228,0,train
normal,6403,normal_0185,17,2022-07-12 00:23:18.904,1.7,-0.080336,-0.119551,-103.2771,0,train
normal,6404,normal_0185,18,2022-07-12 00:23:19.004,1.8,-0.022582,0.081209,-84.594379,0,train
normal,6405,normal_0185,19,2022-07-12 00:23:19.104,1.9,-0.05235,0.073148,-55.364139,0,train
normal,6406,normal_0185,20,2022-07-12 00:23:19.204,2.0,0.026975,-0.080258,-13.06987,0,train
normal,6407,normal_0185,21,2022-07-12 00:23:19.304,2.1,0.049125,-0.026364,26.921514,0,train
normal,6408,normal_0185,22,2022-07-12 00:23:19.404,2.2,-0.007107,-0.037013,81.829677,0,train
normal,6409,normal_0185,23,2022-07-12 00:23:19.504,2.3,0.057005,-0.042485,107.82565,0,train
normal,6410,normal_0185,24,2022-07-12 00:23:19.604,2.4,-0.012739,0.02694,110.73674,0,train
normal,6411,normal_0185,25,2022-07-12 00:23:19.704,2.5,-0.03926,0.000305,109.69759,0,train
normal,6412,normal_0185,26,2022-07-12 00:23:19.804,2.6,0.002566,0.029199,93.336236,0,train
normal,6413,normal_0185,27,2022-07-12 00:23:19.904,2.7,-0.055438,0.004267,70.30476,0,train
normal,6414,normal_0185,28,2022-07-12 00:23:20.004,2.8,-0.020527,-0.082335,29.224638,0,train
normal,6415,normal_0185,29,2022-07-12 00:23:20.104,2.9,0.008753,0.029744,-9.441019,0,train
normal,6416,normal_0185,30,2022-07-12 00:23:20.204,3.0,0.010059,0.050384,-61.109312,0,train
normal,6417,normal_0185,31,2022-07-12 00:23:20.304,3.1,0.063544,-0.057914,-101.4352,0,train
normal,6418,normal_0185,32,2022-07-12 00:23:20.404,3.2,0.008151,0.028518,-107.19777,0,train
normal,6419,normal_0186,0,2022-07-12 00:23:25.144,0.0,0.008497,-0.068157,-53.089863,0,train
normal,6420,normal_0186,1,2022-07-12 00:23:25.244,0.1,-0.003844,-0.073697,-0.791073,0,train
normal,6421,normal_0186,2,2022-07-12 00:23:25.344,0.2,0.027582,-0.004726,57.410247,0,train
normal,6422,normal_0186,3,2022-07-12 00:23:25.444,0.3,0.061245,0.130537,106.78972,0,train
normal,6423,normal_0186,4,2022-07-12 00:23:25.544,0.4,-0.084168,-0.009506,153.34548,0,train
normal,6424,normal_0186,5,2022-07-12 00:23:25.644,0.5,-0.04643,-0.138626,169.06538,0,train
normal,6425,normal_0186,6,2022-07-12 00:23:25.744,0.6,0.002673,-0.133256,151.93893,0,train
normal,6426,normal_0186,7,2022-07-12 00:23:25.844,0.7,-0.088267,-0.076842,118.57952,0,train
normal,6427,normal_0186,8,2022-07-12 00:23:25.944,0.8,0.063754,0.116311,70.494899,0,train
normal,6428,normal_0186,9,2022-07-12 00:23:26.044,0.9,0.084768,0.154152,19.806745,0,train
normal,6429,normal_0186,10,2022-07-12 00:23:26.144,1.0,-0.069318,-0.06651,-38.753157,0,train
normal,6430,normal_0186,11,2022-07-12 00:23:26.244,1.1,0.00567,-0.119769,-91.020237,0,train
normal,6431,normal_0186,12,2022-07-12 00:23:26.344,1.2,-0.026403,-0.129033,-139.9044,0,train
normal,6432,normal_0186,13,2022-07-12 00:23:26.444,1.3,-0.099722,-0.044269,-168.3624,0,train
normal,6433,normal_0186,14,2022-07-12 00:23:26.544,1.4,0.104126,0.182115,-159.18984,0,train
normal,6434,normal_0186,15,2022-07-12 00:23:26.644,1.5,0.092943,0.04239,-131.64915,0,train
normal,6435,normal_0186,16,2022-07-12 00:23:26.744,1.6,-0.007465,-0.149741,-86.0597,0,train
normal,6436,normal_0186,17,2022-07-12 00:23:26.844,1.7,0.101617,-0.039728,-35.674338,0,train
normal,6437,normal_0186,18,2022-07-12 00:23:26.944,1.8,-0.022463,-0.026422,20.469072,0,train
normal,6438,normal_0186,19,2022-07-12 00:23:27.044,1.9,-0.076164,0.044615,76.233873,0,train
normal,6439,normal_0186,20,2022-07-12 00:23:27.144,2.0,-9.7e-05,0.195273,126.84323,0,train
normal,6440,normal_0186,21,2022-07-12 00:23:27.244,2.1,-0.028821,-0.008245,165.18845,0,train
normal,6441,normal_0187,0,2022-07-12 00:23:33.047,0.0,0.014143,-0.09418,123.80625,0,train
normal,6442,normal_0187,1,2022-07-12 00:23:33.147,0.1,-0.060164,0.035236,196.44716,0,train
normal,6443,normal_0187,2,2022-07-12 00:23:33.247,0.2,0.077483,0.275176,249.63167,0,train
normal,6444,normal_0187,3,2022-07-12 00:23:33.347,0.3,0.131706,0.216241,255.33047,0,train
normal,6445,normal_0187,4,2022-07-12 00:23:33.447,0.4,0.035328,-0.158031,222.63387,0,train
normal,6446,normal_0187,5,2022-07-12 00:23:33.547,0.5,-0.049776,-0.201991,161.14571,0,train
normal,6447,normal_0187,6,2022-07-12 00:23:33.647,0.6,-0.078988,-0.053569,79.481969,0,train
normal,6448,normal_0187,7,2022-07-12 00:23:33.747,0.7,-0.000775,0.121634,-5.181909,0,train
normal,6449,normal_0187,8,2022-07-12 00:23:33.847,0.8,0.02821,0.269965,-94.040286,0,train
normal,6450,normal_0188,0,2022-07-12 00:23:42.270,0.0,0.035954,-0.056458,111.8337,0,train
normal,6451,normal_0188,1,2022-07-12 00:23:42.370,0.1,-0.027545,-0.043549,104.34176,0,train
normal,6452,normal_0188,2,2022-07-12 00:23:42.470,0.2,0.044196,-0.029698,83.793769,0,train
normal,6453,normal_0188,3,2022-07-12 00:23:42.570,0.3,-0.119053,-0.046455,54.915315,0,train
normal,6454,normal_0188,4,2022-07-12 00:23:42.670,0.4,-0.151637,0.010027,10.023118,0,train
normal,6455,normal_0188,5,2022-07-12 00:23:42.770,0.5,-0.005372,-0.002121,-30.285124,0,train
normal,6456,normal_0188,6,2022-07-12 00:23:42.870,0.6,-0.048469,-0.039609,-82.742343,0,train
normal,6457,normal_0188,7,2022-07-12 00:23:42.970,0.7,0.083331,-0.009069,-109.70916,0,train
normal,6458,normal_0188,8,2022-07-12 00:23:43.070,0.8,0.122102,-0.091834,-110.00575,0,train
normal,6459,normal_0188,9,2022-07-12 00:23:43.170,0.9,-0.051921,-0.084727,-108.42325,0,train
normal,6460,normal_0188,10,2022-07-12 00:23:43.270,1.0,0.013304,0.081723,-89.95844,0,train
normal,6461,normal_0188,11,2022-07-12 00:23:43.370,1.1,-0.01492,0.016703,-66.32901,0,train
normal,6462,normal_0188,12,2022-07-12 00:23:43.470,1.2,-0.073662,-0.065858,-23.926023,0,train
normal,6463,normal_0188,13,2022-07-12 00:23:43.570,1.3,0.035261,-0.006026,17.362835,0,train
normal,6464,normal_0188,14,2022-07-12 00:23:43.670,1.4,-0.004578,-0.034228,66.656955,0,train
normal,6465,normal_0188,15,2022-07-12 00:23:43.770,1.5,-0.017725,0.000184,108.02211,0,train
normal,6466,normal_0188,16,2022-07-12 00:23:43.870,1.6,0.037588,0.030645,111.61937,0,train
normal,6467,normal_0188,17,2022-07-12 00:23:43.970,1.7,-0.050649,-0.049702,112.23139,0,train
normal,6468,normal_0188,18,2022-07-12 00:23:44.070,1.8,0.011987,-0.035102,97.592365,0,train
normal,6469,normal_0188,19,2022-07-12 00:23:44.170,1.9,0.063042,0.014194,75.834283,0,train
normal,6470,normal_0188,20,2022-07-12 00:23:44.270,2.0,-0.009244,0.013785,39.718275,0,train
normal,6471,normal_0188,21,2022-07-12 00:23:44.370,2.1,0.053699,0.062048,-4.15957,0,train
normal,6472,normal_0188,22,2022-07-12 00:23:44.470,2.2,-0.016692,0.082075,-47.966248,0,train
normal,6473,normal_0188,23,2022-07-12 00:23:44.570,2.3,-0.03396,0.034516,-98.388684,0,train
normal,6474,normal_0188,24,2022-07-12 00:23:44.670,2.4,0.055334,-0.02191,-111.01939,0,train
normal,6475,normal_0188,25,2022-07-12 00:23:44.770,2.5,-0.045813,-0.0673,-111.38083,0,train
normal,6476,normal_0188,26,2022-07-12 00:23:44.870,2.6,-0.017702,0.004089,-103.44697,0,train
normal,6477,normal_0188,27,2022-07-12 00:23:44.970,2.7,0.083512,0.04671,-82.586775,0,train
normal,6478,normal_0188,28,2022-07-12 00:23:45.070,2.8,0.008331,-0.037464,-53.369409,0,train
normal,6479,normal_0188,29,2022-07-12 00:23:45.170,2.9,0.026519,-0.006549,-7.646442,0,train
normal,6480,normal_0188,30,2022-07-12 00:23:45.270,3.0,0.052098,0.025717,33.493404,0,train
normal,6481,normal_0188,31,2022-07-12 00:23:45.370,3.1,-0.096244,-0.040097,86.391102,0,train
normal,6482,normal_0188,32,2022-07-12 00:23:45.470,3.2,-0.042202,0.035209,113.0891,0,train
normal,6483,normal_0188,33,2022-07-12 00:23:45.570,3.3,0.043208,0.095971,112.50008,0,train
normal,6484,normal_0188,34,2022-07-12 00:23:45.670,3.4,-0.000377,-0.017493,109.52104,0,train
normal,6485,normal_0188,35,2022-07-12 00:23:45.770,3.5,0.115778,-0.046694,89.85139,0,train
normal,6486,normal_0188,36,2022-07-12 00:23:45.870,3.6,0.065529,-0.01277,65.105327,0,train
normal,6487,normal_0188,37,2022-07-12 00:23:45.970,3.7,-0.036946,0.014432,21.67404,0,train
normal,6488,normal_0188,38,2022-07-12 00:23:46.070,3.8,0.017482,0.05485,-20.147445,0,train
normal,6489,normal_0188,39,2022-07-12 00:23:46.170,3.9,-0.085788,-0.01042,-69.111355,0,train
normal,6490,normal_0188,40,2022-07-12 00:23:46.270,4.0,-0.046187,-0.013815,-109.33424,0,train
normal,6491,normal_0188,41,2022-07-12 00:23:46.370,4.1,0.088701,0.019893,-111.89891,0,train
normal,6492,normal_0188,42,2022-07-12 00:23:46.470,4.2,-0.029861,-0.012146,-111.30334,0,train
normal,6493,normal_0188,43,2022-07-12 00:23:46.570,4.3,-0.000286,0.047584,-95.867526,0,train
normal,6494,normal_0188,44,2022-07-12 00:23:46.670,4.4,0.033694,0.056644,-73.432693,0,train
normal,6495,normal_0188,45,2022-07-12 00:23:46.770,4.5,-0.082892,0.008097,-35.928015,0,train
normal,6496,normal_0188,46,2022-07-12 00:23:46.870,4.6,0.010965,0.030111,9.32336,0,train
normal,6497,normal_0188,47,2022-07-12 00:23:46.970,4.7,0.000747,-0.014257,53.911454,0,train
normal,6498,normal_0188,48,2022-07-12 00:23:47.070,4.8,-0.049003,-7.7e-05,103.56571,0,train
normal,6499,normal_0188,49,2022-07-12 00:23:47.170,4.9,0.056367,0.11022,115.03149,0,train
normal,6500,normal_0189,0,2022-07-12 00:23:48.975,0.0,-0.000805,-0.283352,48.167115,0,train
normal,6501,normal_0189,1,2022-07-12 00:23:49.075,0.1,0.00989,-0.015404,-35.363082,0,train
normal,6502,normal_0189,2,2022-07-12 00:23:49.175,0.2,0.071345,0.161696,-119.05433,0,train
normal,6503,normal_0189,3,2022-07-12 00:23:49.275,0.3,0.094812,0.258732,-186.38923,0,train
normal,6504,normal_0189,4,2022-07-12 00:23:49.375,0.4,0.018916,0.052682,-234.27179,0,train
normal,6505,normal_0189,5,2022-07-12 00:23:49.475,0.5,-0.001168,-0.246659,-238.71687,0,train
normal,6506,normal_0189,6,2022-07-12 00:23:49.575,0.6,-0.101985,-0.201314,-207.08599,0,train
normal,6507,normal_0189,7,2022-07-12 00:23:49.675,0.7,-0.059149,0.042203,-151.11138,0,train
normal,6508,normal_0189,8,2022-07-12 00:23:49.775,0.8,0.14362,0.287058,-73.707113,0,train
normal,6509,normal_0189,9,2022-07-12 00:23:49.875,0.9,0.038773,0.175944,9.037377,0,train
normal,6510,normal_0189,10,2022-07-12 00:23:49.975,1.0,0.009402,-0.126178,95.821034,0,train
normal,6511,normal_0189,11,2022-07-12 00:23:50.075,1.1,0.05645,-0.189347,169.64175,0,train
normal,6512,normal_0189,12,2022-07-12 00:23:50.175,1.2,-0.165223,-0.183977,225.84858,0,train
normal,6513,normal_0189,13,2022-07-12 00:23:50.275,1.3,0.001818,0.084482,245.59763,0,train
normal,6514,normal_0189,14,2022-07-12 00:23:50.375,1.4,0.195573,0.380496,222.54172,0,train
normal,6515,normal_0189,15,2022-07-12 00:23:50.475,1.5,-0.010875,0.063865,174.22845,0,train
normal,6516,normal_0189,16,2022-07-12 00:23:50.575,1.6,0.008119,-0.23744,100.8376,0,train
normal,6517,normal_0189,17,2022-07-12 00:23:50.675,1.7,-0.057617,-0.163587,20.167949,0,train
normal,6518,normal_0189,18,2022-07-12 00:23:50.775,1.8,-0.185046,-0.067334,-66.306003,0,train
normal,6519,normal_0189,19,2022-07-12 00:23:50.875,1.9,0.050523,0.213648,-145.9799,0,train
normal,6520,normal_0189,20,2022-07-12 00:23:50.975,2.0,0.117348,0.270642,-208.41136,0,train
normal,6521,normal_0189,21,2022-07-12 00:23:51.075,2.1,0.031348,-0.146001,-244.19394,0,train
normal,6522,normal_0189,22,2022-07-12 00:23:51.175,2.2,0.040544,-0.245489,-232.71027,0,train
normal,6523,normal_0189,23,2022-07-12 00:23:51.275,2.3,-0.051747,-0.09541,-192.41562,0,train
normal,6524,normal_0189,24,2022-07-12 00:23:51.375,2.4,-0.087555,0.019973,-126.58192,0,train
normal,6525,normal_0189,25,2022-07-12 00:23:51.475,2.5,-0.022842,0.261922,-46.107894,0,train
normal,6526,normal_0189,26,2022-07-12 00:23:51.575,2.6,0.00477,0.162752,39.293294,0,train
normal,6527,normal_0189,27,2022-07-12 00:23:51.675,2.7,0.000671,-0.226177,124.55858,0,train
normal,6528,normal_0189,28,2022-07-12 00:23:51.775,2.8,-0.033684,-0.254969,193.00022,0,train
normal,6529,normal_0189,29,2022-07-12 00:23:51.875,2.9,-0.03348,-0.046171,240.5341,0,train
normal,6530,normal_0189,30,2022-07-12 00:23:51.975,3.0,0.054202,0.160912,243.49299,0,train
normal,6531,normal_0189,31,2022-07-12 00:23:52.075,3.1,0.037501,0.266645,210.50253,0,train
normal,6532,normal_0189,32,2022-07-12 00:23:52.175,3.2,-0.052746,-0.018526,152.3111,0,train
normal,6533,normal_0189,33,2022-07-12 00:23:52.275,3.3,-0.03885,-0.276608,73.71057,0,train
normal,6534,normal_0189,34,2022-07-12 00:23:52.375,3.4,-0.122364,-0.19038,-8.86047,0,train
normal,6535,normal_0189,35,2022-07-12 00:23:52.475,3.5,-0.066949,0.005202,-96.20012,0,train
normal,6536,normal_0189,36,2022-07-12 00:23:52.575,3.6,0.171356,0.2744,-170.53547,0,train
normal,6537,normal_0189,37,2022-07-12 00:23:52.675,3.7,0.072753,0.186866,-227.10827,0,train
normal,6538,normal_0189,38,2022-07-12 00:23:52.775,3.8,-0.019277,-0.157093,-246.8361,0,train
normal,6539,normal_0189,39,2022-07-12 00:23:52.875,3.9,-0.007503,-0.20741,-222.97993,0,train
normal,6540,normal_0189,40,2022-07-12 00:23:52.975,4.0,-0.191381,-0.158932,-174.19972,0,train
normal,6541,normal_0189,41,2022-07-12 00:23:53.075,4.1,-0.085864,0.098061,-100.64114,0,train
normal,6542,normal_0189,42,2022-07-12 00:23:53.175,4.2,0.149467,0.351193,-18.879416,0,train
normal,6543,normal_0189,43,2022-07-12 00:23:53.275,4.3,0.059719,-0.010102,68.896659,0,train
normal,6544,normal_0189,44,2022-07-12 00:23:53.375,4.4,0.02843,-0.304685,149.62341,0,train
normal,6545,normal_0189,45,2022-07-12 00:23:53.475,4.5,0.02885,-0.130015,212.8717,0,train
normal,6546,normal_0189,46,2022-07-12 00:23:53.575,4.6,-0.106833,-0.02393,247.96477,0,train
normal,6547,normal_0189,47,2022-07-12 00:23:53.675,4.7,-0.043209,0.184118,236.00438,0,train
normal,6548,normal_0189,48,2022-07-12 00:23:53.775,4.8,0.060843,0.325591,194.69716,0,train
normal,6549,normal_0189,49,2022-07-12 00:23:53.875,4.9,-0.010887,-0.082593,127.0559,0,train
normal,6550,normal_0190,0,2022-07-12 00:23:56.987,0.0,0.092519,-0.123829,36.346201,0,train
normal,6551,normal_0190,1,2022-07-12 00:23:57.087,0.1,-0.034808,-0.049068,-35.499219,0,train
normal,6552,normal_0190,2,2022-07-12 00:23:57.187,0.2,-0.120127,-0.005721,-105.81769,0,train
normal,6553,normal_0190,3,2022-07-12 00:23:57.287,0.3,0.054497,0.224341,-147.14696,0,train
normal,6554,normal_0190,4,2022-07-12 00:23:57.387,0.4,-0.016642,0.090191,-196.97275,0,train
normal,6555,normal_0190,5,2022-07-12 00:23:57.487,0.5,0.046448,-0.158866,-197.83547,0,train
normal,6556,normal_0190,6,2022-07-12 00:23:57.587,0.6,0.038421,-0.124295,-161.00444,0,train
normal,6557,normal_0190,7,2022-07-12 00:23:57.687,0.7,-0.101849,-0.084604,-117.23031,0,train
normal,6558,normal_0190,8,2022-07-12 00:23:57.787,0.8,0.037365,0.129712,-57.04952,0,train
normal,6559,normal_0190,9,2022-07-12 00:23:57.887,0.9,0.001534,0.226918,7.620812,0,train
normal,6560,normal_0190,10,2022-07-12 00:23:57.987,1.0,-0.021751,-0.044152,86.32804,0,train
normal,6561,normal_0190,11,2022-07-12 00:23:58.087,1.1,0.072401,-0.152905,130.60261,0,train
normal,6562,normal_0190,12,2022-07-12 00:23:58.187,1.2,-0.113156,-0.118925,178.46729,0,train
normal,6563,normal_0190,13,2022-07-12 00:23:58.287,1.3,-0.033604,0.012058,205.09245,0,train
normal,6564,normal_0190,14,2022-07-12 00:23:58.387,1.4,0.121368,0.2401,171.43943,0,train
normal,6565,normal_0190,15,2022-07-12 00:23:58.487,1.5,-0.082162,0.07827,133.91914,0,train
normal,6566,normal_0190,16,2022-07-12 00:23:58.587,1.6,0.002976,-0.120299,78.869352,0,train
normal,6567,normal_0190,17,2022-07-12 00:23:58.687,1.7,0.057415,-0.082651,18.671157,0,train
normal,6568,normal_0190,18,2022-07-12 00:23:58.787,1.8,-0.180833,-0.146184,-58.475025,0,train
normal,6569,normal_0190,19,2022-07-12 00:23:58.887,1.9,0.0192,0.075806,-115.28744,0,train
normal,6570,normal_0190,20,2022-07-12 00:23:58.987,2.0,0.1036,0.266575,-156.25336,0,train
normal,6571,normal_0190,21,2022-07-12 00:23:59.087,2.1,-0.075543,-0.060887,-201.06711,0,train
normal,6572,normal_0190,22,2022-07-12 00:23:59.187,2.2,0.101727,-0.134184,-181.88669,0,train
normal,6573,normal_0190,23,2022-07-12 00:23:59.287,2.3,-0.009796,-0.071502,-145.70607,0,train
normal,6574,normal_0190,24,2022-07-12 00:23:59.387,2.4,-0.182423,-0.106652,-98.425638,0,train
normal,6575,normal_0190,25,2022-07-12 00:23:59.487,2.5,0.074002,0.206301,-39.357428,0,train
normal,6576,normal_0190,26,2022-07-12 00:23:59.587,2.6,0.049286,0.204473,30.051712,0,train
normal,6577,normal_0190,27,2022-07-12 00:23:59.687,2.7,-0.026122,-0.131243,98.94408,0,train
normal,6578,normal_0190,28,2022-07-12 00:23:59.787,2.8,0.068473,-0.135637,138.57795,0,train
normal,6579,normal_0190,29,2022-07-12 00:23:59.887,2.9,-0.065915,-0.099863,189.74402,0,train
normal,6580,normal_0190,30,2022-07-12 00:23:59.987,3.0,-0.010954,0.020573,192.85109,0,train
normal,6581,normal_0190,31,2022-07-12 00:24:00.087,3.1,0.080303,0.2099,157.67445,0,train
normal,6582,normal_0190,32,2022-07-12 00:24:00.187,3.2,-0.022875,0.056631,118.1301,0,train
normal,6583,normal_0190,33,2022-07-12 00:24:00.287,3.3,0.074513,-0.116552,61.228283,0,train
normal,6584,normal_0190,34,2022-07-12 00:24:00.387,3.4,-0.028075,-0.133094,-0.88346,0,train
normal,6585,normal_0190,35,2022-07-12 00:24:00.487,3.5,-0.121478,-0.06444,-75.415382,0,train
normal,6586,normal_0191,0,2022-07-12 00:24:04.940,0.0,0.023019,0.045131,-53.450114,0,train
normal,6587,normal_0191,1,2022-07-12 00:24:05.040,0.1,-0.06146,-0.027144,-8.728744,0,train
normal,6588,normal_0191,2,2022-07-12 00:24:05.140,0.2,-0.142988,-0.014088,32.204989,0,train
normal,6589,normal_0191,3,2022-07-12 00:24:05.240,0.3,-0.013924,0.101783,85.491191,0,train
normal,6590,normal_0191,4,2022-07-12 00:24:05.340,0.4,-0.02681,0.060265,110.94321,0,train
normal,6591,normal_0191,5,2022-07-12 00:24:05.440,0.5,-0.010984,-0.065643,110.7942,0,train
normal,6592,normal_0191,6,2022-07-12 00:24:05.540,0.6,0.016366,-0.088282,108.31107,0,train
normal,6593,normal_0191,7,2022-07-12 00:24:05.640,0.7,-0.064753,0.002533,89.878331,0,train
normal,6594,normal_0191,8,2022-07-12 00:24:05.740,0.8,0.022202,-0.00286,65.195807,0,train
normal,6595,normal_0191,9,2022-07-12 00:24:05.840,0.9,-0.007442,-0.124135,22.051337,0,train
normal,6596,normal_0191,10,2022-07-12 00:24:05.940,1.0,-0.087493,-0.060727,-18.896224,0,train
normal,6597,normal_0191,11,2022-07-12 00:24:06.040,1.1,0.012654,0.019313,-68.473228,0,train
normal,6598,normal_0191,12,2022-07-12 00:24:06.140,1.2,-0.054058,-0.059104,-107.14032,0,train
normal,6599,normal_0191,13,2022-07-12 00:24:06.240,1.3,-0.07488,-0.031617,-109.53881,0,train
normal,6600,normal_0191,14,2022-07-12 00:24:06.340,1.4,0.023893,0.015748,-110.20054,0,train
normal,6601,normal_0191,15,2022-07-12 00:24:06.440,1.5,-0.006204,0.002351,-96.038234,0,train
normal,6602,normal_0191,16,2022-07-12 00:24:06.540,1.6,0.021963,-0.017642,-74.379811,0,train
normal,6603,normal_0191,17,2022-07-12 00:24:06.640,1.7,0.006648,-0.056254,-37.194972,0,train
normal,6604,normal_0191,18,2022-07-12 00:24:06.740,1.8,-0.079376,-0.014111,6.330849,0,train
normal,6605,normal_0191,19,2022-07-12 00:24:06.840,1.9,-0.031919,0.001035,51.432973,0,train
normal,6606,normal_0191,20,2022-07-12 00:24:06.940,2.0,0.024881,-0.00966,101.17532,0,train
normal,6607,normal_0191,21,2022-07-12 00:24:07.040,2.1,0.013687,0.018939,112.1266,0,train
normal,6608,normal_0191,22,2022-07-12 00:24:07.140,2.2,0.008033,-0.062078,112.05675,0,train
normal,6609,normal_0191,23,2022-07-12 00:24:07.240,2.3,-0.054773,-0.066903,103.4099,0,train
normal,6610,normal_0191,24,2022-07-12 00:24:07.340,2.4,-0.112096,0.032778,82.590947,0,train
normal,6611,normal_0191,25,2022-07-12 00:24:07.440,2.5,-0.009803,-0.027485,51.955706,0,train
normal,6612,normal_0192,0,2022-07-12 00:24:12.920,0.0,-0.027283,-0.226682,-124.18582,0,train
normal,6613,normal_0192,1,2022-07-12 00:24:13.020,0.1,-0.021504,-0.156712,-173.62656,0,train
normal,6614,normal_0192,2,2022-07-12 00:24:13.120,0.2,-0.076465,-0.033699,-224.19539,0,train
normal,6615,normal_0192,3,2022-07-12 00:24:13.220,0.3,0.019515,0.137928,-230.00625,0,train
normal,6616,normal_0192,4,2022-07-12 00:24:13.320,0.4,0.109898,0.285089,-187.76038,0,train
normal,6617,normal_0192,5,2022-07-12 00:24:13.420,0.5,0.039315,-0.014206,-133.65926,0,train
normal,6618,normal_0192,6,2022-07-12 00:24:13.520,0.6,-0.054667,-0.260311,-61.057813,0,train
normal,6619,normal_0192,7,2022-07-12 00:24:13.620,0.7,-0.111672,-0.126104,15.366914,0,train
normal,6620,normal_0192,8,2022-07-12 00:24:13.720,0.8,-0.015714,0.066323,102.67938,0,train
normal,6621,normal_0192,9,2022-07-12 00:24:13.820,0.9,0.089281,0.233284,161.50488,0,train
normal,6622,normal_0192,10,2022-07-12 00:24:13.920,1.0,0.038634,0.127608,211.66184,0,train
normal,6623,normal_0192,11,2022-07-12 00:24:14.020,1.1,0.08239,-0.196437,238.69458,0,train
normal,6624,normal_0193,0,2022-07-12 00:24:22.654,0.0,0.1658,-0.014985,21.1252,0,train
normal,6625,normal_0193,1,2022-07-12 00:24:22.754,0.1,0.076245,-0.062555,-18.813612,0,train
normal,6626,normal_0193,2,2022-07-12 00:24:22.854,0.2,0.055367,-0.026509,-72.227248,0,train
normal,6627,normal_0193,3,2022-07-12 00:24:22.954,0.3,0.038235,0.136797,-103.61923,0,train
normal,6628,normal_0193,4,2022-07-12 00:24:23.054,0.4,0.048282,0.007971,-108.09041,0,train
normal,6629,normal_0193,5,2022-07-12 00:24:23.154,0.5,0.052267,-0.038577,-110.25263,0,train
normal,6630,normal_0193,6,2022-07-12 00:24:23.254,0.6,0.031911,0.082619,-95.531833,0,train
normal,6631,normal_0193,7,2022-07-12 00:24:23.354,0.7,0.026643,0.02256,-74.621209,0,train
normal,6632,normal_0193,8,2022-07-12 00:24:23.454,0.8,0.042719,0.044631,-36.259298,0,train
normal,6633,normal_0193,9,2022-07-12 00:24:23.554,0.9,-0.006736,0.08053,3.379822,0,train
normal,6634,normal_0193,10,2022-07-12 00:24:23.654,1.0,0.072238,-0.030925,52.755958,0,train
normal,6635,normal_0193,11,2022-07-12 00:24:23.754,1.1,0.133579,0.006529,98.347676,0,train
normal,6636,normal_0193,12,2022-07-12 00:24:23.854,1.2,0.026802,0.015544,107.56232,0,train
normal,6637,normal_0193,13,2022-07-12 00:24:23.954,1.3,0.034522,-0.02342,112.29779,0,train
normal,6638,normal_0193,14,2022-07-12 00:24:24.054,1.4,-0.006123,0.102635,102.8849,0,train
normal,6639,normal_0193,15,2022-07-12 00:24:24.154,1.5,-0.066397,0.099433,84.025989,0,train
normal,6640,normal_0193,16,2022-07-12 00:24:24.254,1.6,-0.011368,0.013671,51.600105,0,train
normal,6641,normal_0193,17,2022-07-12 00:24:24.354,1.7,-0.071097,0.010435,10.311605,0,train
normal,6642,normal_0193,18,2022-07-12 00:24:24.454,1.8,-0.114262,-0.026043,-33.16975,0,train
normal,6643,normal_0193,19,2022-07-12 00:24:24.554,1.9,-0.027535,-0.003484,-85.945378,0,train
normal,6644,normal_0193,20,2022-07-12 00:24:24.654,2.0,-0.020303,0.028067,-104.59472,0,train
normal,6645,normal_0193,21,2022-07-12 00:24:24.754,2.1,-0.015069,-0.023727,-109.52283,0,train
normal,6646,normal_0193,22,2022-07-12 00:24:24.854,2.2,-0.001207,-0.03516,-106.97211,0,train
normal,6647,normal_0193,23,2022-07-12 00:24:24.954,2.3,-0.059517,-0.105084,-89.873325,0,train
normal,6648,normal_0193,24,2022-07-12 00:24:25.054,2.4,-0.039978,-0.109898,-64.440139,0,train
normal,6649,normal_0193,25,2022-07-12 00:24:25.154,2.5,0.006536,0.058709,-23.375514,0,train
normal,6650,normal_0193,26,2022-07-12 00:24:25.254,2.6,0.017799,-0.021014,16.74402,0,train
normal,6651,normal_0193,27,2022-07-12 00:24:25.354,2.7,0.034806,-0.116699,70.845493,0,train
normal,6652,normal_0193,28,2022-07-12 00:24:25.454,2.8,-0.014422,0.018893,103.46998,0,train
normal,6653,normal_0193,29,2022-07-12 00:24:25.554,2.9,-0.088139,-0.023988,108.8524,0,train
normal,6654,normal_0193,30,2022-07-12 00:24:25.654,3.0,-0.092021,-0.068924,111.35639,0,train
normal,6655,normal_0193,31,2022-07-12 00:24:25.754,3.1,-0.091556,0.004111,96.844327,0,train
normal,6656,normal_0193,32,2022-07-12 00:24:25.854,3.2,-0.027773,0.010855,75.654039,0,train
normal,6657,normal_0193,33,2022-07-12 00:24:25.954,3.3,0.074179,0.002386,37.305598,0,train
normal,6658,normal_0193,34,2022-07-12 00:24:26.054,3.4,0.007376,-0.098488,-2.800584,0,train
normal,6659,normal_0193,35,2022-07-12 00:24:26.154,3.5,-0.020621,-0.086352,-52.141553,0,train
normal,6660,normal_0193,36,2022-07-12 00:24:26.254,3.6,-0.024606,0.099036,-96.505653,0,train
normal,6661,normal_0193,37,2022-07-12 00:24:26.354,3.7,-0.121165,0.054781,-105.68048,0,train
normal,6662,normal_0193,38,2022-07-12 00:24:26.454,3.8,-0.07666,-0.041654,-110.84081,0,train
normal,6663,normal_0193,39,2022-07-12 00:24:26.554,3.9,-0.083836,0.008539,-101.53521,0,train
normal,6664,normal_0193,40,2022-07-12 00:24:26.654,4.0,-0.066681,-0.036874,-82.816015,0,train
normal,6665,normal_0193,41,2022-07-12 00:24:26.754,4.1,0.098112,-0.022467,-50.680167,0,train
normal,6666,normal_0193,42,2022-07-12 00:24:26.854,4.2,0.063178,0.026375,-9.541393,0,train
normal,6667,normal_0193,43,2022-07-12 00:24:26.954,4.3,0.031071,-0.071229,34.284834,0,train
normal,6668,normal_0193,44,2022-07-12 00:24:27.054,4.4,0.044206,-0.060909,87.361465,0,train
normal,6669,normal_0193,45,2022-07-12 00:24:27.154,4.5,-0.070541,-0.010739,106.18771,0,train
normal,6670,normal_0193,46,2022-07-12 00:24:27.254,4.6,-0.061152,-0.0058,110.92879,0,train
normal,6671,normal_0193,47,2022-07-12 00:24:27.354,4.7,-0.003988,0.07164,107.67223,0,train
normal,6672,normal_0193,48,2022-07-12 00:24:27.454,4.8,0.018991,0.097322,90.087425,0,train
normal,6673,normal_0193,49,2022-07-12 00:24:27.554,4.9,0.081888,0.061434,63.919909,0,train
normal,6674,normal_0194,0,2022-07-12 00:24:29.596,0.0,0.101595,0.287289,92.800509,0,train
normal,6675,normal_0194,1,2022-07-12 00:24:29.696,0.1,0.188981,0.208032,166.76142,0,train
normal,6676,normal_0194,2,2022-07-12 00:24:29.796,0.2,-0.017682,-0.259087,225.39165,0,train
normal,6677,normal_0194,3,2022-07-12 00:24:29.896,0.3,-0.046792,-0.251469,251.03667,0,train
normal,6678,normal_0194,4,2022-07-12 00:24:29.996,0.4,0.002606,0.055478,228.31955,0,train
normal,6679,normal_0194,5,2022-07-12 00:24:30.096,0.5,-0.023598,0.148348,178.80752,0,train
normal,6680,normal_0194,6,2022-07-12 00:24:30.196,0.6,0.063789,0.214719,104.55288,0,train
normal,6681,normal_0194,7,2022-07-12 00:24:30.296,0.7,0.062381,0.019034,23.33844,0,train
normal,6682,normal_0194,8,2022-07-12 00:24:30.396,0.8,-0.020509,-0.262073,-63.853391,0,train
normal,6683,normal_0194,9,2022-07-12 00:24:30.496,0.9,-0.032385,-0.139946,-145.00799,0,train
normal,6684,normal_0194,10,2022-07-12 00:24:30.596,1.0,-0.031658,0.090457,-208.08163,0,train
normal,6685,normal_0194,11,2022-07-12 00:24:30.696,1.1,0.103752,0.254819,-248.83488,0,train
normal,6686,normal_0194,12,2022-07-12 00:24:30.796,1.2,0.094476,0.208849,-239.68056,0,train
normal,6687,normal_0194,13,2022-07-12 00:24:30.896,1.3,-0.030455,-0.145838,-197.50669,0,train
normal,6688,normal_0194,14,2022-07-12 00:24:30.996,1.4,-0.050743,-0.275765,-130.43524,0,train
normal,6689,normal_0194,15,2022-07-12 00:24:31.096,1.5,-0.179308,-0.089912,-48.985606,0,train
normal,6690,normal_0194,16,2022-07-12 00:24:31.196,1.6,0.027651,0.18637,36.072616,0,train
normal,6691,normal_0194,17,2022-07-12 00:24:31.296,1.7,0.22379,0.299687,121.90689,0,train
normal,6692,normal_0194,18,2022-07-12 00:24:31.396,1.8,-0.025584,-0.021361,190.3676,0,train
normal,6693,normal_0194,19,2022-07-12 00:24:31.496,1.9,0.017978,-0.222859,242.17752,0,train
normal,6694,normal_0194,20,2022-07-12 00:24:31.596,2.0,-0.028025,-0.152582,250.10529,0,train
normal,6695,normal_0194,21,2022-07-12 00:24:31.696,2.1,-0.204092,-0.034463,215.93311,0,train
normal,6696,normal_0194,22,2022-07-12 00:24:31.796,2.2,0.077628,0.267568,156.40821,0,train
normal,6697,normal_0194,23,2022-07-12 00:24:31.896,2.3,0.12689,0.249925,76.678404,0,train
normal,6698,normal_0194,24,2022-07-12 00:24:31.996,2.4,-0.063448,-0.178763,-6.183863,0,train
normal,6699,normal_0194,25,2022-07-12 00:24:32.096,2.5,-0.021123,-0.28294,-94.728958,0,train
normal,6700,normal_0194,26,2022-07-12 00:24:32.196,2.6,-0.034167,-0.070714,-169.647,0,train
normal,6701,normal_0194,27,2022-07-12 00:24:32.296,2.7,-0.042206,0.102526,-228.15099,0,train
normal,6702,normal_0194,28,2022-07-12 00:24:32.396,2.8,0.066854,0.237596,-253.19293,0,train
normal,6703,normal_0194,29,2022-07-12 00:24:32.496,2.9,0.075471,0.094897,-229.41211,0,train
normal,6704,normal_0194,30,2022-07-12 00:24:32.596,3.0,-0.03285,-0.238833,-178.9005,0,train
normal,6705,normal_0194,31,2022-07-12 00:24:32.696,3.1,-0.101004,-0.220543,-103.61911,0,train
normal,6706,normal_0194,32,2022-07-12 00:24:32.796,3.2,-0.07605,0.009304,-20.742061,0,train
normal,6707,normal_0194,33,2022-07-12 00:24:32.896,3.3,-0.011393,0.193295,67.124136,0,train
normal,6708,normal_0194,34,2022-07-12 00:24:32.996,3.4,0.055853,0.225573,148.74532,0,train
normal,6709,normal_0194,35,2022-07-12 00:24:33.096,3.5,0.046191,-0.089242,212.56032,0,train
normal,6710,normal_0194,36,2022-07-12 00:24:33.196,3.6,0.00667,-0.304398,252.44489,0,train
normal,6711,normal_0194,37,2022-07-12 00:24:33.296,3.7,-0.063311,-0.142693,242.81207,0,train
normal,6712,normal_0194,38,2022-07-12 00:24:33.396,3.8,-0.047087,0.098053,199.83842,0,train
normal,6713,normal_0194,39,2022-07-12 00:24:33.496,3.9,0.090639,0.283962,131.04881,0,train
normal,6714,normal_0194,40,2022-07-12 00:24:33.596,4.0,-0.029626,0.130489,49.240357,0,train
normal,6715,normal_0194,41,2022-07-12 00:24:33.696,4.1,-0.064923,-0.207384,-35.985355,0,train
normal,6716,normal_0194,42,2022-07-12 00:24:33.796,4.2,0.011098,-0.218306,-122.68139,0,train
normal,6717,normal_0194,43,2022-07-12 00:24:33.896,4.3,-0.150062,-0.081329,-191.85009,0,train
normal,6718,normal_0194,44,2022-07-12 00:24:33.996,4.4,0.039061,0.154603,-243.49084,0,train
normal,6719,normal_0194,45,2022-07-12 00:24:34.096,4.5,0.235563,0.287289,-250.78121,0,train
normal,6720,normal_0194,46,2022-07-12 00:24:34.196,4.6,0.002924,-0.05743,-215.92655,0,train
normal,6721,normal_0194,47,2022-07-12 00:24:34.296,4.7,-0.029161,-0.269555,-156.20663,0,train
normal,6722,normal_0194,48,2022-07-12 00:24:34.396,4.8,-0.066956,-0.114503,-75.624833,0,train
normal,6723,normal_0194,49,2022-07-12 00:24:34.496,4.9,-0.197643,0.023825,8.826853,0,train
normal,6724,normal_0195,0,2022-07-12 00:24:37.006,0.0,0.068402,-0.138743,213.833,0,train
normal,6725,normal_0195,1,2022-07-12 00:24:37.106,0.1,-0.010049,-0.061336,195.76445,0,train
normal,6726,normal_0195,2,2022-07-12 00:24:37.206,0.2,-0.126125,0.025391,154.54783,0,train
normal,6727,normal_0195,3,2022-07-12 00:24:37.306,0.3,0.01746,0.204455,102.71932,0,train
normal,6728,normal_0195,4,2022-07-12 00:24:37.406,0.4,0.027076,0.106442,39.399867,0,train
normal,6729,normal_0195,5,2022-07-12 00:24:37.506,0.5,-0.016691,-0.136518,-32.630328,0,train
normal,6730,normal_0195,6,2022-07-12 00:24:37.606,0.6,0.06193,-0.137244,-108.89412,0,train
normal,6731,normal_0195,7,2022-07-12 00:24:37.706,0.7,-0.038682,-0.03964,-153.54146,0,train
normal,6732,normal_0195,8,2022-07-12 00:24:37.806,0.8,-0.026194,0.08553,-202.4466,0,train
normal,6733,normal_0195,9,2022-07-12 00:24:37.906,0.9,0.052621,0.152457,-206.4363,0,train
normal,6734,normal_0195,10,2022-07-12 00:24:38.006,1.0,0.001406,0.007192,-166.31975,0,train
normal,6735,normal_0195,11,2022-07-12 00:24:38.106,1.1,0.041983,-0.132124,-121.619,0,train
normal,6736,normal_0195,12,2022-07-12 00:24:38.206,1.2,-0.090612,-0.131023,-59.580929,0,train
normal,6737,normal_0195,13,2022-07-12 00:24:38.306,1.3,-0.075035,0.059542,7.058025,0,train
normal,6738,normal_0195,14,2022-07-12 00:24:38.406,1.4,0.079846,0.213946,88.241945,0,train
normal,6739,normal_0195,15,2022-07-12 00:24:38.506,1.5,-0.098026,0.035814,141.176,0,train
normal,6740,normal_0195,16,2022-07-12 00:24:38.606,1.6,0.028734,-0.0982,188.6889,0,train
normal,6741,normal_0195,17,2022-07-12 00:24:38.706,1.7,0.103938,-0.109906,215.36949,0,train
normal,6742,normal_0195,18,2022-07-12 00:24:38.806,1.8,-0.123309,-0.113073,182.04787,0,train
normal,6743,normal_0195,19,2022-07-12 00:24:38.906,1.9,0.047251,0.116195,140.02921,0,train
normal,6744,normal_0195,20,2022-07-12 00:24:39.006,2.0,0.038441,0.197393,81.506858,0,train
normal,6745,normal_0195,21,2022-07-12 00:24:39.106,2.1,-0.088727,-0.022167,18.073323,0,train
normal,6746,normal_0195,22,2022-07-12 00:24:39.206,2.2,0.078949,-0.089992,-60.815103,0,train
normal,6747,normal_0195,23,2022-07-12 00:24:39.306,2.3,-0.033119,-0.119113,-125.3766,0,train
normal,6748,normal_0195,24,2022-07-12 00:24:39.406,2.4,-0.120778,-0.060632,-168.71025,0,train
normal,6749,normal_0195,25,2022-07-12 00:24:39.506,2.5,0.050736,0.183701,-211.96189,0,train
normal,6750,normal_0195,26,2022-07-12 00:24:39.606,2.6,0.048034,0.131136,-193.45667,0,train
normal,6751,normal_0195,27,2022-07-12 00:24:39.706,2.7,0.025736,-0.092399,-152.42102,0,train
normal,6752,normal_0195,28,2022-07-12 00:24:39.806,2.8,0.026917,-0.121531,-101.63142,0,train
normal,6753,normal_0195,29,2022-07-12 00:24:39.906,2.9,-0.044643,-0.088039,-39.420133,0,train
normal,6754,normal_0195,30,2022-07-12 00:24:40.006,3.0,-0.037093,0.037698,32.447819,0,train
normal,6755,normal_0195,31,2022-07-12 00:24:40.106,3.1,0.012941,0.175459,108.1853,0,train
normal,6756,normal_0195,32,2022-07-12 00:24:40.206,3.2,0.035091,0.049676,151.79672,0,train
normal,6757,normal_0195,33,2022-07-12 00:24:40.306,3.3,0.043266,-0.118341,201.80216,0,train
normal,6758,normal_0195,34,2022-07-12 00:24:40.406,3.4,0.006027,-0.108373,206.62084,0,train
normal,6759,normal_0195,35,2022-07-12 00:24:40.506,3.5,-0.041725,-0.021361,166.63565,0,train
normal,6760,normal_0195,36,2022-07-12 00:24:40.606,3.6,-0.000944,0.137664,122.10454,0,train
normal,6761,normal_0195,37,2022-07-12 00:24:40.706,3.7,0.003484,0.150731,61.465628,0,train
normal,6762,normal_0195,38,2022-07-12 00:24:40.806,3.8,0.0282,-0.032374,-3.168583,0,train
normal,6763,normal_0195,39,2022-07-12 00:24:40.906,3.9,0.07359,-0.139855,-83.296786,0,train
normal,6764,normal_0195,40,2022-07-12 00:24:41.006,4.0,-0.07172,-0.161597,-133.57486,0,train
normal,6765,normal_0195,41,2022-07-12 00:24:41.106,4.1,-0.040135,0.026084,-181.14891,0,train
normal,6766,normal_0196,0,2022-07-12 00:24:45.075,0.0,-0.041188,-0.000237,108.5477,0,train
normal,6767,normal_0196,1,2022-07-12 00:24:45.175,0.1,0.003226,0.00041,92.079531,0,train
normal,6768,normal_0196,2,2022-07-12 00:24:45.275,0.2,-0.065143,-0.01939,69.991597,0,train
normal,6769,normal_0196,3,2022-07-12 00:24:45.375,0.3,0.039931,-0.024215,30.607108,0,train
normal,6770,normal_0196,4,2022-07-12 00:24:45.475,0.4,0.081825,0.101204,-8.738042,0,train
normal,6771,normal_0196,5,2022-07-12 00:24:45.575,0.5,0.026568,0.011287,-60.394533,0,train
normal,6772,normal_0196,6,2022-07-12 00:24:45.675,0.6,0.111638,-0.02006,-100.59048,0,train
normal,6773,normal_0196,7,2022-07-12 00:24:45.775,0.7,0.045801,0.102408,-106.7089,0,train
normal,6774,normal_0196,8,2022-07-12 00:24:45.875,0.8,-0.051111,-0.008025,-110.23117,0,train
normal,6775,normal_0196,9,2022-07-12 00:24:45.975,0.9,-0.020207,0.05234,-97.677362,0,train
normal,6776,normal_0196,10,2022-07-12 00:24:46.075,1.0,0.003101,0.217178,-78.088412,0,train
normal,6777,normal_0196,11,2022-07-12 00:24:46.175,1.1,0.090703,-0.008945,-43.625241,0,train
normal,6778,normal_0196,12,2022-07-12 00:24:46.275,1.2,0.131859,-0.131549,-2.772451,0,train
normal,6779,normal_0196,13,2022-07-12 00:24:46.375,1.3,0.029214,-0.056731,43.191796,0,train
normal,6780,normal_0196,14,2022-07-12 00:24:46.475,1.4,0.036151,-0.090916,93.558203,0,train
normal,6781,normal_0196,15,2022-07-12 00:24:46.575,1.5,0.096561,-0.015394,107.25368,0,train
normal,6782,normal_0196,16,2022-07-12 00:24:46.675,1.6,0.015726,0.028203,111.13061,0,train
normal,6783,normal_0196,17,2022-07-12 00:24:46.775,1.7,0.072492,0.01182,104.58542,0,train
normal,6784,normal_0196,18,2022-07-12 00:24:46.875,1.8,0.101375,0.042996,86.473952,0,train
normal,6785,normal_0196,19,2022-07-12 00:24:46.975,1.9,-0.034751,-0.078234,58.861263,0,train
normal,6786,normal_0196,20,2022-07-12 00:24:47.075,2.0,-0.019991,0.000705,17.678024,0,train
normal,6787,normal_0196,21,2022-07-12 00:24:47.175,2.1,0.022924,0.152101,-23.003104,0,train
normal,6788,normal_0196,22,2022-07-12 00:24:47.275,2.2,0.021403,-0.050566,-77.268133,0,train
normal,6789,normal_0196,23,2022-07-12 00:24:47.375,2.3,0.046902,-0.079051,-103.7742,0,train
normal,6790,normal_0196,24,2022-07-12 00:24:47.475,2.4,-0.001917,0.013398,-107.84651,0,train
normal,6791,normal_0196,25,2022-07-12 00:24:47.575,2.5,-0.026769,-0.060829,-108.05358,0,train
normal,6792,normal_0196,26,2022-07-12 00:24:47.675,2.6,0.044825,0.082267,-91.893326,0,train
normal,6793,normal_0196,27,2022-07-12 00:24:47.775,2.7,0.010719,0.124603,-69.808372,0,train
normal,6794,normal_0196,28,2022-07-12 00:24:47.875,2.8,-0.012578,-0.057174,-30.491713,0,train
normal,6795,normal_0197,0,2022-07-12 00:24:53.136,0.0,-0.117578,-0.017381,-43.858772,0,train
normal,6796,normal_0197,1,2022-07-12 00:24:53.236,0.1,0.091924,0.212579,-127.78248,0,train
normal,6797,normal_0197,2,2022-07-12 00:24:53.336,0.2,0.117048,0.272774,-196.89431,0,train
normal,6798,normal_0197,3,2022-07-12 00:24:53.436,0.3,0.030775,-0.0438,-246.23385,0,train
normal,6799,normal_0197,4,2022-07-12 00:24:53.536,0.4,0.030536,-0.249442,-247.25679,0,train
normal,6800,normal_0197,5,2022-07-12 00:24:53.636,0.5,-0.130385,-0.175214,-211.38611,0,train
normal,6801,normal_0197,6,2022-07-12 00:24:53.736,0.6,-0.117522,0.027975,-149.09126,0,train
normal,6802,normal_0197,7,2022-07-12 00:24:53.836,0.7,0.133908,0.322286,-68.411716,0,train
normal,6803,normal_0197,8,2022-07-12 00:24:53.936,0.8,0.068922,0.176612,15.036942,0,train
normal,6804,normal_0197,9,2022-07-12 00:24:54.036,0.9,-0.024118,-0.21327,101.47442,0,train
normal,6805,normal_0197,10,2022-07-12 00:24:54.136,1.0,0.011304,-0.194446,175.4296,0,train
normal,6806,normal_0197,11,2022-07-12 00:24:54.236,1.1,-0.098005,-0.076531,234.77557,0,train
normal,6807,normal_0197,12,2022-07-12 00:24:54.336,1.2,-0.002967,0.11476,254.06078,0,train
normal,6808,normal_0197,13,2022-07-12 00:24:54.436,1.3,0.182965,0.328144,228.32098,0,train
normal,6809,normal_0197,14,2022-07-12 00:24:54.536,1.4,0.060373,0.015998,175.04027,0,train
normal,6810,normal_0197,15,2022-07-12 00:24:54.636,1.5,-0.048675,-0.272591,97.221625,0,train
normal,6811,normal_0197,16,2022-07-12 00:24:54.736,1.6,-0.055521,-0.133945,14.881017,0,train
normal,6812,normal_0197,17,2022-07-12 00:24:54.836,1.7,-0.076627,0.005757,-72.447785,0,train
normal,6813,normal_0198,0,2022-07-12 00:25:01.153,0.0,0.063743,0.158369,131.99522,0,train
normal,6814,normal_0198,1,2022-07-12 00:25:01.253,0.1,-0.113652,-0.006049,108.96207,0,train
normal,6815,normal_0198,2,2022-07-12 00:25:01.353,0.2,-0.001141,-0.053891,73.339113,0,train
normal,6816,normal_0198,3,2022-07-12 00:25:01.453,0.3,0.084633,-0.030946,30.031565,0,train
normal,6817,normal_0198,4,2022-07-12 00:25:01.553,0.4,-0.095293,-0.09088,-26.268247,0,train
normal,6818,normal_0198,5,2022-07-12 00:25:01.653,0.5,-0.018205,0.072698,-69.836029,0,train
normal,6819,normal_0199,0,2022-07-12 00:25:10.148,0.0,-0.019731,0.254542,82.56794,0,train
normal,6820,normal_0199,1,2022-07-12 00:25:10.248,0.1,0.098082,0.221515,9.50277,0,train
normal,6821,normal_0199,2,2022-07-12 00:25:10.348,0.2,-0.026248,-0.213962,-78.728447,0,train
normal,6822,normal_0199,3,2022-07-12 00:25:10.448,0.3,-0.083786,-0.272466,-147.32875,0,train
normal,6823,normal_0199,4,2022-07-12 00:25:10.548,0.4,-0.00563,0.029418,-194.89803,0,train
normal,6824,normal_0199,5,2022-07-12 00:25:10.648,0.5,0.020959,0.170175,-233.58562,0,train
normal,6825,normal_0199,6,2022-07-12 00:25:10.748,0.6,0.098695,0.258141,-212.06942,0,train
normal,6826,normal_0199,7,2022-07-12 00:25:10.848,0.7,0.027328,0.017622,-169.01817,0,train
normal,6827,normal_0199,8,2022-07-12 00:25:10.948,0.8,-0.067631,-0.29415,-106.68696,0,train
normal,6828,normal_0199,9,2022-07-12 00:25:11.048,0.9,-0.105743,-0.19154,-32.991652,0,train
normal,6829,normal_0199,10,2022-07-12 00:25:11.148,1.0,-0.074045,0.038182,50.805217,0,train
normal,6830,normal_0199,11,2022-07-12 00:25:11.248,1.1,0.166326,0.282414,132.92231,0,train
normal,6831,normal_0199,12,2022-07-12 00:25:11.348,1.2,0.09119,0.156994,182.84251,0,train
normal,6832,normal_0199,13,2022-07-12 00:25:11.448,1.3,-0.049216,-0.20337,230.48535,0,train
normal,6833,normal_0199,14,2022-07-12 00:25:11.548,1.4,0.030541,-0.193197,228.12143,0,train
normal,6834,normal_0199,15,2022-07-12 00:25:11.648,1.5,-0.172569,-0.105084,187.00018,0,train
normal,6835,normal_0199,16,2022-07-12 00:25:11.748,1.6,-0.099749,0.114351,131.55498,0,train
normal,6836,normal_0199,17,2022-07-12 00:25:11.848,1.7,0.191587,0.346287,57.440288,0,train
normal,6837,normal_0199,18,2022-07-12 00:25:11.948,1.8,0.03154,-0.008695,-20.799282,0,train
normal,6838,normal_0199,19,2022-07-12 00:25:12.048,1.9,0.004554,-0.289371,-109.66171,0,train
normal,6839,normal_0199,20,2022-07-12 00:25:12.148,2.0,0.036899,-0.125827,-168.37778,0,train
normal,6840,normal_0199,21,2022-07-12 00:25:12.248,2.1,-0.119753,-0.014179,-218.15124,0,train
normal,6841,normal_0199,22,2022-07-12 00:25:12.348,2.2,-0.012862,0.211558,-236.61843,0,train
normal,6842,normal_0199,23,2022-07-12 00:25:12.448,2.3,0.090532,0.289169,-201.86105,0,train
normal,6843,normal_0199,24,2022-07-12 00:25:12.548,2.4,-0.000272,-0.137055,-153.29577,0,train
normal,6844,normal_0199,25,2022-07-12 00:25:12.648,2.5,-0.062136,-0.324168,-81.901441,0,train
normal,6845,normal_0199,26,2022-07-12 00:25:12.748,2.6,0.004917,-0.073284,-4.72951,0,train
normal,6846,normal_0199,27,2022-07-12 00:25:12.848,2.7,0.074524,0.140396,83.7952,0,train
normal,6847,normal_0199,28,2022-07-12 00:25:12.948,2.8,0.034424,0.240543,155.7671,0,train
normal,6848,normal_0199,29,2022-07-12 00:25:13.048,2.9,0.039544,0.089772,207.11293,0,train
normal,6849,normal_0199,30,2022-07-12 00:25:13.148,3.0,0.009617,-0.20958,241.12335,0,train
normal,6850,normal_0199,31,2022-07-12 00:25:13.248,3.1,-0.075214,-0.216199,219.42201,0,train
normal,6851,normal_0199,32,2022-07-12 00:25:13.348,3.2,-0.056504,-0.002905,174.11902,0,train
normal,6852,normal_0199,33,2022-07-12 00:25:13.448,3.3,0.083958,0.227203,107.71669,0,train
normal,6853,normal_0199,34,2022-07-12 00:25:13.548,3.4,0.079088,0.256665,30.639891,0,train
normal,6854,normal_0199,35,2022-07-12 00:25:13.648,3.5,-0.034956,-0.067448,-53.34521,0,train
normal,6855,normal_0199,36,2022-07-12 00:25:13.748,3.6,0.010469,-0.237691,-134.9323,0,train
normal,6856,normal_0199,37,2022-07-12 00:25:13.848,3.7,-0.109297,-0.158206,-191.5554,0,train
normal,6857,normal_0199,38,2022-07-12 00:25:13.948,3.8,-0.089077,0.01098,-235.52599,0,train
normal,6858,normal_0199,39,2022-07-12 00:25:14.048,3.9,0.186251,0.30713,-230.89173,0,train
normal,6859,normal_0199,40,2022-07-12 00:25:14.148,4.0,0.054077,0.15528,-191.25678,0,train
normal,6860,normal_0199,41,2022-07-12 00:25:14.248,4.1,-0.056924,-0.211169,-133.00957,0,train
normal,6861,normal_0199,42,2022-07-12 00:25:14.348,4.2,-0.004574,-0.179619,-56.088216,0,train
normal,6862,normal_0199,43,2022-07-12 00:25:14.448,4.3,-0.170764,-0.08617,25.178435,0,train
normal,6863,normal_0199,44,2022-07-12 00:25:14.548,4.4,-0.044197,0.149274,111.60423,0,train
normal,6864,normal_0199,45,2022-07-12 00:25:14.648,4.5,0.158833,0.337829,177.72546,0,train
normal,6865,normal_0199,46,2022-07-12 00:25:14.748,4.6,0.006858,-0.05077,228.19832,0,train
normal,6866,normal_0199,47,2022-07-12 00:25:14.848,4.7,-0.008991,-0.305935,240.43646,0,train
normal,6867,normal_0199,48,2022-07-12 00:25:14.948,4.8,-0.001486,-0.118368,208.66504,0,train
normal,6868,normal_0199,49,2022-07-12 00:25:15.048,4.9,-0.079438,-0.01503,156.30342,0,train
normal,6869,normal_0200,0,2022-07-12 00:25:17.084,0.0,0.006961,-0.108357,-170.51234,0,train
normal,6870,normal_0200,1,2022-07-12 00:25:17.184,0.1,-0.132571,-0.088875,-186.53967,0,train
normal,6871,normal_0200,2,2022-07-12 00:25:17.284,0.2,0.061922,0.176701,-161.00397,0,train
normal,6872,normal_0200,3,2022-07-12 00:25:17.384,0.3,0.050024,0.149499,-127.47635,0,train
normal,6873,normal_0200,4,2022-07-12 00:25:17.484,0.4,-0.031912,-0.127214,-74.816951,0,train
normal,6874,normal_0200,5,2022-07-12 00:25:17.584,0.5,0.084913,-0.088534,-17.175438,0,train
normal,6875,normal_0200,6,2022-07-12 00:25:17.684,0.6,-0.003098,-0.06912,52.643663,0,train
normal,6876,normal_0200,7,2022-07-12 00:25:17.784,0.7,-0.098397,0.001316,105.85476,0,train
normal,6877,normal_0200,8,2022-07-12 00:25:17.884,0.8,0.015431,0.21193,154.77433,0,train
normal,6878,normal_0200,9,2022-07-12 00:25:17.984,0.9,0.005905,0.047478,188.27953,0,train
normal,6879,normal_0200,10,2022-07-12 00:25:18.084,1.0,0.034152,-0.120607,171.13688,0,train
normal,6880,normal_0200,11,2022-07-12 00:25:18.184,1.1,0.064954,-0.084492,141.85669,0,train
normal,6881,normal_0200,12,2022-07-12 00:25:18.284,1.2,-0.056856,-0.079985,94.210278,0,train
normal,6882,normal_0200,13,2022-07-12 00:25:18.384,1.3,0.003555,0.104699,38.348083,0,train
normal,6883,normal_0200,14,2022-07-12 00:25:18.484,1.4,0.016907,0.170468,-28.15378,0,train
normal,6884,normal_0200,15,2022-07-12 00:25:18.584,1.5,-0.038407,-0.0239,-88.766943,0,train
normal,6885,normal_0200,16,2022-07-12 00:25:18.684,1.6,0.06484,-0.114351,-135.09537,0,train
normal,6886,normal_0200,17,2022-07-12 00:25:18.784,1.7,-0.050464,-0.124558,-180.82263,0,train
normal,6887,normal_0200,18,2022-07-12 00:25:18.884,1.8,-0.055595,0.02199,-177.47953,0,train
normal,6888,normal_0200,19,2022-07-12 00:25:18.984,1.9,0.115192,0.224226,-150.5623,0,train
normal,6889,normal_0200,20,2022-07-12 00:25:19.084,2.0,-0.061374,0.077826,-111.00031,0,train
normal,6890,normal_0200,21,2022-07-12 00:25:19.184,2.1,-0.020412,-0.111388,-57.338006,0,train
normal,6891,normal_0200,22,2022-07-12 00:25:19.284,2.2,0.078203,-0.13498,3.237486,0,train
normal,6892,normal_0200,23,2022-07-12 00:25:19.384,2.3,-0.149612,-0.13213,70.325264,0,train
normal,6893,normal_0200,24,2022-07-12 00:25:19.484,2.4,0.033448,0.116075,117.60987,0,train
normal,6894,normal_0200,25,2022-07-12 00:25:19.584,2.5,0.116214,0.218583,168.27204,0,train
normal,6895,normal_0200,26,2022-07-12 00:25:19.684,2.6,-0.087566,-0.031223,184.19745,0,train
normal,6896,normal_0200,27,2022-07-12 00:25:19.784,2.7,0.080439,-0.077124,160.69915,0,train
normal,6897,normal_0200,28,2022-07-12 00:25:19.884,2.8,-0.022046,-0.090078,127.4363,0,train
normal,6898,normal_0200,29,2022-07-12 00:25:19.984,2.9,-0.177019,-0.077033,75.443992,0,train
normal,6899,normal_0200,30,2022-07-12 00:25:20.084,3.0,0.051103,0.172069,18.969061,0,train
normal,6900,normal_0200,31,2022-07-12 00:25:20.184,3.1,0.052703,0.111034,-49.332744,0,train
normal,6901,normal_0200,32,2022-07-12 00:25:20.284,3.2,0.016611,-0.09748,-100.79266,0,train
normal,6902,normal_0200,33,2022-07-12 00:25:20.384,3.3,0.080791,-0.095119,-149.47678,0,train
normal,6903,normal_0200,34,2022-07-12 00:25:20.484,3.4,-0.014042,-0.10327,-182.96852,0,train
normal,6904,normal_0200,35,2022-07-12 00:25:20.584,3.5,-0.071036,0.050498,-166.71898,0,train
normal,6905,normal_0200,36,2022-07-12 00:25:20.684,3.6,-0.025759,0.19288,-138.91901,0,train
normal,6906,normal_0200,37,2022-07-12 00:25:20.784,3.7,-0.029415,0.044174,-93.224656,0,train
normal,6907,normal_0200,38,2022-07-12 00:25:20.884,3.8,0.006325,-0.101499,-39.96635,0,train
normal,6908,normal_0200,39,2022-07-12 00:25:20.984,3.9,0.013637,-0.13213,24.357083,0,train
normal,6909,normal_0200,40,2022-07-12 00:25:21.084,4.0,-0.025645,-0.073684,84.071408,0,train
normal,6910,normal_0200,41,2022-07-12 00:25:21.184,4.1,0.061218,0.129926,130.51702,0,train
normal,6911,normal_0200,42,2022-07-12 00:25:21.284,4.2,0.033993,0.160716,176.77333,0,train
normal,6912,normal_0200,43,2022-07-12 00:25:21.384,4.3,-0.012884,-0.042837,175.15876,0,train
normal,6913,normal_0200,44,2022-07-12 00:25:21.484,4.4,0.054361,-0.109776,149.8579,0,train
normal,6914,normal_0200,45,2022-07-12 00:25:21.584,4.5,-0.105993,-0.136865,111.25077,0,train
normal,6915,normal_0200,46,2022-07-12 00:25:21.684,4.6,-0.100316,0.022444,58.90847,0,train
normal,6916,normal_0200,47,2022-07-12 00:25:21.784,4.7,0.128089,0.242107,-0.189185,0,train
normal,6917,normal_0200,48,2022-07-12 00:25:21.884,4.8,-0.019844,0.050033,-65.512307,0,train
normal,6918,normal_0201,0,2022-07-12 00:25:25.093,0.0,0.015992,-0.026419,104.93137,0,train
normal,6919,normal_0201,1,2022-07-12 00:25:25.193,0.1,0.053083,-0.034662,108.71948,0,train
normal,6920,normal_0201,2,2022-07-12 00:25:25.293,0.2,0.014073,0.053247,109.4761,0,train
normal,6921,normal_0201,3,2022-07-12 00:25:25.393,0.3,-0.006477,0.017336,94.784867,0,train
normal,6922,normal_0201,4,2022-07-12 00:25:25.493,0.4,0.063516,0.012591,73.267826,0,train
normal,6923,normal_0201,5,2022-07-12 00:25:25.593,0.5,-0.001379,-0.00478,33.065323,0,train
normal,6924,normal_0201,6,2022-07-12 00:25:25.693,0.6,-0.026356,-0.066099,-6.221057,0,train
normal,6925,normal_0201,7,2022-07-12 00:25:25.793,0.7,0.040185,0.05302,-56.727893,0,train
normal,6926,normal_0201,8,2022-07-12 00:25:25.893,0.8,0.016888,0.065395,-99.146616,0,train
normal,6927,normal_0201,9,2022-07-12 00:25:25.993,0.9,0.047463,-0.03918,-105.98267,0,train
normal,6928,normal_0201,10,2022-07-12 00:25:26.093,1.0,0.047735,-0.008935,-110.0129,0,train
normal,6929,normal_0201,11,2022-07-12 00:25:26.193,1.1,-0.034042,-0.04547,-99.448216,0,train
normal,6930,normal_0201,12,2022-07-12 00:25:26.293,1.2,-0.032941,-0.014896,-80.749998,0,train
normal,6931,normal_0201,13,2022-07-12 00:25:26.393,1.3,-0.013902,0.049829,-45.920497,0,train
normal,6932,normal_0201,14,2022-07-12 00:25:26.493,1.4,-0.02907,-0.003656,-4.52292,0,train
normal,6933,normal_0201,15,2022-07-12 00:25:26.593,1.5,0.020635,0.037693,40.091996,0,train
normal,6934,normal_0201,16,2022-07-12 00:25:26.693,1.6,0.01724,-0.011388,92.025172,0,train
normal,6935,normal_0201,17,2022-07-12 00:25:26.793,1.7,-0.028354,-0.068756,107.10086,0,train
normal,6936,normal_0201,18,2022-07-12 00:25:26.893,1.8,-0.03855,0.075385,110.60728,0,train
normal,6937,normal_0201,19,2022-07-12 00:25:26.993,1.9,-0.049505,0.067347,105.62123,0,train
normal,6938,normal_0201,20,2022-07-12 00:25:27.093,2.0,0.013539,-0.023252,88.674198,0,train
normal,6939,normal_0201,21,2022-07-12 00:25:27.193,2.1,0.008703,-0.001079,61.487205,0,train
normal,6940,normal_0201,22,2022-07-12 00:25:27.293,2.2,-0.01766,-0.052396,19.320609,0,train
normal,6941,normal_0201,23,2022-07-12 00:25:27.393,2.3,0.011291,-0.043699,-20.723226,0,train
normal,6942,normal_0201,24,2022-07-12 00:25:27.493,2.4,-0.043568,0.033333,-75.47141,0,train
normal,6943,normal_0201,25,2022-07-12 00:25:27.593,2.5,-0.039288,0.005767,-104.21253,0,train
normal,6944,normal_0201,26,2022-07-12 00:25:27.693,2.6,0.003367,0.005256,-107.87357,0,train
normal,6945,normal_0201,27,2022-07-12 00:25:27.793,2.7,-0.076049,-0.032448,-108.76693,0,train
normal,6946,normal_0201,28,2022-07-12 00:25:27.893,2.8,-0.058236,-0.070618,-93.466889,0,train
normal,6947,normal_0201,29,2022-07-12 00:25:27.993,2.9,0.019432,0.064202,-71.497091,0,train
normal,6948,normal_0201,30,2022-07-12 00:25:28.093,3.0,-0.025391,0.078281,-30.988578,0,train
normal,6949,normal_0201,31,2022-07-12 00:25:28.193,3.1,0.005512,-0.03792,8.62527,0,train
normal,6950,normal_0201,32,2022-07-12 00:25:28.293,3.2,-0.011574,-0.021719,59.08788,0,train
normal,6951,normal_0202,0,2022-07-12 00:25:33.044,0.0,0.125757,-0.138927,117.33808,0,train
normal,6952,normal_0202,1,2022-07-12 00:25:33.144,0.1,-0.0801,-0.169024,175.49898,0,train
normal,6953,normal_0202,2,2022-07-12 00:25:33.244,0.2,-0.065829,0.040296,216.63788,0,train
normal,6954,normal_0202,3,2022-07-12 00:25:33.344,0.3,0.27965,0.276955,211.62644,0,train
normal,6955,normal_0202,4,2022-07-12 00:25:33.444,0.4,-0.035675,-0.038246,177.11093,0,train
normal,6956,normal_0202,5,2022-07-12 00:25:33.544,0.5,-0.097914,-0.284941,119.64513,0,train
normal,6957,normal_0202,6,2022-07-12 00:25:33.644,0.6,0.025462,-0.116981,50.080067,0,train
normal,6958,normal_0202,7,2022-07-12 00:25:33.744,0.7,-0.096869,0.070575,-22.997144,0,train
normal,6959,normal_0202,8,2022-07-12 00:25:33.844,0.8,0.064506,0.2822,-98.382723,0,train
normal,6960,normal_0202,9,2022-07-12 00:25:33.944,0.9,0.021091,0.214035,-159.18006,0,train
normal,6961,normal_0202,10,2022-07-12 00:25:34.044,1.0,-0.112934,-0.171011,-209.48401,0,train
normal,6962,normal_0202,11,2022-07-12 00:25:34.144,1.1,-0.06416,-0.243661,-219.75949,0,train
normal,6963,normal_0202,12,2022-07-12 00:25:34.244,1.2,-0.030964,-0.040437,-191.32688,0,train
normal,6964,normal_0202,13,2022-07-12 00:25:34.344,1.3,0.058239,0.153772,-141.39261,0,train
normal,6965,normal_0202,14,2022-07-12 00:25:34.444,1.4,-0.026048,0.214183,-72.167405,0,train
normal,6966,normal_0202,15,2022-07-12 00:25:34.544,1.5,-0.009517,0.02355,-0.060678,0,train
normal,6967,normal_0202,16,2022-07-12 00:25:34.644,1.6,0.062088,-0.19114,77.878246,0,train
normal,6968,normal_0202,17,2022-07-12 00:25:34.744,1.7,-0.083086,-0.216844,144.56286,0,train
normal,6969,normal_0202,18,2022-07-12 00:25:34.844,1.8,-0.046018,-0.020092,199.90435,0,train
normal,6970,normal_0202,19,2022-07-12 00:25:34.944,1.9,0.093355,0.23992,226.18904,0,train
normal,6971,normal_0202,20,2022-07-12 00:25:35.044,2.0,0.040778,0.19805,206.85389,0,train
normal,6972,normal_0202,21,2022-07-12 00:25:35.144,2.1,0.008114,-0.101257,163.07511,0,train
normal,6973,normal_0203,0,2022-07-12 00:25:41.044,0.0,0.07194,-0.228299,179.63698,0,train
normal,6974,normal_0203,1,2022-07-12 00:25:41.144,0.1,-0.10852,-0.130014,230.88875,0,train
normal,6975,normal_0203,2,2022-07-12 00:25:41.244,0.2,0.039038,0.085789,246.26008,0,train
normal,6976,normal_0203,3,2022-07-12 00:25:41.344,0.3,0.121588,0.300808,200.78828,0,train
normal,6977,normal_0203,4,2022-07-12 00:25:41.444,0.4,-0.08058,0.043543,147.69604,0,train
normal,6978,normal_0203,5,2022-07-12 00:25:41.544,0.5,-0.002753,-0.13703,74.122319,0,train
normal,6979,normal_0203,6,2022-07-12 00:25:41.644,0.6,-0.004025,-0.096749,-3.345371,0,train
normal,6980,normal_0203,7,2022-07-12 00:25:41.744,0.7,-0.179796,-0.15448,-95.032703,0,train
normal,6981,normal_0204,0,2022-07-12 00:25:50.128,0.0,-0.049904,-0.007004,-123.60503,0,train
normal,6982,normal_0204,1,2022-07-12 00:25:50.228,0.1,0.081226,-0.036715,-111.64333,0,train
normal,6983,normal_0204,2,2022-07-12 00:25:50.328,0.2,-0.057715,-0.062862,-85.186968,0,train
normal,6984,normal_0204,3,2022-07-12 00:25:50.428,0.3,0.01171,0.100364,-53.620702,0,train
normal,6985,normal_0204,4,2022-07-12 00:25:50.528,0.4,0.150015,0.169869,-6.866933,0,train
normal,6986,normal_0204,5,2022-07-12 00:25:50.628,0.5,-0.022145,0.022935,40.550952,0,train
normal,6987,normal_0204,6,2022-07-12 00:25:50.728,0.6,-0.009475,-0.067891,85.564385,0,train
normal,6988,normal_0204,7,2022-07-12 00:25:50.828,0.7,0.002298,-0.052371,127.49817,0,train
normal,6989,normal_0204,8,2022-07-12 00:25:50.928,0.8,-0.092343,0.026511,129.29858,0,train
normal,6990,normal_0204,9,2022-07-12 00:25:51.028,0.9,0.049176,0.064942,118.0556,0,train
normal,6991,normal_0204,10,2022-07-12 00:25:51.128,1.0,0.042012,-0.015643,95.927965,0,train
normal,6992,normal_0204,11,2022-07-12 00:25:51.228,1.1,-0.005104,-0.041756,65.44865,0,train
normal,6993,normal_0204,12,2022-07-12 00:25:51.328,1.2,0.114502,-0.042778,24.246219,0,train
normal,6994,normal_0204,13,2022-07-12 00:25:51.428,1.3,-0.036076,-0.04003,-26.615027,0,train
normal,6995,normal_0204,14,2022-07-12 00:25:51.528,1.4,-0.094704,0.063341,-68.972357,0,train
normal,6996,normal_0204,15,2022-07-12 00:25:51.628,1.5,0.05139,0.062615,-116.88115,0,train
normal,6997,normal_0204,16,2022-07-12 00:25:51.728,1.6,-0.035588,-0.031799,-131.59134,0,train
normal,6998,normal_0204,17,2022-07-12 00:25:51.828,1.7,0.049221,-0.050101,-120.95119,0,train
normal,6999,normal_0204,18,2022-07-12 00:25:51.928,1.8,0.155828,-0.04112,-104.05124,0,train
normal,7000,normal_0204,19,2022-07-12 00:25:52.028,1.9,-0.025188,0.033437,-74.121246,0,train
normal,7001,normal_0204,20,2022-07-12 00:25:52.128,2.0,0.01431,0.117723,-38.571839,0,train
normal,7002,normal_0204,21,2022-07-12 00:25:52.228,2.1,-0.025472,0.059981,12.686254,0,train
normal,7003,normal_0204,22,2022-07-12 00:25:52.328,2.2,-0.172065,-0.028961,56.623585,0,train
normal,7004,normal_0204,23,2022-07-12 00:25:52.428,2.3,0.014741,-0.065689,105.03568,0,train
normal,7005,normal_0204,24,2022-07-12 00:25:52.528,2.4,0.003967,-0.056424,135.18836,0,train
normal,7006,normal_0204,25,2022-07-12 00:25:52.628,2.5,-0.042706,0.048741,127.72538,0,train
normal,7007,normal_0204,26,2022-07-12 00:25:52.728,2.6,0.138129,0.09085,113.4422,0,train
normal,7008,normal_0204,27,2022-07-12 00:25:52.828,2.7,0.009337,0.017826,85.153351,0,train
normal,7009,normal_0204,28,2022-07-12 00:25:52.928,2.8,-0.045329,-0.012737,51.390058,0,train
normal,7010,normal_0204,29,2022-07-12 00:25:53.028,2.9,0.053615,-0.057639,2.032638,0,train
normal,7011,normal_0204,30,2022-07-12 00:25:53.128,3.0,-0.126312,-0.052485,-46.170479,0,train
normal,7012,normal_0204,31,2022-07-12 00:25:53.228,3.1,-0.046532,0.081438,-91.40278,0,train
normal,7013,normal_0204,32,2022-07-12 00:25:53.328,3.2,0.122098,0.087047,-132.59484,0,train
normal,7014,normal_0204,33,2022-07-12 00:25:53.428,3.3,-0.003265,-0.050884,-132.44702,0,train
normal,7015,normal_0204,34,2022-07-12 00:25:53.528,3.4,0.042216,-0.105811,-118.93083,0,train
normal,7016,normal_0204,35,2022-07-12 00:25:53.628,3.5,-0.004661,-0.088157,-93.839776,0,train
normal,7017,normal_0204,36,2022-07-12 00:25:53.728,3.6,-0.134997,0.01459,-60.265667,0,train
normal,7018,normal_0204,37,2022-07-12 00:25:53.828,3.7,-0.003254,0.094233,-16.651513,0,train
normal,7019,normal_0204,38,2022-07-12 00:25:53.928,3.8,-0.025676,0.016327,35.491113,0,train
normal,7020,normal_0204,39,2022-07-12 00:25:54.028,3.9,-0.018887,-0.048977,79.1818,0,train
normal,7021,normal_0204,40,2022-07-12 00:25:54.128,4.0,0.104966,-0.098307,126.62686,0,train
normal,7022,normal_0204,41,2022-07-12 00:25:54.228,4.1,-0.025256,-0.02795,139.43102,0,train
normal,7023,normal_0204,42,2022-07-12 00:25:54.328,4.2,0.011131,0.080723,126.65929,0,train
normal,7024,normal_0204,43,2022-07-12 00:25:54.428,4.3,-0.000903,0.032029,105.87729,0,train
normal,7025,normal_0204,44,2022-07-12 00:25:54.528,4.4,-0.119693,-0.061181,72.624454,0,train
normal,7026,normal_0204,45,2022-07-12 00:25:54.628,4.5,0.059587,-0.039292,33.81813,0,train
normal,7027,normal_0204,46,2022-07-12 00:25:54.728,4.6,0.025311,-0.066551,-20.033243,0,train
normal,7028,normal_0204,47,2022-07-12 00:25:54.828,4.7,-0.038381,-0.063827,-64.370401,0,train
normal,7029,normal_0204,48,2022-07-12 00:25:54.928,4.8,-0.004344,0.132346,-111.98522,0,train
normal,7030,normal_0204,49,2022-07-12 00:25:55.028,4.9,-0.04081,-0.002928,-139.40276,0,train
normal,7031,normal_0205,0,2022-07-12 00:25:57.187,0.0,0.103374,0.288148,-21.40403,0,train
normal,7032,normal_0205,1,2022-07-12 00:25:57.287,0.1,0.043462,-0.120229,-108.78409,0,train
normal,7033,normal_0205,2,2022-07-12 00:25:57.387,0.2,0.026875,-0.280435,-179.29723,0,train
normal,7034,normal_0205,3,2022-07-12 00:25:57.487,0.3,-0.033638,-0.105992,-233.14765,0,train
normal,7035,normal_0205,4,2022-07-12 00:25:57.587,0.4,0.043315,0.081042,-243.41872,0,train
normal,7036,normal_0205,5,2022-07-12 00:25:57.687,0.5,0.118121,0.285253,-213.86721,0,train
normal,7037,normal_0205,6,2022-07-12 00:25:57.787,0.6,0.002352,0.122765,-161.97421,0,train
normal,7038,normal_0205,7,2022-07-12 00:25:57.887,0.7,0.003022,-0.206003,-86.542497,0,train
normal,7039,normal_0205,8,2022-07-12 00:25:57.987,0.8,-0.068288,-0.220921,-5.343319,0,train
normal,7040,normal_0205,9,2022-07-12 00:25:58.087,0.9,-0.118878,-0.068764,83.074103,0,train
normal,7041,normal_0205,10,2022-07-12 00:25:58.187,1.0,0.112161,0.231734,160.09702,0,train
normal,7042,normal_0205,11,2022-07-12 00:25:58.287,1.1,0.088512,0.292258,220.95731,0,train
normal,7043,normal_0205,12,2022-07-12 00:25:58.387,1.2,-0.037327,-0.059739,248.4093,0,train
normal,7044,normal_0205,13,2022-07-12 00:25:58.487,1.3,-0.01839,-0.190369,227.93951,0,train
normal,7045,normal_0205,14,2022-07-12 00:25:58.587,1.4,-0.191425,-0.169184,182.92382,0,train
normal,7046,normal_0205,15,2022-07-12 00:25:58.687,1.5,-0.173113,-0.027155,112.19658,0,train
normal,7047,normal_0205,16,2022-07-12 00:25:58.787,1.6,0.079952,0.313523,32.379273,0,train
normal,7048,normal_0205,17,2022-07-12 00:25:58.887,1.7,0.10267,0.141884,-55.139191,0,train
normal,7049,normal_0205,18,2022-07-12 00:25:58.987,1.8,0.019098,-0.24088,-139.60256,0,train
normal,7050,normal_0205,19,2022-07-12 00:25:59.087,1.9,-0.014348,-0.178596,-205.54664,0,train
normal,7051,normal_0205,20,2022-07-12 00:25:59.187,2.0,-0.11218,-0.089053,-247.88311,0,train
normal,7052,normal_0205,21,2022-07-12 00:25:59.287,2.1,-0.159829,0.064568,-239.65099,0,train
normal,7053,normal_0205,22,2022-07-12 00:25:59.387,2.2,-0.015268,0.296334,-200.41015,0,train
normal,7054,normal_0205,23,2022-07-12 00:25:59.487,2.3,0.013512,0.026694,-137.31624,0,train
normal,7055,normal_0205,24,2022-07-12 00:25:59.587,2.4,-0.064371,-0.296886,-56.651599,0,train
normal,7056,normal_0205,25,2022-07-12 00:25:59.687,2.5,-0.049271,-0.168662,29.75798,0,train
normal,7057,normal_0205,26,2022-07-12 00:25:59.787,2.6,-0.019003,0.011026,120.11661,0,train
normal,7058,normal_0205,27,2022-07-12 00:25:59.887,2.7,0.025218,0.201659,192.74285,0,train
normal,7059,normal_0205,28,2022-07-12 00:25:59.987,2.8,0.004532,0.201727,245.60288,0,train
normal,7060,normal_0205,29,2022-07-12 00:26:00.087,2.9,-0.002791,-0.119355,252.929,0,train
normal,7061,normal_0205,30,2022-07-12 00:26:00.187,3.0,-0.073885,-0.234204,218.80069,0,train
normal,7062,normal_0205,31,2022-07-12 00:26:00.287,3.1,-0.184137,-0.130458,162.11738,0,train
normal,7063,normal_0205,32,2022-07-12 00:26:00.387,3.2,0.012434,0.116782,82.52574,0,train
normal,7064,normal_0205,33,2022-07-12 00:26:00.487,3.3,0.100195,0.300875,-2.3067,0,train
normal,7065,normal_0205,34,2022-07-12 00:26:00.587,3.4,0.003839,0.05007,-94.887268,0,train
normal,7066,normal_0205,35,2022-07-12 00:26:00.687,3.5,0.068019,-0.179902,-174.48487,0,train
normal,7067,normal_0205,36,2022-07-12 00:26:00.787,3.6,-0.076598,-0.193162,-234.55432,0,train
normal,7068,normal_0205,37,2022-07-12 00:26:00.887,3.7,-0.143867,-0.116051,-259.98309,0,train
normal,7069,normal_0205,38,2022-07-12 00:26:00.987,3.8,0.129316,0.229929,-233.66263,0,train
normal,7070,normal_0205,39,2022-07-12 00:26:01.087,3.9,0.126795,0.289159,-184.14106,0,train
normal,7071,normal_0205,40,2022-07-12 00:26:01.187,4.0,0.023833,-0.095445,-110.19493,0,train
normal,7072,normal_0205,41,2022-07-12 00:26:01.287,4.1,0.034527,-0.187883,-24.560931,0,train
normal,7073,normal_0205,42,2022-07-12 00:26:01.387,4.2,-0.112861,-0.124611,67.750224,0,train
normal,7074,normal_0205,43,2022-07-12 00:26:01.487,4.3,-0.060715,0.013445,155.90717,0,train
normal,7075,normal_0205,44,2022-07-12 00:26:01.587,4.4,0.177533,0.3114,221.45083,0,train
normal,7076,normal_0205,45,2022-07-12 00:26:01.687,4.5,0.173026,0.144211,262.42986,0,train
normal,7077,normal_0205,46,2022-07-12 00:26:01.787,4.6,0.110015,-0.195694,250.13843,0,train
normal,7078,normal_0205,47,2022-07-12 00:26:01.887,4.7,0.056848,-0.146023,204.47733,0,train
normal,7079,normal_0206,0,2022-07-12 00:26:05.260,0.0,-0.116497,-0.052981,-124.14755,0,train
normal,7080,normal_0206,1,2022-07-12 00:26:05.360,0.1,0.090598,-0.046929,-101.63296,0,train
normal,7081,normal_0206,2,2022-07-12 00:26:05.460,0.2,0.019572,-0.030058,-69.878587,0,train
normal,7082,normal_0206,3,2022-07-12 00:26:05.560,0.3,-0.097458,-0.013517,-27.384642,0,train
normal,7083,normal_0206,4,2022-07-12 00:26:05.660,0.4,0.084399,0.131147,22.950175,0,train
normal,7084,normal_0206,5,2022-07-12 00:26:05.760,0.5,-0.053963,0.025822,65.3416,0,train
normal,7085,normal_0206,6,2022-07-12 00:26:05.860,0.6,-0.013489,-0.072452,120.32808,0,train
normal,7086,normal_0206,7,2022-07-12 00:26:05.960,0.7,0.119742,-0.021192,137.0026,0,train
normal,7087,normal_0206,8,2022-07-12 00:26:06.060,0.8,-0.06157,-0.048053,128.10291,0,train
normal,7088,normal_0206,9,2022-07-12 00:26:06.160,0.9,0.00764,0.045498,112.59629,0,train
normal,7089,normal_0206,10,2022-07-12 00:26:06.260,1.0,0.030982,0.097586,81.933151,0,train
normal,7090,normal_0206,11,2022-07-12 00:26:06.360,1.1,-0.093813,-0.0414,45.8355,0,train
normal,7091,normal_0206,12,2022-07-12 00:26:06.460,1.2,0.052973,-0.038744,-6.23417,0,train
normal,7092,normal_0206,13,2022-07-12 00:26:06.560,1.3,0.004972,-0.006705,-48.172718,0,train
normal,7093,normal_0206,14,2022-07-12 00:26:06.660,1.4,-0.073877,-0.035633,-101.22885,0,train
normal,7094,normal_0206,15,2022-07-12 00:26:06.760,1.5,0.066075,0.087584,-134.35401,0,train
normal,7095,normal_0206,16,2022-07-12 00:26:06.860,1.6,-0.047322,0.058259,-128.32536,0,train
normal,7096,normal_0206,17,2022-07-12 00:26:06.960,1.7,-0.035071,-0.099291,-118.57082,0,train
normal,7097,normal_0206,18,2022-07-12 00:26:07.060,1.8,0.092187,-0.060985,-91.231238,0,train
normal,7098,normal_0206,19,2022-07-12 00:26:07.160,1.9,-0.073445,-0.009498,-59.676654,0,train
normal,7099,normal_0206,20,2022-07-12 00:26:07.260,2.0,-0.012217,0.052287,-11.87122,0,train
normal,7100,normal_0206,21,2022-07-12 00:26:07.360,2.1,0.051634,0.077378,33.135418,0,train
normal,7101,normal_0206,22,2022-07-12 00:26:07.460,2.2,-0.133095,-0.034134,80.866108,0,train
normal,7102,normal_0206,23,2022-07-12 00:26:07.560,2.3,0.031061,-0.055989,128.93845,0,train
normal,7103,normal_0206,24,2022-07-12 00:26:07.660,2.4,0.083332,-0.03074,131.59241,0,train
normal,7104,normal_0206,25,2022-07-12 00:26:07.760,2.5,-0.109583,-0.022293,124.09915,0,train
normal,7105,normal_0206,26,2022-07-12 00:26:07.860,2.6,0.055539,0.080443,102.91399,0,train
normal,7106,normal_0206,27,2022-07-12 00:26:07.960,2.7,0.034944,0.046338,72.760948,0,train
normal,7107,normal_0206,28,2022-07-12 00:26:08.060,2.8,-0.108618,-0.084883,31.507257,0,train
normal,7108,normal_0206,29,2022-07-12 00:26:08.160,2.9,0.070707,-0.035372,-17.987849,0,train
normal,7109,normal_0206,30,2022-07-12 00:26:08.260,3.0,-0.019574,-0.020124,-60.610182,0,train
normal,7110,normal_0206,31,2022-07-12 00:26:08.360,3.1,-0.079633,0.012346,-115.3927,0,train
normal,7111,normal_0206,32,2022-07-12 00:26:08.460,3.2,0.092301,0.097473,-132.03372,0,train
normal,7112,normal_0207,0,2022-07-12 00:26:13.208,0.0,-0.01715,0.011504,-65.972098,0,train
normal,7113,normal_0207,1,2022-07-12 00:26:13.308,0.1,-0.105433,-0.103402,-113.90807,0,train
normal,7114,normal_0207,2,2022-07-12 00:26:13.408,0.2,0.105568,-0.069093,-131.46199,0,train
normal,7115,normal_0207,3,2022-07-12 00:26:13.508,0.3,-0.026357,-0.05372,-121.3453,0,train
normal,7116,normal_0207,4,2022-07-12 00:26:13.608,0.4,-0.034248,0.005714,-105.74163,0,train
normal,7117,normal_0207,5,2022-07-12 00:26:13.708,0.5,0.112766,0.093089,-75.285444,0,train
normal,7118,normal_0207,6,2022-07-12 00:26:13.808,0.6,-0.032647,0.019383,-39.737587,0,train
normal,7119,normal_0207,7,2022-07-12 00:26:13.908,0.7,0.014333,-0.054095,12.428047,0,train
normal,7120,normal_0207,8,2022-07-12 00:26:14.008,0.8,0.01968,-0.038314,55.997617,0,train
normal,7121,normal_0207,9,2022-07-12 00:26:14.108,0.9,-0.111064,-0.001132,102.10134,0,train
normal,7122,normal_0207,10,2022-07-12 00:26:14.208,1.0,0.056283,0.066261,133.84391,0,train
normal,7123,normal_0207,11,2022-07-12 00:26:14.308,1.1,0.044226,0.025207,127.07676,0,train
normal,7124,normal_0207,12,2022-07-12 00:26:14.408,1.2,-0.069477,-0.073146,113.6768,0,train
normal,7125,normal_0207,13,2022-07-12 00:26:14.508,1.3,0.063595,-0.035941,86.08235,0,train
normal,7126,normal_0207,14,2022-07-12 00:26:14.608,1.4,-0.025869,0.025412,54.056055,0,train
normal,7127,normal_0207,15,2022-07-12 00:26:14.708,1.5,-0.096373,0.051399,5.934597,0,train
normal,7128,normal_0207,16,2022-07-12 00:26:14.808,1.6,0.016116,0.063899,-42.432432,0,train
normal,7129,normal_0207,17,2022-07-12 00:26:14.908,1.7,-0.092456,-0.041856,-85.147391,0,train
normal,7130,normal_0207,18,2022-07-12 00:26:15.008,1.8,-0.005206,-0.131456,-128.91807,0,train
normal,7131,normal_0207,19,2022-07-12 00:26:15.108,1.9,0.135109,-0.06353,-131.36925,0,train
normal,7132,normal_0207,20,2022-07-12 00:26:15.208,2.0,-0.052095,-0.023668,-119.24793,0,train
normal,7133,normal_0207,21,2022-07-12 00:26:15.308,2.1,0.021531,0.029272,-96.600782,0,train
normal,7134,normal_0208,0,2022-07-12 00:26:21.091,0.0,0.003135,0.120399,173.33116,0,train
normal,7135,normal_0208,1,2022-07-12 00:26:21.191,0.1,-0.025293,-0.203601,232.22306,0,train
normal,7136,normal_0208,2,2022-07-12 00:26:21.291,0.2,-0.075725,-0.228714,259.25115,0,train
normal,7137,normal_0208,3,2022-07-12 00:26:21.391,0.3,-0.083377,-0.012128,233.37462,0,train
normal,7138,normal_0208,4,2022-07-12 00:26:21.491,0.4,0.107971,0.224247,182.79066,0,train
normal,7139,normal_0208,5,2022-07-12 00:26:21.591,0.5,0.068689,0.219876,107.8123,0,train
normal,7140,normal_0208,6,2022-07-12 00:26:21.691,0.6,-0.030414,-0.049196,21.381619,0,train
normal,7141,normal_0208,7,2022-07-12 00:26:21.791,0.7,0.034981,-0.173514,-70.480713,0,train
normal,7142,normal_0208,8,2022-07-12 00:26:21.891,0.8,-0.148056,-0.194098,-155.44178,0,train
normal,7143,normal_0208,9,2022-07-12 00:26:21.991,0.9,-0.105039,-0.015136,-217.07835,0,train
normal,7144,normal_0208,10,2022-07-12 00:26:22.091,1.0,0.229655,0.317503,-258.08457,0,train
normal,7145,normal_0208,11,2022-07-12 00:26:22.191,1.1,0.141997,0.173305,-246.35079,0,train
normal,7146,normal_0209,0,2022-07-12 00:26:29.067,0.0,0.033418,0.166079,-169.67382,0,train
normal,7147,normal_0209,1,2022-07-12 00:26:29.167,0.1,0.029479,-0.036781,-124.84492,0,train
normal,7148,normal_0209,2,2022-07-12 00:26:29.267,0.2,0.131533,-0.100779,-63.693769,0,train
normal,7149,normal_0209,3,2022-07-12 00:26:29.367,0.3,-0.075596,-0.10372,0.001073,0,train
normal,7150,normal_0209,4,2022-07-12 00:26:29.467,0.4,0.034258,0.10845,69.735178,0,train
normal,7151,normal_0209,5,2022-07-12 00:26:29.567,0.5,0.20701,0.293031,127.26893,0,train
normal,7152,normal_0209,6,2022-07-12 00:26:29.667,0.6,0.010712,0.075128,178.80871,0,train
normal,7153,normal_0209,7,2022-07-12 00:26:29.767,0.7,0.117807,-0.044092,202.82176,0,train
normal,7154,normal_0209,8,2022-07-12 00:26:29.867,0.8,0.102673,-0.055491,182.40537,0,train
normal,7155,normal_0209,9,2022-07-12 00:26:29.967,0.9,-0.083963,-0.059408,143.62969,0,train
normal,7156,normal_0209,10,2022-07-12 00:26:30.067,1.0,0.13738,0.204544,85.653315,0,train
normal,7157,normal_0210,0,2022-07-12 00:26:31.913,0.0,0.076496,0.233279,-97.477805,0,train
normal,7158,normal_0210,1,2022-07-12 00:26:32.013,0.1,0.059284,0.010256,-163.02886,0,train
normal,7159,normal_0210,2,2022-07-12 00:26:32.113,0.2,0.023522,-0.223156,-212.02233,0,train
normal,7160,normal_0210,3,2022-07-12 00:26:32.213,0.3,-0.024423,-0.173406,-246.92634,0,train
normal,7161,normal_0210,4,2022-07-12 00:26:32.313,0.4,-0.03354,0.039298,-213.2658,0,train
normal,7162,normal_0210,5,2022-07-12 00:26:32.413,0.5,0.001814,0.197063,-163.40067,0,train
normal,7163,normal_0210,6,2022-07-12 00:26:32.513,0.6,-0.022232,0.117839,-97.640526,0,train
normal,7164,normal_0210,7,2022-07-12 00:26:32.613,0.7,0.030765,-0.073849,-21.019223,0,train
normal,7165,normal_0210,8,2022-07-12 00:26:32.713,0.8,0.018401,-0.186246,66.579707,0,train
normal,7166,normal_0210,9,2022-07-12 00:26:32.813,0.9,-0.084936,-0.096374,146.01149,0,train
normal,7167,normal_0210,10,2022-07-12 00:26:32.913,1.0,0.052972,0.157337,193.97094,0,train
normal,7168,normal_0210,11,2022-07-12 00:26:33.013,1.1,0.106242,0.209733,242.65125,0,train
normal,7169,normal_0210,12,2022-07-12 00:26:33.113,1.2,-0.012729,0.012606,230.68562,0,train
normal,7170,normal_0210,13,2022-07-12 00:26:33.213,1.3,0.093378,-0.111656,181.27861,0,train
normal,7171,normal_0210,14,2022-07-12 00:26:33.313,1.4,-0.019893,-0.173009,123.21199,0,train
normal,7172,normal_0210,15,2022-07-12 00:26:33.413,1.5,-0.141816,-0.072805,47.260886,0,train
normal,7173,normal_0210,16,2022-07-12 00:26:33.513,1.6,0.114007,0.245575,-34.381513,0,train
normal,7174,normal_0210,17,2022-07-12 00:26:33.613,1.7,0.089791,0.18773,-123.33848,0,train
normal,7175,normal_0210,18,2022-07-12 00:26:33.713,1.8,-0.010368,-0.083874,-176.60286,0,train
normal,7176,normal_0210,19,2022-07-12 00:26:33.813,1.9,0.087509,-0.123054,-227.55304,0,train
normal,7177,normal_0210,20,2022-07-12 00:26:33.913,2.0,-0.043917,-0.148735,-240.28435,0,train
normal,7178,normal_0210,21,2022-07-12 00:26:34.013,2.1,-0.068349,0.053955,-194.97838,0,train
normal,7179,normal_0210,22,2022-07-12 00:26:34.113,2.2,0.135056,0.302364,-143.79205,0,train
normal,7180,normal_0210,23,2022-07-12 00:26:34.213,2.3,0.045536,0.079851,-71.985253,0,train
normal,7181,normal_0210,24,2022-07-12 00:26:34.313,2.4,-0.053272,-0.160702,5.321503,0,train
normal,7182,normal_0210,25,2022-07-12 00:26:34.413,2.5,0.030572,-0.118513,96.385848,0,train
normal,7183,normal_0210,26,2022-07-12 00:26:34.513,2.6,-0.036253,-0.05565,161.74426,0,train
normal,7184,normal_0210,27,2022-07-12 00:26:34.613,2.7,-0.042441,0.103739,210.75716,0,train
normal,7185,normal_0210,28,2022-07-12 00:26:34.713,2.8,0.100077,0.220473,246.5935,0,train
normal,7186,normal_0210,29,2022-07-12 00:26:34.813,2.9,0.109341,0.022869,213.37631,0,train
normal,7187,normal_0210,30,2022-07-12 00:26:34.913,3.0,-0.030111,-0.172657,163.43643,0,train
normal,7188,normal_0210,31,2022-07-12 00:26:35.013,3.1,-0.106099,-0.150393,97.6596,0,train
normal,7189,normal_0210,32,2022-07-12 00:26:35.113,3.2,-0.055497,0.029727,21.472814,0,train
normal,7190,normal_0210,33,2022-07-12 00:26:35.213,3.3,-0.020325,0.225957,-66.43904,0,train
normal,7191,normal_0210,34,2022-07-12 00:26:35.313,3.4,0.013917,0.139172,-145.81563,0,train
normal,7192,normal_0210,35,2022-07-12 00:26:35.413,3.5,0.057354,-0.133022,-192.51003,0,train
normal,7193,normal_0210,36,2022-07-12 00:26:35.513,3.6,-0.022198,-0.23099,-240.46782,0,train
normal,7194,normal_0210,37,2022-07-12 00:26:35.613,3.7,-0.096891,-0.099292,-227.64268,0,train
normal,7195,normal_0210,38,2022-07-12 00:26:35.713,3.8,0.053994,0.152898,-178.32198,0,train
normal,7196,normal_0210,39,2022-07-12 00:26:35.813,3.9,0.031707,0.230691,-120.82328,0,train
normal,7197,normal_0210,40,2022-07-12 00:26:35.913,4.0,-0.128589,-0.002176,-45.830374,0,train
normal,7198,normal_0210,41,2022-07-12 00:26:36.013,4.1,0.017243,-0.149598,34.698967,0,train
normal,7199,normal_0210,42,2022-07-12 00:26:36.113,4.2,-0.089148,-0.164187,123.80554,0,train
normal,7200,normal_0210,43,2022-07-12 00:26:36.213,4.3,-0.169461,-0.091265,175.97475,0,train
normal,7201,normal_0210,44,2022-07-12 00:26:36.313,4.4,0.146875,0.205816,227.12663,0,train
normal,7202,normal_0210,45,2022-07-12 00:26:36.413,4.5,0.107854,0.147846,241.2838,0,train
normal,7203,normal_0210,46,2022-07-12 00:26:36.513,4.6,-0.014183,-0.148826,195.99094,0,train
normal,7204,normal_0210,47,2022-07-12 00:26:36.613,4.7,0.024782,-0.142366,144.50051,0,train
normal,7205,normal_0210,48,2022-07-12 00:26:36.713,4.8,-0.132949,-0.103152,72.314152,0,train
normal,7206,normal_0210,49,2022-07-12 00:26:36.813,4.9,-0.168871,0.062878,-4.859806,0,train
normal,7207,normal_0211,0,2022-07-12 00:26:38.648,0.0,-0.04968,-0.009132,39.103274,0,train
normal,7208,normal_0211,1,2022-07-12 00:26:38.748,0.1,0.077306,0.039653,-0.373721,0,train
normal,7209,normal_0211,2,2022-07-12 00:26:38.848,0.2,0.008517,-0.013356,-49.35587,0,train
normal,7210,normal_0211,3,2022-07-12 00:26:38.948,0.3,-0.033684,-0.132939,-95.681679,0,train
normal,7211,normal_0211,4,2022-07-12 00:26:39.048,0.4,-0.00832,0.049769,-105.2276,0,train
normal,7212,normal_0211,5,2022-07-12 00:26:39.148,0.5,-0.066131,0.052652,-110.32511,0,train
normal,7213,normal_0211,6,2022-07-12 00:26:39.248,0.6,0.011491,-0.103024,-101.51101,0,train
normal,7214,normal_0211,7,2022-07-12 00:26:39.348,0.7,0.025467,-0.008167,-82.219849,0,train
normal,7215,normal_0211,8,2022-07-12 00:26:39.448,0.8,-0.000759,-0.019827,-50.645357,0,train
normal,7216,normal_0211,9,2022-07-12 00:26:39.548,0.9,0.035549,-0.075571,-9.227277,0,train
normal,7217,normal_0211,10,2022-07-12 00:26:39.648,1.0,-0.015098,0.014415,34.051661,0,train
normal,7218,normal_0211,11,2022-07-12 00:26:39.748,1.1,-0.029006,-0.000504,87.890397,0,train
normal,7219,normal_0211,12,2022-07-12 00:26:39.848,1.2,0.01702,0.003833,107.04626,0,train
normal,7220,normal_0211,13,2022-07-12 00:26:39.948,1.3,-0.053064,0.022555,110.50166,0,train
normal,7221,normal_0211,14,2022-07-12 00:26:40.048,1.4,-0.060148,-0.065444,107.60809,0,train
normal,7222,normal_0211,15,2022-07-12 00:26:40.148,1.5,0.027533,0.059816,89.458834,0,train
normal,7223,normal_0211,16,2022-07-12 00:26:40.248,1.6,0.023128,0.137825,63.699134,0,train
normal,7224,normal_0211,17,2022-07-12 00:26:40.348,1.7,0.042508,-0.038162,21.863344,0,train
normal,7225,normal_0211,18,2022-07-12 00:26:40.448,1.8,0.006189,-0.026014,-17.783525,0,train
normal,7226,normal_0211,19,2022-07-12 00:26:40.548,1.9,-0.067323,-0.028955,-71.603903,0,train
normal,7227,normal_0211,20,2022-07-12 00:26:40.648,2.0,-0.010546,-0.050958,-104.13111,0,train
normal,7228,normal_0211,21,2022-07-12 00:26:40.748,2.1,0.010378,0.087257,-107.43762,0,train
normal,7229,normal_0211,22,2022-07-12 00:26:40.848,2.2,-0.002825,-0.001889,-110.33155,0,train
normal,7230,normal_0211,23,2022-07-12 00:26:40.948,2.3,0.065669,-0.047642,-95.08754,0,train
normal,7231,normal_0211,24,2022-07-12 00:26:41.048,2.4,0.008562,0.061451,-73.333153,0,train
normal,7232,normal_0211,25,2022-07-12 00:26:41.148,2.5,-0.078438,-0.038741,-34.761195,0,train
normal,7233,normal_0211,26,2022-07-12 00:26:41.248,2.6,-0.042709,0.003084,5.814553,0,train
normal,7234,normal_0211,27,2022-07-12 00:26:41.348,2.7,-0.072693,0.061497,54.770834,0,train
normal,7235,normal_0211,28,2022-07-12 00:26:41.448,2.8,0.011888,-0.083462,100.32178,0,train
normal,7236,normal_0211,29,2022-07-12 00:26:41.548,2.9,0.111547,0.021783,107.9327,0,train
normal,7237,normal_0211,30,2022-07-12 00:26:41.648,3.0,0.013444,0.022646,111.74919,0,train
normal,7238,normal_0211,31,2022-07-12 00:26:41.748,3.1,-0.019276,-0.117124,101.81965,0,train
normal,7239,normal_0211,32,2022-07-12 00:26:41.848,3.2,-0.034626,0.065198,81.953416,0,train
normal,7240,normal_0211,33,2022-07-12 00:26:41.948,3.3,-0.063622,0.045886,50.145036,0,train
normal,7241,normal_0211,34,2022-07-12 00:26:42.048,3.4,0.022617,-0.077774,8.483053,0,train
normal,7242,normal_0211,35,2022-07-12 00:26:42.148,3.5,0.02776,0.051472,-34.894232,0,train
normal,7243,normal_0211,36,2022-07-12 00:26:42.248,3.6,-0.036545,-0.061516,-87.845574,0,train
normal,7244,normal_0211,37,2022-07-12 00:26:42.348,3.7,0.028078,-0.077717,-105.78049,0,train
normal,7245,normal_0211,38,2022-07-12 00:26:42.448,3.8,0.008937,0.116571,-109.40851,0,train
normal,7246,normal_0211,39,2022-07-12 00:26:42.548,3.9,-0.01553,0.01396,-106.70818,0,train
normal,7247,normal_0211,40,2022-07-12 00:26:42.648,4.0,0.064216,0.024814,-88.078152,0,train
normal,7248,normal_0211,41,2022-07-12 00:26:42.748,4.1,-0.032719,0.029594,-62.33073,0,train
normal,7249,normal_0211,42,2022-07-12 00:26:42.848,4.2,-0.048568,-0.092159,-20.791533,0,train
normal,7250,normal_0211,43,2022-07-12 00:26:42.948,4.3,0.040771,0.107262,19.540908,0,train
normal,7251,normal_0211,44,2022-07-12 00:26:43.048,4.4,0.013171,0.085145,73.043951,0,train
normal,7252,normal_0211,45,2022-07-12 00:26:43.148,4.5,0.083073,-0.086039,105.08419,0,train
normal,7253,normal_0211,46,2022-07-12 00:26:43.248,4.6,0.084436,0.055037,108.64271,0,train
normal,7254,normal_0211,47,2022-07-12 00:26:43.348,4.7,-0.037351,-0.004807,110.78609,0,train
normal,7255,normal_0211,48,2022-07-12 00:26:43.448,4.8,0.003567,-0.050299,95.316064,0,train
normal,7256,normal_0211,49,2022-07-12 00:26:43.548,4.9,0.005837,0.07805,73.688039,0,train
normal,7257,normal_0212,0,2022-07-12 00:26:45.464,0.0,-0.004047,0.032809,-52.8884,0,train
normal,7258,normal_0212,1,2022-07-12 00:26:45.564,0.1,0.094771,0.242516,-109.41459,0,train
normal,7259,normal_0212,2,2022-07-12 00:26:45.664,0.2,0.014697,0.181594,-161.05332,0,train
normal,7260,normal_0212,3,2022-07-12 00:26:45.764,0.3,-0.087233,-0.042815,-183.46479,0,train
normal,7261,normal_0212,4,2022-07-12 00:26:45.864,0.4,0.029649,-0.085514,-168.99826,0,train
normal,7262,normal_0212,5,2022-07-12 00:26:45.964,0.5,-0.038595,-0.10184,-136.36054,0,train
normal,7263,normal_0212,6,2022-07-12 00:26:46.064,0.6,-0.042217,0.033093,-84.026943,0,train
normal,7264,normal_0212,7,2022-07-12 00:26:46.164,0.7,0.077321,0.231991,-27.357105,0,train
normal,7265,normal_0212,8,2022-07-12 00:26:46.264,0.8,-0.062982,0.028665,34.966592,0,train
normal,7266,normal_0212,9,2022-07-12 00:26:46.364,0.9,-0.039004,-0.140635,94.063412,0,train
normal,7267,normal_0212,10,2022-07-12 00:26:46.464,1.0,0.018273,-0.103089,146.97005,0,train
normal,7268,normal_0212,11,2022-07-12 00:26:46.564,1.1,-0.127616,-0.113977,183.52761,0,train
normal,7269,normal_0212,12,2022-07-12 00:26:46.664,1.2,-0.049472,0.11134,178.21827,0,train
normal,7270,normal_0212,13,2022-07-12 00:26:46.764,1.3,0.018886,0.198703,150.39803,0,train
normal,7271,normal_0212,14,2022-07-12 00:26:46.864,1.4,-0.032272,-0.095653,103.33897,0,train
normal,7272,normal_0212,15,2022-07-12 00:26:46.964,1.5,0.044647,-0.21459,47.784215,0,train
normal,7273,normal_0212,16,2022-07-12 00:26:47.064,1.6,0.035212,-0.156745,-11.671425,0,train
normal,7274,normal_0212,17,2022-07-12 00:26:47.164,1.7,0.024506,-0.019098,-74.198851,0,train
normal,7275,normal_0212,18,2022-07-12 00:26:47.264,1.8,0.025551,0.169923,-127.42211,0,train
normal,7276,normal_0212,19,2022-07-12 00:26:47.364,1.9,-0.068034,0.090461,-174.39499,0,train
normal,7277,normal_0212,20,2022-07-12 00:26:47.464,2.0,-0.023745,-0.079395,-183.28979,0,train
normal,7278,normal_0212,21,2022-07-12 00:26:47.564,2.1,-0.038698,-0.130008,-160.34486,0,train
normal,7279,normal_0212,22,2022-07-12 00:26:47.664,2.2,-0.119408,-0.096311,-120.84843,0,train
normal,7280,normal_0212,23,2022-07-12 00:26:47.764,2.3,-0.030455,0.132866,-65.541156,0,train
normal,7281,normal_0212,24,2022-07-12 00:26:47.864,2.4,-0.034429,0.197954,-7.645489,0,train
normal,7282,normal_0212,25,2022-07-12 00:26:47.964,2.5,-0.072122,-0.019609,57.244308,0,train
normal,7283,normal_0212,26,2022-07-12 00:26:48.064,2.6,0.045396,-0.144256,113.31703,0,train
normal,7284,normal_0212,27,2022-07-12 00:26:48.164,2.7,0.005546,-0.177692,163.85521,0,train
normal,7285,normal_0212,28,2022-07-12 00:26:48.264,2.8,-0.048348,-0.056212,188.11335,0,train
normal,7286,normal_0212,29,2022-07-12 00:26:48.364,2.9,0.072996,0.191744,171.81708,0,train
normal,7287,normal_0212,30,2022-07-12 00:26:48.464,3.0,0.014867,0.148794,137.77615,0,train
normal,7288,normal_0212,31,2022-07-12 00:26:48.564,3.1,-0.093398,-0.043348,85.109244,0,train
normal,7289,normal_0212,32,2022-07-12 00:26:48.664,3.2,-0.025596,-0.088092,28.135541,0,train
normal,7290,normal_0212,33,2022-07-12 00:26:48.764,3.3,-0.050005,-0.119245,-36.209707,0,train
normal,7291,normal_0212,34,2022-07-12 00:26:48.864,3.4,-0.081136,0.009399,-96.396339,0,train
normal,7292,normal_0212,35,2022-07-12 00:26:48.964,3.5,0.142194,0.18148,-148.30174,0,train
normal,7293,normal_0212,36,2022-07-12 00:26:49.064,3.6,0.168931,0.018289,-186.66925,0,train
normal,7294,normal_0212,37,2022-07-12 00:26:49.164,3.7,0.020407,-0.171266,-180.42316,0,train
normal,7295,normal_0212,38,2022-07-12 00:26:49.264,3.8,0.057067,-0.097833,-151.31118,0,train
normal,7296,normal_0212,39,2022-07-12 00:26:49.364,3.9,-0.055943,-0.023594,-104.0131,0,train
normal,7297,normal_0212,40,2022-07-12 00:26:49.464,4.0,-0.090117,0.109535,-45.536285,0,train
normal,7298,normal_0212,41,2022-07-12 00:26:49.564,4.1,0.074449,0.224464,17.826559,0,train
normal,7299,normal_0212,42,2022-07-12 00:26:49.664,4.2,0.051198,-0.029111,83.892594,0,train
normal,7300,normal_0212,43,2022-07-12 00:26:49.764,4.3,0.060882,-0.2234,137.97583,0,train
normal,7301,normal_0212,44,2022-07-12 00:26:49.864,4.4,0.087993,-0.139442,184.97135,0,train
normal,7302,normal_0212,45,2022-07-12 00:26:49.964,4.5,0.070861,0.037283,192.73188,0,train
normal,7303,normal_0212,46,2022-07-12 00:26:50.064,4.6,0.123643,0.224543,166.63088,0,train
normal,7304,normal_0212,47,2022-07-12 00:26:50.164,4.7,-0.01338,0.154755,123.46794,0,train
normal,7305,normal_0212,48,2022-07-12 00:26:50.264,4.8,-0.049165,-0.080587,64.517625,0,train
normal,7306,normal_0212,49,2022-07-12 00:26:50.364,4.9,-0.002526,-0.158845,2.819896,0,train
normal,7307,normal_0213,0,2022-07-12 00:26:53.334,0.0,-0.054045,-0.239391,-93.517553,0,train
normal,7308,normal_0213,1,2022-07-12 00:26:53.434,0.1,-0.153636,-0.122975,-172.23622,0,train
normal,7309,normal_0213,2,2022-07-12 00:26:53.534,0.2,-0.136527,0.059325,-230.42395,0,train
normal,7310,normal_0213,3,2022-07-12 00:26:53.634,0.3,0.171601,0.3051,-260.73948,0,train
normal,7311,normal_0213,4,2022-07-12 00:26:53.734,0.4,0.104333,0.072438,-232.35479,0,train
normal,7312,normal_0213,5,2022-07-12 00:26:53.834,0.5,-0.001979,-0.23317,-180.46679,0,train
normal,7313,normal_0213,6,2022-07-12 00:26:53.934,0.6,0.013995,-0.161519,-108.42754,0,train
normal,7314,normal_0213,7,2022-07-12 00:26:54.034,0.7,-0.151831,-0.04827,-25.835279,0,train
normal,7315,normal_0213,8,2022-07-12 00:26:54.134,0.8,-0.015183,0.166295,62.442429,0,train
normal,7316,normal_0213,9,2022-07-12 00:26:54.234,0.9,0.137314,0.274742,148.95703,0,train
normal,7317,normal_0213,10,2022-07-12 00:26:54.334,1.0,0.068638,-0.06354,211.45048,0,train
normal,7318,normal_0213,11,2022-07-12 00:26:54.434,1.1,0.068933,-0.261621,257.69523,0,train
normal,7319,normal_0213,12,2022-07-12 00:26:54.534,1.2,-0.002956,-0.091617,248.41443,0,train
normal,7320,normal_0213,13,2022-07-12 00:26:54.634,1.3,0.014369,0.095666,200.83239,0,train
normal,7321,normal_0213,14,2022-07-12 00:26:54.734,1.4,0.057932,0.255293,136.80782,0,train
normal,7322,normal_0213,15,2022-07-12 00:26:54.834,1.5,0.017821,0.150923,54.854757,0,train
normal,7323,normal_0213,16,2022-07-12 00:26:54.934,1.6,0.033125,-0.179366,-30.041579,0,train
normal,7324,normal_0213,17,2022-07-12 00:26:55.034,1.7,0.001279,-0.232352,-122.29504,0,train
normal,7325,normal_0213,18,2022-07-12 00:26:55.134,1.8,0.006343,-0.03149,-190.84122,0,train
normal,7326,normal_0213,19,2022-07-12 00:26:55.234,1.9,0.116197,0.186845,-243.98068,0,train
normal,7327,normal_0213,20,2022-07-12 00:26:55.334,2.0,0.142332,0.249503,-256.31479,0,train
normal,7328,normal_0213,21,2022-07-12 00:26:55.434,2.1,0.01194,-0.002596,-215.07635,0,train
normal,7329,normal_0213,22,2022-07-12 00:26:55.534,2.2,-0.025991,-0.182795,-159.1598,0,train
normal,7330,normal_0213,23,2022-07-12 00:26:55.634,2.3,-0.064933,-0.118047,-81.600795,0,train
normal,7331,normal_0213,24,2022-07-12 00:26:55.734,2.4,-0.141715,-0.00993,0.860453,0,train
normal,7332,normal_0213,25,2022-07-12 00:26:55.834,2.5,0.109998,0.244531,92.299353,0,train
normal,7333,normal_0213,26,2022-07-12 00:26:55.934,2.6,0.205399,0.20879,169.75512,0,train
normal,7334,normal_0213,27,2022-07-12 00:26:56.034,2.7,0.023759,-0.164221,226.57516,0,train
normal,7335,normal_0213,28,2022-07-12 00:26:56.134,2.8,0.050995,-0.171203,260.49367,0,train
normal,7336,normal_0213,29,2022-07-12 00:26:56.234,2.9,-0.076196,-0.04684,232.6217,0,train
normal,7337,normal_0213,30,2022-07-12 00:26:56.334,3.0,-0.171665,0.079863,181.09264,0,train
normal,7338,normal_0213,31,2022-07-12 00:26:56.434,3.1,0.051165,0.287389,110.93749,0,train
normal,7339,normal_0213,32,2022-07-12 00:26:56.534,3.2,0.044728,0.080237,29.134515,0,train
normal,7340,normal_0213,33,2022-07-12 00:26:56.634,3.3,-0.013968,-0.225029,-59.238322,0,train
normal,7341,normal_0213,34,2022-07-12 00:26:56.734,3.4,0.004458,-0.155718,-146.37472,0,train
normal,7342,normal_0213,35,2022-07-12 00:26:56.834,3.5,-0.06449,-0.00498,-205.76146,0,train
normal,7343,normal_0213,36,2022-07-12 00:26:56.934,3.6,-0.015864,0.166431,-253.1133,0,train
normal,7344,normal_0213,37,2022-07-12 00:26:57.034,3.7,0.046056,0.20191,-245.43527,0,train
normal,7345,normal_0214,0,2022-07-12 00:27:01.423,0.0,-0.091921,-0.04682,39.423232,0,train
normal,7346,normal_0214,1,2022-07-12 00:27:01.523,0.1,-0.042909,0.044721,-8.860827,0,train
normal,7347,normal_0214,2,2022-07-12 00:27:01.623,0.2,0.030716,0.063488,-50.314432,0,train
normal,7348,normal_0214,3,2022-07-12 00:27:01.723,0.3,-0.033657,-0.087465,-106.4886,0,train
normal,7349,normal_0214,4,2022-07-12 00:27:01.823,0.4,0.103048,-0.033844,-126.05418,0,train
normal,7350,normal_0214,5,2022-07-12 00:27:01.923,0.5,0.033339,-0.019493,-121.64535,0,train
normal,7351,normal_0214,6,2022-07-12 00:27:02.023,0.6,-0.085405,-0.061727,-111.69721,0,train
normal,7352,normal_0214,7,2022-07-12 00:27:02.123,0.7,-0.046111,0.099137,-85.267792,0,train
normal,7353,normal_0214,8,2022-07-12 00:27:02.223,0.8,-0.10206,0.07928,-53.960091,0,train
normal,7354,normal_0214,9,2022-07-12 00:27:02.323,0.9,-0.018784,-0.054915,-4.960299,0,train
normal,7355,normal_0214,10,2022-07-12 00:27:02.423,1.0,0.0294,-0.047513,35.958414,0,train
normal,7356,normal_0214,11,2022-07-12 00:27:02.523,1.1,-0.052423,-0.058072,89.406501,0,train
normal,7357,normal_0214,12,2022-07-12 00:27:02.623,1.2,0.066809,0.046617,125.76474,0,train
normal,7358,normal_0214,13,2022-07-12 00:27:02.723,1.3,0.05684,0.080211,123.48987,0,train
normal,7359,normal_0214,14,2022-07-12 00:27:02.823,1.4,-0.081102,-0.100748,118.09052,0,train
normal,7360,normal_0214,15,2022-07-12 00:27:02.923,1.5,0.009282,-0.047627,95.109593,0,train
normal,7361,normal_0214,16,2022-07-12 00:27:03.023,1.6,-0.008214,0.038806,68.201908,0,train
normal,7362,normal_0214,17,2022-07-12 00:27:03.123,1.7,-0.087482,-0.022377,23.994091,0,train
normal,7363,normal_0214,18,2022-07-12 00:27:03.223,1.8,0.005331,0.051715,-19.931676,0,train
normal,7364,normal_0214,19,2022-07-12 00:27:03.323,1.9,-0.042399,0.022741,-67.318924,0,train
normal,7365,normal_0214,20,2022-07-12 00:27:03.423,2.0,-0.020316,-0.043744,-117.41353,0,train
normal,7366,normal_0214,21,2022-07-12 00:27:03.523,2.1,0.115003,0.009821,-123.37758,0,train
normal,7367,normal_0214,22,2022-07-12 00:27:03.623,2.2,-0.048211,-0.063873,-120.16346,0,train
normal,7368,normal_0215,0,2022-07-12 00:27:09.388,0.0,0.055315,0.118783,86.151253,0,train
normal,7369,normal_0215,1,2022-07-12 00:27:09.488,0.1,-0.037055,0.004569,133.40177,0,train
normal,7370,normal_0215,2,2022-07-12 00:27:09.588,0.2,-0.034557,-0.087914,159.07444,0,train
normal,7371,normal_0215,3,2022-07-12 00:27:09.688,0.3,0.048935,-0.085042,142.85244,0,train
normal,7372,normal_0215,4,2022-07-12 00:27:09.788,0.4,-0.051428,-0.038471,119.2515,0,train
normal,7373,normal_0215,5,2022-07-12 00:27:09.888,0.5,0.00594,0.12916,79.484472,0,train
normal,7374,normal_0215,6,2022-07-12 00:27:09.988,0.6,0.07935,0.131669,37.017469,0,train
normal,7375,normal_0215,7,2022-07-12 00:27:10.088,0.7,-0.027223,-0.041809,-20.115736,0,train
normal,7376,normal_0215,8,2022-07-12 00:27:10.188,0.8,0.014296,-0.106704,-72.649607,0,train
normal,7377,normal_0215,9,2022-07-12 00:27:10.288,0.9,-0.009625,-0.124472,-117.00429,0,train
normal,7378,normal_0215,10,2022-07-12 00:27:10.388,1.0,-0.071921,-0.004899,-156.51526,0,train
normal,7379,normal_0215,11,2022-07-12 00:27:10.488,1.1,0.067918,0.15785,-149.2597,0,train
normal,7380,normal_0216,0,2022-07-12 00:27:17.417,0.0,-0.064754,0.00561,-80.952058,0,train
normal,7381,normal_0216,1,2022-07-12 00:27:17.517,0.1,-0.097746,-0.031277,-47.741657,0,train
normal,7382,normal_0216,2,2022-07-12 00:27:17.617,0.2,-0.041956,0.02516,-8.1172,0,train
normal,7383,normal_0216,3,2022-07-12 00:27:17.717,0.3,-0.073041,0.014568,37.630562,0,train
normal,7384,normal_0216,4,2022-07-12 00:27:17.817,0.4,-0.007158,-0.012601,89.536081,0,train
normal,7385,normal_0216,5,2022-07-12 00:27:17.917,0.5,0.011143,0.064795,105.6688,0,train
normal,7386,normal_0216,6,2022-07-12 00:27:18.017,0.6,-0.071611,-0.048942,110.95907,0,train
normal,7387,normal_0216,7,2022-07-12 00:27:18.117,0.7,-0.086382,-0.073477,105.65711,0,train
normal,7388,normal_0216,8,2022-07-12 00:27:18.217,0.8,-0.106897,0.09781,88.1734,0,train
normal,7389,normal_0216,9,2022-07-12 00:27:18.317,0.9,-0.035508,-0.008684,60.688384,0,train
normal,7390,normal_0217,0,2022-07-12 00:27:27.011,0.0,0.012171,-0.103601,257.01228,0,train
normal,7391,normal_0217,1,2022-07-12 00:27:27.111,0.1,-0.082856,0.01512,224.88144,0,train
normal,7392,normal_0217,2,2022-07-12 00:27:27.211,0.2,0.08599,0.222828,173.47755,0,train
normal,7393,normal_0217,3,2022-07-12 00:27:27.311,0.3,0.16628,0.216516,95.920217,0,train
normal,7394,normal_0217,4,2022-07-12 00:27:27.411,0.4,-0.021719,-0.126716,11.478306,0,train
normal,7395,normal_0217,5,2022-07-12 00:27:27.511,0.5,-0.013805,-0.176046,-78.027854,0,train
normal,7396,normal_0217,6,2022-07-12 00:27:27.611,0.6,-0.045288,-0.078158,-158.77237,0,train
normal,7397,normal_0217,7,2022-07-12 00:27:27.711,0.7,-0.104109,0.076451,-220.52851,0,train
normal,7398,normal_0217,8,2022-07-12 00:27:27.811,0.8,0.10294,0.292708,-257.28789,0,train
normal,7399,normal_0217,9,2022-07-12 00:27:27.911,0.9,0.104655,0.094684,-237.06785,0,train
normal,7400,normal_0217,10,2022-07-12 00:27:28.011,1.0,-0.02559,-0.239465,-191.02874,0,train
normal,7401,normal_0217,11,2022-07-12 00:27:28.111,1.1,-0.091178,-0.185481,-122.39481,0,train
normal,7402,normal_0217,12,2022-07-12 00:27:28.211,1.2,-0.112091,0.007457,-38.264637,0,train
normal,7403,normal_0217,13,2022-07-12 00:27:28.311,1.3,0.008016,0.184046,48.137194,0,train
normal,7404,normal_0217,14,2022-07-12 00:27:28.411,1.4,0.022185,0.190903,135.35942,0,train
normal,7405,normal_0217,15,2022-07-12 00:27:28.511,1.5,0.015804,-0.10368,202.20079,0,train
normal,7406,normal_0217,16,2022-07-12 00:27:28.611,1.6,0.02055,-0.248707,252.03088,0,train
normal,7407,normal_0217,17,2022-07-12 00:27:28.711,1.7,-0.10168,-0.150842,250.77656,0,train
normal,7408,normal_0217,18,2022-07-12 00:27:28.811,1.8,-0.076226,0.061067,209.56471,0,train
normal,7409,normal_0217,19,2022-07-12 00:27:28.911,1.9,0.058844,0.255878,149.13799,0,train
normal,7410,normal_0217,20,2022-07-12 00:27:29.011,2.0,-0.067018,0.072852,66.213377,0,train
normal,7411,normal_0217,21,2022-07-12 00:27:29.111,2.1,-0.091257,-0.219972,-18.825056,0,train
normal,7412,normal_0217,22,2022-07-12 00:27:29.211,2.2,-0.006596,-0.214443,-109.57004,0,train
normal,7413,normal_0217,23,2022-07-12 00:27:29.311,2.3,-0.143142,-0.093882,-182.56309,0,train
normal,7414,normal_0217,24,2022-07-12 00:27:29.411,2.4,0.018801,0.146069,-238.86362,0,train
normal,7415,normal_0217,25,2022-07-12 00:27:29.511,2.5,0.198262,0.238189,-257.20182,0,train
normal,7416,normal_0217,26,2022-07-12 00:27:29.611,2.6,-0.009695,-0.109073,-223.51232,0,train
normal,7417,normal_0217,27,2022-07-12 00:27:29.711,2.7,-0.090383,-0.244143,-171.35098,0,train
normal,7418,normal_0217,28,2022-07-12 00:27:29.811,2.8,-0.080903,-0.090352,-93.605649,0,train
normal,7419,normal_0217,29,2022-07-12 00:27:29.911,2.9,-0.15303,0.005436,-8.769513,0,train
normal,7420,normal_0217,30,2022-07-12 00:27:30.011,3.0,0.005098,0.224259,81.156502,0,train
normal,7421,normal_0217,31,2022-07-12 00:27:30.111,3.1,0.180222,0.221511,162.16304,0,train
normal,7422,normal_0217,32,2022-07-12 00:27:30.211,3.2,0.052963,-0.170199,223.05682,0,train
normal,7423,normal_0217,33,2022-07-12 00:27:30.311,3.3,-0.052463,-0.265294,260.02959,0,train
normal,7424,normal_0217,34,2022-07-12 00:27:30.411,3.4,-0.037045,-0.023651,239.60414,0,train
normal,7425,normal_0217,35,2022-07-12 00:27:30.511,3.5,-0.027043,0.13601,192.23156,0,train
normal,7426,normal_0217,36,2022-07-12 00:27:30.611,3.6,-0.010172,0.192152,122.78606,0,train
normal,7427,normal_0217,37,2022-07-12 00:27:30.711,3.7,0.054541,0.041517,38.48124,0,train
normal,7428,normal_0217,38,2022-07-12 00:27:30.811,3.8,0.066349,-0.178918,-49.271947,0,train
normal,7429,normal_0217,39,2022-07-12 00:27:30.911,3.9,-0.0443,-0.169314,-138.07716,0,train
normal,7430,normal_0217,40,2022-07-12 00:27:31.011,4.0,-0.024773,0.019832,-203.0653,0,train
normal,7431,normal_0217,41,2022-07-12 00:27:31.111,4.1,0.113351,0.24776,-252.38076,0,train
normal,7432,normal_0217,42,2022-07-12 00:27:31.211,4.2,0.103349,0.194922,-250.42859,0,train
normal,7433,normal_0217,43,2022-07-12 00:27:31.311,4.3,0.003917,-0.102238,-207.06418,0,train
normal,7434,normal_0217,44,2022-07-12 00:27:31.411,4.4,0.012307,-0.173628,-146.99234,0,train
normal,7435,normal_0217,45,2022-07-12 00:27:31.511,4.5,-0.104893,-0.103896,-63.970931,0,train
normal,7436,normal_0217,46,2022-07-12 00:27:31.611,4.6,-0.096389,0.035874,20.84923,0,train
normal,7437,normal_0217,47,2022-07-12 00:27:31.711,4.7,0.220958,0.294536,111.98963,0,train
normal,7438,normal_0217,48,2022-07-12 00:27:31.811,4.8,0.100397,0.120603,184.19626,0,train
normal,7439,normal_0217,49,2022-07-12 00:27:31.911,4.9,-0.014305,-0.237479,239.88333,0,train
normal,7440,normal_0218,0,2022-07-12 00:27:33.464,0.0,0.00672,-0.045891,30.242208,0,train
normal,7441,normal_0218,1,2022-07-12 00:27:33.564,0.1,-0.042235,0.014463,-26.222947,0,train
normal,7442,normal_0218,2,2022-07-12 00:27:33.664,0.2,0.036035,0.14481,-70.091494,0,train
normal,7443,normal_0218,3,2022-07-12 00:27:33.764,0.3,-0.051851,-0.001772,-122.39744,0,train
normal,7444,normal_0218,4,2022-07-12 00:27:33.864,0.4,-0.007585,-0.095914,-144.80211,0,train
normal,7445,normal_0218,5,2022-07-12 00:27:33.964,0.5,0.065008,-0.0588,-133.29913,0,train
normal,7446,normal_0218,6,2022-07-12 00:27:34.064,0.6,-0.102339,-0.090623,-118.16432,0,train
normal,7447,normal_0218,7,2022-07-12 00:27:34.164,0.7,-0.013,0.098909,-84.524761,0,train
normal,7448,normal_0218,8,2022-07-12 00:27:34.264,0.8,0.0485,0.181833,-46.994692,0,train
normal,7449,normal_0218,9,2022-07-12 00:27:34.364,0.9,-0.100999,-0.064193,6.918431,0,train
normal,7450,normal_0218,10,2022-07-12 00:27:34.464,1.0,0.092279,-0.060469,53.573734,0,train
normal,7451,normal_0218,11,2022-07-12 00:27:34.564,1.1,-0.003123,-0.086161,103.10127,0,train
normal,7452,normal_0218,12,2022-07-12 00:27:34.664,1.2,-0.13624,-0.059606,142.94233,0,train
normal,7453,normal_0218,13,2022-07-12 00:27:34.764,1.3,0.128995,0.177133,137.60115,0,train
normal,7454,normal_0218,14,2022-07-12 00:27:34.864,1.4,-0.079508,0.018573,125.56638,0,train
normal,7455,normal_0218,15,2022-07-12 00:27:34.964,1.5,-0.050296,-0.115907,97.579729,0,train
normal,7456,normal_0218,16,2022-07-12 00:27:35.064,1.6,0.150714,0.011341,63.045152,0,train
normal,7457,normal_0218,17,2022-07-12 00:27:35.164,1.7,-0.127611,-0.066554,14.900686,0,train
normal,7458,normal_0218,18,2022-07-12 00:27:35.264,1.8,-0.015316,0.037374,-36.364798,0,train
normal,7459,normal_0218,19,2022-07-12 00:27:35.364,1.9,0.025113,0.178926,-80.346236,0,train
normal,7460,normal_0218,20,2022-07-12 00:27:35.464,2.0,-0.115974,-0.050001,-131.07862,0,train
normal,7461,normal_0218,21,2022-07-12 00:27:35.564,2.1,0.13189,-0.11006,-138.21305,0,train
normal,7462,normal_0218,22,2022-07-12 00:27:35.664,2.2,0.032946,-0.059776,-127.82158,0,train
normal,7463,normal_0218,23,2022-07-12 00:27:35.764,2.3,-0.071901,-0.022798,-108.45054,0,train
normal,7464,normal_0218,24,2022-07-12 00:27:35.864,2.4,0.114156,0.124771,-74.986467,0,train
normal,7465,normal_0218,25,2022-07-12 00:27:35.964,2.5,-0.100443,0.05278,-34.525518,0,train
normal,7466,normal_0218,26,2022-07-12 00:27:36.064,2.6,-0.052827,-0.053532,19.713404,0,train
normal,7467,normal_0218,27,2022-07-12 00:27:36.164,2.7,0.121809,-0.00637,62.00207,0,train
normal,7468,normal_0218,28,2022-07-12 00:27:36.264,2.8,-0.119857,-0.073252,115.33309,0,train
normal,7469,normal_0218,29,2022-07-12 00:27:36.364,2.9,0.007265,0.020696,139.98534,0,train
normal,7470,normal_0218,30,2022-07-12 00:27:36.464,3.0,0.091336,0.135284,130.67438,0,train
normal,7471,normal_0218,31,2022-07-12 00:27:36.564,3.1,-0.097298,-0.071356,118.07801,0,train
normal,7472,normal_0218,32,2022-07-12 00:27:36.664,3.2,0.104801,-0.055348,87.533723,0,train
normal,7473,normal_0218,33,2022-07-12 00:27:36.764,3.3,0.081277,0.02224,53.04814,0,train
normal,7474,normal_0218,34,2022-07-12 00:27:36.864,3.4,-0.13532,-0.057971,0.326633,0,train
normal,7475,normal_0218,35,2022-07-12 00:27:36.964,3.5,0.037522,0.095105,-44.794207,0,train
normal,7476,normal_0218,36,2022-07-12 00:27:37.064,3.6,-0.027896,0.089951,-93.877684,0,train
normal,7477,normal_0218,37,2022-07-12 00:27:37.164,3.7,-0.058856,-0.081688,-134.84039,0,train
normal,7478,normal_0218,38,2022-07-12 00:27:37.264,3.8,0.175078,-0.021709,-130.88192,0,train
normal,7479,normal_0218,39,2022-07-12 00:27:37.364,3.9,-0.032312,-0.076715,-122.30183,0,train
normal,7480,normal_0218,40,2022-07-12 00:27:37.464,4.0,-0.072616,-0.041497,-97.546351,0,train
normal,7481,normal_0218,41,2022-07-12 00:27:37.564,4.1,0.117392,0.177768,-65.596469,0,train
normal,7482,normal_0218,42,2022-07-12 00:27:37.664,4.2,-0.078145,0.015019,-19.945981,0,train
normal,7483,normal_0218,43,2022-07-12 00:27:37.764,4.3,0.00219,-0.067474,29.722217,0,train
normal,7484,normal_0218,44,2022-07-12 00:27:37.864,4.4,0.098262,0.02266,73.602328,0,train
normal,7485,normal_0218,45,2022-07-12 00:27:37.964,4.5,-0.129905,-0.084469,125.73387,0,train
normal,7486,normal_0218,46,2022-07-12 00:27:38.064,4.6,0.048387,0.063952,134.51327,0,train
normal,7487,normal_0218,47,2022-07-12 00:27:38.164,4.7,0.042835,0.120003,125.96072,0,train
normal,7488,normal_0218,48,2022-07-12 00:27:38.264,4.8,-0.093926,-0.09488,108.88852,0,train
normal,7489,normal_0218,49,2022-07-12 00:27:38.364,4.9,0.156867,-0.028804,78.063378,0,train
normal,7490,normal_0219,0,2022-07-12 00:27:41.443,0.0,0.000468,0.023211,52.507884,0,train
normal,7491,normal_0219,1,2022-07-12 00:27:41.543,0.1,0.013059,0.013833,102.82029,0,train
normal,7492,normal_0219,2,2022-07-12 00:27:41.643,0.2,0.113876,0.003309,115.30699,0,train
normal,7493,normal_0219,3,2022-07-12 00:27:41.743,0.3,0.035879,-0.035974,113.55711,0,train
normal,7494,normal_0219,4,2022-07-12 00:27:41.843,0.4,-0.000383,0.022246,104.54143,0,train
normal,7495,normal_0219,5,2022-07-12 00:27:41.943,0.5,0.06617,0.054115,81.987152,0,train
normal,7496,normal_0219,6,2022-07-12 00:27:42.043,0.6,-0.012906,0.001572,51.438457,0,train
normal,7497,normal_0219,7,2022-07-12 00:27:42.143,0.7,0.014024,0.01758,4.621268,0,train
normal,7498,normal_0219,8,2022-07-12 00:27:42.243,0.8,0.047312,-0.012858,-36.975627,0,train
normal,7499,normal_0219,9,2022-07-12 00:27:42.343,0.9,-0.046194,-0.012631,-89.101087,0,train
normal,7500,normal_0219,10,2022-07-12 00:27:42.443,1.0,-0.007025,0.065854,-115.32749,0,train
normal,7501,normal_0219,11,2022-07-12 00:27:42.543,1.1,0.012207,0.044782,-112.71287,0,train
normal,7502,normal_0219,12,2022-07-12 00:27:42.643,1.2,-0.033614,-0.007976,-108.61482,0,train
normal,7503,normal_0219,13,2022-07-12 00:27:42.743,1.3,0.022414,-0.004491,-87.716113,0,train
normal,7504,normal_0219,14,2022-07-12 00:27:42.843,1.4,0.034392,0.002219,-61.877139,0,train
normal,7505,normal_0219,15,2022-07-12 00:27:42.943,1.5,-0.014791,-0.003651,-18.049004,0,train
normal,7506,normal_0219,16,2022-07-12 00:27:43.043,1.6,0.033733,0.052071,24.962071,0,train
normal,7507,normal_0219,17,2022-07-12 00:27:43.143,1.7,0.036662,0.081431,73.827275,0,train
normal,7508,normal_0219,18,2022-07-12 00:27:43.243,1.8,-0.021977,-0.016094,114.47741,0,train
normal,7509,normal_0219,19,2022-07-12 00:27:43.343,1.9,0.007337,-0.066888,115.91317,0,train
normal,7510,normal_0219,20,2022-07-12 00:27:43.443,2.0,-0.057695,-0.051471,113.19233,0,train
normal,7511,normal_0219,21,2022-07-12 00:27:43.543,2.1,-0.073771,0.005795,96.447956,0,train
normal,7512,normal_0219,22,2022-07-12 00:27:43.643,2.2,0.058472,0.076719,72.50584,0,train
normal,7513,normal_0219,23,2022-07-12 00:27:43.743,2.3,-0.009341,-0.028594,33.825402,0,train
normal,7514,normal_0219,24,2022-07-12 00:27:43.843,2.4,-0.017209,-0.069545,-12.435319,0,train
normal,7515,normal_0219,25,2022-07-12 00:27:43.943,2.5,0.045098,3.9e-05,-56.037552,0,train
normal,7516,normal_0219,26,2022-07-12 00:27:44.043,2.6,-0.118764,-0.018864,-105.63661,0,train
normal,7517,normal_0219,27,2022-07-12 00:27:44.143,2.7,-0.02091,0.051197,-116.55654,0,train
normal,7518,normal_0219,28,2022-07-12 00:27:44.243,2.8,0.032428,0.013129,-113.46926,0,train
normal,7519,normal_0219,29,2022-07-12 00:27:44.343,2.9,-0.081798,-0.112006,-102.62812,0,train
normal,7520,normal_0219,30,2022-07-12 00:27:44.443,3.0,0.109959,-0.007125,-78.840504,0,train
normal,7521,normal_0219,31,2022-07-12 00:27:44.543,3.1,0.006928,0.024165,-47.238236,0,train
normal,7522,normal_0219,32,2022-07-12 00:27:44.643,3.2,-0.103516,0.026424,0.649452,0,train
normal,7523,normal_0219,33,2022-07-12 00:27:44.743,3.3,0.006837,0.065366,42.050724,0,train
normal,7524,normal_0219,34,2022-07-12 00:27:44.843,3.4,-0.159397,-0.092013,94.325792,0,train
normal,7525,normal_0219,35,2022-07-12 00:27:44.943,3.5,-0.054062,-0.081591,119.95472,0,train
normal,7526,normal_0219,36,2022-07-12 00:27:45.043,3.6,0.077398,0.021009,115.95596,0,train
normal,7527,normal_0219,37,2022-07-12 00:27:45.143,3.7,-0.073657,-0.032522,110.11399,0,train
normal,7528,normal_0220,0,2022-07-12 00:27:49.507,0.0,-0.026808,0.19943,85.244904,0,train
normal,7529,normal_0220,1,2022-07-12 00:27:49.607,0.1,0.025645,0.243878,5.722047,0,train
normal,7530,normal_0220,2,2022-07-12 00:27:49.707,0.2,0.04524,-0.122344,-79.269061,0,train
normal,7531,normal_0220,3,2022-07-12 00:27:49.807,0.3,-0.024219,-0.266724,-153.65579,0,train
normal,7532,normal_0220,4,2022-07-12 00:27:49.907,0.4,-0.043906,-0.083459,-212.20424,0,train
normal,7533,normal_0220,5,2022-07-12 00:27:50.007,0.5,0.038474,0.102189,-240.31177,0,train
normal,7534,normal_0220,6,2022-07-12 00:27:50.107,0.6,0.053222,0.265018,-222.09718,0,train
normal,7535,normal_0220,7,2022-07-12 00:27:50.207,0.7,0.03911,0.092823,-179.16467,0,train
normal,7536,normal_0220,8,2022-07-12 00:27:50.307,0.8,0.015801,-0.229769,-110.46113,0,train
normal,7537,normal_0220,9,2022-07-12 00:27:50.407,0.9,-0.066782,-0.218666,-30.65658,0,train
normal,7538,normal_0220,10,2022-07-12 00:27:50.507,1.0,-0.059005,-0.032131,53.614861,0,train
normal,7539,normal_0220,11,2022-07-12 00:27:50.607,1.1,0.103267,0.246024,134.01903,0,train
normal,7540,normal_0220,12,2022-07-12 00:27:50.707,1.2,0.089291,0.250849,198.01512,0,train
normal,7541,normal_0220,13,2022-07-12 00:27:50.807,1.3,-0.008324,-0.088591,239.76603,0,train
normal,7542,normal_0220,14,2022-07-12 00:27:50.907,1.4,0.038292,-0.179837,234.63109,0,train
normal,7543,normal_0220,15,2022-07-12 00:27:51.007,1.5,-0.104498,-0.153078,198.1652,0,train
normal,7544,normal_0220,16,2022-07-12 00:27:51.107,1.6,-0.105338,0.008025,136.66631,0,train
normal,7545,normal_0220,17,2022-07-12 00:27:51.207,1.7,0.190221,0.34994,58.063991,0,train
normal,7546,normal_0220,18,2022-07-12 00:27:51.307,1.8,0.121284,0.131969,-24.539712,0,train
normal,7547,normal_0220,19,2022-07-12 00:27:51.407,1.9,0.019287,-0.253895,-109.62058,0,train
normal,7548,normal_0220,20,2022-07-12 00:27:51.507,2.0,0.047511,-0.150194,-179.03735,0,train
normal,7549,normal_0220,21,2022-07-12 00:27:51.607,2.1,-0.124071,-0.067803,-231.27332,0,train
normal,7550,normal_0220,22,2022-07-12 00:27:51.707,2.2,-0.077897,0.116097,-241.75528,0,train
normal,7551,normal_0220,23,2022-07-12 00:27:51.807,2.3,0.113042,0.345172,-212.26242,0,train
normal,7552,normal_0221,0,2022-07-12 00:27:57.407,0.0,0.010377,0.184274,8.862735,0,train
normal,7553,normal_0221,1,2022-07-12 00:27:57.507,0.1,-0.036285,-0.003611,-45.410519,0,train
normal,7554,normal_0221,2,2022-07-12 00:27:57.607,0.2,0.062977,-0.131392,-88.313829,0,train
normal,7555,normal_0221,3,2022-07-12 00:27:57.707,0.3,0.06594,-0.107664,-140.82994,0,train
normal,7556,normal_0221,4,2022-07-12 00:27:57.807,0.4,-0.038726,0.005778,-149.91309,0,train
normal,7557,normal_0221,5,2022-07-12 00:27:57.907,0.5,0.032663,0.143663,-135.06688,0,train
normal,7558,normal_0221,6,2022-07-12 00:27:58.007,0.6,-0.056607,0.066927,-111.66967,0,train
normal,7559,normal_0221,7,2022-07-12 00:27:58.107,0.7,-0.073115,-0.0578,-73.155889,0,train
normal,7560,normal_0221,8,2022-07-12 00:27:58.207,0.8,0.090406,-0.083175,-28.13721,0,train
normal,7561,normal_0221,9,2022-07-12 00:27:58.307,0.9,-0.025443,-0.094835,29.634479,0,train
normal,7562,normal_0221,10,2022-07-12 00:27:58.407,1.0,0.010536,0.058718,71.75053,0,train
normal,7563,normal_0221,11,2022-07-12 00:27:58.507,1.1,0.09396,0.140371,124.532,0,train
normal,7564,normal_0221,12,2022-07-12 00:27:58.607,1.2,-0.071628,-0.004406,152.24983,0,train
normal,7565,normal_0221,13,2022-07-12 00:27:58.707,1.3,0.048354,-0.041701,140.09632,0,train
normal,7566,normal_0222,0,2022-07-12 00:28:07.313,0.0,-0.049629,-0.161609,252.46111,0,train
normal,7567,normal_0222,1,2022-07-12 00:28:07.413,0.1,-0.172358,-0.04089,245.40165,0,train
normal,7568,normal_0222,2,2022-07-12 00:28:07.513,0.2,0.115289,0.2613,207.4708,0,train
normal,7569,normal_0222,3,2022-07-12 00:28:07.613,0.3,0.218604,0.23177,137.05672,0,train
normal,7570,normal_0222,4,2022-07-12 00:28:07.713,0.4,-0.033121,-0.152527,53.099996,0,train
normal,7571,normal_0222,5,2022-07-12 00:28:07.813,0.5,0.05129,-0.204229,-34.050588,0,train
normal,7572,normal_0222,6,2022-07-12 00:28:07.913,0.6,-0.068963,-0.073962,-119.27356,0,train
normal,7573,normal_0222,7,2022-07-12 00:28:08.013,0.7,-0.101127,0.103978,-190.12453,0,train
normal,7574,normal_0222,8,2022-07-12 00:28:08.113,0.8,0.157671,0.30786,-243.33218,0,train
normal,7575,normal_0222,9,2022-07-12 00:28:08.213,0.9,0.013393,0.081691,-250.83175,0,train
normal,7576,normal_0222,10,2022-07-12 00:28:08.313,1.0,-0.039104,-0.248814,-222.34311,0,train
normal,7577,normal_0222,11,2022-07-12 00:28:08.413,1.1,0.002392,-0.171441,-163.23795,0,train
normal,7578,normal_0222,12,2022-07-12 00:28:08.513,1.2,-0.036164,0.014707,-80.29593,0,train
normal,7579,normal_0222,13,2022-07-12 00:28:08.613,1.3,0.040198,0.182304,6.368042,0,train
normal,7580,normal_0222,14,2022-07-12 00:28:08.713,1.4,0.032932,0.220054,95.102918,0,train
normal,7581,normal_0222,15,2022-07-12 00:28:08.813,1.5,-0.024107,-0.083476,170.63214,0,train
normal,7582,normal_0222,16,2022-07-12 00:28:08.913,1.6,-0.112299,-0.319533,232.53467,0,train
normal,7583,normal_0222,17,2022-07-12 00:28:09.013,1.7,-0.091397,-0.135826,256.43614,0,train
normal,7584,normal_0222,18,2022-07-12 00:28:09.113,1.8,0.079049,0.149504,237.23677,0,train
normal,7585,normal_0222,19,2022-07-12 00:28:09.213,1.9,0.081184,0.230589,188.3836,0,train
normal,7586,normal_0222,20,2022-07-12 00:28:09.313,2.0,-0.015172,0.06339,109.25199,0,train
normal,7587,normal_0222,21,2022-07-12 00:28:09.413,2.1,-0.036357,-0.159191,23.864749,0,train
normal,7588,normal_0222,22,2022-07-12 00:28:09.513,2.2,-0.122539,-0.213914,-65.695532,0,train
normal,7589,normal_0222,23,2022-07-12 00:28:09.613,2.3,-0.153046,-0.126766,-146.51265,0,train
normal,7590,normal_0222,24,2022-07-12 00:28:09.713,2.4,0.016197,0.133303,-213.29489,0,train
normal,7591,normal_0222,25,2022-07-12 00:28:09.813,2.5,0.150416,0.262628,-252.99051,0,train
normal,7592,normal_0222,26,2022-07-12 00:28:09.913,2.6,0.06538,-0.037745,-245.48486,0,train
normal,7593,normal_0222,27,2022-07-12 00:28:10.013,2.7,-0.050026,-0.223155,-207.94478,0,train
normal,7594,normal_0222,28,2022-07-12 00:28:10.113,2.8,-0.091534,-0.126437,-137.72799,0,train
normal,7595,normal_0222,29,2022-07-12 00:28:10.213,2.9,-0.199015,-0.024893,-52.093631,0,train
normal,7596,normal_0222,30,2022-07-12 00:28:10.313,3.0,-0.013514,0.218419,37.310128,0,train
normal,7597,normal_0222,31,2022-07-12 00:28:10.413,3.1,0.163529,0.226037,123.39713,0,train
normal,7598,normal_0222,32,2022-07-12 00:28:10.513,3.2,-0.03001,-0.183691,194.5503,0,train
normal,7599,normal_0222,33,2022-07-12 00:28:10.613,3.3,0.000939,-0.229854,246.98284,0,train
normal,7600,normal_0222,34,2022-07-12 00:28:10.713,3.4,-0.0259,-0.051051,253.43457,0,train
normal,7601,normal_0222,35,2022-07-12 00:28:10.813,3.5,-0.142987,0.039355,224.9358,0,train
normal,7602,normal_0222,36,2022-07-12 00:28:10.913,3.6,0.057092,0.28496,164.79375,0,train
normal,7603,normal_0222,37,2022-07-12 00:28:11.013,3.7,0.075927,0.127536,81.366429,0,train
normal,7604,normal_0222,38,2022-07-12 00:28:11.113,3.8,-0.082531,-0.267671,-5.010009,0,train
normal,7605,normal_0222,39,2022-07-12 00:28:11.213,3.9,-0.035676,-0.210746,-94.498169,0,train
normal,7606,normal_0222,40,2022-07-12 00:28:11.313,4.0,-0.003353,-0.011122,-170.26522,0,train
normal,7607,normal_0222,41,2022-07-12 00:28:11.413,4.1,0.068672,0.167045,-232.09336,0,train
normal,7608,normal_0222,42,2022-07-12 00:28:11.513,4.2,0.153606,0.268532,-255.84367,0,train
normal,7609,normal_0222,43,2022-07-12 00:28:11.613,4.3,0.035135,-0.036894,-236.38466,0,train
normal,7610,normal_0222,44,2022-07-12 00:28:11.713,4.4,-0.051116,-0.319079,-188.23364,0,train
normal,7611,normal_0222,45,2022-07-12 00:28:11.813,4.5,-0.141988,-0.159611,-109.60008,0,train
normal,7612,normal_0222,46,2022-07-12 00:28:11.913,4.6,-0.012084,0.105204,-23.476365,0,train
normal,7613,normal_0222,47,2022-07-12 00:28:12.013,4.7,0.202834,0.306702,67.008742,0,train
normal,7614,normal_0222,48,2022-07-12 00:28:12.113,4.8,0.079674,0.160483,148.72219,0,train
normal,7615,normal_0222,49,2022-07-12 00:28:12.213,4.9,0.073713,-0.173224,215.88853,0,train
normal,7616,normal_0223,0,2022-07-12 00:28:14.008,0.0,-0.120939,-0.079452,-66.923507,0,train
normal,7617,normal_0223,1,2022-07-12 00:28:14.108,0.1,-0.058961,0.085386,-110.35837,0,train
normal,7618,normal_0223,2,2022-07-12 00:28:14.208,0.2,0.085191,0.15388,-161.76357,0,train
normal,7619,normal_0223,3,2022-07-12 00:28:14.308,0.3,0.023146,-0.032938,-160.90776,0,train
normal,7620,normal_0223,4,2022-07-12 00:28:14.408,0.4,0.118547,-0.08522,-138.89422,0,train
normal,7621,normal_0223,5,2022-07-12 00:28:14.508,0.5,-0.017329,-0.113841,-108.64104,0,train
normal,7622,normal_0223,6,2022-07-12 00:28:14.608,0.6,-0.134074,-0.032779,-64.146288,0,train
normal,7623,normal_0223,7,2022-07-12 00:28:14.708,0.7,0.063052,0.200883,-12.076737,0,train
normal,7624,normal_0223,8,2022-07-12 00:28:14.808,0.8,-0.056668,0.085409,50.369507,0,train
normal,7625,normal_0223,9,2022-07-12 00:28:14.908,0.9,0.001427,-0.068803,93.631756,0,train
normal,7626,normal_0223,10,2022-07-12 00:28:15.008,1.0,0.132444,-0.098628,147.72906,0,train
normal,7627,normal_0223,11,2022-07-12 00:28:15.108,1.1,-0.104738,-0.133085,167.14086,0,train
normal,7628,normal_0223,12,2022-07-12 00:28:15.208,1.2,0.030446,0.08668,146.84345,0,train
normal,7629,normal_0223,13,2022-07-12 00:28:15.308,1.3,0.087734,0.184148,122.75197,0,train
normal,7630,normal_0223,14,2022-07-12 00:28:15.408,1.4,-0.099186,-0.007359,80.101619,0,train
normal,7631,normal_0223,15,2022-07-12 00:28:15.508,1.5,0.079367,-0.080939,32.975439,0,train
normal,7632,normal_0223,16,2022-07-12 00:28:15.608,1.6,-0.01088,-0.128305,-30.0535,0,train
normal,7633,normal_0223,17,2022-07-12 00:28:15.708,1.7,-0.157087,-0.06123,-78.829894,0,train
normal,7634,normal_0223,18,2022-07-12 00:28:15.808,1.8,0.089131,0.180083,-129.1721,0,train
normal,7635,normal_0223,19,2022-07-12 00:28:15.908,1.9,0.024315,0.108206,-165.7727,0,train
normal,7636,normal_0223,20,2022-07-12 00:28:16.008,2.0,-0.022744,-0.096879,-151.549,0,train
normal,7637,normal_0223,21,2022-07-12 00:28:16.108,2.1,0.090834,-0.100183,-130.63313,0,train
normal,7638,normal_0223,22,2022-07-12 00:28:16.208,2.2,-0.087753,-0.080111,-93.383323,0,train
normal,7639,normal_0223,23,2022-07-12 00:28:16.308,2.3,-0.062776,0.06025,-48.669582,0,train
normal,7640,normal_0223,24,2022-07-12 00:28:16.408,2.4,0.043366,0.174952,8.77905,0,train
normal,7641,normal_0223,25,2022-07-12 00:28:16.508,2.5,-0.052637,0.009943,64.146169,0,train
normal,7642,normal_0223,26,2022-07-12 00:28:16.608,2.6,0.034056,-0.114227,111.71092,0,train
normal,7643,normal_0223,27,2022-07-12 00:28:16.708,2.7,0.058988,-0.095994,160.64538,0,train
normal,7644,normal_0223,28,2022-07-12 00:28:16.808,2.8,-0.04838,-0.019121,160.15567,0,train
normal,7645,normal_0223,29,2022-07-12 00:28:16.908,2.9,0.012315,0.130867,140.41175,0,train
normal,7646,normal_0223,30,2022-07-12 00:28:17.008,3.0,-0.015308,0.101371,109.2775,0,train
normal,7647,normal_0223,31,2022-07-12 00:28:17.108,3.1,-0.04922,-0.045404,64.972647,0,train
normal,7648,normal_0223,32,2022-07-12 00:28:17.208,3.2,0.053606,-0.081643,13.040187,0,train
normal,7649,normal_0223,33,2022-07-12 00:28:17.308,3.3,-0.070734,-0.101739,-47.314173,0,train
normal,7650,normal_0223,34,2022-07-12 00:28:17.408,3.4,-0.096495,0.026882,-94.188105,0,train
normal,7651,normal_0223,35,2022-07-12 00:28:17.508,3.5,0.088529,0.178006,-146.42598,0,train
normal,7652,normal_0223,36,2022-07-12 00:28:17.608,3.6,-0.004102,0.031594,-162.34138,0,train
normal,7653,normal_0223,37,2022-07-12 00:28:17.708,3.7,0.053186,-0.082915,-145.57018,0,train
normal,7654,normal_0223,38,2022-07-12 00:28:17.808,3.8,0.102868,-0.085992,-121.16899,0,train
normal,7655,normal_0223,39,2022-07-12 00:28:17.908,3.9,-0.199095,-0.098128,-78.833589,0,train
normal,7656,normal_0223,40,2022-07-12 00:28:18.008,4.0,-0.053126,0.098737,-32.940034,0,train
normal,7657,normal_0223,41,2022-07-12 00:28:18.108,4.1,0.072305,0.179141,26.292208,0,train
normal,7658,normal_0223,42,2022-07-12 00:28:18.208,4.2,-0.081032,-0.013955,75.924048,0,train
normal,7659,normal_0223,43,2022-07-12 00:28:18.308,4.3,0.144978,-0.095721,128.3467,0,train
normal,7660,normal_0223,44,2022-07-12 00:28:18.408,4.4,0.04709,-0.110356,162.22717,0,train
normal,7661,normal_0223,45,2022-07-12 00:28:18.508,4.5,-0.141511,-0.010674,151.69098,0,train
normal,7662,normal_0223,46,2022-07-12 00:28:18.608,4.6,0.101074,0.164291,132.35439,0,train
normal,7663,normal_0223,47,2022-07-12 00:28:18.708,4.7,0.01513,0.078699,94.449412,0,train
normal,7664,normal_0223,48,2022-07-12 00:28:18.808,4.8,-0.025934,-0.068826,51.119095,0,train
normal,7665,normal_0223,49,2022-07-12 00:28:18.908,4.9,0.117582,-0.094961,-4.952312,0,train
normal,7666,normal_0224,0,2022-07-12 00:28:21.540,0.0,-0.071044,-0.044234,88.928949,0,train
normal,7667,normal_0224,1,2022-07-12 00:28:21.640,0.1,-0.015958,0.047579,61.974294,0,train
normal,7668,normal_0224,2,2022-07-12 00:28:21.740,0.2,0.003388,0.175962,20.75887,0,train
normal,7669,normal_0224,3,2022-07-12 00:28:21.840,0.3,-0.005956,-0.008256,-19.134881,0,train
normal,7670,normal_0224,4,2022-07-12 00:28:21.940,0.4,0.024845,-0.05796,-72.993764,0,train
normal,7671,normal_0224,5,2022-07-12 00:28:22.040,0.5,-0.046044,0.060454,-102.70132,0,train
normal,7672,normal_0224,6,2022-07-12 00:28:22.140,0.6,-0.089743,-0.012899,-107.16595,0,train
normal,7673,normal_0224,7,2022-07-12 00:28:22.240,0.7,-0.076187,-0.048117,-108.99676,0,train
normal,7674,normal_0224,8,2022-07-12 00:28:22.340,0.8,-0.107806,0.028847,-94.088923,0,train
normal,7675,normal_0224,9,2022-07-12 00:28:22.440,0.9,-0.008703,0.004505,-72.436222,0,train
normal,7676,normal_0224,10,2022-07-12 00:28:22.540,1.0,0.037811,-0.06995,-34.178976,0,train
normal,7677,normal_0224,11,2022-07-12 00:28:22.640,1.1,-0.02059,-0.157472,4.848481,0,train
normal,7678,normal_0224,12,2022-07-12 00:28:22.740,1.2,0.002559,-0.084822,55.349237,0,train
normal,7679,normal_0224,13,2022-07-12 00:28:22.840,1.3,-0.016219,0.06856,98.761332,0,train
normal,7680,normal_0224,14,2022-07-12 00:28:22.940,1.4,-0.022305,-0.063024,106.96472,0,train
normal,7681,normal_0224,15,2022-07-12 00:28:23.040,1.5,-0.032795,-0.111468,111.61364,0,train
normal,7682,normal_0224,16,2022-07-12 00:28:23.140,1.6,-0.084872,0.023238,101.55715,0,train
normal,7683,normal_0224,17,2022-07-12 00:28:23.240,1.7,-0.048417,-0.050138,82.634936,0,train
normal,7684,normal_0224,18,2022-07-12 00:28:23.340,1.8,0.008588,-0.058744,49.250132,0,train
normal,7685,normal_0224,19,2022-07-12 00:28:23.440,1.9,-0.003924,0.010852,8.352877,0,train
normal,7686,normal_0224,20,2022-07-12 00:28:23.540,2.0,0.007554,-0.080122,-36.166434,0,train
normal,7687,normal_0224,21,2022-07-12 00:28:23.640,2.1,0.011801,-0.07935,-87.765466,0,train
normal,7688,normal_0224,22,2022-07-12 00:28:23.740,2.2,-0.059884,-0.022936,-103.9678,0,train
normal,7689,normal_0224,23,2022-07-12 00:28:23.840,2.3,-0.052368,0.028949,-108.84906,0,train
normal,7690,normal_0224,24,2022-07-12 00:28:23.940,2.4,-0.014846,0.133876,-105.22879,0,train
normal,7691,normal_0224,25,2022-07-12 00:28:24.040,2.5,-0.071884,0.074157,-87.770592,0,train
normal,7692,normal_0224,26,2022-07-12 00:28:24.140,2.6,-0.047747,-0.062207,-61.352022,0,train
normal,7693,normal_0224,27,2022-07-12 00:28:24.240,2.7,-0.030661,-0.076625,-20.433786,0,train
normal,7694,normal_0224,28,2022-07-12 00:28:24.340,2.8,-0.041378,-0.048969,19.27984,0,train
normal,7695,normal_0224,29,2022-07-12 00:28:24.440,2.9,0.084257,0.008876,73.373923,0,train
normal,7696,normal_0224,30,2022-07-12 00:28:24.540,3.0,0.101469,0.006742,103.44578,0,train
normal,7697,normal_0224,31,2022-07-12 00:28:24.640,3.1,0.071087,-0.07499,108.12534,0,train
normal,7698,normal_0224,32,2022-07-12 00:28:24.740,3.2,0.055953,-0.029305,110.04199,0,train
normal,7699,normal_0224,33,2022-07-12 00:28:24.840,3.3,-0.048951,0.029834,95.01518,0,train
normal,7700,normal_0224,34,2022-07-12 00:28:24.940,3.4,-0.039721,0.035976,73.237666,0,train
normal,7701,normal_0224,35,2022-07-12 00:28:25.040,3.5,0.003501,0.096467,34.105067,0,train
normal,7702,normal_0224,36,2022-07-12 00:28:25.140,3.6,0.025379,0.06302,-5.231381,0,train
normal,7703,normal_0224,37,2022-07-12 00:28:25.240,3.7,0.104069,0.00102,-55.233724,0,train
normal,7704,normal_0224,38,2022-07-12 00:28:25.340,3.8,0.080068,0.021785,-97.931039,0,train
normal,7705,normal_0224,39,2022-07-12 00:28:25.440,3.9,0.00433,-0.033494,-105.35456,0,train
normal,7706,normal_0225,0,2022-07-12 00:28:29.532,0.0,0.066381,0.190526,-133.35265,0,train
normal,7707,normal_0225,1,2022-07-12 00:28:29.632,0.1,-0.031892,-0.173198,-55.196888,0,train
normal,7708,normal_0225,2,2022-07-12 00:28:29.732,0.2,-0.030598,-0.19477,25.8894,0,train
normal,7709,normal_0225,3,2022-07-12 00:28:29.832,0.3,-0.066577,-0.084484,109.2601,0,train
normal,7710,normal_0225,4,2022-07-12 00:28:29.932,0.4,-0.014726,0.086916,178.25105,0,train
normal,7711,normal_0225,5,2022-07-12 00:28:30.032,0.5,0.083956,0.263074,232.29614,0,train
normal,7712,normal_0225,6,2022-07-12 00:28:30.132,0.6,0.100941,0.079764,244.84959,0,train
normal,7713,normal_0225,7,2022-07-12 00:28:30.232,0.7,0.001441,-0.202887,215.53006,0,train
normal,7714,normal_0225,8,2022-07-12 00:28:30.332,0.8,-0.114692,-0.191818,159.98306,0,train
normal,7715,normal_0225,9,2022-07-12 00:28:30.432,0.9,-0.080008,-0.004852,82.908163,0,train
normal,7716,normal_0225,10,2022-07-12 00:28:30.532,1.0,0.01142,0.216911,2.4364,0,train
normal,7717,normal_0225,11,2022-07-12 00:28:30.632,1.1,0.025146,0.210587,-83.612094,0,train
normal,7718,normal_0225,12,2022-07-12 00:28:30.732,1.2,0.048897,-0.123482,-158.06117,0,train
normal,7719,normal_0225,13,2022-07-12 00:28:30.832,1.3,0.009899,-0.287174,-217.72483,0,train
normal,7720,normal_0225,14,2022-07-12 00:28:30.932,1.4,-0.090498,-0.159983,-246.17746,0,train
normal,7721,normal_0225,15,2022-07-12 00:28:31.032,1.5,0.012624,0.100415,-226.77567,0,train
normal,7722,normal_0225,16,2022-07-12 00:28:31.132,1.6,0.076963,0.288153,-180.12109,0,train
normal,7723,normal_0225,17,2022-07-12 00:28:31.232,1.7,-0.076715,0.067548,-108.04607,0,train
normal,7724,normal_0225,18,2022-07-12 00:28:31.332,1.8,-0.047174,-0.184063,-28.473381,0,train
normal,7725,normal_0225,19,2022-07-12 00:28:31.432,1.9,-0.038784,-0.179431,55.812962,0,train
normal,7726,normal_0225,20,2022-07-12 00:28:31.532,2.0,-0.165566,-0.123687,136.01698,0,train
normal,7727,normal_0225,21,2022-07-12 00:28:31.632,2.1,0.062124,0.153503,200.50945,0,train
normal,7728,normal_0225,22,2022-07-12 00:28:31.732,2.2,0.20748,0.276084,243.97066,0,train
normal,7729,normal_0225,23,2022-07-12 00:28:31.832,2.3,0.009309,-0.11566,239.14328,0,train
normal,7730,normal_0225,24,2022-07-12 00:28:31.932,2.4,-0.026988,-0.250877,200.68374,0,train
normal,7731,normal_0225,25,2022-07-12 00:28:32.032,2.5,-0.07776,-0.078978,136.06633,0,train
normal,7732,normal_0225,26,2022-07-12 00:28:32.132,2.6,-0.178168,0.025177,56.658394,0,train
normal,7733,normal_0225,27,2022-07-12 00:28:32.232,2.7,-0.034084,0.242365,-26.008371,0,train
normal,7734,normal_0225,28,2022-07-12 00:28:32.332,2.8,0.072614,0.198496,-111.26365,0,train
normal,7735,normal_0226,0,2022-07-12 00:28:37.546,0.0,0.015915,0.099187,-165.87879,0,train
normal,7736,normal_0226,1,2022-07-12 00:28:37.646,0.1,0.066289,0.196224,-129.69329,0,train
normal,7737,normal_0226,2,2022-07-12 00:28:37.746,0.2,-0.000321,0.035416,-73.757657,0,train
normal,7738,normal_0226,3,2022-07-12 00:28:37.846,0.3,0.051246,-0.129888,-15.250565,0,train
normal,7739,normal_0226,4,2022-07-12 00:28:37.946,0.4,-0.023742,-0.165332,60.597189,0,train
normal,7740,normal_0226,5,2022-07-12 00:28:38.046,0.5,-0.144553,-0.070896,115.89433,0,train
normal,7741,normal_0226,6,2022-07-12 00:28:38.146,0.6,0.137156,0.221678,161.21783,0,train
normal,7742,normal_0226,7,2022-07-12 00:28:38.246,0.7,0.081843,0.155443,200.76003,0,train
normal,7743,normal_0226,8,2022-07-12 00:28:38.346,0.8,-0.032064,-0.065798,176.48151,0,train
normal,7744,normal_0226,9,2022-07-12 00:28:38.446,0.9,0.152778,-0.08343,141.84286,0,train
normal,7745,normal_0226,10,2022-07-12 00:28:38.546,1.0,-0.160776,-0.166127,94.711196,0,train
normal,7746,normal_0226,11,2022-07-12 00:28:38.646,1.1,-0.096914,0.042625,39.546494,0,train
normal,7747,normal_0226,12,2022-07-12 00:28:38.746,1.2,0.183001,0.269952,-30.338291,0,train
normal,7748,normal_0226,13,2022-07-12 00:28:38.846,1.3,-0.036152,-0.009236,-97.745907,0,train
normal,7749,normal_0226,14,2022-07-12 00:28:38.946,1.4,0.081673,-0.133555,-139.35901,0,train
normal,7750,normal_0227,0,2022-07-12 00:28:45.484,0.0,-0.043832,-0.055256,-51.379329,0,train
normal,7751,normal_0227,1,2022-07-12 00:28:45.584,0.1,0.055373,0.053963,-97.632777,0,train
normal,7752,normal_0228,0,2022-07-12 00:28:54.024,0.0,-0.031519,-0.256254,34.016375,0,train
normal,7753,normal_0228,1,2022-07-12 00:28:54.124,0.1,-0.053817,-0.14732,-53.212649,0,train
normal,7754,normal_0228,2,2022-07-12 00:28:54.224,0.2,-0.042521,0.000534,-139.33696,0,train
normal,7755,normal_0228,3,2022-07-12 00:28:54.324,0.3,0.057468,0.199738,-195.36259,0,train
normal,7756,normal_0228,4,2022-07-12 00:28:54.424,0.4,0.052415,0.238919,-245.32071,0,train
normal,7757,normal_0228,5,2022-07-12 00:28:54.524,0.5,0.049884,-0.098557,-244.47372,0,train
normal,7758,normal_0228,6,2022-07-12 00:28:54.624,0.6,-0.009789,-0.260648,-197.76776,0,train
normal,7759,normal_0228,7,2022-07-12 00:28:54.724,0.7,-0.206814,-0.14615,-138.65687,0,train
normal,7760,normal_0228,8,2022-07-12 00:28:54.824,0.8,0.005924,0.140327,-59.423811,0,train
normal,7761,normal_0228,9,2022-07-12 00:28:54.924,0.9,0.121761,0.310614,24.622801,0,train
normal,7762,normal_0228,10,2022-07-12 00:28:55.024,1.0,-0.073583,0.02701,116.93229,0,train
normal,7763,normal_0228,11,2022-07-12 00:28:55.124,1.1,0.070581,-0.158298,180.21443,0,train
normal,7764,normal_0228,12,2022-07-12 00:28:55.224,1.2,-0.04268,-0.179336,232.07,0,train
normal,7765,normal_0228,13,2022-07-12 00:28:55.324,1.3,-0.240181,-0.158832,254.22564,0,train
normal,7766,normal_0228,14,2022-07-12 00:28:55.424,1.4,0.094241,0.224625,215.3503,0,train
normal,7767,normal_0228,15,2022-07-12 00:28:55.524,1.5,0.115176,0.261228,161.24084,0,train
normal,7768,normal_0228,16,2022-07-12 00:28:55.624,1.6,-0.0259,-0.165133,86.650263,0,train
normal,7769,normal_0228,17,2022-07-12 00:28:55.724,1.7,0.091357,-0.18415,6.095649,0,train
normal,7770,normal_0228,18,2022-07-12 00:28:55.824,1.8,-0.059687,-0.092903,-86.014996,0,train
normal,7771,normal_0228,19,2022-07-12 00:28:55.924,1.9,-0.155781,-0.013442,-161.32941,0,train
normal,7772,normal_0228,20,2022-07-12 00:28:56.024,2.0,0.004312,0.278723,-211.95343,0,train
normal,7773,normal_0228,21,2022-07-12 00:28:56.124,2.1,0.051314,0.14841,-253.0655,0,train
normal,7774,normal_0228,22,2022-07-12 00:28:56.224,2.2,0.021444,-0.22627,-229.99325,0,train
normal,7775,normal_0228,23,2022-07-12 00:28:56.324,2.3,0.026746,-0.194912,-179.33407,0,train
normal,7776,normal_0228,24,2022-07-12 00:28:56.424,2.4,0.025781,-0.038385,-112.68689,0,train
normal,7777,normal_0228,25,2022-07-12 00:28:56.524,2.5,-0.00107,0.110161,-31.184677,0,train
normal,7778,normal_0228,26,2022-07-12 00:28:56.624,2.6,0.021807,0.249943,56.86105,0,train
normal,7779,normal_0228,27,2022-07-12 00:28:56.724,2.7,0.031151,0.028043,143.77488,0,train
normal,7780,normal_0228,28,2022-07-12 00:28:56.824,2.8,-0.026694,-0.239917,196.85926,0,train
normal,7781,normal_0228,29,2022-07-12 00:28:56.924,2.9,-0.085095,-0.170798,246.36164,0,train
normal,7782,normal_0228,30,2022-07-12 00:28:57.024,3.0,0.006185,0.029008,246.05885,0,train
normal,7783,normal_0228,31,2022-07-12 00:28:57.124,3.1,0.140335,0.260513,197.755,0,train
normal,7784,normal_0228,32,2022-07-12 00:28:57.224,3.2,0.063871,0.167927,138.24572,0,train
normal,7785,normal_0228,33,2022-07-12 00:28:57.324,3.3,0.039711,-0.11561,58.963187,0,train
normal,7786,normal_0228,34,2022-07-12 00:28:57.424,3.4,-0.002046,-0.165428,-24.358872,0,train
normal,7787,normal_0228,35,2022-07-12 00:28:57.524,3.5,-0.193122,-0.186148,-117.75018,0,train
normal,7788,normal_0228,36,2022-07-12 00:28:57.624,3.6,-0.031656,0.053066,-179.43432,0,train
normal,7789,normal_0228,37,2022-07-12 00:28:57.724,3.7,0.185918,0.331539,-229.99003,0,train
normal,7790,normal_0228,38,2022-07-12 00:28:57.824,3.8,0.070331,0.051181,-253.35375,0,train
normal,7791,normal_0228,39,2022-07-12 00:28:57.924,3.9,0.07544,-0.171843,-212.8916,0,train
normal,7792,normal_0228,40,2022-07-12 00:28:58.024,4.0,-0.002557,-0.115564,-159.40036,0,train
normal,7793,normal_0228,41,2022-07-12 00:28:58.124,4.1,-0.224309,-0.108832,-84.843288,0,train
normal,7794,normal_0228,42,2022-07-12 00:28:58.224,4.2,-0.017112,0.181857,-2.974749,0,train
normal,7795,normal_0228,43,2022-07-12 00:28:58.324,4.3,0.143185,0.311648,89.637648,0,train
normal,7796,normal_0228,44,2022-07-12 00:28:58.424,4.4,-0.023765,-0.115417,164.74607,0,train
normal,7797,normal_0228,45,2022-07-12 00:28:58.524,4.5,0.006446,-0.24951,213.33757,0,train
normal,7798,normal_0228,46,2022-07-12 00:28:58.624,4.6,-0.010879,-0.083355,253.98436,0,train
normal,7799,normal_0228,47,2022-07-12 00:28:58.724,4.7,-0.10577,-0.003916,230.2306,0,train
normal,7800,normal_0228,48,2022-07-12 00:28:58.824,4.8,0.030231,0.240905,178.55074,0,train
normal,7801,normal_0228,49,2022-07-12 00:28:58.924,4.9,0.063337,0.20101,112.21672,0,train
normal,7802,normal_0229,0,2022-07-12 00:29:02.224,0.0,0.049279,-0.057815,-116.38476,0,train
normal,7803,normal_0229,1,2022-07-12 00:29:02.324,0.1,-0.014628,-0.27859,-182.25982,0,train
normal,7804,normal_0229,2,2022-07-12 00:29:02.424,0.2,-0.118193,-0.160936,-232.52597,0,train
normal,7805,normal_0229,3,2022-07-12 00:29:02.524,0.3,0.05038,0.132171,-238.20522,0,train
normal,7806,normal_0229,4,2022-07-12 00:29:02.624,0.4,0.105398,0.292774,-205.61495,0,train
normal,7807,normal_0229,5,2022-07-12 00:29:02.724,0.5,-0.040548,0.079265,-149.66156,0,train
normal,7808,normal_0229,6,2022-07-12 00:29:02.824,0.6,0.003503,-0.180237,-71.792253,0,train
normal,7809,normal_0229,7,2022-07-12 00:29:02.924,0.7,-0.072644,-0.207939,9.712816,0,train
normal,7810,normal_0229,8,2022-07-12 00:29:03.024,0.8,-0.158531,-0.092556,93.698513,0,train
normal,7811,normal_0229,9,2022-07-12 00:29:03.124,0.9,0.087233,0.196987,164.70029,0,train
normal,7812,normal_0229,10,2022-07-12 00:29:03.224,1.0,0.172485,0.281126,222.06142,0,train
normal,7813,normal_0229,11,2022-07-12 00:29:03.324,1.1,0.035087,-0.042465,245.33048,0,train
normal,7814,normal_0229,12,2022-07-12 00:29:03.424,1.2,0.018966,-0.208348,221.99669,0,train
normal,7815,normal_0229,13,2022-07-12 00:29:03.524,1.3,-0.092466,-0.141011,172.96209,0,train
normal,7816,normal_0229,14,2022-07-12 00:29:03.624,1.4,-0.158542,0.020966,99.119317,0,train
normal,7817,normal_0229,15,2022-07-12 00:29:03.724,1.5,0.068568,0.290027,18.602969,0,train
normal,7818,normal_0229,16,2022-07-12 00:29:03.824,1.6,0.123915,0.181944,-65.667518,0,train
normal,7819,normal_0229,17,2022-07-12 00:29:03.924,1.7,0.011711,-0.198209,-142.63655,0,train
normal,7820,normal_0229,18,2022-07-12 00:29:04.024,1.8,0.027924,-0.214649,-204.6391,0,train
normal,7821,normal_0229,19,2022-07-12 00:29:04.124,1.9,-0.01951,-0.057974,-243.10532,0,train
normal,7822,normal_0229,20,2022-07-12 00:29:04.224,2.0,-0.036234,0.104719,-232.22986,0,train
normal,7823,normal_0229,21,2022-07-12 00:29:04.324,2.1,0.077708,0.289164,-190.87353,0,train
normal,7824,normal_0229,22,2022-07-12 00:29:04.424,2.2,0.066956,0.083306,-124.65204,0,train
normal,7825,normal_0229,23,2022-07-12 00:29:04.524,2.3,-0.025289,-0.250695,-44.025307,0,train
normal,7826,normal_0229,24,2022-07-12 00:29:04.624,2.4,-0.062789,-0.202376,39.682751,0,train
normal,7827,normal_0229,25,2022-07-12 00:29:04.724,2.5,-0.010416,0.02788,121.5861,0,train
normal,7828,normal_0229,26,2022-07-12 00:29:04.824,2.6,0.097769,0.240061,188.10942,0,train
normal,7829,normal_0229,27,2022-07-12 00:29:04.924,2.7,0.083918,0.221794,238.05418,0,train
normal,7830,normal_0229,28,2022-07-12 00:29:05.024,2.8,0.055614,-0.097335,243.4372,0,train
normal,7831,normal_0229,29,2022-07-12 00:29:05.124,2.9,-0.032181,-0.273708,209.82423,0,train
normal,7832,normal_0229,30,2022-07-12 00:29:05.224,3.0,-0.15315,-0.159812,150.93901,0,train
normal,7833,normal_0229,31,2022-07-12 00:29:05.324,3.1,0.013732,0.120988,71.998486,0,train
normal,7834,normal_0229,32,2022-07-12 00:29:05.424,3.2,0.130784,0.307295,-10.235072,0,train
normal,7835,normal_0229,33,2022-07-12 00:29:05.524,3.3,0.036972,0.077028,-95.204484,0,train
normal,7836,normal_0229,34,2022-07-12 00:29:05.624,3.4,0.018568,-0.195802,-166.51597,0,train
normal,7837,normal_0229,35,2022-07-12 00:29:05.724,3.5,-0.048359,-0.205282,-224.19229,0,train
normal,7838,normal_0229,36,2022-07-12 00:29:05.824,3.6,-0.135098,-0.089558,-246.83443,0,train
normal,7839,normal_0229,37,2022-07-12 00:29:05.924,3.7,0.039879,0.207375,-222.87669,0,train
normal,7840,normal_0229,38,2022-07-12 00:29:06.024,3.8,0.150096,0.3018,-173.19479,0,train
normal,7841,normal_0229,39,2022-07-12 00:29:06.124,3.9,-0.026629,-0.09679,-98.561179,0,train
normal,7842,normal_0229,40,2022-07-12 00:29:06.224,4.0,-0.063413,-0.273288,-16.255142,0,train
normal,7843,normal_0229,41,2022-07-12 00:29:06.324,4.1,-0.061665,-0.099254,69.986471,0,train
normal,7844,normal_0229,42,2022-07-12 00:29:06.424,4.2,-0.120554,0.037065,147.68507,0,train
normal,7845,normal_0229,43,2022-07-12 00:29:06.524,4.3,0.03368,0.254207,210.18269,0,train
normal,7846,normal_0229,44,2022-07-12 00:29:06.624,4.4,0.126845,0.194307,247.78131,0,train
normal,7847,normal_0229,45,2022-07-12 00:29:06.724,4.5,0.012018,-0.209108,236.74443,0,train
normal,7848,normal_0229,46,2022-07-12 00:29:06.824,4.6,-0.085064,-0.277421,194.67869,0,train
normal,7849,normal_0229,47,2022-07-12 00:29:06.924,4.7,-0.095804,-0.054976,125.86702,0,train
normal,7850,normal_0229,48,2022-07-12 00:29:07.024,4.8,-0.057805,0.137166,44.420128,0,train
normal,7851,normal_0229,49,2022-07-12 00:29:07.124,4.9,-0.009474,0.246725,-40.207033,0,train
normal,7852,normal_0230,0,2022-07-12 00:29:09.592,0.0,0.023046,-0.136637,-175.97677,0,train
normal,7853,normal_0230,1,2022-07-12 00:29:09.692,0.1,-0.042962,-0.117121,-208.3421,0,train
normal,7854,normal_0230,2,2022-07-12 00:29:09.792,0.2,0.01847,0.094799,-177.39024,0,train
normal,7855,normal_0230,3,2022-07-12 00:29:09.892,0.3,-0.02348,0.178552,-140.23651,0,train
normal,7856,normal_0230,4,2022-07-12 00:29:09.992,0.4,-0.024831,0.010955,-86.683641,0,train
normal,7857,normal_0230,5,2022-07-12 00:29:10.092,0.5,0.0433,-0.10352,-28.313402,0,train
normal,7858,normal_0230,6,2022-07-12 00:29:10.192,0.6,-0.086627,-0.157562,48.046118,0,train
normal,7859,normal_0230,7,2022-07-12 00:29:10.292,0.7,-0.050966,-0.025659,112.29373,0,train
normal,7860,normal_0230,8,2022-07-12 00:29:10.392,0.8,0.068958,0.208979,151.67131,0,train
normal,7861,normal_0230,9,2022-07-12 00:29:10.492,0.9,-0.04294,0.106936,202.62387,0,train
normal,7862,normal_0230,10,2022-07-12 00:29:10.592,1.0,0.01184,-0.07214,190.79783,0,train
normal,7863,normal_0230,11,2022-07-12 00:29:10.692,1.1,0.062248,-0.09882,152.52914,0,train
normal,7864,normal_0230,12,2022-07-12 00:29:10.792,1.2,-0.170482,-0.179031,107.37695,0,train
normal,7865,normal_0230,13,2022-07-12 00:29:10.892,1.3,-0.020029,0.060001,48.734671,0,train
normal,7866,normal_0230,14,2022-07-12 00:29:10.992,1.4,0.149078,0.265302,-18.609168,0,train
normal,7867,normal_0230,15,2022-07-12 00:29:11.092,1.5,-0.053385,-0.016088,-93.951117,0,train
normal,7868,normal_0230,16,2022-07-12 00:29:11.192,1.6,0.063713,-0.101749,-133.99758,0,train
normal,7869,normal_0230,17,2022-07-12 00:29:11.292,1.7,0.039337,-0.095482,-186.37218,0,train
normal,7870,normal_0230,18,2022-07-12 00:29:11.392,1.8,-0.151806,-0.118461,-198.8919,0,train
normal,7871,normal_0230,19,2022-07-12 00:29:11.492,1.9,0.04053,0.191529,-162.10498,0,train
normal,7872,normal_0230,20,2022-07-12 00:29:11.592,2.0,0.048431,0.193652,-124.58421,0,train
normal,7873,normal_0230,21,2022-07-12 00:29:11.692,2.1,-0.024093,-0.084935,-67.730435,0,train
normal,7874,normal_0230,22,2022-07-12 00:29:11.792,2.2,0.071297,-0.097798,-6.884933,0,train
normal,7875,normal_0230,23,2022-07-12 00:29:11.892,2.3,-0.009924,-0.12944,71.118244,0,train
normal,7876,normal_0230,24,2022-07-12 00:29:11.992,2.4,-0.020982,-0.026624,121.41587,0,train
normal,7877,normal_0230,25,2022-07-12 00:29:12.092,2.5,0.045639,0.19808,168.93687,0,train
normal,7878,normal_0230,26,2022-07-12 00:29:12.192,2.6,0.021456,0.09397,203.91419,0,train
normal,7879,normal_0230,27,2022-07-12 00:29:12.292,2.7,0.076088,-0.075977,175.54929,0,train
normal,7880,normal_0230,28,2022-07-12 00:29:12.392,2.8,-0.023412,-0.128633,139.99702,0,train
normal,7881,normal_0230,29,2022-07-12 00:29:12.492,2.9,-0.092871,-0.088783,88.082324,0,train
normal,7882,normal_0230,30,2022-07-12 00:29:12.592,3.0,0.057139,0.151111,29.25587,0,train
normal,7883,normal_0230,31,2022-07-12 00:29:12.692,3.1,-0.002057,0.194867,-44.71541,0,train
normal,7884,normal_0230,32,2022-07-12 00:29:12.792,3.2,0.017255,-0.02776,-107.93079,0,train
normal,7885,normal_0230,33,2022-07-12 00:29:12.892,3.3,0.104414,-0.128929,-151.42121,0,train
normal,7886,normal_0230,34,2022-07-12 00:29:12.992,3.4,-0.069756,-0.17936,-199.02709,0,train
normal,7887,normal_0230,35,2022-07-12 00:29:13.092,3.5,-0.031144,-0.016213,-187.04393,0,train
normal,7888,normal_0230,36,2022-07-12 00:29:13.192,3.6,0.099408,0.241994,-151.63698,0,train
normal,7889,normal_0230,37,2022-07-12 00:29:13.292,3.7,-0.041702,0.094424,-106.67433,0,train
normal,7890,normal_0230,38,2022-07-12 00:29:13.392,3.8,-0.013081,-0.073093,-48.228985,0,train
normal,7891,normal_0230,39,2022-07-12 00:29:13.492,3.9,0.045275,-0.084288,18.601777,0,train
normal,7892,normal_0230,40,2022-07-12 00:29:13.592,4.0,-0.145664,-0.143268,90.75595,0,train
normal,7893,normal_0230,41,2022-07-12 00:29:13.692,4.1,-0.021664,0.07736,137.35844,0,train
normal,7894,normal_0230,42,2022-07-12 00:29:13.792,4.2,0.118163,0.224351,188.93959,0,train
normal,7895,normal_0231,0,2022-07-12 00:29:17.574,0.0,0.018989,-0.023006,14.680268,0,train
normal,7896,normal_0231,1,2022-07-12 00:29:17.674,0.1,-0.075981,-0.049834,-26.117924,0,train
normal,7897,normal_0231,2,2022-07-12 00:29:17.774,0.2,8.6e-05,0.032636,-79.339037,0,train
normal,7898,normal_0231,3,2022-07-12 00:29:17.874,0.3,0.028378,0.008034,-103.44912,0,train
normal,7899,normal_0231,4,2022-07-12 00:29:17.974,0.4,-0.006601,-0.123165,-107.61274,0,train
normal,7900,normal_0231,5,2022-07-12 00:29:18.074,0.5,0.011576,-0.032407,-107.61489,0,train
normal,7901,normal_0231,6,2022-07-12 00:29:18.174,0.6,-0.046496,0.053333,-91.067325,0,train
normal,7902,normal_0231,7,2022-07-12 00:29:18.274,0.7,-0.026435,0.010214,-67.643412,0,train
normal,7903,normal_0231,8,2022-07-12 00:29:18.374,0.8,0.048292,0.038109,-27.355317,0,train
normal,7904,normal_0231,9,2022-07-12 00:29:18.474,0.9,-0.018011,-0.003399,12.119652,0,train
normal,7905,normal_0231,10,2022-07-12 00:29:18.574,1.0,0.056046,-0.036471,63.501962,0,train
normal,7906,normal_0231,11,2022-07-12 00:29:18.674,1.1,0.089516,0.040391,101.39228,0,train
normal,7907,normal_0231,12,2022-07-12 00:29:18.774,1.2,-0.013561,-0.036505,107.11731,0,train
normal,7908,normal_0231,13,2022-07-12 00:29:18.874,1.3,0.037052,-0.014378,110.69156,0,train
normal,7909,normal_0231,14,2022-07-12 00:29:18.974,1.4,0.012291,0.114255,97.979796,0,train
normal,7910,normal_0231,15,2022-07-12 00:29:19.074,1.5,0.014709,0.000734,77.669153,0,train
normal,7911,normal_0231,16,2022-07-12 00:29:19.174,1.6,0.09484,0.005706,41.76033,0,train
normal,7912,normal_0231,17,2022-07-12 00:29:19.274,1.7,-0.054557,0.086564,1.324177,0,train
normal,7913,normal_0231,18,2022-07-12 00:29:19.374,1.8,-0.07413,-0.01809,-44.496303,0,train
normal,7914,normal_0231,19,2022-07-12 00:29:19.474,1.9,0.048292,-0.007282,-92.826735,0,train
normal,7915,normal_0231,20,2022-07-12 00:29:19.574,2.0,0.00381,0.032001,-104.83636,0,train
normal,7916,normal_0231,21,2022-07-12 00:29:19.674,2.1,0.104264,0.017298,-109.3166,0,train
normal,7917,normal_0231,22,2022-07-12 00:29:19.774,2.2,0.131523,0.039437,-102.82446,0,train
normal,7918,normal_0231,23,2022-07-12 00:29:19.874,2.3,-0.026129,-0.043839,-84.346781,0,train
normal,7919,normal_0231,24,2022-07-12 00:29:19.974,2.4,0.048213,-0.006975,-55.091268,0,train
normal,7920,normal_0231,25,2022-07-12 00:29:20.074,2.5,0.054911,0.107602,-13.30352,0,train
normal,7921,normal_0231,26,2022-07-12 00:29:20.174,2.6,-0.008962,-0.058417,27.885083,0,train
normal,7922,normal_0231,27,2022-07-12 00:29:20.274,2.7,0.109441,-0.089831,81.354151,0,train
normal,7923,normal_0231,28,2022-07-12 00:29:20.374,2.8,0.046476,0.087779,105.40963,0,train
normal,7924,normal_0231,29,2022-07-12 00:29:20.474,2.9,-0.02857,0.03678,108.93883,0,train
normal,7925,normal_0231,30,2022-07-12 00:29:20.574,3.0,0.080433,-0.04242,108.18185,0,train
normal,7926,normal_0231,31,2022-07-12 00:29:20.674,3.1,-0.014003,0.008533,91.177832,0,train
normal,7927,normal_0232,0,2022-07-12 00:29:25.707,0.0,-0.122808,-0.183212,28.376106,0,train
normal,7928,normal_0232,1,2022-07-12 00:29:25.807,0.1,-0.055313,0.106432,-44.665223,0,train
normal,7929,normal_0232,2,2022-07-12 00:29:25.907,0.2,0.104337,0.203219,-113.92118,0,train
normal,7930,normal_0232,3,2022-07-12 00:29:26.007,0.3,0.044051,0.109589,-171.61634,0,train
normal,7931,normal_0232,4,2022-07-12 00:29:26.107,0.4,-0.001022,-0.134972,-211.95712,0,train
normal,7932,normal_0232,5,2022-07-12 00:29:26.207,0.5,0.083957,-0.235959,-206.8763,0,train
normal,7933,normal_0232,6,2022-07-12 00:29:26.307,0.6,-0.108673,-0.160086,-173.25749,0,train
normal,7934,normal_0232,7,2022-07-12 00:29:26.407,0.7,-0.056925,0.055774,-117.94235,0,train
normal,7935,normal_0232,8,2022-07-12 00:29:26.507,0.8,0.187102,0.282646,-50.051814,0,train
normal,7936,normal_0232,9,2022-07-12 00:29:26.607,0.9,-0.0026,0.070749,20.958188,0,train
normal,7937,normal_0232,10,2022-07-12 00:29:26.707,1.0,-0.02039,-0.14754,94.302904,0,train
normal,7938,normal_0232,11,2022-07-12 00:29:26.807,1.1,-0.017325,-0.129534,155.03134,0,train
normal,7939,normal_0232,12,2022-07-12 00:29:26.907,1.2,-0.220753,-0.079114,205.10771,0,train
normal,7940,normal_0232,13,2022-07-12 00:29:27.007,1.3,0.027816,0.212903,216.03587,0,train
normal,7941,normal_0232,14,2022-07-12 00:29:27.107,1.4,0.177758,0.26774,189.15918,0,train
normal,7942,normal_0232,15,2022-07-12 00:29:27.207,1.5,-0.032391,-0.106714,141.03808,0,train
normal,7943,normal_0233,0,2022-07-12 00:29:33.664,0.0,0.021347,-0.005353,-189.26372,0,train
normal,7944,normal_0233,1,2022-07-12 00:29:33.764,0.1,0.039308,-0.155636,-149.06146,0,train
normal,7945,normal_0233,2,2022-07-12 00:29:33.864,0.2,-0.121545,-0.138686,-93.025934,0,train
normal,7946,normal_0233,3,2022-07-12 00:29:33.964,0.3,-0.064665,0.051538,-28.106216,0,train
normal,7947,normal_0234,0,2022-07-12 00:29:35.745,0.0,-0.007324,-0.118268,-82.930098,0,train
normal,7948,normal_0234,1,2022-07-12 00:29:35.845,0.1,-0.003849,-0.015907,-104.61713,0,train
normal,7949,normal_0234,2,2022-07-12 00:29:35.945,0.2,-0.061638,-0.01685,-107.7,0,train
normal,7950,normal_0234,3,2022-07-12 00:29:36.045,0.3,-0.025546,-0.098298,-105.54076,0,train
normal,7951,normal_0234,4,2022-07-12 00:29:36.145,0.4,-0.009015,0.033207,-88.103543,0,train
normal,7952,normal_0234,5,2022-07-12 00:29:36.245,0.5,-0.01493,-0.014159,-64.5305,0,train
normal,7953,normal_0234,6,2022-07-12 00:29:36.345,0.6,0.027293,-0.056143,-24.18578,0,train
normal,7954,normal_0234,7,2022-07-12 00:29:36.445,0.7,-0.063113,0.006901,15.318753,0,train
normal,7955,normal_0234,8,2022-07-12 00:29:36.545,0.8,-0.118495,-0.086536,66.827663,0,train
normal,7956,normal_0234,9,2022-07-12 00:29:36.645,0.9,-0.022912,0.048625,102.93032,0,train
normal,7957,normal_0234,10,2022-07-12 00:29:36.745,1.0,-0.01619,0.136249,107.70823,0,train
normal,7958,normal_0234,11,2022-07-12 00:29:36.845,1.1,-0.002635,-0.073729,109.6753,0,train
normal,7959,normal_0234,12,2022-07-12 00:29:36.945,1.2,0.048614,-0.015237,95.617067,0,train
normal,7960,normal_0234,13,2022-07-12 00:29:37.045,1.3,-0.003588,-0.008119,75.299868,0,train
normal,7961,normal_0234,14,2022-07-12 00:29:37.145,1.4,-0.005132,-0.088784,39.235001,0,train
normal,7962,normal_0234,15,2022-07-12 00:29:37.245,1.5,0.01578,0.092471,-0.724197,0,train
normal,7963,normal_0234,16,2022-07-12 00:29:37.345,1.6,-0.015509,0.001225,-46.998745,0,train
normal,7964,normal_0234,17,2022-07-12 00:29:37.445,1.7,0.042438,-0.102726,-94.401848,0,train
normal,7965,normal_0234,18,2022-07-12 00:29:37.545,1.8,0.009377,0.067233,-105.29805,0,train
normal,7966,normal_0234,19,2022-07-12 00:29:37.645,1.9,-0.050012,-0.005723,-108.67251,0,train
normal,7967,normal_0234,20,2022-07-12 00:29:37.745,2.0,0.014543,-0.008255,-100.19459,0,train
normal,7968,normal_0234,21,2022-07-12 00:29:37.845,2.1,-0.011433,0.095343,-81.401477,0,train
normal,7969,normal_0234,22,2022-07-12 00:29:37.945,2.2,0.04967,-0.025228,-52.24753,0,train
normal,7970,normal_0234,23,2022-07-12 00:29:38.045,2.3,0.115564,0.007401,-11.177422,0,train
normal,7971,normal_0234,24,2022-07-12 00:29:38.145,2.4,0.014906,0.016132,30.079845,0,train
normal,7972,normal_0234,25,2022-07-12 00:29:38.245,2.5,0.018403,-0.068757,83.079586,0,train
normal,7973,normal_0234,26,2022-07-12 00:29:38.345,2.6,0.03306,0.088929,105.94906,0,train
normal,7974,normal_0234,27,2022-07-12 00:29:38.445,2.7,0.001169,0.051327,109.16795,0,train
normal,7975,normal_0234,28,2022-07-12 00:29:38.545,2.8,0.056016,-0.070267,107.23187,0,train
normal,7976,normal_0234,29,2022-07-12 00:29:38.645,2.9,0.058208,0.049783,90.278755,0,train
normal,7977,normal_0234,30,2022-07-12 00:29:38.745,3.0,0.003156,-0.0385,66.958555,0,train
normal,7978,normal_0234,31,2022-07-12 00:29:38.845,3.1,0.015122,-0.053396,27.081731,0,train
normal,7979,normal_0234,32,2022-07-12 00:29:38.945,3.2,0.019754,0.100441,-11.834027,0,train
normal,7980,normal_0234,33,2022-07-12 00:29:39.045,3.3,0.020219,-0.032142,-63.234575,0,train
normal,7981,normal_0234,34,2022-07-12 00:29:39.145,3.4,0.058491,-0.004861,-99.975598,0,train
normal,7982,normal_0234,35,2022-07-12 00:29:39.245,3.5,0.026907,0.068164,-105.51943,0,train
normal,7983,normal_0234,36,2022-07-12 00:29:39.345,3.6,-0.023593,-0.082971,-108.51647,0,train
normal,7984,normal_0234,37,2022-07-12 00:29:39.445,3.7,0.009127,0.069265,-95.173966,0,train
normal,7985,normal_0234,38,2022-07-12 00:29:39.545,3.8,0.007549,0.114871,-75.515518,0,train
normal,7986,normal_0234,39,2022-07-12 00:29:39.645,3.9,0.03407,-0.101102,-40.553932,0,train
normal,7987,normal_0234,40,2022-07-12 00:29:39.745,4.0,0.036364,-0.020505,-1.142144,0,train
normal,7988,normal_0234,41,2022-07-12 00:29:39.845,4.1,-0.075273,0.012056,44.944888,0,train
normal,7989,normal_0234,42,2022-07-12 00:29:39.945,4.2,-0.015396,-0.031745,93.391787,0,train
normal,7990,normal_0234,43,2022-07-12 00:29:40.045,4.3,-0.013942,0.048034,105.57712,0,train
normal,7991,normal_0234,44,2022-07-12 00:29:40.145,4.4,-0.08062,-1.3e-05,109.6871,0,train
normal,7992,normal_0234,45,2022-07-12 00:29:40.245,4.5,0.040201,0.032753,102.65375,0,train
normal,7993,normal_0234,46,2022-07-12 00:29:40.345,4.6,-0.02449,0.007844,84.893118,0,train
normal,7994,normal_0234,47,2022-07-12 00:29:40.445,4.7,-0.067348,-0.120164,56.576736,0,train
normal,7995,normal_0234,48,2022-07-12 00:29:40.545,4.8,0.009275,0.098227,16.374828,0,train
normal,7996,normal_0234,49,2022-07-12 00:29:40.645,4.9,-0.053293,0.111908,-24.245027,0,train
normal,7997,normal_0235,0,2022-07-12 00:29:42.284,0.0,-0.025592,-0.059377,3.690839,0,train
normal,7998,normal_0235,1,2022-07-12 00:29:42.384,0.1,0.066029,-0.106947,-50.442821,0,train
normal,7999,normal_0235,2,2022-07-12 00:29:42.484,0.2,0.000623,-0.030948,-92.993509,0,train
normal,8000,normal_0235,3,2022-07-12 00:29:42.584,0.3,0.1022,0.088488,-138.40856,0,train
normal,8001,normal_0235,4,2022-07-12 00:29:42.684,0.4,0.069026,0.065713,-146.65808,0,train
normal,8002,normal_0235,5,2022-07-12 00:29:42.784,0.5,-0.042281,0.001318,-129.3595,0,train
normal,8003,normal_0235,6,2022-07-12 00:29:42.884,0.6,-0.005758,-0.055222,-104.10692,0,train
normal,8004,normal_0235,7,2022-07-12 00:29:42.984,0.7,-0.073707,-0.074988,-64.79574,0,train
normal,8005,normal_0235,8,2022-07-12 00:29:43.084,0.8,-0.075989,0.064181,-21.307709,0,train
normal,8006,normal_0235,9,2022-07-12 00:29:43.184,0.9,0.096058,0.171299,34.289364,0,train
normal,8007,normal_0235,10,2022-07-12 00:29:43.284,1.0,0.072182,0.041497,78.716645,0,train
normal,8008,normal_0235,11,2022-07-12 00:29:43.384,1.1,0.020264,-0.129449,125.81708,0,train
normal,8009,normal_0235,12,2022-07-12 00:29:43.484,1.2,0.057548,-0.142426,150.80633,0,train
normal,8010,normal_0235,13,2022-07-12 00:29:43.584,1.3,-0.063648,-0.035149,137.28263,0,train
normal,8011,normal_0235,14,2022-07-12 00:29:43.684,1.4,-0.036627,0.081812,116.45163,0,train
normal,8012,normal_0235,15,2022-07-12 00:29:43.784,1.5,0.098806,0.093835,79.511771,0,train
normal,8013,normal_0235,16,2022-07-12 00:29:43.884,1.6,0.032185,-0.017097,38.159733,0,train
normal,8014,normal_0235,17,2022-07-12 00:29:43.984,1.7,0.066585,-0.105074,-16.640784,0,train
normal,8015,normal_0235,18,2022-07-12 00:29:44.084,1.8,0.050475,-0.071286,-66.341289,0,train
normal,8016,normal_0235,19,2022-07-12 00:29:44.184,1.9,-0.119552,0.06124,-110.94929,0,train
normal,8017,normal_0235,20,2022-07-12 00:29:44.284,2.0,-0.029032,0.138283,-149.26519,0,train
normal,8018,normal_0235,21,2022-07-12 00:29:44.384,2.1,-0.005372,0.057357,-143.25072,0,train
normal,8019,normal_0235,22,2022-07-12 00:29:44.484,2.2,-0.065578,-0.062533,-124.03597,0,train
normal,8020,normal_0235,23,2022-07-12 00:29:44.584,2.3,0.040427,-0.115451,-91.435324,0,train
normal,8021,normal_0235,24,2022-07-12 00:29:44.684,2.4,-0.022901,-0.045333,-49.51883,0,train
normal,8022,normal_0235,25,2022-07-12 00:29:44.784,2.5,-0.0296,0.100488,0.430107,0,train
normal,8023,normal_0235,26,2022-07-12 00:29:44.884,2.6,0.048931,0.112137,55.374748,0,train
normal,8024,normal_0235,27,2022-07-12 00:29:44.984,2.7,-0.067088,-0.032878,98.303211,0,train
normal,8025,normal_0235,28,2022-07-12 00:29:45.084,2.8,-0.055179,-0.135728,143.36099,0,train
normal,8026,normal_0235,29,2022-07-12 00:29:45.184,2.9,-0.011752,-0.103008,151.51133,0,train
normal,8027,normal_0235,30,2022-07-12 00:29:45.284,3.0,-0.095835,0.034639,133.09206,0,train
normal,8028,normal_0235,31,2022-07-12 00:29:45.384,3.1,0.01562,0.149659,105.69288,0,train
normal,8029,normal_0235,32,2022-07-12 00:29:45.484,3.2,0.008377,0.098184,64.437278,0,train
normal,8030,normal_0235,33,2022-07-12 00:29:45.584,3.3,-0.11694,-0.066825,18.384578,0,train
normal,8031,normal_0235,34,2022-07-12 00:29:45.684,3.4,-0.017861,-0.15009,-39.638882,0,train
normal,8032,normal_0235,35,2022-07-12 00:29:45.784,3.5,-0.093019,-0.108207,-85.044156,0,train
normal,8033,normal_0235,36,2022-07-12 00:29:45.884,3.6,-0.065011,0.029508,-131.95743,0,train
normal,8034,normal_0235,37,2022-07-12 00:29:45.984,3.7,0.150327,0.119448,-155.69045,0,train
normal,8035,normal_0235,38,2022-07-12 00:29:46.084,3.8,0.046808,-0.007913,-140.05365,0,train
normal,8036,normal_0235,39,2022-07-12 00:29:46.184,3.9,-0.010038,-0.117324,-116.62747,0,train
normal,8037,normal_0235,40,2022-07-12 00:29:46.284,4.0,0.001724,-0.083457,-76.372037,0,train
normal,8038,normal_0235,41,2022-07-12 00:29:46.384,4.1,-0.13405,0.042451,-31.424288,0,train
normal,8039,normal_0235,42,2022-07-12 00:29:46.484,4.2,-0.039557,0.159264,25.07675,0,train
normal,8040,normal_0235,43,2022-07-12 00:29:46.584,4.3,0.079732,0.085604,75.53328,0,train
normal,8041,normal_0235,44,2022-07-12 00:29:46.684,4.4,0.006401,-0.065598,119.83849,0,train
normal,8042,normal_0235,45,2022-07-12 00:29:46.784,4.5,0.115438,-0.1235,156.51478,0,train
normal,8043,normal_0235,46,2022-07-12 00:29:46.884,4.6,0.087282,-0.035671,149.26805,0,train
normal,8044,normal_0235,47,2022-07-12 00:29:46.984,4.7,-0.058006,0.07634,127.35488,0,train
normal,8045,normal_0235,48,2022-07-12 00:29:47.084,4.8,0.033161,0.129576,91.585051,0,train
normal,8046,normal_0235,49,2022-07-12 00:29:47.184,4.9,-0.006235,0.079156,47.588592,0,train
normal,8047,normal_0236,0,2022-07-12 00:29:50.008,0.0,0.018588,-0.166354,56.951172,0,train
normal,8048,normal_0236,1,2022-07-12 00:29:50.108,0.1,-0.132149,-0.084793,140.04101,0,train
normal,8049,normal_0236,2,2022-07-12 00:29:50.208,0.2,-0.149747,0.062482,199.86942,0,train
normal,8050,normal_0236,3,2022-07-12 00:29:50.308,0.3,0.093315,0.281044,246.52138,0,train
normal,8051,normal_0236,4,2022-07-12 00:29:50.408,0.4,0.051161,0.0357,242.85999,0,train
normal,8052,normal_0236,5,2022-07-12 00:29:50.508,0.5,-0.043628,-0.252537,199.89791,0,train
normal,8053,normal_0236,6,2022-07-12 00:29:50.608,0.6,-0.046126,-0.150437,140.11277,0,train
normal,8054,normal_0236,7,2022-07-12 00:29:50.708,0.7,-0.125746,-0.006648,59.676535,0,train
normal,8055,normal_0236,8,2022-07-12 00:29:50.808,0.8,-0.077983,0.155477,-25.547865,0,train
normal,8056,normal_0236,9,2022-07-12 00:29:50.908,0.9,-0.019445,0.185358,-114.57004,0,train
normal,8057,normal_0236,10,2022-07-12 00:29:51.008,1.0,-0.033013,-0.13393,-180.80165,0,train
normal,8058,normal_0236,11,2022-07-12 00:29:51.108,1.1,-0.038598,-0.30231,-234.12064,0,train
normal,8059,normal_0236,12,2022-07-12 00:29:51.208,1.2,-0.082081,-0.135088,-251.30561,0,train
normal,8060,normal_0236,13,2022-07-12 00:29:51.308,1.3,0.038013,0.137538,-215.20081,0,train
normal,8061,normal_0236,14,2022-07-12 00:29:51.408,1.4,0.077443,0.262844,-162.52734,0,train
normal,8062,normal_0236,15,2022-07-12 00:29:51.508,1.5,-0.085544,0.031056,-86.519013,0,train
normal,8063,normal_0236,16,2022-07-12 00:29:51.608,1.6,-0.039609,-0.159066,-1.190186,0,train
normal,8064,normal_0236,17,2022-07-12 00:29:51.708,1.7,-0.103414,-0.194147,89.777004,0,train
normal,8065,normal_0236,18,2022-07-12 00:29:51.808,1.8,-0.201495,-0.137324,165.50853,0,train
normal,8066,normal_0236,19,2022-07-12 00:29:51.908,1.9,0.09369,0.188991,220.93692,0,train
normal,8067,normal_0236,20,2022-07-12 00:29:52.008,2.0,0.178885,0.235506,255.36516,0,train
normal,8068,normal_0236,21,2022-07-12 00:29:52.108,2.1,0.048856,-0.088119,232.23904,0,train
normal,8069,normal_0236,22,2022-07-12 00:29:52.208,2.2,0.058801,-0.172917,182.77063,0,train
normal,8070,normal_0236,23,2022-07-12 00:29:52.308,2.3,-0.123952,-0.140162,113.73462,0,train
normal,8071,normal_0236,24,2022-07-12 00:29:52.408,2.4,-0.171806,0.009167,30.646089,0,train
normal,8072,normal_0236,25,2022-07-12 00:29:52.508,2.5,0.100536,0.311891,-58.165796,0,train
normal,8073,normal_0236,26,2022-07-12 00:29:52.608,2.6,0.109823,0.151912,-143.1898,0,train
normal,8074,normal_0236,27,2022-07-12 00:29:52.708,2.7,0.017839,-0.213652,-201.86021,0,train
normal,8075,normal_0236,28,2022-07-12 00:29:52.808,2.8,0.085141,-0.163789,-248.68301,0,train
normal,8076,normal_0236,29,2022-07-12 00:29:52.908,2.9,0.016227,-0.035962,-244.09345,0,train
normal,8077,normal_0236,30,2022-07-12 00:29:53.008,3.0,-0.014915,0.108327,-198.83265,0,train
normal,8078,normal_0236,31,2022-07-12 00:29:53.108,3.1,0.122334,0.279239,-139.17495,0,train
normal,8079,normal_0236,32,2022-07-12 00:29:53.208,3.2,0.08547,0.051447,-57.650692,0,train
normal,8080,normal_0236,33,2022-07-12 00:29:53.308,3.3,-0.021239,-0.237301,29.369477,0,train
normal,8081,normal_0236,34,2022-07-12 00:29:53.408,3.4,-0.015506,-0.138437,121.00364,0,train
normal,8082,normal_0236,35,2022-07-12 00:29:53.508,3.5,-0.005072,0.051435,186.73053,0,train
normal,8083,normal_0236,36,2022-07-12 00:29:53.608,3.6,0.086991,0.202422,238.02832,0,train
normal,8084,normal_0236,37,2022-07-12 00:29:53.708,3.7,0.128987,0.205306,255.10612,0,train
normal,8085,normal_0236,38,2022-07-12 00:29:53.808,3.8,0.070507,-0.079865,216.85186,0,train
normal,8086,normal_0236,39,2022-07-12 00:29:53.908,3.9,-0.008739,-0.237925,162.32981,0,train
normal,8087,normal_0236,40,2022-07-12 00:29:54.008,4.0,-0.141016,-0.122156,85.994135,0,train
normal,8088,normal_0237,0,2022-07-12 00:29:58.044,0.0,-0.124395,-0.012543,-28.94092,0,train
normal,8089,normal_0237,1,2022-07-12 00:29:58.144,0.1,0.037775,0.069394,21.632197,0,train
normal,8090,normal_0237,2,2022-07-12 00:29:58.244,0.2,-0.032457,0.029317,64.0992,0,train
normal,8091,normal_0237,3,2022-07-12 00:29:58.344,0.3,-0.086146,-0.088848,119.00403,0,train
normal,8092,normal_0237,4,2022-07-12 00:29:58.444,0.4,0.136968,-0.01856,134.79377,0,train
normal,8093,normal_0237,5,2022-07-12 00:29:58.544,0.5,-0.023215,-0.010431,125.92722,0,train
normal,8094,normal_0237,6,2022-07-12 00:29:58.644,0.6,-0.049487,0.004147,112.28062,0,train
normal,8095,normal_0237,7,2022-07-12 00:29:58.744,0.7,0.084584,0.101478,83.942781,0,train
normal,8096,normal_0237,8,2022-07-12 00:29:58.844,0.8,-0.062429,-0.001734,49.653417,0,train
normal,8097,normal_0237,9,2022-07-12 00:29:58.944,0.9,0.022834,-0.051893,-1.972437,0,train
normal,8098,normal_0237,10,2022-07-12 00:29:59.044,1.0,0.088036,0.006906,-43.133026,0,train
normal,8099,normal_0237,11,2022-07-12 00:29:59.144,1.1,-0.069627,-0.031752,-97.378504,0,train
normal,8100,normal_0237,12,2022-07-12 00:29:59.244,1.2,0.048106,0.076762,-132.03503,0,train
normal,8101,normal_0237,13,2022-07-12 00:29:59.344,1.3,0.060992,0.086265,-125.60047,0,train
normal,8102,normal_0237,14,2022-07-12 00:29:59.444,1.4,-0.097931,-0.120535,-118.01805,0,train
normal,8103,normal_0237,15,2022-07-12 00:29:59.544,1.5,0.04529,-0.051814,-93.372475,0,train
normal,8104,normal_0237,16,2022-07-12 00:29:59.644,1.6,-0.004857,0.008938,-63.465722,0,train
normal,8105,normal_0237,17,2022-07-12 00:29:59.744,1.7,-0.103698,-0.052427,-16.058805,0,train
normal,8106,normal_0237,18,2022-07-12 00:29:59.844,1.8,0.098901,0.10728,28.886798,0,train
normal,8107,normal_0237,19,2022-07-12 00:29:59.944,1.9,7e-05,0.067248,76.124081,0,train
normal,8108,normal_0237,20,2022-07-12 00:30:00.044,2.0,0.003885,-0.089631,125.21411,0,train
normal,8109,normal_0237,21,2022-07-12 00:30:00.144,2.1,0.099446,-0.003789,128.01684,0,train
normal,8110,normal_0237,22,2022-07-12 00:30:00.244,2.2,-0.12435,0.014626,121.89807,0,train
normal,8111,normal_0237,23,2022-07-12 00:30:00.344,2.3,0.006008,0.057269,104.00881,0,train
normal,8112,normal_0237,24,2022-07-12 00:30:00.444,2.4,0.073129,0.065284,76.753745,0,train
normal,8113,normal_0237,25,2022-07-12 00:30:00.544,2.5,-0.068288,-0.076314,37.994389,0,train
normal,8114,normal_0238,0,2022-07-12 00:30:05.936,0.0,0.091766,0.081328,127.41961,0,train
normal,8115,normal_0238,1,2022-07-12 00:30:06.036,0.1,-0.146131,-0.06455,115.92342,0,train
normal,8116,normal_0238,2,2022-07-12 00:30:06.136,0.2,0.000565,-0.067853,89.778196,0,train
normal,8117,normal_0238,3,2022-07-12 00:30:06.236,0.3,-0.013877,-0.018728,59.343584,0,train
normal,8118,normal_0238,4,2022-07-12 00:30:06.336,0.4,-0.165999,-0.008158,14.587285,0,train
normal,8119,normal_0238,5,2022-07-12 00:30:06.436,0.5,0.067901,0.11205,-34.248833,0,train
normal,8120,normal_0238,6,2022-07-12 00:30:06.536,0.6,0.0043,0.080954,-78.243027,0,train
normal,8121,normal_0238,7,2022-07-12 00:30:06.636,0.7,-0.06391,-0.037075,-124.61449,0,train
normal,8122,normal_0238,8,2022-07-12 00:30:06.736,0.8,0.122431,-0.032147,-130.1402,0,train
normal,8123,normal_0238,9,2022-07-12 00:30:06.836,0.9,-0.096903,-0.063096,-119.70223,0,train
normal,8124,normal_0238,10,2022-07-12 00:30:06.936,1.0,-0.072017,0.018817,-98.522675,0,train
normal,8125,normal_0238,11,2022-07-12 00:30:07.036,1.1,0.107024,0.1477,-67.084678,0,train
normal,8126,normal_0238,12,2022-07-12 00:30:07.136,1.2,-0.060811,0.010938,-29.332999,0,train
normal,8127,normal_0238,13,2022-07-12 00:30:07.236,1.3,0.035987,-0.073769,21.530869,0,train
normal,8128,normal_0238,14,2022-07-12 00:30:07.336,1.4,0.043889,-0.033476,63.536294,0,train
normal,8129,normal_0239,0,2022-07-12 00:30:14.004,0.0,0.050937,0.086346,161.71648,0,train
normal,8130,normal_0239,1,2022-07-12 00:30:14.104,0.1,-0.047019,-0.19652,232.35491,0,train
normal,8131,normal_0239,2,2022-07-12 00:30:14.204,0.2,0.017547,-0.158691,272.43904,0,train
normal,8132,normal_0240,0,2022-07-12 00:30:15.875,0.0,-0.096163,-0.022128,-38.155441,0,train
normal,8133,normal_0240,1,2022-07-12 00:30:15.975,0.1,0.059116,0.172127,-81.610213,0,train
normal,8134,normal_0240,2,2022-07-12 00:30:16.075,0.2,-0.059583,0.025216,-134.72416,0,train
normal,8135,normal_0240,3,2022-07-12 00:30:16.175,0.3,0.041927,-0.108742,-148.57914,0,train
normal,8136,normal_0240,4,2022-07-12 00:30:16.275,0.4,0.094345,-0.068528,-134.17973,0,train
normal,8137,normal_0240,5,2022-07-12 00:30:16.375,0.5,-0.094188,-0.049228,-114.09069,0,train
normal,8138,normal_0240,6,2022-07-12 00:30:16.475,0.6,0.027281,0.103701,-77.711949,0,train
normal,8139,normal_0240,7,2022-07-12 00:30:16.575,0.7,-0.020993,0.124148,-35.69508,0,train
normal,8140,normal_0240,8,2022-07-12 00:30:16.675,0.8,-0.093109,-0.045231,22.412899,0,train
normal,8141,normal_0240,9,2022-07-12 00:30:16.775,0.9,0.120945,-0.077452,66.916474,0,train
normal,8142,normal_0240,10,2022-07-12 00:30:16.875,1.0,-0.017871,-0.105313,118.33848,0,train
normal,8143,normal_0240,11,2022-07-12 00:30:16.975,1.1,-0.032324,-0.02072,150.02956,0,train
normal,8144,normal_0240,12,2022-07-12 00:30:17.075,1.2,0.131481,0.164293,139.08006,0,train
normal,8145,normal_0240,13,2022-07-12 00:30:17.175,1.3,-0.08498,0.032493,123.87098,0,train
normal,8146,normal_0240,14,2022-07-12 00:30:17.275,1.4,-0.000217,-0.056312,91.722499,0,train
normal,8147,normal_0240,15,2022-07-12 00:30:17.375,1.5,0.097138,-0.008061,54.892785,0,train
normal,8148,normal_0240,16,2022-07-12 00:30:17.475,1.6,-0.147264,-0.083537,0.439167,0,train
normal,8149,normal_0240,17,2022-07-12 00:30:17.575,1.7,-0.026431,0.067927,-49.336559,0,train
normal,8150,normal_0240,18,2022-07-12 00:30:17.675,1.8,0.04279,0.133514,-95.74331,0,train
normal,8151,normal_0240,19,2022-07-12 00:30:17.775,1.9,-0.042099,-0.076021,-142.35164,0,train
normal,8152,normal_0240,20,2022-07-12 00:30:17.875,2.0,0.149703,-0.076271,-140.6162,0,train
normal,8153,normal_0240,21,2022-07-12 00:30:17.975,2.1,0.069299,-0.063192,-127.92458,0,train
normal,8154,normal_0240,22,2022-07-12 00:30:18.075,2.2,-0.118007,-0.043131,-103.06968,0,train
normal,8155,normal_0240,23,2022-07-12 00:30:18.175,2.3,0.009888,0.152474,-67.881115,0,train
normal,8156,normal_0240,24,2022-07-12 00:30:18.275,2.4,-0.051181,0.112602,-21.148684,0,train
normal,8157,normal_0240,25,2022-07-12 00:30:18.375,2.5,-0.062626,-0.038068,34.010653,0,train
normal,8158,normal_0240,26,2022-07-12 00:30:18.475,2.6,0.118516,-0.066337,76.095471,0,train
normal,8159,normal_0240,27,2022-07-12 00:30:18.575,2.7,-0.036649,-0.122138,129.1299,0,train
normal,8160,normal_0240,28,2022-07-12 00:30:18.675,2.8,-0.025818,0.041542,143.99196,0,train
normal,8161,normal_0240,29,2022-07-12 00:30:18.775,2.9,0.094413,0.161932,131.85765,0,train
normal,8162,normal_0240,30,2022-07-12 00:30:18.875,3.0,-0.07986,-0.04648,114.43819,0,train
normal,8163,normal_0240,31,2022-07-12 00:30:18.975,3.1,0.033026,-0.058242,81.735025,0,train
normal,8164,normal_0240,32,2022-07-12 00:30:19.075,3.2,0.064452,-0.01594,43.635135,0,train
normal,8165,normal_0240,33,2022-07-12 00:30:19.175,3.3,-0.099546,-0.034855,-12.511851,0,train
normal,8166,normal_0240,34,2022-07-12 00:30:19.275,3.4,0.011693,0.122706,-55.671579,0,train
normal,8167,normal_0240,35,2022-07-12 00:30:19.375,3.5,-0.038261,0.063124,-108.06538,0,train
normal,8168,normal_0240,36,2022-07-12 00:30:19.475,3.6,-0.023763,-0.08364,-142.04933,0,train
normal,8169,normal_0240,37,2022-07-12 00:30:19.575,3.7,0.138282,-0.055075,-133.42477,0,train
normal,8170,normal_0240,38,2022-07-12 00:30:19.675,3.8,-0.022832,-0.096321,-121.81391,0,train
normal,8171,normal_0240,39,2022-07-12 00:30:19.775,3.9,-0.043825,0.023694,-92.615139,0,train
normal,8172,normal_0240,40,2022-07-12 00:30:19.875,4.0,0.017086,0.176248,-58.156974,0,train
normal,8173,normal_0240,41,2022-07-12 00:30:19.975,4.1,-0.11862,0.005745,-6.30796,0,train
normal,8174,normal_0240,42,2022-07-12 00:30:20.075,4.2,0.013453,-0.06359,41.858917,0,train
normal,8175,normal_0240,43,2022-07-12 00:30:20.175,4.3,0.070537,-0.045992,88.417302,0,train
normal,8176,normal_0240,44,2022-07-12 00:30:20.275,4.4,-0.06577,-0.097207,136.24157,0,train
normal,8177,normal_0240,45,2022-07-12 00:30:20.375,4.5,0.06603,0.084968,137.24186,0,train
normal,8178,normal_0240,46,2022-07-12 00:30:20.475,4.6,0.017903,0.109979,127.14197,0,train
normal,8179,normal_0240,47,2022-07-12 00:30:20.575,4.7,-0.059254,-0.086546,104.37704,0,train
normal,8180,normal_0240,48,2022-07-12 00:30:20.675,4.8,0.102769,-0.035218,72.010883,0,train
normal,8181,normal_0240,49,2022-07-12 00:30:20.775,4.9,-0.030836,-0.028917,28.287891,0,train
normal,8182,normal_0241,0,2022-07-12 00:30:22.688,0.0,0.018987,-0.010727,109.33853,0,train
normal,8183,normal_0241,1,2022-07-12 00:30:22.788,0.1,0.012403,0.058051,88.129173,0,train
normal,8184,normal_0241,2,2022-07-12 00:30:22.888,0.2,0.087981,0.048162,61.949737,0,train
normal,8185,normal_0241,3,2022-07-12 00:30:22.988,0.3,-0.006478,0.015192,16.923906,0,train
normal,8186,normal_0241,4,2022-07-12 00:30:23.088,0.4,-0.019966,0.024774,-26.091698,0,train
normal,8187,normal_0241,5,2022-07-12 00:30:23.188,0.5,0.029001,0.015828,-76.630005,0,train
normal,8188,normal_0241,6,2022-07-12 00:30:23.288,0.6,-0.033885,0.006132,-114.46442,0,train
normal,8189,normal_0241,7,2022-07-12 00:30:23.388,0.7,0.01884,0.058675,-114.6381,0,train
normal,8190,normal_0241,8,2022-07-12 00:30:23.488,0.8,0.091115,0.075751,-112.3959,0,train
normal,8191,normal_0241,9,2022-07-12 00:30:23.588,0.9,0.007418,-0.043084,-94.417226,0,train
normal,8192,normal_0241,10,2022-07-12 00:30:23.688,1.0,0.014264,-0.059546,-69.847234,0,train
normal,8193,normal_0241,11,2022-07-12 00:30:23.788,1.1,-0.02529,0.003998,-29.804352,0,train
normal,8194,normal_0241,12,2022-07-12 00:30:23.888,1.2,-0.104843,0.013364,16.099336,0,train
normal,8195,normal_0241,13,2022-07-12 00:30:23.988,1.3,0.029069,0.050172,61.220176,0,train
normal,8196,normal_0241,14,2022-07-12 00:30:24.088,1.4,-0.005751,-0.014587,109.40875,0,train
normal,8197,normal_0241,15,2022-07-12 00:30:24.188,1.5,0.031045,-0.042187,117.78571,0,train
normal,8198,normal_0241,16,2022-07-12 00:30:24.288,1.6,0.127513,0.020892,114.95937,0,train
normal,8199,normal_0241,17,2022-07-12 00:30:24.388,1.7,-0.081489,-0.00622,102.66997,0,train
normal,8200,normal_0241,18,2022-07-12 00:30:24.488,1.8,0.016195,0.060662,78.847418,0,train
normal,8201,normal_0241,19,2022-07-12 00:30:24.588,1.9,0.052457,0.032495,45.786625,0,train
normal,8202,normal_0241,20,2022-07-12 00:30:24.688,2.0,-0.106046,-0.073613,-2.712846,0,train
normal,8203,normal_0241,21,2022-07-12 00:30:24.788,2.1,0.087902,0.004373,-44.808274,0,train
normal,8204,normal_0241,22,2022-07-12 00:30:24.888,2.2,0.018601,-0.011261,-96.971047,0,train
normal,8205,normal_0241,23,2022-07-12 00:30:24.988,2.3,-0.075279,0.045199,-119.21181,0,train
normal,8206,normal_0241,24,2022-07-12 00:30:25.088,2.4,0.081828,0.101034,-114.93935,0,train
normal,8207,normal_0241,25,2022-07-12 00:30:25.188,2.5,-0.080376,-0.083468,-108.03224,0,train
normal,8208,normal_0241,26,2022-07-12 00:30:25.288,2.6,-0.062302,-0.043345,-84.725152,0,train
normal,8209,normal_0241,27,2022-07-12 00:30:25.388,2.7,0.057702,0.018621,-56.283004,0,train
normal,8210,normal_0241,28,2022-07-12 00:30:25.488,2.8,-0.057908,-0.071933,-9.191037,0,train
normal,8211,normal_0241,29,2022-07-12 00:30:25.588,2.9,0.055431,0.057018,33.737187,0,train
normal,8212,normal_0241,30,2022-07-12 00:30:25.688,3.0,0.090672,0.07558,82.896958,0,train
normal,8213,normal_0241,31,2022-07-12 00:30:25.788,3.1,-0.017093,-0.051451,120.0874,0,train
normal,8214,normal_0241,32,2022-07-12 00:30:25.888,3.2,-0.008987,-0.004313,118.48046,0,train
normal,8215,normal_0241,33,2022-07-12 00:30:25.988,3.3,-0.085077,0.000172,113.37043,0,train
normal,8216,normal_0241,34,2022-07-12 00:30:26.088,3.4,-0.100665,0.002079,93.417536,0,train
normal,8217,normal_0241,35,2022-07-12 00:30:26.188,3.5,0.040888,0.037297,67.749747,0,train
normal,8218,normal_0241,36,2022-07-12 00:30:26.288,3.6,0.040014,-0.038883,25.94209,0,train
normal,8219,normal_0241,37,2022-07-12 00:30:26.388,3.7,0.01272,-0.06008,-21.003964,0,train
normal,8220,normal_0241,38,2022-07-12 00:30:26.488,3.8,0.071905,-0.035205,-65.553435,0,train
normal,8221,normal_0241,39,2022-07-12 00:30:26.588,3.9,-0.061791,-0.035841,-113.26529,0,train
normal,8222,normal_0241,40,2022-07-12 00:30:26.688,4.0,-0.071033,0.038546,-120.19588,0,train
normal,8223,normal_0241,41,2022-07-12 00:30:26.788,4.1,0.019759,0.032154,-115.05307,0,train
normal,8224,normal_0241,42,2022-07-12 00:30:26.888,4.2,-0.090606,-0.086317,-100.76917,0,train
normal,8225,normal_0241,43,2022-07-12 00:30:26.988,4.3,0.039049,-0.016358,-74.226507,0,train
normal,8226,normal_0241,44,2022-07-12 00:30:27.088,4.4,0.086721,0.038682,-38.558845,0,train
normal,8227,normal_0241,45,2022-07-12 00:30:27.188,4.5,-0.071305,-0.02426,11.172654,0,train
normal,8228,normal_0241,46,2022-07-12 00:30:27.288,4.6,0.051628,0.043961,53.238994,0,train
normal,8229,normal_0241,47,2022-07-12 00:30:27.388,4.7,-0.066775,-0.014485,103.83416,0,train
normal,8230,normal_0241,48,2022-07-12 00:30:27.488,4.8,-0.134952,-0.107423,124.36403,0,train
normal,8231,normal_0241,49,2022-07-12 00:30:27.588,4.9,0.076787,-0.044276,117.9762,0,train
normal,8232,normal_0242,0,2022-07-12 00:30:29.999,0.0,-0.125418,-0.062036,-242.66437,0,train
normal,8233,normal_0242,1,2022-07-12 00:30:30.099,0.1,0.134651,0.296341,-225.31798,0,train
normal,8234,normal_0242,2,2022-07-12 00:30:30.199,0.2,0.114465,0.276688,-182.44293,0,train
normal,8235,normal_0242,3,2022-07-12 00:30:30.299,0.3,0.0197,-0.148298,-115.3536,0,train
normal,8236,normal_0242,4,2022-07-12 00:30:30.399,0.4,-0.005834,-0.227715,-35.805826,0,train
normal,8237,normal_0242,5,2022-07-12 00:30:30.499,0.5,-0.150713,-0.120392,49.299246,0,train
normal,8238,normal_0242,6,2022-07-12 00:30:30.599,0.6,-0.052042,0.065745,131.53531,0,train
normal,8239,normal_0242,7,2022-07-12 00:30:30.699,0.7,0.131563,0.323089,197.14203,0,train
normal,8240,normal_0242,8,2022-07-12 00:30:30.799,0.8,0.105859,0.09272,241.84707,0,train
normal,8241,normal_0242,9,2022-07-12 00:30:30.899,0.9,0.074786,-0.253384,238.78291,0,train
normal,8242,normal_0242,10,2022-07-12 00:30:30.999,1.0,-0.001293,-0.181598,201.66864,0,train
normal,8243,normal_0242,11,2022-07-12 00:30:31.099,1.1,-0.1048,-0.040862,140.76473,0,train
normal,8244,normal_0242,12,2022-07-12 00:30:31.199,1.2,-0.036022,0.170967,62.241323,0,train
normal,8245,normal_0242,13,2022-07-12 00:30:31.299,1.3,0.062933,0.295819,-20.558121,0,train
normal,8246,normal_0242,14,2022-07-12 00:30:31.399,1.4,0.060594,-0.035413,-106.59744,0,train
normal,8247,normal_0242,15,2022-07-12 00:30:31.499,1.5,0.045619,-0.280859,-177.30047,0,train
normal,8248,normal_0242,16,2022-07-12 00:30:31.599,1.6,-0.038372,-0.156984,-231.35105,0,train
normal,8249,normal_0242,17,2022-07-12 00:30:31.699,1.7,-0.005459,0.055981,-244.293,0,train
normal,8250,normal_0242,18,2022-07-12 00:30:31.799,1.8,0.087865,0.30078,-214.71288,0,train
normal,8251,normal_0242,19,2022-07-12 00:30:31.899,1.9,-0.007253,0.17804,-163.43858,0,train
normal,8252,normal_0242,20,2022-07-12 00:30:31.999,2.0,-0.014417,-0.206177,-88.84586,0,train
normal,8253,normal_0242,21,2022-07-12 00:30:32.099,2.1,-0.047693,-0.257528,-6.756902,0,train
normal,8254,normal_0242,22,2022-07-12 00:30:32.199,2.2,-0.097421,-0.111945,80.995093,0,train
normal,8255,normal_0242,23,2022-07-12 00:30:32.299,2.3,0.099354,0.180469,158.59642,0,train
normal,8256,normal_0242,24,2022-07-12 00:30:32.399,2.4,0.131949,0.330662,219.92197,0,train
normal,8257,normal_0242,25,2022-07-12 00:30:32.499,2.5,-0.004948,-0.01341,250.07477,0,train
normal,8258,normal_0242,26,2022-07-12 00:30:32.599,2.6,-0.017255,-0.224581,230.91581,0,train
normal,8259,normal_0242,27,2022-07-12 00:30:32.699,2.7,-0.142595,-0.17667,185.80248,0,train
normal,8260,normal_0242,28,2022-07-12 00:30:32.799,2.8,-0.174419,-0.075933,115.92211,0,train
normal,8261,normal_0242,29,2022-07-12 00:30:32.899,2.9,0.082154,0.277336,34.534458,0,train
normal,8262,normal_0242,30,2022-07-12 00:30:32.999,3.0,0.153793,0.241981,-51.887876,0,train
normal,8263,normal_0242,31,2022-07-12 00:30:33.099,3.1,0.056518,-0.227181,-135.11028,0,train
normal,8264,normal_0242,32,2022-07-12 00:30:33.199,3.2,0.003476,-0.237172,-201.29027,0,train
normal,8265,normal_0242,33,2022-07-12 00:30:33.299,3.3,-0.105107,-0.080395,-245.62409,0,train
normal,8266,normal_0242,34,2022-07-12 00:30:33.399,3.4,-0.142925,0.04154,-240.46591,0,train
normal,8267,normal_0242,35,2022-07-12 00:30:33.499,3.5,-0.027803,0.316811,-202.26767,0,train
normal,8268,normal_0242,36,2022-07-12 00:30:33.599,3.6,0.030587,0.128279,-141.10305,0,train
normal,8269,normal_0242,37,2022-07-12 00:30:33.699,3.7,-0.027837,-0.30092,-60.902722,0,train
normal,8270,normal_0242,38,2022-07-12 00:30:33.799,3.8,-0.043334,-0.251193,23.883703,0,train
normal,8271,normal_0242,39,2022-07-12 00:30:33.899,3.9,-0.004472,-0.006065,111.21322,0,train
normal,8272,normal_0242,40,2022-07-12 00:30:33.999,4.0,0.049672,0.198828,183.37633,0,train
normal,8273,normal_0242,41,2022-07-12 00:30:34.099,4.1,0.029952,0.225179,238.45437,0,train
normal,8274,normal_0242,42,2022-07-12 00:30:34.199,4.2,-0.025532,-0.071732,250.66045,0,train
normal,8275,normal_0243,0,2022-07-12 00:30:38.043,0.0,-0.003431,0.182607,189.99233,0,train
normal,8276,normal_0243,1,2022-07-12 00:30:38.143,0.1,0.001576,-0.056493,187.59396,0,train
normal,8277,normal_0243,2,2022-07-12 00:30:38.243,0.2,0.072773,-0.100509,158.11076,0,train
normal,8278,normal_0243,3,2022-07-12 00:30:38.343,0.3,-0.002465,-0.114428,116.07684,0,train
normal,8279,normal_0243,4,2022-07-12 00:30:38.443,0.4,-0.003646,0.00184,57.644016,0,train
normal,8280,normal_0243,5,2022-07-12 00:30:38.543,0.5,0.00077,0.183765,-6.14965,0,train
normal,8281,normal_0243,6,2022-07-12 00:30:38.643,0.6,-0.037263,0.07239,-75.43219,0,train
normal,8282,normal_0243,7,2022-07-12 00:30:38.743,0.7,0.009762,-0.081527,-125.57758,0,train
normal,8283,normal_0243,8,2022-07-12 00:30:38.843,0.8,0.014735,-0.171013,-175.79605,0,train
normal,8284,normal_0243,9,2022-07-12 00:30:38.943,0.9,-0.036185,-0.066415,-191.38875,0,train
normal,8285,normal_0243,10,2022-07-12 00:30:39.043,1.0,0.085261,0.180768,-166.49665,0,train
normal,8286,normal_0243,11,2022-07-12 00:30:39.143,1.1,0.059069,0.188511,-132.11514,0,train
normal,8287,normal_0243,12,2022-07-12 00:30:39.243,1.2,-0.087536,-0.028416,-76.878318,0,train
normal,8288,normal_0243,13,2022-07-12 00:30:39.343,1.3,0.043969,-0.088282,-16.074302,0,train
normal,8289,normal_0243,14,2022-07-12 00:30:39.443,1.4,-0.06895,-0.144787,53.380853,0,train
normal,8290,normal_0243,15,2022-07-12 00:30:39.543,1.5,-0.153543,-0.078393,109.35165,0,train
normal,8291,normal_0243,16,2022-07-12 00:30:39.643,1.6,0.149907,0.210093,159.12237,0,train
normal,8292,normal_0243,17,2022-07-12 00:30:39.743,1.7,0.066233,0.110264,191.05377,0,train
normal,8293,normal_0243,18,2022-07-12 00:30:39.843,1.8,0.036385,-0.075521,175.29239,0,train
normal,8294,normal_0243,19,2022-07-12 00:30:39.943,1.9,0.108445,-0.05932,145.72527,0,train
normal,8295,normal_0243,20,2022-07-12 00:30:40.043,2.0,-0.191179,-0.141585,97.496044,0,train
normal,8296,normal_0243,21,2022-07-12 00:30:40.143,2.1,-0.102862,0.065964,40.479903,0,train
normal,8297,normal_0243,22,2022-07-12 00:30:40.243,2.2,0.057525,0.265157,-25.142077,0,train
normal,8298,normal_0243,23,2022-07-12 00:30:40.343,2.3,-0.022061,-0.025362,-87.199341,0,train
normal,8299,normal_0243,24,2022-07-12 00:30:40.443,2.4,0.092448,-0.133525,-136.25159,0,train
normal,8300,normal_0243,25,2022-07-12 00:30:40.543,2.5,0.058172,-0.102439,-181.66818,0,train
normal,8301,normal_0243,26,2022-07-12 00:30:40.643,2.6,-0.022039,-0.065859,-180.25353,0,train
normal,8302,normal_0243,27,2022-07-12 00:30:40.743,2.7,0.014791,0.164624,-154.588,0,train
normal,8303,normal_0243,28,2022-07-12 00:30:40.843,2.8,-0.065839,0.130836,-115.20304,0,train
normal,8304,normal_0244,0,2022-07-12 00:30:46.032,0.0,0.070939,-0.041454,48.359161,0,train
normal,8305,normal_0244,1,2022-07-12 00:30:46.132,0.1,-0.025893,-0.000389,8.038045,0,train
normal,8306,normal_0244,2,2022-07-12 00:30:46.232,0.2,-0.075984,-0.037945,-35.736446,0,train
normal,8307,normal_0244,3,2022-07-12 00:30:46.332,0.3,-0.031763,0.021148,-86.682568,0,train
normal,8308,normal_0244,4,2022-07-12 00:30:46.432,0.4,-0.029299,0.036646,-102.80408,0,train
normal,8309,normal_0244,5,2022-07-12 00:30:46.532,0.5,0.082383,0.023056,-107.90302,0,train
normal,8310,normal_0244,6,2022-07-12 00:30:46.632,0.6,0.103727,0.053573,-103.88745,0,train
normal,8311,normal_0244,7,2022-07-12 00:30:46.732,0.7,-0.015403,-0.057927,-86.621414,0,train
normal,8312,normal_0244,8,2022-07-12 00:30:46.832,0.8,-0.03048,-0.041624,-60.366638,0,train
normal,8313,normal_0244,9,2022-07-12 00:30:46.932,0.9,-0.089154,0.125485,-19.693615,0,train
normal,8314,normal_0244,10,2022-07-12 00:30:47.032,1.0,-0.067991,0.024032,19.931319,0,train
normal,8315,normal_0244,11,2022-07-12 00:30:47.132,1.1,0.050832,-0.031156,73.296794,0,train
normal,8316,normal_0244,12,2022-07-12 00:30:47.232,1.2,0.041976,0.019854,102.26406,0,train
normal,8317,normal_0244,13,2022-07-12 00:30:47.332,1.3,0.040466,-0.098072,107.16487,0,train
normal,8318,normal_0244,14,2022-07-12 00:30:47.432,1.4,0.048141,0.001507,108.71626,0,train
normal,8319,normal_0244,15,2022-07-12 00:30:47.532,1.5,0.010834,0.097851,93.993437,0,train
normal,8320,normal_0245,0,2022-07-12 00:30:53.910,0.0,0.007908,-0.179969,-50.642258,0,train
normal,8321,normal_0245,1,2022-07-12 00:30:54.010,0.1,-0.045362,-0.018787,-129.58957,0,train
normal,8322,normal_0245,2,2022-07-12 00:30:54.110,0.2,-0.132169,0.128647,-177.36473,0,train
normal,8323,normal_0245,3,2022-07-12 00:30:54.210,0.3,0.08326,0.303964,-225.65689,0,train
normal,8324,normal_0245,4,2022-07-12 00:30:54.310,0.4,0.125221,0.069019,-224.68915,0,train
normal,8325,normal_0245,5,2022-07-12 00:30:54.410,0.5,-0.031851,-0.257069,-183.57637,0,train
normal,8326,normal_0246,0,2022-07-12 00:31:02.945,0.0,0.004407,-0.013231,-17.222883,0,train
normal,8327,normal_0246,1,2022-07-12 00:31:03.045,0.1,0.05267,-0.033496,23.860696,0,train
normal,8328,normal_0246,2,2022-07-12 00:31:03.145,0.2,-0.020138,0.007636,77.854523,0,train
normal,8329,normal_0246,3,2022-07-12 00:31:03.245,0.3,-0.003858,-0.055363,104.34331,0,train
normal,8330,normal_0246,4,2022-07-12 00:31:03.345,0.4,0.025002,0.033885,108.38403,0,train
normal,8331,normal_0246,5,2022-07-12 00:31:03.445,0.5,-0.02804,0.059396,109.29157,0,train
normal,8332,normal_0246,6,2022-07-12 00:31:03.545,0.6,0.031519,-0.010949,93.48942,0,train
normal,8333,normal_0246,7,2022-07-12 00:31:03.645,0.7,0.029998,0.027085,71.501383,0,train
normal,8334,normal_0246,8,2022-07-12 00:31:03.745,0.8,-0.045468,-0.044112,31.963948,0,train
normal,8335,normal_0246,9,2022-07-12 00:31:03.845,0.9,-0.003177,-0.04066,-7.498504,0,train
normal,8336,normal_0246,10,2022-07-12 00:31:03.945,1.0,0.015057,0.084521,-58.751709,0,train
normal,8337,normal_0246,11,2022-07-12 00:31:04.045,1.1,0.040295,0.014153,-99.02693,0,train
normal,8338,normal_0246,12,2022-07-12 00:31:04.145,1.2,0.090408,-0.028115,-105.26074,0,train
normal,8339,normal_0246,13,2022-07-12 00:31:04.245,1.3,-0.004414,-0.013276,-110.10791,0,train
normal,8340,normal_0246,14,2022-07-12 00:31:04.345,1.4,-0.082116,-0.061607,-98.733079,0,train
normal,8341,normal_0246,15,2022-07-12 00:31:04.445,1.5,-0.012566,-0.00223,-79.363356,0,train
normal,8342,normal_0246,16,2022-07-12 00:31:04.545,1.6,-0.012486,0.027198,-44.60538,0,train
normal,8343,normal_0246,17,2022-07-12 00:31:04.645,1.7,0.023651,0.0231,-3.23248,0,train
normal,8344,normal_0246,18,2022-07-12 00:31:04.745,1.8,0.091873,0.044898,42.380815,0,train
normal,8345,normal_0246,19,2022-07-12 00:31:04.845,1.9,0.005985,-0.081044,92.805397,0,train
normal,8346,normal_0246,20,2022-07-12 00:31:04.945,2.0,-0.015597,-0.036834,105.96181,0,train
normal,8347,normal_0246,21,2022-07-12 00:31:05.045,2.1,-0.023987,0.110679,110.07453,0,train
normal,8348,normal_0246,22,2022-07-12 00:31:05.145,2.2,-0.027359,-0.02287,104.51378,0,train
normal,8349,normal_0246,23,2022-07-12 00:31:05.245,2.3,0.039262,-0.03319,86.505304,0,train
normal,8350,normal_0246,24,2022-07-12 00:31:05.345,2.4,0.026228,0.013733,58.939822,0,train
normal,8351,normal_0246,25,2022-07-12 00:31:05.445,2.5,0.03916,-0.069974,17.210962,0,train
normal,8352,normal_0246,26,2022-07-12 00:31:05.545,2.6,0.024003,0.025541,-23.123148,0,train
normal,8353,normal_0246,27,2022-07-12 00:31:05.645,2.7,-0.037384,0.044058,-77.638397,0,train
normal,8354,normal_0246,28,2022-07-12 00:31:05.745,2.8,0.013501,-0.027218,-103.80555,0,train
normal,8355,normal_0246,29,2022-07-12 00:31:05.845,2.9,-0.020672,0.031467,-107.08119,0,train
normal,8356,normal_0246,30,2022-07-12 00:31:05.945,3.0,-0.074611,-0.040785,-108.27531,0,train
normal,8357,normal_0246,31,2022-07-12 00:31:06.045,3.1,0.026875,-0.038185,-92.459332,0,train
normal,8358,normal_0246,32,2022-07-12 00:31:06.145,3.2,0.023129,0.12118,-70.554503,0,train
normal,8359,normal_0246,33,2022-07-12 00:31:06.245,3.3,0.031871,0.035021,-30.121688,0,train
normal,8360,normal_0246,34,2022-07-12 00:31:06.345,3.4,0.062286,-0.013197,9.367109,0,train
normal,8361,normal_0246,35,2022-07-12 00:31:06.445,3.5,-0.066823,-0.00391,60.724981,0,train
normal,8362,normal_0246,36,2022-07-12 00:31:06.545,3.6,-0.057979,-0.115183,101.67743,0,train
normal,8363,normal_0246,37,2022-07-12 00:31:06.645,3.7,-0.005254,0.03535,106.83323,0,train
normal,8364,normal_0246,38,2022-07-12 00:31:06.745,3.8,-0.024282,0.087291,110.89398,0,train
normal,8365,normal_0246,39,2022-07-12 00:31:06.845,3.9,0.050536,-0.075833,99.052918,0,train
normal,8366,normal_0246,40,2022-07-12 00:31:06.945,4.0,0.042543,0.01966,79.638252,0,train
normal,8367,normal_0246,41,2022-07-12 00:31:07.045,4.1,-0.055129,0.024224,44.786578,0,train
normal,8368,normal_0246,42,2022-07-12 00:31:07.145,4.2,-0.047193,-0.058701,3.660441,0,train
normal,8369,normal_0246,43,2022-07-12 00:31:07.245,4.3,-0.065438,0.053856,-41.456466,0,train
normal,8370,normal_0246,44,2022-07-12 00:31:07.345,4.4,-0.069468,-0.004455,-92.113148,0,train
normal,8371,normal_0246,45,2022-07-12 00:31:07.445,4.5,0.071698,-0.058281,-104.65552,0,train
normal,8372,normal_0246,46,2022-07-12 00:31:07.545,4.6,0.041305,0.036848,-108.97685,0,train
normal,8373,normal_0246,47,2022-07-12 00:31:07.645,4.7,-0.032934,-0.077695,-104.08117,0,train
normal,8374,normal_0246,48,2022-07-12 00:31:07.745,4.8,0.0103,-0.026333,-85.934888,0,train
normal,8375,normal_0246,49,2022-07-12 00:31:07.845,4.9,-0.077189,0.125949,-58.182246,0,train
normal,8376,normal_0247,0,2022-07-12 00:31:10.998,0.0,0.008775,-0.086955,88.254701,0,train
normal,8377,normal_0247,1,2022-07-12 00:31:11.098,0.1,-0.192893,-0.073002,139.77386,0,train
normal,8378,normal_0247,2,2022-07-12 00:31:11.198,0.2,0.112726,0.120401,169.76955,0,train
normal,8379,normal_0247,3,2022-07-12 00:31:11.298,0.3,0.105323,0.146718,150.86486,0,train
normal,8380,normal_0247,4,2022-07-12 00:31:11.398,0.4,-0.023343,-0.091236,127.27334,0,train
normal,8381,normal_0247,5,2022-07-12 00:31:11.498,0.5,0.114429,-0.115157,86.582552,0,train
normal,8382,normal_0247,6,2022-07-12 00:31:11.598,0.6,-0.10931,-0.056222,42.601233,0,train
normal,8383,normal_0247,7,2022-07-12 00:31:11.698,0.7,-0.10704,0.019527,-18.826487,0,train
normal,8384,normal_0247,8,2022-07-12 00:31:11.798,0.8,0.076157,0.164894,-71.295031,0,train
normal,8385,normal_0247,9,2022-07-12 00:31:11.898,0.9,-0.057562,0.04279,-116.35615,0,train
normal,8386,normal_0247,10,2022-07-12 00:31:11.998,1.0,0.090734,-0.11787,-163.88442,0,train
normal,8387,normal_0247,11,2022-07-12 00:31:12.098,1.1,0.120514,-0.083493,-156.29925,0,train
normal,8388,normal_0247,12,2022-07-12 00:31:12.198,1.2,-0.102668,-0.054008,-134.75348,0,train
normal,8389,normal_0247,13,2022-07-12 00:31:12.298,1.3,0.042176,0.094652,-101.37416,0,train
normal,8390,normal_0247,14,2022-07-12 00:31:12.398,1.4,0.003042,0.163464,-57.615168,0,train
normal,8391,normal_0247,15,2022-07-12 00:31:12.498,1.5,-0.084708,-0.016588,-2.6263,0,train
normal,8392,normal_0247,16,2022-07-12 00:31:12.598,1.6,0.111874,-0.089317,58.49386,0,train
normal,8393,normal_0247,17,2022-07-12 00:31:12.698,1.7,-0.034049,-0.114305,99.108112,0,train
normal,8394,normal_0247,18,2022-07-12 00:31:12.798,1.8,-0.067587,-0.037319,152.57813,0,train
normal,8395,normal_0247,19,2022-07-12 00:31:12.898,1.9,0.15865,0.199601,163.48495,0,train
normal,8396,normal_0247,20,2022-07-12 00:31:12.998,2.0,0.003416,0.102746,141.16909,0,train
normal,8397,normal_0247,21,2022-07-12 00:31:13.098,2.1,-0.025024,-0.11208,115.17514,0,train
normal,8398,normal_0247,22,2022-07-12 00:31:13.198,2.2,0.084785,-0.093222,73.320278,0,train
normal,8399,normal_0247,23,2022-07-12 00:31:13.298,2.3,-0.138318,-0.076851,26.661995,0,train
normal,8400,normal_0247,24,2022-07-12 00:31:13.398,2.4,-0.044358,0.0714,-37.418012,0,train
normal,8401,normal_0247,25,2022-07-12 00:31:13.498,2.5,0.113952,0.195173,-81.193695,0,train
normal,8402,normal_0247,26,2022-07-12 00:31:13.598,2.6,-0.05595,-0.029565,-132.32161,0,train
normal,8403,normal_0247,27,2022-07-12 00:31:13.698,2.7,0.119572,-0.124716,-164.2107,0,train
normal,8404,normal_0247,28,2022-07-12 00:31:13.798,2.8,0.080165,-0.047696,-145.96905,0,train
normal,8405,normal_0247,29,2022-07-12 00:31:13.898,2.9,-0.15537,-0.02122,-125.11851,0,train
normal,8406,normal_0247,30,2022-07-12 00:31:13.998,3.0,0.014645,0.151236,-86.783419,0,train
normal,8407,normal_0247,31,2022-07-12 00:31:14.098,3.1,-0.073241,0.113963,-43.36298,0,train
normal,8408,normal_0247,32,2022-07-12 00:31:14.198,3.2,-0.050364,-0.104485,16.772153,0,train
normal,8409,normal_0247,33,2022-07-12 00:31:14.298,3.3,0.146536,-0.106506,69.215425,0,train
normal,8410,normal_0247,34,2022-07-12 00:31:14.398,3.4,-0.047775,-0.078963,114.88284,0,train
normal,8411,normal_0247,35,2022-07-12 00:31:14.498,3.5,0.025351,0.052985,160.99848,0,train
normal,8412,normal_0247,36,2022-07-12 00:31:14.598,3.6,0.079097,0.166609,154.80401,0,train
normal,8413,normal_0247,37,2022-07-12 00:31:14.698,3.7,-0.129156,0.010206,134.26425,0,train
normal,8414,normal_0247,38,2022-07-12 00:31:14.798,3.8,0.043369,-0.080677,101.43234,0,train
normal,8415,normal_0247,39,2022-07-12 00:31:14.898,3.9,-0.01602,-0.082721,59.307225,0,train
normal,8416,normal_0247,40,2022-07-12 00:31:14.998,4.0,-0.17366,-0.053123,6.943703,0,train
normal,8417,normal_0247,41,2022-07-12 00:31:15.098,4.1,0.082288,0.144333,-51.290041,0,train
normal,8418,normal_0247,42,2022-07-12 00:31:15.198,4.2,0.012068,0.127417,-95.00159,0,train
normal,8419,normal_0247,43,2022-07-12 00:31:15.298,4.3,-0.013579,-0.092882,-147.53713,0,train
normal,8420,normal_0247,44,2022-07-12 00:31:15.398,4.4,0.160534,-0.112262,-158.45706,0,train
normal,8421,normal_0247,45,2022-07-12 00:31:15.498,4.5,-0.080382,-0.0954359999999999,-140.33844,0,train
normal,8422,normal_0247,46,2022-07-12 00:31:15.598,4.6,-0.094017,0.018233,-115.18825,0,train
normal,8423,normal_0247,47,2022-07-12 00:31:15.698,4.7,0.045174,0.191177,-73.606381,0,train
normal,8424,normal_0247,48,2022-07-12 00:31:15.798,4.8,-0.107539,0.04195,-26.776675,0,train
normal,8425,normal_0247,49,2022-07-12 00:31:15.898,4.9,0.028564,-0.091599,33.774618,0,train
normal,8426,normal_0248,0,2022-07-12 00:31:17.932,0.0,-0.014436,-0.068083,127.48088,0,train
normal,8427,normal_0248,1,2022-07-12 00:31:18.032,0.1,0.110847,0.006224,124.32803,0,train
normal,8428,normal_0248,2,2022-07-12 00:31:18.132,0.2,-0.118818,-0.046909,115.33929,0,train
normal,8429,normal_0248,3,2022-07-12 00:31:18.232,0.3,0.060019,-0.011759,90.814482,0,train
normal,8430,normal_0248,4,2022-07-12 00:31:18.332,0.4,0.054524,0.009403,61.760552,0,train
normal,8431,normal_0248,5,2022-07-12 00:31:18.432,0.5,-0.16162,-0.049293,18.393042,0,train
normal,8432,normal_0248,6,2022-07-12 00:31:18.532,0.6,0.043193,0.000582,-29.760603,0,train
normal,8433,normal_0248,7,2022-07-12 00:31:18.632,0.7,-0.03754,-0.059489,-72.905668,0,train
normal,8434,normal_0248,8,2022-07-12 00:31:18.732,0.8,-0.099177,-0.068015,-120.32618,0,train
normal,8435,normal_0248,9,2022-07-12 00:31:18.832,0.9,0.13168,0.107018,-127.2781,0,train
normal,8436,normal_0248,10,2022-07-12 00:31:18.932,1.0,0.042864,0.027398,-118.65713,0,train
normal,8437,normal_0248,11,2022-07-12 00:31:19.032,1.1,0.057498,-0.097136,-100.26504,0,train
normal,8438,normal_0248,12,2022-07-12 00:31:19.132,1.2,0.09904,-0.055265,-70.737728,0,train
normal,8439,normal_0248,13,2022-07-12 00:31:19.232,1.3,-0.074745,-0.065018,-33.049111,0,train
normal,8440,normal_0248,14,2022-07-12 00:31:19.332,1.4,-0.030206,0.086923,19.17279,0,train
normal,8441,normal_0248,15,2022-07-12 00:31:19.432,1.5,0.024733,0.15745,60.741551,0,train
normal,8442,normal_0248,16,2022-07-12 00:31:19.532,1.6,-0.039924,-0.038735,111.15815,0,train
normal,8443,normal_0248,17,2022-07-12 00:31:19.632,1.7,0.003173,-0.051859,132.95223,0,train
normal,8444,normal_0248,18,2022-07-12 00:31:19.732,1.8,0.001651,0.00686,124.06839,0,train
normal,8445,normal_0248,19,2022-07-12 00:31:19.832,1.9,-0.045499,0.033063,110.01815,0,train
normal,8446,normal_0248,20,2022-07-12 00:31:19.932,2.0,0.018625,0.105883,80.231199,0,train
normal,8447,normal_0248,21,2022-07-12 00:31:20.032,2.1,-0.040923,0.036015,47.967797,0,train
normal,8448,normal_0248,22,2022-07-12 00:31:20.132,2.2,-0.035689,-0.034614,-2.689839,0,train
normal,8449,normal_0248,23,2022-07-12 00:31:20.232,2.3,0.133168,-0.020263,-46.968466,0,train
normal,8450,normal_0248,24,2022-07-12 00:31:20.332,2.4,0.049948,-0.048805,-94.37133,0,train
normal,8451,normal_0248,25,2022-07-12 00:31:20.432,2.5,0.053876,0.029759,-131.33361,0,train
normal,8452,normal_0248,26,2022-07-12 00:31:20.532,2.6,0.104978,0.091408,-126.4974,0,train
normal,8453,normal_0248,27,2022-07-12 00:31:20.632,2.7,-0.100755,-0.034761,-115.78287,0,train
normal,8454,normal_0248,28,2022-07-12 00:31:20.732,2.8,-0.046975,-0.042629,-89.568745,0,train
normal,8455,normal_0248,29,2022-07-12 00:31:20.832,2.9,-0.010928,-0.013531,-58.44558,0,train
normal,8456,normal_0248,30,2022-07-12 00:31:20.932,3.0,-0.150221,-0.056469,-13.432981,0,train
normal,8457,normal_0248,31,2022-07-12 00:31:21.032,3.1,0.099959,0.06114,36.088948,0,train
normal,8458,normal_0248,32,2022-07-12 00:31:21.132,3.2,0.120838,0.071573,79.573641,0,train
normal,8459,normal_0248,33,2022-07-12 00:31:21.232,3.3,-0.043966,-0.065642,126.66537,0,train
normal,8460,normal_0248,34,2022-07-12 00:31:21.332,3.4,0.134303,-0.037475,132.50591,0,train
normal,8461,normal_0248,35,2022-07-12 00:31:21.432,3.5,-0.045703,-0.044809,121.87387,0,train
normal,8462,normal_0248,36,2022-07-12 00:31:21.532,3.6,-0.126675,-0.027279,100.96873,0,train
normal,8463,normal_0248,37,2022-07-12 00:31:21.632,3.7,0.111063,0.129487,69.520363,0,train
normal,8464,normal_0248,38,2022-07-12 00:31:21.732,3.8,-0.029025,0.053,31.624202,0,train
normal,8465,normal_0248,39,2022-07-12 00:31:21.832,3.9,0.022439,-0.082263,-20.691516,0,train
normal,8466,normal_0248,40,2022-07-12 00:31:21.932,4.0,0.075675,-0.051609,-62.296636,0,train
normal,8467,normal_0248,41,2022-07-12 00:31:22.032,4.1,-0.159747,-0.02896,-112.07177,0,train
normal,8468,normal_0248,42,2022-07-12 00:31:22.132,4.2,-0.009225,0.055225,-133.33739,0,train
normal,8469,normal_0248,43,2022-07-12 00:31:22.232,4.3,-0.012222,0.061696,-123.60717,0,train
normal,8470,normal_0248,44,2022-07-12 00:31:22.332,4.4,-0.132737,-0.056457,-109.25127,0,train
normal,8471,normal_0248,45,2022-07-12 00:31:22.432,4.5,0.089196,-0.02938,-79.229722,0,train
normal,8472,normal_0248,46,2022-07-12 00:31:22.532,4.6,-0.037551,0.020484,-46.831852,0,train
normal,8473,normal_0248,47,2022-07-12 00:31:22.632,4.7,-0.052174,0.064807,3.888727,0,train
normal,8474,normal_0248,48,2022-07-12 00:31:22.732,4.8,0.127003,0.096539,48.555142,0,train
normal,8475,normal_0248,49,2022-07-12 00:31:22.832,4.9,-0.113811,-0.025429,95.788729,0,train
normal,8476,normal_0249,0,2022-07-12 00:31:25.907,0.0,-0.05714,-0.054028,-178.6504,0,train
normal,8477,normal_0249,1,2022-07-12 00:31:26.007,0.1,-0.050249,0.097425,-229.61369,0,train
normal,8478,normal_0249,2,2022-07-12 00:31:26.107,0.2,0.029281,0.224536,-238.84585,0,train
normal,8479,normal_0249,3,2022-07-12 00:31:26.207,0.3,0.028134,0.054407,-204.60155,0,train
normal,8480,normal_0249,4,2022-07-12 00:31:26.307,0.4,-0.014634,-0.230219,-150.35381,0,train
normal,8481,normal_0249,5,2022-07-12 00:31:26.407,0.5,-0.080369,-0.21932,-76.096186,0,train
normal,8482,normal_0249,6,2022-07-12 00:31:26.507,0.6,-0.068494,0.014659,2.200723,0,train
normal,8483,normal_0249,7,2022-07-12 00:31:26.607,0.7,0.053588,0.26098,85.850487,0,train
normal,8484,normal_0249,8,2022-07-12 00:31:26.707,0.8,0.037342,0.193655,159.05585,0,train
normal,8485,normal_0249,9,2022-07-12 00:31:26.807,0.9,-0.033185,-0.137247,217.04152,0,train
normal,8486,normal_0249,10,2022-07-12 00:31:26.907,1.0,0.023139,-0.219627,242.99875,0,train
normal,8487,normal_0249,11,2022-07-12 00:31:27.007,1.1,-0.052485,-0.104777,220.26577,0,train
normal,8488,normal_0249,12,2022-07-12 00:31:27.107,1.2,-0.045923,0.063274,172.61018,0,train
normal,8489,normal_0249,13,2022-07-12 00:31:27.207,1.3,0.144323,0.299218,102.47065,0,train
normal,8490,normal_0249,14,2022-07-12 00:31:27.307,1.4,0.043461,0.117475,25.64812,0,train
normal,8491,normal_0249,15,2022-07-12 00:31:27.407,1.5,-0.054211,-0.22402,-55.85695,0,train
normal,8492,normal_0249,16,2022-07-12 00:31:27.507,1.6,-0.020549,-0.189881,-134.00127,0,train
normal,8493,normal_0249,17,2022-07-12 00:31:27.607,1.7,-0.131413,-0.075054,-197.14084,0,train
normal,8494,normal_0249,18,2022-07-12 00:31:27.707,1.8,0.032948,0.176409,-238.55355,0,train
normal,8495,normal_0249,19,2022-07-12 00:31:27.807,1.9,0.218494,0.314386,-230.32358,0,train
normal,8496,normal_0249,20,2022-07-12 00:31:27.907,2.0,0.037376,-0.061816,-190.35818,0,train
normal,8497,normal_0249,21,2022-07-12 00:31:28.007,2.1,-0.041291,-0.258353,-127.58495,0,train
normal,8498,normal_0249,22,2022-07-12 00:31:28.107,2.2,-0.078484,-0.095252,-50.855404,0,train
normal,8499,normal_0249,23,2022-07-12 00:31:28.207,2.3,-0.115859,0.033517,28.885964,0,train
normal,8500,normal_0249,24,2022-07-12 00:31:28.307,2.4,0.055881,0.256768,111.14372,0,train
normal,8501,normal_0249,25,2022-07-12 00:31:28.407,2.5,0.123286,0.218076,179.0662,0,train
normal,8502,normal_0249,26,2022-07-12 00:31:28.507,2.6,0.065066,-0.18761,230.71053,0,train
normal,8503,normal_0249,27,2022-07-12 00:31:28.607,2.7,0.020823,-0.243786,239.28538,0,train
normal,8504,normal_0249,28,2022-07-12 00:31:28.707,2.8,-0.08147,-0.034387,207.55305,0,train
normal,8505,normal_0249,29,2022-07-12 00:31:28.807,2.9,-0.019061,0.136593,152.29656,0,train
normal,8506,normal_0249,30,2022-07-12 00:31:28.907,3.0,0.046118,0.286536,77.014813,0,train
normal,8507,normal_0249,31,2022-07-12 00:31:29.007,3.1,-0.006698,0.056519,-0.71168,0,train
normal,8508,normal_0249,32,2022-07-12 00:31:29.107,3.2,0.050216,-0.285714,-83.614717,0,train
normal,8509,normal_0249,33,2022-07-12 00:31:29.207,3.3,-0.037136,-0.221148,-156.32536,0,train
normal,8510,normal_0249,34,2022-07-12 00:31:29.307,3.4,-0.029506,0.041862,-215.47845,0,train
normal,8511,normal_0250,0,2022-07-12 00:31:33.901,0.0,-0.070602,0.058381,-119.58565,0,train
normal,8512,normal_0250,1,2022-07-12 00:31:34.001,0.1,0.028217,-0.086975,-71.89227,0,train
normal,8513,normal_0250,2,2022-07-12 00:31:34.101,0.2,0.039172,-0.114597,-18.983247,0,train
normal,8514,normal_0250,3,2022-07-12 00:31:34.201,0.3,-0.094762,-0.126825,52.546984,0,train
normal,8515,normal_0250,4,2022-07-12 00:31:34.301,0.4,0.078534,0.135833,100.88159,0,train
normal,8516,normal_0250,5,2022-07-12 00:31:34.401,0.5,0.072778,0.192032,148.06415,0,train
normal,8517,normal_0250,6,2022-07-12 00:31:34.501,0.6,-0.056502,-0.060226,180.98225,0,train
normal,8518,normal_0250,7,2022-07-12 00:31:34.601,0.7,0.076661,-0.078948,160.03229,0,train
normal,8519,normal_0250,8,2022-07-12 00:31:34.701,0.8,-0.039835,-0.098396,132.87152,0,train
normal,8520,normal_0250,9,2022-07-12 00:31:34.801,0.9,-0.157864,-0.053278,88.871728,0,train
normal,8521,normal_0250,10,2022-07-12 00:31:34.901,1.0,0.095155,0.205656,39.680247,0,train
normal,8522,normal_0250,11,2022-07-12 00:31:35.001,1.1,0.053523,0.092611,-26.352528,0,train
normal,8523,normal_0250,12,2022-07-12 00:31:35.101,1.2,-0.026222,-0.132365,-85.074912,0,train
normal,8524,normal_0250,13,2022-07-12 00:31:35.201,1.3,0.131463,-0.081832,-128.40582,0,train
normal,8525,normal_0250,14,2022-07-12 00:31:35.301,1.4,-0.073509,-0.091266,-174.57046,0,train
normal,8526,normal_0250,15,2022-07-12 00:31:35.401,1.5,-0.094456,0.070325,-167.3062,0,train
normal,8527,normal_0250,16,2022-07-12 00:31:35.501,1.6,0.06499,0.215147,-141.52684,0,train
normal,8528,normal_0250,17,2022-07-12 00:31:35.601,1.7,-0.074996,-0.023533,-105.06548,0,train
normal,8529,normal_0250,18,2022-07-12 00:31:35.701,1.8,0.036039,-0.101053,-56.030399,0,train
normal,8530,normal_0250,19,2022-07-12 00:31:35.801,1.9,0.040909,-0.084091,2.595783,0,train
normal,8531,normal_0250,20,2022-07-12 00:31:35.901,2.0,-0.092934,-0.063121,69.524654,0,train
normal,8532,normal_0250,21,2022-07-12 00:31:36.001,2.1,0.041909,0.148765,114.55227,0,train
normal,8533,normal_0250,22,2022-07-12 00:31:36.101,2.2,-0.038325,0.086764,164.55497,0,train
normal,8534,normal_0251,0,2022-07-12 00:31:41.922,0.0,-0.001031,-0.061896,9.95648,0,train
normal,8535,normal_0251,1,2022-07-12 00:31:42.022,0.1,0.019939,-0.05732,-33.139471,0,train
normal,8536,normal_0251,2,2022-07-12 00:31:42.122,0.2,-0.014428,0.0874,-86.128722,0,train
normal,8537,normal_0251,3,2022-07-12 00:31:42.222,0.3,0.005611,0.027194,-105.34049,0,train
normal,8538,normal_0251,4,2022-07-12 00:31:42.322,0.4,0.063944,0.001376,-108.61863,0,train
normal,8539,normal_0251,5,2022-07-12 00:31:42.422,0.5,0.022561,0.069042,-106.39705,0,train
normal,8540,normal_0251,6,2022-07-12 00:31:42.522,0.6,0.004725,-0.005685,-88.854562,0,train
normal,8541,normal_0251,7,2022-07-12 00:31:42.622,0.7,0.10502,0.023754,-64.277418,0,train
normal,8542,normal_0251,8,2022-07-12 00:31:42.722,0.8,0.070608,0.046846,-22.439363,0,train
normal,8543,normal_0252,0,2022-07-12 00:31:51.200,0.0,-0.042587,-0.043253,-77.939043,0,train
normal,8544,normal_0252,1,2022-07-12 00:31:51.300,0.1,0.03952,0.235061,-5.56469,0,train
normal,8545,normal_0252,2,2022-07-12 00:31:51.400,0.2,-0.012274,0.138558,78.175316,0,train
normal,8546,normal_0252,3,2022-07-12 00:31:51.500,0.3,0.024511,-0.083887,142.25508,0,train
normal,8547,normal_0252,4,2022-07-12 00:31:51.600,0.4,0.079733,-0.132944,189.86943,0,train
normal,8548,normal_0252,5,2022-07-12 00:31:51.700,0.5,-0.115759,-0.171193,228.25411,0,train
normal,8549,normal_0252,6,2022-07-12 00:31:51.800,0.6,-0.108958,0.034006,204.92389,0,train
normal,8550,normal_0252,7,2022-07-12 00:31:51.900,0.7,0.111375,0.289477,163.11314,0,train
normal,8551,normal_0252,8,2022-07-12 00:31:52.000,0.8,0.005097,0.016295,103.21654,0,train
normal,8552,normal_0252,9,2022-07-12 00:31:52.100,0.9,0.011863,-0.146545,32.569293,0,train
normal,8553,normal_0252,10,2022-07-12 00:31:52.200,1.0,0.108604,-0.0741,-46.323424,0,train
normal,8554,normal_0252,11,2022-07-12 00:31:52.300,1.1,-0.166054,-0.128868,-122.22923,0,train
normal,8555,normal_0252,12,2022-07-12 00:31:52.400,1.2,-0.101488,0.099412,-169.6383,0,train
normal,8556,normal_0252,13,2022-07-12 00:31:52.500,1.3,0.131515,0.259323,-218.19999,0,train
normal,8557,normal_0252,14,2022-07-12 00:31:52.600,1.4,-0.023911,-0.034409,-214.44371,0,train
normal,8558,normal_0252,15,2022-07-12 00:31:52.700,1.5,0.035103,-0.208682,-175.11501,0,train
normal,8559,normal_0252,16,2022-07-12 00:31:52.800,1.6,-0.005541,-0.12083,-125.32856,0,train
normal,8560,normal_0252,17,2022-07-12 00:31:52.900,1.7,-0.107357,-0.012985,-55.06838,0,train
normal,8561,normal_0252,18,2022-07-12 00:31:53.000,1.8,0.069299,0.222901,18.820884,0,train
normal,8562,normal_0252,19,2022-07-12 00:31:53.100,1.9,0.01972,0.183733,100.82115,0,train
normal,8563,normal_0252,20,2022-07-12 00:31:53.200,2.0,-0.006268,-0.130424,154.18901,0,train
normal,8564,normal_0252,21,2022-07-12 00:31:53.300,2.1,-0.029962,-0.207887,204.60548,0,train
normal,8565,normal_0252,22,2022-07-12 00:31:53.400,2.2,-0.126022,-0.101155,223.28356,0,train
normal,8566,normal_0252,23,2022-07-12 00:31:53.500,2.3,0.089542,0.166022,188.6759,0,train
normal,8567,normal_0252,24,2022-07-12 00:31:53.600,2.4,0.091518,0.243349,145.02122,0,train
normal,8568,normal_0252,25,2022-07-12 00:31:53.700,2.5,-0.041747,0.003761,79.119692,0,train
normal,8569,normal_0252,26,2022-07-12 00:31:53.800,2.6,0.06578,-0.148521,9.489776,0,train
normal,8570,normal_0252,27,2022-07-12 00:31:53.900,2.7,-0.14471,-0.209851,-71.511754,0,train
normal,8571,normal_0252,28,2022-07-12 00:31:54.000,2.8,-0.109969,-0.038735,-134.72225,0,train
normal,8572,normal_0252,29,2022-07-12 00:31:54.100,2.9,0.173148,0.283789,-182.82046,0,train
normal,8573,normal_0252,30,2022-07-12 00:31:54.200,3.0,-0.000659,0.122243,-221.00535,0,train
normal,8574,normal_0252,31,2022-07-12 00:31:54.300,3.1,0.050589,-0.116255,-199.15917,0,train
normal,8575,normal_0252,32,2022-07-12 00:31:54.400,3.2,0.086102,-0.111089,-160.22291,0,train
normal,8576,normal_0252,33,2022-07-12 00:31:54.500,3.3,-0.170936,-0.173078,-103.03129,0,train
normal,8577,normal_0252,34,2022-07-12 00:31:54.600,3.4,-0.032903,0.111594,-33.179406,0,train
normal,8578,normal_0252,35,2022-07-12 00:31:54.700,3.5,0.110591,0.333346,43.715363,0,train
normal,8579,normal_0252,36,2022-07-12 00:31:54.800,3.6,-0.032812,-0.016584,117.57685,0,train
normal,8580,normal_0252,37,2022-07-12 00:31:54.900,3.7,0.013612,-0.196852,165.02668,0,train
normal,8581,normal_0252,38,2022-07-12 00:31:55.000,3.8,0.048523,-0.113689,213.02929,0,train
normal,8582,normal_0252,39,2022-07-12 00:31:55.100,3.9,-0.021606,-0.040279,210.67538,0,train
normal,8583,normal_0252,40,2022-07-12 00:31:55.200,4.0,0.021775,0.170075,173.36657,0,train
normal,8584,normal_0252,41,2022-07-12 00:31:55.300,4.1,0.005153,0.157473,124.98941,0,train
normal,8585,normal_0252,42,2022-07-12 00:31:55.400,4.2,0.012976,-0.066539,57.304508,0,train
normal,8586,normal_0252,43,2022-07-12 00:31:55.500,4.3,0.004359,-0.139847,-13.213755,0,train
normal,8587,normal_0252,44,2022-07-12 00:31:55.600,4.4,-0.051988,-0.119593,-92.66771,0,train
normal,8588,normal_0252,45,2022-07-12 00:31:55.700,4.5,0.009002,0.084857,-144.81844,0,train
normal,8589,normal_0252,46,2022-07-12 00:31:55.800,4.6,-0.007256,0.202193,-195.02034,0,train
normal,8590,normal_0252,47,2022-07-12 00:31:55.900,4.7,0.000101,0.037298,-215.05907,0,train
normal,8591,normal_0252,48,2022-07-12 00:31:56.000,4.8,0.08625,-0.102869,-182.57382,0,train
normal,8592,normal_0252,49,2022-07-12 00:31:56.100,4.9,-0.044597,-0.203822,-142.57969,0,train
normal,8593,normal_0253,0,2022-07-12 00:31:58.020,0.0,0.060566,-0.011324,-6.458522,0,train
normal,8594,normal_0253,1,2022-07-12 00:31:58.120,0.1,-0.062413,-0.00139,36.464099,0,train
normal,8595,normal_0253,2,2022-07-12 00:31:58.220,0.2,-0.041194,-0.046258,87.020765,0,train
normal,8596,normal_0253,3,2022-07-12 00:31:58.320,0.3,0.01865,0.07991,103.49132,0,train
normal,8597,normal_0253,4,2022-07-12 00:31:58.420,0.4,-0.021609,0.007579,108.33706,0,train
normal,8598,normal_0253,5,2022-07-12 00:31:58.520,0.5,0.085554,-0.046985,104.09774,0,train
normal,8599,normal_0253,6,2022-07-12 00:31:58.620,0.6,0.063415,0.057885,86.449633,0,train
normal,8600,normal_0253,7,2022-07-12 00:31:58.720,0.7,-0.03403,-0.060632,60.666688,0,train
normal,8601,normal_0253,8,2022-07-12 00:31:58.820,0.8,0.018854,-0.008906,19.767883,0,train
normal,8602,normal_0253,9,2022-07-12 00:31:58.920,0.9,-0.034972,0.127015,-19.597533,0,train
normal,8603,normal_0253,10,2022-07-12 00:31:59.020,1.0,0.006626,-0.028309,-71.838149,0,train
normal,8604,normal_0253,11,2022-07-12 00:31:59.120,1.1,0.088461,-0.028264,-100.47008,0,train
normal,8605,normal_0253,12,2022-07-12 00:31:59.220,1.2,-0.007066,0.004195,-105.35468,0,train
normal,8606,normal_0253,13,2022-07-12 00:31:59.320,1.3,0.012031,-0.071372,-107.34691,0,train
normal,8607,normal_0253,14,2022-07-12 00:31:59.420,1.4,0.028811,0.033646,-91.450344,0,train
normal,8608,normal_0253,15,2022-07-12 00:31:59.520,1.5,0.001336,0.055387,-69.931396,0,train
normal,8609,normal_0253,16,2022-07-12 00:31:59.620,1.6,0.069478,-0.001549,-31.10886,0,train
normal,8610,normal_0253,17,2022-07-12 00:31:59.720,1.7,0.018207,0.025313,8.488418,0,train
normal,8611,normal_0253,18,2022-07-12 00:31:59.820,1.8,-0.043964,-0.054751,57.223684,0,train
normal,8612,normal_0253,19,2022-07-12 00:31:59.920,1.9,0.015754,-0.010904,98.455322,0,train
normal,8613,normal_0253,20,2022-07-12 00:32:00.020,2.0,0.025348,0.130432,105.25228,0,train
normal,8614,normal_0253,21,2022-07-12 00:32:00.120,2.1,0.045557,-0.013618,109.18571,0,train
normal,8615,normal_0253,22,2022-07-12 00:32:00.220,2.2,0.062371,-0.078797,97.746026,0,train
normal,8616,normal_0253,23,2022-07-12 00:32:00.320,2.3,-0.023982,0.020476,78.546295,0,train
normal,8617,normal_0253,24,2022-07-12 00:32:00.420,2.4,-0.038185,-0.024801,45.789247,0,train
normal,8618,normal_0253,25,2022-07-12 00:32:00.520,2.5,-0.01021,0.003015,5.032778,0,train
normal,8619,normal_0253,26,2022-07-12 00:32:00.620,2.6,-0.036788,0.046112,-37.983422,0,train
normal,8620,normal_0253,27,2022-07-12 00:32:00.720,2.7,0.037871,0.007272,-88.19748,0,train
normal,8621,normal_0253,28,2022-07-12 00:32:00.820,2.8,0.076029,0.020839,-103.4819,0,train
normal,8622,normal_0253,29,2022-07-12 00:32:00.920,2.9,-0.024152,-0.040741,-107.5709,0,train
normal,8623,normal_0253,30,2022-07-12 00:32:01.020,3.0,-0.03101,-0.023575,-102.90481,0,train
normal,8624,normal_0253,31,2022-07-12 00:32:01.120,3.1,-0.023516,0.117444,-84.301482,0,train
normal,8625,normal_0253,32,2022-07-12 00:32:01.220,3.2,-0.025855,0.015356,-57.669408,0,train
normal,8626,normal_0253,33,2022-07-12 00:32:01.320,3.3,0.021238,-0.08478,-16.013267,0,train
normal,8627,normal_0253,34,2022-07-12 00:32:01.420,3.4,-0.02464,-0.00147,23.524287,0,train
normal,8628,normal_0253,35,2022-07-12 00:32:01.520,3.5,-0.00727,-0.047087,75.790772,0,train
normal,8629,normal_0253,36,2022-07-12 00:32:01.620,3.6,0.04206,-0.017818,104.00833,0,train
normal,8630,normal_0253,37,2022-07-12 00:32:01.720,3.7,-0.019407,0.067853,107.35954,0,train
normal,8631,normal_0253,38,2022-07-12 00:32:01.820,3.8,-0.012072,-0.019056,108.08016,0,train
normal,8632,normal_0253,39,2022-07-12 00:32:01.920,3.9,-0.03068,-0.016172,91.72238,0,train
normal,8633,normal_0253,40,2022-07-12 00:32:02.020,4.0,-0.086845,-0.008452,70.035347,0,train
normal,8634,normal_0253,41,2022-07-12 00:32:02.120,4.1,-0.030658,-0.018727,31.429056,0,train
normal,8635,normal_0253,42,2022-07-12 00:32:02.220,4.2,-0.003966,0.079922,-7.558108,0,train
normal,8636,normal_0253,43,2022-07-12 00:32:02.320,4.3,0.00414,0.00851,-56.177742,0,train
normal,8637,normal_0253,44,2022-07-12 00:32:02.420,4.4,0.033534,-0.068306,-97.356927,0,train
normal,8638,normal_0253,45,2022-07-12 00:32:02.520,4.5,-0.022529,-0.020714,-104.05339,0,train
normal,8639,normal_0253,46,2022-07-12 00:32:02.620,4.6,-0.07942,-0.061483,-108.57476,0,train
normal,8640,normal_0253,47,2022-07-12 00:32:02.720,4.7,-0.042783,0.011337,-97.480786,0,train
normal,8641,normal_0253,48,2022-07-12 00:32:02.820,4.8,-0.019895,0.060167,-78.060755,0,train
normal,8642,normal_0253,49,2022-07-12 00:32:02.920,4.9,0.00322,-0.063425,-45.305138,0,train
normal,8643,normal_0254,0,2022-07-12 00:32:05.948,0.0,0.016993,0.047854,78.999529,0,train
normal,8644,normal_0254,1,2022-07-12 00:32:06.048,0.1,0.012996,0.183185,11.016966,0,train
normal,8645,normal_0254,2,2022-07-12 00:32:06.148,0.2,0.030844,0.108186,-60.855754,0,train
normal,8646,normal_0254,3,2022-07-12 00:32:06.248,0.3,0.028108,-0.099352,-124.72834,0,train
normal,8647,normal_0254,4,2022-07-12 00:32:06.348,0.4,-0.015773,-0.180755,-177.99213,0,train
normal,8648,normal_0254,5,2022-07-12 00:32:06.448,0.5,-0.081962,-0.066121,-209.35383,0,train
normal,8649,normal_0254,6,2022-07-12 00:32:06.548,0.6,0.041527,0.189657,-196.17023,0,train
normal,8650,normal_0254,7,2022-07-12 00:32:06.648,0.7,0.101325,0.270651,-160.89704,0,train
normal,8651,normal_0254,8,2022-07-12 00:32:06.748,0.8,-0.052387,0.01443,-102.38303,0,train
normal,8652,normal_0254,9,2022-07-12 00:32:06.848,0.9,0.004958,-0.133537,-33.456449,0,train
normal,8653,normal_0254,10,2022-07-12 00:32:06.948,1.0,-0.045008,-0.125794,37.911539,0,train
normal,8654,normal_0254,11,2022-07-12 00:32:07.048,1.1,-0.123118,-0.052542,107.3289,0,train
normal,8655,normal_0254,12,2022-07-12 00:32:07.148,1.2,0.111656,0.207277,163.04221,0,train
normal,8656,normal_0254,13,2022-07-12 00:32:07.248,1.3,0.134771,0.158606,205.32706,0,train
normal,8657,normal_0254,14,2022-07-12 00:32:07.348,1.4,0.026336,-0.126872,206.12958,0,train
normal,8658,normal_0254,15,2022-07-12 00:32:07.448,1.5,0.029107,-0.150533,176.69096,0,train
normal,8659,normal_0254,16,2022-07-12 00:32:07.548,1.6,-0.080679,-0.120878,125.10313,0,train
normal,8660,normal_0254,17,2022-07-12 00:32:07.648,1.7,-0.107814,0.040759,56.749112,0,train
normal,8661,normal_0254,18,2022-07-12 00:32:07.748,1.8,0.088189,0.279768,-12.230517,0,train
normal,8662,normal_0254,19,2022-07-12 00:32:07.848,1.9,0.114881,0.088681,-84.255586,0,train
normal,8663,normal_0254,20,2022-07-12 00:32:07.948,2.0,-0.023221,-0.238486,-143.8091,0,train
normal,8664,normal_0254,21,2022-07-12 00:32:08.048,2.1,0.005378,-0.180426,-193.74468,0,train
normal,8665,normal_0254,22,2022-07-12 00:32:08.148,2.2,0.024123,0.030552,-210.03177,0,train
normal,8666,normal_0254,23,2022-07-12 00:32:08.248,2.3,-0.035425,0.151464,-187.44423,0,train
normal,8667,normal_0254,24,2022-07-12 00:32:08.348,2.4,-3.7e-05,0.188544,-145.14686,0,train
normal,8668,normal_0254,25,2022-07-12 00:32:08.448,2.5,-0.007496,-0.012375,-79.75615,0,train
normal,8669,normal_0254,26,2022-07-12 00:32:08.548,2.6,-0.074537,-0.233445,-10.026575,0,train
normal,8670,normal_0254,27,2022-07-12 00:32:08.648,2.7,-0.064694,-0.135217,63.51877,0,train
normal,8671,normal_0254,28,2022-07-12 00:32:08.748,2.8,0.004447,0.081449,128.77037,0,train
normal,8672,normal_0254,29,2022-07-12 00:32:08.848,2.9,0.052267,0.211183,182.34935,0,train
normal,8673,normal_0254,30,2022-07-12 00:32:08.948,3.0,-0.029351,0.10369,213.16829,0,train
normal,8674,normal_0254,31,2022-07-12 00:32:09.048,3.1,-0.035017,-0.153938,200.60446,0,train
normal,8675,normal_0254,32,2022-07-12 00:32:09.148,3.2,-0.051785,-0.225214,164.09351,0,train
normal,8676,normal_0254,33,2022-07-12 00:32:09.248,3.3,-0.155804,-0.067994,103.46438,0,train
normal,8677,normal_0254,34,2022-07-12 00:32:09.348,3.4,0.085294,0.233174,33.997063,0,train
normal,8678,normal_0254,35,2022-07-12 00:32:09.448,3.5,0.10095,0.238351,-38.019423,0,train
normal,8679,normal_0254,36,2022-07-12 00:32:09.548,3.6,-0.143463,-0.076362,-108.00637,0,train
normal,8680,normal_0254,37,2022-07-12 00:32:09.648,3.7,-0.002126,-0.139747,-164.64271,0,train
normal,8681,normal_0255,0,2022-07-12 00:32:13.976,0.0,-0.02561,-0.121538,-198.27547,0,train
normal,8682,normal_0255,1,2022-07-12 00:32:14.076,0.1,0.12137,-0.061786,-172.5414,0,train
normal,8683,normal_0255,2,2022-07-12 00:32:14.176,0.2,-0.122385,-0.121674,-139.1988,0,train
normal,8684,normal_0255,3,2022-07-12 00:32:14.276,0.3,-0.125961,-0.029769,-86.183081,0,train
normal,8685,normal_0255,4,2022-07-12 00:32:14.376,0.4,0.061118,0.279346,-26.627425,0,train
normal,8686,normal_0255,5,2022-07-12 00:32:14.476,0.5,-0.005401,0.049499,44.585352,0,train
normal,8687,normal_0255,6,2022-07-12 00:32:14.576,0.6,0.00115,-0.155972,106.08531,0,train
normal,8688,normal_0255,7,2022-07-12 00:32:14.676,0.7,0.039456,-0.08976,152.55143,0,train
normal,8689,normal_0255,8,2022-07-12 00:32:14.776,0.8,0.000662,-0.091315,196.94021,0,train
normal,8690,normal_0255,9,2022-07-12 00:32:14.876,0.9,-0.006309,0.077837,185.8783,0,train
normal,8691,normal_0255,10,2022-07-12 00:32:14.976,1.0,0.013082,0.197058,153.86679,0,train
normal,8692,normal_0255,11,2022-07-12 00:32:15.076,1.1,-0.008171,0.03239,107.24403,0,train
normal,8693,normal_0255,12,2022-07-12 00:32:15.176,1.2,-0.026984,-0.150455,47.286755,0,train
normal,8694,normal_0255,13,2022-07-12 00:32:15.276,1.3,-0.099758,-0.136751,-19.239666,0,train
normal,8695,normal_0255,14,2022-07-12 00:32:15.376,1.4,-0.025542,0.004869,-89.023601,0,train
normal,8696,normal_0255,15,2022-07-12 00:32:15.476,1.5,0.129828,0.205357,-137.47837,0,train
normal,8697,normal_0255,16,2022-07-12 00:32:15.576,1.6,0.028647,0.119753,-187.00054,0,train
normal,8698,normal_0255,17,2022-07-12 00:32:15.676,1.7,0.088661,-0.11669,-193.27011,0,train
normal,8699,normal_0255,18,2022-07-12 00:32:15.776,1.8,0.038513,-0.145629,-163.94271,0,train
normal,8700,normal_0255,19,2022-07-12 00:32:15.876,1.9,-0.228742,-0.150636,-124.26235,0,train
normal,8701,normal_0255,20,2022-07-12 00:32:15.976,2.0,0.012605,0.135364,-64.775236,0,train
normal,8702,normal_0255,21,2022-07-12 00:32:16.076,2.1,0.11298,0.268617,-2.558589,0,train
normal,8703,normal_0255,22,2022-07-12 00:32:16.176,2.2,-0.076302,-0.035276,68.219908,0,train
normal,8704,normal_0255,23,2022-07-12 00:32:16.276,2.3,0.145597,-0.097991,122.77056,0,train
normal,8705,normal_0255,24,2022-07-12 00:32:16.376,2.4,0.026683,-0.110605,173.82457,0,train
normal,8706,normal_0255,25,2022-07-12 00:32:16.476,2.5,-0.171533,-0.099921,197.90556,0,train
normal,8707,normal_0255,26,2022-07-12 00:32:16.576,2.6,0.113649,0.211964,176.20113,0,train
normal,8708,normal_0256,0,2022-07-12 00:32:21.964,0.0,-0.00629,-0.063252,-104.71011,0,train
normal,8709,normal_0256,1,2022-07-12 00:32:22.064,0.1,-0.00369,0.062326,-109.04266,0,train
normal,8710,normal_0256,2,2022-07-12 00:32:22.164,0.2,-0.04908,0.042731,-96.0976,0,train
normal,8711,normal_0256,3,2022-07-12 00:32:22.264,0.3,0.019119,-0.025764,-76.470265,0,train
normal,8712,normal_0256,4,2022-07-12 00:32:22.364,0.4,-0.004133,0.004413,-40.68399,0,train
normal,8713,normal_0256,5,2022-07-12 00:32:22.464,0.5,-0.076953,-0.0582,-1.006484,0,train
normal,8714,normal_0256,6,2022-07-12 00:32:22.564,0.6,0.021764,0.024985,44.905549,0,train
normal,8715,normal_0256,7,2022-07-12 00:32:22.664,0.7,0.016326,0.074372,93.274128,0,train
normal,8716,normal_0256,8,2022-07-12 00:32:22.764,0.8,0.020061,-0.056304,104.70642,0,train
normal,8717,normal_0256,9,2022-07-12 00:32:22.864,0.9,0.07509,-0.029647,109.56789,0,train
normal,8718,normal_0256,10,2022-07-12 00:32:22.964,1.0,-0.04723,-0.021983,102.57901,0,train
normal,8719,normal_0256,11,2022-07-12 00:32:23.064,1.1,-0.05445,-0.033291,84.654103,0,train
normal,8720,normal_0256,12,2022-07-12 00:32:23.164,1.2,0.009616,0.030798,55.807359,0,train
normal,8721,normal_0257,0,2022-07-12 00:32:29.766,0.0,-0.094426,-0.331438,147.98345,0,train
normal,8722,normal_0257,1,2022-07-12 00:32:29.866,0.1,-0.113375,-0.146107,65.918096,0,train
normal,8723,normal_0257,2,2022-07-12 00:32:29.966,0.2,-0.014908,0.140188,-19.06872,0,train
normal,8724,normal_0257,3,2022-07-12 00:32:30.066,0.3,0.142789,0.30816,-105.8072,0,train
normal,8725,normal_0257,4,2022-07-12 00:32:30.166,0.4,0.038782,0.085726,-177.55546,0,train
normal,8726,normal_0257,5,2022-07-12 00:32:30.266,0.5,-0.039068,-0.230553,-233.11487,0,train
normal,8727,normal_0258,0,2022-07-12 00:32:38.608,0.0,-0.035627,0.073288,89.614879,0,train
normal,8728,normal_0258,1,2022-07-12 00:32:38.708,0.1,-0.075397,0.031576,64.232476,0,train
normal,8729,normal_0258,2,2022-07-12 00:32:38.808,0.2,-0.007005,-0.087497,23.432615,0,train
normal,8730,normal_0258,3,2022-07-12 00:32:38.908,0.3,-0.012364,0.003386,-16.046884,0,train
normal,8731,normal_0258,4,2022-07-12 00:32:39.008,0.4,-0.041281,-0.015836,-69.464334,0,train
normal,8732,normal_0258,5,2022-07-12 00:32:39.108,0.5,0.003156,-0.018231,-100.98459,0,train
normal,8733,normal_0258,6,2022-07-12 00:32:39.208,0.6,-0.023308,0.060913,-105.89041,0,train
normal,8734,normal_0258,7,2022-07-12 00:32:39.308,0.7,-0.035139,-0.022046,-108.98472,0,train
normal,8735,normal_0258,8,2022-07-12 00:32:39.408,0.8,-0.008799,-0.002166,-94.526064,0,train
normal,8736,normal_0258,9,2022-07-12 00:32:39.508,0.9,-0.049171,0.008222,-73.283085,0,train
normal,8737,normal_0258,10,2022-07-12 00:32:39.608,1.0,-0.027861,-0.100679,-35.09355,0,train
normal,8738,normal_0258,11,2022-07-12 00:32:39.708,1.1,0.004768,0.065159,4.593969,0,train
normal,8739,normal_0258,12,2022-07-12 00:32:39.808,1.2,0.028803,0.092407,53.47479,0,train
normal,8740,normal_0258,13,2022-07-12 00:32:39.908,1.3,0.079359,-0.103926,97.737443,0,train
normal,8741,normal_0258,14,2022-07-12 00:32:40.008,1.4,-0.00495,-0.004959,106.29822,0,train
normal,8742,normal_0258,15,2022-07-12 00:32:40.108,1.5,-0.090191,0.005554,110.82305,0,train
normal,8743,normal_0258,16,2022-07-12 00:32:40.208,1.6,-0.048638,-0.054198,101.27784,0,train
normal,8744,normal_0258,17,2022-07-12 00:32:40.308,1.7,-0.051658,0.040034,82.714448,0,train
normal,8745,normal_0258,18,2022-07-12 00:32:40.408,1.8,0.009321,-0.030118,50.282604,0,train
normal,8746,normal_0258,19,2022-07-12 00:32:40.508,1.9,0.11217,-0.002768,8.910776,0,train
normal,8747,normal_0258,20,2022-07-12 00:32:40.608,2.0,0.024773,0.041691,-34.36232,0,train
normal,8748,normal_0258,21,2022-07-12 00:32:40.708,2.1,-0.017586,-0.08274,-86.90394,0,train
normal,8749,normal_0258,22,2022-07-12 00:32:40.808,2.2,-0.030677,0.043894,-104.29097,0,train
normal,8750,normal_0258,23,2022-07-12 00:32:40.908,2.3,-0.094062,0.107813,-108.35959,0,train
normal,8751,normal_0258,24,2022-07-12 00:32:41.008,2.4,-0.006131,-0.052643,-105.51001,0,train
normal,8752,normal_0258,25,2022-07-12 00:32:41.108,2.5,0.043869,-0.034114,-87.558042,0,train
normal,8753,normal_0258,26,2022-07-12 00:32:41.208,2.6,0.013397,-0.012861,-61.183341,0,train
normal,8754,normal_0258,27,2022-07-12 00:32:41.308,2.7,0.060944,-0.02921,-19.267204,0,train
normal,8755,normal_0258,28,2022-07-12 00:32:41.408,2.8,0.03188,0.040443,20.529273,0,train
normal,8756,normal_0258,29,2022-07-12 00:32:41.508,2.9,-0.048104,0.00124,73.633441,0,train
normal,8757,normal_0258,30,2022-07-12 00:32:41.608,3.0,-0.006313,-0.023261,104.24663,0,train
normal,8758,normal_0258,31,2022-07-12 00:32:41.708,3.1,-0.035502,0.021857,107.76306,0,train
normal,8759,normal_0258,32,2022-07-12 00:32:41.808,3.2,-0.05285,-0.040994,109.62452,0,train
normal,8760,normal_0258,33,2022-07-12 00:32:41.908,3.3,0.037204,0.034039,94.688188,0,train
normal,8761,normal_0258,34,2022-07-12 00:32:42.008,3.4,0.042529,0.116169,73.241243,0,train
normal,8762,normal_0258,35,2022-07-12 00:32:42.108,3.5,0.070504,-0.013894,34.114723,0,train
normal,8763,normal_0258,36,2022-07-12 00:32:42.208,3.6,0.034241,-0.026417,-5.714775,0,train
normal,8764,normal_0258,37,2022-07-12 00:32:42.308,3.7,-0.044505,-0.053403,-54.742343,0,train
normal,8765,normal_0258,38,2022-07-12 00:32:42.408,3.8,-0.004939,-0.070944,-98.158729,0,train
normal,8766,normal_0258,39,2022-07-12 00:32:42.508,3.9,0.003088,0.111968,-105.25073,0,train
normal,8767,normal_0258,40,2022-07-12 00:32:42.608,4.0,0.029564,0.053204,-109.76924,0,train
normal,8768,normal_0258,41,2022-07-12 00:32:42.708,4.1,0.080756,-0.078721,-99.720728,0,train
normal,8769,normal_0258,42,2022-07-12 00:32:42.808,4.2,0.014135,0.027443,-80.02151,0,train
normal,8770,normal_0258,43,2022-07-12 00:32:42.908,4.3,-0.019278,0.007461,-46.411281,0,train
normal,8771,normal_0258,44,2022-07-12 00:32:43.008,4.4,0.002384,-0.00748,-4.378438,0,train
normal,8772,normal_0258,45,2022-07-12 00:32:43.108,4.5,-0.040509,0.053465,38.998728,0,train
normal,8773,normal_0258,46,2022-07-12 00:32:43.208,4.6,0.035433,-0.026905,90.482603,0,train
normal,8774,normal_0258,47,2022-07-12 00:32:43.308,4.7,0.110263,0.011742,106.70365,0,train
normal,8775,normal_0258,48,2022-07-12 00:32:43.408,4.8,0.024023,0.021517,110.07656,0,train
normal,8776,normal_0258,49,2022-07-12 00:32:43.508,4.9,0.015281,-0.078472,105.82746,0,train
normal,8777,normal_0259,0,2022-07-12 00:32:45.771,0.0,0.018022,-0.152048,37.652497,0,train
normal,8778,normal_0259,1,2022-07-12 00:32:45.871,0.1,-0.014732,-0.182952,-28.727892,0,train
normal,8779,normal_0259,2,2022-07-12 00:32:45.971,0.2,-0.091821,-0.040536,-94.597232,0,train
normal,8780,normal_0259,3,2022-07-12 00:32:46.071,0.3,0.201536,0.239015,-148.92282,0,train
normal,8781,normal_0259,4,2022-07-12 00:32:46.171,0.4,0.125129,0.106897,-192.17338,0,train
normal,8782,normal_0259,5,2022-07-12 00:32:46.271,0.5,-0.031274,-0.099028,-192.90903,0,train
normal,8783,normal_0259,6,2022-07-12 00:32:46.371,0.6,0.102343,-0.067693,-164.467,0,train
normal,8784,normal_0259,7,2022-07-12 00:32:46.471,0.7,-0.110463,-0.093181,-117.71215,0,train
normal,8785,normal_0259,8,2022-07-12 00:32:46.571,0.8,-0.056683,0.086098,-56.155569,0,train
normal,8786,normal_0259,9,2022-07-12 00:32:46.671,0.9,0.135199,0.217081,7.748009,0,train
normal,8787,normal_0259,10,2022-07-12 00:32:46.771,1.0,0.03554,-0.030296,76.348075,0,train
normal,8788,normal_0259,11,2022-07-12 00:32:46.871,1.1,0.100344,-0.123665,134.10534,0,train
normal,8789,normal_0259,12,2022-07-12 00:32:46.971,1.2,0.102343,-0.094112,184.8705,0,train
normal,8790,normal_0259,13,2022-07-12 00:32:47.071,1.3,0.016773,-0.015695,202.18196,0,train
normal,8791,normal_0259,14,2022-07-12 00:32:47.171,1.4,0.024153,0.190083,179.90746,0,train
normal,8792,normal_0259,15,2022-07-12 00:32:47.271,1.5,0.007395,0.174847,139.02284,0,train
normal,8793,normal_0259,16,2022-07-12 00:32:47.371,1.6,0.015422,-0.049346,78.856954,0,train
normal,8794,normal_0259,17,2022-07-12 00:32:47.471,1.7,0.023244,-0.189616,15.387418,0,train
normal,8795,normal_0259,18,2022-07-12 00:32:47.571,1.8,0.031328,-0.091955,-54.741747,0,train
normal,8796,normal_0259,19,2022-07-12 00:32:47.671,1.9,0.08638,0.111359,-117.22793,0,train
normal,8797,normal_0259,20,2022-07-12 00:32:47.771,2.0,0.038197,0.1857,-170.85209,0,train
normal,8798,normal_0259,21,2022-07-12 00:32:47.871,2.1,-0.042956,0.037245,-203.30062,0,train
normal,8799,normal_0259,22,2022-07-12 00:32:47.971,2.2,0.007929,-0.124028,-190.00831,0,train
normal,8800,normal_0259,23,2022-07-12 00:32:48.071,2.3,0.018805,-0.135177,-155.12361,0,train
normal,8801,normal_0259,24,2022-07-12 00:32:48.171,2.4,-0.019398,-0.044782,-100.05964,0,train
normal,8802,normal_0259,25,2022-07-12 00:32:48.271,2.5,0.093283,0.16405,-37.17864,0,train
normal,8803,normal_0259,26,2022-07-12 00:32:48.371,2.6,0.069816,0.157749,30.656222,0,train
normal,8804,normal_0259,27,2022-07-12 00:32:48.471,2.7,-0.058965,-0.093715,98.020327,0,train
normal,8805,normal_0259,28,2022-07-12 00:32:48.571,2.8,0.051173,-0.131578,153.3195,0,train
normal,8806,normal_0259,29,2022-07-12 00:32:48.671,2.9,-0.007341,-0.117386,198.46537,0,train
normal,8807,normal_0259,30,2022-07-12 00:32:48.771,3.0,-0.102527,-0.002696,199.92521,0,train
normal,8808,normal_0259,31,2022-07-12 00:32:48.871,3.1,0.046348,0.269374,170.49648,0,train
normal,8809,normal_0259,32,2022-07-12 00:32:48.971,3.2,-0.052652,0.11967,122.24258,0,train
normal,8810,normal_0259,33,2022-07-12 00:32:49.071,3.3,-0.126505,-0.124811,59.687145,0,train
normal,8811,normal_0259,34,2022-07-12 00:32:49.171,3.4,-0.013937,-0.104807,-5.347849,0,train
normal,8812,normal_0259,35,2022-07-12 00:32:49.271,3.5,-0.063665,-0.100107,-76.362142,0,train
normal,8813,normal_0259,36,2022-07-12 00:32:49.371,3.6,-0.022759,0.05583,-133.91806,0,train
normal,8814,normal_0259,37,2022-07-12 00:32:49.471,3.7,0.046655,0.14467,-185.36224,0,train
normal,8815,normal_0259,38,2022-07-12 00:32:49.571,3.8,0.024505,-0.032895,-203.37572,0,train
normal,8816,normal_0259,39,2022-07-12 00:32:49.671,3.9,-0.023452,-0.119135,-179.59275,0,train
normal,8817,normal_0259,40,2022-07-12 00:32:49.771,4.0,-0.126925,-0.128762,-139.80211,0,train
normal,8818,normal_0259,41,2022-07-12 00:32:49.871,4.1,-0.12579,-0.007793,-79.818377,0,train
normal,8819,normal_0259,42,2022-07-12 00:32:49.971,4.2,-0.099791,0.177957,-16.638043,0,train
normal,8820,normal_0259,43,2022-07-12 00:32:50.071,4.3,-0.070182,0.131341,53.799993,0,train
normal,8821,normal_0259,44,2022-07-12 00:32:50.171,4.4,0.001026,-0.090218,116.15337,0,train
normal,8822,normal_0260,0,2022-07-12 00:32:53.644,0.0,0.021201,-0.17279,-152.57444,0,train
normal,8823,normal_0260,1,2022-07-12 00:32:53.744,0.1,-0.021907,-0.010961,-217.08002,0,train
normal,8824,normal_0260,2,2022-07-12 00:32:53.844,0.2,0.050799,0.188244,-261.43745,0,train
normal,8825,normal_0260,3,2022-07-12 00:32:53.944,0.3,0.15853,0.261495,-249.78402,0,train
normal,8826,normal_0260,4,2022-07-12 00:32:54.044,0.4,0.07715,-0.066615,-202.77562,0,train
normal,8827,normal_0260,5,2022-07-12 00:32:54.144,0.5,-0.008919,-0.279273,-138.4318,0,train
normal,8828,normal_0260,6,2022-07-12 00:32:54.244,0.6,-0.062336,-0.104001,-55.319316,0,train
normal,8829,normal_0260,7,2022-07-12 00:32:54.344,0.7,0.014945,0.138664,30.505303,0,train
normal,8830,normal_0260,8,2022-07-12 00:32:54.444,0.8,0.140195,0.287914,123.48284,0,train
normal,8831,normal_0260,9,2022-07-12 00:32:54.544,0.9,0.045134,0.10457,194.20602,0,train
normal,8832,normal_0260,10,2022-07-12 00:32:54.644,1.0,0.05861,-0.19116,248.38522,0,train
normal,8833,normal_0260,11,2022-07-12 00:32:54.744,1.1,0.048619,-0.194714,260.28028,0,train
normal,8834,normal_0260,12,2022-07-12 00:32:54.844,1.2,-0.123769,-0.079285,219.76569,0,train
normal,8835,normal_0260,13,2022-07-12 00:32:54.944,1.3,0.09334,0.203184,163.38505,0,train
normal,8836,normal_0260,14,2022-07-12 00:32:55.044,1.4,0.173096,0.32119,84.435473,0,train
normal,8837,normal_0260,15,2022-07-12 00:32:55.144,1.5,-0.037098,-0.042478,1.493573,0,train
normal,8838,normal_0260,16,2022-07-12 00:32:55.244,1.6,0.020452,-0.221042,-89.656125,0,train
normal,8839,normal_0260,17,2022-07-12 00:32:55.344,1.7,-0.103662,-0.159836,-168.06736,0,train
normal,8840,normal_0260,18,2022-07-12 00:32:55.444,1.8,-0.146907,0.016525,-226.25485,0,train
normal,8841,normal_0260,19,2022-07-12 00:32:55.544,1.9,0.156407,0.324721,-259.49958,0,train
normal,8842,normal_0260,20,2022-07-12 00:32:55.644,2.0,0.126798,0.15281,-231.93362,0,train
normal,8843,normal_0260,21,2022-07-12 00:32:55.744,2.1,-0.024269,-0.193941,-181.88705,0,train
normal,8844,normal_0260,22,2022-07-12 00:32:55.844,2.2,-0.011985,-0.153342,-112.21696,0,train
normal,8845,normal_0260,23,2022-07-12 00:32:55.944,2.3,-0.132488,-0.095917,-29.762748,0,train
normal,8846,normal_0260,24,2022-07-12 00:32:56.044,2.4,-0.140095,0.082976,58.085449,0,train
normal,8847,normal_0260,25,2022-07-12 00:32:56.144,2.5,0.033531,0.3086,145.01979,0,train
normal,8848,normal_0260,26,2022-07-12 00:32:56.244,2.6,0.039775,-0.002355,207.06787,0,train
normal,8849,normal_0260,27,2022-07-12 00:32:56.344,2.7,-0.003299,-0.299788,254.19787,0,train
normal,8850,normal_0260,28,2022-07-12 00:32:56.444,2.8,-0.031035,-0.154432,246.72928,0,train
normal,8851,normal_0260,29,2022-07-12 00:32:56.544,2.9,-0.044012,0.006955,200.76921,0,train
normal,8852,normal_0260,30,2022-07-12 00:32:56.644,3.0,-0.030184,0.206874,138.95811,0,train
normal,8853,normal_0260,31,2022-07-12 00:32:56.744,3.1,-0.057613,0.208532,58.076746,0,train
normal,8854,normal_0261,0,2022-07-12 00:33:01.594,0.0,-0.075327,-0.033811,121.68468,0,train
normal,8855,normal_0261,1,2022-07-12 00:33:01.694,0.1,-0.050804,0.019618,120.75283,0,train
normal,8856,normal_0261,2,2022-07-12 00:33:01.794,0.2,-0.035659,0.054597,117.94175,0,train
normal,8857,normal_0261,3,2022-07-12 00:33:01.894,0.3,-0.038849,0.035115,97.929013,0,train
normal,8858,normal_0261,4,2022-07-12 00:33:01.994,0.4,0.112694,0.044084,71.361431,0,train
normal,8859,normal_0261,5,2022-07-12 00:33:02.094,0.5,0.062831,-0.062148,29.404167,0,train
normal,8860,normal_0261,6,2022-07-12 00:33:02.194,0.6,-0.079539,-0.047162,-13.687851,0,train
normal,8861,normal_0261,7,2022-07-12 00:33:02.294,0.7,-0.024907,0.062522,-58.995612,0,train
normal,8862,normal_0261,8,2022-07-12 00:33:02.394,0.8,-0.022376,-0.023411,-111.60971,0,train
normal,8863,normal_0261,9,2022-07-12 00:33:02.494,0.9,0.002125,-0.045368,-120.20029,0,train
normal,8864,normal_0261,10,2022-07-12 00:33:02.594,1.0,0.107256,0.007765,-118.22201,0,train
normal,8865,normal_0261,11,2022-07-12 00:33:02.694,1.1,0.001228,-0.064374,-105.66093,0,train
normal,8866,normal_0261,12,2022-07-12 00:33:02.794,1.2,-0.088963,0.005812,-80.00792,0,train
normal,8867,normal_0261,13,2022-07-12 00:33:02.894,1.3,-0.036715,0.118448,-45.436626,0,train
normal,8868,normal_0261,14,2022-07-12 00:33:02.994,1.4,-0.057026,0.034797,0.359178,0,train
normal,8869,normal_0261,15,2022-07-12 00:33:03.094,1.5,0.000898,-0.02684,40.467744,0,train
normal,8870,normal_0261,16,2022-07-12 00:33:03.194,1.6,0.057154,-0.063556,96.551072,0,train
normal,8871,normal_0261,17,2022-07-12 00:33:03.294,1.7,-0.000487,-0.027566,120.83961,0,train
normal,8872,normal_0261,18,2022-07-12 00:33:03.394,1.8,0.064148,0.076441,118.97077,0,train
normal,8873,normal_0262,0,2022-07-12 00:33:09.576,0.0,-0.192139,-0.13232,-153.18777,0,train
normal,8874,normal_0262,1,2022-07-12 00:33:09.676,0.1,-0.044535,0.075172,-99.660885,0,train
normal,8875,normal_0262,2,2022-07-12 00:33:09.776,0.2,0.139422,0.250308,-33.063416,0,train
normal,8876,normal_0262,3,2022-07-12 00:33:09.876,0.3,-0.001336,-0.061544,44.289952,0,train
normal,8877,normal_0262,4,2022-07-12 00:33:09.976,0.4,0.10098,-0.142016,121.28176,0,train
normal,8878,normal_0262,5,2022-07-12 00:33:10.076,0.5,0.014321,-0.071682,164.23502,0,train
normal,8879,normal_0262,6,2022-07-12 00:33:10.176,0.6,-0.169046,-0.06378,210.79877,0,train
normal,8880,normal_0262,7,2022-07-12 00:33:10.276,0.7,0.016659,0.208653,208.45022,0,train
normal,8881,normal_0262,8,2022-07-12 00:33:10.376,0.8,-0.004651,0.183664,167.51983,0,train
normal,8882,normal_0262,9,2022-07-12 00:33:10.476,0.9,-0.015198,-0.121705,120.96049,0,train
normal,8883,normal_0262,10,2022-07-12 00:33:10.576,1.0,0.043748,-0.169002,55.828816,0,train
normal,8884,normal_0262,11,2022-07-12 00:33:10.676,1.1,-0.06824,-0.108297,-14.389159,0,train
normal,8885,normal_0262,12,2022-07-12 00:33:10.776,1.2,0.051321,0.073151,-98.111284,0,train
normal,8886,normal_0262,13,2022-07-12 00:33:10.876,1.3,0.032418,0.206564,-148.49653,0,train
normal,8887,normal_0262,14,2022-07-12 00:33:10.976,1.4,-0.053981,0.010629,-194.72578,0,train
normal,8888,normal_0262,15,2022-07-12 00:33:11.076,1.5,0.0613,-0.135817,-215.90641,0,train
normal,8889,normal_0262,16,2022-07-12 00:33:11.176,1.6,-0.075393,-0.115665,-179.43301,0,train
normal,8890,normal_0262,17,2022-07-12 00:33:11.276,1.7,-0.076006,-0.019582,-138.15071,0,train
normal,8891,normal_0262,18,2022-07-12 00:33:11.376,1.8,0.087277,0.183539,-77.944169,0,train
normal,8892,normal_0262,19,2022-07-12 00:33:11.476,1.9,-0.064698,0.139057,-11.996271,0,train
normal,8893,normal_0262,20,2022-07-12 00:33:11.576,2.0,-0.003073,-0.078846,70.448765,0,train
normal,8894,normal_0263,0,2022-07-12 00:33:17.456,0.0,0.043014,-0.05455,107.34226,0,train
normal,8895,normal_0263,1,2022-07-12 00:33:17.556,0.1,0.018763,-0.060476,89.686404,0,train
normal,8896,normal_0263,2,2022-07-12 00:33:17.656,0.2,0.035407,0.122731,64.89528,0,train
normal,8897,normal_0263,3,2022-07-12 00:33:17.756,0.3,0.00112,0.074718,23.396256,0,train
normal,8898,normal_0263,4,2022-07-12 00:33:17.856,0.4,0.037984,-0.046171,-16.096117,0,train
normal,8899,normal_0263,5,2022-07-12 00:33:17.956,0.5,-0.009257,0.019882,-69.652923,0,train
normal,8900,normal_0263,6,2022-07-12 00:33:18.056,0.6,0.003606,-0.001803,-102.17763,0,train
normal,8901,normal_0263,7,2022-07-12 00:33:18.156,0.7,0.031229,-0.009103,-106.84956,0,train
normal,8902,normal_0264,0,2022-07-12 00:33:25.451,0.0,-0.015811,-0.05375,-31.527404,0,train
normal,8903,normal_0264,1,2022-07-12 00:33:25.551,0.1,0.082565,-0.135675,-93.237292,0,train
normal,8904,normal_0264,2,2022-07-12 00:33:25.651,0.2,0.032418,-0.088241,-144.97926,0,train
normal,8905,normal_0264,3,2022-07-12 00:33:25.751,0.3,-0.056467,-0.036379,-187.44531,0,train
normal,8906,normal_0264,4,2022-07-12 00:33:25.851,0.4,0.056407,0.184181,-181.31199,0,train
normal,8907,normal_0264,5,2022-07-12 00:33:25.951,0.5,-0.012325,0.104038,-155.01859,0,train
normal,8908,normal_0264,6,2022-07-12 00:33:26.051,0.6,-0.014596,-0.094939,-110.48628,0,train
normal,8909,normal_0264,7,2022-07-12 00:33:26.151,0.7,0.048835,-0.085959,-53.845293,0,train
normal,8910,normal_0264,8,2022-07-12 00:33:26.251,0.8,-0.083624,-0.098822,7.358552,0,train
normal,8911,normal_0265,0,2022-07-12 00:33:34.840,0.0,-0.026569,-0.060411,-51.446444,0,train
normal,8912,normal_0265,1,2022-07-12 00:33:34.940,0.1,0.079051,0.165406,-127.37347,0,train
normal,8913,normal_0265,2,2022-07-12 00:33:35.040,0.2,0.077336,0.217359,-178.10716,0,train
normal,8914,normal_0265,3,2022-07-12 00:33:35.140,0.3,-0.0723,-0.076203,-225.66524,0,train
normal,8915,normal_0265,4,2022-07-12 00:33:35.240,0.4,0.018004,-0.25949,-219.93628,0,train
normal,8916,normal_0265,5,2022-07-12 00:33:35.340,0.5,-0.022743,-0.173693,-178.82457,0,train
normal,8917,normal_0265,6,2022-07-12 00:33:35.440,0.6,-0.067588,0.030438,-123.95658,0,train
normal,8918,normal_0265,7,2022-07-12 00:33:35.540,0.7,0.100122,0.289463,-50.14146,0,train
normal,8919,normal_0265,8,2022-07-12 00:33:35.640,0.8,-0.00745,0.151691,25.522235,0,train
normal,8920,normal_0265,9,2022-07-12 00:33:35.740,0.9,-0.119972,-0.185365,108.34731,0,train
normal,8921,normal_0265,10,2022-07-12 00:33:35.840,1.0,-0.010163,-0.187454,163.85617,0,train
normal,8922,normal_0265,11,2022-07-12 00:33:35.940,1.1,-0.073787,-0.116734,214.77273,0,train
normal,8923,normal_0265,12,2022-07-12 00:33:36.040,1.2,-0.05133,0.044641,231.21598,0,train
normal,8924,normal_0265,13,2022-07-12 00:33:36.140,1.3,0.156843,0.312851,195.10152,0,train
normal,8925,normal_0265,14,2022-07-12 00:33:36.240,1.4,0.079698,0.050341,146.79553,0,train
normal,8926,normal_0265,15,2022-07-12 00:33:36.340,1.5,-0.112116,-0.287271,75.802097,0,train
normal,8927,normal_0265,16,2022-07-12 00:33:36.440,1.6,-0.045585,-0.10932,2.528072,0,train
normal,8928,normal_0265,17,2022-07-12 00:33:36.540,1.7,-0.087854,0.030892,-82.983265,0,train
normal,8929,normal_0265,18,2022-07-12 00:33:36.640,1.8,-0.073356,0.151646,-148.25727,0,train
normal,8930,normal_0265,19,2022-07-12 00:33:36.740,1.9,0.150054,0.273001,-197.36638,0,train
normal,8931,normal_0265,20,2022-07-12 00:33:36.840,2.0,0.078233,-0.058185,-234.34415,0,train
normal,8932,normal_0265,21,2022-07-12 00:33:36.940,2.1,-0.020438,-0.282776,-208.64203,0,train
normal,8933,normal_0265,22,2022-07-12 00:33:37.040,2.2,-0.044689,-0.100658,-164.76514,0,train
normal,8934,normal_0265,23,2022-07-12 00:33:37.140,2.3,-0.06819,0.063204,-100.95109,0,train
normal,8935,normal_0265,24,2022-07-12 00:33:37.240,2.4,0.043265,0.234025,-26.631478,0,train
normal,8936,normal_0265,25,2022-07-12 00:33:37.340,2.5,0.035965,0.138953,55.674321,0,train
normal,8937,normal_0265,26,2022-07-12 00:33:37.440,2.6,0.051371,-0.211818,133.68513,0,train
normal,8938,normal_0265,27,2022-07-12 00:33:37.540,2.7,-0.005247,-0.261102,181.98826,0,train
normal,8939,normal_0265,28,2022-07-12 00:33:37.640,2.8,-0.106893,-0.066394,231.22373,0,train
normal,8940,normal_0265,29,2022-07-12 00:33:37.740,2.9,0.133126,0.246945,225.60003,0,train
normal,8941,normal_0265,30,2022-07-12 00:33:37.840,3.0,0.090915,0.303984,182.0456,0,train
normal,8942,normal_0265,31,2022-07-12 00:33:37.940,3.1,-0.088342,-0.07408,125.84998,0,train
normal,8943,normal_0265,32,2022-07-12 00:33:38.040,3.2,0.004403,-0.195003,51.306492,0,train
normal,8944,normal_0265,33,2022-07-12 00:33:38.140,3.3,-0.12172,-0.147263,-25.457504,0,train
normal,8945,normal_0265,34,2022-07-12 00:33:38.240,3.4,-0.107676,-0.041927,-111.8678,0,train
normal,8946,normal_0265,35,2022-07-12 00:33:38.340,3.5,0.155072,0.289713,-166.09718,0,train
normal,8947,normal_0265,36,2022-07-12 00:33:38.440,3.6,0.129278,0.239157,-217.74783,0,train
normal,8948,normal_0265,37,2022-07-12 00:33:38.540,3.7,0.008592,-0.174704,-235.97839,0,train
normal,8949,normal_0265,38,2022-07-12 00:33:38.640,3.8,-0.027908,-0.236625,-196.62371,0,train
normal,8950,normal_0265,39,2022-07-12 00:33:38.740,3.9,-0.138364,-0.038885,-147.56538,0,train
normal,8951,normal_0265,40,2022-07-12 00:33:38.840,4.0,-0.096596,0.13297,-75.028309,0,train
normal,8952,normal_0265,41,2022-07-12 00:33:38.940,4.1,0.078301,0.307753,0.646591,0,train
normal,8953,normal_0265,42,2022-07-12 00:33:39.040,4.2,0.042039,0.045811,88.39954,0,train
normal,8954,normal_0265,43,2022-07-12 00:33:39.140,4.3,-0.008256,-0.279563,154.67324,0,train
normal,8955,normal_0265,44,2022-07-12 00:33:39.240,4.4,0.033842,-0.155994,202.93024,0,train
normal,8956,normal_0265,45,2022-07-12 00:33:39.340,4.5,-0.033608,-0.01519,240.64329,0,train
normal,8957,normal_0265,46,2022-07-12 00:33:39.440,4.6,0.038542,0.202622,214.10146,0,train
normal,8958,normal_0265,47,2022-07-12 00:33:39.540,4.7,0.105038,0.266586,167.77684,0,train
normal,8959,normal_0265,48,2022-07-12 00:33:39.640,4.8,-0.011662,-0.109082,102.01396,0,train
normal,8960,normal_0265,49,2022-07-12 00:33:39.740,4.9,-0.038694,-0.284263,26.633981,0,train
normal,8961,normal_0266,0,2022-07-12 00:33:41.534,0.0,-0.035336,0.144251,27.600292,0,train
normal,8962,normal_0266,1,2022-07-12 00:33:41.634,0.1,0.055694,0.206024,104.66315,0,train
normal,8963,normal_0266,2,2022-07-12 00:33:41.734,0.2,-0.00072,-0.032542,148.62491,0,train
normal,8964,normal_0266,3,2022-07-12 00:33:41.834,0.3,0.05356,-0.17674,200.45784,0,train
normal,8965,normal_0266,4,2022-07-12 00:33:41.934,0.4,-0.003479,-0.12112,207.96921,0,train
normal,8966,normal_0266,5,2022-07-12 00:33:42.034,0.5,-0.014866,0.036202,169.89793,0,train
normal,8967,normal_0266,6,2022-07-12 00:33:42.134,0.6,-0.000493,0.166186,127.58507,0,train
normal,8968,normal_0266,7,2022-07-12 00:33:42.234,0.7,-0.044453,0.073816,65.206297,0,train
normal,8969,normal_0266,8,2022-07-12 00:33:42.334,0.8,0.030047,-0.087673,1.395583,0,train
normal,8970,normal_0266,9,2022-07-12 00:33:42.434,0.9,-0.006828,-0.142203,-79.095492,0,train
normal,8971,normal_0266,10,2022-07-12 00:33:42.534,1.0,-0.071008,-0.05056,-131.28842,0,train
normal,8972,normal_0266,11,2022-07-12 00:33:42.634,1.1,0.027481,0.114937,-179.16765,0,train
normal,8973,normal_0266,12,2022-07-12 00:33:42.734,1.2,0.038687,0.143366,-210.58717,0,train
normal,8974,normal_0266,13,2022-07-12 00:33:42.834,1.3,-0.029535,0.031161,-180.18534,0,train
normal,8975,normal_0266,14,2022-07-12 00:33:42.934,1.4,0.038006,-0.112968,-142.46048,0,train
normal,8976,normal_0266,15,2022-07-12 00:33:43.034,1.5,-0.058883,-0.16617,-85.353861,0,train
normal,8977,normal_0266,16,2022-07-12 00:33:43.134,1.6,-0.166489,-0.045212,-24.513009,0,train
normal,8978,normal_0266,17,2022-07-12 00:33:43.234,1.7,0.104661,0.191186,50.71736,0,train
normal,8979,normal_0266,18,2022-07-12 00:33:43.334,1.8,0.088675,0.146386,115.48258,0,train
normal,8980,normal_0266,19,2022-07-12 00:33:43.434,1.9,-0.035541,-0.09335,158.9761,0,train
normal,8981,normal_0266,20,2022-07-12 00:33:43.534,2.0,0.09383,-0.117237,206.48053,0,train
normal,8982,normal_0266,21,2022-07-12 00:33:43.634,2.1,-0.10693,-0.119133,193.50471,0,train
normal,8983,normal_0266,22,2022-07-12 00:33:43.734,2.2,-0.131771,0.062928,157.41589,0,train
normal,8984,normal_0266,23,2022-07-12 00:33:43.834,2.3,0.10524,0.245011,108.28425,0,train
normal,8985,normal_0266,24,2022-07-12 00:33:43.934,2.4,0.001982,0.005537,46.829587,0,train
normal,8986,normal_0266,25,2022-07-12 00:33:44.034,2.5,-0.007112,-0.137491,-21.189454,0,train
normal,8987,normal_0266,26,2022-07-12 00:33:44.134,2.6,0.040628,-0.116113,-96.574676,0,train
normal,8988,normal_0266,27,2022-07-12 00:33:44.234,2.7,-0.074789,-0.077421,-140.21017,0,train
normal,8989,normal_0266,28,2022-07-12 00:33:44.334,2.8,-0.000822,0.13459,-192.35876,0,train
normal,8990,normal_0266,29,2022-07-12 00:33:44.434,2.9,0.076209,0.183284,-201.88644,0,train
normal,8991,normal_0266,30,2022-07-12 00:33:44.534,3.0,0.046907,-0.012742,-166.65079,0,train
normal,8992,normal_0266,31,2022-07-12 00:33:44.634,3.1,0.000256,-0.16181,-126.15694,0,train
normal,8993,normal_0266,32,2022-07-12 00:33:44.734,3.2,-0.106056,-0.144882,-65.678962,0,train
normal,8994,normal_0266,33,2022-07-12 00:33:44.834,3.3,-0.027128,0.088495,-4.286409,0,train
normal,8995,normal_0266,34,2022-07-12 00:33:44.934,3.4,0.04467,0.211519,73.979506,0,train
normal,8996,normal_0266,35,2022-07-12 00:33:45.034,3.5,-0.006351,0.04919,125.36384,0,train
normal,8997,normal_0266,36,2022-07-12 00:33:45.134,3.6,0.083271,-0.115296,173.97465,0,train
normal,8998,normal_0266,37,2022-07-12 00:33:45.234,3.7,0.023099,-0.19562,207.23155,0,train
normal,8999,normal_0266,38,2022-07-12 00:33:45.334,3.8,-0.078263,-0.06533,178.76127,0,train
normal,9000,normal_0266,39,2022-07-12 00:33:45.434,3.9,0.067172,0.192207,142.69223,0,train
normal,9001,normal_0266,40,2022-07-12 00:33:45.534,4.0,0.004514,0.150087,86.595665,0,train
normal,9002,normal_0266,41,2022-07-12 00:33:45.634,4.1,-0.094873,-0.041091,27.922634,0,train
normal,9003,normal_0266,42,2022-07-12 00:33:45.734,4.2,0.073848,-0.086345,-47.230965,0,train
normal,9004,normal_0266,43,2022-07-12 00:33:45.834,4.3,-0.019499,-0.136901,-111.32575,0,train
normal,9005,normal_0266,44,2022-07-12 00:33:45.934,4.4,-0.093011,-0.020973,-151.06692,0,train
normal,9006,normal_0266,45,2022-07-12 00:33:46.034,4.5,0.129093,0.219024,-201.1359,0,train
normal,9007,normal_0266,46,2022-07-12 00:33:46.134,4.6,0.039607,0.079095,-187.98139,0,train
normal,9008,normal_0266,47,2022-07-12 00:33:46.234,4.7,-0.041331,-0.139092,-150.61654,0,train
normal,9009,normal_0266,48,2022-07-12 00:33:46.334,4.8,0.063925,-0.106917,-105.5298,0,train
normal,9010,normal_0266,49,2022-07-12 00:33:46.434,4.9,-0.075493,-0.051547,-46.879774,0,train
normal,9011,normal_0267,0,2022-07-12 00:33:49.428,0.0,-0.07608,0.034275,-105.518,0,train
normal,9012,normal_0267,1,2022-07-12 00:33:49.528,0.1,-0.101965,-0.020675,-107.63015,0,train
normal,9013,normal_0267,2,2022-07-12 00:33:49.628,0.2,0.025271,0.052099,-92.423808,0,train
normal,9014,normal_0267,3,2022-07-12 00:33:49.728,0.3,0.018856,0.100555,-71.187982,0,train
normal,9015,normal_0267,4,2022-07-12 00:33:49.828,0.4,0.034876,-0.069335,-33.038978,0,train
normal,9016,normal_0267,5,2022-07-12 00:33:49.928,0.5,0.080368,-0.07718,4.866601,0,train
normal,9017,normal_0267,6,2022-07-12 00:33:50.028,0.6,-0.022299,-0.041077,55.031545,0,train
normal,9018,normal_0267,7,2022-07-12 00:33:50.128,0.7,0.027246,-0.028611,96.953284,0,train
normal,9019,normal_0267,8,2022-07-12 00:33:50.228,0.8,0.056572,0.092699,104.66017,0,train
normal,9020,normal_0267,9,2022-07-12 00:33:50.328,0.9,-0.037683,0.00865,110.21568,0,train
normal,9021,normal_0267,10,2022-07-12 00:33:50.428,1.0,0.035182,-0.024444,99.61499,0,train
normal,9022,normal_0267,11,2022-07-12 00:33:50.528,1.1,0.017937,0.09909,80.945621,0,train
normal,9023,normal_0267,12,2022-07-12 00:33:50.628,1.2,-0.040328,-0.03867,47.393208,0,train
normal,9024,normal_0267,13,2022-07-12 00:33:50.728,1.3,0.038021,-0.029712,7.308603,0,train
normal,9025,normal_0267,14,2022-07-12 00:33:50.828,1.4,0.019458,0.06561,-36.369328,0,train
normal,9026,normal_0267,15,2022-07-12 00:33:50.928,1.5,0.063191,-0.089249,-87.017308,0,train
normal,9027,normal_0267,16,2022-07-12 00:33:51.028,1.6,0.10052,0.005698,-102.04603,0,train
normal,9028,normal_0267,17,2022-07-12 00:33:51.128,1.7,-0.01945,0.02526,-107.72456,0,train
normal,9029,normal_0267,18,2022-07-12 00:33:51.228,1.8,-0.039681,-0.113817,-103.95659,0,train
normal,9030,normal_0267,19,2022-07-12 00:33:51.328,1.9,-0.020472,0.113384,-86.542855,0,train
normal,9031,normal_0267,20,2022-07-12 00:33:51.428,2.0,-0.028896,0.07677,-59.759028,0,train
normal,9032,normal_0267,21,2022-07-12 00:33:51.528,2.1,0.015041,-0.130484,-18.695476,0,train
normal,9033,normal_0267,22,2022-07-12 00:33:51.628,2.2,0.023454,0.028098,20.803454,0,train
normal,9034,normal_0267,23,2022-07-12 00:33:51.728,2.3,-0.003169,-0.022639,74.446091,0,train
normal,9035,normal_0267,24,2022-07-12 00:33:51.828,2.4,0.068754,-0.101442,102.14413,0,train
normal,9036,normal_0267,25,2022-07-12 00:33:51.928,2.5,0.061045,0.061931,106.99166,0,train
normal,9037,normal_0267,26,2022-07-12 00:33:52.028,2.6,-0.033982,0.02526,109.00999,0,train
normal,9038,normal_0267,27,2022-07-12 00:33:52.128,2.7,0.030244,0.01796,93.259107,0,train
normal,9039,normal_0267,28,2022-07-12 00:33:52.228,2.8,-0.059777,0.008366,71.470269,0,train
normal,9040,normal_0267,29,2022-07-12 00:33:52.328,2.9,-0.107608,-0.085593,31.903748,0,train
normal,9041,normal_0267,30,2022-07-12 00:33:52.428,3.0,0.060205,0.111829,-6.974698,0,train
normal,9042,normal_0267,31,2022-07-12 00:33:52.528,3.1,-0.01316,0.063861,-56.910283,0,train
normal,9043,normal_0267,32,2022-07-12 00:33:52.628,3.2,0.058854,-0.143926,-97.716701,0,train
normal,9044,normal_0267,33,2022-07-12 00:33:52.728,3.3,0.098522,0.016257,-104.27786,0,train
normal,9045,normal_0267,34,2022-07-12 00:33:52.828,3.4,-0.118178,0.013782,-109.37251,0,train
normal,9046,normal_0267,35,2022-07-12 00:33:52.928,3.5,0.012884,0.002099,-97.720635,0,train
normal,9047,normal_0267,36,2022-07-12 00:33:53.028,3.6,-0.025422,0.088827,-78.303585,0,train
normal,9048,normal_0267,37,2022-07-12 00:33:53.128,3.7,-0.119018,0.033525,-43.959742,0,train
normal,9049,normal_0267,38,2022-07-12 00:33:53.228,3.8,0.100373,0.078586,-3.452659,0,train
normal,9050,normal_0268,0,2022-07-12 00:33:57.398,0.0,0.040658,-0.079258,-147.83205,0,train
normal,9051,normal_0268,1,2022-07-12 00:33:57.498,0.1,-0.043595,-0.188715,-198.2173,0,train
normal,9052,normal_0268,2,2022-07-12 00:33:57.598,0.2,-0.071376,-0.103009,-217.27147,0,train
normal,9053,normal_0268,3,2022-07-12 00:33:57.698,0.3,-0.018879,0.136057,-192.48905,0,train
normal,9054,normal_0268,4,2022-07-12 00:33:57.798,0.4,0.074263,0.229767,-148.27718,0,train
normal,9055,normal_0268,5,2022-07-12 00:33:57.898,0.5,0.029202,0.029359,-83.264718,0,train
normal,9056,normal_0268,6,2022-07-12 00:33:57.998,0.6,-0.013384,-0.160252,-14.676692,0,train
normal,9057,normal_0268,7,2022-07-12 00:33:58.098,0.7,0.02658,-0.153349,62.499769,0,train
normal,9058,normal_0268,8,2022-07-12 00:33:58.198,0.8,-0.104857,-0.088409,131.20307,0,train
normal,9059,normal_0268,9,2022-07-12 00:33:58.298,0.9,-0.007435,0.134161,184.64544,0,train
normal,9060,normal_0268,10,2022-07-12 00:33:58.398,1.0,0.198366,0.270309,219.40472,0,train
normal,9061,normal_0268,11,2022-07-12 00:33:58.498,1.1,0.05855,-0.05486,206.25928,0,train
normal,9062,normal_0268,12,2022-07-12 00:33:58.598,1.2,-0.020525,-0.221424,167.23432,0,train
normal,9063,normal_0268,13,2022-07-12 00:33:58.698,1.3,-0.068311,-0.080972,106.82322,0,train
normal,9064,normal_0268,14,2022-07-12 00:33:58.798,1.4,-0.132764,0.038453,37.305002,0,train
normal,9065,normal_0268,15,2022-07-12 00:33:58.898,1.5,0.051455,0.266142,-36.898975,0,train
normal,9066,normal_0268,16,2022-07-12 00:33:58.998,1.6,0.094211,0.194708,-111.11905,0,train
normal,9067,normal_0268,17,2022-07-12 00:33:59.098,1.7,-0.014826,-0.167757,-167.79329,0,train
normal,9068,normal_0268,18,2022-07-12 00:33:59.198,1.8,0.000808,-0.238102,-212.66654,0,train
normal,9069,normal_0268,19,2022-07-12 00:33:59.298,1.9,0.009436,-0.076976,-214.12971,0,train
normal,9070,normal_0268,20,2022-07-12 00:33:59.398,2.0,0.04798,0.08726,-181.56972,0,train
normal,9071,normal_0268,21,2022-07-12 00:33:59.498,2.1,0.047129,0.17719,-129.37416,0,train
normal,9072,normal_0268,22,2022-07-12 00:33:59.598,2.2,-0.009354,0.08684,-60.216315,0,train
normal,9073,normal_0268,23,2022-07-12 00:33:59.698,2.3,-0.059478,-0.18045,11.3647,0,train
normal,9074,normal_0268,24,2022-07-12 00:33:59.798,2.4,-0.187032,-0.205268,89.460145,0,train
normal,9075,normal_0268,25,2022-07-12 00:33:59.898,2.5,-0.100191,0.073659,152.3024,0,train
normal,9076,normal_0269,0,2022-07-12 00:34:05.379,0.0,0.070182,0.131166,-115.55375,0,train
normal,9077,normal_0269,1,2022-07-12 00:34:05.479,0.1,0.043865,0.182562,-167.1256,0,train
normal,9078,normal_0269,2,2022-07-12 00:34:05.579,0.2,-0.077569,-0.050997,-200.99881,0,train
normal,9079,normal_0269,3,2022-07-12 00:34:05.679,0.3,0.087291,-0.067698,-183.28097,0,train
normal,9080,normal_0269,4,2022-07-12 00:34:05.779,0.4,-0.035517,-0.109637,-150.38158,0,train
normal,9081,normal_0269,5,2022-07-12 00:34:05.879,0.5,-0.14402,-0.120116,-97.75902,0,train
normal,9082,normal_0269,6,2022-07-12 00:34:05.979,0.6,0.110668,0.198105,-37.939434,0,train
normal,9083,normal_0269,7,2022-07-12 00:34:06.079,0.7,0.029889,0.156938,30.181173,0,train
normal,9084,normal_0269,8,2022-07-12 00:34:06.179,0.8,-0.018873,-0.10522,97.898376,0,train
normal,9085,normal_0269,9,2022-07-12 00:34:06.279,0.9,0.091356,-0.057593,148.55518,0,train
normal,9086,normal_0269,10,2022-07-12 00:34:06.379,1.0,-0.111391,-0.127768,195.12215,0,train
normal,9087,normal_0269,11,2022-07-12 00:34:06.479,1.1,-0.053126,0.006871,193.23327,0,train
normal,9088,normal_0269,12,2022-07-12 00:34:06.579,1.2,0.11547,0.274342,163.22877,0,train
normal,9089,normal_0269,13,2022-07-12 00:34:06.679,1.3,-0.027377,0.023991,118.66034,0,train
normal,9090,normal_0269,14,2022-07-12 00:34:06.779,1.4,0.035611,-0.139904,59.557087,0,train
normal,9091,normal_0270,0,2022-07-12 00:34:13.260,0.0,-0.034732,0.053579,-109.51008,0,train
normal,9092,normal_0270,1,2022-07-12 00:34:13.360,0.1,-0.100797,-0.034875,-94.325911,0,train
normal,9093,normal_0270,2,2022-07-12 00:34:13.460,0.2,-0.03857,-0.044173,-73.27331,0,train
normal,9094,normal_0270,3,2022-07-12 00:34:13.560,0.3,-0.08983,-0.041403,-34.546975,0,train
normal,9095,normal_0271,0,2022-07-12 00:34:15.359,0.0,0.035679,-0.212671,225.52255,0,train
normal,9096,normal_0271,1,2022-07-12 00:34:15.459,0.1,-0.112276,-0.132891,179.89685,0,train
normal,9097,normal_0271,2,2022-07-12 00:34:15.559,0.2,-0.118282,0.006868,120.09312,0,train
normal,9098,normal_0271,3,2022-07-12 00:34:15.659,0.3,0.157852,0.327393,45.804744,0,train
normal,9099,normal_0271,4,2022-07-12 00:34:15.759,0.4,0.034783,0.175339,-34.33824,0,train
normal,9100,normal_0271,5,2022-07-12 00:34:15.859,0.5,-0.063843,-0.207471,-120.47006,0,train
normal,9101,normal_0271,6,2022-07-12 00:34:15.959,0.6,-0.008462,-0.184469,-173.86295,0,train
normal,9102,normal_0271,7,2022-07-12 00:34:16.059,0.7,-0.156089,-0.112807,-225.83011,0,train
normal,9103,normal_0271,8,2022-07-12 00:34:16.159,0.8,-0.044599,0.14355,-236.61676,0,train
normal,9104,normal_0271,9,2022-07-12 00:34:16.259,0.9,0.144955,0.355106,-195.24291,0,train
normal,9105,normal_0271,10,2022-07-12 00:34:16.359,1.0,0.010135,-0.00939,-142.9254,0,train
normal,9106,normal_0271,11,2022-07-12 00:34:16.459,1.1,-0.051355,-0.254871,-69.451936,0,train
normal,9107,normal_0271,12,2022-07-12 00:34:16.559,1.2,-0.065796,-0.13817,7.794381,0,train
normal,9108,normal_0271,13,2022-07-12 00:34:16.659,1.3,-0.093135,-0.059356,97.574722,0,train
normal,9109,normal_0271,14,2022-07-12 00:34:16.759,1.4,0.035203,0.193436,161.57045,0,train
normal,9110,normal_0271,15,2022-07-12 00:34:16.859,1.5,0.114221,0.262237,211.89525,0,train
normal,9111,normal_0271,16,2022-07-12 00:34:16.959,1.6,0.097464,-0.153259,243.66131,0,train
normal,9112,normal_0271,17,2022-07-12 00:34:17.059,1.7,-0.005522,-0.272548,213.06255,0,train
normal,9113,normal_0271,18,2022-07-12 00:34:17.159,1.8,-0.122869,-0.077181,164.5744,0,train
normal,9114,normal_0271,19,2022-07-12 00:34:17.259,1.9,-0.039002,0.0829,96.084249,0,train
normal,9115,normal_0271,20,2022-07-12 00:34:17.359,2.0,0.022998,0.292856,20.81454,0,train
normal,9116,normal_0271,21,2022-07-12 00:34:17.459,2.1,0.01219,0.122864,-65.466531,0,train
normal,9117,normal_0271,22,2022-07-12 00:34:17.559,2.2,0.07327,-0.258742,-142.52033,0,train
normal,9118,normal_0271,23,2022-07-12 00:34:17.659,2.3,-0.011936,-0.273524,-193.27381,0,train
normal,9119,normal_0271,24,2022-07-12 00:34:17.759,2.4,-0.058496,-0.074047,-239.4655,0,train
normal,9120,normal_0271,25,2022-07-12 00:34:17.859,2.5,0.139675,0.242141,-226.68901,0,train
normal,9121,normal_0271,26,2022-07-12 00:34:17.959,2.6,0.088983,0.273499,-181.2376,0,train
normal,9122,normal_0271,27,2022-07-12 00:34:18.059,2.7,-0.098096,-0.096436,-121.0909,0,train
normal,9123,normal_0271,28,2022-07-12 00:34:18.159,2.8,-0.021484,-0.198377,-44.920211,0,train
normal,9124,normal_0271,29,2022-07-12 00:34:18.259,2.9,-0.112458,-0.149172,36.482696,0,train
normal,9125,normal_0271,30,2022-07-12 00:34:18.359,3.0,-0.078217,-0.005167,122.26857,0,train
normal,9126,normal_0271,31,2022-07-12 00:34:18.459,3.1,0.239062,0.350417,178.73182,0,train
normal,9127,normal_0271,32,2022-07-12 00:34:18.559,3.2,0.147782,0.173386,229.83399,0,train
normal,9128,normal_0271,33,2022-07-12 00:34:18.659,3.3,0.002687,-0.249682,239.28252,0,train
normal,9129,normal_0271,34,2022-07-12 00:34:18.759,3.4,-0.01952,-0.219744,199.44217,0,train
normal,9130,normal_0271,35,2022-07-12 00:34:18.859,3.5,-0.161674,-0.086513,145.2284,0,train
normal,9131,normal_0271,36,2022-07-12 00:34:18.959,3.6,-0.053591,0.15446,70.730575,0,train
normal,9132,normal_0271,37,2022-07-12 00:34:19.059,3.7,0.127573,0.339144,-6.45268,0,train
normal,9133,normal_0271,38,2022-07-12 00:34:19.159,3.8,0.112757,0.016938,-93.778621,0,train
normal,9134,normal_0271,39,2022-07-12 00:34:19.259,3.9,0.056218,-0.285331,-161.07275,0,train
normal,9135,normal_0271,40,2022-07-12 00:34:19.359,4.0,-0.051139,-0.188045,-214.1774,0,train
normal,9136,normal_0271,41,2022-07-12 00:34:19.459,4.1,-0.034665,0.00689,-242.64565,0,train
normal,9137,normal_0271,42,2022-07-12 00:34:19.559,4.2,-0.001945,0.223056,-214.02302,0,train
normal,9138,normal_0271,43,2022-07-12 00:34:19.659,4.3,-0.036902,0.20379,-165.78796,0,train
normal,9139,normal_0271,44,2022-07-12 00:34:19.759,4.4,0.039778,-0.119245,-96.458327,0,train
normal,9140,normal_0271,45,2022-07-12 00:34:19.859,4.5,-0.014161,-0.257868,-18.494012,0,train
normal,9141,normal_0271,46,2022-07-12 00:34:19.959,4.6,-0.093169,-0.129349,66.457518,0,train
normal,9142,normal_0271,47,2022-07-12 00:34:20.059,4.7,0.033193,0.142868,143.8364,0,train
normal,9143,normal_0271,48,2022-07-12 00:34:20.159,4.8,0.063654,0.297057,200.60089,0,train
normal,9144,normal_0271,49,2022-07-12 00:34:20.259,4.9,-0.061425,0.020128,242.01944,0,train
normal,9145,normal_0272,0,2022-07-12 00:34:21.987,0.0,0.030961,-0.094093,-150.54454,0,train
normal,9146,normal_0272,1,2022-07-12 00:34:22.087,0.1,0.033379,-0.173611,-201.6485,0,train
normal,9147,normal_0272,2,2022-07-12 00:34:22.187,0.2,-0.1021,-0.176223,-223.64762,0,train
normal,9148,normal_0272,3,2022-07-12 00:34:22.287,0.3,-0.006982,0.073504,-191.59641,0,train
normal,9149,normal_0272,4,2022-07-12 00:34:22.387,0.4,0.105381,0.272016,-149.26197,0,train
normal,9150,normal_0272,5,2022-07-12 00:34:22.487,0.5,-0.001703,0.052761,-87.180506,0,train
normal,9151,normal_0272,6,2022-07-12 00:34:22.587,0.6,0.011149,-0.106332,-19.600632,0,train
normal,9152,normal_0272,7,2022-07-12 00:34:22.687,0.7,0.022241,-0.154527,60.130961,0,train
normal,9153,normal_0272,8,2022-07-12 00:34:22.787,0.8,-0.141916,-0.135374,130.74543,0,train
normal,9154,normal_0272,9,2022-07-12 00:34:22.887,0.9,0.001204,0.175331,181.46422,0,train
normal,9155,normal_0272,10,2022-07-12 00:34:22.987,1.0,0.189963,0.266691,222.58797,0,train
normal,9156,normal_0272,11,2022-07-12 00:34:23.087,1.1,0.041962,-0.043946,205.42016,0,train
normal,9157,normal_0272,12,2022-07-12 00:34:23.187,1.2,0.030143,-0.172374,165.23375,0,train
normal,9158,normal_0272,13,2022-07-12 00:34:23.287,1.3,-0.03784,-0.12855,110.81196,0,train
normal,9159,normal_0272,14,2022-07-12 00:34:23.387,1.4,-0.106414,-0.011646,43.769484,0,train
normal,9160,normal_0272,15,2022-07-12 00:34:23.487,1.5,0.044641,0.249457,-30.090932,0,train
normal,9161,normal_0272,16,2022-07-12 00:34:23.587,1.6,0.067257,0.1426,-109.09392,0,train
normal,9162,normal_0272,17,2022-07-12 00:34:23.687,1.7,0.073013,-0.135612,-160.97857,0,train
normal,9163,normal_0272,18,2022-07-12 00:34:23.787,1.8,0.018131,-0.157683,-210.64463,0,train
normal,9164,normal_0272,19,2022-07-12 00:34:23.887,1.9,-0.067007,-0.089756,-213.96902,0,train
normal,9165,normal_0272,20,2022-07-12 00:34:23.987,2.0,0.02156,0.134335,-175.48349,0,train
normal,9166,normal_0272,21,2022-07-12 00:34:24.087,2.1,-0.008333,0.256201,-129.532,0,train
normal,9167,normal_0272,22,2022-07-12 00:34:24.187,2.2,-0.000181,0.054691,-64.75509,0,train
normal,9168,normal_0272,23,2022-07-12 00:34:24.287,2.3,0.102509,-0.184272,2.961994,0,train
normal,9169,normal_0272,24,2022-07-12 00:34:24.387,2.4,-0.101941,-0.242912,85.163365,0,train
normal,9170,normal_0272,25,2022-07-12 00:34:24.487,2.5,-0.041042,-0.008115,143.65985,0,train
normal,9171,normal_0272,26,2022-07-12 00:34:24.587,2.6,0.158776,0.280599,193.53297,0,train
normal,9172,normal_0272,27,2022-07-12 00:34:24.687,2.7,-0.032504,0.138195,220.22941,0,train
normal,9173,normal_0272,28,2022-07-12 00:34:24.787,2.8,0.001374,-0.075451,189.05177,0,train
normal,9174,normal_0272,29,2022-07-12 00:34:24.887,2.9,0.013715,-0.122567,148.0154,0,train
normal,9175,normal_0272,30,2022-07-12 00:34:24.987,3.0,-0.200362,-0.194263,87.74818,0,train
normal,9176,normal_0272,31,2022-07-12 00:34:25.087,3.1,-0.037693,0.088206,22.51375,0,train
normal,9177,normal_0272,32,2022-07-12 00:34:25.187,3.2,0.130779,0.273253,-56.533224,0,train
normal,9178,normal_0272,33,2022-07-12 00:34:25.287,3.3,0.009844,-0.046909,-126.07934,0,train
normal,9179,normal_0272,34,2022-07-12 00:34:25.387,3.4,0.050295,-0.175473,-172.82726,0,train
normal,9180,normal_0272,35,2022-07-12 00:34:25.487,3.5,0.041428,-0.136123,-215.5576,0,train
normal,9181,normal_0272,36,2022-07-12 00:34:25.587,3.6,-0.132901,-0.066403,-198.94459,0,train
normal,9182,normal_0272,37,2022-07-12 00:34:25.687,3.7,-0.070049,0.219257,-159.66084,0,train
normal,9183,normal_0272,38,2022-07-12 00:34:25.787,3.8,0.014771,0.215851,-107.90373,0,train
normal,9184,normal_0272,39,2022-07-12 00:34:25.887,3.9,-0.024693,-0.077847,-43.052559,0,train
normal,9185,normal_0272,40,2022-07-12 00:34:25.987,4.0,0.01166,-0.186566,28.184179,0,train
normal,9186,normal_0272,41,2022-07-12 00:34:26.087,4.1,0.010786,-0.135044,106.66396,0,train
normal,9187,normal_0272,42,2022-07-12 00:34:26.187,4.2,-0.022615,0.044349,154.56666,0,train
normal,9188,normal_0272,43,2022-07-12 00:34:26.287,4.3,0.005109,0.176648,204.30031,0,train
normal,9189,normal_0272,44,2022-07-12 00:34:26.387,4.4,0.006347,0.075672,210.67801,0,train
normal,9190,normal_0272,45,2022-07-12 00:34:26.487,4.5,0.022536,-0.098476,172.68457,0,train
normal,9191,normal_0272,46,2022-07-12 00:34:26.587,4.6,-0.046412,-0.17226,129.14254,0,train
normal,9192,normal_0272,47,2022-07-12 00:34:26.687,4.7,-0.116269,-0.054504,65.737851,0,train
normal,9193,normal_0272,48,2022-07-12 00:34:26.787,4.8,0.042847,0.178942,-0.129938,0,train
normal,9194,normal_0272,49,2022-07-12 00:34:26.887,4.9,-0.014804,0.188353,-81.830392,0,train
normal,9195,normal_0273,0,2022-07-12 00:34:29.244,0.0,-0.019536,0.037447,-107.80014,0,train
normal,9196,normal_0273,1,2022-07-12 00:34:29.344,0.1,0.039012,0.062095,-89.55444,0,train
normal,9197,normal_0273,2,2022-07-12 00:34:29.444,0.2,-0.046103,-0.065936,-65.148719,0,train
normal,9198,normal_0273,3,2022-07-12 00:34:29.544,0.3,0.023163,-0.061905,-23.839596,0,train
normal,9199,normal_0273,4,2022-07-12 00:34:29.644,0.4,0.034834,0.132553,14.679672,0,train
normal,9200,normal_0273,5,2022-07-12 00:34:29.744,0.5,0.002262,-0.037541,66.825994,0,train
normal,9201,normal_0273,6,2022-07-12 00:34:29.844,0.6,0.070665,-0.120908,105.01028,0,train
normal,9202,normal_0273,7,2022-07-12 00:34:29.944,0.7,0.008415,0.048857,109.10941,0,train
normal,9203,normal_0273,8,2022-07-12 00:34:30.044,0.8,-0.012793,-0.052471,111.54879,0,train
normal,9204,normal_0273,9,2022-07-12 00:34:30.144,0.9,0.048458,-0.043592,97.171437,0,train
normal,9205,normal_0273,10,2022-07-12 00:34:30.244,1.0,-0.000826,0.068589,76.72585,0,train
normal,9206,normal_0273,11,2022-07-12 00:34:30.344,1.1,0.011083,-0.033761,40.289526,0,train
normal,9207,normal_0273,12,2022-07-12 00:34:30.444,1.2,0.041181,-0.025302,0.134468,0,train
normal,9208,normal_0273,13,2022-07-12 00:34:30.544,1.3,-0.044854,-0.016015,-46.10992,0,train
normal,9209,normal_0273,14,2022-07-12 00:34:30.644,1.4,-0.019968,-0.027278,-96.339237,0,train
normal,9210,normal_0273,15,2022-07-12 00:34:30.744,1.5,0.049287,0.120212,-107.36109,0,train
normal,9211,normal_0273,16,2022-07-12 00:34:30.844,1.6,-0.00329,0.06138,-110.95311,0,train
normal,9212,normal_0273,17,2022-07-12 00:34:30.944,1.7,-0.008615,-0.058601,-103.1803,0,train
normal,9213,normal_0273,18,2022-07-12 00:34:31.044,1.8,0.018894,-0.020125,-83.538661,0,train
normal,9214,normal_0273,19,2022-07-12 00:34:31.144,1.9,-0.004539,-0.055956,-53.641445,0,train
normal,9215,normal_0273,20,2022-07-12 00:34:31.244,2.0,0.027875,0.040501,-11.697294,0,train
normal,9216,normal_0273,21,2022-07-12 00:34:31.344,2.1,0.043917,0.085358,28.780106,0,train
normal,9217,normal_0273,22,2022-07-12 00:34:31.444,2.2,-0.000395,-0.084283,83.498846,0,train
normal,9218,normal_0273,23,2022-07-12 00:34:31.544,2.3,-0.011146,0.00903,107.42141,0,train
normal,9219,normal_0273,24,2022-07-12 00:34:31.644,2.4,-0.061941,0.044849,110.03126,0,train
normal,9220,normal_0273,25,2022-07-12 00:34:31.744,2.5,-0.079016,-0.064301,108.87541,0,train
normal,9221,normal_0273,26,2022-07-12 00:34:31.844,2.6,-0.037327,0.098369,91.384541,0,train
normal,9222,normal_0273,27,2022-07-12 00:34:31.944,2.7,0.00258,0.059155,68.165906,0,train
normal,9223,normal_0273,28,2022-07-12 00:34:32.044,2.8,0.059357,-0.068365,27.898792,0,train
normal,9224,normal_0273,29,2022-07-12 00:34:32.144,2.9,0.016908,0.022904,-10.489346,0,train
normal,9225,normal_0273,30,2022-07-12 00:34:32.244,3.0,-0.03853,-0.070852,-62.583573,0,train
normal,9226,normal_0273,31,2022-07-12 00:34:32.344,3.1,-0.038451,-0.026903,-101.74776,0,train
normal,9227,normal_0273,32,2022-07-12 00:34:32.444,3.2,-0.044241,0.084927,-106.82846,0,train
normal,9228,normal_0273,33,2022-07-12 00:34:32.544,3.3,-0.00715,-0.082216,-110.64865,0,train
normal,9229,normal_0273,34,2022-07-12 00:34:32.644,3.4,0.03874,-0.012768,-97.524893,0,train
normal,9230,normal_0273,35,2022-07-12 00:34:32.744,3.5,-0.011373,0.027649,-77.498922,0,train
normal,9231,normal_0273,36,2022-07-12 00:34:32.844,3.6,-0.060363,-0.123077,-42.448526,0,train
normal,9232,normal_0273,37,2022-07-12 00:34:32.944,3.7,-0.030072,0.027944,-3.024459,0,train
normal,9233,normal_0273,38,2022-07-12 00:34:33.044,3.8,-0.036419,0.044725,42.379265,0,train
normal,9234,normal_0273,39,2022-07-12 00:34:33.144,3.9,0.040886,-0.059794,93.380343,0,train
normal,9235,normal_0273,40,2022-07-12 00:34:33.244,4.0,0.065976,0.050935,106.68184,0,train
normal,9236,normal_0273,41,2022-07-12 00:34:33.344,4.1,-0.04423,-0.035055,110.90948,0,train
normal,9237,normal_0273,42,2022-07-12 00:34:33.444,4.2,-0.00421,-0.042571,104.51652,0,train
normal,9238,normal_0274,0,2022-07-12 00:34:37.168,0.0,0.02035,0.163475,61.005361,0,train
normal,9239,normal_0274,1,2022-07-12 00:34:37.268,0.1,-0.037745,0.003905,115.83032,0,train
normal,9240,normal_0274,2,2022-07-12 00:34:37.368,0.2,0.020225,-0.118744,163.94307,0,train
normal,9241,normal_0274,3,2022-07-12 00:34:37.468,0.3,-0.050608,-0.127225,196.08536,0,train
normal,9242,normal_0274,4,2022-07-12 00:34:37.568,0.4,-0.022747,0.014293,176.50654,0,train
normal,9243,normal_0274,5,2022-07-12 00:34:37.668,0.5,0.085722,0.188259,144.09472,0,train
normal,9244,normal_0274,6,2022-07-12 00:34:37.768,0.6,-0.040186,0.082788,93.150269,0,train
normal,9245,normal_0274,7,2022-07-12 00:34:37.868,0.7,-0.047565,-0.065566,33.86331,0,train
normal,9246,normal_0274,8,2022-07-12 00:34:37.968,0.8,0.051969,-0.08431,-35.094861,0,train
normal,9247,normal_0274,9,2022-07-12 00:34:38.068,0.9,-0.110281,-0.143563,-98.008048,0,train
normal,9248,normal_0274,10,2022-07-12 00:34:38.168,1.0,-0.054309,0.002781,-144.26472,0,train
normal,9249,normal_0274,11,2022-07-12 00:34:38.268,1.1,0.143612,0.205414,-188.23662,0,train
normal,9250,normal_0274,12,2022-07-12 00:34:38.368,1.2,-0.011621,0.039566,-183.41591,0,train
normal,9251,normal_0274,13,2022-07-12 00:34:38.468,1.3,0.018306,-0.086251,-154.44841,0,train
normal,9252,normal_0274,14,2022-07-12 00:34:38.568,1.4,0.026095,-0.084673,-111.85695,0,train
normal,9253,normal_0274,15,2022-07-12 00:34:38.668,1.5,-0.203923,-0.096821,-54.157383,0,train
normal,9254,normal_0274,16,2022-07-12 00:34:38.768,1.6,0.008452,0.149988,8.770467,0,train
normal,9255,normal_0274,17,2022-07-12 00:34:38.868,1.7,0.090275,0.185512,77.756295,0,train
normal,9256,normal_0274,18,2022-07-12 00:34:38.968,1.8,-0.064777,-0.102895,126.38582,0,train
normal,9257,normal_0274,19,2022-07-12 00:34:39.068,1.9,0.104954,-0.127078,175.58815,0,train
normal,9258,normal_0274,20,2022-07-12 00:34:39.168,2.0,0.016569,-0.070799,189.49368,0,train
normal,9259,normal_0274,21,2022-07-12 00:34:39.268,2.1,-0.064118,0.002123,164.14811,0,train
normal,9260,normal_0274,22,2022-07-12 00:34:39.368,2.2,0.043488,0.161216,129.53009,0,train
normal,9261,normal_0274,23,2022-07-12 00:34:39.468,2.3,-0.090049,0.076089,74.774513,0,train
normal,9262,normal_0274,24,2022-07-12 00:34:39.568,2.4,0.013004,-0.074398,16.217591,0,train
normal,9263,normal_0274,25,2022-07-12 00:34:39.668,2.5,0.02639,-0.11795,-52.950985,0,train
normal,9264,normal_0274,26,2022-07-12 00:34:39.768,2.6,-0.075551,-0.10596,-106.54677,0,train
normal,9265,normal_0274,27,2022-07-12 00:34:39.868,2.7,0.113288,0.12266,-154.87673,0,train
normal,9266,normal_0274,28,2022-07-12 00:34:39.968,2.8,0.023915,0.186579,-187.19234,0,train
normal,9267,normal_0274,29,2022-07-12 00:34:40.068,2.9,-0.00675,-0.021855,-170.25914,0,train
normal,9268,normal_0274,30,2022-07-12 00:34:40.168,3.0,0.063572,-0.11124,-141.38033,0,train
normal,9269,normal_0274,31,2022-07-12 00:34:40.268,3.1,-0.134486,-0.160615,-93.659054,0,train
normal,9270,normal_0274,32,2022-07-12 00:34:40.368,3.2,-0.051437,-0.003259,-38.352256,0,train
normal,9271,normal_0274,33,2022-07-12 00:34:40.468,3.3,0.115899,0.223341,26.678565,0,train
normal,9272,normal_0274,34,2022-07-12 00:34:40.568,3.4,-0.002629,0.097694,88.139902,0,train
normal,9273,normal_0274,35,2022-07-12 00:34:40.668,3.5,0.019816,-0.099557,134.61889,0,train
normal,9274,normal_0274,36,2022-07-12 00:34:40.768,3.6,0.088197,-0.117961,179.77311,0,train
normal,9275,normal_0274,37,2022-07-12 00:34:40.868,3.7,-0.10121,-0.081517,177.55952,0,train
normal,9276,normal_0274,38,2022-07-12 00:34:40.968,3.8,-0.052652,0.063249,151.83701,0,train
normal,9277,normal_0274,39,2022-07-12 00:34:41.068,3.9,0.082248,0.196229,112.98586,0,train
normal,9278,normal_0274,40,2022-07-12 00:34:41.168,4.0,-0.065435,-0.025103,58.851726,0,train
normal,9279,normal_0274,41,2022-07-12 00:34:41.268,4.1,0.04963,-0.139419,-0.365734,0,train
normal,9280,normal_0274,42,2022-07-12 00:34:41.368,4.2,0.100708,-0.046696,-66.304453,0,train
normal,9281,normal_0274,43,2022-07-12 00:34:41.468,4.3,-0.106784,-0.025613,-113.52409,0,train
normal,9282,normal_0274,44,2022-07-12 00:34:41.568,4.4,0.019691,0.155517,-163.04996,0,train
normal,9283,normal_0275,0,2022-07-12 00:34:45.928,0.0,-0.031167,0.017313,-79.720149,0,train
normal,9284,normal_0275,1,2022-07-12 00:34:46.028,0.1,-0.051705,-0.021583,-47.034746,0,train
normal,9285,normal_0275,2,2022-07-12 00:34:46.128,0.2,-0.03488,-0.059128,-4.022122,0,train
normal,9286,normal_0275,3,2022-07-12 00:34:46.228,0.3,0.015438,0.119561,38.216238,0,train
normal,9287,normal_0275,4,2022-07-12 00:34:46.328,0.4,0.065744,0.015202,91.128599,0,train
normal,9288,normal_0275,5,2022-07-12 00:34:46.428,0.5,0.071296,-0.060933,109.43116,0,train
normal,9289,normal_0275,6,2022-07-12 00:34:46.528,0.6,0.005175,0.03801,111.89557,0,train
normal,9290,normal_0275,7,2022-07-12 00:34:46.628,0.7,-0.038592,-0.106801,107.08512,0,train
normal,9291,normal_0275,8,2022-07-12 00:34:46.728,0.8,-0.003522,-0.008572,87.35622,0,train
normal,9292,normal_0275,9,2022-07-12 00:34:46.828,0.9,0.001201,0.132799,61.358459,0,train
normal,9293,normal_0275,10,2022-07-12 00:34:46.928,1.0,0.039587,-0.074046,18.43548,0,train
normal,9294,normal_0275,11,2022-07-12 00:34:47.028,1.1,0.069945,-0.038102,-21.005156,0,train
normal,9295,normal_0275,12,2022-07-12 00:34:47.128,1.2,-0.078374,0.020912,-74.031123,0,train
normal,9296,normal_0275,13,2022-07-12 00:34:47.228,1.3,-0.040533,-0.037773,-106.48693,0,train
normal,9297,normal_0275,14,2022-07-12 00:34:47.328,1.4,0.006163,0.097433,-109.10047,0,train
normal,9298,normal_0275,15,2022-07-12 00:34:47.428,1.5,-0.086526,0.024693,-110.62743,0,train
normal,9299,normal_0275,16,2022-07-12 00:34:47.528,1.6,0.068106,-0.047832,-94.311487,0,train
normal,9300,normal_0275,17,2022-07-12 00:34:47.628,1.7,0.065938,0.043642,-72.902688,0,train
normal,9301,normal_0275,18,2022-07-12 00:34:47.728,1.8,-0.02985,-0.0828,-34.23274,0,train
normal,9302,normal_0275,19,2022-07-12 00:34:47.828,1.9,0.027087,-0.012364,6.091476,0,train
normal,9303,normal_0275,20,2022-07-12 00:34:47.928,2.0,-0.044144,0.140564,53.886778,0,train
normal,9304,normal_0275,21,2022-07-12 00:34:48.028,2.1,-0.020836,-0.023956,100.22522,0,train
normal,9305,normal_0275,22,2022-07-12 00:34:48.128,2.2,0.041687,-0.036399,108.62829,0,train
normal,9306,normal_0275,23,2022-07-12 00:34:48.228,2.3,-0.049707,-0.000863,112.25201,0,train
normal,9307,normal_0275,24,2022-07-12 00:34:48.328,2.4,-0.007507,-0.094062,102.39686,0,train
normal,9308,normal_0275,25,2022-07-12 00:34:48.428,2.5,0.04029,0.039168,82.978735,0,train
normal,9309,normal_0275,26,2022-07-12 00:34:48.528,2.6,0.005277,0.077985,52.004224,0,train
normal,9310,normal_0275,27,2022-07-12 00:34:48.628,2.7,0.048783,-0.038431,10.892273,0,train
normal,9311,normal_0275,28,2022-07-12 00:34:48.728,2.8,-0.015942,0.021752,-30.851249,0,train
normal,9312,normal_0275,29,2022-07-12 00:34:48.828,2.9,-0.075695,-0.033515,-84.046135,0,train
normal,9313,normal_0275,30,2022-07-12 00:34:48.928,3.0,0.003245,-0.032346,-104.73026,0,train
normal,9314,normal_0275,31,2022-07-12 00:34:49.028,3.1,0.008342,0.122535,-109.16413,0,train
normal,9315,normal_0275,32,2022-07-12 00:34:49.128,3.2,0.026632,-0.016372,-107.06271,0,train
normal,9316,normal_0275,33,2022-07-12 00:34:49.228,3.3,0.089507,-0.100795,-89.686762,0,train
normal,9317,normal_0275,34,2022-07-12 00:34:49.328,3.4,-0.001194,-0.011865,-65.652855,0,train
normal,9318,normal_0275,35,2022-07-12 00:34:49.428,3.5,-0.065681,-0.028168,-25.624159,0,train
normal,9319,normal_0275,36,2022-07-12 00:34:49.528,3.6,-0.015954,0.002792,12.970091,0,train
normal,9320,normal_0275,37,2022-07-12 00:34:49.628,3.7,-0.070517,-0.005019,65.849193,0,train
normal,9321,normal_0275,38,2022-07-12 00:34:49.728,3.8,-0.029112,0.024818,101.53438,0,train
normal,9322,normal_0275,39,2022-07-12 00:34:49.828,3.9,0.075293,0.078689,107.51654,0,train
normal,9323,normal_0275,40,2022-07-12 00:34:49.928,4.0,-0.032189,-0.08154,110.71886,0,train
normal,9324,normal_0275,41,2022-07-12 00:34:50.028,4.1,-0.056814,-0.025454,97.106111,0,train
normal,9325,normal_0275,42,2022-07-12 00:34:50.128,4.2,-0.00653,0.161647,77.40129,0,train
normal,9326,normal_0275,43,2022-07-12 00:34:50.228,4.3,-0.036026,-0.016338,41.880613,0,train
normal,9327,normal_0275,44,2022-07-12 00:34:50.328,4.4,0.006208,-0.072139,3.570915,0,train
normal,9328,normal_0275,45,2022-07-12 00:34:50.428,4.5,0.006015,0.020129,-43.440109,0,train
normal,9329,normal_0275,46,2022-07-12 00:34:50.528,4.6,0.009273,-0.095686,-90.997349,0,train
normal,9330,normal_0275,47,2022-07-12 00:34:50.628,4.7,0.071432,0.003394,-103.42957,0,train
normal,9331,normal_0275,48,2022-07-12 00:34:50.728,4.8,0.030776,0.091087,-109.48409,0,train
normal,9332,normal_0275,49,2022-07-12 00:34:50.828,4.9,0.024555,-0.031245,-102.37659,0,train
normal,9333,normal_0276,0,2022-07-12 00:34:53.056,0.0,-0.015091,-0.053755,-133.42406,0,train
normal,9334,normal_0276,1,2022-07-12 00:34:53.156,0.1,-0.050048,-0.020103,-93.239915,0,train
normal,9335,normal_0276,2,2022-07-12 00:34:53.256,0.2,0.153607,0.179271,-43.914085,0,train
normal,9336,normal_0276,3,2022-07-12 00:34:53.356,0.3,0.054731,0.061708,11.204244,0,train
normal,9337,normal_0276,4,2022-07-12 00:34:53.456,0.4,0.004732,-0.093309,70.428261,0,train
normal,9338,normal_0276,5,2022-07-12 00:34:53.556,0.5,0.075565,-0.064688,114.38991,0,train
normal,9339,normal_0276,6,2022-07-12 00:34:53.656,0.6,-0.046914,-0.050235,161.23857,0,train
normal,9340,normal_0276,7,2022-07-12 00:34:53.756,0.7,0.003108,0.08765,168.12887,0,train
normal,9341,normal_0276,8,2022-07-12 00:34:53.856,0.8,0.08106,0.157791,144.59528,0,train
normal,9342,normal_0276,9,2022-07-12 00:34:53.956,0.9,-0.020507,-0.041709,110.83735,0,train
normal,9343,normal_0276,10,2022-07-12 00:34:54.056,1.0,0.011226,-0.109681,60.949333,0,train
normal,9344,normal_0276,11,2022-07-12 00:34:54.156,1.1,0.067765,-0.034454,9.775163,0,train
normal,9345,normal_0276,12,2022-07-12 00:34:54.256,1.2,0.023215,0.005941,-51.843649,0,train
normal,9346,normal_0276,13,2022-07-12 00:34:54.356,1.3,0.012179,0.120836,-98.681104,0,train
normal,9347,normal_0276,14,2022-07-12 00:34:54.456,1.4,-0.009165,0.063071,-145.66948,0,train
normal,9348,normal_0276,15,2022-07-12 00:34:54.556,1.5,-0.036731,-0.077937,-169.49072,0,train
normal,9349,normal_0276,16,2022-07-12 00:34:54.656,1.6,0.023215,-0.043117,-150.62715,0,train
normal,9350,normal_0276,17,2022-07-12 00:34:54.756,1.7,0.006389,-0.032989,-123.284,0,train
normal,9351,normal_0276,18,2022-07-12 00:34:54.856,1.8,-0.023368,0.052569,-77.346453,0,train
normal,9352,normal_0276,19,2022-07-12 00:34:54.956,1.9,-0.000729,0.145813,-28.753165,0,train
normal,9353,normal_0276,20,2022-07-12 00:34:55.056,2.0,-0.080906,0.00241,30.09272,0,train
normal,9354,normal_0276,21,2022-07-12 00:34:55.156,2.1,-0.061617,-0.084374,82.354436,0,train
normal,9355,normal_0276,22,2022-07-12 00:34:55.256,2.2,-0.014932,-0.066391,126.89997,0,train
normal,9356,normal_0276,23,2022-07-12 00:34:55.356,2.3,-0.045722,-0.044808,166.85357,0,train
normal,9357,normal_0276,24,2022-07-12 00:34:55.456,2.4,0.050712,0.128182,159.16028,0,train
normal,9358,normal_0276,25,2022-07-12 00:34:55.556,2.5,0.01193,0.134528,134.35806,0,train
normal,9359,normal_0276,26,2022-07-12 00:34:55.656,2.6,-0.140363,-0.076824,94.454657,0,train
normal,9360,normal_0276,27,2022-07-12 00:34:55.756,2.7,-0.072073,-0.088586,45.571333,0,train
normal,9361,normal_0276,28,2022-07-12 00:34:55.856,2.8,-0.07624,-0.086111,-8.646728,0,train
normal,9362,normal_0276,29,2022-07-12 00:34:55.956,2.9,-0.083234,-0.036361,-67.292818,0,train
normal,9363,normal_0276,30,2022-07-12 00:34:56.056,3.0,0.091595,0.128897,-109.92266,0,train
normal,9364,normal_0276,31,2022-07-12 00:34:56.156,3.1,0.027529,0.008825,-156.19268,0,train
normal,9365,normal_0276,32,2022-07-12 00:34:56.256,3.2,-0.034369,-0.113791,-164.33587,0,train
normal,9366,normal_0276,33,2022-07-12 00:34:56.356,3.3,0.028392,-0.059227,-141.53661,0,train
normal,9367,normal_0276,34,2022-07-12 00:34:56.456,3.4,-0.110232,-0.077301,-109.09499,0,train
normal,9368,normal_0276,35,2022-07-12 00:34:56.556,3.5,-0.061117,0.046699,-59.881814,0,train
normal,9369,normal_0276,36,2022-07-12 00:34:56.656,3.6,0.075349,0.133733,-9.423257,0,train
normal,9370,normal_0276,37,2022-07-12 00:34:56.756,3.7,-0.003647,-0.060498,51.572925,0,train
normal,9371,normal_0276,38,2022-07-12 00:34:56.856,3.8,0.066652,-0.122135,97.860586,0,train
normal,9372,normal_0276,39,2022-07-12 00:34:56.956,3.9,0.068719,-0.090096,144.21083,0,train
normal,9373,normal_0276,40,2022-07-12 00:34:57.056,4.0,-0.033143,-0.053539,169.92488,0,train
normal,9374,normal_0276,41,2022-07-12 00:34:57.156,4.1,0.025338,0.120915,152.13336,0,train
normal,9375,normal_0276,42,2022-07-12 00:34:57.256,4.2,-0.073197,0.072505,124.18522,0,train
normal,9376,normal_0276,43,2022-07-12 00:34:57.356,4.3,-0.075298,-0.078425,77.23392,0,train
normal,9377,normal_0276,44,2022-07-12 00:34:57.456,4.4,0.046682,-0.074645,26.749614,0,train
normal,9378,normal_0276,45,2022-07-12 00:34:57.556,4.5,-0.01617,-0.066902,-33.933882,0,train
normal,9379,normal_0276,46,2022-07-12 00:34:57.656,4.6,0.074736,0.086538,-87.512504,0,train
normal,9380,normal_0277,0,2022-07-12 00:35:01.171,0.0,-0.007937,-0.190011,-126.58383,0,train
normal,9381,normal_0277,1,2022-07-12 00:35:01.271,0.1,-0.194755,-0.124775,-196.34416,0,train
normal,9382,normal_0277,2,2022-07-12 00:35:01.371,0.2,0.103427,0.228562,-245.00814,0,train
normal,9383,normal_0277,3,2022-07-12 00:35:01.471,0.3,0.234887,0.313916,-244.67269,0,train
normal,9384,normal_0277,4,2022-07-12 00:35:01.571,0.4,-0.047174,-0.133426,-210.38261,0,train
normal,9385,normal_0277,5,2022-07-12 00:35:01.671,0.5,-0.019086,-0.23086,-148.43811,0,train
normal,9386,normal_0277,6,2022-07-12 00:35:01.771,0.6,-0.11191,-0.104816,-68.249472,0,train
normal,9387,normal_0277,7,2022-07-12 00:35:01.871,0.7,-0.254462,-0.009743,15.16092,0,train
normal,9388,normal_0277,8,2022-07-12 00:35:01.971,0.8,0.004404,0.29323,102.28695,0,train
normal,9389,normal_0277,9,2022-07-12 00:35:02.071,0.9,0.059513,0.187713,176.69263,0,train
normal,9390,normal_0277,10,2022-07-12 00:35:02.171,1.0,-0.031279,-0.268587,235.74224,0,train
normal,9391,normal_0277,11,2022-07-12 00:35:02.271,1.1,0.001111,-0.26895,252.3649,0,train
normal,9392,normal_0277,12,2022-07-12 00:35:02.371,1.2,-0.060128,-0.059925,225.9418,0,train
normal,9393,normal_0277,13,2022-07-12 00:35:02.471,1.3,-0.051102,0.117107,173.09954,0,train
normal,9394,normal_0277,14,2022-07-12 00:35:02.571,1.4,-0.012081,0.260419,94.705951,0,train
normal,9395,normal_0277,15,2022-07-12 00:35:02.671,1.5,-0.052624,0.029301,11.584879,0,train
normal,9396,normal_0277,16,2022-07-12 00:35:02.771,1.6,-0.087966,-0.266225,-76.773653,0,train
normal,9397,normal_0277,17,2022-07-12 00:35:02.871,1.7,-0.15553,-0.19546,-156.56878,0,train
normal,9398,normal_0277,18,2022-07-12 00:35:02.971,1.8,-0.097492,0.031299,-221.23912,0,train
normal,9399,normal_0277,19,2022-07-12 00:35:03.071,1.9,0.078405,0.233875,-254.75469,0,train
normal,9400,normal_0277,20,2022-07-12 00:35:03.171,2.0,0.040916,0.175985,-237.90172,0,train
normal,9401,normal_0277,21,2022-07-12 00:35:03.271,2.1,-0.015249,-0.132631,-193.01047,0,train
normal,9402,normal_0277,22,2022-07-12 00:35:03.371,2.2,-0.01912,-0.237104,-121.14955,0,train
normal,9403,normal_0277,23,2022-07-12 00:35:03.471,2.3,-0.20528,-0.153351,-37.215476,0,train
normal,9404,normal_0277,24,2022-07-12 00:35:03.571,2.4,-0.051318,0.109125,51.403886,0,train
normal,9405,normal_0277,25,2022-07-12 00:35:03.671,2.5,0.17292,0.345864,138.6198,0,train
normal,9406,normal_0277,26,2022-07-12 00:35:03.771,2.6,-0.019177,0.013837,208.77781,0,train
normal,9407,normal_0277,27,2022-07-12 00:35:03.871,2.7,0.036261,-0.247572,256.39895,0,train
normal,9408,normal_0277,28,2022-07-12 00:35:03.971,2.8,0.043595,-0.125638,253.25802,0,train
normal,9409,normal_0277,29,2022-07-12 00:35:04.071,2.9,-0.174558,-0.084664,213.18557,0,train
normal,9410,normal_0277,30,2022-07-12 00:35:04.171,3.0,0.03692,0.192174,147.96795,0,train
normal,9411,normal_0277,31,2022-07-12 00:35:04.271,3.1,0.154608,0.307921,63.587435,0,train
normal,9412,normal_0278,0,2022-07-12 00:35:09.147,0.0,0.07239,-0.086577,-107.07582,0,train
normal,9413,normal_0278,1,2022-07-12 00:35:09.247,0.1,0.01501,-0.004765,-89.680563,0,train
normal,9414,normal_0278,2,2022-07-12 00:35:09.347,0.2,-0.102178,0.003534,-65.745242,0,train
normal,9415,normal_0278,3,2022-07-12 00:35:09.447,0.3,-0.031073,-0.011202,-25.454882,0,train
normal,9416,normal_0278,4,2022-07-12 00:35:09.547,0.4,-0.059081,0.018452,12.744786,0,train
normal,9417,normal_0278,5,2022-07-12 00:35:09.647,0.5,-0.055301,0.014638,64.710982,0,train
normal,9418,normal_0278,6,2022-07-12 00:35:09.747,0.6,0.07399,0.01424,101.58588,0,train
normal,9419,normal_0278,7,2022-07-12 00:35:09.847,0.7,-0.000203,-0.059829,107.6255,0,train
normal,9420,normal_0278,8,2022-07-12 00:35:09.947,0.8,-0.051213,-0.057547,110.67356,0,train
normal,9421,normal_0278,9,2022-07-12 00:35:10.047,0.9,0.030099,0.127171,97.930443,0,train
normal,9422,normal_0278,10,2022-07-12 00:35:10.147,1.0,0.021061,0.060948,79.020033,0,train
normal,9423,normal_0278,11,2022-07-12 00:35:10.247,1.1,0.050523,-0.082297,43.421154,0,train
normal,9424,normal_0278,12,2022-07-12 00:35:10.347,1.2,0.071731,0.009233,4.704953,0,train
normal,9425,normal_0278,13,2022-07-12 00:35:10.447,1.3,0.004815,-0.043094,-41.898852,0,train
normal,9426,normal_0278,14,2022-07-12 00:35:10.547,1.4,0.058902,-0.031661,-90.750705,0,train
normal,9427,normal_0278,15,2022-07-12 00:35:10.647,1.5,0.093132,0.09914,-103.63437,0,train
normal,9428,normal_0278,16,2022-07-12 00:35:10.747,1.6,0.027283,0.017635,-109.02883,0,train
normal,9429,normal_0278,17,2022-07-12 00:35:10.847,1.7,0.041747,0.030771,-102.13579,0,train
normal,9430,normal_0278,18,2022-07-12 00:35:10.947,1.8,0.009981,0.024015,-84.872375,0,train
normal,9431,normal_0278,19,2022-07-12 00:35:11.047,1.9,-0.018936,-0.043264,-56.004292,0,train
normal,9432,normal_0278,20,2022-07-12 00:35:11.147,2.0,0.080655,0.129181,-15.983345,0,train
normal,9433,normal_0279,0,2022-07-12 00:35:17.136,0.0,-0.023438,-0.09858,-151.5726,0,train
normal,9434,normal_0279,1,2022-07-12 00:35:17.236,0.1,-0.154092,-0.030528,-131.93812,0,train
normal,9435,normal_0279,2,2022-07-12 00:35:17.336,0.2,0.016253,0.104496,-103.60981,0,train
normal,9436,normal_0279,3,2022-07-12 00:35:17.436,0.3,0.063982,0.048843,-61.896689,0,train
normal,9437,normal_0279,4,2022-07-12 00:35:17.536,0.4,-0.00156,-0.094265,-16.931655,0,train
normal,9438,normal_0279,5,2022-07-12 00:35:17.636,0.5,0.099563,-0.134683,40.250783,0,train
normal,9439,normal_0279,6,2022-07-12 00:35:17.736,0.6,-0.066819,-0.078246,84.310661,0,train
normal,9440,normal_0279,7,2022-07-12 00:35:17.836,0.7,-0.1024,0.080405,133.06429,0,train
normal,9441,normal_0280,0,2022-07-12 00:35:25.092,0.0,2e-05,-0.002066,-68.008193,0,train
normal,9442,normal_0280,1,2022-07-12 00:35:25.192,0.1,0.029856,0.014885,-27.803782,0,train
normal,9443,normal_0280,2,2022-07-12 00:35:25.292,0.2,-0.033189,-0.064543,11.012198,0,train
normal,9444,normal_0280,3,2022-07-12 00:35:25.392,0.3,-0.063752,-0.043483,62.468894,0,train
normal,9445,normal_0280,4,2022-07-12 00:35:25.492,0.4,-0.04486,0.102316,101.49933,0,train
normal,9446,normal_0280,5,2022-07-12 00:35:25.592,0.5,-0.04201,0.002214,107.66984,0,train
normal,9447,normal_0280,6,2022-07-12 00:35:25.692,0.6,0.01034,-0.096105,110.88826,0,train
normal,9448,normal_0280,7,2022-07-12 00:35:25.792,0.7,-0.01021,-0.025806,97.486269,0,train
normal,9449,normal_0281,0,2022-07-12 00:35:34.214,0.0,0.008246,-0.196043,-6.059886,0,train
normal,9450,normal_0281,1,2022-07-12 00:35:34.314,0.1,-0.008807,0.056193,87.013374,0,train
normal,9451,normal_0281,2,2022-07-12 00:35:34.414,0.2,0.043918,0.205261,170.27082,0,train
normal,9452,normal_0281,3,2022-07-12 00:35:34.514,0.3,0.037299,0.249119,235.34944,0,train
normal,9453,normal_0281,4,2022-07-12 00:35:34.614,0.4,0.022142,-0.031931,262.79739,0,train
normal,9454,normal_0281,5,2022-07-12 00:35:34.714,0.5,0.019838,-0.222201,241.93743,0,train
normal,9455,normal_0281,6,2022-07-12 00:35:34.814,0.6,-0.100416,-0.158918,194.86227,0,train
normal,9456,normal_0281,7,2022-07-12 00:35:34.914,0.7,-0.01605,0.068534,118.38163,0,train
normal,9457,normal_0281,8,2022-07-12 00:35:35.014,0.8,0.10568,0.327945,32.411937,0,train
normal,9458,normal_0281,9,2022-07-12 00:35:35.114,0.9,-0.011009,0.149903,-59.947617,0,train
normal,9459,normal_0281,10,2022-07-12 00:35:35.214,1.0,-0.010635,-0.184247,-149.42242,0,train
normal,9460,normal_0281,11,2022-07-12 00:35:35.314,1.1,-0.092685,-0.238776,-220.33229,0,train
normal,9461,normal_0281,12,2022-07-12 00:35:35.414,1.2,-0.209271,-0.13595,-263.39725,0,train
normal,9462,normal_0281,13,2022-07-12 00:35:35.514,1.3,0.064513,0.172859,-254.19441,0,train
normal,9463,normal_0281,14,2022-07-12 00:35:35.614,1.4,0.117498,0.272609,-213.84301,0,train
normal,9464,normal_0281,15,2022-07-12 00:35:35.714,1.5,-0.017776,-0.075857,-145.98705,0,train
normal,9465,normal_0281,16,2022-07-12 00:35:35.814,1.6,0.032542,-0.202957,-59.993155,0,train
normal,9466,normal_0281,17,2022-07-12 00:35:35.914,1.7,-0.146454,-0.162619,30.853275,0,train
normal,9467,normal_0281,18,2022-07-12 00:35:36.014,1.8,-0.22797,-0.085212,126.18698,0,train
normal,9468,normal_0281,19,2022-07-12 00:35:36.114,1.9,0.040818,0.255863,204.26645,0,train
normal,9469,normal_0281,20,2022-07-12 00:35:36.214,2.0,0.106917,0.212175,260.35777,0,train
normal,9470,normal_0281,21,2022-07-12 00:35:36.314,2.1,0.007667,-0.215911,267.93877,0,train
normal,9471,normal_0281,22,2022-07-12 00:35:36.414,2.2,0.026002,-0.228082,233.60911,0,train
normal,9472,normal_0281,23,2022-07-12 00:35:36.514,2.3,-0.093162,-0.071815,173.59104,0,train
normal,9473,normal_0281,24,2022-07-12 00:35:36.614,2.4,-0.123849,0.053332,88.63629,0,train
normal,9474,normal_0281,25,2022-07-12 00:35:36.714,2.5,0.052047,0.267352,-0.765205,0,train
normal,9475,normal_0281,26,2022-07-12 00:35:36.814,2.6,0.035675,0.063311,-97.06546,0,train
normal,9476,normal_0281,27,2022-07-12 00:35:36.914,2.7,0.033518,-0.263686,-181.40557,0,train
normal,9477,normal_0281,28,2022-07-12 00:35:37.014,2.8,0.010834,-0.186415,-245.74211,0,train
normal,9478,normal_0281,29,2022-07-12 00:35:37.114,2.9,-0.043457,-0.016922,-271.03701,0,train
normal,9479,normal_0281,30,2022-07-12 00:35:37.214,3.0,0.083813,0.21641,-246.14325,0,train
normal,9480,normal_0281,31,2022-07-12 00:35:37.314,3.1,0.048459,0.254489,-196.18466,0,train
normal,9481,normal_0281,32,2022-07-12 00:35:37.414,3.2,0.004408,-0.080398,-118.09398,0,train
normal,9482,normal_0281,33,2022-07-12 00:35:37.514,3.3,0.01902,-0.252026,-29.695514,0,train
normal,9483,normal_0281,34,2022-07-12 00:35:37.614,3.4,-0.114154,-0.177003,64.553388,0,train
normal,9484,normal_0281,35,2022-07-12 00:35:37.714,3.5,0.040398,0.069942,155.31804,0,train
normal,9485,normal_0281,36,2022-07-12 00:35:37.814,3.6,0.188343,0.302877,226.96045,0,train
normal,9486,normal_0281,37,2022-07-12 00:35:37.914,3.7,0.032882,0.084644,269.83229,0,train
normal,9487,normal_0281,38,2022-07-12 00:35:38.014,3.8,0.052501,-0.181295,259.33209,0,train
normal,9488,normal_0281,39,2022-07-12 00:35:38.114,3.9,-0.022907,-0.176969,216.60938,0,train
normal,9489,normal_0281,40,2022-07-12 00:35:38.214,4.0,-0.18216,-0.118602,146.90627,0,train
normal,9490,normal_0281,41,2022-07-12 00:35:38.314,4.1,0.043941,0.186835,60.110934,0,train
normal,9491,normal_0281,42,2022-07-12 00:35:38.414,4.2,0.197959,0.303535,-30.030969,0,train
normal,9492,normal_0281,43,2022-07-12 00:35:38.514,4.3,0.054238,-0.099211,-123.68752,0,train
normal,9493,normal_0281,44,2022-07-12 00:35:38.614,4.4,0.036629,-0.228116,-200.19557,0,train
normal,9494,normal_0281,45,2022-07-12 00:35:38.714,4.5,-0.014517,-0.100664,-255.53599,0,train
normal,9495,normal_0281,46,2022-07-12 00:35:38.814,4.6,-0.168048,-0.021316,-263.08409,0,train
normal,9496,normal_0281,47,2022-07-12 00:35:38.914,4.7,-0.021602,0.271621,-228.89259,0,train
normal,9497,normal_0281,48,2022-07-12 00:35:39.014,4.8,0.089933,0.25525,-171.56663,0,train
normal,9498,normal_0281,49,2022-07-12 00:35:39.114,4.9,-0.032751,-0.186915,-89.613091,0,train
normal,9499,normal_0282,0,2022-07-12 00:35:41.235,0.0,0.009958,0.046146,56.006081,0,train
normal,9500,normal_0282,1,2022-07-12 00:35:41.335,0.1,0.053657,-0.122495,16.791823,0,train
normal,9501,normal_0282,2,2022-07-12 00:35:41.435,0.2,0.070403,0.006682,-23.269537,0,train
normal,9502,normal_0282,3,2022-07-12 00:35:41.535,0.3,-0.007912,0.000971,-76.889524,0,train
normal,9503,normal_0282,4,2022-07-12 00:35:41.635,0.4,0.029656,-0.006295,-101.39157,0,train
normal,9504,normal_0282,5,2022-07-12 00:35:41.735,0.5,-0.01184,0.067729,-107.57805,0,train
normal,9505,normal_0282,6,2022-07-12 00:35:41.835,0.6,-0.053813,0.016945,-106.06982,0,train
normal,9506,normal_0282,7,2022-07-12 00:35:41.935,0.7,0.048082,0.059986,-89.277874,0,train
normal,9507,normal_0282,8,2022-07-12 00:35:42.035,0.8,0.020199,-0.012074,-65.681942,0,train
normal,9508,normal_0282,9,2022-07-12 00:35:42.135,0.9,-0.002247,-0.09124,-25.758985,0,train
normal,9509,normal_0282,10,2022-07-12 00:35:42.235,1.0,0.02541,0.102844,11.777879,0,train
normal,9510,normal_0282,11,2022-07-12 00:35:42.335,1.1,-0.00991,0.061779,63.863285,0,train
normal,9511,normal_0282,12,2022-07-12 00:35:42.435,1.2,0.031098,-0.084042,101.08401,0,train
normal,9512,normal_0282,13,2022-07-12 00:35:42.535,1.3,0.021618,0.024756,107.5616,0,train
normal,9513,normal_0282,14,2022-07-12 00:35:42.635,1.4,-0.010841,-0.015968,109.54191,0,train
normal,9514,normal_0282,15,2022-07-12 00:35:42.735,1.5,0.025818,-0.036188,94.216835,0,train
normal,9515,normal_0282,16,2022-07-12 00:35:42.835,1.6,0.003271,0.081988,73.4588,0,train
normal,9516,normal_0282,17,2022-07-12 00:35:42.935,1.7,-0.012192,-0.003638,35.193924,0,train
normal,9517,normal_0282,18,2022-07-12 00:35:43.035,1.8,0.008993,-0.021951,-4.164815,0,train
normal,9518,normal_0282,19,2022-07-12 00:35:43.135,1.9,-0.038441,0.007136,-50.591117,0,train
normal,9519,normal_0282,20,2022-07-12 00:35:43.235,2.0,-0.061772,-0.063436,-98.526132,0,train
normal,9520,normal_0282,21,2022-07-12 00:35:43.335,2.1,-0.020594,0.039652,-107.97407,0,train
normal,9521,normal_0282,22,2022-07-12 00:35:43.435,2.2,0.007858,0.058283,-110.71016,0,train
normal,9522,normal_0282,23,2022-07-12 00:35:43.535,2.3,0.049604,-0.032634,-99.660528,0,train
normal,9523,normal_0282,24,2022-07-12 00:35:43.635,2.4,0.05419,0.035871,-79.147468,0,train
normal,9524,normal_0282,25,2022-07-12 00:35:43.735,2.5,0.017758,-0.058792,-45.326954,0,train
normal,9525,normal_0282,26,2022-07-12 00:35:43.835,2.6,-0.029676,-0.086528,-1.494289,0,train
normal,9526,normal_0282,27,2022-07-12 00:35:43.935,2.7,-0.053144,0.094454,39.22606,0,train
normal,9527,normal_0282,28,2022-07-12 00:35:44.035,2.8,-0.012556,-0.031045,93.080413,0,train
normal,9528,normal_0282,29,2022-07-12 00:35:44.135,2.9,0.028725,-0.097813,112.19396,0,train
normal,9529,normal_0282,30,2022-07-12 00:35:44.235,3.0,-0.007549,0.041934,112.40245,0,train
normal,9530,normal_0282,31,2022-07-12 00:35:44.335,3.1,-0.027928,-0.017058,106.45284,0,train
normal,9531,normal_0282,32,2022-07-12 00:35:44.435,3.2,0.010616,0.021986,85.925589,0,train
normal,9532,normal_0282,33,2022-07-12 00:35:44.535,3.3,-0.040065,0.081943,58.538921,0,train
normal,9533,normal_0282,34,2022-07-12 00:35:44.635,3.4,-0.026713,-0.029024,13.760092,0,train
normal,9534,normal_0282,35,2022-07-12 00:35:44.735,3.5,0.019415,-0.004762,-24.093392,0,train
normal,9535,normal_0282,36,2022-07-12 00:35:44.835,3.6,-0.039622,-0.061029,-76.44845,0,train
normal,9536,normal_0282,37,2022-07-12 00:35:44.935,3.7,-0.003961,-0.082282,-110.35289,0,train
normal,9537,normal_0282,38,2022-07-12 00:35:45.035,3.8,0.027317,0.115549,-110.80541,0,train
normal,9538,normal_0282,39,2022-07-12 00:35:45.135,3.9,-0.008207,0.03561,-110.41213,0,train
normal,9539,normal_0282,40,2022-07-12 00:35:45.235,4.0,0.01677,-0.054205,-92.88324,0,train
normal,9540,normal_0282,41,2022-07-12 00:35:45.335,4.1,-0.029392,0.027629,-70.348152,0,train
normal,9541,normal_0282,42,2022-07-12 00:35:45.435,4.2,-0.082208,-0.072575,-29.947165,0,train
normal,9542,normal_0282,43,2022-07-12 00:35:45.535,4.3,-0.023625,-0.037198,10.136248,0,train
normal,9543,normal_0282,44,2022-07-12 00:35:45.635,4.4,-0.021831,0.059009,56.509978,0,train
normal,9544,normal_0282,45,2022-07-12 00:35:45.735,4.5,0.036536,-0.043556,104.38885,0,train
normal,9545,normal_0282,46,2022-07-12 00:35:45.835,4.6,0.081767,0.020034,111.70579,0,train
normal,9546,normal_0282,47,2022-07-12 00:35:45.935,4.7,-0.039667,0.020454,112.82529,0,train
normal,9547,normal_0283,0,2022-07-12 00:35:49.315,0.0,0.028454,0.020783,94.778907,0,train
normal,9548,normal_0283,1,2022-07-12 00:35:49.415,0.1,0.018702,-0.002718,70.748934,0,train
normal,9549,normal_0283,2,2022-07-12 00:35:49.515,0.2,-0.059556,0.00834,31.786922,0,train
normal,9550,normal_0283,3,2022-07-12 00:35:49.615,0.3,0.037333,0.066991,-12.702586,0,train
normal,9551,normal_0283,4,2022-07-12 00:35:49.715,0.4,0.054556,0.030706,-56.786425,0,train
normal,9552,normal_0283,5,2022-07-12 00:35:49.815,0.5,0.024174,-0.056487,-103.51981,0,train
normal,9553,normal_0283,6,2022-07-12 00:35:49.915,0.6,0.038888,-0.031839,-113.12927,0,train
normal,9554,normal_0283,7,2022-07-12 00:35:50.015,0.7,-0.07788,0.010883,-111.75991,0,train
normal,9555,normal_0283,8,2022-07-12 00:35:50.115,0.8,-0.095694,0.009044,-100.62863,0,train
normal,9556,normal_0283,9,2022-07-12 00:35:50.215,0.9,-0.002063,0.041855,-77.57617,0,train
normal,9557,normal_0283,10,2022-07-12 00:35:50.315,1.0,0.000491,0.006138,-45.492655,0,train
normal,9558,normal_0283,11,2022-07-12 00:35:50.415,1.1,0.076706,-0.039185,0.634909,0,train
normal,9559,normal_0283,12,2022-07-12 00:35:50.515,1.2,0.086844,-0.005545,42.054301,0,train
normal,9560,normal_0283,13,2022-07-12 00:35:50.615,1.3,-0.067015,-0.016898,92.597138,0,train
normal,9561,normal_0283,14,2022-07-12 00:35:50.715,1.4,0.026933,0.004469,114.99764,0,train
normal,9562,normal_0283,15,2022-07-12 00:35:50.815,1.5,0.006951,0.03594,113.07444,0,train
normal,9563,normal_0283,16,2022-07-12 00:35:50.915,1.6,-0.111293,-0.022495,106.98928,0,train
normal,9564,normal_0283,17,2022-07-12 00:35:51.015,1.7,0.095927,-0.022473,84.76461,0,train
normal,9565,normal_0283,18,2022-07-12 00:35:51.115,1.8,-0.067424,-0.035813,57.011134,0,train
normal,9566,normal_0283,19,2022-07-12 00:35:51.215,1.9,-0.122998,-0.004648,11.255385,0,train
normal,9567,normal_0283,20,2022-07-12 00:35:51.315,2.0,0.073005,0.07311,-30.865673,0,train
normal,9568,normal_0283,21,2022-07-12 00:35:51.415,2.1,-0.134817,-0.062652,-78.474531,0,train
normal,9569,normal_0283,22,2022-07-12 00:35:51.515,2.2,0.005237,-0.087436,-113.6464,0,train
normal,9570,normal_0283,23,2022-07-12 00:35:51.615,2.3,0.077921,-0.033837,-113.5198,0,train
normal,9571,normal_0283,24,2022-07-12 00:35:51.715,2.4,-0.141958,-0.038435,-110.10124,0,train
normal,9572,normal_0283,25,2022-07-12 00:35:51.815,2.5,0.078647,0.121305,-90.807806,0,train
normal,9573,normal_0283,26,2022-07-12 00:35:51.915,2.6,0.034699,0.063494,-65.272458,0,train
normal,9574,normal_0283,27,2022-07-12 00:35:52.015,2.7,-0.16295,-0.082611,-24.47665,0,train
normal,9575,normal_0283,28,2022-07-12 00:35:52.115,2.8,0.016624,-0.029103,21.176102,0,train
normal,9576,normal_0283,29,2022-07-12 00:35:52.215,2.9,-0.084669,-0.03864,64.583071,0,train
normal,9577,normal_0283,30,2022-07-12 00:35:52.315,3.0,-0.075882,-0.016387,110.43311,0,train
normal,9578,normal_0283,31,2022-07-12 00:35:52.415,3.1,0.123913,0.021101,118.4224,0,train
normal,9579,normal_0283,32,2022-07-12 00:35:52.515,3.2,-0.05682,-0.088515,114.39706,0,train
normal,9580,normal_0284,0,2022-07-12 00:35:57.296,0.0,0.014073,0.181604,-253.28651,0,train
normal,9581,normal_0284,1,2022-07-12 00:35:57.396,0.1,0.173245,0.331069,-257.07856,0,train
normal,9582,normal_0284,2,2022-07-12 00:35:57.496,0.2,0.097837,-0.074322,-224.44275,0,train
normal,9583,normal_0284,3,2022-07-12 00:35:57.596,0.3,0.015764,-0.318644,-162.8982,0,train
normal,9584,normal_0284,4,2022-07-12 00:35:57.696,0.4,0.084486,-0.080078,-77.417741,0,train
normal,9585,normal_0284,5,2022-07-12 00:35:57.796,0.5,0.050823,0.145682,12.164475,0,train
normal,9586,normal_0284,6,2022-07-12 00:35:57.896,0.6,0.061824,0.264676,106.08436,0,train
normal,9587,normal_0284,7,2022-07-12 00:35:57.996,0.7,0.102844,0.15389,184.64591,0,train
normal,9588,normal_0284,8,2022-07-12 00:35:58.096,0.8,0.014141,-0.194519,245.99984,0,train
normal,9589,normal_0284,9,2022-07-12 00:35:58.196,0.9,0.009179,-0.261526,267.3457,0,train
normal,9590,normal_0284,10,2022-07-12 00:35:58.296,1.0,-0.011915,-0.03597,242.48496,0,train
normal,9591,normal_0284,11,2022-07-12 00:35:58.396,1.1,0.076334,0.217787,189.33895,0,train
normal,9592,normal_0284,12,2022-07-12 00:35:58.496,1.2,0.145214,0.321045,107.02289,0,train
normal,9593,normal_0284,13,2022-07-12 00:35:58.596,1.3,-0.027662,0.00019,18.853071,0,train
normal,9594,normal_0284,14,2022-07-12 00:35:58.696,1.4,-0.04216,-0.259596,-75.364718,0,train
normal,9595,normal_0284,15,2022-07-12 00:35:58.796,1.5,-0.139503,-0.191555,-161.10863,0,train
normal,9596,normal_0284,16,2022-07-12 00:35:58.896,1.6,-0.168329,-0.000332,-228.753,0,train
normal,9597,normal_0284,17,2022-07-12 00:35:58.996,1.7,0.147246,0.306569,-267.43999,0,train
normal,9598,normal_0284,18,2022-07-12 00:35:59.096,1.8,0.116093,0.207092,-254.45703,0,train
normal,9599,normal_0284,19,2022-07-12 00:35:59.196,1.9,-0.041763,-0.178,-210.91833,0,train
normal,9600,normal_0284,20,2022-07-12 00:35:59.296,2.0,-0.091252,-0.235992,-136.50097,0,train
normal,9601,normal_0284,21,2022-07-12 00:35:59.396,2.1,-0.31457,-0.15283,-47.775632,0,train
normal,9602,normal_0285,0,2022-07-12 00:36:05.268,0.0,-0.032305,-0.041554,-119.43985,0,train
normal,9603,normal_0285,1,2022-07-12 00:36:05.368,0.1,-0.016671,-0.023093,-116.5991,0,train
normal,9604,normal_0285,2,2022-07-12 00:36:05.468,0.2,0.056512,0.030971,-106.95256,0,train
normal,9605,normal_0285,3,2022-07-12 00:36:05.568,0.3,-0.065013,-0.031324,-83.060513,0,train
normal,9606,normal_0285,4,2022-07-12 00:36:05.668,0.4,-0.077979,0.016655,-52.0953,0,train
normal,9607,normal_0285,5,2022-07-12 00:36:05.768,0.5,-0.044816,0.050374,-5.55873,0,train
normal,9608,normal_0285,6,2022-07-12 00:36:05.868,0.6,-0.058338,-0.003111,33.12004,0,train
normal,9609,normal_0285,7,2022-07-12 00:36:05.968,0.7,0.058136,-0.0333,88.35734,0,train
normal,9610,normal_0285,8,2022-07-12 00:36:06.068,0.8,0.049621,-0.061581,119.94936,0,train
normal,9611,normal_0285,9,2022-07-12 00:36:06.168,0.9,-0.044827,-0.033754,117.54562,0,train
normal,9612,normal_0286,0,2022-07-12 00:36:07.998,0.0,0.026767,0.014542,-80.163965,0,train
normal,9613,normal_0286,1,2022-07-12 00:36:08.098,0.1,-0.060052,-0.071686,-48.65945,0,train
normal,9614,normal_0286,2,2022-07-12 00:36:08.198,0.2,0.123383,0.004233,1.095891,0,train
normal,9615,normal_0286,3,2022-07-12 00:36:08.298,0.3,-0.033587,0.04599,42.104011,0,train
normal,9616,normal_0286,4,2022-07-12 00:36:08.398,0.4,-0.103773,-0.011537,89.948665,0,train
normal,9617,normal_0286,5,2022-07-12 00:36:08.498,0.5,0.056615,0.017539,123.10268,0,train
normal,9618,normal_0286,6,2022-07-12 00:36:08.598,0.6,-0.098267,-0.023094,119.00736,0,train
normal,9619,normal_0286,7,2022-07-12 00:36:08.698,0.7,-0.001276,-0.078646,111.68863,0,train
normal,9620,normal_0286,8,2022-07-12 00:36:08.798,0.8,0.128674,-0.044143,89.068543,0,train
normal,9621,normal_0286,9,2022-07-12 00:36:08.898,0.9,-0.04519,-0.017145,61.741479,0,train
normal,9622,normal_0286,10,2022-07-12 00:36:08.998,1.0,0.022941,0.050747,15.993239,0,train
normal,9623,normal_0286,11,2022-07-12 00:36:09.098,1.1,-0.026957,0.015087,-30.077103,0,train
normal,9624,normal_0286,12,2022-07-12 00:36:09.198,1.2,-0.188809,-0.074422,-72.782764,0,train
normal,9625,normal_0286,13,2022-07-12 00:36:09.298,1.3,-0.009302,-0.026001,-118.11651,0,train
normal,9626,normal_0286,14,2022-07-12 00:36:09.398,1.4,0.000109,-0.075615,-121.65226,0,train
normal,9627,normal_0286,15,2022-07-12 00:36:09.498,1.5,-0.042806,-0.035731,-114.62141,0,train
normal,9628,normal_0286,16,2022-07-12 00:36:09.598,1.6,0.111678,0.156582,-97.022903,0,train
normal,9629,normal_0286,17,2022-07-12 00:36:09.698,1.7,-0.016671,0.039269,-69.100031,0,train
normal,9630,normal_0286,18,2022-07-12 00:36:09.798,1.8,-0.049084,-0.094858,-29.922489,0,train
normal,9631,normal_0286,19,2022-07-12 00:36:09.898,1.9,-0.004636,-0.041532,20.937088,0,train
normal,9632,normal_0286,20,2022-07-12 00:36:09.998,2.0,-0.17699,-0.061139,60.541756,0,train
normal,9633,normal_0286,21,2022-07-12 00:36:10.098,2.1,-0.039706,0.043368,109.86008,0,train
normal,9634,normal_0286,22,2022-07-12 00:36:10.198,2.2,0.091333,0.09213,127.02979,0,train
normal,9635,normal_0286,23,2022-07-12 00:36:10.298,2.3,0.038313,-0.072572,118.35457,0,train
normal,9636,normal_0286,24,2022-07-12 00:36:10.398,2.4,0.123792,-0.095324,105.38079,0,train
normal,9637,normal_0286,25,2022-07-12 00:36:10.498,2.5,0.026699,-0.085798,78.268299,0,train
normal,9638,normal_0286,26,2022-07-12 00:36:10.598,2.6,-0.070031,-0.053896,45.424228,0,train
normal,9639,normal_0286,27,2022-07-12 00:36:10.698,2.7,0.00255,0.071796,-6.376267,0,train
normal,9640,normal_0286,28,2022-07-12 00:36:10.798,2.8,-0.114138,0.044231,-48.220402,0,train
normal,9641,normal_0286,29,2022-07-12 00:36:10.898,2.9,-0.015876,0.013304,-95.452201,0,train
normal,9642,normal_0286,30,2022-07-12 00:36:10.998,3.0,0.204264,0.075963,-127.59806,0,train
normal,9643,normal_0286,31,2022-07-12 00:36:11.098,3.1,0.054934,0.043345,-121.19402,0,train
normal,9644,normal_0286,32,2022-07-12 00:36:11.198,3.2,0.019331,0.070729,-111.61543,0,train
normal,9645,normal_0286,33,2022-07-12 00:36:11.298,3.3,-0.033576,0.080493,-86.506139,0,train
normal,9646,normal_0286,34,2022-07-12 00:36:11.398,3.4,-0.208575,-0.050263,-55.734522,0,train
normal,9647,normal_0286,35,2022-07-12 00:36:11.498,3.5,-0.00853,-0.034743,-8.051516,0,train
normal,9648,normal_0286,36,2022-07-12 00:36:11.598,3.6,0.045205,0.008456,39.240007,0,train
normal,9649,normal_0286,37,2022-07-12 00:36:11.698,3.7,-0.034132,0.000895,82.075367,0,train
normal,9650,normal_0286,38,2022-07-12 00:36:11.798,3.8,0.169443,0.069174,125.63504,0,train
normal,9651,normal_0286,39,2022-07-12 00:36:11.898,3.9,0.05423,0.037646,127.38706,0,train
normal,9652,normal_0286,40,2022-07-12 00:36:11.998,4.0,-0.064661,-0.054032,117.09835,0,train
normal,9653,normal_0286,41,2022-07-12 00:36:12.098,4.1,0.050177,-0.024604,96.301448,0,train
normal,9654,normal_0286,42,2022-07-12 00:36:12.198,4.2,-0.087822,0.036624,66.842922,0,train
normal,9655,normal_0286,43,2022-07-12 00:36:12.298,4.3,-0.024096,0.084205,26.545647,0,train
normal,9656,normal_0286,44,2022-07-12 00:36:12.398,4.4,0.119217,0.112872,-25.222304,0,train
normal,9657,normal_0286,45,2022-07-12 00:36:12.498,4.5,0.011576,-0.003896,-65.368303,0,train
normal,9658,normal_0286,46,2022-07-12 00:36:12.598,4.6,0.096919,-0.118678,-114.17307,0,train
normal,9659,normal_0286,47,2022-07-12 00:36:12.698,4.7,0.080593,-0.048503,-130.13007,0,train
normal,9660,normal_0286,48,2022-07-12 00:36:12.798,4.8,-0.103625,0.029233,-119.9391,0,train
normal,9661,normal_0286,49,2022-07-12 00:36:12.898,4.9,0.003425,0.039405,-105.42084,0,train
normal,9662,normal_0287,0,2022-07-12 00:36:14.644,0.0,0.054898,0.101227,21.923783,0,train
normal,9663,normal_0287,1,2022-07-12 00:36:14.744,0.1,0.017,-0.226507,110.43836,0,train
normal,9664,normal_0287,2,2022-07-12 00:36:14.844,0.2,-0.079298,-0.193583,183.92589,0,train
normal,9665,normal_0287,3,2022-07-12 00:36:14.944,0.3,-0.079525,0.003362,241.06935,0,train
normal,9666,normal_0287,4,2022-07-12 00:36:15.044,0.4,0.112867,0.246935,256.72117,0,train
normal,9667,normal_0287,5,2022-07-12 00:36:15.144,0.5,0.09099,0.257255,227.81518,0,train
normal,9668,normal_0287,6,2022-07-12 00:36:15.244,0.6,0.014843,-0.097148,171.3927,0,train
normal,9669,normal_0287,7,2022-07-12 00:36:15.344,0.7,0.02564,-0.249589,91.623794,0,train
normal,9670,normal_0287,8,2022-07-12 00:36:15.444,0.8,-0.146123,-0.151042,7.644893,0,train
normal,9671,normal_0287,9,2022-07-12 00:36:15.544,0.9,-0.044273,0.101386,-81.92123,0,train
normal,9672,normal_0287,10,2022-07-12 00:36:15.644,1.0,0.204102,0.336944,-160.98108,0,train
normal,9673,normal_0287,11,2022-07-12 00:36:15.744,1.1,0.045111,0.075501,-224.39161,0,train
normal,9674,normal_0287,12,2022-07-12 00:36:15.844,1.2,0.015888,-0.190029,-256.80223,0,train
normal,9675,normal_0287,13,2022-07-12 00:36:15.944,1.3,0.045179,-0.124748,-239.28538,0,train
normal,9676,normal_0287,14,2022-07-12 00:36:16.044,1.4,-0.18888,-0.099748,-192.20891,0,train
normal,9677,normal_0287,15,2022-07-12 00:36:16.144,1.5,-0.039902,0.171549,-118.24883,0,train
normal,9678,normal_0287,16,2022-07-12 00:36:16.244,1.6,0.190944,0.363454,-35.093312,0,train
normal,9679,normal_0287,17,2022-07-12 00:36:16.344,1.7,0.019782,-0.065518,52.766091,0,train
normal,9680,normal_0287,18,2022-07-12 00:36:16.444,1.8,-0.016185,-0.290631,137.68949,0,train
normal,9681,normal_0287,19,2022-07-12 00:36:16.544,1.9,0.008326,-0.108445,206.25451,0,train
normal,9682,normal_0287,20,2022-07-12 00:36:16.644,2.0,-0.066378,0.019972,253.42527,0,train
normal,9683,normal_0287,21,2022-07-12 00:36:16.744,2.1,0.041978,0.252918,251.42398,0,train
normal,9684,normal_0287,22,2022-07-12 00:36:16.844,2.2,0.098244,0.198752,213.11774,0,train
normal,9685,normal_0287,23,2022-07-12 00:36:16.944,2.3,-0.014834,-0.218072,146.8928,0,train
normal,9686,normal_0287,24,2022-07-12 00:36:17.044,2.4,-0.060645,-0.234375,63.581593,0,train
normal,9687,normal_0287,25,2022-07-12 00:36:17.144,2.5,-0.046567,-0.047728,-22.744778,0,train
normal,9688,normal_0287,26,2022-07-12 00:36:17.244,2.6,0.01809,0.10637,-111.94731,0,train
normal,9689,normal_0287,27,2022-07-12 00:36:17.344,2.7,0.077763,0.294074,-185.67767,0,train
normal,9690,normal_0287,28,2022-07-12 00:36:17.444,2.8,0.050867,0.037206,-242.57639,0,train
normal,9691,normal_0287,29,2022-07-12 00:36:17.544,2.9,0.033043,-0.288814,-257.29969,0,train
normal,9692,normal_0287,30,2022-07-12 00:36:17.644,3.0,-0.101982,-0.199419,-227.81899,0,train
normal,9693,normal_0287,31,2022-07-12 00:36:17.744,3.1,-0.094307,-0.014951,-171.1631,0,train
normal,9694,normal_0287,32,2022-07-12 00:36:17.844,3.2,0.119906,0.24983,-90.500008,0,train
normal,9695,normal_0287,33,2022-07-12 00:36:17.944,3.3,0.026094,0.222991,-5.334855,0,train
normal,9696,normal_0287,34,2022-07-12 00:36:18.044,3.4,-0.019705,-0.137997,84.756384,0,train
normal,9697,normal_0287,35,2022-07-12 00:36:18.144,3.5,0.022552,-0.210658,164.63198,0,train
normal,9698,normal_0287,36,2022-07-12 00:36:18.244,3.6,-0.182454,-0.155743,228.84705,0,train
normal,9699,normal_0287,37,2022-07-12 00:36:18.344,3.7,-0.076392,0.06459,261.2429,0,train
normal,9700,normal_0287,38,2022-07-12 00:36:18.444,3.8,0.171393,0.335116,243.56988,0,train
normal,9701,normal_0287,39,2022-07-12 00:36:18.544,3.9,0.003706,0.042758,195.72201,0,train
normal,9702,normal_0287,40,2022-07-12 00:36:18.644,4.0,-0.048247,-0.255265,120.01301,0,train
normal,9703,normal_0287,41,2022-07-12 00:36:18.744,4.1,-0.009634,-0.147807,34.65033,0,train
normal,9704,normal_0287,42,2022-07-12 00:36:18.844,4.2,-0.1669,-0.063633,-54.969079,0,train
normal,9705,normal_0287,43,2022-07-12 00:36:18.944,4.3,-0.039834,0.191009,-141.13333,0,train
normal,9706,normal_0287,44,2022-07-12 00:36:19.044,4.4,0.12774,0.330098,-210.11272,0,train
normal,9707,normal_0287,45,2022-07-12 00:36:19.144,4.5,0.019282,-0.092357,-256.66145,0,train
normal,9708,normal_0287,46,2022-07-12 00:36:19.244,4.6,-0.043251,-0.304141,-253.68562,0,train
normal,9709,normal_0287,47,2022-07-12 00:36:19.344,4.7,-0.047248,-0.112044,-214.22353,0,train
normal,9710,normal_0287,48,2022-07-12 00:36:19.444,4.8,-0.04643,0.053532,-147.11692,0,train
normal,9711,normal_0287,49,2022-07-12 00:36:19.544,4.9,0.002763,0.223161,-62.070377,0,train
normal,9712,normal_0288,0,2022-07-12 00:36:21.560,0.0,-0.015268,0.017968,-123.07037,0,train
normal,9713,normal_0288,1,2022-07-12 00:36:21.660,0.1,-0.107343,0.005559,-103.13488,0,train
normal,9714,normal_0288,2,2022-07-12 00:36:21.760,0.2,0.046528,0.063858,-74.514875,0,train
normal,9715,normal_0288,3,2022-07-12 00:36:21.860,0.3,0.007381,0.020455,-34.70457,0,train
normal,9716,normal_0288,4,2022-07-12 00:36:21.960,0.4,-0.016574,-0.091307,15.983703,0,train
normal,9717,normal_0288,5,2022-07-12 00:36:22.060,0.5,0.096709,-0.025185,58.750398,0,train
normal,9718,normal_0288,6,2022-07-12 00:36:22.160,0.6,-0.040177,-0.022211,114.42174,0,train
normal,9719,normal_0288,7,2022-07-12 00:36:22.260,0.7,-0.061578,0.023883,132.91766,0,train
normal,9720,normal_0288,8,2022-07-12 00:36:22.360,0.8,0.030678,0.096011,125.90326,0,train
normal,9721,normal_0288,9,2022-07-12 00:36:22.460,0.9,-0.099986,-0.070042,113.16921,0,train
normal,9722,normal_0288,10,2022-07-12 00:36:22.560,1.0,-6.6e-05,-0.070258,85.710893,0,train
normal,9723,normal_0288,11,2022-07-12 00:36:22.660,1.1,0.092599,0.041731,53.52307,0,train
normal,9724,normal_0288,12,2022-07-12 00:36:22.760,1.2,-0.053767,-0.012243,2.230525,0,train
normal,9725,normal_0288,13,2022-07-12 00:36:22.860,1.3,0.029214,0.063393,-39.909606,0,train
normal,9726,normal_0288,14,2022-07-12 00:36:22.960,1.4,-0.000668,0.043899,-93.429577,0,train
normal,9727,normal_0288,15,2022-07-12 00:36:23.060,1.5,-0.084421,-0.109461,-129.58731,0,train
normal,9728,normal_0288,16,2022-07-12 00:36:23.160,1.6,0.055133,-0.038491,-125.19027,0,train
normal,9729,normal_0288,17,2022-07-12 00:36:23.260,1.7,-0.058785,-0.013616,-118.05524,0,train
normal,9730,normal_0288,18,2022-07-12 00:36:23.360,1.8,-0.061294,0.001472,-93.788397,0,train
normal,9731,normal_0288,19,2022-07-12 00:36:23.460,1.9,0.087944,0.07335,-65.71389,0,train
normal,9732,normal_0288,20,2022-07-12 00:36:23.560,2.0,-0.060545,-0.060801,-19.764187,0,train
normal,9733,normal_0288,21,2022-07-12 00:36:23.660,2.1,-0.007548,-0.049061,25.483015,0,train
normal,9734,normal_0288,22,2022-07-12 00:36:23.760,2.2,0.050478,0.048872,71.935781,0,train
normal,9735,normal_0288,23,2022-07-12 00:36:23.860,2.3,-0.08307,-0.013934,122.45728,0,train
normal,9736,normal_0288,24,2022-07-12 00:36:23.960,2.4,0.028953,0.0335,127.24091,0,train
normal,9737,normal_0288,25,2022-07-12 00:36:24.060,2.5,0.024321,0.019989,121.53579,0,train
normal,9738,normal_0288,26,2022-07-12 00:36:24.160,2.6,-0.034626,-0.053977,104.38432,0,train
normal,9739,normal_0288,27,2022-07-12 00:36:24.260,2.7,0.088841,-0.006839,78.622947,0,train
normal,9740,normal_0288,28,2022-07-12 00:36:24.360,2.8,-0.026417,-0.034699,41.242485,0,train
normal,9741,normal_0288,29,2022-07-12 00:36:24.460,2.9,-0.070581,0.001915,-8.330227,0,train
normal,9742,normal_0288,30,2022-07-12 00:36:24.560,3.0,0.045994,0.064767,-49.69824,0,train
normal,9743,normal_0288,31,2022-07-12 00:36:24.660,3.1,-0.047636,-0.07195,-106.08162,0,train
normal,9744,normal_0288,32,2022-07-12 00:36:24.760,3.2,0.03497,-0.010608,-126.36115,0,train
normal,9745,normal_0288,33,2022-07-12 00:36:24.860,3.3,0.069427,0.055445,-120.72112,0,train
normal,9746,normal_0288,34,2022-07-12 00:36:24.960,3.4,-0.088145,-0.10627,-111.39382,0,train
normal,9747,normal_0288,35,2022-07-12 00:36:25.060,3.5,0.030111,0.057239,-86.431871,0,train
normal,9748,normal_0288,36,2022-07-12 00:36:25.160,3.6,0.015158,0.13753,-56.300408,0,train
normal,9749,normal_0288,37,2022-07-12 00:36:25.260,3.7,-0.003245,-0.063083,-7.034064,0,train
normal,9750,normal_0288,38,2022-07-12 00:36:25.360,3.8,0.10905,-0.031271,33.484463,0,train
normal,9751,normal_0288,39,2022-07-12 00:36:25.460,3.9,-0.057162,-0.029397,86.794387,0,train
normal,9752,normal_0288,40,2022-07-12 00:36:25.560,4.0,-0.00664,-0.022858,124.97868,0,train
normal,9753,normal_0288,41,2022-07-12 00:36:25.660,4.1,0.069098,0.055457,122.26583,0,train
normal,9754,normal_0288,42,2022-07-12 00:36:25.760,4.2,-0.089871,-0.057338,117.27072,0,train
normal,9755,normal_0288,43,2022-07-12 00:36:25.860,4.3,0.065453,-0.035154,95.955979,0,train
normal,9756,normal_0288,44,2022-07-12 00:36:25.960,4.4,0.11048,0.050291,70.692667,0,train
normal,9757,normal_0288,45,2022-07-12 00:36:26.060,4.5,-0.055811,-0.04108,26.584152,0,train
normal,9758,normal_0288,46,2022-07-12 00:36:26.160,4.6,0.010617,0.037939,-17.617228,0,train
normal,9759,normal_0288,47,2022-07-12 00:36:26.260,4.7,-0.016358,0.087291,-63.96199,0,train
normal,9760,normal_0288,48,2022-07-12 00:36:26.360,4.8,-0.048874,0.000609,-115.71015,0,train
normal,9761,normal_0288,49,2022-07-12 00:36:26.460,4.9,0.097322,0.038711,-122.06139,0,train
normal,9762,normal_0289,0,2022-07-12 00:36:29.468,0.0,0.052905,0.002167,11.386038,0,train
normal,9763,normal_0289,1,2022-07-12 00:36:29.568,0.1,0.001849,-0.034402,62.746532,0,train
normal,9764,normal_0289,2,2022-07-12 00:36:29.668,0.2,-0.029236,-0.012376,103.29677,0,train
normal,9765,normal_0289,3,2022-07-12 00:36:29.768,0.3,0.04481,0.022671,108.07921,0,train
normal,9766,normal_0289,4,2022-07-12 00:36:29.868,0.4,-0.123275,-0.052896,111.45092,0,train
normal,9767,normal_0289,5,2022-07-12 00:36:29.968,0.5,-0.074502,-0.008153,98.550093,0,train
normal,9768,normal_0289,6,2022-07-12 00:36:30.068,0.6,0.022376,0.081322,79.046497,0,train
normal,9769,normal_0289,7,2022-07-12 00:36:30.168,0.7,-0.042531,-0.009708,44.166689,0,train
normal,9770,normal_0289,8,2022-07-12 00:36:30.268,0.8,0.059898,-0.0484,3.2897,0,train
normal,9771,normal_0289,9,2022-07-12 00:36:30.368,0.9,-0.013569,-0.025149,-42.007809,0,train
normal,9772,normal_0289,10,2022-07-12 00:36:30.468,1.0,-0.117848,-0.027272,-93.504678,0,train
normal,9773,normal_0289,11,2022-07-12 00:36:30.568,1.1,0.017017,0.005607,-106.32027,0,train
normal,9774,normal_0289,12,2022-07-12 00:36:30.668,1.2,-0.065851,-0.037649,-110.17896,0,train
normal,9775,normal_0289,13,2022-07-12 00:36:30.768,1.3,-0.079145,-0.041747,-104.00332,0,train
normal,9776,normal_0289,14,2022-07-12 00:36:30.868,1.4,0.076951,0.045911,-84.755788,0,train
normal,9777,normal_0289,15,2022-07-12 00:36:30.968,1.5,-0.051931,-0.019563,-56.610353,0,train
normal,9778,normal_0289,16,2022-07-12 00:36:31.068,1.6,-0.026284,-0.053521,-14.442565,0,train
normal,9779,normal_0289,17,2022-07-12 00:36:31.168,1.7,0.057775,0.031742,26.015523,0,train
normal,9780,normal_0289,18,2022-07-12 00:36:31.268,1.8,-0.059232,-0.032733,80.443749,0,train
normal,9781,normal_0289,19,2022-07-12 00:36:31.368,1.9,0.025589,-0.051477,106.46583,0,train
normal,9782,normal_0289,20,2022-07-12 00:36:31.468,2.0,0.006663,0.021717,109.28704,0,train
normal,9783,normal_0289,21,2022-07-12 00:36:31.568,2.1,-0.059186,-0.030144,109.18642,0,train
normal,9784,normal_0289,22,2022-07-12 00:36:31.668,2.2,0.094242,-0.006427,92.293393,0,train
normal,9785,normal_0289,23,2022-07-12 00:36:31.768,2.3,0.056106,0.032617,69.949635,0,train
normal,9786,normal_0289,24,2022-07-12 00:36:31.868,2.4,0.031697,-0.054225,29.808406,0,train
normal,9787,normal_0289,25,2022-07-12 00:36:31.968,2.5,0.117857,-0.025387,-9.072782,0,train
normal,9788,normal_0289,26,2022-07-12 00:36:32.068,2.6,-0.05477,0.009479,-60.765393,0,train
normal,9789,normal_0289,27,2022-07-12 00:36:32.168,2.7,-0.038682,-0.005689,-101.87973,0,train
normal,9790,normal_0289,28,2022-07-12 00:36:32.268,2.8,0.102802,0.091597,-106.88294,0,train
normal,9791,normal_0289,29,2022-07-12 00:36:32.368,2.9,-0.016259,0.091778,-110.57116,0,train
normal,9792,normal_0289,30,2022-07-12 00:36:32.468,3.0,0.103733,0.046581,-98.010552,0,train
normal,9793,normal_0289,31,2022-07-12 00:36:32.568,3.1,0.106889,0.048965,-78.030953,0,train
normal,9794,normal_0289,32,2022-07-12 00:36:32.668,3.2,-0.091827,-0.043927,-42.981987,0,train
normal,9795,normal_0289,33,2022-07-12 00:36:32.768,3.3,0.069117,0.013418,-2.089143,0,train
normal,9796,normal_0289,34,2022-07-12 00:36:32.868,3.4,0.08164,0.071047,43.129449,0,train
normal,9797,normal_0289,35,2022-07-12 00:36:32.968,3.5,0.035103,-0.067769,94.44226,0,train
normal,9798,normal_0290,0,2022-07-12 00:36:37.428,0.0,0.062763,0.318154,-12.023212,0,train
normal,9799,normal_0290,1,2022-07-12 00:36:37.528,0.1,0.083177,-0.06864,-96.816313,0,train
normal,9800,normal_0290,2,2022-07-12 00:36:37.628,0.2,0.02683,-0.309648,-169.73843,0,train
normal,9801,normal_0290,3,2022-07-12 00:36:37.728,0.3,-0.041176,-0.119549,-227.51525,0,train
normal,9802,normal_0290,4,2022-07-12 00:36:37.828,0.4,0.04562,0.064738,-246.74943,0,train
normal,9803,normal_0290,5,2022-07-12 00:36:37.928,0.5,0.061174,0.22785,-221.56635,0,train
normal,9804,normal_0290,6,2022-07-12 00:36:38.028,0.6,0.005441,0.152941,-170.81108,0,train
normal,9805,normal_0290,7,2022-07-12 00:36:38.128,0.7,0.01072,-0.16243,-95.488917,0,train
normal,9806,normal_0290,8,2022-07-12 00:36:38.228,0.8,-0.121659,-0.257775,-13.032796,0,train
normal,9807,normal_0290,9,2022-07-12 00:36:38.328,0.9,-0.128085,-0.043368,72.502503,0,train
normal,9808,normal_0290,10,2022-07-12 00:36:38.428,1.0,0.105645,0.235809,150.43845,0,train
normal,9809,normal_0290,11,2022-07-12 00:36:38.528,1.1,0.086594,0.23104,214.35073,0,train
normal,9810,normal_0290,12,2022-07-12 00:36:38.628,1.2,-0.021092,-0.061931,249.17486,0,train
normal,9811,normal_0290,13,2022-07-12 00:36:38.728,1.3,0.018758,-0.20505,235.70588,0,train
normal,9812,normal_0290,14,2022-07-12 00:36:38.828,1.4,-0.137792,-0.177076,192.74034,0,train
normal,9813,normal_0290,15,2022-07-12 00:36:38.928,1.5,-0.147976,-0.018709,123.21688,0,train
normal,9814,normal_0290,16,2022-07-12 00:36:39.028,1.6,0.124321,0.301896,41.869526,0,train
normal,9815,normal_0290,17,2022-07-12 00:36:39.128,1.7,0.069723,0.189828,-42.444234,0,train
normal,9816,normal_0290,18,2022-07-12 00:36:39.228,1.8,-0.050883,-0.191176,-125.33022,0,train
normal,9817,normal_0290,19,2022-07-12 00:36:39.328,1.9,-0.011067,-0.201814,-194.08395,0,train
normal,9818,normal_0290,20,2022-07-12 00:36:39.428,2.0,-0.148328,-0.116404,-242.87632,0,train
normal,9819,normal_0290,21,2022-07-12 00:36:39.528,2.1,-0.072159,0.088466,-244.69057,0,train
normal,9820,normal_0290,22,2022-07-12 00:36:39.628,2.2,0.168088,0.324137,-209.90625,0,train
normal,9821,normal_0290,23,2022-07-12 00:36:39.728,2.3,0.039319,0.035469,-149.32849,0,train
normal,9822,normal_0291,0,2022-07-12 00:36:45.408,0.0,-0.153903,-0.04325,-144.33588,0,train
normal,9823,normal_0291,1,2022-07-12 00:36:45.508,0.1,0.046913,0.146361,-127.24485,0,train
normal,9824,normal_0291,2,2022-07-12 00:36:45.608,0.2,0.018882,0.131204,-93.504202,0,train
normal,9825,normal_0291,3,2022-07-12 00:36:45.708,0.3,-0.08919,-0.035223,-53.713328,0,train
normal,9826,normal_0291,4,2022-07-12 00:36:45.808,0.4,0.117428,-0.087142,2.138615,0,train
normal,9827,normal_0291,5,2022-07-12 00:36:45.908,0.5,-0.045468,-0.091524,55.856711,0,train
normal,9828,normal_0291,6,2022-07-12 00:36:46.008,0.6,-0.144185,-0.003604,100.47532,0,train
normal,9829,normal_0291,7,2022-07-12 00:36:46.108,0.7,0.117735,0.140764,151.19542,0,train
normal,9830,normal_0291,8,2022-07-12 00:36:46.208,0.8,0.033948,0.068591,150.96368,0,train
normal,9831,normal_0291,9,2022-07-12 00:36:46.308,0.9,0.024774,-0.098801,133.608,0,train
normal,9832,normal_0291,10,2022-07-12 00:36:46.408,1.0,0.103214,-0.112403,107.09025,0,train
normal,9833,normal_0291,11,2022-07-12 00:36:46.508,1.1,-0.16445,-0.021997,68.281897,0,train
normal,9834,normal_0291,12,2022-07-12 00:36:46.608,1.2,-0.0808,0.111654,20.729425,0,train
normal,9835,normal_0292,0,2022-07-12 00:36:53.119,0.0,-0.050063,0.124048,-6.96838,0,train
normal,9836,normal_0293,0,2022-07-12 00:36:55.156,0.0,-0.133514,0.037861,-23.324135,0,train
normal,9837,normal_0293,1,2022-07-12 00:36:55.256,0.1,-0.014078,0.280991,59.589632,0,train
normal,9838,normal_0293,2,2022-07-12 00:36:55.356,0.2,0.103144,0.191891,139.06075,0,train
normal,9839,normal_0293,3,2022-07-12 00:36:55.456,0.3,0.01846,-0.208823,203.56395,0,train
normal,9840,normal_0293,4,2022-07-12 00:36:55.556,0.4,-0.012716,-0.297401,244.02466,0,train
normal,9841,normal_0293,5,2022-07-12 00:36:55.656,0.5,0.009514,-0.036753,234.18036,0,train
normal,9842,normal_0293,6,2022-07-12 00:36:55.756,0.6,0.018018,0.16487,193.88118,0,train
normal,9843,normal_0293,7,2022-07-12 00:36:55.856,0.7,0.005279,0.258194,128.98924,0,train
normal,9844,normal_0293,8,2022-07-12 00:36:55.956,0.8,-0.025988,0.04272,50.728446,0,train
normal,9845,normal_0293,9,2022-07-12 00:36:56.056,0.9,-0.032788,-0.272878,-30.463103,0,train
normal,9846,normal_0293,10,2022-07-12 00:36:56.156,1.0,-0.057845,-0.223537,-114.82097,0,train
normal,9847,normal_0293,11,2022-07-12 00:36:56.256,1.1,-0.021004,0.018515,-183.91635,0,train
normal,9848,normal_0293,12,2022-07-12 00:36:56.356,1.2,0.122865,0.246852,-235.86634,0,train
normal,9849,normal_0293,13,2022-07-12 00:36:56.456,1.3,0.10076,0.209477,-242.29649,0,train
normal,9850,normal_0293,14,2022-07-12 00:36:56.556,1.4,-0.059366,-0.099945,-209.20863,0,train
normal,9851,normal_0293,15,2022-07-12 00:36:56.656,1.5,-0.078122,-0.232596,-153.34322,0,train
normal,9852,normal_0293,16,2022-07-12 00:36:56.756,1.6,-0.146832,-0.144438,-75.663099,0,train
normal,9853,normal_0293,17,2022-07-12 00:36:56.856,1.7,-0.089089,0.086907,4.765273,0,train
normal,9854,normal_0293,18,2022-07-12 00:36:56.956,1.8,0.202781,0.307002,90.083252,0,train
normal,9855,normal_0293,19,2022-07-12 00:36:57.056,1.9,0.146571,0.046149,165.15674,0,train
normal,9856,normal_0293,20,2022-07-12 00:36:57.156,2.0,-0.022582,-0.281847,225.17755,0,train
normal,9857,normal_0293,21,2022-07-12 00:36:57.256,2.1,0.01149,-0.160991,249.23924,0,train
normal,9858,normal_0293,22,2022-07-12 00:36:57.356,2.2,-0.126986,-0.016408,225.39165,0,train
normal,9859,normal_0293,23,2022-07-12 00:36:57.456,2.3,-0.113317,0.177234,176.77107,0,train
normal,9860,normal_0293,24,2022-07-12 00:36:57.556,2.4,0.110751,0.333954,103.40573,0,train
normal,9861,normal_0293,25,2022-07-12 00:36:57.656,2.5,0.016394,-0.026909,23.518923,0,train
normal,9862,normal_0293,26,2022-07-12 00:36:57.756,2.6,-0.040179,-0.32038,-61.643608,0,train
normal,9863,normal_0293,27,2022-07-12 00:36:57.856,2.7,0.011932,-0.133255,-142.64931,0,train
normal,9864,normal_0293,28,2022-07-12 00:36:57.956,2.8,-0.017677,0.074941,-207.76429,0,train
normal,9865,normal_0293,29,2022-07-12 00:36:58.056,2.9,0.08465,0.226269,-247.99135,0,train
normal,9866,normal_0293,30,2022-07-12 00:36:58.156,3.0,0.085331,0.183807,-237.07357,0,train
normal,9867,normal_0293,31,2022-07-12 00:36:58.256,3.1,-0.017212,-0.165499,-195.81761,0,train
normal,9868,normal_0293,32,2022-07-12 00:36:58.356,3.2,-0.084752,-0.272764,-129.85767,0,train
normal,9869,normal_0293,33,2022-07-12 00:36:58.456,3.3,-0.124534,-0.036991,-48.84327,0,train
normal,9870,normal_0293,34,2022-07-12 00:36:58.556,3.4,0.022934,0.195081,34.941677,0,train
normal,9871,normal_0293,35,2022-07-12 00:36:58.656,3.5,0.113237,0.264995,120.51178,0,train
normal,9872,normal_0293,36,2022-07-12 00:36:58.756,3.6,0.017564,0.007355,191.29469,0,train
normal,9873,normal_0293,37,2022-07-12 00:36:58.856,3.7,0.012602,-0.264806,243.135,0,train
normal,9874,normal_0293,38,2022-07-12 00:36:58.956,3.8,-0.038544,-0.212206,248.46759,0,train
normal,9875,normal_0293,39,2022-07-12 00:36:59.056,3.9,-0.093085,0.019026,214.33463,0,train
normal,9876,normal_0293,40,2022-07-12 00:36:59.156,4.0,0.119845,0.286316,156.14356,0,train
normal,9877,normal_0293,41,2022-07-12 00:36:59.256,4.1,0.101135,0.227222,76.89763,0,train
normal,9878,normal_0293,42,2022-07-12 00:36:59.356,4.2,-0.084423,-0.15301,-5.281687,0,train
normal,9879,normal_0293,43,2022-07-12 00:36:59.456,4.3,-0.021617,-0.24177,-92.946183,0,train
normal,9880,normal_0293,44,2022-07-12 00:36:59.556,4.4,-0.098932,-0.105349,-169.50383,0,train
normal,9881,normal_0293,45,2022-07-12 00:36:59.656,4.5,-0.082913,0.07896,-229.94795,0,train
normal,9882,normal_0293,46,2022-07-12 00:36:59.756,4.6,0.176577,0.314143,-253.31035,0,train
normal,9883,normal_0293,47,2022-07-12 00:36:59.856,4.7,0.118687,0.089734,-228.32849,0,train
normal,9884,normal_0293,48,2022-07-12 00:36:59.956,4.8,-0.050193,-0.278293,-178.79619,0,train
normal,9885,normal_0293,49,2022-07-12 00:37:00.056,4.9,-0.042234,-0.183618,-103.71507,0,train
normal,9886,normal_0294,0,2022-07-12 00:37:02.032,0.0,0.067621,0.161686,-141.74558,0,train
normal,9887,normal_0294,1,2022-07-12 00:37:02.132,0.1,-0.13138,-0.016299,-122.01549,0,train
normal,9888,normal_0294,2,2022-07-12 00:37:02.232,0.2,0.109696,-0.044262,-84.136019,0,train
normal,9889,normal_0294,3,2022-07-12 00:37:02.332,0.3,0.004281,-0.094932,-41.673188,0,train
normal,9890,normal_0294,4,2022-07-12 00:37:02.432,0.4,-0.130006,-0.070783,18.941405,0,train
normal,9891,normal_0294,5,2022-07-12 00:37:02.532,0.5,0.126658,0.17229,67.382463,0,train
normal,9892,normal_0294,6,2022-07-12 00:37:02.632,0.6,-0.006323,0.09846,115.0936,0,train
normal,9893,normal_0294,7,2022-07-12 00:37:02.732,0.7,-0.021979,-0.108737,156.08181,0,train
normal,9894,normal_0294,8,2022-07-12 00:37:02.832,0.8,0.14136,-0.081149,147.14147,0,train
normal,9895,normal_0294,9,2022-07-12 00:37:02.932,0.9,-0.1042,-0.086065,130.22567,0,train
normal,9896,normal_0294,10,2022-07-12 00:37:03.032,1.0,-0.086001,0.013469,98.110449,0,train
normal,9897,normal_0294,11,2022-07-12 00:37:03.132,1.1,0.086058,0.205998,58.811433,0,train
normal,9898,normal_0294,12,2022-07-12 00:37:03.232,1.2,-0.039452,0.051991,4.9783,0,train
normal,9899,normal_0294,13,2022-07-12 00:37:03.332,1.3,0.069426,-0.12252,-50.455934,0,train
normal,9900,normal_0294,14,2022-07-12 00:37:03.432,1.4,0.095311,-0.088256,-92.98886,0,train
normal,9901,normal_0294,15,2022-07-12 00:37:03.532,1.5,-0.091507,-0.037711,-144.50015,0,train
normal,9902,normal_0294,16,2022-07-12 00:37:03.632,1.6,0.026533,0.132701,-150.25522,0,train
normal,9903,normal_0294,17,2022-07-12 00:37:03.732,1.7,-0.022218,0.119725,-134.14921,0,train
normal,9904,normal_0294,18,2022-07-12 00:37:03.832,1.8,-0.076838,-0.0799,-110.20566,0,train
normal,9905,normal_0294,19,2022-07-12 00:37:03.932,1.9,0.118097,-0.071555,-71.895966,0,train
normal,9906,normal_0294,20,2022-07-12 00:37:04.032,2.0,-0.018971,-0.07285,-25.51699,0,train
normal,9907,normal_0294,21,2022-07-12 00:37:04.132,2.1,-0.05227,0.014128,34.81019,0,train
normal,9908,normal_0294,22,2022-07-12 00:37:04.232,2.2,0.059287,0.167329,77.402243,0,train
normal,9909,normal_0294,23,2022-07-12 00:37:04.332,2.3,-0.105664,0.015195,130.21328,0,train
normal,9910,normal_0294,24,2022-07-12 00:37:04.432,2.4,0.016565,-0.072089,154.6494,0,train
normal,9911,normal_0294,25,2022-07-12 00:37:04.532,2.5,0.094619,-0.055173,139.86267,0,train
normal,9912,normal_0294,26,2022-07-12 00:37:04.632,2.6,-0.122399,-0.09022,121.43566,0,train
normal,9913,normal_0294,27,2022-07-12 00:37:04.732,2.7,0.040486,0.11474,85.164676,0,train
normal,9914,normal_0294,28,2022-07-12 00:37:04.832,2.8,0.034685,0.158144,44.496899,0,train
normal,9915,normal_0294,29,2022-07-12 00:37:04.932,2.9,-0.10252,-0.053844,-14.464738,0,train
normal,9916,normal_0294,30,2022-07-12 00:37:05.032,3.0,0.113022,-0.081637,-62.065132,0,train
normal,9917,normal_0294,31,2022-07-12 00:37:05.132,3.1,-0.051895,-0.120113,-110.01362,0,train
normal,9918,normal_0294,32,2022-07-12 00:37:05.232,3.2,-0.136931,-0.027652,-150.86629,0,train
normal,9919,normal_0294,33,2022-07-12 00:37:05.332,3.3,0.098308,0.174788,-143.08252,0,train
normal,9920,normal_0294,34,2022-07-12 00:37:05.432,3.4,-0.065587,0.046587,-128.15298,0,train
normal,9921,normal_0294,35,2022-07-12 00:37:05.532,3.5,0.006449,-0.047555,-97.687852,0,train
normal,9922,normal_0294,36,2022-07-12 00:37:05.632,3.6,0.146651,-0.027788,-59.398062,0,train
normal,9923,normal_0294,37,2022-07-12 00:37:05.732,3.7,-0.134025,-0.117979,-6.364823,0,train
normal,9924,normal_0294,38,2022-07-12 00:37:05.832,3.8,-0.049227,0.039798,48.645145,0,train
normal,9925,normal_0294,39,2022-07-12 00:37:05.932,3.9,0.037693,0.169225,92.266928,0,train
normal,9926,normal_0294,40,2022-07-12 00:37:06.032,4.0,-0.064895,-0.031308,143.33381,0,train
normal,9927,normal_0294,41,2022-07-12 00:37:06.132,4.1,0.142552,-0.096044,149.06301,0,train
normal,9928,normal_0294,42,2022-07-12 00:37:06.232,4.2,0.042314,-0.07671,133.90292,0,train
normal,9929,normal_0294,43,2022-07-12 00:37:06.332,4.3,-0.095095,-0.025631,110.07656,0,train
normal,9930,normal_0294,44,2022-07-12 00:37:06.432,4.4,0.037648,0.156713,72.98232,0,train
normal,9931,normal_0294,45,2022-07-12 00:37:06.532,4.5,-0.109752,0.082509,27.865294,0,train
normal,9932,normal_0294,46,2022-07-12 00:37:06.632,4.6,-0.021026,-0.080014,-31.576756,0,train
normal,9933,normal_0294,47,2022-07-12 00:37:06.732,4.7,0.138703,-0.073406,-73.984989,0,train
normal,9934,normal_0294,48,2022-07-12 00:37:06.832,4.8,-0.058378,-0.088597,-126.33027,0,train
normal,9935,normal_0294,49,2022-07-12 00:37:06.932,4.9,0.044517,0.045304,-149.91071,0,train
normal,9936,normal_0295,0,2022-07-12 00:37:09.360,0.0,0.054322,-0.016287,-102.07177,0,train
normal,9937,normal_0295,1,2022-07-12 00:37:09.460,0.1,0.020353,0.059496,-106.21501,0,train
normal,9938,normal_0295,2,2022-07-12 00:37:09.560,0.2,-0.090977,0.039117,-108.91892,0,train
normal,9939,normal_0295,3,2022-07-12 00:37:09.660,0.3,-0.018986,-0.007522,-94.33366,0,train
normal,9940,normal_0295,4,2022-07-12 00:37:09.760,0.4,-0.09385,0.084019,-73.597917,0,train
normal,9941,normal_0295,5,2022-07-12 00:37:09.860,0.5,-0.089672,0.032271,-35.261397,0,train
normal,9942,normal_0295,6,2022-07-12 00:37:09.960,0.6,0.010759,-0.038937,4.248024,0,train
normal,9943,normal_0295,7,2022-07-12 00:37:10.060,0.7,-0.056407,-0.049325,54.216749,0,train
normal,9944,normal_0295,8,2022-07-12 00:37:10.160,0.8,-0.012867,-0.083918,98.020088,0,train
normal,9945,normal_0295,9,2022-07-12 00:37:10.260,0.9,0.03686,0.006204,105.75904,0,train
normal,9946,normal_0295,10,2022-07-12 00:37:10.360,1.0,0.008318,0.01632,110.71338,0,train
normal,9947,normal_0295,11,2022-07-12 00:37:10.460,1.1,0.028345,-0.112313,100.85262,0,train
normal,9948,normal_0295,12,2022-07-12 00:37:10.560,1.2,-0.036425,-0.078957,82.180033,0,train
normal,9949,normal_0295,13,2022-07-12 00:37:10.660,1.3,-0.097982,-0.050755,49.764878,0,train
normal,9950,normal_0295,14,2022-07-12 00:37:10.760,1.4,-0.070326,-0.043716,8.897306,0,train
normal,9951,normal_0295,15,2022-07-12 00:37:10.860,1.5,-0.052217,0.018136,-34.732227,0,train
normal,9952,normal_0295,16,2022-07-12 00:37:10.960,1.6,-0.008848,-0.017876,-86.756121,0,train
normal,9953,normal_0295,17,2022-07-12 00:37:11.060,1.7,0.07411,-0.004525,-103.49549,0,train
normal,9954,normal_0295,18,2022-07-12 00:37:11.160,1.8,0.022033,-0.023576,-108.13691,0,train
normal,9955,normal_0295,19,2022-07-12 00:37:11.260,1.9,-0.033848,-0.115026,-105.06464,0,train
normal,9956,normal_0295,20,2022-07-12 00:37:11.360,2.0,-0.033825,0.026901,-87.80099,0,train
normal,9957,normal_0295,21,2022-07-12 00:37:11.460,2.1,-0.06214,0.114991,-61.865218,0,train
normal,9958,normal_0295,22,2022-07-12 00:37:11.560,2.2,-0.009291,-0.021419,-20.416143,0,train
normal,9959,normal_0295,23,2022-07-12 00:37:11.660,2.3,-0.012118,-0.028378,19.591691,0,train
normal,9960,normal_0295,24,2022-07-12 00:37:11.760,2.4,-0.08085,0.002332,73.733577,0,train
normal,9961,normal_0295,25,2022-07-12 00:37:11.860,2.5,-0.032962,-0.030899,103.82022,0,train
normal,9962,normal_0295,26,2022-07-12 00:37:11.960,2.6,-0.020757,0.024131,107.6342,0,train
normal,9963,normal_0295,27,2022-07-12 00:37:12.060,2.7,-0.044985,0.001243,109.62857,0,train
normal,9964,normal_0295,28,2022-07-12 00:37:12.160,2.8,0.050745,-0.049007,94.457757,0,train
normal,9965,normal_0295,29,2022-07-12 00:37:12.260,2.9,0.039778,-0.003901,72.934279,0,train
normal,9966,normal_0295,30,2022-07-12 00:37:12.360,3.0,0.022294,-0.035224,33.63717,0,train
normal,9967,normal_0295,31,2022-07-12 00:37:12.460,3.1,0.064982,0.027117,-5.953193,0,train
normal,9968,normal_0295,32,2022-07-12 00:37:12.560,3.2,0.005287,0.093704,-55.480964,0,train
normal,9969,normal_0295,33,2022-07-12 00:37:12.660,3.3,0.026495,0.018556,-98.431122,0,train
normal,9970,normal_0295,34,2022-07-12 00:37:12.760,3.4,0.025235,0.029024,-105.09123,0,train
normal,9971,normal_0295,35,2022-07-12 00:37:12.860,3.5,-0.066647,-0.002232,-109.52474,0,train
normal,9972,normal_0295,36,2022-07-12 00:37:12.960,3.6,-0.048346,-0.037256,-99.389207,0,train
normal,9973,normal_0295,37,2022-07-12 00:37:13.060,3.7,0.018661,0.089276,-80.295572,0,train
normal,9974,normal_0295,38,2022-07-12 00:37:13.160,3.8,0.0611,0.047859,-47.18948,0,train
normal,9975,normal_0295,39,2022-07-12 00:37:13.260,3.9,0.134726,-0.083805,-5.834461,0,train
normal,9976,normal_0295,40,2022-07-12 00:37:13.360,4.0,0.091356,-0.027095,38.705473,0,train
normal,9977,normal_0295,41,2022-07-12 00:37:13.460,4.1,-0.044554,-0.060746,90.782534,0,train
normal,9978,normal_0296,0,2022-07-12 00:37:17.426,0.0,-0.036293,-0.067533,50.741679,0,train
normal,9979,normal_0296,1,2022-07-12 00:37:17.526,0.1,0.008462,-0.196245,130.9482,0,train
normal,9980,normal_0296,2,2022-07-12 00:37:17.626,0.2,-0.199961,-0.177307,180.76803,0,train
normal,9981,normal_0296,3,2022-07-12 00:37:17.726,0.3,-0.127346,0.02167,227.34049,0,train
normal,9982,normal_0296,4,2022-07-12 00:37:17.826,0.4,0.17355,0.310179,224.87238,0,train
normal,9983,normal_0296,5,2022-07-12 00:37:17.926,0.5,0.046234,0.125484,183.11169,0,train
normal,9984,normal_0296,6,2022-07-12 00:37:18.026,0.6,0.003739,-0.209834,129.59184,0,train
normal,9985,normal_0296,7,2022-07-12 00:37:18.126,0.7,0.011732,-0.17196,56.223399,0,train
normal,9986,normal_0296,8,2022-07-12 00:37:18.226,0.8,-0.138949,-0.067907,-21.865132,0,train
normal,9987,normal_0296,9,2022-07-12 00:37:18.326,0.9,-0.008636,0.174757,-110.19839,0,train
normal,9988,normal_0296,10,2022-07-12 00:37:18.426,1.0,0.11818,0.307295,-167.26126,0,train
normal,9989,normal_0296,11,2022-07-12 00:37:18.526,1.1,0.034801,-0.092987,-215.52029,0,train
normal,9990,normal_0296,12,2022-07-12 00:37:18.626,1.2,0.029238,-0.280679,-234.41139,0,train
normal,9991,normal_0296,13,2022-07-12 00:37:18.726,1.3,0.043282,-0.088286,-197.24932,0,train
normal,9992,normal_0296,14,2022-07-12 00:37:18.826,1.4,0.030419,0.019206,-149.67765,0,train
normal,9993,normal_0296,15,2022-07-12 00:37:18.926,1.5,0.005771,0.184657,-79.981098,0,train
normal,9994,normal_0296,16,2022-07-12 00:37:19.026,1.6,0.053932,0.200507,-3.93796,0,train
normal,9995,normal_0296,17,2022-07-12 00:37:19.126,1.7,0.068441,-0.115648,84.860335,0,train
normal,9996,normal_0296,18,2022-07-12 00:37:19.226,1.8,-0.057274,-0.257507,154.67598,0,train
normal,9997,normal_0296,19,2022-07-12 00:37:19.326,1.9,0.007383,-0.048595,202.02603,0,train
normal,9998,normal_0296,20,2022-07-12 00:37:19.426,2.0,0.107337,0.186667,239.4698,0,train
normal,9999,normal_0296,21,2022-07-12 00:37:19.526,2.1,0.061209,0.245114,215.07349,0,train
normal,10000,normal_0296,22,2022-07-12 00:37:19.626,2.2,0.037924,0.05489,169.19853,0,train
normal,10001,normal_0296,23,2022-07-12 00:37:19.726,2.3,-0.001075,-0.18874,106.3924,0,train
normal,10002,normal_0296,24,2022-07-12 00:37:19.826,2.4,-0.10548,-0.206928,30.941132,0,train
normal,10003,normal_0296,25,2022-07-12 00:37:19.926,2.5,-0.057943,-0.013457,-53.727752,0,train
normal,10004,normal_0296,26,2022-07-12 00:37:20.026,2.6,0.176547,0.267094,-136.78731,0,train
normal,10005,normal_0296,27,2022-07-12 00:37:20.126,2.7,0.126331,0.218047,-185.94684,0,train
normal,10006,normal_0296,28,2022-07-12 00:37:20.226,2.8,0.008167,-0.097551,-233.04167,0,train
normal,10007,normal_0297,0,2022-07-12 00:37:25.356,0.0,-0.079562,0.044875,126.5253,0,train
normal,10008,normal_0297,1,2022-07-12 00:37:25.456,0.1,0.021516,0.135826,92.431914,0,train
normal,10009,normal_0297,2,2022-07-12 00:37:25.556,0.2,-0.129368,0.061598,52.456624,0,train
normal,10010,normal_0297,3,2022-07-12 00:37:25.656,0.3,0.011571,-0.087561,-2.371192,0,train
normal,10011,normal_0297,4,2022-07-12 00:37:25.756,0.4,0.100183,-0.109019,-54.162866,0,train
normal,10012,normal_0297,5,2022-07-12 00:37:25.856,0.5,-0.056844,-0.048847,-98.571312,0,train
normal,10013,normal_0297,6,2022-07-12 00:37:25.956,0.6,0.066487,0.083328,-145.13697,0,train
normal,10014,normal_0297,7,2022-07-12 00:37:26.056,0.7,0.046562,0.120839,-145.45991,0,train
normal,10015,normal_0297,8,2022-07-12 00:37:26.156,0.8,-0.091982,-0.033054,-131.08505,0,train
normal,10016,normal_0297,9,2022-07-12 00:37:26.256,0.9,0.054975,-0.082373,-104.76829,0,train
normal,10017,normal_0297,10,2022-07-12 00:37:26.356,1.0,-0.019049,-0.06272,-65.835484,0,train
normal,10018,normal_0297,11,2022-07-12 00:37:26.456,1.1,-0.11663,-0.018113,-18.161418,0,train
normal,10019,normal_0297,12,2022-07-12 00:37:26.556,1.2,0.093099,0.143659,38.052683,0,train
normal,10020,normal_0297,13,2022-07-12 00:37:26.656,1.3,0.007268,0.08108,80.139051,0,train
normal,10021,normal_0297,14,2022-07-12 00:37:26.756,1.4,0.001921,-0.107997,131.81438,0,train
normal,10022,normal_0297,15,2022-07-12 00:37:26.856,1.5,0.155758,-0.097473,148.89004,0,train
normal,10023,normal_0297,16,2022-07-12 00:37:26.956,1.6,-0.10992,-0.062981,135.71467,0,train
normal,10024,normal_0297,17,2022-07-12 00:37:27.056,1.7,-0.085023,0.05289,117.0925,0,train
normal,10025,normal_0297,18,2022-07-12 00:37:27.156,1.8,0.068576,0.171259,80.881128,0,train
normal,10026,normal_0297,19,2022-07-12 00:37:27.256,1.9,-0.085227,0.019409,39.702539,0,train
normal,10027,normal_0298,0,2022-07-12 00:37:33.270,0.0,0.014713,0.094087,-90.797316,0,train
normal,10028,normal_0298,1,2022-07-12 00:37:33.370,0.1,-0.039533,-0.038542,-67.920574,0,train
normal,10029,normal_0298,2,2022-07-12 00:37:33.470,0.2,0.001646,-0.080322,-28.184417,0,train
normal,10030,normal_0298,3,2022-07-12 00:37:33.570,0.3,0.085206,-0.069139,13.609411,0,train
normal,10031,normal_0298,4,2022-07-12 00:37:33.670,0.4,-0.026374,-0.035033,61.614163,0,train
normal,10032,normal_0298,5,2022-07-12 00:37:33.770,0.5,-0.019131,0.04134,104.36059,0,train
normal,10033,normal_0298,6,2022-07-12 00:37:33.870,0.6,0.007129,-0.01428,110.04032,0,train
normal,10034,normal_0298,7,2022-07-12 00:37:33.970,0.7,-0.069051,-0.050758,111.93301,0,train
normal,10035,normal_0299,0,2022-07-12 00:37:42.318,0.0,0.019621,0.060421,161.6651,0,train
normal,10036,normal_0299,1,2022-07-12 00:37:42.418,0.1,0.042725,-0.162409,102.70871,0,train
normal,10037,normal_0299,2,2022-07-12 00:37:42.518,0.2,0.078965,-0.075988,33.604864,0,train
normal,10038,normal_0299,3,2022-07-12 00:37:42.618,0.3,-0.185067,-0.062614,-43.730026,0,train
normal,10039,normal_0299,4,2022-07-12 00:37:42.718,0.4,-0.050973,0.145423,-119.5953,0,train
normal,10040,normal_0299,5,2022-07-12 00:37:42.818,0.5,0.040432,0.236578,-166.36433,0,train
normal,10041,normal_0299,6,2022-07-12 00:37:42.918,0.6,-0.043367,-0.080541,-215.10747,0,train
normal,10042,normal_0299,7,2022-07-12 00:37:43.018,0.7,0.10166,-0.177191,-213.57086,0,train
normal,10043,normal_0299,8,2022-07-12 00:37:43.118,0.8,0.008438,-0.079678,-173.08046,0,train
normal,10044,normal_0299,9,2022-07-12 00:37:43.218,0.9,-0.048419,-0.023139,-123.6793,0,train
normal,10045,normal_0299,10,2022-07-12 00:37:43.318,1.0,0.018599,0.179301,-57.045347,0,train
normal,10046,normal_0299,11,2022-07-12 00:37:43.418,1.1,-0.063859,0.12182,13.342859,0,train
normal,10047,normal_0299,12,2022-07-12 00:37:43.518,1.2,0.023856,-0.135604,95.615875,0,train
normal,10048,normal_0299,13,2022-07-12 00:37:43.618,1.3,-0.029697,-0.137137,148.01301,0,train
normal,10049,normal_0299,14,2022-07-12 00:37:43.718,1.4,-0.10699,-0.082891,198.22624,0,train
normal,10050,normal_0299,15,2022-07-12 00:37:43.818,1.5,0.070007,0.108446,221.81728,0,train
normal,10051,normal_0299,16,2022-07-12 00:37:43.918,1.6,0.026115,0.233536,187.3652,0,train
normal,10052,normal_0299,17,2022-07-12 00:37:44.018,1.7,-0.042879,-0.022355,143.63696,0,train
normal,10053,normal_0299,18,2022-07-12 00:37:44.118,1.8,0.043577,-0.149319,80.270181,0,train
normal,10054,normal_0299,19,2022-07-12 00:37:44.218,1.9,-0.129913,-0.136637,13.551356,0,train
normal,10055,normal_0299,20,2022-07-12 00:37:44.318,2.0,-0.140017,-0.084401,-67.533859,0,train
normal,10056,normal_0299,21,2022-07-12 00:37:44.418,2.1,0.133335,0.21134,-130.77904,0,train
normal,10057,normal_0299,22,2022-07-12 00:37:44.518,2.2,0.034471,0.148295,-175.88296,0,train
normal,10058,normal_0299,23,2022-07-12 00:37:44.618,2.3,0.007587,-0.142473,-217.70468,0,train
normal,10059,normal_0299,24,2022-07-12 00:37:44.718,2.4,0.112389,-0.081268,-197.19949,0,train
normal,10060,normal_0299,25,2022-07-12 00:37:44.818,2.5,-0.172783,-0.103225,-156.73675,0,train
normal,10061,normal_0299,26,2022-07-12 00:37:44.918,2.6,-0.127824,0.009082,-101.8988,0,train
normal,10062,normal_0299,27,2022-07-12 00:37:45.018,2.7,0.135118,0.289371,-36.678676,0,train
normal,10063,normal_0299,28,2022-07-12 00:37:45.118,2.8,-0.01361,0.039565,37.816291,0,train
normal,10064,normal_0299,29,2022-07-12 00:37:45.218,2.9,0.038093,-0.195584,112.9054,0,train
normal,10065,normal_0299,30,2022-07-12 00:37:45.318,3.0,0.07809,-0.101658,156.68311,0,train
normal,10066,normal_0299,31,2022-07-12 00:37:45.418,3.1,-0.092231,-0.069029,207.35219,0,train
normal,10067,normal_0299,32,2022-07-12 00:37:45.518,3.2,0.044042,0.151838,209.50701,0,train
normal,10068,normal_0299,33,2022-07-12 00:37:45.618,3.3,0.055588,0.198556,170.36655,0,train
normal,10069,normal_0299,34,2022-07-12 00:37:45.718,3.4,-0.013916,-0.085809,123.61933,0,train
normal,10070,normal_0299,35,2022-07-12 00:37:45.818,3.5,0.046528,-0.122775,59.107788,0,train
normal,10071,normal_0299,36,2022-07-12 00:37:45.918,3.6,-0.075133,-0.082017,-8.597256,0,train
normal,10072,normal_0299,37,2022-07-12 00:37:46.018,3.7,0.000832,0.033718,-90.337764,0,train
normal,10073,normal_0299,38,2022-07-12 00:37:46.118,3.8,0.071437,0.217936,-140.37515,0,train
normal,10074,normal_0299,39,2022-07-12 00:37:46.218,3.9,-0.033296,0.071332,-188.36822,0,train
normal,10075,normal_0299,40,2022-07-12 00:37:46.318,4.0,0.119609,-0.125523,-213.72655,0,train
normal,10076,normal_0299,41,2022-07-12 00:37:46.418,4.1,0.003352,-0.159037,-179.92999,0,train
normal,10077,normal_0299,42,2022-07-12 00:37:46.518,4.2,-0.133046,-0.101896,-139.16482,0,train
normal,10078,normal_0299,43,2022-07-12 00:37:46.618,4.3,0.122402,0.185137,-79.242477,0,train
normal,10079,normal_0299,44,2022-07-12 00:37:46.718,4.4,0.036606,0.234978,-15.164258,0,train
normal,10080,normal_0299,45,2022-07-12 00:37:46.818,4.5,-0.052938,-0.055666,64.713367,0,train
normal,10081,normal_0299,46,2022-07-12 00:37:46.918,4.6,0.109528,-0.099115,127.48922,0,train
normal,10082,normal_0299,47,2022-07-12 00:37:47.018,4.7,-0.096307,-0.112966,170.56801,0,train
normal,10083,normal_0299,48,2022-07-12 00:37:47.118,4.8,-0.113257,-0.074717,214.49413,0,train
normal,10084,normal_0299,49,2022-07-12 00:37:47.218,4.9,0.14252,0.24599,195.60471,0,train
normal,10085,normal_0300,0,2022-07-12 00:37:49.246,0.0,-0.015289,0.045354,-93.958747,0,train
normal,10086,normal_0300,1,2022-07-12 00:37:49.346,0.1,0.017431,-0.023537,-72.88123,0,train
normal,10087,normal_0300,2,2022-07-12 00:37:49.446,0.2,-0.028765,0.022977,-33.912424,0,train
normal,10088,normal_0300,3,2022-07-12 00:37:49.546,0.3,-0.092979,-0.051966,5.661369,0,train
normal,10089,normal_0300,4,2022-07-12 00:37:49.646,0.4,-0.029537,0.01419,55.560715,0,train
normal,10090,normal_0300,5,2022-07-12 00:37:49.746,0.5,0.009688,0.086112,99.065196,0,train
normal,10091,normal_0300,6,2022-07-12 00:37:49.846,0.6,0.039423,-0.057416,106.4576,0,train
normal,10092,normal_0300,7,2022-07-12 00:37:49.946,0.7,0.048721,-0.064727,110.7061,0,train
normal,10093,normal_0300,8,2022-07-12 00:37:50.046,0.8,-0.034158,-0.028533,100.59823,0,train
normal,10094,normal_0300,9,2022-07-12 00:37:50.146,0.9,-0.054878,-0.016941,81.987152,0,train
normal,10095,normal_0300,10,2022-07-12 00:37:50.246,1.0,-0.032387,0.048896,49.086577,0,train
normal,10096,normal_0300,11,2022-07-12 00:37:50.346,1.1,-0.060146,0.032332,8.311153,0,train
normal,10097,normal_0300,12,2022-07-12 00:37:50.446,1.2,-0.016413,0.017425,-35.37095,0,train
normal,10098,normal_0300,13,2022-07-12 00:37:50.546,1.3,0.000685,-0.026342,-87.794434,0,train
normal,10099,normal_0300,14,2022-07-12 00:37:50.646,1.4,-0.040334,-0.066646,-104.77997,0,train
normal,10100,normal_0300,15,2022-07-12 00:37:50.746,1.5,-0.011974,0.047148,-109.00499,0,train
normal,10101,normal_0300,16,2022-07-12 00:37:50.846,1.6,-0.011224,0.071546,-105.42549,0,train
normal,10102,normal_0300,17,2022-07-12 00:37:50.946,1.7,0.012345,-0.026353,-88.178526,0,train
normal,10103,normal_0300,18,2022-07-12 00:37:51.046,1.8,0.010563,-0.03363,-61.846979,0,train
normal,10104,normal_0300,19,2022-07-12 00:37:51.146,1.9,-0.033238,-0.050218,-20.537617,0,train
normal,10105,normal_0300,20,2022-07-12 00:37:51.246,2.0,-0.009056,-0.028192,19.501927,0,train
normal,10106,normal_0300,21,2022-07-12 00:37:51.346,2.1,-0.010679,0.015507,73.81607,0,train
normal,10107,normal_0300,22,2022-07-12 00:37:51.446,2.2,0.027343,-0.003045,104.2173,0,train
normal,10108,normal_0300,23,2022-07-12 00:37:51.546,2.3,0.047381,0.041789,108.31632,0,train
normal,10109,normal_0300,24,2022-07-12 00:37:51.646,2.4,-0.031694,-0.017952,109.84303,0,train
normal,10110,normal_0300,25,2022-07-12 00:37:51.746,2.5,-0.041333,-0.093632,94.827663,0,train
normal,10111,normal_0300,26,2022-07-12 00:37:51.846,2.6,-0.032546,0.049941,73.508152,0,train
normal,10112,normal_0300,27,2022-07-12 00:37:51.946,2.7,0.013004,0.089814,34.873251,0,train
normal,10113,normal_0300,28,2022-07-12 00:37:52.046,2.8,0.09494,-0.006507,-4.486323,0,train
normal,10114,normal_0300,29,2022-07-12 00:37:52.146,2.9,0.028308,0.000849,-54.369695,0,train
normal,10115,normal_0300,30,2022-07-12 00:37:52.246,3.0,-0.006876,-0.056802,-97.885382,0,train
normal,10116,normal_0300,31,2022-07-12 00:37:52.346,3.1,0.016637,-0.057552,-105.5329,0,train
normal,10117,normal_0300,32,2022-07-12 00:37:52.446,3.2,-0.039664,0.090132,-109.9533,0,train
normal,10118,normal_0300,33,2022-07-12 00:37:52.546,3.3,0.018487,0.020638,-100.096,0,train
normal,10119,normal_0300,34,2022-07-12 00:37:52.646,3.4,0.088435,-0.062014,-81.504235,0,train
normal,10120,normal_0300,35,2022-07-12 00:37:52.746,3.5,0.021757,0.004596,-48.502213,0,train
normal,10121,normal_0300,36,2022-07-12 00:37:52.846,3.6,0.001741,-0.021551,-7.310511,0,train
normal,10122,normal_0300,37,2022-07-12 00:37:52.946,3.7,-0.007852,0.016392,36.911492,0,train
normal,10123,normal_0300,38,2022-07-12 00:37:53.046,3.8,-0.041288,0.069855,89.486729,0,train
normal,10124,normal_0300,39,2022-07-12 00:37:53.146,3.9,0.021757,0.014791,106.05635,0,train
normal,10125,normal_0300,40,2022-07-12 00:37:53.246,4.0,0.058689,0.030118,109.9707,0,train
normal,10126,normal_0300,41,2022-07-12 00:37:53.346,4.1,-0.001131,-0.008835,106.22383,0,train
normal,10127,normal_0300,42,2022-07-12 00:37:53.446,4.2,0.00584,-0.068576,88.762055,0,train
normal,10128,normal_0300,43,2022-07-12 00:37:53.546,4.3,0.014003,0.054403,62.407859,0,train
normal,10129,normal_0300,44,2022-07-12 00:37:53.646,4.4,-0.002414,0.07049,20.748737,0,train
normal,10130,normal_0300,45,2022-07-12 00:37:53.746,4.5,0.065081,-0.019564,-18.942835,0,train
normal,10131,normal_0300,46,2022-07-12 00:37:53.846,4.6,0.031714,0.012101,-72.85417,0,train
normal,10132,normal_0300,47,2022-07-12 00:37:53.946,4.7,-0.014222,-0.050933,-102.96072,0,train
normal,10133,normal_0301,0,2022-07-12 00:37:57.236,0.0,-0.080244,-0.260884,-51.288134,0,train
normal,10134,normal_0301,1,2022-07-12 00:37:57.336,0.1,-0.051645,0.058733,17.567517,0,train
normal,10135,normal_0301,2,2022-07-12 00:37:57.436,0.2,0.08087,0.156008,89.297186,0,train
normal,10136,normal_0301,3,2022-07-12 00:37:57.536,0.3,0.162273,0.168519,149.06051,0,train
normal,10137,normal_0301,4,2022-07-12 00:37:57.636,0.4,0.060639,0.004237,198.92993,0,train
normal,10138,normal_0301,5,2022-07-12 00:37:57.736,0.5,0.002215,-0.242061,210.65214,0,train
normal,10139,normal_0301,6,2022-07-12 00:37:57.836,0.6,-0.065916,-0.118412,184.958,0,train
normal,10140,normal_0301,7,2022-07-12 00:37:57.936,0.7,-0.069038,0.137331,139.49825,0,train
normal,10141,normal_0301,8,2022-07-12 00:37:58.036,0.8,0.147264,0.307415,74.630031,0,train
normal,10142,normal_0301,9,2022-07-12 00:37:58.136,0.9,0.036206,0.147731,6.940723,0,train
normal,10143,normal_0301,10,2022-07-12 00:37:58.236,1.0,-0.092982,-0.134602,-65.567263,0,train
normal,10144,normal_0301,11,2022-07-12 00:37:58.336,1.1,0.020312,-0.191221,-128.97827,0,train
normal,10145,normal_0301,12,2022-07-12 00:37:58.436,1.2,-0.110943,-0.069219,-183.49423,0,train
normal,10146,normal_0301,13,2022-07-12 00:37:58.536,1.3,0.09849,0.195676,-211.41257,0,train
normal,10147,normal_0301,14,2022-07-12 00:37:58.636,1.4,0.213999,0.215044,-194.97504,0,train
normal,10148,normal_0301,15,2022-07-12 00:37:58.736,1.5,-0.05915,-0.159102,-156.71052,0,train
normal,10149,normal_0301,16,2022-07-12 00:37:58.836,1.6,0.027453,-0.199645,-96.777212,0,train
normal,10150,normal_0301,17,2022-07-12 00:37:58.936,1.7,0.007483,-0.071887,-29.80924,0,train
normal,10151,normal_0301,18,2022-07-12 00:37:59.036,1.8,-0.083298,0.075547,41.903262,0,train
normal,10152,normal_0301,19,2022-07-12 00:37:59.136,1.9,0.021209,0.292633,110.75736,0,train
normal,10153,normal_0301,20,2022-07-12 00:37:59.236,2.0,-0.052644,0.067645,168.64731,0,train
normal,10154,normal_0301,21,2022-07-12 00:37:59.336,2.1,-0.046956,-0.214291,209.82542,0,train
normal,10155,normal_0301,22,2022-07-12 00:37:59.436,2.2,0.041565,-0.193094,205.89545,0,train
normal,10156,normal_0301,23,2022-07-12 00:37:59.536,2.3,0.059254,-0.009682,173.55933,0,train
normal,10157,normal_0301,24,2022-07-12 00:37:59.636,2.4,0.05704,0.187694,119.49851,0,train
normal,10158,normal_0301,25,2022-07-12 00:37:59.736,2.5,-0.103927,0.131905,52.05155,0,train
normal,10159,normal_0301,26,2022-07-12 00:37:59.836,2.6,-0.125612,-0.122806,-17.785194,0,train
normal,10160,normal_0301,27,2022-07-12 00:37:59.936,2.7,-0.028178,-0.196909,-89.532148,0,train
normal,10161,normal_0301,28,2022-07-12 00:38:00.036,2.8,-0.012862,-0.070888,-149.64368,0,train
normal,10162,normal_0301,29,2022-07-12 00:38:00.136,2.9,0.054326,0.09957,-199.35992,0,train
normal,10163,normal_0301,30,2022-07-12 00:38:00.236,3.0,0.018893,0.25628,-210.77027,0,train
normal,10164,normal_0301,31,2022-07-12 00:38:00.336,3.1,-0.105414,0.091521,-185.66921,0,train
normal,10165,normal_0301,32,2022-07-12 00:38:00.436,3.2,-0.10303,-0.16999,-139.88926,0,train
normal,10166,normal_0301,33,2022-07-12 00:38:00.536,3.3,-0.033798,-0.128199,-74.446568,0,train
normal,10167,normal_0301,34,2022-07-12 00:38:00.636,3.4,-0.063044,-0.046864,-5.818129,0,train
normal,10168,normal_0301,35,2022-07-12 00:38:00.736,3.5,-0.021752,0.095006,67.46436,0,train
normal,10169,normal_0302,0,2022-07-12 00:38:05.247,0.0,-0.054397,-0.17822,-208.51448,0,train
normal,10170,normal_0302,1,2022-07-12 00:38:05.347,0.1,-0.030737,1.5e-05,-254.09439,0,train
normal,10171,normal_0302,2,2022-07-12 00:38:05.447,0.2,0.20599,0.26097,-246.40015,0,train
normal,10172,normal_0302,3,2022-07-12 00:38:05.547,0.3,0.024213,0.191988,-204.86059,0,train
normal,10173,normal_0302,4,2022-07-12 00:38:05.647,0.4,-0.053557,-0.123588,-140.84603,0,train
normal,10174,normal_0302,5,2022-07-12 00:38:05.747,0.5,0.004151,-0.158079,-58.531291,0,train
normal,10175,normal_0302,6,2022-07-12 00:38:05.847,0.6,-0.16801,-0.149689,25.572303,0,train
normal,10176,normal_0302,7,2022-07-12 00:38:05.947,0.7,0.002119,0.071847,112.55814,0,train
normal,10177,normal_0302,8,2022-07-12 00:38:06.047,0.8,0.276936,0.335618,184.90567,0,train
normal,10178,normal_0302,9,2022-07-12 00:38:06.147,0.9,0.157727,-0.001574,241.79581,0,train
normal,10179,normal_0302,10,2022-07-12 00:38:06.247,1.0,0.098032,-0.223928,254.41352,0,train
normal,10180,normal_0302,11,2022-07-12 00:38:06.347,1.1,0.043479,-0.064732,221.00773,0,train
normal,10181,normal_0302,12,2022-07-12 00:38:06.447,1.2,-0.135142,-0.054878,165.8739,0,train
normal,10182,normal_0302,13,2022-07-12 00:38:06.547,1.3,-0.046723,0.185085,87.29888,0,train
normal,10183,normal_0302,14,2022-07-12 00:38:06.647,1.4,0.107421,0.338922,4.728318,0,train
normal,10184,normal_0302,15,2022-07-12 00:38:06.747,1.5,0.104855,-0.077221,-82.657824,0,train
normal,10185,normal_0302,16,2022-07-12 00:38:06.847,1.6,0.076381,-0.262631,-159.63664,0,train
normal,10186,normal_0302,17,2022-07-12 00:38:06.947,1.7,0.026517,-0.093763,-221.41257,0,train
normal,10187,normal_0302,18,2022-07-12 00:38:07.047,1.8,0.073815,0.053239,-253.36424,0,train
normal,10188,normal_0302,19,2022-07-12 00:38:07.147,1.9,0.106978,0.248095,-231.53785,0,train
normal,10189,normal_0303,0,2022-07-12 00:38:13.239,0.0,-0.003822,0.08955,-106.01283,0,train
normal,10190,normal_0303,1,2022-07-12 00:38:13.339,0.1,-0.006479,0.019489,-109.95091,0,train
normal,10191,normal_0303,2,2022-07-12 00:38:13.439,0.2,-0.00917,-0.113435,-103.54878,0,train
normal,10192,normal_0303,3,2022-07-12 00:38:13.539,0.3,-0.067968,-0.00047,-84.71931,0,train
normal,10193,normal_0303,4,2022-07-12 00:38:13.639,0.4,-0.057694,-0.055794,-55.567033,0,train
normal,10194,normal_0303,5,2022-07-12 00:38:13.739,0.5,-0.01219,-0.080828,-12.240769,0,train
normal,10195,normal_0303,6,2022-07-12 00:38:13.839,0.6,0.004352,0.030888,28.415683,0,train
normal,10196,normal_0303,7,2022-07-12 00:38:13.939,0.7,-0.001018,-0.02665,82.181821,0,train
normal,10197,normal_0303,8,2022-07-12 00:38:14.039,0.8,0.020701,-0.028024,107.88204,0,train
normal,10198,normal_0304,0,2022-07-12 00:38:22.496,0.0,0.062936,0.233886,-238.48942,0,train
normal,10199,normal_0304,1,2022-07-12 00:38:22.596,0.1,-0.071668,-0.061288,-244.4593,0,train
normal,10200,normal_0304,2,2022-07-12 00:38:22.696,0.2,-0.062813,-0.216794,-215.10639,0,train
normal,10201,normal_0304,3,2022-07-12 00:38:22.796,0.3,-0.234168,-0.234357,-160.91873,0,train
normal,10202,normal_0304,4,2022-07-12 00:38:22.896,0.4,-0.277685,-0.095779,-83.542834,0,train
normal,10203,normal_0304,5,2022-07-12 00:38:22.996,0.5,0.048801,0.286463,-1.008511,0,train
normal,10204,normal_0304,6,2022-07-12 00:38:23.096,0.6,0.074278,0.16479,87.522756,0,train
normal,10205,normal_0304,7,2022-07-12 00:38:23.196,0.7,-0.038278,-0.258301,165.91014,0,train
normal,10206,normal_0304,8,2022-07-12 00:38:23.296,0.8,0.006885,-0.210334,229.70369,0,train
normal,10207,normal_0304,9,2022-07-12 00:38:23.396,0.9,-0.166321,-0.106587,252.95678,0,train
normal,10208,normal_0304,10,2022-07-12 00:38:23.496,1.0,-0.233464,0.036373,231.07949,0,train
normal,10209,normal_0304,11,2022-07-12 00:38:23.596,1.1,-0.057681,0.2981,184.68275,0,train
normal,10210,normal_0304,12,2022-07-12 00:38:23.696,1.2,-0.034464,0.055628,110.34252,0,train
normal,10211,normal_0304,13,2022-07-12 00:38:23.796,1.3,-0.086462,-0.301886,27.379158,0,train
normal,10212,normal_0304,14,2022-07-12 00:38:23.896,1.4,-0.052572,-0.214739,-62.499292,0,train
normal,10213,normal_0304,15,2022-07-12 00:38:23.996,1.5,-0.025347,-0.010664,-146.69802,0,train
normal,10214,normal_0304,16,2022-07-12 00:38:24.096,1.6,-0.007852,0.196908,-215.86051,0,train
normal,10215,normal_0304,17,2022-07-12 00:38:24.196,1.7,0.022757,0.213518,-255.05343,0,train
normal,10216,normal_0304,18,2022-07-12 00:38:24.296,1.8,0.010858,-0.081417,-242.91566,0,train
normal,10217,normal_0304,19,2022-07-12 00:38:24.396,1.9,-0.049643,-0.24084,-203.30515,0,train
normal,10218,normal_0304,20,2022-07-12 00:38:24.496,2.0,-0.108703,-0.152897,-136.01662,0,train
normal,10219,normal_0304,21,2022-07-12 00:38:24.596,2.1,-0.001028,0.107422,-52.992112,0,train
normal,10220,normal_0304,22,2022-07-12 00:38:24.696,2.2,0.116194,0.338381,35.764937,0,train
normal,10221,normal_0304,23,2022-07-12 00:38:24.796,2.3,0.051015,0.136384,126.51218,0,train
normal,10222,normal_0304,24,2022-07-12 00:38:24.896,2.4,0.038583,-0.161821,202.54698,0,train
normal,10223,normal_0304,25,2022-07-12 00:38:24.996,2.5,-0.013244,-0.194893,256.17066,0,train
normal,10224,normal_0304,26,2022-07-12 00:38:25.096,2.6,-0.091877,-0.083858,258.70517,0,train
normal,10225,normal_0304,27,2022-07-12 00:38:25.196,2.7,0.143215,0.227914,223.84253,0,train
normal,10226,normal_0304,28,2022-07-12 00:38:25.296,2.8,0.211085,0.328651,163.12971,0,train
normal,10227,normal_0304,29,2022-07-12 00:38:25.396,2.9,0.013538,-0.035402,80.225835,0,train
normal,10228,normal_0304,30,2022-07-12 00:38:25.496,3.0,0.077752,-0.203238,-8.039475,0,train
normal,10229,normal_0304,31,2022-07-12 00:38:25.596,3.1,-0.024223,-0.153011,-102.52632,0,train
normal,10230,normal_0304,32,2022-07-12 00:38:25.696,3.2,-0.082897,-0.03563,-184.26075,0,train
normal,10231,normal_0304,33,2022-07-12 00:38:25.796,3.3,0.266171,0.311917,-247.30208,0,train
normal,10232,normal_0304,34,2022-07-12 00:38:25.896,3.4,0.227683,0.221817,-266.73058,0,train
normal,10233,normal_0304,35,2022-07-12 00:38:25.996,3.5,0.066342,-0.196573,-239.05948,0,train
normal,10234,normal_0304,36,2022-07-12 00:38:26.096,3.6,0.090229,-0.177534,-186.45205,0,train
normal,10235,normal_0304,37,2022-07-12 00:38:26.196,3.7,-0.09442,-0.060686,-107.54408,0,train
normal,10236,normal_0304,38,2022-07-12 00:38:26.296,3.8,-0.063403,0.114563,-20.836713,0,train
normal,10237,normal_0304,39,2022-07-12 00:38:26.396,3.9,0.13118,0.365141,73.159942,0,train
normal,10238,normal_0304,40,2022-07-12 00:38:26.496,4.0,0.113787,0.105616,161.74914,0,train
normal,10239,normal_0304,41,2022-07-12 00:38:26.596,4.1,0.064968,-0.243655,233.19402,0,train
normal,10240,normal_0304,42,2022-07-12 00:38:26.696,4.2,0.032611,-0.15871,271.09471,0,train
normal,10241,normal_0304,43,2022-07-12 00:38:26.796,4.3,0.018567,0.02385,255.53313,0,train
normal,10242,normal_0304,44,2022-07-12 00:38:26.896,4.4,0.036154,0.242196,210.17864,0,train
normal,10243,normal_0304,45,2022-07-12 00:38:26.996,4.5,0.00928,0.286735,137.15126,0,train
normal,10244,normal_0304,46,2022-07-12 00:38:27.096,4.6,-0.021214,-0.068679,50.506479,0,train
normal,10245,normal_0304,47,2022-07-12 00:38:27.196,4.7,-0.036587,-0.266407,-41.606312,0,train
normal,10246,normal_0304,48,2022-07-12 00:38:27.296,4.8,-0.06472,-0.145904,-135.1967,0,train
normal,10247,normal_0304,49,2022-07-12 00:38:27.396,4.9,0.065865,0.075633,-211.49709,0,train
normal,10248,normal_0305,0,2022-07-12 00:38:29.302,0.0,-0.027296,0.00517,-82.316289,0,train
normal,10249,normal_0305,1,2022-07-12 00:38:29.402,0.1,0.003074,0.074254,-49.044734,0,train
normal,10250,normal_0305,2,2022-07-12 00:38:29.502,0.2,-0.04209,0.050299,-2.59316,0,train
normal,10251,normal_0305,3,2022-07-12 00:38:29.602,0.3,0.065426,0.020701,37.276988,0,train
normal,10252,normal_0305,4,2022-07-12 00:38:29.702,0.4,0.028073,-0.068422,92.899095,0,train
normal,10253,normal_0305,5,2022-07-12 00:38:29.802,0.5,-0.066193,-0.007387,121.71687,0,train
normal,10254,normal_0305,6,2022-07-12 00:38:29.902,0.6,0.043605,0.060994,119.79879,0,train
normal,10255,normal_0305,7,2022-07-12 00:38:30.002,0.7,-0.020893,-0.060975,114.6474,0,train
normal,10256,normal_0305,8,2022-07-12 00:38:30.102,0.8,-0.036175,-0.007887,92.380892,0,train
normal,10257,normal_0305,9,2022-07-12 00:38:30.202,0.9,0.118911,0.004239,64.540394,0,train
normal,10258,normal_0305,10,2022-07-12 00:38:30.302,1.0,-0.037162,-0.110214,19.688728,0,train
normal,10259,normal_0305,11,2022-07-12 00:38:30.402,1.1,-0.072891,0.07917,-20.372274,0,train
normal,10260,normal_0305,12,2022-07-12 00:38:30.502,1.2,0.041277,0.137095,-70.901402,0,train
normal,10261,normal_0305,13,2022-07-12 00:38:30.602,1.3,-0.047812,-0.02008,-114.83981,0,train
normal,10262,normal_0305,14,2022-07-12 00:38:30.702,1.4,0.049883,-0.002653,-117.86248,0,train
normal,10263,normal_0305,15,2022-07-12 00:38:30.802,1.5,0.069502,-0.06228,-116.79436,0,train
normal,10264,normal_0305,16,2022-07-12 00:38:30.902,1.6,-0.038309,-0.05884,-99.97524,0,train
normal,10265,normal_0305,17,2022-07-12 00:38:31.002,1.7,0.059329,0.069611,-75.520405,0,train
normal,10266,normal_0305,18,2022-07-12 00:38:31.102,1.8,0.015835,-0.015005,-37.262683,0,train
normal,10267,normal_0305,19,2022-07-12 00:38:31.202,1.9,-0.00635,-0.051597,5.627156,0,train
normal,10268,normal_0305,20,2022-07-12 00:38:31.302,2.0,0.057433,0.053807,49.231774,0,train
normal,10269,normal_0305,21,2022-07-12 00:38:31.402,2.1,-0.045439,-0.020228,103.55152,0,train
normal,10270,normal_0305,22,2022-07-12 00:38:31.502,2.2,-0.058189,-0.03501,118.21093,0,train
normal,10271,normal_0305,23,2022-07-12 00:38:31.602,2.3,-0.046427,0.077093,117.75519,0,train
normal,10272,normal_0305,24,2022-07-12 00:38:31.702,2.4,-0.006463,0.046416,108.61601,0,train
normal,10273,normal_0305,25,2022-07-12 00:38:31.802,2.5,0.114074,0.018373,86.12753,0,train
normal,10274,normal_0305,26,2022-07-12 00:38:31.902,2.6,0.06093,-0.044149,55.172688,0,train
normal,10275,normal_0305,27,2022-07-12 00:38:32.002,2.7,-0.027558,-0.063586,10.564448,0,train
normal,10276,normal_0305,28,2022-07-12 00:38:32.102,2.8,-0.021983,0.05056,-28.026465,0,train
normal,10277,normal_0305,29,2022-07-12 00:38:32.202,2.9,-0.029488,0.00165,-83.474527,0,train
normal,10278,normal_0305,30,2022-07-12 00:38:32.302,3.0,0.002506,-0.060566,-113.95837,0,train
normal,10279,normal_0305,31,2022-07-12 00:38:32.402,3.1,0.071102,0.050458,-114.42281,0,train
normal,10280,normal_0305,32,2022-07-12 00:38:32.502,3.2,0.025337,-0.004708,-112.85902,0,train
normal,10281,normal_0305,33,2022-07-12 00:38:32.602,3.3,-0.059472,-0.098293,-93.637358,0,train
normal,10282,normal_0305,34,2022-07-12 00:38:32.702,3.4,-0.053125,0.078455,-68.794736,0,train
normal,10283,normal_0305,35,2022-07-12 00:38:32.802,3.5,-0.044951,0.120383,-27.657631,0,train
normal,10284,normal_0305,36,2022-07-12 00:38:32.902,3.6,-0.003421,-0.04634,10.958434,0,train
normal,10285,normal_0305,37,2022-07-12 00:38:33.002,3.7,0.048328,-0.095171,61.175354,0,train
normal,10286,normal_0305,38,2022-07-12 00:38:33.102,3.8,-0.020189,-0.005082,107.37373,0,train
normal,10287,normal_0305,39,2022-07-12 00:38:33.202,3.9,0.033285,0.067022,113.79398,0,train
normal,10288,normal_0305,40,2022-07-12 00:38:33.302,4.0,0.062973,-0.053595,115.52574,0,train
normal,10289,normal_0305,41,2022-07-12 00:38:33.402,4.1,-0.087128,-0.094092,102.48483,0,train
normal,10290,normal_0305,42,2022-07-12 00:38:33.502,4.2,0.031956,0.104715,80.65928,0,train
normal,10291,normal_0305,43,2022-07-12 00:38:33.602,4.3,0.053675,0.026571,45.396453,0,train
normal,10292,normal_0305,44,2022-07-12 00:38:33.702,4.4,-0.145223,-0.14928,4.574538,0,train
normal,10293,normal_0305,45,2022-07-12 00:38:33.802,4.5,-0.035119,0.052558,-38.050895,0,train
normal,10294,normal_0305,46,2022-07-12 00:38:33.902,4.6,0.012781,0.112935,-92.226635,0,train
normal,10295,normal_0305,47,2022-07-12 00:38:34.002,4.7,-0.010425,-0.046635,-109.94316,0,train
normal,10296,normal_0305,48,2022-07-12 00:38:34.102,4.8,0.072987,-0.043139,-112.84841,0,train
normal,10297,normal_0305,49,2022-07-12 00:38:34.202,4.9,-0.052512,-0.037314,-107.48686,0,train
