clip_id,sample_index,y_true,alarm_votes,score_mean,score_sd,all_seed_error
fault_0001,0,1,0,,,True
fault_0001,1,1,0,,,True
fault_0001,2,1,3,430.7103950969663,3.2337895633158054,False
fault_0001,3,1,3,507.1380393095737,12.662827289896205,False
fault_0002,0,1,0,,,True
fault_0002,1,1,0,,,True
fault_0002,2,1,3,76.36456962569717,1.275957208465112,False
fault_0002,3,1,3,69.09436569883712,2.8139516646323104,False
fault_0002,4,1,3,29.65430626947699,0.8478267561638184,False
fault_0002,5,1,3,22.700909810937034,0.5213805749942143,False
fault_0002,6,1,3,256.1159798271386,1.353988288303057,False
fault_0002,7,1,3,778.91469242558,12.389662275715535,False
fault_0002,8,1,3,1128.7926100487464,27.12734558417381,False
fault_0002,9,1,3,758.5391938671434,16.423325391157235,False
fault_0002,10,1,3,328.5036339466256,6.909900599175951,False
fault_0002,11,1,3,244.94513550251364,0.8608906832120597,False
fault_0002,12,1,3,260.7283196928424,9.116458595015464,False
fault_0002,13,1,3,334.6735844458545,12.430170565304566,False
fault_0002,14,1,3,373.55701484807315,1.3687911521160223,False
fault_0002,15,1,3,259.10935024859856,2.3401608740100945,False
fault_0002,16,1,3,132.37611591582996,1.1229800927803815,False
fault_0002,17,1,3,163.64068928171278,10.388006083322022,False
fault_0002,18,1,3,353.8683084238119,7.27181640218977,False
fault_0002,19,1,3,409.7496072560613,19.71353795824749,False
fault_0002,20,1,3,213.4436855606633,2.46133355474972,False
fault_0002,21,1,3,269.33096188337896,8.682861454865524,False
fault_0002,22,1,3,395.30616109031234,7.16153532580814,False
fault_0002,23,1,3,1256.4599826237045,23.69035113371072,False
fault_0002,24,1,3,983.3171388422606,9.496013446392315,False
fault_0002,25,1,3,99.49416996856162,1.938096591607745,False
fault_0002,26,1,3,84.70523903122817,0.7128926864599895,False
fault_0002,27,1,3,19.129310066478755,0.16134950621684163,False
fault_0002,28,1,3,24.020693207525444,0.16304791605524677,False
fault_0002,29,1,3,41.445694430216406,3.126985902516394,False
fault_0002,30,1,3,41.866638542980795,0.4663712374848846,False
fault_0002,31,1,3,56.248884415328554,0.08577415132629261,False
fault_0002,32,1,3,46.78905268851123,0.07628285182023241,False
fault_0002,33,1,3,95.60224087948495,1.2475152591233343,False
fault_0002,34,1,3,59.86113068628949,2.640142396475365,False
fault_0002,35,1,3,30.097460692712193,0.22651317855087333,False
fault_0002,36,1,0,13.074916244161164,1.587540297003605,True
fault_0002,37,1,3,22.551596152486578,0.37179644342290485,False
fault_0002,38,1,3,60.14825035137367,3.373143755006299,False
fault_0002,39,1,3,18.48817041872543,0.7493803048561445,False
fault_0002,40,1,3,204.67526769937072,2.7553448968892686,False
fault_0002,41,1,3,138.19130439802294,3.1278219594534584,False
fault_0002,42,1,3,28.869719753870182,0.46627932086384183,False
fault_0002,43,1,3,17.31046575932073,0.2912609670852659,False
fault_0002,44,1,3,19.841383183345346,0.8129959041731941,False
fault_0002,45,1,1,15.134860386409763,1.082971875611142,False
fault_0002,46,1,3,37.93978891233535,0.7137564320705387,False
fault_0002,47,1,0,12.771150935243666,0.9149967935018787,True
fault_0002,48,1,3,16.07148962780093,0.12523410242851776,False
fault_0002,49,1,3,103.84095361484952,2.3802652882785926,False
fault_0003,0,1,0,,,True
fault_0003,1,1,0,,,True
fault_0003,2,1,3,52.17457038681357,0.3688174099835682,False
fault_0003,3,1,3,58.974851176354726,0.7896564138213354,False
fault_0003,4,1,0,12.526591588163953,0.14745016002275443,True
fault_0003,5,1,3,63.70563861111392,0.7893794256776455,False
fault_0003,6,1,3,36.98334180585283,1.4838943678141898,False
fault_0003,7,1,3,611.2860330859722,1.266530560993989,False
fault_0003,8,1,3,246.49786247638372,7.756647897412531,False
fault_0003,9,1,3,20.138290954585617,0.17732137493372227,False
fault_0003,10,1,3,40.77250525789219,0.0759568084703037,False
fault_0003,11,1,3,135.91930654111044,1.245848022460002,False
fault_0003,12,1,1,13.570993505326806,1.2767971039771615,False
fault_0003,13,1,3,369.47641280204454,8.675088770698576,False
fault_0003,14,1,3,459.686615732319,9.590652575546589,False
fault_0003,15,1,3,370.89449772077415,1.430700390487403,False
fault_0003,16,1,3,301.69812069733075,8.82955794392251,False
fault_0003,17,1,3,523.6042246970665,4.117170121200367,False
fault_0003,18,1,3,639.8096664592194,37.47259768666705,False
fault_0003,19,1,3,536.3450403217226,3.6335605531464963,False
fault_0003,20,1,3,287.3225587750458,0.9093415886123882,False
fault_0003,21,1,3,164.436659020672,1.0684123263504368,False
fault_0003,22,1,3,196.20893030098864,0.06931266680531885,False
fault_0003,23,1,3,323.2927740151062,5.593504416625035,False
fault_0003,24,1,3,248.89758115279633,6.958168580493072,False
fault_0003,25,1,3,302.7178254407667,13.54367322155117,False
fault_0003,26,1,3,271.04401439883765,4.0171913468655225,False
fault_0003,27,1,3,258.16368736343793,15.955712472592928,False
fault_0003,28,1,3,337.46506868452065,2.505856217791111,False
fault_0003,29,1,3,347.39492817409683,3.203681774111457,False
fault_0003,30,1,3,258.1986438134688,2.328214803697102,False
fault_0003,31,1,3,154.83427987895095,9.731709309048107,False
fault_0003,32,1,3,185.73785944405657,3.552320731029875,False
fault_0003,33,1,3,300.2411719801569,9.634170013541503,False
fault_0003,34,1,3,316.7310727442731,11.02857541624673,False
fault_0003,35,1,3,428.28184388519554,3.1217519537847505,False
fault_0003,36,1,3,442.05914939324776,13.92854314020951,False
fault_0003,37,1,3,824.6187778021304,13.195261800360479,False
fault_0003,38,1,3,740.512076718669,23.7081741381809,False
fault_0003,39,1,3,196.97999390040647,0.9430585034488501,False
fault_0003,40,1,3,95.36561469819289,6.226330940354839,False
fault_0003,41,1,3,113.60624288260858,0.4341553481132569,False
fault_0003,42,1,3,59.660886111278984,0.956179195669795,False
fault_0003,43,1,3,48.2964165075501,0.19908753592712525,False
fault_0003,44,1,3,74.84417170517368,0.9584828746885748,False
fault_0003,45,1,3,115.57547905777714,1.4652988247443024,False
fault_0003,46,1,3,28.487377039509443,0.40373819449769116,False
fault_0004,0,1,0,,,True
fault_0004,1,1,0,,,True
fault_0004,2,1,0,10.565323588115753,1.1083988422332267,True
fault_0004,3,1,2,15.5033405990421,1.9866463499169646,False
fault_0004,4,1,0,9.80788886090749,0.5973528370042933,True
fault_0004,5,1,3,17.114549124927702,0.10099272625098449,False
fault_0004,6,1,3,33.703789876336174,0.5713161364998687,False
fault_0004,7,1,3,162.49344878057622,2.117921690437551,False
fault_0004,8,1,3,44.805574793116165,0.35551870949593845,False
fault_0004,9,1,3,54.85946619359393,1.6034284994793062,False
fault_0004,10,1,3,531.1113762692866,0.48539591465663834,False
fault_0004,11,1,3,280.3657153879285,8.211487911012862,False
fault_0004,12,1,3,40.175875650289505,0.259904499476334,False
fault_0004,13,1,0,11.955298947828753,0.4592324648057239,True
fault_0004,14,1,3,90.39563108301182,3.77314695198763,False
fault_0004,15,1,3,279.20293731806197,2.5547475086260185,False
fault_0004,16,1,3,201.01055679632566,5.213689220757144,False
fault_0004,17,1,3,534.6732919189751,5.16674410777253,False
fault_0004,18,1,3,840.6361071502937,15.855400378456574,False
fault_0004,19,1,3,409.9452388380328,2.0495622982440307,False
fault_0004,20,1,0,7.087208910545385,0.4542116550015432,True
fault_0004,21,1,3,120.61991635140085,4.605720046800661,False
fault_0004,22,1,3,216.4987614168556,2.0556927850917597,False
fault_0004,23,1,3,64.08729993606941,2.2744365010393994,False
fault_0004,24,1,3,41.68327577104896,0.7903808013801428,False
fault_0004,25,1,3,39.84372477155619,0.7336395385419663,False
fault_0004,26,1,3,64.47756515430025,0.8588563037123529,False
fault_0004,27,1,3,18.792548360282442,0.4534866861175812,False
fault_0004,28,1,3,46.47136728995799,0.7839194150244511,False
fault_0004,29,1,3,170.85945628385852,6.325093700996666,False
fault_0004,30,1,3,112.08801114734058,1.5583582198367592,False
fault_0005,0,1,0,,,True
fault_0005,1,1,0,,,True
fault_0005,2,1,3,38.68323386874076,1.6996240756284506,False
fault_0005,3,1,3,258.02081056991534,2.989592854826575,False
fault_0005,4,1,3,81.4682008319566,0.28908995964854173,False
fault_0005,5,1,3,696.8084558063365,2.4542134181755717,False
fault_0005,6,1,3,548.4562578988812,11.268327410563025,False
fault_0005,7,1,3,340.5442055475626,3.1432291182249505,False
fault_0005,8,1,3,315.9025850914483,4.6774132513949125,False
fault_0005,9,1,3,384.958654966804,15.654192807271802,False
fault_0005,10,1,3,518.8743843450009,21.16256716857204,False
fault_0005,11,1,3,578.179061326172,1.5848685461582623,False
fault_0005,12,1,3,305.49112403656784,5.078883836712883,False
fault_0005,13,1,3,129.7085209406835,8.243847415651114,False
fault_0005,14,1,3,280.25681646331975,17.346745624721954,False
fault_0005,15,1,3,431.63717820266373,6.204005775224487,False
fault_0005,16,1,3,491.69532777629433,7.415993198461355,False
fault_0005,17,1,3,401.8646225464704,8.033802819721966,False
fault_0006,0,1,0,,,True
fault_0006,1,1,0,,,True
fault_0006,2,1,3,448.72821315775155,5.362201843813195,False
fault_0007,0,1,0,,,True
fault_0007,1,1,0,,,True
fault_0007,2,1,3,552.4961945871559,0.7308074492789317,False
fault_0007,3,1,3,533.9525570583214,4.035297406624997,False
fault_0007,4,1,3,267.01208347930765,4.550347017053599,False
fault_0007,5,1,3,59.36654889036466,0.7209891950420055,False
fault_0007,6,1,3,36.302435885068405,0.34602862851055993,False
fault_0007,7,1,3,64.08075303648641,0.14243623118112378,False
fault_0007,8,1,3,44.486209346167165,0.828028084134204,False
fault_0007,9,1,3,205.59780376565683,3.4451175581976567,False
fault_0007,10,1,3,159.10997754853278,3.1457871557804586,False
fault_0007,11,1,3,70.02507239398282,0.33885949586723974,False
fault_0007,12,1,3,57.42647282007918,0.6601796555414098,False
fault_0007,13,1,3,54.60485781961438,0.979737244450765,False
fault_0007,14,1,3,58.77419289336783,0.2721559744604253,False
fault_0007,15,1,3,27.596469023488776,0.9962753494243668,False
fault_0007,16,1,3,51.43863609433108,1.2892759281760473,False
fault_0007,17,1,3,33.619180368951085,0.6836821351478436,False
fault_0007,18,1,3,50.49332145311721,0.36303806083639417,False
fault_0007,19,1,3,123.47662060030507,3.361097377432431,False
fault_0007,20,1,3,18.180220315205005,0.18273897111111545,False
fault_0007,21,1,3,25.594591563197046,0.38035269262533666,False
fault_0007,22,1,3,25.314987958311523,0.19769026481823776,False
fault_0007,23,1,3,54.87528950578308,1.1410878635593462,False
fault_0007,24,1,0,5.272888726845907,0.7861214702126234,True
fault_0007,25,1,0,8.475631904642615,0.6672579713952279,True
fault_0007,26,1,3,41.49341183487114,0.8818178084166838,False
fault_0007,27,1,3,119.76090389138922,3.177314120214748,False
fault_0007,28,1,3,117.34206663125678,1.5469769906373345,False
fault_0007,29,1,3,42.26630698437917,0.5019823384882143,False
fault_0007,30,1,3,48.30012020548708,1.6275312532967812,False
fault_0007,31,1,3,97.92791929614255,3.331311399895128,False
fault_0007,32,1,3,1023.2803927778295,30.857877130118258,False
fault_0007,33,1,3,678.9074757559787,31.55389333472979,False
fault_0007,34,1,3,1080.3689701400453,32.55788450993042,False
fault_0007,35,1,3,665.0919761352035,19.245867722858446,False
fault_0007,36,1,3,422.1417877979895,15.192061850279895,False
fault_0007,37,1,3,467.12077085904065,7.0002844024275515,False
fault_0007,38,1,3,565.2237024352027,14.241115680727653,False
fault_0007,39,1,3,358.6347246487256,1.7903704320219533,False
fault_0007,40,1,3,671.4201717506681,6.783837902479446,False
fault_0007,41,1,3,1089.6751528181355,23.599685159550557,False
fault_0007,42,1,3,273.4953247689397,5.242992518752924,False
fault_0007,43,1,3,80.00762558306856,0.7774585699282052,False
fault_0007,44,1,3,447.70285403997764,21.721119682929643,False
fault_0007,45,1,3,360.0399593486939,2.094617768455516,False
fault_0007,46,1,3,376.6574374354405,1.6808540127007439,False
fault_0007,47,1,3,371.94678802950517,3.418287499125453,False
fault_0007,48,1,3,450.844420368275,6.0347981577740315,False
fault_0007,49,1,3,144.9877614187144,8.781754184171216,False
fault_0008,0,1,0,,,True
fault_0008,1,1,0,,,True
fault_0008,2,1,3,238.72557661563906,13.15333299551923,False
fault_0008,3,1,3,235.91846789059298,2.35313393435381,False
fault_0008,4,1,3,295.06240846558484,1.1348613554127505,False
fault_0008,5,1,3,308.5421297241366,11.912855815780496,False
fault_0008,6,1,3,444.18230637760365,6.632058311580062,False
fault_0008,7,1,3,249.4893621829957,11.766389553785212,False
fault_0008,8,1,3,133.05318137141967,0.8211293971429583,False
fault_0008,9,1,3,180.3492921428689,5.810375160607002,False
fault_0008,10,1,3,437.6208378265107,20.21350011587235,False
fault_0008,11,1,3,620.1757060886567,7.8332308557729275,False
fault_0008,12,1,3,242.48860556977195,1.4284939434650112,False
fault_0008,13,1,3,170.5624745627095,4.49022546919919,False
fault_0008,14,1,3,217.372421801017,0.7299223548785493,False
fault_0008,15,1,3,205.02902543701325,4.610720884897834,False
fault_0008,16,1,3,133.70855057050815,2.8241497006921232,False
fault_0008,17,1,3,36.214257825822955,0.3467640663891425,False
fault_0008,18,1,3,86.19860752521443,2.1130832910523045,False
fault_0008,19,1,3,48.48962817268472,1.0207021752705432,False
fault_0008,20,1,3,94.77913433750837,1.1723273069784816,False
fault_0008,21,1,3,79.2750318436111,0.3769096835484415,False
fault_0008,22,1,3,51.10021231501323,1.6951122756078012,False
fault_0008,23,1,3,42.31600125157445,0.6520215077014818,False
fault_0008,24,1,3,45.15778851138818,2.743397712759166,False
fault_0008,25,1,3,22.942225257853504,1.354892987665406,False
fault_0008,26,1,3,16.50701253543321,0.7006559809381069,False
fault_0008,27,1,3,69.69409227004168,2.1513979850434155,False
fault_0008,28,1,3,125.85353306018622,1.897851960375257,False
fault_0008,29,1,3,26.643208006653207,0.5360350783160853,False
fault_0008,30,1,3,132.63567553895837,4.55016163310432,False
fault_0008,31,1,3,153.37302847018506,2.3618532317523644,False
fault_0008,32,1,3,39.229587134867714,0.37114379445405243,False
fault_0008,33,1,3,244.57337676572305,2.3230297139533196,False
fault_0008,34,1,3,710.9920446185703,15.20036440420599,False
fault_0008,35,1,3,428.2107207533145,3.8974215539656965,False
fault_0008,36,1,3,206.21682356995302,6.544455771815194,False
fault_0008,37,1,3,291.24653556228554,2.912597294766911,False
fault_0008,38,1,3,435.7951386155769,10.602857459839287,False
fault_0008,39,1,3,307.1832366368268,3.015982647733582,False
fault_0009,0,1,0,,,True
fault_0009,1,1,0,,,True
fault_0009,2,1,3,33.60594110169475,1.525014445686886,False
fault_0009,3,1,3,25.29029265917153,0.7893179444895553,False
fault_0009,4,1,3,105.45870915159982,3.5497747975665748,False
fault_0009,5,1,3,390.33115474633104,3.884042675398954,False
fault_0009,6,1,3,72.22991391247473,1.043882977907196,False
fault_0009,7,1,3,17.898865685288907,0.5374164326736185,False
fault_0009,8,1,3,17.227273285038052,1.0747883192903878,False
fault_0009,9,1,3,18.317325952274427,0.7190151598007054,False
fault_0009,10,1,3,21.068335587074877,0.3515373142825473,False
fault_0009,11,1,3,37.21270934447178,0.3901327440944848,False
fault_0009,12,1,3,114.32976792711611,3.4163183818130562,False
fault_0009,13,1,3,757.8094142334862,1.574921665011923,False
fault_0009,14,1,3,426.33445919878886,10.783709972263516,False
fault_0009,15,1,3,24.149965306856643,0.7995850187861632,False
fault_0009,16,1,3,28.056206054880032,0.45416683890833826,False
fault_0009,17,1,3,316.649676223059,16.362658817188414,False
fault_0009,18,1,3,201.5296318506582,0.5164310893127025,False
fault_0009,19,1,3,431.270193813948,4.758585322079006,False
fault_0009,20,1,3,228.37857362770993,3.1987695980229325,False
fault_0009,21,1,3,165.13435513470412,2.106817760637326,False
fault_0009,22,1,3,94.2836624247946,3.351774835830606,False
fault_0009,23,1,3,199.67284193918826,2.6649299447233714,False
fault_0009,24,1,3,199.11934206698834,3.1379779827984553,False
fault_0010,0,1,0,,,True
fault_0010,1,1,0,,,True
fault_0010,2,1,3,246.82129387141242,6.210577423962032,False
fault_0010,3,1,3,297.3922011440361,12.087449855181443,False
fault_0010,4,1,3,242.7426777337979,5.364332549604113,False
fault_0010,5,1,3,192.46112865858285,4.141411449478085,False
fault_0010,6,1,3,163.49898751360317,1.295958722054698,False
fault_0010,7,1,3,265.0027964489688,17.957029218939322,False
fault_0011,0,1,0,,,True
fault_0011,1,1,0,,,True
fault_0011,2,1,3,239.6464850496161,0.6994373194120364,False
fault_0011,3,1,3,213.41442789227617,8.459085824634807,False
fault_0012,0,1,0,,,True
fault_0012,1,1,0,,,True
fault_0012,2,1,3,215.1885484001613,3.9890528039686806,False
fault_0012,3,1,3,163.43778121301625,9.163523060863001,False
fault_0012,4,1,1,15.165806669787331,1.3739949384205499,False
fault_0012,5,1,3,165.88606002179552,3.2060287055249606,False
fault_0012,6,1,3,288.9093808612217,2.035528141761232,False
fault_0012,7,1,3,140.66379799797133,0.5801212022941837,False
fault_0012,8,1,3,48.37861854202654,2.0972475984731043,False
fault_0012,9,1,3,22.418121969292894,2.0093426575996753,False
fault_0012,10,1,3,42.176493489845846,0.9440194027764146,False
fault_0012,11,1,3,80.31171699653056,2.6077901401718595,False
fault_0012,12,1,3,49.2964278199126,0.08546460391710034,False
fault_0012,13,1,3,21.496833175358955,0.613331191940249,False
fault_0012,14,1,3,75.94619624962854,2.0365525633835984,False
fault_0012,15,1,3,119.85436884101186,2.731013783566225,False
fault_0012,16,1,3,30.659620946076995,0.18841044784085245,False
fault_0012,17,1,3,53.108127151337406,0.9250003181445114,False
fault_0012,18,1,3,181.38363708611803,2.3883531878993187,False
fault_0012,19,1,3,222.31603399835012,6.437361907333734,False
fault_0012,20,1,3,288.1711999472033,3.1707794806464586,False
fault_0012,21,1,3,194.22903469581115,6.692743312434881,False
fault_0012,22,1,3,91.89984125829788,1.7286708123540755,False
fault_0012,23,1,3,17.235966036006857,0.11450793408149944,False
fault_0012,24,1,3,54.86710608416232,0.3041036050093746,False
fault_0012,25,1,3,94.60606400982765,2.011694680225878,False
fault_0012,26,1,3,22.918197448076327,0.23069202039785397,False
fault_0012,27,1,3,217.95101830000624,7.971826845816258,False
fault_0012,28,1,3,222.73315017563314,3.299131659856844,False
fault_0012,29,1,3,49.117466390128335,1.5397069514654114,False
fault_0012,30,1,2,15.109319881638939,0.9987011490593506,False
fault_0012,31,1,3,52.105433543230454,1.1828021878173096,False
fault_0012,32,1,3,18.312378281576386,0.45185190875454984,False
fault_0012,33,1,3,216.54496963583574,7.425705788710478,False
fault_0012,34,1,3,56.65939947094458,1.0630211269954426,False
fault_0012,35,1,3,173.37654568856047,3.134355702592838,False
fault_0012,36,1,3,281.9744021514307,9.587053121375641,False
fault_0012,37,1,3,41.422059261471226,0.570462926360409,False
fault_0012,38,1,3,70.76710620924831,2.3454202081407307,False
fault_0012,39,1,3,28.64843926054192,0.3647740802118074,False
fault_0012,40,1,3,22.352543092221442,0.9768480319450077,False
fault_0012,41,1,3,59.3988805916647,3.693760560625484,False
fault_0012,42,1,3,64.72654748199822,1.2287675829891809,False
fault_0012,43,1,3,198.33672379591133,0.31181515622219974,False
fault_0012,44,1,3,339.3967814781449,1.8033344912304066,False
fault_0012,45,1,3,435.54400485724545,9.013682704571472,False
fault_0012,46,1,3,310.314712462497,11.322865319395925,False
fault_0012,47,1,3,328.32637615467644,11.759041907246207,False
fault_0012,48,1,3,392.13782138302054,2.1670164288818463,False
fault_0012,49,1,3,338.4774841616017,5.481650688083389,False
fault_0013,0,1,0,,,True
fault_0013,1,1,0,,,True
fault_0013,2,1,3,355.0562676263994,18.67243447092491,False
fault_0013,3,1,3,821.84964390595,4.508956455080255,False
fault_0013,4,1,3,903.2181276391589,3.823345253256813,False
fault_0013,5,1,3,393.37738922749935,11.646781420537815,False
fault_0013,6,1,3,349.25923369395053,18.0068457473888,False
fault_0013,7,1,3,482.01057732177105,1.7205546476371052,False
fault_0013,8,1,3,706.3438989183638,0.09684798839597993,False
fault_0013,9,1,3,412.93320024244514,10.737018961708749,False
fault_0013,10,1,3,307.3073763610947,21.637380068929556,False
fault_0013,11,1,3,470.345508289876,7.902337648409554,False
fault_0013,12,1,3,480.580319263768,6.661900992353864,False
fault_0013,13,1,3,320.7335769138079,19.056738905868322,False
fault_0013,14,1,3,20.30287651441022,0.09283899511999971,False
fault_0013,15,1,0,8.786235389812184,0.13217993383703308,True
fault_0013,16,1,3,29.54509302253818,0.08818173371117966,False
fault_0013,17,1,3,19.327613648522647,0.04310093354891573,False
fault_0013,18,1,3,41.43853128375968,0.2768299986199072,False
fault_0013,19,1,3,109.08795427425245,1.9926536398370416,False
fault_0013,20,1,3,46.41952447127559,1.35538673707587,False
fault_0013,21,1,3,58.1929704628786,1.421038145453446,False
fault_0013,22,1,3,43.76052943374756,0.3168613312043686,False
fault_0013,23,1,3,278.8018248992402,4.6324401313512285,False
fault_0013,24,1,3,192.90355598442068,3.7034841732207573,False
fault_0013,25,1,3,31.65549099014606,0.4854969010463554,False
fault_0013,26,1,3,60.317782263274914,2.125767116130855,False
fault_0013,27,1,3,128.29262060160127,2.253498551967345,False
fault_0013,28,1,3,64.35307011016596,1.2463228740034449,False
fault_0013,29,1,3,17.3053093882579,0.19018033334846468,False
fault_0013,30,1,3,22.960376929579237,0.8202978304685505,False
fault_0013,31,1,3,27.36410658438479,0.12678358608395146,False
fault_0013,32,1,0,11.582984283625693,1.1581426997342796,True
fault_0013,33,1,3,47.079109927556196,1.2442815927971285,False
fault_0013,34,1,3,86.57541947323473,1.3344177874569967,False
fault_0013,35,1,3,36.66335767796904,0.5260853617619865,False
fault_0013,36,1,3,43.56636286021341,0.9554699053362,False
fault_0013,37,1,0,8.085857727451431,0.5898483139550543,True
fault_0013,38,1,3,94.19352603806067,3.7067227216537484,False
fault_0013,39,1,3,99.62959710450774,1.2975000056189525,False
fault_0013,40,1,0,11.30785042931408,0.02952690145533837,True
fault_0013,41,1,3,48.691914026644476,1.535414642257789,False
fault_0014,0,1,0,,,True
fault_0014,1,1,0,,,True
fault_0014,2,1,3,487.3538672094648,21.58621089794261,False
fault_0014,3,1,3,686.7177280736252,5.444800252396062,False
fault_0014,4,1,3,1214.1677577780636,25.28980831572132,False
fault_0014,5,1,3,1037.6466705132837,11.809243878579446,False
fault_0014,6,1,3,530.9249824219028,9.753007158159292,False
fault_0014,7,1,3,279.8825953105182,19.790709413192456,False
fault_0014,8,1,3,451.52527545115845,4.438933020335658,False
fault_0014,9,1,3,574.8776194114597,25.53272012800697,False
fault_0014,10,1,3,499.76471356424014,1.8071715104610384,False
fault_0014,11,1,3,652.7307175658912,11.969359038474531,False
fault_0014,12,1,3,41.34361617269831,1.8055933725505275,False
fault_0014,13,1,3,108.32562348371307,1.811286846539553,False
fault_0014,14,1,3,338.9978060768805,5.390042590205426,False
fault_0014,15,1,3,500.61362857043576,21.879322445866425,False
fault_0014,16,1,3,488.3573252353221,3.795254109466276,False
fault_0014,17,1,3,308.7391669181024,10.955719761859172,False
fault_0014,18,1,3,162.0514115290225,1.7679849669524221,False
fault_0014,19,1,3,204.64678902316155,17.29658910813271,False
fault_0014,20,1,3,335.90619392791604,0.766106493274217,False
fault_0014,21,1,3,325.47012267492704,4.5989458485974355,False
fault_0014,22,1,3,277.48797166485525,3.5093129398377,False
fault_0014,23,1,3,300.9319827447585,14.671587714210107,False
fault_0014,24,1,3,333.35537152180063,12.94329042986374,False
fault_0014,25,1,3,464.5183937216334,1.3813644286511282,False
fault_0014,26,1,3,210.147032493829,5.203911927107101,False
fault_0014,27,1,3,148.72442749781393,4.9722253255297195,False
fault_0015,0,1,0,,,True
fault_0015,1,1,0,,,True
fault_0015,2,1,3,179.82152128429462,7.679078053301904,False
fault_0015,3,1,3,105.09939638419286,0.7341540247217468,False
fault_0015,4,1,3,328.17889894992436,3.0602425287813957,False
fault_0015,5,1,3,229.58297418876055,7.19014572302732,False
fault_0015,6,1,3,16.886133459344745,0.6771641844769273,False
fault_0015,7,1,3,130.29907106220116,0.5090918004211022,False
fault_0015,8,1,3,81.5585538505594,2.4286508023758246,False
fault_0015,9,1,0,6.616395641501353,0.25904547099109687,True
fault_0015,10,1,3,45.9296592769845,0.3609049487196358,False
fault_0015,11,1,0,6.910840665845562,0.34272066434124415,True
fault_0015,12,1,3,61.112674210826576,0.7510863012461954,False
fault_0015,13,1,3,121.71090460208747,0.5881759268954341,False
fault_0015,14,1,3,18.03052319297589,0.4393602117066045,False
fault_0016,0,1,0,,,True
fault_0016,1,1,0,,,True
fault_0016,2,1,3,17.313561334725907,0.3792494378702904,False
fault_0016,3,1,3,68.46080175598824,0.86674695529519,False
fault_0016,4,1,0,13.594730017785189,0.0711569031417884,True
fault_0016,5,1,3,74.69815640683395,0.18724394674348693,False
fault_0016,6,1,3,32.478253975846506,0.21593958397091942,False
fault_0016,7,1,3,42.137887200634346,0.27203250184387817,False
fault_0016,8,1,3,17.33665509136195,0.06834638528191049,False
fault_0016,9,1,0,6.326921016008377,0.2761244745813641,True
fault_0016,10,1,3,18.156928045049668,0.5359472926991994,False
fault_0016,11,1,3,89.54442529950454,0.3610248486853054,False
fault_0016,12,1,3,43.96152133206709,0.3465452447481329,False
fault_0016,13,1,3,26.071358817542347,0.49887635570383776,False
fault_0016,14,1,3,30.712612015219566,0.43786103238266494,False
fault_0016,15,1,0,11.93932288549526,0.13472246536299118,True
fault_0016,16,1,3,16.1242593968073,0.15896508962779804,False
fault_0016,17,1,0,11.367202485830276,0.052685654740044316,True
fault_0016,18,1,0,13.084903761733072,1.3243791186257885,True
fault_0016,19,1,3,92.25483270965633,1.7667895962562579,False
fault_0016,20,1,3,312.25876433918046,11.967213558086229,False
fault_0016,21,1,3,131.8707221919073,0.5411666537285922,False
fault_0016,22,1,3,21.46237019746007,0.04349354643357518,False
fault_0016,23,1,3,235.14206225314237,4.984078336642307,False
fault_0016,24,1,3,113.31115579551913,0.32448586420479736,False
fault_0016,25,1,0,13.593384863707145,0.06208940521879967,True
fault_0016,26,1,3,58.70060213451851,1.1640889008450583,False
fault_0016,27,1,3,21.174041674391106,0.6446981360889056,False
fault_0016,28,1,3,26.349769624332804,0.20145300103503264,False
fault_0016,29,1,0,12.371691436024532,0.6195883409586834,True
fault_0016,30,1,3,30.547727997300807,0.3087090114007619,False
fault_0016,31,1,3,195.81506986904583,2.452361756239189,False
fault_0016,32,1,3,1108.6709442539184,38.776111617751894,False
fault_0016,33,1,3,522.634573655704,14.29874378870315,False
fault_0016,34,1,3,259.01079555202784,3.5586600851028467,False
fault_0016,35,1,3,423.31426203767137,0.9045189442729381,False
fault_0016,36,1,3,799.0145488150838,4.209443320403677,False
fault_0016,37,1,3,493.93931797243613,11.02917993122079,False
fault_0016,38,1,3,150.4192167371842,7.946452314336589,False
fault_0016,39,1,3,164.0442553676277,5.467341620838807,False
fault_0016,40,1,3,167.3652234890429,6.301789489717749,False
fault_0016,41,1,3,192.3169219677733,1.2926309471015525,False
fault_0016,42,1,3,347.5864250587554,4.679275989901948,False
fault_0016,43,1,3,178.41990390896822,3.693135966420682,False
fault_0016,44,1,3,192.12636251452622,2.004495923865747,False
fault_0016,45,1,3,391.1657438140182,3.0864460222686203,False
fault_0016,46,1,3,308.22642178696424,16.7801994258291,False
fault_0016,47,1,3,270.0760075883822,11.07354550669232,False
fault_0016,48,1,3,116.0935775902717,4.92222071314428,False
fault_0016,49,1,3,150.02923816901446,13.55401378830222,False
fault_0017,0,1,0,,,True
fault_0017,1,1,0,,,True
fault_0017,2,1,3,252.90309259693655,19.290202677616367,False
fault_0017,3,1,3,174.18360930243793,6.410673265386747,False
fault_0017,4,1,3,179.62071943121245,7.851488700508422,False
fault_0017,5,1,3,173.61116818703172,4.614887698790079,False
fault_0017,6,1,3,21.67658213420185,0.5161664197073723,False
fault_0017,7,1,3,209.791153553724,1.931225087647288,False
fault_0017,8,1,3,88.64318860211232,2.364128556612509,False
fault_0017,9,1,3,40.47543864609407,0.5386588815671558,False
fault_0017,10,1,1,15.933364597674275,0.9812760423931882,False
fault_0017,11,1,3,86.08996757279861,2.2762742098003357,False
fault_0017,12,1,3,21.896482650962607,0.20474492042081602,False
fault_0017,13,1,3,147.75368177742612,4.971576079572968,False
fault_0017,14,1,3,561.3213989436312,5.1701988019953005,False
fault_0017,15,1,3,24.34887072779772,1.4737029063743594,False
fault_0017,16,1,3,22.880169445150372,0.9170645698793201,False
fault_0017,17,1,3,54.83875239684073,0.5779256884718714,False
fault_0017,18,1,3,149.44497143490705,8.311862382788028,False
fault_0017,19,1,0,8.005738234782513,0.10443688383053963,True
fault_0017,20,1,0,11.069557844493206,0.09067062554820263,True
fault_0017,21,1,0,11.445757540068115,0.29149192532754353,True
fault_0017,22,1,3,42.17306081610399,1.2874691144606127,False
fault_0017,23,1,3,36.45461091562537,0.2163011494406979,False
fault_0017,24,1,3,44.034902548709454,3.368982318932976,False
fault_0017,25,1,3,20.926803389561197,0.6438187875186374,False
fault_0017,26,1,3,20.679970079235588,1.964594375230129,False
fault_0017,27,1,3,24.399621072554748,0.8153763602085402,False
fault_0017,28,1,3,59.41849003545851,3.255254589933893,False
fault_0017,29,1,0,9.83918852014798,0.24032475672474318,True
fault_0017,30,1,3,21.399441333876585,0.9790463767091789,False
fault_0017,31,1,0,7.809267909363687,0.2054447925684898,True
fault_0017,32,1,0,7.664838541844493,0.18015960828422437,True
fault_0017,33,1,3,230.26193837239748,12.195860121453553,False
fault_0017,34,1,3,36.82475930916538,0.04914628110178863,False
fault_0017,35,1,3,62.70310694239,0.9845110641892326,False
fault_0017,36,1,3,41.57490457578775,1.8600239778306884,False
fault_0017,37,1,3,212.68450306800275,11.025863273694275,False
fault_0017,38,1,3,45.11419940019916,0.3161292432045479,False
fault_0017,39,1,3,137.79877714780437,0.7245732083956878,False
fault_0017,40,1,3,616.5379850001328,21.90469761537857,False
fault_0017,41,1,3,359.2113794679169,0.0628351942263345,False
fault_0017,42,1,3,56.12732785059031,1.2648739890284038,False
fault_0017,43,1,3,719.3411768621894,10.379860838927657,False
fault_0017,44,1,3,423.2318475171159,3.252188486858354,False
fault_0017,45,1,3,188.88811515496374,8.817021665186966,False
fault_0017,46,1,3,78.7292542291551,7.124914336798131,False
fault_0017,47,1,3,290.15123566006883,20.256946511205037,False
fault_0017,48,1,3,246.01551851499525,5.565974564819104,False
fault_0017,49,1,3,316.7756593145919,20.57839775315958,False
fault_0018,0,1,0,,,True
fault_0018,1,1,0,,,True
fault_0018,2,1,3,331.35295506847086,2.625931920234268,False
fault_0018,3,1,3,244.58159512502064,13.893481936420748,False
fault_0018,4,1,3,368.36919902703335,13.309391252555445,False
fault_0018,5,1,3,167.23528982372986,0.46083494465770125,False
fault_0018,6,1,3,199.95672255955174,0.18248254972911257,False
fault_0018,7,1,3,223.91930665116124,12.774718757914638,False
fault_0018,8,1,3,722.4748833545133,24.856942507857386,False
fault_0018,9,1,3,312.9993402930705,17.578257729567422,False
fault_0018,10,1,3,312.32100755937614,29.05796147413173,False
fault_0018,11,1,3,394.5870012126561,6.064075364913377,False
fault_0018,12,1,3,307.15657134171505,7.794904325706373,False
fault_0018,13,1,3,285.3412127386036,8.200723217803056,False
fault_0018,14,1,3,140.34571140264015,2.178721883439257,False
fault_0018,15,1,3,129.53575148854816,2.0297495036822,False
fault_0018,16,1,3,52.78993985121159,0.3852217618672208,False
fault_0018,17,1,3,137.8617701326172,2.024271062880269,False
fault_0018,18,1,3,26.8096456758563,0.4763948799015821,False
fault_0018,19,1,0,11.417407602687886,1.0657392611195833,True
fault_0018,20,1,0,10.369799822888993,0.26008551244022243,True
fault_0018,21,1,3,23.7218148912971,0.421877846718389,False
fault_0018,22,1,3,22.878039519705055,0.49191837188125237,False
fault_0018,23,1,0,9.977796733588272,0.4448848507783657,True
fault_0018,24,1,3,55.67286783925565,1.3321344257559864,False
fault_0018,25,1,3,54.40402970343093,0.4914507756492281,False
fault_0018,26,1,3,141.00354255832713,4.787809099871756,False
fault_0018,27,1,3,37.50772927916718,0.9207697043324677,False
fault_0018,28,1,0,13.530255187584565,0.3750864333371237,True
fault_0018,29,1,3,82.63570584463969,1.992191637954609,False
fault_0018,30,1,3,47.95286873551794,3.2693888837919123,False
fault_0018,31,1,3,42.613977950041736,0.47280128876504074,False
fault_0018,32,1,3,34.2588436185093,0.4739063883125597,False
fault_0018,33,1,3,202.6166775924198,9.417049195296652,False
fault_0018,34,1,3,45.77744871040375,0.1989621124105302,False
fault_0018,35,1,3,20.88718533668623,0.4733861029665205,False
fault_0019,0,1,0,,,True
fault_0019,1,1,0,,,True
fault_0019,2,1,0,10.553358780775298,0.38009411612492383,True
fault_0019,3,1,3,35.098625348980015,0.5742627195060834,False
fault_0019,4,1,3,81.42723693445578,1.8768238082558948,False
fault_0019,5,1,3,17.511113593343918,0.16680179357644392,False
fault_0019,6,1,3,145.34684941398814,8.615965814171537,False
fault_0019,7,1,3,138.95278026353913,0.6221149141929695,False
fault_0019,8,1,3,166.17210507230652,0.5817786300145946,False
fault_0019,9,1,3,412.160368313886,16.825354869831592,False
fault_0019,10,1,3,557.3264977679278,11.901927565318118,False
fault_0019,11,1,3,636.7974947494295,13.308770814218494,False
fault_0019,12,1,3,695.8527332348459,33.25909378051354,False
fault_0019,13,1,3,843.0194614928026,10.171052267877952,False
fault_0019,14,1,3,853.7449609344036,20.717309379982673,False
fault_0019,15,1,3,762.5810618787259,26.206005426963102,False
fault_0019,16,1,3,238.21934728594178,5.744945071734955,False
fault_0019,17,1,3,117.70910933169692,2.223783659423694,False
fault_0019,18,1,3,97.10016930673818,3.630501467877471,False
fault_0019,19,1,3,37.855456284953114,1.4851209549642082,False
fault_0019,20,1,3,35.73752195355044,3.142216254303757,False
fault_0019,21,1,3,60.52196060534621,5.285627144805397,False
fault_0019,22,1,3,57.52281096073391,1.2661147260250272,False
fault_0019,23,1,3,32.759506426959724,1.4896108713488874,False
fault_0020,0,1,0,,,True
fault_0020,1,1,0,,,True
fault_0020,2,1,3,289.8901390798271,8.62429151342415,False
fault_0020,3,1,3,81.54615947379709,1.1365264104982322,False
fault_0020,4,1,3,80.6569243772516,0.9570550755762036,False
fault_0020,5,1,3,36.78181928871488,0.8989824453890206,False
fault_0020,6,1,3,18.61133120197884,0.7042912379932114,False
fault_0020,7,1,3,125.98241648301116,6.326729480021885,False
fault_0020,8,1,3,123.5177242454863,1.0786521790475236,False
fault_0020,9,1,3,104.5118956642102,5.494782510303605,False
fault_0021,0,1,0,,,True
fault_0021,1,1,0,,,True
fault_0021,2,1,0,5.283834881181314,0.11518319388753172,True
fault_0021,3,1,3,100.62833720110253,3.792519484998562,False
fault_0021,4,1,3,35.169172684460115,0.590999755308868,False
fault_0021,5,1,3,38.81719882693767,0.7415105463687869,False
fault_0021,6,1,3,258.35416623089935,10.133064720573142,False
fault_0021,7,1,3,54.64912867812958,0.8310507327742992,False
fault_0021,8,1,3,57.380487847923085,1.6984283219304712,False
fault_0021,9,1,0,10.192372405500251,0.033582109880468475,True
fault_0021,10,1,0,8.293048362774009,0.5016174053700446,True
fault_0021,11,1,3,28.09100437743611,2.214253952366706,False
fault_0021,12,1,0,6.210978785977996,0.06592295856393902,True
fault_0021,13,1,0,9.803995352672098,0.5150250015224679,True
fault_0021,14,1,3,26.717605980161807,0.9343949382094227,False
normal_0480,0,0,0,,,False
normal_0480,1,0,0,,,False
normal_0480,2,0,0,4.491876071526271,0.15393283663573898,False
normal_0480,3,0,0,5.643261856089398,0.5538287386747599,False
normal_0480,4,0,0,6.911925584884309,0.1791061423942775,False
normal_0480,5,0,0,6.111047278607631,0.6124480314723565,False
normal_0480,6,0,0,6.7059972340064,0.4700956909050393,False
normal_0480,7,0,0,5.4181477485295195,0.36359367888799704,False
normal_0480,8,0,0,7.119428716473954,0.3745184035290718,False
normal_0480,9,0,0,8.97515460604889,0.2145415136271264,False
normal_0480,10,0,0,7.8272591365834545,0.52941840013414,False
normal_0480,11,0,0,4.763597064511996,0.18244078781462514,False
normal_0480,12,0,0,5.578264989292588,0.2055317511258011,False
normal_0480,13,0,0,6.363623504784305,0.2561055710145144,False
normal_0480,14,0,0,5.864022143310273,0.33144881454720315,False
normal_0480,15,0,0,7.300929158463866,0.29981567698260886,False
normal_0480,16,0,0,8.13617215011836,0.7395704939409395,False
normal_0480,17,0,0,7.308009563856615,0.30703808776236574,False
normal_0480,18,0,0,4.779192639119202,0.24852789014255272,False
normal_0480,19,0,0,6.327778064659245,0.017257142555344024,False
normal_0480,20,0,0,7.940120205772643,0.6650071969528473,False
normal_0480,21,0,0,5.453744935455352,0.2719396772626827,False
normal_0480,22,0,0,5.032648251704929,0.20893056572237176,False
normal_0480,23,0,0,5.108624013888984,0.6886785442508501,False
normal_0480,24,0,0,6.109493464472927,0.21806992177227427,False
normal_0480,25,0,0,5.1991589826089495,0.037032642873715854,False
normal_0480,26,0,0,6.081476898946254,0.6526046375978644,False
normal_0480,27,0,0,6.242134334742879,0.9046163641992179,False
normal_0480,28,0,0,6.037688941097021,0.6272008761046194,False
normal_0480,29,0,0,5.069920015777885,0.681341187840966,False
normal_0480,30,0,0,6.223364832324186,0.8066992899940275,False
normal_0480,31,0,0,6.078372663450822,0.6510186989028613,False
normal_0480,32,0,0,4.899518456644661,0.306206725834062,False
normal_0480,33,0,0,6.159518329753317,0.3500393355463569,False
normal_0480,34,0,0,5.961412599710717,0.09254024867037901,False
normal_0480,35,0,0,4.019046997960408,0.2208973073050166,False
normal_0480,36,0,0,4.289156141000951,0.19362208637495443,False
normal_0480,37,0,0,4.377611818165239,0.3778430892190592,False
normal_0480,38,0,0,4.873091149789716,0.236147618693931,False
normal_0480,39,0,0,5.425296133740843,0.3619198712822939,False
normal_0480,40,0,0,5.747581860147453,0.01854793648178466,False
normal_0480,41,0,0,6.601955667160659,0.44958262406389465,False
normal_0480,42,0,0,7.561179339812244,0.2597645012036076,False
normal_0480,43,0,0,5.974448180232192,0.03859020349091885,False
normal_0480,44,0,0,6.185230701389796,0.9490699888357236,False
normal_0480,45,0,0,6.117967564552685,0.8940297245862259,False
normal_0480,46,0,0,4.912632122778729,0.22065120119787673,False
normal_0480,47,0,0,5.783276617288673,0.4446256353182106,False
normal_0480,48,0,0,5.65802193856308,0.4254368730151466,False
normal_0480,49,0,0,5.756717183930234,0.4253849995506945,False
normal_0481,0,0,0,,,False
normal_0481,1,0,0,,,False
normal_0481,2,0,0,4.463696624290717,0.15076152475074903,False
normal_0481,3,0,0,4.485872134449516,0.2348571073260505,False
normal_0481,4,0,0,4.651777232920849,0.6672061550364797,False
normal_0481,5,0,0,4.744581445866906,0.5147346253658751,False
normal_0481,6,0,0,5.014214373996509,0.3188387214119094,False
normal_0481,7,0,0,5.603303727008087,0.18935313389647684,False
normal_0481,8,0,0,5.7177218553627,0.383245733005589,False
normal_0481,9,0,0,4.208123130403325,0.08226594296622611,False
normal_0481,10,0,0,4.551862513537085,0.29178645100893874,False
normal_0481,11,0,0,4.904282933193344,0.37198294876924587,False
normal_0481,12,0,0,4.115263589081466,0.40158304033979914,False
normal_0481,13,0,0,4.148521502498719,0.5090642889470031,False
normal_0481,14,0,0,5.297229536343871,0.7030076015893895,False
normal_0481,15,0,0,5.563624040613941,0.4882753797205237,False
normal_0481,16,0,0,5.39589316698368,0.20641998802087574,False
normal_0481,17,0,0,4.6517793760217465,0.25096114418177945,False
normal_0481,18,0,0,6.03456051484239,0.6011259185722774,False
normal_0481,19,0,0,5.26275197160778,0.6861040037199116,False
normal_0481,20,0,0,5.099634328563752,0.16102815069847387,False
normal_0481,21,0,0,5.700970623263072,0.7433027377443108,False
normal_0481,22,0,0,5.496345575251458,0.40040176947594763,False
normal_0481,23,0,0,5.446758035256468,0.045259716830517105,False
normal_0481,24,0,0,6.25202430693718,0.33195599917922636,False
normal_0481,25,0,0,6.660199214418647,0.3152217957183035,False
normal_0481,26,0,0,6.856033401268473,0.1563426138896088,False
normal_0481,27,0,0,4.13579171819364,0.15949740009254845,False
normal_0481,28,0,0,4.71099104792227,0.5006843751328648,False
normal_0481,29,0,0,5.270261079897747,0.4417673031089295,False
normal_0481,30,0,0,4.849407285889322,0.5375454528750259,False
normal_0481,31,0,0,6.4710082094684305,0.039582530004759635,False
normal_0481,32,0,0,7.170598688332884,0.9171119836659375,False
normal_0481,33,0,0,6.745776931366861,0.4324376700798045,False
normal_0481,34,0,0,3.8642628294779215,0.222930645125791,False
normal_0481,35,0,0,8.322479865071863,0.6282901400229949,False
normal_0481,36,0,0,7.199422216132823,0.8523820435395778,False
normal_0481,37,0,0,5.8599998083041775,0.2544302374415803,False
normal_0481,38,0,0,5.535681958717956,0.6124721469500244,False
normal_0481,39,0,0,7.093198698718304,0.4647701114045661,False
normal_0481,40,0,0,6.1124552911845,0.41875078863949,False
normal_0481,41,0,0,5.747614003951256,0.20424534834791083,False
normal_0481,42,0,0,8.478308086006054,0.388821697137236,False
normal_0481,43,0,0,7.94602057910883,0.6623313075836712,False
normal_0481,44,0,0,7.272328252577715,0.7947166527337615,False
normal_0481,45,0,0,4.087562025860767,0.47238553578247955,False
normal_0481,46,0,0,7.500935480722013,0.4786384430317936,False
normal_0481,47,0,0,6.633658363284776,0.8335100798417494,False
normal_0481,48,0,0,5.132473284044725,0.0808723842773858,False
normal_0481,49,0,0,6.431026836297398,0.7988100499152695,False
normal_0482,0,0,0,,,False
normal_0482,1,0,0,,,False
normal_0482,2,0,0,4.620356805437558,0.30212919728457444,False
normal_0482,3,0,0,4.969246730823381,0.39704651061070867,False
normal_0482,4,0,0,4.733815062019267,0.06779248149600678,False
normal_0482,5,0,0,4.882130011756739,0.2717372551403963,False
normal_0482,6,0,0,5.066770566555089,0.3144539137392859,False
normal_0482,7,0,0,4.923936328199115,0.3488732091997822,False
normal_0482,8,0,0,4.279213243036983,0.3246832926073584,False
normal_0482,9,0,0,4.337253843818722,0.44041626963113967,False
normal_0482,10,0,0,6.006306402666641,0.40249784652979054,False
normal_0482,11,0,0,5.0274560375680855,0.07551156368019651,False
normal_0482,12,0,0,5.216336422505657,0.025651589898326447,False
normal_0482,13,0,0,4.175893644747493,0.022016159313096008,False
normal_0482,14,0,0,5.162248134754251,0.16638259496132304,False
normal_0482,15,0,0,6.167121821245144,0.866858448343594,False
normal_0482,16,0,0,5.5113066071045465,0.02156434041145233,False
normal_0482,17,0,0,5.5486609030622915,0.3322363274305754,False
normal_0482,18,0,0,8.4396361061157,0.3741012884285578,False
normal_0482,19,0,0,6.23407785841787,0.13142740191443397,False
normal_0482,20,0,0,6.596357938513573,0.545444504367078,False
normal_0482,21,0,0,5.028047460272679,0.04737073383536338,False
normal_0482,22,0,0,5.551083777417985,0.38273909649537174,False
normal_0482,23,0,0,4.4144222890248095,0.07582304876718604,False
normal_0482,24,0,0,5.275055433526374,0.2838885715953708,False
normal_0482,25,0,0,5.256848881751363,0.38715116133426764,False
normal_0482,26,0,0,5.747888540777944,0.5713698125648963,False
normal_0482,27,0,0,5.9332287069780385,0.33908091676730745,False
normal_0482,28,0,0,5.328308831493824,0.16632623189710405,False
normal_0482,29,0,0,5.361201514894943,0.2025845700997686,False
normal_0482,30,0,0,4.747590521400238,0.1903793758367777,False
normal_0482,31,0,0,5.798218479198202,0.4439058673450023,False
normal_0482,32,0,0,5.199574450753116,0.29967347166805647,False
normal_0482,33,0,0,5.791839625437798,0.8114271550908343,False
normal_0482,34,0,0,4.144823964721495,0.592722778068954,False
normal_0482,35,0,0,7.5531173216094745,0.5824076113219483,False
normal_0482,36,0,0,7.600523521818961,0.8155269807474804,False
normal_0482,37,0,0,7.460489479372916,0.2148527485775732,False
normal_0482,38,0,0,5.36062943371778,0.32943096701642494,False
normal_0482,39,0,0,6.540716298536705,0.1850790170682138,False
normal_0482,40,0,0,4.698400640297282,0.23952333837841688,False
normal_0483,0,0,0,,,False
normal_0483,1,0,0,,,False
normal_0483,2,0,0,4.354460371599556,0.27236189248782017,False
normal_0483,3,0,0,5.530909532284347,0.699331741746478,False
normal_0483,4,0,0,7.349095300715671,0.5876421732401763,False
normal_0483,5,0,0,5.3582717495664225,0.023007860337990637,False
normal_0483,6,0,0,4.7784945002612496,0.029368383727952432,False
normal_0483,7,0,0,6.9306844502047085,0.32950508718723376,False
normal_0483,8,0,0,6.424009075318762,0.47515146422207727,False
normal_0483,9,0,0,5.096570757778074,0.1148059554478405,False
normal_0483,10,0,0,4.688377756752973,0.2501892660150104,False
normal_0483,11,0,0,6.889144693340799,0.5257782793719825,False
normal_0483,12,0,0,5.949321959570688,0.5883811725848734,False
normal_0483,13,0,0,4.829622099165597,0.30050713987957406,False
normal_0483,14,0,0,6.487736370550017,0.5387173965950502,False
normal_0483,15,0,0,7.164373203715821,0.1078515903482698,False
normal_0483,16,0,0,4.036210759910754,0.26219347873426124,False
normal_0483,17,0,0,4.056001230788617,0.3875649574566428,False
normal_0483,18,0,0,4.196174548906008,0.1414340556188188,False
normal_0483,19,0,0,3.9641794027486323,0.3656908169036114,False
normal_0483,20,0,0,4.044418162329974,0.44304068111885125,False
normal_0483,21,0,0,4.491255040047671,0.38361379658557654,False
normal_0483,22,0,0,4.1779427712257755,0.12087754619203503,False
normal_0483,23,0,0,4.880672005486639,0.3350029257793001,False
normal_0483,24,0,0,3.8194323072239507,0.20220476707310614,False
normal_0483,25,0,0,3.940944653114703,0.12334928790851878,False
normal_0483,26,0,0,3.97908434497043,0.15706141723940753,False
normal_0483,27,0,0,3.9552197045985067,0.3070192279596916,False
normal_0483,28,0,0,3.6637953277403934,0.3623848556033666,False
normal_0483,29,0,0,4.013493067486329,0.7219717433995794,False
normal_0483,30,0,0,4.281736076565026,0.4805237453825995,False
normal_0483,31,0,0,4.870380978072795,0.14025171209027354,False
normal_0483,32,0,0,4.808759837664613,0.27087632092917463,False
normal_0483,33,0,0,5.437220281033933,0.47552059431472304,False
normal_0483,34,0,0,4.2589659106841,0.016011252520298325,False
normal_0483,35,0,0,5.239687046823246,0.2633004432197532,False
normal_0483,36,0,0,5.1723833502329235,0.45869459637299886,False
normal_0483,37,0,0,4.797583762556836,0.4857259081798305,False
normal_0483,38,0,0,4.448572254935514,0.3129471627104186,False
normal_0483,39,0,0,4.354744061483674,0.26454158178044807,False
normal_0483,40,0,0,6.026592861110182,0.6247518463730082,False
normal_0483,41,0,0,4.956016730288678,0.20774957654410886,False
normal_0483,42,0,0,4.3457112556270845,0.31124305144073516,False
normal_0483,43,0,0,4.46689330657821,0.38059547704842334,False
normal_0483,44,0,0,3.902017937160666,0.32104642761027996,False
normal_0483,45,0,0,4.084041859504274,0.5063835088648909,False
normal_0483,46,0,0,4.460859453303921,0.46492561389258097,False
normal_0483,47,0,0,6.878778492044312,0.6286909477813163,False
normal_0483,48,0,0,6.469436414278903,0.1609198951516937,False
normal_0483,49,0,0,4.6059864379857745,0.04800200595958536,False
normal_0484,0,0,0,,,False
normal_0484,1,0,0,,,False
normal_0484,2,0,0,6.186160797402937,0.5519240894387141,False
normal_0484,3,0,0,6.123140575415186,0.18353361811231977,False
normal_0484,4,0,0,5.372435569451007,0.10928113358755767,False
normal_0484,5,0,0,5.261855615652031,0.3513368631300684,False
normal_0484,6,0,0,4.504324663561861,0.2098394303917966,False
normal_0484,7,0,0,4.557432218498861,0.4495555668881517,False
normal_0484,8,0,0,4.750791392728957,0.05537285651135387,False
normal_0484,9,0,0,6.0882671267763016,0.5822452704042572,False
normal_0484,10,0,0,6.581071237429321,0.47140722716356764,False
normal_0484,11,0,0,5.645624665372234,0.10268341171554465,False
normal_0484,12,0,0,5.4333498198754215,0.3789640700902657,False
normal_0484,13,0,0,7.374384282095632,0.23041615699624704,False
normal_0484,14,0,0,5.3959434187862465,0.2188560581730504,False
normal_0484,15,0,0,4.990957812660496,0.37551191298786246,False
normal_0484,16,0,0,4.551941599363404,0.036488406227360694,False
normal_0484,17,0,0,5.339043289660484,0.5061047526635646,False
normal_0484,18,0,0,5.545781552675527,0.12421362358800853,False
normal_0484,19,0,0,6.0687197663626975,0.17554082612220434,False
normal_0484,20,0,0,5.627365340238666,0.09012392701403953,False
normal_0484,21,0,0,5.1512793796825,0.1121177821492524,False
normal_0484,22,0,0,4.469177335047991,0.20923975505342926,False
normal_0484,23,0,0,4.514337738222996,0.10827529070517156,False
normal_0484,24,0,0,7.706254861181361,0.7638955471116854,False
normal_0484,25,0,0,5.366929695333316,0.38647352989144723,False
normal_0484,26,0,0,5.425642907556351,0.34440901493273157,False
normal_0484,27,0,0,6.644086441376764,0.962400540387898,False
normal_0484,28,0,0,8.452777860706805,0.11192768723729125,False
normal_0484,29,0,0,4.773377141701608,0.029544165423605283,False
normal_0484,30,0,0,6.9650276750350955,0.17706449257066587,False
normal_0484,31,0,0,9.510829261578229,0.9225787929953835,False
normal_0484,32,0,0,6.721927283262332,0.5692331116371864,False
normal_0484,33,0,0,4.123048194347596,0.27384189081371013,False
normal_0484,34,0,0,6.646469250739487,0.6907414332735021,False
normal_0484,35,0,0,8.06082856501454,0.48008932853032754,False
normal_0484,36,0,0,7.455617318441779,0.25037887076130333,False
normal_0484,37,0,0,6.29265227654755,0.5284929331118051,False
normal_0484,38,0,0,8.33121905978436,0.5199169153865485,False
normal_0484,39,0,0,6.161914372099761,0.025309956286727494,False
normal_0484,40,0,0,5.497954415512363,0.06756123107958938,False
normal_0484,41,0,0,8.751483642992005,0.5355571283834691,False
normal_0484,42,0,0,7.773059427325374,0.48168581709255825,False
normal_0484,43,0,0,5.4321848406925275,0.2394835224515528,False
normal_0485,0,0,0,,,False
normal_0485,1,0,0,,,False
normal_0485,2,0,0,7.205372931911658,0.8239445584909019,False
normal_0485,3,0,0,5.308118097277057,0.11560707551048986,False
normal_0485,4,0,0,4.289981304399164,0.48725613928037664,False
normal_0485,5,0,0,5.29812908956918,0.3164790885874953,False
normal_0485,6,0,0,6.372404465661071,0.7392864147940107,False
normal_0485,7,0,0,4.581149005093585,0.35762513334529866,False
normal_0485,8,0,0,4.5242460350904965,0.20581496614872627,False
normal_0485,9,0,0,5.76220374808635,0.4791458104995331,False
normal_0485,10,0,0,5.473351433918741,0.5021408256228249,False
normal_0485,11,0,0,4.8309606602615816,0.24796223974476786,False
normal_0485,12,0,0,5.31057415637466,0.10748369979709818,False
normal_0485,13,0,0,7.244397633934497,0.841050496346226,False
normal_0485,14,0,0,4.490620832951943,0.04150614726440087,False
normal_0485,15,0,0,3.884277886096966,0.11294716876734709,False
normal_0485,16,0,0,4.519073216383854,0.19501260899296774,False
normal_0485,17,0,0,3.9900353178375156,0.15619637253419158,False
normal_0485,18,0,0,4.060247944515445,0.2543066434163197,False
normal_0485,19,0,0,4.925259611119716,0.33211138012448443,False
normal_0485,20,0,0,5.4832810056738195,0.4914673270391571,False
normal_0485,21,0,0,5.254681915274191,0.07695908974200368,False
normal_0485,22,0,0,4.213836521282187,0.05384170814944391,False
normal_0485,23,0,0,5.446658667898134,0.3962804101219565,False
normal_0485,24,0,0,4.1541873815667785,0.07990573521728636,False
normal_0485,25,0,0,4.25304652044177,0.18235536313561368,False
normal_0485,26,0,0,3.828882913839776,0.4992488991150502,False
normal_0485,27,0,0,4.642226402011386,0.6149371529134375,False
normal_0485,28,0,0,4.896561475365411,0.3744701892666502,False
normal_0485,29,0,0,5.0325962644595155,0.2752730715511019,False
normal_0485,30,0,0,5.941460757339304,0.850160177897208,False
normal_0485,31,0,0,6.103755226454511,0.6292205830640066,False
normal_0485,32,0,0,4.259467166294849,0.08921538775410856,False
normal_0485,33,0,0,5.100918629472205,0.3183420954732167,False
normal_0485,34,0,0,6.348061532495485,0.4878685071107818,False
normal_0485,35,0,0,5.817409883800869,0.7369894871353045,False
normal_0485,36,0,0,4.636458680964458,0.3220596137597828,False
normal_0485,37,0,0,4.120002942666285,0.47234341278129743,False
normal_0485,38,0,0,6.872240748498889,0.4140478967136931,False
normal_0485,39,0,0,5.122714050776875,0.4563883154673498,False
normal_0485,40,0,0,4.724187208615227,0.08500199263091812,False
normal_0485,41,0,0,4.769152212091479,0.3430538445046613,False
normal_0485,42,0,0,4.953832498005053,0.14888533409061558,False
normal_0485,43,0,0,4.349262139773905,0.4113300761756266,False
normal_0486,0,0,0,,,False
normal_0486,1,0,0,,,False
normal_0486,2,0,0,6.029327261740794,0.007213089399816262,False
normal_0486,3,0,0,6.069052885060475,0.6307373795870632,False
normal_0486,4,0,0,6.398739572691555,0.25163545550779587,False
normal_0486,5,0,0,5.68341174091065,0.5575826410603552,False
normal_0486,6,0,0,5.117328185348368,0.02787847743222461,False
normal_0486,7,0,0,4.707907221702409,0.1192123696345359,False
normal_0486,8,0,0,4.846911221630585,0.2451742622453515,False
normal_0486,9,0,0,6.048424411741995,0.41802470249686363,False
normal_0486,10,0,0,5.3325497937280835,0.5877456904827034,False
normal_0486,11,0,0,5.9103573074542775,0.3672723375588703,False
normal_0486,12,0,0,5.848329368515889,0.5749110806872939,False
normal_0486,13,0,0,8.14218228589754,0.24777037651552106,False
normal_0486,14,0,0,6.142449243906614,0.19738410606952544,False
normal_0486,15,0,0,6.083144223507426,0.11163650249545357,False
normal_0486,16,0,0,6.799761931948329,0.3660365886427431,False
normal_0486,17,0,0,7.217590648642637,0.1674410818207286,False
normal_0486,18,0,0,3.682938254906281,0.3239819785899344,False
normal_0486,19,0,0,5.312260272347454,0.4164786884745415,False
normal_0486,20,0,0,6.6478974827471555,0.4701743834721356,False
normal_0486,21,0,0,6.529673294067403,0.5309845618812596,False
normal_0486,22,0,0,5.4318540369567065,0.08294047155480795,False
normal_0486,23,0,0,4.711477382268958,0.09058370621294505,False
normal_0486,24,0,0,6.6444160169325786,0.4068821381023394,False
normal_0486,25,0,0,5.807306178854237,0.5250034227089925,False
normal_0486,26,0,0,4.676604024734229,0.36833787070587626,False
normal_0486,27,0,0,5.943160083996671,0.6645715769462114,False
normal_0486,28,0,0,5.555715713968707,0.4167443356359829,False
normal_0486,29,0,0,4.370135342959308,0.49654460398573064,False
normal_0486,30,0,0,4.981594780594141,0.23066529471492014,False
normal_0486,31,0,0,5.330154410672893,0.39680759841518193,False
normal_0486,32,0,0,4.80576342301626,0.3664079813863633,False
normal_0486,33,0,0,4.534436312391048,0.023008947516906082,False
normal_0486,34,0,0,5.643267271463799,0.534684607838916,False
normal_0486,35,0,0,5.227756523555198,0.09765970953891608,False
normal_0486,36,0,0,4.738870884531555,0.3793876114117319,False
normal_0486,37,0,0,4.982318371368386,0.345072510004017,False
normal_0486,38,0,0,6.315497157914201,0.5450523308187514,False
normal_0486,39,0,0,5.2346024841931245,0.03759461652993898,False
normal_0486,40,0,0,3.989055649319281,0.28542460084641913,False
normal_0486,41,0,0,4.56397448168999,0.4797262328550968,False
normal_0486,42,0,0,5.405235720719702,0.38166509245653313,False
normal_0486,43,0,0,4.679814794881696,0.4009900761240022,False
normal_0487,0,0,0,,,False
normal_0487,1,0,0,,,False
normal_0487,2,0,0,6.0307305974050935,0.3659708871404908,False
normal_0487,3,0,0,5.92692313103327,0.25600240643498134,False
normal_0487,4,0,0,4.863540207898901,0.15137911159166764,False
normal_0487,5,0,0,5.298095857013716,0.548073826383269,False
normal_0487,6,0,0,7.288250489260069,0.11491804242596808,False
normal_0487,7,0,0,5.426656852050736,0.12947014893190983,False
normal_0487,8,0,0,5.038367029991741,0.718052938682425,False
normal_0487,9,0,0,5.949407976255263,0.43167048431550875,False
normal_0487,10,0,0,5.0916266437017725,0.28151756060495875,False
normal_0487,11,0,0,5.028691237363414,0.5421113193279073,False
normal_0487,12,0,0,4.81211449704166,0.43545290388265356,False
normal_0487,13,0,0,5.3760708753232995,0.24705685365454463,False
normal_0487,14,0,0,5.310417162961548,0.11997133860167591,False
normal_0487,15,0,0,4.593841733205067,0.37402960180200034,False
normal_0487,16,0,0,5.2941527556662225,0.558431143682781,False
normal_0487,17,0,0,6.266099439141705,0.6379687231247574,False
normal_0487,18,0,0,5.140666946551351,0.27764959003245654,False
normal_0487,19,0,0,8.600183441517837,0.009657992619695214,False
normal_0487,20,0,0,8.20878993009341,0.829967300092876,False
normal_0487,21,0,0,8.442404930848083,0.6721659077201172,False
normal_0487,22,0,0,4.639440957826913,0.32223045334037553,False
normal_0487,23,0,0,8.316582474942164,0.3663599884617544,False
normal_0487,24,0,0,7.253766039838243,0.6074834536615675,False
normal_0487,25,0,0,6.867426025208439,0.5015814474705197,False
normal_0487,26,0,0,8.474307165958566,0.7339190569548377,False
normal_0487,27,0,0,8.4272736622086,0.3094460901301659,False
normal_0487,28,0,0,5.364849410698571,0.1474844784278386,False
normal_0487,29,0,0,5.286332867776586,0.1510415634677946,False
normal_0487,30,0,0,7.879994435761103,0.13230193452533073,False
normal_0487,31,0,0,7.634328727603268,0.879504618239898,False
normal_0487,32,0,0,5.483858900629698,0.10713610703848936,False
normal_0487,33,0,0,4.455764009473548,0.3143530277805934,False
normal_0487,34,0,0,7.463712916829067,0.2751326844812821,False
normal_0487,35,0,0,6.829328836398468,0.30187124065776,False
normal_0487,36,0,0,6.147584403050928,0.2860023154525565,False
normal_0487,37,0,0,6.234444457695774,0.9711390202210177,False
normal_0487,38,0,0,6.0311619237629115,0.4018530133036341,False
normal_0487,39,0,0,3.850834541599139,0.25954587456585937,False
normal_0487,40,0,0,3.9612197148961616,0.2628964913016563,False
normal_0487,41,0,0,4.698105392481119,0.531798835246114,False
normal_0487,42,0,0,5.0031414224069755,0.22902246480961608,False
normal_0488,0,0,0,,,False
normal_0488,1,0,0,,,False
normal_0488,2,0,0,4.450539854906669,0.4028260245418348,False
normal_0488,3,0,0,5.1125297485417,0.48043140480301355,False
normal_0488,4,0,0,5.513668303606425,0.6653269332804188,False
normal_0488,5,0,0,5.610441755286608,0.30010839458061617,False
normal_0488,6,0,0,5.049779412204959,0.03630551284661016,False
normal_0488,7,0,0,3.971787039529817,0.38739831202252295,False
normal_0488,8,0,0,4.411262594893333,0.007813675214840549,False
normal_0488,9,0,0,4.725992682300613,0.4027580114435258,False
normal_0488,10,0,0,6.275614963229164,0.12985536055362212,False
normal_0488,11,0,0,6.283683899399221,0.2836625665243693,False
normal_0488,12,0,0,6.156404360327599,0.09860391628991122,False
normal_0488,13,0,0,4.32991597866702,0.18743123179984175,False
normal_0488,14,0,0,9.720873989563733,0.3412471651370395,False
normal_0488,15,0,0,6.611409672213667,0.05753844962931565,False
normal_0488,16,0,0,5.958269509471954,0.2005556700105217,False
normal_0488,17,0,0,6.784046986668166,0.9399739380130918,False
normal_0488,18,0,0,6.494270836927117,0.7793128343054341,False
normal_0488,19,0,0,4.717940029661026,0.427509226772991,False
normal_0488,20,0,0,5.026997123353097,0.5385872383669431,False
normal_0488,21,0,0,8.547297468650866,0.553426672472406,False
normal_0488,22,0,0,7.267853921924278,0.2102722008681987,False
normal_0488,23,0,0,5.093106291275106,0.19465193688012727,False
normal_0488,24,0,0,5.290864723999433,0.5012954903336336,False
normal_0488,25,0,0,4.760045284214592,0.1955639904836815,False
normal_0488,26,0,0,5.2207261674367835,0.45281726783324316,False
normal_0488,27,0,0,5.239703998205887,0.2650327774502217,False
normal_0488,28,0,0,5.638885472513869,0.1417543349175919,False
normal_0488,29,0,0,5.049412762089713,0.3834261958764391,False
normal_0488,30,0,0,4.527316262218778,0.14189969603074498,False
normal_0488,31,0,0,5.982933977757601,0.20101687156804515,False
normal_0488,32,0,0,5.178738411812229,0.633800267938549,False
normal_0488,33,0,0,5.313207549991636,0.6655382897471094,False
normal_0488,34,0,0,5.239860357682212,0.37735385969888746,False
normal_0489,0,0,0,,,False
normal_0489,1,0,0,,,False
normal_0489,2,0,0,5.16898229979474,0.171034536239011,False
normal_0489,3,0,0,7.256294969605945,0.7325845874185217,False
normal_0489,4,0,0,5.58575100398139,0.3701968237166177,False
normal_0489,5,0,0,4.106953353259011,0.18292427696714855,False
normal_0489,6,0,0,4.95049679080905,0.4640151337770089,False
normal_0489,7,0,0,5.404036790793666,0.437272760740845,False
normal_0489,8,0,0,4.875538459234783,0.20641945658111763,False
normal_0489,9,0,0,5.07672387356173,0.10465069627436092,False
normal_0489,10,0,0,5.41435332267693,0.7993572264628579,False
normal_0489,11,0,0,5.169450323017467,0.18091032369624482,False
normal_0489,12,0,0,4.0393075518991415,0.2520673661922669,False
normal_0489,13,0,0,4.389919598059506,0.3593530038388685,False
normal_0489,14,0,0,4.195998345258524,0.23778713978747024,False
normal_0489,15,0,0,4.52892799316949,0.38785361723914324,False
normal_0489,16,0,0,4.994459688309423,0.19059427869484588,False
normal_0489,17,0,0,5.7078923279181994,0.39911042163652183,False
normal_0489,18,0,0,5.304818572291812,0.10524417239298728,False
normal_0489,19,0,0,4.121524534828642,0.09105476938097187,False
normal_0489,20,0,0,4.718154040596084,0.450309403719561,False
normal_0489,21,0,0,4.981530829751651,0.017138118247285998,False
normal_0489,22,0,0,4.142597841225919,0.2661770681353997,False
normal_0490,0,0,0,,,False
normal_0490,1,0,0,,,False
normal_0490,2,0,0,5.224685338445364,0.23080668928597425,False
normal_0490,3,0,0,4.682943348220106,0.4448303669718847,False
normal_0490,4,0,0,3.933260888425597,0.4742247838487279,False
normal_0490,5,0,0,4.5462782332608995,0.4246955023905014,False
normal_0490,6,0,0,4.639799472261113,0.21183967418660196,False
normal_0490,7,0,0,4.7407361783764275,0.2796812683685111,False
normal_0490,8,0,0,4.430154988035903,0.031588057651806535,False
normal_0490,9,0,0,4.264026020166926,0.2284498118510364,False
normal_0490,10,0,0,5.616909996684842,0.5095158595469098,False
normal_0490,11,0,0,3.929970795848226,0.048438873716809744,False
normal_0490,12,0,0,4.4714705618670765,0.20876486752254708,False
normal_0490,13,0,0,5.040344151662286,0.6595076799562056,False
normal_0490,14,0,0,4.556737089435243,0.2996932748454621,False
normal_0490,15,0,0,5.643557045657879,0.2578694346294701,False
normal_0490,16,0,0,4.247539655479313,0.13409524836262918,False
normal_0490,17,0,0,4.596281757064548,0.3243914146375827,False
normal_0490,18,0,0,4.118462975629931,0.03803420551396906,False
normal_0490,19,0,0,4.371154072374151,0.254727431081295,False
normal_0490,20,0,0,5.287519826575814,0.6220358193662346,False
normal_0491,0,0,0,,,False
normal_0491,1,0,0,,,False
normal_0491,2,0,0,5.018163591947278,0.048999983904191226,False
normal_0491,3,0,0,5.599048635391296,0.680841340498508,False
normal_0491,4,0,0,5.539571982349831,0.6183931817044601,False
normal_0491,5,0,0,4.296192225956774,0.06086188993284688,False
normal_0491,6,0,0,4.4022762320347955,0.41440358469775496,False
normal_0491,7,0,0,3.755260631665616,0.2735882612401222,False
normal_0492,0,0,0,,,False
normal_0492,1,0,0,,,False
normal_0492,2,0,0,5.866693726773647,0.2887125494500622,False
normal_0492,3,0,0,5.871345080577434,0.3131185610701403,False
normal_0492,4,0,0,5.722579745685867,0.266755026210707,False
normal_0492,5,0,0,6.653800979619643,0.5524900981708661,False
normal_0492,6,0,0,4.422487929299476,0.053152210853208676,False
normal_0492,7,0,0,4.610223505408425,0.2358893402316798,False
normal_0492,8,0,0,4.973398233858243,0.7013650098173995,False
normal_0492,9,0,0,5.7029161935000205,0.33909356713959254,False
normal_0492,10,0,0,4.80856719716078,0.12964028216171133,False
normal_0492,11,0,0,3.7794799163240995,0.005094569015751486,False
normal_0492,12,0,0,4.515952077658276,0.31903229516760223,False
normal_0492,13,0,0,4.5754967686615515,0.049114878092362264,False
normal_0492,14,0,0,4.424555653578747,0.26121248933805524,False
normal_0492,15,0,0,4.143238116902054,0.27213672268430356,False
normal_0492,16,0,0,5.0541514671968395,0.44076600904885205,False
normal_0492,17,0,0,6.614787941926987,0.2354075583674238,False
normal_0492,18,0,0,4.629704735783251,0.08032025161800578,False
normal_0492,19,0,0,6.417669887780096,0.49758738614992704,False
normal_0492,20,0,0,6.5320054975512365,0.1673640677243234,False
normal_0492,21,0,0,5.915921642675855,0.03570901188894578,False
normal_0492,22,0,0,4.136229841565045,0.3157568920995753,False
normal_0492,23,0,0,6.419536888219175,0.18269047442983222,False
normal_0492,24,0,0,5.663721322811983,0.5555589766473445,False
normal_0492,25,0,0,5.448731980410645,0.38745662382910045,False
normal_0492,26,0,0,6.373360269940174,0.49814768629126505,False
normal_0492,27,0,0,6.215017205992052,0.2213893829037033,False
normal_0492,28,0,0,4.674372687317375,0.026224875934044555,False
normal_0492,29,0,0,4.512815969431057,0.19943654793227472,False
normal_0492,30,0,0,7.155796794461165,0.5391798178784816,False
normal_0492,31,0,0,6.8899189691061276,0.8886117070021242,False
normal_0492,32,0,0,6.886831285668067,0.12898301956364963,False
normal_0492,33,0,0,5.202993348661235,0.3523921425979034,False
normal_0492,34,0,0,8.083133384108358,0.4123919321855155,False
normal_0492,35,0,0,7.09196144608543,0.09871247517984451,False
normal_0492,36,0,0,6.832740500994958,0.07984011183436719,False
normal_0492,37,0,0,7.752303893506377,0.3558302112187893,False
normal_0492,38,0,0,7.236504791569886,0.295992260745824,False
normal_0492,39,0,0,4.633803024724,0.024132180795600873,False
normal_0492,40,0,0,5.966735752002909,0.15015552488229816,False
normal_0492,41,0,0,9.631650524898923,0.7713589989337643,False
normal_0492,42,0,0,8.084030828528302,0.55432168347058,False
normal_0492,43,0,0,5.56528790308862,0.01106889634666729,False
normal_0492,44,0,0,6.7485611691678615,0.12665310811744682,False
normal_0492,45,0,0,6.115656085233588,0.19327933873426972,False
normal_0492,46,0,0,4.647285955463131,0.19030675896297986,False
normal_0492,47,0,0,5.328218133461254,0.09723240643316956,False
normal_0492,48,0,0,4.815445996727974,0.45521463132873835,False
normal_0492,49,0,0,4.0938347566480475,0.4507861171887866,False
normal_0493,0,0,0,,,False
normal_0493,1,0,0,,,False
normal_0493,2,0,0,5.8973889772201815,0.18400309966921022,False
normal_0493,3,0,0,6.550770923175229,0.5753197684613913,False
normal_0493,4,0,0,7.013257403837884,0.5452555801039826,False
normal_0493,5,0,0,5.833220849762992,0.47725604591688325,False
normal_0493,6,0,0,4.459138760292119,0.29368113567717447,False
normal_0493,7,0,0,6.8942114215922485,0.451800398571123,False
normal_0493,8,0,0,6.284810400442891,0.22991909668913577,False
normal_0493,9,0,0,5.556770961902956,0.31324139765464054,False
normal_0493,10,0,0,4.815203283873763,0.25569358135997955,False
normal_0493,11,0,0,5.192375442942541,0.4856174518203001,False
normal_0493,12,0,0,5.226571117427997,0.6306698732740563,False
normal_0493,13,0,0,4.618985647038241,0.4086066637312099,False
normal_0493,14,0,0,7.8209250396554175,0.5426989522138028,False
normal_0493,15,0,0,7.449880906759211,0.053670134414959415,False
normal_0493,16,0,0,5.0156153677945,0.029486376064877622,False
normal_0493,17,0,0,4.826569264792953,0.26907704137213856,False
normal_0493,18,0,0,5.323027641117512,0.24708802501707844,False
normal_0493,19,0,0,4.681865512665646,0.4724100400282034,False
normal_0493,20,0,0,4.262870230070089,0.32551207984365604,False
normal_0493,21,0,0,5.6190824594642015,0.4077341185518353,False
normal_0493,22,0,0,5.304327837529879,0.241075040139988,False
normal_0493,23,0,0,5.619933939598741,0.18876246925009454,False
normal_0493,24,0,0,5.137083773751059,0.17979748949825622,False
normal_0493,25,0,0,7.998197868233002,0.848339165406021,False
normal_0493,26,0,0,7.240024898718821,1.2728345679149993,False
normal_0493,27,0,0,7.0450130999285685,0.031692385597392445,False
normal_0493,28,0,0,4.632768891247325,0.05132281951322806,False
normal_0493,29,0,0,7.318473765317514,0.6554036914441058,False
normal_0493,30,0,0,6.021842786532396,0.42095228319811584,False
normal_0493,31,0,0,5.053570399563977,0.286493157279098,False
normal_0493,32,0,0,6.07502298380505,0.02183289238974276,False
normal_0493,33,0,0,4.092889763516676,0.02805492865524696,False
normal_0493,34,0,0,4.097898586064686,0.23499245491865067,False
normal_0493,35,0,0,4.833723220820396,0.20729732574264126,False
normal_0493,36,0,0,5.025175408517264,0.4356739205339343,False
normal_0493,37,0,0,3.913254361544805,0.23873806678691517,False
normal_0493,38,0,0,5.008989039015529,0.3920114809573058,False
normal_0493,39,0,0,5.066862341328708,0.10327231416418006,False
normal_0493,40,0,0,6.28040031421813,0.530596825645626,False
normal_0493,41,0,0,3.9810512831759683,0.03788077549259925,False
normal_0493,42,0,0,5.00794427119122,0.33689803656772654,False
normal_0493,43,0,0,6.30017015429295,0.6766992059899557,False
normal_0493,44,0,0,5.17965606157956,0.3306936043301729,False
normal_0493,45,0,0,3.955168761775583,0.4493938734993801,False
normal_0493,46,0,0,5.028205422220464,0.81747728205487,False
normal_0493,47,0,0,6.742912823372607,0.6651134248722804,False
normal_0493,48,0,0,6.774256030699898,0.11151915166424581,False
normal_0493,49,0,0,5.298946804948123,0.08309939632555487,False
normal_0494,0,0,0,,,False
normal_0494,1,0,0,,,False
normal_0494,2,0,0,5.289851106883584,0.29552952583352504,False
normal_0494,3,0,0,5.184218675832102,0.12286906716728277,False
normal_0494,4,0,0,5.174043921589625,0.3137596458913606,False
normal_0494,5,0,0,4.670470838360976,0.3777452346340022,False
normal_0494,6,0,0,5.181189483876594,0.16305727213100918,False
normal_0494,7,0,0,5.027823907495029,0.37973857947232476,False
normal_0494,8,0,0,4.25905310272197,0.2551433829862809,False
normal_0494,9,0,0,4.8828085276557545,0.47902720502577983,False
normal_0494,10,0,0,5.489879116479109,0.44144233443362324,False
normal_0494,11,0,0,3.947781013108351,0.22332554224890325,False
normal_0494,12,0,0,4.352063912550714,0.3186700479988436,False
normal_0494,13,0,0,3.9406204907087887,0.16501065356740474,False
normal_0494,14,0,0,4.415246766573056,0.44317698895288876,False
normal_0494,15,0,0,4.2005140851983285,0.034712735627167916,False
normal_0494,16,0,0,4.517906317296732,0.02520528235829806,False
normal_0494,17,0,0,5.320748875428658,0.567444688841162,False
normal_0494,18,0,0,6.652520639249016,0.4661907748541614,False
normal_0494,19,0,0,5.175176816730423,0.043691546937121524,False
normal_0494,20,0,0,7.694723662457222,0.0634432946423226,False
normal_0494,21,0,0,7.2015721975588525,0.7021154901852585,False
normal_0494,22,0,0,5.496944962098481,0.6900060494707504,False
normal_0494,23,0,0,3.878868685296675,0.11382657443543769,False
normal_0494,24,0,0,6.971952813233734,0.7239930832810948,False
normal_0494,25,0,0,5.672232681817152,0.5389645253867879,False
normal_0494,26,0,0,5.339329441368985,0.5538965641356517,False
normal_0494,27,0,0,6.184421317244506,0.016048489750453435,False
normal_0494,28,0,0,5.356328346430105,0.24006155812929583,False
normal_0494,29,0,0,4.374634306668871,0.21301842937509335,False
normal_0494,30,0,0,4.122237845359506,0.19210735979500446,False
normal_0494,31,0,0,8.653882883361058,0.8359809339391971,False
normal_0494,32,0,0,6.733300058343727,0.7512736227009487,False
normal_0494,33,0,0,5.655855938616092,0.22390081079733196,False
normal_0494,34,0,0,5.508861222240072,0.5566286843671412,False
normal_0494,35,0,0,9.905478554544421,0.34897170017774515,False
normal_0494,36,0,0,6.6267958519152605,0.1465747009484251,False
normal_0494,37,0,0,7.50954106400967,0.371287762304967,False
normal_0494,38,0,0,8.478935995707952,0.3956933829032599,False
normal_0495,0,0,0,,,False
normal_0495,1,0,0,,,False
normal_0495,2,0,0,4.420608959292658,0.4016707757710854,False
normal_0495,3,0,0,5.338918525381221,0.42858330743991496,False
normal_0495,4,0,0,6.508630303598185,0.03141574752057082,False
normal_0495,5,0,0,5.590233099733228,0.20612997435948419,False
normal_0495,6,0,0,4.724210175240256,0.02080010843387671,False
normal_0495,7,0,0,5.204369943680686,0.36192873802655734,False
normal_0495,8,0,0,5.041826547962858,0.11527237355323681,False
normal_0495,9,0,0,3.4593733817568775,0.3644872631093738,False
normal_0495,10,0,0,4.502693995590877,0.4219988333590741,False
normal_0495,11,0,0,5.6730032294904795,0.7394927371591095,False
normal_0495,12,0,0,5.248852997284655,0.28332258864052473,False
normal_0495,13,0,0,5.801028885273059,0.4203851677164069,False
normal_0495,14,0,0,5.5486106275157505,0.3231291921052382,False
normal_0495,15,0,0,7.651289931061789,0.5299419024206188,False
normal_0495,16,0,0,5.371717462123782,0.05161559759590397,False
normal_0495,17,0,0,6.561841543449863,0.4101691803752041,False
normal_0495,18,0,0,9.477851470810819,1.1906420729894476,False
normal_0495,19,0,0,5.956799803408497,0.25861249510539747,False
normal_0495,20,0,0,4.526651649189302,0.5484241919310061,False
normal_0495,21,0,0,7.182053061506242,0.26360161377475927,False
normal_0495,22,0,0,7.774814366942482,0.483656693362763,False
normal_0495,23,0,0,5.527508194561751,0.37455767959481734,False
normal_0495,24,0,0,4.880520612073645,0.4764734970231828,False
normal_0495,25,0,0,7.727125515352782,0.8097703371566681,False
normal_0495,26,0,0,6.1303266156572285,0.1781898785150509,False
normal_0496,0,0,0,,,False
normal_0496,1,0,0,,,False
normal_0496,2,0,0,6.517496948533517,0.6258283686701337,False
normal_0496,3,0,0,4.822206021470203,0.23459410833756597,False
normal_0496,4,0,0,5.074815995184907,0.17587560080381848,False
normal_0496,5,0,0,5.197811956212885,0.3937183349526813,False
normal_0496,6,0,0,6.684791528083598,0.37480441844985,False
normal_0496,7,0,0,4.222497233483749,0.022866664668597672,False
normal_0496,8,0,0,5.318839808827623,0.552948209044368,False
normal_0496,9,0,0,5.714236389081473,0.7691101720331723,False
normal_0496,10,0,0,4.8040089346781345,0.23390553823165766,False
normal_0496,11,0,0,3.6910483255480737,0.35708181683603624,False
normal_0496,12,0,0,5.348724561179945,0.7027346069900628,False
normal_0496,13,0,0,4.800220850000122,0.4768097845921644,False
normal_0496,14,0,0,5.566352636782181,0.1165741238966375,False
normal_0497,0,0,0,,,False
normal_0497,1,0,0,,,False
normal_0497,2,0,0,5.81990769383873,0.4898178497509426,False
normal_0497,3,0,0,7.299396803644449,0.35465590633206445,False
normal_0497,4,0,0,6.218097179839835,0.2403487138459409,False
normal_0497,5,0,0,5.229259933969995,0.6584938317140943,False
normal_0497,6,0,0,6.365185212602646,0.5714574391840863,False
normal_0497,7,0,0,4.46869987982623,0.22939820185160392,False
normal_0497,8,0,0,3.7177090884847233,0.07809001242571062,False
normal_0497,9,0,0,4.77289668847934,0.7126423381664215,False
normal_0497,10,0,0,5.164676763399029,0.500656293684949,False
normal_0497,11,0,0,5.723041651329246,0.138624905988728,False
normal_0497,12,0,0,6.379188974414556,0.43083226775272504,False
normal_0498,0,0,0,,,False
normal_0498,1,0,0,,,False
normal_0498,2,0,0,7.145087811471516,0.67089001589876,False
normal_0498,3,0,0,4.385936873106176,0.14155878396044658,False
normal_0498,4,0,0,7.300593016110181,0.6654812266780687,False
normal_0498,5,0,0,5.427737290356245,0.24016121307718225,False
normal_0498,6,0,0,4.833871873345433,0.3258485609437972,False
normal_0498,7,0,0,5.504446720044144,0.6371751905922861,False
normal_0498,8,0,0,5.709571048523222,0.4532810056056555,False
normal_0498,9,0,0,5.075444605421019,0.09955766909899379,False
normal_0498,10,0,0,4.059952161335587,0.018909820009636452,False
normal_0498,11,0,0,4.572830117603286,0.07973135151156421,False
normal_0498,12,0,0,4.44906858454956,0.42467657156377275,False
normal_0498,13,0,0,4.411318019857155,0.05378035991102865,False
normal_0498,14,0,0,4.537742430727773,0.43366861329165474,False
normal_0498,15,0,0,4.32822224062647,0.2710385954270969,False
normal_0498,16,0,0,4.7218648614959005,0.11172830832217169,False
normal_0498,17,0,0,4.788031371833886,0.11563560510086976,False
normal_0498,18,0,0,5.203998435651698,0.22097894847470584,False
normal_0498,19,0,0,5.179501899627989,0.3502912481446376,False
normal_0498,20,0,0,4.362247459928437,0.06574139654641697,False
normal_0498,21,0,0,3.801827693913687,0.3715660363915441,False
normal_0498,22,0,0,5.034019299133853,0.41725469232646184,False
normal_0498,23,0,0,4.938163628591719,0.6983290540550632,False
normal_0498,24,0,0,5.352334925556214,0.3059295536094369,False
normal_0498,25,0,0,5.1370924647321665,0.4819431810292167,False
normal_0498,26,0,0,6.437428088865052,0.06383957538174084,False
normal_0498,27,0,0,5.019511659657273,0.24736268522558633,False
normal_0498,28,0,0,4.579168773154861,0.15519985284611784,False
normal_0498,29,0,0,6.614683101394864,0.1777102741248908,False
normal_0498,30,0,0,6.136619499974093,0.5735500412646284,False
normal_0498,31,0,0,4.8302986657873115,0.40795856301761974,False
normal_0498,32,0,0,4.644066614646178,0.5545916951682267,False
normal_0498,33,0,0,6.658665714312893,0.07175352385008985,False
normal_0498,34,0,0,6.595835122694669,0.20829545681123388,False
normal_0498,35,0,0,5.699046035141788,0.21247576352984707,False
normal_0498,36,0,0,5.376716944213315,0.6125124261467508,False
normal_0498,37,0,0,6.099745722013709,0.4072391235556881,False
normal_0498,38,0,0,3.988559683786075,0.10060193125489504,False
normal_0498,39,0,0,4.585066998699365,0.3060314847554351,False
normal_0498,40,0,0,6.623876037777503,0.8241157013202048,False
normal_0498,41,0,0,6.22453434463333,0.42696754310420443,False
normal_0498,42,0,0,5.232998452347004,0.17594590744434277,False
normal_0498,43,0,0,5.347284220153495,0.09902256059657435,False
normal_0498,44,0,0,7.4903746546229355,0.2654556121398247,False
normal_0498,45,0,0,5.066114099726529,0.24461367818457522,False
normal_0498,46,0,0,5.7494425911570195,0.45638174731332687,False
normal_0498,47,0,0,7.401054087168212,0.9224726957384015,False
normal_0498,48,0,0,5.925511559310954,0.4894292975348602,False
normal_0498,49,0,0,4.5984515216452815,0.4269128669628228,False
normal_0499,0,0,0,,,False
normal_0499,1,0,0,,,False
normal_0499,2,0,0,4.718845510737341,0.39192897149361083,False
normal_0499,3,0,0,4.845979807179127,0.4734506095437513,False
normal_0499,4,0,0,4.114414258675439,0.16752866218473844,False
normal_0499,5,0,0,3.68412806064587,0.31851796508724173,False
normal_0499,6,0,0,4.963230082534086,0.7348309748262156,False
normal_0499,7,0,0,5.022678579883556,0.5120981224681276,False
normal_0499,8,0,0,5.54490078451456,0.07290961621367847,False
normal_0499,9,0,0,4.7838341628968495,0.40814181155198503,False
normal_0499,10,0,0,6.40502086481735,0.5161818308086704,False
normal_0499,11,0,0,4.165047484830509,0.08128292185052018,False
normal_0499,12,0,0,4.985356109573717,0.09656653262762308,False
normal_0499,13,0,0,5.385929256375973,0.6117432921616693,False
normal_0499,14,0,0,5.007605742728675,0.5266572834575007,False
normal_0499,15,0,0,4.747354733037337,0.18754713580866006,False
normal_0499,16,0,0,4.390406038223522,0.09977115387331842,False
normal_0499,17,0,0,5.563020231155286,0.31710136879387235,False
normal_0499,18,0,0,4.403565791774138,0.016234425852922337,False
normal_0499,19,0,0,4.3848935471841495,0.12652639151385514,False
normal_0499,20,0,0,5.356503865387818,0.619758083430179,False
normal_0499,21,0,0,6.345400005130536,0.48907657196686133,False
normal_0499,22,0,0,5.4250274337013025,0.49389950965150153,False
normal_0499,23,0,0,5.848974711167172,0.11786277470515456,False
normal_0499,24,0,0,7.821723656929957,0.8662196552702299,False
normal_0499,25,0,0,7.504466095452155,0.3585658435485133,False
normal_0499,26,0,0,4.183222755827172,0.17534852216899008,False
normal_0499,27,0,0,4.334313850498421,0.3305447537433807,False
normal_0499,28,0,0,4.81388916071604,0.018717648229026707,False
normal_0499,29,0,0,4.146611059443983,0.3498348206573753,False
normal_0499,30,0,0,4.008224411168962,0.4412352884297415,False
normal_0499,31,0,0,4.795334728345105,0.3609465905316538,False
normal_0499,32,0,0,4.7775068396058336,0.2211976747744313,False
normal_0499,33,0,0,4.872441205189959,0.21278713903413238,False
normal_0499,34,0,0,4.00487494992006,0.19277621511620296,False
normal_0499,35,0,0,5.222273205549964,0.12741736033651718,False
normal_0499,36,0,0,4.755717603363849,0.17383554881006177,False
normal_0499,37,0,0,4.605947623305087,0.1178105962455216,False
normal_0499,38,0,0,4.668213239901617,0.37083046253642604,False
normal_0499,39,0,0,5.315913976209184,0.7809834660688545,False
normal_0499,40,0,0,4.844179290977378,0.2977353414335843,False
normal_0499,41,0,0,5.083071505029378,0.5892239168838115,False
normal_0499,42,0,0,5.831951010605477,0.29192376618777977,False
normal_0499,43,0,0,4.246669825177394,0.21875881608189524,False
normal_0499,44,0,0,3.6576504584701213,0.27006770552104503,False
normal_0499,45,0,0,5.0206691022947645,0.12887419141426534,False
normal_0499,46,0,0,6.040552601509788,0.6360412849057083,False
normal_0499,47,0,0,5.3193985484522335,0.14866943696041188,False
normal_0499,48,0,0,5.237484327124478,0.11250244309219626,False
normal_0499,49,0,0,6.143745566300403,0.7202195885123522,False
normal_0500,0,0,0,,,False
normal_0500,1,0,0,,,False
normal_0500,2,0,0,6.95872583749865,1.0145244859274465,False
normal_0500,3,0,0,5.102407058638359,0.29482812970432065,False
normal_0500,4,0,0,5.322769539803137,0.4092320210387769,False
normal_0500,5,0,0,6.494991527564424,0.40513979219343926,False
normal_0500,6,0,0,6.968982523352424,0.04231273803207451,False
normal_0500,7,0,0,4.93678491869596,0.011136231673531385,False
normal_0500,8,0,0,4.780479825118176,0.3762870984312719,False
normal_0500,9,0,0,5.0231295786186925,0.10965990410250795,False
normal_0500,10,0,0,6.024340729083451,0.5299753267627391,False
normal_0500,11,0,0,5.309450279499454,0.09337519766825922,False
normal_0500,12,0,0,5.288114862958704,0.2089272749862131,False
normal_0500,13,0,0,5.723312722818964,0.6526605018532362,False
normal_0500,14,0,0,5.440941748318628,0.3487531807583729,False
normal_0500,15,0,0,5.199768284948106,0.0994501592961476,False
normal_0500,16,0,0,6.783843503741674,0.2104956059434,False
normal_0500,17,0,0,6.291897711962719,0.5060973123080678,False
normal_0500,18,0,0,4.334241332973069,0.1255634127999613,False
normal_0500,19,0,0,4.656635479711793,0.2224858664123014,False
normal_0500,20,0,0,6.793666488113833,0.7253446597321089,False
normal_0500,21,0,0,4.94994691437261,0.4793666893208102,False
normal_0500,22,0,0,4.580424907901281,0.5937447560497631,False
normal_0500,23,0,0,5.991789691458883,0.09053450403408583,False
normal_0500,24,0,0,7.850018622756422,0.5131748822817882,False
normal_0500,25,0,0,5.046078176770649,0.16733841931756266,False
normal_0500,26,0,0,4.963890409467838,0.16703520961041907,False
normal_0500,27,0,0,9.101409755488177,0.9263471352976818,False
normal_0500,28,0,0,7.053572244788914,0.02069032066411684,False
normal_0500,29,0,0,5.7440356647018715,0.11304772168806171,False
normal_0500,30,0,0,5.018450795466568,0.5422475556926875,False
normal_0500,31,0,0,9.209839006923701,0.0015181226689884961,False
normal_0500,32,0,0,6.7015905220693055,0.10607107022713094,False
normal_0500,33,0,0,6.030330237921788,0.15210881438464832,False
normal_0500,34,0,0,7.0363860829974,0.9155100888293787,False
normal_0500,35,0,0,6.096399211308779,0.7994648441941852,False
normal_0500,36,0,0,4.282031855412093,0.10077192871075603,False
normal_0500,37,0,0,5.400159542953855,0.6892690589169641,False
normal_0500,38,0,0,8.104769020623682,0.4815526998630262,False
normal_0500,39,0,0,7.73087073061033,0.02155109197970785,False
normal_0500,40,0,0,5.8481764667133005,0.2929143279977815,False
normal_0500,41,0,0,8.33008285562098,0.5238321818500953,False
normal_0500,42,0,0,6.667798511484013,0.2572824612219725,False
normal_0500,43,0,0,5.460696154958787,0.026367801634356477,False
normal_0500,44,0,0,8.260048363556942,0.6522014657569152,False
normal_0500,45,0,0,9.552545446094586,0.5091142801189579,False
normal_0500,46,0,0,5.82937843941298,0.10766958904045698,False
normal_0500,47,0,0,5.213398579263118,0.6188055118603928,False
normal_0500,48,0,0,8.837806489797421,0.4208080152399831,False
normal_0500,49,0,0,8.715556817397582,0.04244965747590542,False
normal_0501,0,0,0,,,False
normal_0501,1,0,0,,,False
normal_0501,2,0,0,5.857111070531108,0.25066611506593006,False
normal_0501,3,0,0,6.097689806064903,0.6211880707765545,False
normal_0501,4,0,0,5.6197242025081175,0.021369962337062925,False
normal_0501,5,0,0,4.428465793713278,0.3496137293008361,False
normal_0501,6,0,0,9.094761352533636,0.6189199239464024,False
normal_0501,7,0,0,7.166775932245064,0.8809925827944101,False
normal_0501,8,0,0,6.532449961794577,0.22752779374237725,False
normal_0501,9,0,0,7.291384388014563,0.7932824092471633,False
normal_0501,10,0,0,5.833868126180477,0.5249906065487778,False
normal_0501,11,0,0,4.780182695369515,0.4817811624183063,False
normal_0501,12,0,0,5.086051452527637,0.14892228971377341,False
normal_0501,13,0,0,5.0337869270130655,0.12887440143598766,False
normal_0501,14,0,0,6.140191553291499,0.6169992179841162,False
normal_0501,15,0,0,3.855617049474599,0.4931038492066136,False
normal_0501,16,0,0,4.7895219616394025,0.6021227146336562,False
normal_0501,17,0,0,5.099053452835553,0.11360468995921205,False
normal_0501,18,0,0,4.7201111013528845,0.30032561318204276,False
normal_0501,19,0,0,5.602676657717242,0.1994619353592017,False
normal_0501,20,0,0,5.175211587177184,0.5248128964858542,False
normal_0501,21,0,0,6.109518598657633,0.08240379640057559,False
normal_0501,22,0,0,3.7183871889856697,0.3908871107001321,False
normal_0501,23,0,0,6.379187365109167,0.6701226767385996,False
normal_0501,24,0,0,6.521699748222319,0.9938647857342868,False
normal_0501,25,0,0,6.474981496628,0.32365956890263065,False
normal_0501,26,0,0,6.208810048918154,0.5906917818226827,False
normal_0501,27,0,0,5.6224660821890105,0.04537874952401517,False
normal_0501,28,0,0,5.339081953173537,0.3607410724304015,False
normal_0501,29,0,0,5.7193279608118806,0.506875251708353,False
normal_0501,30,0,0,6.12408958877488,0.2987634038658931,False
normal_0501,31,0,0,6.58173227570358,0.6625501815730193,False
normal_0501,32,0,0,5.120520179022406,0.31243965439358246,False
normal_0501,33,0,0,4.587309618069529,0.30223102332623786,False
normal_0501,34,0,0,6.690448106538118,0.061647686058753,False
normal_0501,35,0,0,7.425355605245766,0.3598249144904325,False
normal_0501,36,0,0,5.908924571154183,0.4539550465729529,False
normal_0502,0,0,0,,,False
normal_0502,1,0,0,,,False
normal_0502,2,0,0,4.763056335640454,0.21382164670236456,False
normal_0502,3,0,0,4.789205790763259,0.6031732951894558,False
normal_0502,4,0,0,4.92731768412422,0.48679640365757587,False
normal_0502,5,0,0,4.95091936804058,0.21544859681883313,False
normal_0502,6,0,0,5.906744416692722,0.2195192468144429,False
normal_0502,7,0,0,7.809409404864841,0.5724045123037114,False
normal_0502,8,0,0,4.749497385842809,0.20749457289940004,False
normal_0502,9,0,0,6.838639113159495,0.11734548540209888,False
normal_0502,10,0,0,7.503711405210919,0.7689611162360084,False
normal_0502,11,0,0,5.444400173345336,0.58977205485829,False
normal_0502,12,0,0,3.568311030371596,0.524249749197386,False
normal_0502,13,0,0,6.761822467387883,0.6155988193456093,False
normal_0502,14,0,0,5.570870936953086,0.48047571343644585,False
normal_0502,15,0,0,6.2223128591513515,0.32388476473151656,False
normal_0502,16,0,0,4.079765802642527,0.14013301738136033,False
normal_0502,17,0,0,5.984205794590776,0.6845612714861072,False
normal_0502,18,0,0,4.999398842276892,0.18402712236354724,False
normal_0502,19,0,0,4.041090374429227,0.02534753270935703,False
normal_0502,20,0,0,6.155692099604515,0.6984426249316056,False
normal_0502,21,0,0,7.342289981787148,0.4482174238920172,False
normal_0502,22,0,0,6.093144350954856,0.0507654686023648,False
normal_0502,23,0,0,5.688390145781369,0.3296484178548382,False
normal_0503,0,0,0,,,False
normal_0503,1,0,0,,,False
normal_0503,2,0,0,6.9621936809070135,0.37060875076667177,False
normal_0503,3,0,0,4.607873427809909,0.1928199995322934,False
normal_0503,4,0,0,5.6009959386255845,0.7796655030530836,False
normal_0503,5,0,0,7.4077861592808025,0.39756024060500217,False
normal_0503,6,0,0,7.107826482016711,0.10150248632333969,False
normal_0503,7,0,0,5.471158651127436,0.6299032522210418,False
normal_0503,8,0,0,7.470344015125504,0.9945848175823062,False
normal_0503,9,0,0,7.769394913903986,1.6294254020962666,False
normal_0503,10,0,0,4.359641373753427,0.027879898228371298,False
normal_0504,0,0,0,,,False
normal_0504,1,0,0,,,False
normal_0504,2,0,0,6.269427062854394,0.4774334317207792,False
normal_0504,3,0,0,5.356680615068406,0.48832907866603653,False
normal_0504,4,0,0,6.152974129450413,0.6391975457078678,False
normal_0504,5,0,0,5.260971728123449,0.0702990200861766,False
normal_0504,6,0,0,4.369777273422469,0.42394999719228815,False
normal_0504,7,0,0,7.799416845840497,0.08333920783833905,False
normal_0504,8,0,0,7.957898718514014,0.05164909265481443,False
normal_0504,9,0,0,6.305092066128303,0.15663466977908852,False
normal_0504,10,0,0,5.309458705130068,0.36273981199852057,False
normal_0504,11,0,0,6.878767301853614,0.15050262819426577,False
normal_0504,12,0,0,6.525513420253841,0.3415960621276358,False
normal_0505,0,0,0,,,False
normal_0505,1,0,0,,,False
normal_0505,2,0,0,6.03772354473642,0.4466848797580821,False
normal_0505,3,0,0,4.306682565615534,0.024876614489505174,False
normal_0505,4,0,0,4.61606063874618,0.26140592438726384,False
normal_0505,5,0,0,7.115998385486648,0.854765995507891,False
normal_0505,6,0,0,5.52538305854058,0.010914294383325869,False
normal_0505,7,0,0,5.46646420993964,0.006071950887066748,False
normal_0505,8,0,0,5.929579422586457,0.6113958864776148,False
normal_0505,9,0,0,8.716104880783575,0.3901707546899578,False
normal_0505,10,0,0,4.723274094271454,0.04948862118170495,False
normal_0505,11,0,0,5.962647080955499,0.6172499279513899,False
normal_0505,12,0,0,7.438817015875355,0.8163405738629502,False
normal_0505,13,0,0,5.868923816730285,0.6990541663559139,False
normal_0505,14,0,0,4.017374438761149,0.1826555381636951,False
normal_0505,15,0,0,6.341414420204219,0.6999798601759679,False
normal_0505,16,0,0,8.037475824025718,0.7461997568408959,False
normal_0505,17,0,0,6.7056077691369325,0.03540665884208254,False
normal_0505,18,0,0,5.363862733576139,0.531229994587801,False
normal_0505,19,0,0,7.218034805158715,0.6884693052613371,False
normal_0505,20,0,0,5.3508132360138445,0.057923599806993756,False
normal_0505,21,0,0,4.978304242411529,0.19209483220651014,False
normal_0505,22,0,0,6.184929073391757,0.41613914637529387,False
normal_0505,23,0,0,6.615954565702219,0.10423531930197974,False
normal_0505,24,0,0,5.844877196595635,0.028328003265895064,False
normal_0505,25,0,0,4.437486759982431,0.019669735450632907,False
normal_0505,26,0,0,6.255673726723185,0.4566196466891885,False
normal_0505,27,0,0,4.858891495586856,0.09672745948929169,False
normal_0505,28,0,0,4.934481398279369,0.5309064931213319,False
normal_0505,29,0,0,5.358094039777356,0.6954541808992852,False
normal_0505,30,0,0,4.874076226560352,0.5358313999687934,False
normal_0505,31,0,0,4.129571803265809,0.5159349891025038,False
normal_0505,32,0,0,4.54950995493244,0.38986973108382056,False
normal_0505,33,0,0,5.538407425449016,0.579154019759314,False
normal_0505,34,0,0,6.206464257938021,0.147240236711204,False
normal_0505,35,0,0,4.019002257706446,0.06508595658955246,False
normal_0505,36,0,0,4.356101055262563,0.45909365448256917,False
normal_0505,37,0,0,5.137687990833716,0.10835680175680856,False
normal_0505,38,0,0,4.1072365170835505,0.2568870730468121,False
normal_0505,39,0,0,4.628114637842997,0.4622529924324173,False
normal_0505,40,0,0,6.8166984567871785,0.47618763396234365,False
normal_0505,41,0,0,6.496946903379477,0.7721110326414351,False
normal_0505,42,0,0,4.785144244379038,0.318818472725341,False
normal_0505,43,0,0,5.278049425630164,0.41220928789806816,False
normal_0505,44,0,0,7.297836086343377,0.4530237507945421,False
normal_0505,45,0,0,6.192674646097566,0.519972019341764,False
normal_0505,46,0,0,4.971188766280169,0.2921702260104287,False
normal_0505,47,0,0,3.8632817767283303,0.22401621184612783,False
normal_0505,48,0,0,7.798572013497836,1.0163630458642472,False
normal_0505,49,0,0,5.959633316559984,0.4011705473644068,False
normal_0506,0,0,0,,,False
normal_0506,1,0,0,,,False
normal_0506,2,0,0,6.119619948626112,0.03347089721511682,False
normal_0506,3,0,0,4.795315060951727,0.09974002918785539,False
normal_0506,4,0,0,5.521665889761632,0.7661656295564758,False
normal_0506,5,0,0,7.4370878249812415,0.3946486587929569,False
normal_0506,6,0,0,6.629812091162607,0.033052598760947884,False
normal_0506,7,0,0,5.579854066553783,0.29373093122979305,False
normal_0506,8,0,0,6.608012511828034,0.8776847831256748,False
normal_0506,9,0,0,6.25207819848438,1.043042684957202,False
normal_0506,10,0,0,4.7625873189539405,0.17615896499638994,False
normal_0506,11,0,0,5.078899716820209,0.46645040674555194,False
normal_0506,12,0,0,6.402725365202467,0.2548898395151501,False
normal_0506,13,0,0,7.798686378876337,0.11173608896768403,False
normal_0506,14,0,0,5.100019678586031,0.09719716211682572,False
normal_0506,15,0,0,5.487317186415997,0.44507118414976526,False
normal_0506,16,0,0,6.452865055765095,0.15228138164497862,False
normal_0506,17,0,0,5.869743951739152,0.2797500527932249,False
normal_0506,18,0,0,5.1366337128905135,0.17642026868248556,False
normal_0506,19,0,0,5.2057317597086765,0.05203747182400006,False
normal_0506,20,0,0,5.659397833991889,0.5973802456573911,False
normal_0506,21,0,0,5.584410996388154,0.30472115149793816,False
normal_0506,22,0,0,4.950718664403534,0.09736857889807007,False
normal_0506,23,0,0,7.490531945319958,0.7783961204681235,False
normal_0506,24,0,0,7.3230765352635006,0.9424263225625619,False
normal_0506,25,0,0,5.303681193687601,0.11394074433231355,False
normal_0506,26,0,0,5.495233281794519,0.17476427069129472,False
normal_0506,27,0,0,6.984568113560329,0.47246248016238707,False
normal_0506,28,0,0,4.558408774916847,0.3384067559114439,False
normal_0506,29,0,0,5.7418756091707115,0.433387826408488,False
normal_0506,30,0,0,6.224629980305778,0.056016953620869094,False
normal_0506,31,0,0,5.713369834903652,0.16988920289811768,False
normal_0506,32,0,0,4.157413670384771,0.23425869903136362,False
normal_0506,33,0,0,4.8201246413765375,0.10385340707675716,False
normal_0506,34,0,0,5.59302221377783,0.5157159425765118,False
normal_0506,35,0,0,4.437276622429208,0.13766612331550318,False
normal_0506,36,0,0,5.059651605504871,0.08098644414698036,False
normal_0506,37,0,0,4.8858172656770185,0.6306182417116694,False
normal_0506,38,0,0,5.640931163331981,0.1754925452188552,False
normal_0506,39,0,0,4.5997815146618395,0.040191563952546486,False
normal_0506,40,0,0,6.025657241304429,0.25333807762718236,False
normal_0506,41,0,0,7.1405818603873215,1.0646382908880836,False
normal_0506,42,0,0,6.487303294106684,0.7278333927975907,False
normal_0506,43,0,0,4.65188987207554,0.6240432082566788,False
normal_0506,44,0,0,7.888256092822843,1.0594551954232703,False
normal_0506,45,0,0,6.756970902415072,0.8062741788677477,False
normal_0506,46,0,0,5.937452491204335,0.5450756638032822,False
normal_0506,47,0,0,5.0728777330015875,0.11137030821228203,False
normal_0506,48,0,0,5.997424644755639,0.194832153349631,False
normal_0506,49,0,0,4.162231039936722,0.14901469445409427,False
normal_0507,0,0,0,,,False
normal_0507,1,0,0,,,False
normal_0507,2,0,0,5.6205106702470395,0.05596668595781011,False
normal_0507,3,0,0,4.3053499538693325,0.36228728806410987,False
normal_0507,4,0,0,4.9196722410926474,0.5025966057449861,False
normal_0507,5,0,0,6.164268005859058,0.5109522190933117,False
normal_0507,6,0,0,4.853237579770256,0.22981926601526392,False
normal_0507,7,0,0,4.8368393457159495,0.2878589910601933,False
normal_0507,8,0,0,5.7117128030191076,0.4637651292251116,False
normal_0507,9,0,0,6.300847076057084,0.2950489872076297,False
normal_0507,10,0,0,5.1043684096371935,0.07182594992698826,False
normal_0507,11,0,0,5.363843663607079,0.1899087920142168,False
normal_0507,12,0,0,7.126003412612321,0.039353212340892986,False
normal_0507,13,0,0,6.7018690412480035,0.06534990243958387,False
normal_0507,14,0,0,3.6853191125601534,0.298241670646555,False
normal_0507,15,0,0,6.724237418293714,0.4404568429797413,False
normal_0507,16,0,0,7.291551296133139,1.0305199380478232,False
normal_0507,17,0,0,5.552850005206996,0.2948734214382358,False
normal_0507,18,0,0,6.164735635875064,0.41495170151786454,False
normal_0507,19,0,0,7.261326287664272,0.6959306798027745,False
normal_0507,20,0,0,6.260922521515069,0.3302363490170026,False
normal_0507,21,0,0,4.253818535778621,0.15788095951983236,False
normal_0507,22,0,0,5.719210702785027,0.029885784361463268,False
normal_0507,23,0,0,6.542265249094608,0.8657950300670346,False
normal_0507,24,0,0,4.737378144460822,0.2382476106121783,False
normal_0507,25,0,0,4.2650826023321065,0.5902913647068965,False
normal_0507,26,0,0,5.152849106189573,0.36300738314906106,False
normal_0507,27,0,0,4.525682582797054,0.35142584162726087,False
normal_0507,28,0,0,4.55355347846855,0.01179035932007438,False
normal_0507,29,0,0,4.669217034468146,0.21850421408420823,False
normal_0507,30,0,0,6.329890023328754,0.5867296159693789,False
normal_0507,31,0,0,4.198424308791505,0.04818764970394781,False
normal_0507,32,0,0,5.01902768916122,0.25807392594198597,False
normal_0507,33,0,0,6.004951410542984,0.8372288771032362,False
normal_0507,34,0,0,5.952259440794388,0.3837400999502944,False
normal_0507,35,0,0,4.77591776782186,0.21321069223919145,False
normal_0507,36,0,0,4.302291112642201,0.08609363250791356,False
normal_0507,37,0,0,5.124270507535911,0.45390593696626047,False
normal_0508,0,0,0,,,False
normal_0508,1,0,0,,,False
normal_0508,2,0,0,4.821780210180537,0.013107096613019406,False
normal_0508,3,0,0,4.181272923669581,0.28850345377711945,False
normal_0508,4,0,0,4.690565012824497,0.48973622311886633,False
normal_0508,5,0,0,4.267172334228989,0.39142401296024737,False
normal_0508,6,0,0,4.367855235189458,0.651885444884196,False
normal_0508,7,0,0,4.546149742561394,0.4285931647191918,False
normal_0508,8,0,0,6.520025625195063,0.3561128213428543,False
normal_0508,9,0,0,6.892712630117935,0.43232788728195626,False
normal_0508,10,0,0,5.451304007392831,0.23592560391918263,False
normal_0508,11,0,0,5.352278667937558,0.5281916073528071,False
normal_0508,12,0,0,6.57283528743104,0.23760898379178935,False
normal_0508,13,0,0,5.0797219246866305,0.17348040007500995,False
normal_0508,14,0,0,5.554439489362037,0.5154631152976358,False
normal_0508,15,0,0,8.33521088825024,0.33250907293741444,False
normal_0508,16,0,0,6.91507767397663,0.4532728077384201,False
normal_0508,17,0,0,5.729414104449826,0.1907901138029462,False
normal_0508,18,0,0,5.403058445969708,0.4139184534659822,False
normal_0508,19,0,0,6.825244531360977,0.3331740528275347,False
normal_0508,20,0,0,5.708064671121839,0.392846298186593,False
normal_0508,21,0,0,4.6568867863900225,0.12131277727976957,False
normal_0508,22,0,0,4.567354033505972,0.2416679457743035,False
normal_0508,23,0,0,6.495856981537707,0.5694247114973064,False
normal_0508,24,0,0,5.7441945810368935,0.17211024956675092,False
normal_0508,25,0,0,6.262596118341022,0.16586317780458548,False
normal_0508,26,0,0,6.443772112073713,0.38899155025359333,False
normal_0509,0,0,0,,,False
normal_0509,1,0,0,,,False
normal_0509,2,0,0,3.8488982449897953,0.18755343571765595,False
normal_0509,3,0,0,4.656090727808592,0.05291735673463125,False
normal_0509,4,0,0,6.17905066087021,0.6947163196179488,False
normal_0509,5,0,0,4.930552055546429,0.12258885893524521,False
normal_0509,6,0,0,4.848474729636638,0.027091138248775473,False
normal_0509,7,0,0,6.068141140957301,0.7524552091274914,False
normal_0509,8,0,0,7.100631299151979,0.42771876453382407,False
normal_0509,9,0,0,5.546157469457491,0.01875608804944132,False
normal_0509,10,0,0,6.819845434446008,0.11706156463112276,False
normal_0509,11,0,0,7.55807529488678,0.7576910416535753,False
normal_0509,12,0,0,5.999862919060317,0.7991226743066201,False
normal_0510,0,0,0,,,False
normal_0510,1,0,0,,,False
normal_0510,2,0,0,7.81448586059501,0.9960190908172561,False
normal_0510,3,0,0,7.067027900750614,0.51133703289391,False
normal_0510,4,0,0,5.268865064173434,0.03167512390578978,False
normal_0510,5,0,0,6.413556449387445,0.04438816174217629,False
normal_0510,6,0,0,5.20530431687942,0.2694751163635392,False
normal_0510,7,0,0,4.912981615853912,0.22257658435414307,False
normal_0510,8,0,0,5.61862963901826,0.37240077405661287,False
normal_0510,9,0,0,5.804627041744252,0.7193003174608393,False
normal_0510,10,0,0,4.5050567539358175,0.31209828015446167,False
normal_0510,11,0,0,4.213330769893328,0.5786867525242125,False
normal_0510,12,0,0,5.286706730505589,0.26256040636375666,False
normal_0510,13,0,0,5.882776918613619,0.25301870294869494,False
normal_0510,14,0,0,5.52147139122106,0.1943641367833016,False
normal_0510,15,0,0,4.617097453931673,0.2589389969010402,False
normal_0510,16,0,0,5.436155405086375,0.4578765352704345,False
normal_0510,17,0,0,4.41404861264885,0.017099225652329155,False
normal_0510,18,0,0,4.399647322624429,0.3043177986136713,False
normal_0510,19,0,0,4.267477023938121,0.597106712904769,False
normal_0510,20,0,0,5.499762653339793,0.39407440427118523,False
normal_0510,21,0,0,4.188882133720911,0.09605436122592854,False
normal_0510,22,0,0,4.895865464934474,0.2136256897655328,False
normal_0510,23,0,0,4.341128080295854,0.3102177145950163,False
normal_0510,24,0,0,4.961498005128379,0.13909644478647282,False
normal_0510,25,0,0,4.891857086954054,0.32220663086350776,False
normal_0510,26,0,0,4.5083770144509,0.23019574885312502,False
normal_0510,27,0,0,5.4918467889802,0.30573361889444395,False
normal_0510,28,0,0,6.972238353295038,0.6522279481388908,False
normal_0510,29,0,0,4.9100355690544575,0.0455146719993652,False
normal_0510,30,0,0,7.434068709546968,0.6068270518559535,False
normal_0510,31,0,0,7.762018924632655,0.023130072066051055,False
normal_0510,32,0,0,6.444524011304349,0.14771038453106272,False
normal_0510,33,0,0,3.9857131286204583,0.41014392981052133,False
normal_0510,34,0,0,6.479619172497625,0.41264637462420667,False
normal_0510,35,0,0,5.621870788070436,0.5551123530893514,False
normal_0510,36,0,0,5.987011982153266,0.6286274920929407,False
normal_0510,37,0,0,6.860752771733544,0.5641621322167174,False
normal_0510,38,0,0,6.288747809193581,0.25408392985052913,False
normal_0510,39,0,0,5.082742421885533,0.3810035094138842,False
normal_0510,40,0,0,5.181001423494913,0.2252859005161807,False
normal_0510,41,0,0,7.449635277404796,0.22744004884075544,False
normal_0510,42,0,0,6.45179975509101,0.7445468733524168,False
normal_0510,43,0,0,4.916662599324976,0.1032689988969894,False
normal_0510,44,0,0,5.076579720400715,0.42031057145925144,False
normal_0510,45,0,0,7.927016823228553,0.5187226348570222,False
normal_0510,46,0,0,5.149920780974369,0.08256689055983508,False
normal_0510,47,0,0,5.6606823846952965,0.09177804768433444,False
normal_0510,48,0,0,7.557858303210113,0.04077487031262566,False
normal_0510,49,0,0,6.911050658050208,0.0009232854197005832,False
normal_0511,0,0,0,,,False
normal_0511,1,0,0,,,False
normal_0511,2,0,0,10.017567382708162,0.9605853512826986,False
normal_0511,3,0,0,7.026134511326262,0.05037717150769722,False
normal_0511,4,0,0,6.144956630695642,0.02861453847737127,False
normal_0511,5,0,0,8.941413222662137,1.19758530289674,False
normal_0511,6,0,0,8.669472851873174,0.30203057006189593,False
normal_0511,7,0,0,6.134810372660084,0.1472816055409571,False
normal_0511,8,0,0,6.925436654576589,0.2909244952593792,False
normal_0511,9,0,0,8.724817405669642,0.7038411756928385,False
normal_0511,10,0,0,6.336392247390461,1.0780829565354901,False
normal_0511,11,0,0,4.770935521637907,0.3597895512076328,False
normal_0511,12,0,0,7.315203882537109,0.8284345488953431,False
normal_0511,13,0,0,7.801013184091282,0.689315453520944,False
normal_0511,14,0,0,6.117235943223679,0.02532950301503219,False
normal_0511,15,0,0,7.385972173012996,0.6434459913735087,False
normal_0511,16,0,0,6.3051484032542175,0.08984331157766842,False
normal_0511,17,0,0,4.676762894016295,0.09686572237495122,False
normal_0511,18,0,0,5.531229910133919,0.13446809710540397,False
normal_0511,19,0,0,7.847964750198982,0.61104645224882,False
normal_0511,20,0,0,5.386008245428294,0.17313534983759737,False
normal_0511,21,0,0,5.525290597574709,0.1962986570447333,False
normal_0511,22,0,0,5.868248080019716,0.39629270400931393,False
normal_0511,23,0,0,6.46371509061533,0.432550917902432,False
normal_0511,24,0,0,5.829469390107771,0.21963112194216003,False
normal_0511,25,0,0,5.453646260857383,0.2990595270260868,False
normal_0511,26,0,0,5.628738858080342,0.744827366315181,False
normal_0511,27,0,0,4.959122611457144,0.20137825422023142,False
normal_0511,28,0,0,3.754466125985637,0.2573478647347677,False
normal_0511,29,0,0,5.057310178296317,0.5505496194189194,False
normal_0511,30,0,0,5.453366203976539,0.5281441710335818,False
normal_0511,31,0,0,5.691168119040706,0.066142376214111,False
normal_0511,32,0,0,4.90757854379557,0.04323405512855681,False
normal_0511,33,0,0,5.556759497619086,0.5550962932512639,False
normal_0511,34,0,0,6.7280693842242245,0.02723481958361568,False
normal_0511,35,0,0,6.183258115087576,0.07624000330084331,False
normal_0511,36,0,0,4.368271148488461,0.339688291079633,False
normal_0511,37,0,0,5.697860574362156,0.28735294174333875,False
normal_0511,38,0,0,5.482497134965272,0.6769606901376456,False
normal_0511,39,0,0,5.653702987464524,0.21270506805568298,False
normal_0511,40,0,0,5.580118597877422,0.36031769504539696,False
normal_0511,41,0,0,6.579367466710316,0.41417650010345386,False
normal_0511,42,0,0,6.589898801010548,0.43356577496671567,False
normal_0511,43,0,0,4.780232980912067,0.17758086052322505,False
normal_0511,44,0,0,5.346645491876065,0.019799664854113542,False
normal_0511,45,0,0,6.677382873334726,0.6973239628353077,False
normal_0511,46,0,0,5.49844487076017,0.5217177867869268,False
normal_0511,47,0,0,7.428616417760889,0.14501835932902207,False
normal_0511,48,0,0,8.197366791654032,0.3327933523414733,False
normal_0511,49,0,0,8.66264814231436,0.13471182643377866,False
normal_0512,0,0,0,,,False
normal_0512,1,0,0,,,False
normal_0512,2,0,0,4.338357570295496,0.4310367070781419,False
normal_0512,3,0,0,4.571795620577856,0.08036689295628274,False
normal_0512,4,0,0,4.712425282827385,0.25008435226500736,False
normal_0512,5,0,0,4.298874803172761,0.16363836215380173,False
normal_0512,6,0,0,3.9018607401316383,0.5608569622296065,False
normal_0512,7,0,0,4.6891106644080915,0.5284723144294201,False
normal_0512,8,0,0,4.604741253549313,0.10495027668282489,False
normal_0512,9,0,0,5.435821823951117,0.48750268922284784,False
normal_0512,10,0,0,3.996999467752049,0.13183792791986856,False
normal_0512,11,0,0,4.348730620332608,0.18962358562751042,False
normal_0512,12,0,0,4.681070644313763,0.37291949141953706,False
normal_0512,13,0,0,4.280913991380545,0.3703602071764388,False
normal_0512,14,0,0,3.826656647761259,0.3127325008757095,False
normal_0512,15,0,0,4.60596864438601,0.7019062532270783,False
normal_0512,16,0,0,4.537989277303997,0.4270869470370361,False
normal_0512,17,0,0,4.434807565166757,0.30935894719724505,False
normal_0512,18,0,0,4.030498992907775,0.2664424779170334,False
normal_0512,19,0,0,4.968019751086459,0.36649441969393903,False
normal_0512,20,0,0,4.840092648238307,0.25905741420714223,False
normal_0512,21,0,0,4.957378381503999,0.2020312421434794,False
normal_0512,22,0,0,4.273361890903426,0.48030897073213463,False
normal_0512,23,0,0,7.7237117674914515,0.5750043281789906,False
normal_0512,24,0,0,6.161270542401638,0.5506175164244483,False
normal_0512,25,0,0,6.2574515834011635,0.18659263755923014,False
normal_0512,26,0,0,7.595699940205027,0.7324417180989455,False
normal_0512,27,0,0,5.461658741979828,0.5970153835881298,False
normal_0512,28,0,0,4.066448929469465,0.31965225686657533,False
normal_0512,29,0,0,5.187080116020316,0.3107150838687921,False
normal_0512,30,0,0,5.029822193932585,0.26092078692722376,False
normal_0512,31,0,0,6.139509425582559,0.7139073804205912,False
normal_0512,32,0,0,4.248984280750197,0.3913435359604533,False
normal_0512,33,0,0,5.0224285664067985,0.6297049288137545,False
normal_0512,34,0,0,6.110846370777882,0.17689155782612248,False
normal_0512,35,0,0,4.006116513450514,0.16073547411349576,False
normal_0512,36,0,0,7.277032464010451,0.6215582593305211,False
normal_0512,37,0,0,6.085103405985486,0.5644643095492476,False
normal_0513,0,0,0,,,False
normal_0513,1,0,0,,,False
normal_0513,2,0,0,6.308335088159563,0.17318404075706048,False
normal_0513,3,0,0,5.791414661159812,0.46367944892705104,False
normal_0513,4,0,0,9.715074266991506,0.21321986341024599,False
normal_0513,5,0,0,5.541403883378099,0.09904561879386924,False
normal_0513,6,0,0,5.683781007419982,0.536568631295127,False
normal_0513,7,0,0,7.1029110117569765,0.7162440742548976,False
normal_0513,8,0,0,5.686901473311097,0.5098614084333144,False
normal_0513,9,0,0,4.574853001902505,0.47547691013749954,False
normal_0513,10,0,0,5.626515491793914,0.1069118864675686,False
normal_0513,11,0,0,9.49194768335505,0.4996926941635476,False
normal_0513,12,0,0,7.363656098531965,0.46179990188534975,False
normal_0513,13,0,0,4.311025399066356,0.24380904905924836,False
normal_0513,14,0,0,7.398687628912363,0.8393559674881493,False
normal_0513,15,0,0,6.601382141731764,0.10059962398317239,False
normal_0513,16,0,0,5.110842921945032,0.1294043827608625,False
normal_0513,17,0,0,6.490356982939264,0.42790454676244,False
normal_0513,18,0,0,7.59289079214459,0.6581401094611959,False
normal_0513,19,0,0,6.205382862541158,0.07219664207031784,False
normal_0513,20,0,0,5.0995934849520035,0.1587601146547024,False
normal_0513,21,0,0,6.270537223757238,0.3905844777969191,False
normal_0513,22,0,0,4.9381441629313025,0.22847996513483346,False
normal_0513,23,0,0,5.043163813530541,0.17755631104490535,False
normal_0513,24,0,0,5.0704776462242025,0.5611717130824556,False
normal_0513,25,0,0,5.17738692949031,0.3145854675895851,False
normal_0514,0,0,0,,,False
normal_0514,1,0,0,,,False
normal_0514,2,0,0,5.863283837607656,0.02167449889200462,False
normal_0514,3,0,0,5.576332761693717,0.06950090388455038,False
normal_0514,4,0,0,5.011949854944962,0.5044819591971081,False
normal_0514,5,0,0,4.42923567462072,0.3507779531018652,False
normal_0514,6,0,0,4.647940321822042,0.19245326556773656,False
normal_0514,7,0,0,5.366505854012746,0.16467540476860562,False
normal_0514,8,0,0,5.304403398834718,0.5783736431502345,False
normal_0514,9,0,0,4.5767491611343365,0.4328529565477976,False
normal_0514,10,0,0,7.563776938897704,0.7726154540581313,False
normal_0514,11,0,0,6.49483653180762,0.2579619523268356,False
normal_0514,12,0,0,5.483458229418503,0.23342411873288807,False
normal_0515,0,0,0,,,False
normal_0515,1,0,0,,,False
normal_0515,2,0,0,5.388710803152747,0.5286015303270649,False
normal_0515,3,0,0,4.8515083304883095,0.13877065421187404,False
normal_0515,4,0,0,5.2673360451225095,0.411125863542662,False
normal_0515,5,0,0,6.103879188664753,0.4618156448869084,False
normal_0515,6,0,0,5.94632492878263,0.28557271521809113,False
normal_0515,7,0,0,5.431201918636521,0.4600675089541091,False
normal_0515,8,0,0,4.455432082191957,0.2373551880835371,False
normal_0515,9,0,0,7.241023210843427,0.4491876155552281,False
normal_0515,10,0,0,6.062351653127657,0.14978920308584248,False
normal_0515,11,0,0,6.06852698223144,0.3793213435423973,False
normal_0515,12,0,0,4.483328050402796,0.15855156892632002,False
normal_0515,13,0,0,5.0155515695730974,0.08291802512279817,False
normal_0515,14,0,0,6.87313076737211,0.8749530291729262,False
normal_0515,15,0,0,4.970577035667097,0.25693905273547885,False
normal_0515,16,0,0,6.671869398056831,0.421618711867672,False
normal_0515,17,0,0,7.907811027074295,0.025647916832484373,False
normal_0515,18,0,0,4.914316860541626,0.2639429531083386,False
normal_0515,19,0,0,4.148371162407854,0.40692847784048997,False
normal_0515,20,0,0,4.831727903929863,0.18644686599631768,False
normal_0515,21,0,0,5.3077633745750346,0.5204857201176255,False
normal_0515,22,0,0,4.475385891268903,0.08622442213938343,False
normal_0515,23,0,0,5.01768826733462,0.23482328605038133,False
normal_0515,24,0,0,5.373906141139835,0.4731968719637164,False
normal_0515,25,0,0,5.04917020637252,0.34747421808341866,False
normal_0515,26,0,0,5.126655071128881,0.14075555834118716,False
normal_0515,27,0,0,5.545033444299392,0.4117538246462899,False
normal_0515,28,0,0,5.85291594170143,0.6856439266923239,False
normal_0515,29,0,0,5.180838850031773,0.5920211889604625,False
normal_0515,30,0,0,4.739402940735851,0.21747735780326827,False
normal_0515,31,0,0,7.0457594432547355,0.8298730800140691,False
normal_0515,32,0,0,6.737608582609998,0.4829555002735355,False
normal_0515,33,0,0,5.25239587039598,0.30959711103148163,False
normal_0515,34,0,0,7.120245952334304,0.038160700224399546,False
normal_0515,35,0,0,5.336288094012457,0.22561415338734273,False
normal_0515,36,0,0,3.698422523596054,0.18394990816862775,False
normal_0515,37,0,0,4.54894013017688,0.2365157019726517,False
normal_0515,38,0,0,4.907993821083846,0.5140634148867831,False
normal_0515,39,0,0,4.669928617459477,0.20513002379443673,False
normal_0515,40,0,0,4.3703149840377336,0.32975757099840125,False
normal_0515,41,0,0,4.6388478183329225,0.20061104071078067,False
normal_0515,42,0,0,6.362298078444337,0.607992202118118,False
normal_0515,43,0,0,4.5133518975776505,0.05362015723184147,False
normal_0515,44,0,0,4.821472543169128,0.430013297918883,False
normal_0515,45,0,0,5.213457988900658,0.6706654855026809,False
normal_0515,46,0,0,4.830621356927455,0.5565694958293164,False
normal_0515,47,0,0,4.150570943686343,0.5806825800737448,False
normal_0515,48,0,0,4.707852326684153,0.7328908031315297,False
normal_0515,49,0,0,5.235433486609433,0.706903642468246,False
normal_0516,0,0,0,,,False
normal_0516,1,0,0,,,False
normal_0516,2,0,0,5.39185260926525,0.6217004639732449,False
normal_0516,3,0,0,4.386732688682038,0.10272643245691428,False
normal_0516,4,0,0,4.431295740417703,0.04591780882375024,False
normal_0516,5,0,0,5.570445434279551,0.5583125149571364,False
normal_0516,6,0,0,4.385495458142068,0.39302973061016344,False
normal_0516,7,0,0,5.2688199893296,0.40019108876042814,False
normal_0516,8,0,0,5.279841295783171,0.11447708887987573,False
normal_0516,9,0,0,6.025520862062353,0.1400563965628224,False
normal_0516,10,0,0,3.8491878499117522,0.14748107347554137,False
normal_0516,11,0,0,4.577543359432456,0.008956413533648518,False
normal_0516,12,0,0,5.904593438700555,0.581662190308106,False
normal_0516,13,0,0,4.091518835945189,0.0026364323091837972,False
normal_0516,14,0,0,4.597378728139915,0.1743369922396094,False
normal_0516,15,0,0,4.582726702495875,0.6920800697781856,False
normal_0516,16,0,0,4.951336754347213,0.16996087203225632,False
normal_0516,17,0,0,5.010337641455352,0.26248893981366456,False
normal_0516,18,0,0,5.114878622722095,0.04536085270410241,False
normal_0516,19,0,0,5.24357058465313,0.32484734666554216,False
normal_0516,20,0,0,5.313979857230507,0.2037071642618918,False
normal_0516,21,0,0,4.526757786365764,0.07079662749469029,False
normal_0516,22,0,0,6.143911915348009,0.7111907330343156,False
normal_0516,23,0,0,6.003225406420697,0.5644452415677207,False
normal_0516,24,0,0,6.327750629818888,0.17386547085498083,False
normal_0516,25,0,0,5.640241231854456,0.021683572481659315,False
normal_0516,26,0,0,5.737791065515213,0.39469040512928927,False
normal_0516,27,0,0,5.205207807951489,0.12403267812213212,False
normal_0516,28,0,0,4.798177367747211,0.2637346384599136,False
normal_0516,29,0,0,5.2359242691269,0.2681166004050473,False
normal_0516,30,0,0,5.789985616261227,0.18233885785522413,False
normal_0516,31,0,0,4.60033364584,0.4528835408902057,False
normal_0516,32,0,0,4.651328210339176,0.35073560263479575,False
normal_0516,33,0,0,6.085553307578222,0.4246142973680116,False
normal_0516,34,0,0,9.002877819297684,0.2546684447351136,False
normal_0516,35,0,0,6.302770640626835,0.2131581830409947,False
normal_0516,36,0,0,5.249277359753392,0.061179422879925206,False
normal_0516,37,0,0,7.569973753734981,1.1644903206303752,False
normal_0516,38,0,0,5.996495479666642,0.24650084948227705,False
normal_0516,39,0,0,5.629253731143174,0.6057528604798412,False
normal_0516,40,0,0,6.767898624539671,0.8067422532230786,False
normal_0516,41,0,0,7.247462428186396,0.34194072594319774,False
normal_0516,42,0,0,4.930041287021594,0.09346026376332935,False
normal_0516,43,0,0,5.0413540653572,0.47720194048396736,False
normal_0516,44,0,0,6.214839124529328,0.012804772532763827,False
normal_0516,45,0,0,7.5359012680135775,0.6413420380767525,False
normal_0516,46,0,0,4.814332899415066,0.15256758019669586,False
normal_0516,47,0,0,6.11474946731597,0.2104167754300496,False
normal_0516,48,0,0,6.5749175703143825,0.760636836425224,False
normal_0516,49,0,0,5.887300524236292,0.25705418043634837,False
normal_0517,0,0,0,,,False
normal_0517,1,0,0,,,False
normal_0517,2,0,0,4.835185764218552,0.4391560502798457,False
normal_0517,3,0,0,5.648464663714512,0.040706489970403756,False
normal_0517,4,0,0,5.227789470427761,0.21800672190622314,False
normal_0517,5,0,0,4.237188816795839,0.46662555477520024,False
normal_0517,6,0,0,5.166134631210714,0.4666371817242688,False
normal_0517,7,0,0,5.4306578363910605,0.349903803343005,False
normal_0517,8,0,0,5.934640143080643,0.5558143681334514,False
normal_0517,9,0,0,4.9829800240534725,0.419857962344371,False
normal_0517,10,0,0,5.011021353933138,0.24733251124069092,False
normal_0517,11,0,0,4.472187326929224,0.17159881587606723,False
normal_0517,12,0,0,4.290995598410426,0.23053381133947665,False
normal_0517,13,0,0,5.7060231167801225,0.22042919980823342,False
normal_0517,14,0,0,5.74303312849998,0.4690142295371939,False
normal_0517,15,0,0,5.850384383806056,0.08597116566776236,False
normal_0517,16,0,0,3.979626344191523,0.26750795160310237,False
normal_0517,17,0,0,6.196104566482526,0.13256240906244057,False
normal_0517,18,0,0,5.5442222403355075,0.533538471863714,False
normal_0517,19,0,0,4.984836244885756,0.024591870093507724,False
normal_0517,20,0,0,4.2369438825461705,0.0065611700310180265,False
normal_0517,21,0,0,5.241065397353142,0.5776769623311447,False
normal_0517,22,0,0,5.964190020346666,0.384496827771849,False
normal_0517,23,0,0,5.28643208976387,0.2918282586380061,False
normal_0517,24,0,0,5.73249882635248,0.02697164412956764,False
normal_0517,25,0,0,7.8458856673972965,0.8995963051118392,False
normal_0517,26,0,0,4.720124955492756,0.3062198921513479,False
normal_0517,27,0,0,4.347339203639621,0.1356866802031305,False
normal_0517,28,0,0,4.94613810275586,0.40514952359339285,False
normal_0517,29,0,0,5.106971331473857,0.06999623706330466,False
normal_0517,30,0,0,4.446328199650334,0.2569354352509399,False
normal_0517,31,0,0,4.811616423876244,0.2235738525953186,False
normal_0517,32,0,0,4.874075471611147,0.35577568664542786,False
normal_0517,33,0,0,4.93196636886698,0.4995961686121556,False
normal_0517,34,0,0,3.860168019673621,0.27063709816231946,False
normal_0517,35,0,0,5.710213906441698,0.36096016597598046,False
normal_0517,36,0,0,5.406795912782779,0.6352072692287758,False
normal_0517,37,0,0,5.702289940465772,0.09757006373954438,False
normal_0517,38,0,0,4.366364176217497,0.4138426048987819,False
normal_0517,39,0,0,5.89532738963936,0.41140134789892036,False
normal_0518,0,0,0,,,False
normal_0518,1,0,0,,,False
normal_0518,2,0,0,5.4466805928842605,0.38741608506250635,False
normal_0518,3,0,0,5.622855704938883,0.17017757983951953,False
normal_0518,4,0,0,5.181302988348541,0.3429627587120064,False
normal_0518,5,0,0,4.374783520087448,0.3442610657205099,False
normal_0518,6,0,0,4.220729400826051,0.47408668251519287,False
normal_0518,7,0,0,5.117199390689994,0.43727160425357087,False
normal_0518,8,0,0,4.358668295873121,0.3188521382738754,False
normal_0518,9,0,0,4.6858481024664,0.17548343246018905,False
normal_0518,10,0,0,4.192472925015373,0.02058306846564199,False
normal_0518,11,0,0,5.8665728653949465,0.47559191490653574,False
normal_0518,12,0,0,4.651532779632173,0.17485784750514372,False
normal_0518,13,0,0,4.219688956755772,0.20265633951055784,False
normal_0518,14,0,0,5.027157482725811,0.7085938043614215,False
normal_0518,15,0,0,6.799351648679139,0.46343253949732477,False
normal_0518,16,0,0,4.727476477935018,0.03351989218794172,False
normal_0518,17,0,0,4.8776341120250875,0.05514786241552589,False
normal_0518,18,0,0,6.29395994104351,0.32605820176847083,False
normal_0518,19,0,0,4.945819511615984,0.13577495785413224,False
normal_0518,20,0,0,4.934465281285751,0.6013279575471608,False
normal_0518,21,0,0,5.719345478984965,0.7531496803559984,False
normal_0518,22,0,0,5.154277590890982,0.41169449180728374,False
normal_0518,23,0,0,3.978857338904261,0.6711601190312206,False
normal_0518,24,0,0,4.7407205026409,0.2641055434920106,False
normal_0519,0,0,0,,,False
normal_0519,1,0,0,,,False
normal_0519,2,0,0,6.493904504284889,0.3178847892765605,False
normal_0519,3,0,0,4.474296207760344,0.2156920404375109,False
normal_0519,4,0,0,3.807238328674533,0.23034126826128923,False
normal_0519,5,0,0,4.842641089811999,0.09620107061262237,False
normal_0519,6,0,0,5.8491069053548514,0.6225425593926989,False
normal_0519,7,0,0,4.319316937830966,0.07689364798303058,False
normal_0519,8,0,0,5.0662949302893905,0.22872756911952355,False
normal_0519,9,0,0,6.8601640881192045,1.0149704142854097,False
normal_0519,10,0,0,6.607569879786524,0.485655389949161,False
normal_0519,11,0,0,5.206508247042766,0.05842711804476154,False
normal_0519,12,0,0,7.672071248213045,0.21002058015257435,False
normal_0520,0,0,0,,,False
normal_0520,1,0,0,,,False
normal_0520,2,0,0,5.747148437408324,0.3791168034271657,False
normal_0520,3,0,0,5.1251595383204105,0.06034623359591195,False
normal_0520,4,0,0,5.781804461854224,0.41196987910103794,False
normal_0520,5,0,0,6.1580718168141075,0.3156883067515088,False
normal_0520,6,0,0,6.245461485452656,0.2385522905449699,False
normal_0520,7,0,0,5.073749739339114,0.1296145308356752,False
normal_0520,8,0,0,6.036693212349721,0.5239839885603977,False
normal_0520,9,0,0,6.010636448885979,0.0564780278844493,False
normal_0520,10,0,0,4.820820919767887,0.012301805013924475,False
normal_0520,11,0,0,4.5602331367797495,0.27647378689201463,False
normal_0520,12,0,0,5.374319327785668,0.4918102053852715,False
normal_0520,13,0,0,5.716667512398451,0.4943829877267037,False
normal_0520,14,0,0,5.011746841277706,0.36505287450338336,False
normal_0520,15,0,0,4.40050240752874,0.5005938862371594,False
normal_0520,16,0,0,6.111119572132611,0.3517183158840771,False
normal_0520,17,0,0,5.718938509531642,0.3164286292101253,False
normal_0520,18,0,0,6.311216055300007,0.16216885069828804,False
normal_0520,19,0,0,6.371397989326293,0.3501030381351879,False
normal_0520,20,0,0,7.704108765989989,0.31439292668237734,False
normal_0520,21,0,0,5.086218613601084,0.11598762761664495,False
normal_0520,22,0,0,6.401011222027232,0.20640286198137703,False
normal_0520,23,0,0,7.6703576068313915,0.858729201005846,False
normal_0520,24,0,0,9.409789003001492,0.26950900035068986,False
normal_0520,25,0,0,5.021638824772217,0.1542251713856494,False
normal_0520,26,0,0,6.441152021153484,0.07930693714956909,False
normal_0520,27,0,0,6.840686095145242,0.4993876351638748,False
normal_0520,28,0,0,5.522956204675794,0.6274946573997043,False
normal_0520,29,0,0,6.4176079881662575,0.4235700381571111,False
normal_0520,30,0,0,7.2063096804544164,0.981574706148705,False
normal_0520,31,0,0,6.399339441939058,0.6597668171333491,False
normal_0520,32,0,0,4.651385197887675,0.6537852143433502,False
normal_0520,33,0,0,7.886786532667155,0.09732431544405667,False
normal_0520,34,0,0,9.409818111223275,0.4606901293654662,False
normal_0520,35,0,0,7.570473856923087,0.6120248022361124,False
normal_0520,36,0,0,5.673470511448227,0.46494263577927614,False
normal_0520,37,0,0,9.816851309610227,1.0114737688536464,False
normal_0520,38,0,0,6.901038856002351,0.043437501007625064,False
normal_0520,39,0,0,4.7901010783088,0.006694334706923837,False
normal_0520,40,0,0,6.40859578958968,0.7922949306168114,False
normal_0520,41,0,0,7.8152344704766294,0.5271581936849242,False
normal_0520,42,0,0,6.622582427100461,0.010364471676624893,False
normal_0520,43,0,0,4.935224468830643,0.3015153413470883,False
normal_0520,44,0,0,5.505033958280848,0.6181374956820679,False
normal_0520,45,0,0,6.031485092665267,0.3446849352731378,False
normal_0520,46,0,0,5.990580579983014,0.1351491754586237,False
normal_0520,47,0,0,6.194674344533998,0.35065240035571865,False
normal_0520,48,0,0,6.094532086196657,0.41944517891286803,False
normal_0520,49,0,0,5.736442528108429,0.5355445210192102,False
normal_0521,0,0,0,,,False
normal_0521,1,0,0,,,False
normal_0521,2,0,0,4.267482062153559,0.15501706444477514,False
normal_0521,3,0,0,4.820323334605423,0.5495298434003687,False
normal_0521,4,0,0,4.563828051618656,0.03790596583594632,False
normal_0521,5,0,0,5.110019664314069,0.15327902379028027,False
normal_0521,6,0,0,5.637902122459859,0.5242862599770233,False
normal_0521,7,0,0,4.43438850783806,0.33235189389320946,False
normal_0521,8,0,0,5.7798668692504584,0.23498593871163725,False
normal_0521,9,0,0,5.7287519942462986,0.12404687643561564,False
normal_0521,10,0,0,5.78493779710039,0.548284350941664,False
normal_0521,11,0,0,4.531950704625039,0.17195997752179834,False
normal_0521,12,0,0,3.897535462998988,0.05429517385255196,False
normal_0521,13,0,0,5.619881019707651,0.814266657320737,False
normal_0521,14,0,0,4.496207120732431,0.5682656564955558,False
normal_0521,15,0,0,4.653931330925362,0.4884492392141942,False
normal_0521,16,0,0,5.892911376924913,0.08000665999041105,False
normal_0521,17,0,0,4.982036242304827,0.32176324218177443,False
normal_0521,18,0,0,3.738767629286098,0.11284884976375426,False
normal_0521,19,0,0,4.808725007715939,0.16630142148037386,False
normal_0521,20,0,0,6.075020488101352,0.5980708603527253,False
normal_0521,21,0,0,4.7331990025089885,0.1786059859721374,False
normal_0521,22,0,0,4.442817247216566,0.2914926379047861,False
normal_0521,23,0,0,4.920200328863339,0.28889475183237556,False
normal_0521,24,0,0,6.639692061702161,0.27636213364918866,False
normal_0521,25,0,0,4.7171537442515,0.1926176611089185,False
normal_0521,26,0,0,4.505496157047415,0.3898599945870021,False
normal_0521,27,0,0,5.11116267981749,0.6018413809322828,False
normal_0521,28,0,0,4.605527894517672,0.398272446281736,False
normal_0521,29,0,0,3.6483233628114804,0.26225587626192115,False
normal_0521,30,0,0,4.098001662202584,0.6428972161475311,False
normal_0521,31,0,0,5.865543967762398,0.49236352591580884,False
normal_0521,32,0,0,5.025134809470566,0.11792312181034824,False
normal_0521,33,0,0,5.516987859099267,0.06460661049743997,False
normal_0521,34,0,0,4.839956291307588,0.2452383933155579,False
normal_0521,35,0,0,5.0193100556696395,0.24856147647672913,False
normal_0521,36,0,0,4.7518550546276295,0.3632337029341768,False
normal_0521,37,0,0,5.240756552934812,0.44876549870715327,False
normal_0521,38,0,0,6.225075973403217,0.3628544986873378,False
normal_0521,39,0,0,5.267514923225635,0.38762607210831646,False
normal_0521,40,0,0,4.517455133414784,0.14957985403390797,False
normal_0521,41,0,0,7.703660235850109,0.5249410993198426,False
normal_0521,42,0,0,5.897725546790816,0.1676722471036799,False
normal_0521,43,0,0,4.940040739355958,0.03714151345022579,False
normal_0521,44,0,0,4.900781131062602,0.4428159152535726,False
normal_0521,45,0,0,5.684229928443767,0.529248210178392,False
normal_0521,46,0,0,5.3643386480155755,0.5770677951478168,False
normal_0521,47,0,0,4.436484120179691,0.39161407272330423,False
normal_0521,48,0,0,6.07739301680252,0.29883144448645316,False
normal_0521,49,0,0,6.560131915512237,0.22199591184941517,False
normal_0522,0,0,0,,,False
normal_0522,1,0,0,,,False
normal_0522,2,0,0,4.600485200868188,0.31784206412010485,False
normal_0522,3,0,0,4.427150588764348,0.14275231171630784,False
normal_0522,4,0,0,5.318417845773862,0.37671011595717535,False
normal_0522,5,0,0,6.075310809733178,0.5473725895487401,False
normal_0522,6,0,0,4.7790210492179455,0.12799785889007553,False
normal_0522,7,0,0,6.102172548168014,0.18316053511142566,False
normal_0522,8,0,0,7.396919587892455,0.5281240418808028,False
normal_0522,9,0,0,4.725756809791228,0.34370668888183387,False
normal_0522,10,0,0,4.589969351715932,0.21515320482589298,False
normal_0522,11,0,0,6.637650619445274,0.6926023683117687,False
normal_0522,12,0,0,6.147096709434616,0.6658831738291995,False
normal_0522,13,0,0,4.941043386535433,0.16952915309247435,False
normal_0522,14,0,0,6.942071961850606,0.2734873316816485,False
normal_0522,15,0,0,6.682348495385598,0.041023729307456,False
normal_0522,16,0,0,4.929004039559172,0.35632416551177676,False
normal_0522,17,0,0,3.9108290939330175,0.1928168145250191,False
normal_0522,18,0,0,5.398188205926054,0.49352977336147746,False
normal_0522,19,0,0,4.800651913343322,0.39205099375319297,False
normal_0522,20,0,0,4.65400101063259,0.08342662017963869,False
normal_0522,21,0,0,4.382167445450763,0.5061487092093475,False
normal_0522,22,0,0,5.053533208857167,0.31979038740538734,False
normal_0522,23,0,0,5.00721065914509,0.026900242575241984,False
normal_0522,24,0,0,5.916370458225704,0.11788791110987915,False
normal_0522,25,0,0,4.882823119762399,0.6950021559209971,False
normal_0522,26,0,0,4.730231368430495,0.4043220083200454,False
normal_0522,27,0,0,3.986524692380159,0.12968732313770953,False
normal_0522,28,0,0,4.135886094193052,0.38363032430211436,False
normal_0522,29,0,0,4.354159835270623,0.3283448825730141,False
normal_0522,30,0,0,4.269945541514903,0.5488928560303774,False
normal_0522,31,0,0,4.328651242774126,0.12975633086259875,False
normal_0522,32,0,0,4.476958795292555,0.31758490750778856,False
normal_0522,33,0,0,3.9040697280772307,0.3032911735275059,False
normal_0522,34,0,0,3.487580508612162,0.2899381386347892,False
normal_0522,35,0,0,4.561949401252274,0.3983633143560542,False
normal_0522,36,0,0,4.811098721466433,0.21888081247320143,False
normal_0522,37,0,0,4.715156974908766,0.24713226090100554,False
normal_0522,38,0,0,4.126284612949937,0.4969808290194797,False
normal_0523,0,0,0,,,False
normal_0523,1,0,0,,,False
normal_0523,2,0,0,6.151980447696755,0.5309800009992985,False
normal_0523,3,0,0,7.591857670581754,0.43455248369681204,False
normal_0523,4,0,0,6.093343859538887,0.29737162748572826,False
normal_0523,5,0,0,5.544920745540318,0.08683799525520228,False
normal_0523,6,0,0,7.128102999429451,0.1756997937746447,False
normal_0523,7,0,0,8.610240878182914,0.6410893157726996,False
normal_0523,8,0,0,4.858532485208042,0.443310940705466,False
normal_0523,9,0,0,5.770041050591097,0.588955724263146,False
normal_0523,10,0,0,7.339988428222132,0.08273268028746453,False
normal_0523,11,0,0,8.164290211508947,0.29204237898710506,False
normal_0523,12,0,0,5.441353613274931,0.2546959414862344,False
normal_0523,13,0,0,6.49796987063337,0.7541190353932197,False
normal_0523,14,0,0,7.764591892445213,0.4388300715685462,False
normal_0523,15,0,0,5.024613584840858,0.14552027557374442,False
normal_0523,16,0,0,5.151258864423906,0.20547694667169644,False
normal_0523,17,0,0,6.6110887715781255,0.5968786471109061,False
normal_0523,18,0,0,6.462805393025621,0.5638104190355178,False
normal_0523,19,0,0,6.186029619353735,0.14569536868977423,False
normal_0523,20,0,0,5.528991756286634,0.10296883293716849,False
normal_0523,21,0,0,5.378507268926447,0.12248483849694344,False
normal_0523,22,0,0,5.039667094731257,0.07424130599974568,False
normal_0523,23,0,0,6.5592369580078165,0.45965006611979936,False
normal_0523,24,0,0,7.116049585348766,0.8065821784373434,False
normal_0524,0,0,0,,,False
normal_0524,1,0,0,,,False
normal_0524,2,0,0,4.233854577921705,0.4064698558269562,False
normal_0524,3,0,0,5.969445382599602,0.5912122028826863,False
normal_0524,4,0,0,6.33588348988373,0.22273629100338804,False
normal_0524,5,0,0,4.522675595396969,0.21166987136193868,False
normal_0524,6,0,0,3.8712044049868983,0.36512593267982907,False
normal_0524,7,0,0,5.231730923785912,0.3547869993256786,False
normal_0524,8,0,0,5.078443652311587,0.5260723603754652,False
normal_0524,9,0,0,5.0941706827711934,0.22828180805118894,False
normal_0524,10,0,0,5.345673446661167,0.025233498916359186,False
normal_0525,0,0,0,,,False
normal_0525,1,0,0,,,False
normal_0525,2,0,0,4.328817830947771,0.06728017782056077,False
normal_0525,3,0,0,5.145757340320313,0.7061200321555969,False
normal_0525,4,0,0,5.447461177945208,0.43027967705897296,False
normal_0525,5,0,0,4.537763395902924,0.3466039413205979,False
normal_0525,6,0,0,5.599125953168287,0.06330236187980222,False
normal_0525,7,0,0,5.274438020406062,0.6262123762949774,False
normal_0525,8,0,0,5.008075116036966,0.2543241551537551,False
normal_0525,9,0,0,5.565518857004961,0.2861529800969381,False
normal_0525,10,0,0,5.51197364430712,0.30689416796777225,False
normal_0525,11,0,0,4.36044209927843,0.5497082720107794,False
normal_0525,12,0,0,5.189141686087122,0.571624313148398,False
normal_0525,13,0,0,5.907213505994084,0.479342199454797,False
normal_0525,14,0,0,6.581922882691757,0.6011819946803109,False
normal_0525,15,0,0,4.267883813636385,0.17585095362089007,False
normal_0525,16,0,0,4.666365089619904,0.17644829537317738,False
normal_0525,17,0,0,5.615499169464802,0.6107219588737484,False
normal_0525,18,0,0,5.001672432429757,0.6259950567605874,False
normal_0525,19,0,0,4.078788562666089,0.219417436260705,False
normal_0525,20,0,0,4.655347376453647,0.7181668171631358,False
normal_0525,21,0,0,4.782199960284845,0.4218469357766548,False
normal_0525,22,0,0,4.203154892776011,0.33370205603550085,False
normal_0525,23,0,0,4.146233241873085,0.20755450774554227,False
normal_0525,24,0,0,4.715813683712967,0.5590225886048169,False
normal_0525,25,0,0,4.437922259687094,0.1780265326719537,False
normal_0525,26,0,0,4.49702468707638,0.12765207601093595,False
normal_0525,27,0,0,5.013147346460923,0.5965295459626168,False
normal_0525,28,0,0,5.960978950568221,0.5058525603658827,False
normal_0525,29,0,0,4.883239602747632,0.28299552016066054,False
normal_0525,30,0,0,5.88235897661455,0.3926763664524602,False
normal_0525,31,0,0,7.787834695990415,0.5505910733489735,False
normal_0525,32,0,0,5.050964795171518,0.23097046246603783,False
normal_0525,33,0,0,3.7674711522664768,0.07757626945815985,False
normal_0525,34,0,0,5.267655560333591,0.44918285745973247,False
normal_0525,35,0,0,4.77563024400202,0.20109720350957613,False
normal_0525,36,0,0,5.051455033661163,0.4728943038125075,False
normal_0525,37,0,0,4.7042409684875475,0.3746712790134433,False
normal_0525,38,0,0,4.71351204240014,0.4163032475079618,False
normal_0525,39,0,0,4.739632071171617,0.32926179884320417,False
normal_0525,40,0,0,4.572555571142882,0.3151778770901733,False
normal_0525,41,0,0,6.564156143350858,0.23308527433604465,False
normal_0525,42,0,0,5.3765706388747985,0.6221569015585446,False
normal_0525,43,0,0,5.47459101558711,0.15892006213046678,False
normal_0525,44,0,0,4.084663000797472,0.35323480795722256,False
normal_0525,45,0,0,7.570767002769081,0.5271400407693583,False
normal_0525,46,0,0,6.191474415489382,0.5296278725700182,False
normal_0525,47,0,0,5.456653079761696,0.03130615142636451,False
normal_0525,48,0,0,5.371491774957256,0.28691478582673086,False
normal_0525,49,0,0,5.744465244075756,0.09685040400255508,False
normal_0526,0,0,0,,,False
normal_0526,1,0,0,,,False
normal_0526,2,0,0,4.335977500933233,0.20725853502938554,False
normal_0526,3,0,0,5.608965047218073,0.3384732853433808,False
normal_0526,4,0,0,5.4667541466163465,0.1285837019609326,False
normal_0526,5,0,0,4.593173385129945,0.01995471662833416,False
normal_0526,6,0,0,4.826458256437404,0.5162923889591302,False
normal_0526,7,0,0,5.037437549040524,0.11787932560509395,False
normal_0526,8,0,0,5.446444628761497,0.550081165497844,False
normal_0526,9,0,0,6.134158342031195,0.25341207515941533,False
normal_0526,10,0,0,6.922468008543151,0.6895873861977913,False
normal_0526,11,0,0,6.749321313788816,0.1176902739756508,False
normal_0526,12,0,0,4.218217225936633,0.08929317074908649,False
normal_0526,13,0,0,5.6251776337488435,0.2864108721340435,False
normal_0526,14,0,0,5.875433592413728,0.06424155479660655,False
normal_0526,15,0,0,5.971781223690392,0.46023146706837315,False
normal_0526,16,0,0,4.238905179202869,0.21219336484291926,False
normal_0526,17,0,0,5.032425630607039,0.3906146789980076,False
normal_0526,18,0,0,6.884049298672209,0.3809827556023539,False
normal_0526,19,0,0,5.6364749565844,0.23329760051333723,False
normal_0526,20,0,0,6.517242590895857,0.05347585888766015,False
normal_0526,21,0,0,7.496362774111513,0.5932924872769751,False
normal_0526,22,0,0,7.5086474304251745,0.16601492113641825,False
normal_0526,23,0,0,4.3119170222377745,0.15254535952759785,False
normal_0526,24,0,0,5.505635430262675,0.130869174960575,False
normal_0526,25,0,0,7.019523018678018,0.8186890183393111,False
normal_0526,26,0,0,5.899948680806085,0.381630727812705,False
normal_0526,27,0,0,5.538217895789221,0.2619673362726241,False
normal_0526,28,0,0,6.712770617237428,0.0628401774318905,False
normal_0526,29,0,0,4.909044776470544,0.12091937211223884,False
normal_0526,30,0,0,4.491028793197031,0.20968196199769668,False
normal_0526,31,0,0,5.456668673355792,0.13689221087516393,False
normal_0526,32,0,0,5.671906702187829,0.6229826790865549,False
normal_0526,33,0,0,4.700683922351938,0.3568160540542445,False
normal_0526,34,0,0,4.587551383637586,0.36260478175784455,False
normal_0526,35,0,0,5.319156123227757,0.09953585293706771,False
normal_0526,36,0,0,5.925151720587312,0.32891079542765544,False
normal_0526,37,0,0,4.671745802443269,0.07325699038212266,False
normal_0526,38,0,0,4.405237837065137,0.36877332046552036,False
normal_0526,39,0,0,4.248806250836594,0.34033799309758095,False
normal_0526,40,0,0,4.1690645505594235,0.24177544201194617,False
normal_0526,41,0,0,3.6915132607568872,0.38529282348105676,False
normal_0526,42,0,0,4.636409556019591,0.5643564557879714,False
normal_0526,43,0,0,5.956855903628367,0.4361973198752764,False
normal_0526,44,0,0,4.930610670940837,0.14562391822854098,False
normal_0526,45,0,0,4.855460166820685,0.16966381240252612,False
normal_0526,46,0,0,6.025695058146361,0.6457385593545614,False
normal_0526,47,0,0,5.5247526346472045,0.6712591441930758,False
normal_0526,48,0,0,4.614014303360132,0.29710814892919574,False
normal_0526,49,0,0,4.989997693333609,0.6449230029607156,False
normal_0527,0,0,0,,,False
normal_0527,1,0,0,,,False
normal_0527,2,0,0,4.633265309367512,0.11277032500838105,False
normal_0527,3,0,0,6.524913631150613,0.8468755874848287,False
normal_0527,4,0,0,7.837739447151978,0.8100936005036089,False
normal_0527,5,0,0,5.365065848746499,0.264397826457404,False
normal_0527,6,0,0,8.733936950320468,0.7466077972670148,False
normal_0527,7,0,0,10.647160071895629,0.4066862575493398,False
normal_0527,8,0,0,6.558643340931101,0.36812591802853445,False
normal_0527,9,0,0,5.422569833318671,0.5396472777239267,False
normal_0527,10,0,0,9.209332521101778,0.33445034620005926,False
normal_0527,11,0,0,10.227234947813598,0.8070529342156395,False
normal_0527,12,0,0,5.5494294022302455,0.1831400780403069,False
normal_0527,13,0,0,7.515434238790619,0.15764763437268184,False
normal_0527,14,0,0,8.352216014125348,1.0940572663838408,False
normal_0527,15,0,0,6.366275117511019,0.32234311725939985,False
normal_0527,16,0,0,6.609413659539508,0.5783199614783667,False
normal_0527,17,0,0,6.837836126335315,0.11194433011089142,False
normal_0527,18,0,0,6.3264047162131005,0.7787964925259202,False
normal_0527,19,0,0,5.999428539214065,0.19707189490742252,False
normal_0527,20,0,0,5.442244088266118,0.06940900644481295,False
normal_0527,21,0,0,6.421728142904851,0.6156321577724408,False
normal_0527,22,0,0,4.617034481786905,0.4930156472682994,False
normal_0527,23,0,0,5.954034448024289,0.28276231188544904,False
normal_0527,24,0,0,6.451805628965238,0.21398901823542663,False
normal_0527,25,0,0,5.778452079962979,0.2702017102293474,False
normal_0527,26,0,0,3.9045250540468324,0.19084604339637112,False
normal_0527,27,0,0,4.480261271218591,0.10670258939019948,False
normal_0527,28,0,0,5.311177959165723,0.48532828020361857,False
normal_0527,29,0,0,4.312878410924483,0.06612345400685174,False
normal_0527,30,0,0,4.385679228217358,0.25353566378297415,False
normal_0527,31,0,0,4.842396309313646,0.32064209394228727,False
normal_0527,32,0,0,5.70054898856097,0.23003593949752008,False
normal_0527,33,0,0,5.550544129109739,0.37121730841240724,False
normal_0527,34,0,0,4.831956370036131,0.36057450546250086,False
normal_0527,35,0,0,5.721236335044549,0.9199291210044397,False
normal_0527,36,0,0,6.708040836173121,0.8956773295235597,False
normal_0527,37,0,0,4.410917345785234,0.049209012391754396,False
normal_0527,38,0,0,6.689096659449629,0.5815288169369873,False
normal_0527,39,0,0,8.092747226289019,0.7575123049028194,False
normal_0527,40,0,0,5.40612955007633,0.21924851908040965,False
normal_0527,41,0,0,6.219547446386738,0.06857799292987525,False
normal_0527,42,0,0,5.39292697900589,0.3700534136190229,False
normal_0527,43,0,0,5.0959237934283195,0.08883740489837154,False
normal_0527,44,0,0,4.814757172176919,0.3894012648139444,False
normal_0527,45,0,0,5.03602648823135,0.1532068029058281,False
normal_0527,46,0,0,5.879638168863419,0.040727103983210874,False
normal_0527,47,0,0,5.580053651411224,0.5478049624196426,False
normal_0527,48,0,0,5.34509085553479,0.11589430722604334,False
normal_0528,0,0,0,,,False
normal_0528,1,0,0,,,False
normal_0528,2,0,0,7.125929053172267,0.20944934624843833,False
normal_0528,3,0,0,5.779603451814997,0.2986526850578027,False
normal_0528,4,0,0,4.066743091569155,0.09929938665230453,False
normal_0528,5,0,0,6.225945477078237,0.0344639390978457,False
normal_0528,6,0,0,6.649498348217622,0.6246131038649815,False
normal_0528,7,0,0,5.781606807965592,0.5058166320352877,False
normal_0528,8,0,0,5.622808412685733,0.2341647821301008,False
normal_0528,9,0,0,8.235024017390431,0.4496553570785115,False
normal_0528,10,0,0,8.769077134377985,0.97323504141426,False
normal_0528,11,0,0,4.969338073229664,0.08722247172860213,False
normal_0528,12,0,0,6.1267456478136895,0.3687658149493855,False
normal_0528,13,0,0,6.722684442976668,0.1727036565539112,False
normal_0528,14,0,0,4.441405153117143,0.5056595042532015,False
normal_0528,15,0,0,5.12649215008126,0.07780207226446675,False
normal_0528,16,0,0,6.305881255176565,0.08529797586626241,False
normal_0528,17,0,0,5.766185668532839,0.04924373993920043,False
normal_0528,18,0,0,4.860929839698424,0.3474347707180123,False
normal_0528,19,0,0,4.275698142156226,0.21489042184257917,False
normal_0528,20,0,0,5.857723318237319,0.6371428572062824,False
normal_0528,21,0,0,5.2866640469959485,0.38348348523172515,False
normal_0528,22,0,0,4.89098564382882,0.2502201373751402,False
normal_0528,23,0,0,6.15213258736573,0.600529706643868,False
normal_0528,24,0,0,5.609207801278669,0.3387969515263192,False
normal_0528,25,0,0,5.358702229854008,0.08985537518268935,False
normal_0528,26,0,0,5.616493255115156,0.06790460231561367,False
normal_0528,27,0,0,6.564186889680034,0.49904938229686263,False
normal_0528,28,0,0,4.176076498393308,0.09115145106900792,False
normal_0528,29,0,0,3.9449719405991814,0.15313397733955256,False
normal_0528,30,0,0,4.942738239833576,0.39830015436902116,False
normal_0528,31,0,0,4.003120025993806,0.2572388561784801,False
normal_0528,32,0,0,3.8009820708030744,0.41804351256006467,False
normal_0528,33,0,0,4.8160582241554675,0.35324852879763063,False
normal_0528,34,0,0,5.001998539223897,0.47820125752263115,False
normal_0528,35,0,0,5.07130943797905,0.11736108735228794,False
normal_0529,0,0,0,,,False
normal_0529,1,0,0,,,False
normal_0529,2,0,0,5.438972689715693,0.33601600407844373,False
normal_0529,3,0,0,4.227466203974057,0.4919087243210237,False
normal_0529,4,0,0,4.928309293116545,0.19797485190010206,False
normal_0529,5,0,0,7.468928945804723,0.3688389665127482,False
normal_0529,6,0,0,5.886291808879541,0.5246232057171938,False
normal_0529,7,0,0,4.581331903561182,0.21239295739220704,False
normal_0529,8,0,0,7.274780287488501,0.702276653657122,False
normal_0529,9,0,0,6.679386059310885,0.053972164016286295,False
normal_0529,10,0,0,5.5580765667121055,0.0897750383215405,False
normal_0529,11,0,0,5.5493407833664365,0.6060938558336566,False
normal_0529,12,0,0,10.097221090355493,0.09154150383785979,False
normal_0529,13,0,0,6.757043512239005,0.04445693367209269,False
normal_0529,14,0,0,5.209111132682794,0.1430853236095746,False
normal_0529,15,0,0,5.7995538479508975,0.5375268789225182,False
normal_0529,16,0,0,7.2704819756569306,0.06261947478362029,False
normal_0529,17,0,0,5.475789973130646,0.4847671815011422,False
normal_0529,18,0,0,5.224060328351833,0.15758960792945978,False
normal_0529,19,0,0,5.113381312400617,0.574802596594943,False
normal_0529,20,0,0,5.913643684483709,0.37632180995208786,False
normal_0529,21,0,0,5.652587699085056,0.15552693866097467,False
normal_0529,22,0,0,6.0739498861472905,0.04624864740313813,False
normal_0529,23,0,0,6.564230009827139,0.959374451237087,False
normal_0529,24,0,0,6.3965357390967155,0.05585788275015211,False
normal_0530,0,0,0,,,False
normal_0530,1,0,0,,,False
normal_0530,2,0,0,5.160477199299259,0.5754696626205715,False
normal_0530,3,0,0,4.978786849470658,0.21756308533036836,False
normal_0530,4,0,0,4.887141582932478,0.0593802914280231,False
normal_0530,5,0,0,4.645931022608951,0.5108150070345188,False
normal_0530,6,0,0,4.235998216322014,0.08070925127330274,False
normal_0530,7,0,0,4.294631303115714,0.15882509923541457,False
normal_0530,8,0,0,6.669674228636512,0.5707961570130349,False
normal_0530,9,0,0,6.372736260921265,0.021186771357300096,False
normal_0530,10,0,0,5.4989751584221205,0.010963459084122312,False
normal_0531,0,0,0,,,False
normal_0532,0,0,0,,,False
normal_0532,1,0,0,,,False
normal_0532,2,0,0,4.493753226677775,0.28448724720089674,False
normal_0532,3,0,0,4.961369486088419,0.37410141887563136,False
normal_0532,4,0,0,5.544136906665815,0.42919177732051716,False
normal_0532,5,0,0,5.557863490448021,0.13200775635806866,False
normal_0532,6,0,0,5.524213722270843,0.09959017956955707,False
normal_0532,7,0,0,5.977236703173251,0.09588430425678172,False
normal_0532,8,0,0,6.510765484996587,0.46277438202417864,False
normal_0532,9,0,0,7.324425313662753,0.3494609686958357,False
normal_0532,10,0,0,4.237031314881917,0.1090653972162031,False
normal_0532,11,0,0,5.197136556044387,0.14269468863027746,False
normal_0532,12,0,0,5.721610820805611,0.7772446637410363,False
normal_0532,13,0,0,6.870974444399535,0.22473953809270877,False
normal_0532,14,0,0,5.238999153377878,0.26672757945350445,False
normal_0532,15,0,0,4.180753048484565,0.2706281405336973,False
normal_0532,16,0,0,4.6597265635826615,0.3220448756988198,False
normal_0532,17,0,0,4.612745039404282,0.2943040558056031,False
normal_0532,18,0,0,5.447995069509612,0.7161854282750209,False
normal_0532,19,0,0,5.170600723178313,0.5091394894412669,False
normal_0532,20,0,0,5.120607589393006,0.20367310214075746,False
normal_0532,21,0,0,4.205201228750952,0.5589572463176176,False
normal_0532,22,0,0,5.780083197031112,0.38025206816225915,False
normal_0532,23,0,0,5.2791849706444,0.35774480441210577,False
normal_0532,24,0,0,4.587246196784192,0.05355626623973262,False
normal_0532,25,0,0,4.677830314090776,0.2605583928455279,False
normal_0532,26,0,0,6.046445214430768,0.6392376648477583,False
normal_0532,27,0,0,4.595499140247185,0.11111873307717296,False
normal_0532,28,0,0,4.5392229798422585,0.2625210653278748,False
normal_0532,29,0,0,6.154192600246286,0.6446399225174404,False
normal_0532,30,0,0,6.010431880222874,0.5622423120645816,False
normal_0532,31,0,0,5.485738868157438,0.08642451977537295,False
normal_0532,32,0,0,4.376106389009775,0.14151426789463512,False
normal_0532,33,0,0,5.503140365248541,0.4649737950457936,False
normal_0532,34,0,0,5.249355158015823,0.44513526154316235,False
normal_0532,35,0,0,4.657578259456887,0.375233765516582,False
normal_0532,36,0,0,5.687251346723893,0.607066445212146,False
normal_0532,37,0,0,5.2660899604987925,0.3938778648957865,False
normal_0532,38,0,0,4.35346558910775,0.46272507847781086,False
normal_0532,39,0,0,5.5033166178714845,0.18522694752986169,False
normal_0532,40,0,0,5.788030527647599,0.40357985720950634,False
normal_0532,41,0,0,4.73908274985554,0.32799070918687423,False
normal_0532,42,0,0,4.375557831942559,0.1426164286812974,False
normal_0532,43,0,0,5.61229781684938,0.534735510875843,False
normal_0532,44,0,0,5.401536782168456,0.15633811393300423,False
normal_0532,45,0,0,5.272500348068765,0.4788900697451382,False
normal_0532,46,0,0,5.0916237007325345,0.003986993213393956,False
normal_0532,47,0,0,6.819068235419395,0.7230411967694673,False
normal_0532,48,0,0,6.195056033615238,0.08887480130446881,False
normal_0532,49,0,0,4.656878788863232,0.02885512094342556,False
normal_0533,0,0,0,,,False
normal_0533,1,0,0,,,False
normal_0533,2,0,0,4.133462350239445,0.3702357902750245,False
normal_0533,3,0,0,5.906647743079326,0.36551041132698936,False
normal_0533,4,0,0,5.4280857680149035,0.3840578458954414,False
normal_0533,5,0,0,4.849260694907115,0.16934814309863633,False
normal_0533,6,0,0,4.4261945026673155,0.275464713578636,False
normal_0533,7,0,0,4.549670390128943,0.17983002571758866,False
normal_0533,8,0,0,4.209310526201,0.03062811295995286,False
normal_0533,9,0,0,4.400426397941164,0.29353225857192966,False
normal_0533,10,0,0,4.026897973126594,0.3466949186702365,False
normal_0533,11,0,0,4.609405342460008,0.6606496278408847,False
normal_0533,12,0,0,4.703576214642278,0.4277296531278303,False
normal_0533,13,0,0,6.630018784959515,0.09979181622541641,False
normal_0533,14,0,0,7.084932271630117,0.47137925911666684,False
normal_0533,15,0,0,5.316707439409154,0.3939438563271309,False
normal_0533,16,0,0,4.464552440123953,0.49811412980369274,False
normal_0533,17,0,0,6.116326314185124,0.22870952343852594,False
normal_0533,18,0,0,4.246570708503893,0.255242320536056,False
normal_0533,19,0,0,4.1661516737040865,0.5257246035477462,False
normal_0533,20,0,0,6.4843164808800715,0.45946078681221436,False
normal_0533,21,0,0,5.341145199986798,0.3752009209616498,False
normal_0533,22,0,0,5.6401261080795875,0.2945981579670734,False
normal_0533,23,0,0,3.918016934573526,0.07337327644294533,False
normal_0533,24,0,0,5.7893551485369485,0.6083889328122507,False
normal_0533,25,0,0,5.854326604679032,0.8135601900360361,False
normal_0533,26,0,0,5.847231188898399,0.1890585509711986,False
normal_0533,27,0,0,3.653235348313737,0.23819611397758494,False
normal_0533,28,0,0,5.588418314877394,0.7090021166863032,False
normal_0533,29,0,0,5.50217762819091,0.5047573612024688,False
normal_0533,30,0,0,5.424724860192075,0.07321845230192571,False
normal_0533,31,0,0,5.314740550279262,0.4715135824498307,False
normal_0533,32,0,0,5.172609291886921,0.1557167180186658,False
normal_0533,33,0,0,3.4966803997940037,0.3072716556486123,False
normal_0533,34,0,0,4.237257330095329,0.1906861198791498,False
normal_0533,35,0,0,4.355359900073168,0.41300276476485825,False
normal_0533,36,0,0,4.067322798773379,0.2968312127745363,False
normal_0533,37,0,0,4.652966846522236,0.24028232651606687,False
normal_0533,38,0,0,4.125600096325098,0.06604232985481333,False
normal_0533,39,0,0,4.720108980321034,0.3165305347870823,False
normal_0533,40,0,0,3.920776362422199,0.013704152556460276,False
normal_0533,41,0,0,4.136764171854787,0.18606408393282878,False
normal_0533,42,0,0,4.397958257543817,0.3166855892725798,False
normal_0533,43,0,0,3.876639890280879,0.23643256816631492,False
normal_0533,44,0,0,3.7774073931522003,0.5550732105252052,False
normal_0533,45,0,0,4.301999848355842,0.69215714059509,False
normal_0533,46,0,0,4.243510943249584,0.4982891136022315,False
normal_0533,47,0,0,5.313179070573692,0.055536921798013617,False
normal_0533,48,0,0,4.016193661602265,0.007667364381897217,False
normal_0533,49,0,0,4.683783479129894,0.5279782975098896,False
normal_0534,0,0,0,,,False
normal_0534,1,0,0,,,False
normal_0534,2,0,0,6.701477129238554,0.6969172248983059,False
normal_0534,3,0,0,5.386861902424401,0.22308283914975433,False
normal_0534,4,0,0,5.946482148856792,0.48019222089340424,False
normal_0534,5,0,0,5.100032259950124,0.38618144282936756,False
normal_0534,6,0,0,4.881852299240911,0.20880669239682478,False
normal_0534,7,0,0,5.353617904117335,0.17732806083200683,False
normal_0534,8,0,0,5.903199038827865,0.5448777360499735,False
normal_0534,9,0,0,4.726697075711313,0.42128071777152476,False
normal_0534,10,0,0,4.416017273628626,0.23539805069196235,False
normal_0534,11,0,0,4.138058611452241,0.06332183069228596,False
normal_0534,12,0,0,4.719819446936885,0.5893741888070809,False
normal_0534,13,0,0,4.826834437668687,0.3770353410337933,False
normal_0534,14,0,0,4.754696683810066,0.284955432469885,False
normal_0534,15,0,0,4.552398908871205,0.1548761401183624,False
normal_0534,16,0,0,5.65705148480663,0.31822647004374727,False
normal_0534,17,0,0,4.211179816038862,0.09008512531566912,False
normal_0534,18,0,0,4.03604727119892,0.10878319537393297,False
normal_0534,19,0,0,5.948311512237474,0.7302581557566846,False
normal_0534,20,0,0,5.627519377444923,0.1017074700734225,False
normal_0534,21,0,0,5.090867403193955,0.07968166688878713,False
normal_0534,22,0,0,5.607857234524633,0.944864456124288,False
normal_0534,23,0,0,7.052992356953481,0.16394380903021114,False
normal_0534,24,0,0,5.021373837494152,0.20845179677782033,False
normal_0534,25,0,0,5.852150809197911,0.044577058189157505,False
normal_0534,26,0,0,6.2846551763331115,0.6805786601006136,False
normal_0534,27,0,0,5.701043591818068,0.5332719298622335,False
normal_0534,28,0,0,4.656097700540272,0.3314965703429491,False
normal_0534,29,0,0,5.368547725900143,0.47127550650758027,False
normal_0534,30,0,0,5.678009297314674,0.5520004591472549,False
normal_0534,31,0,0,6.258075295477095,0.3643733005199914,False
normal_0534,32,0,0,4.546873596475571,0.051363513381288535,False
normal_0534,33,0,0,4.992253904460365,0.39195117281012,False
normal_0534,34,0,0,5.294914704853313,0.09898956546233645,False
normal_0534,35,0,0,6.308996116598308,0.5306295151880921,False
normal_0534,36,0,0,5.786759330594335,0.07583936143952485,False
normal_0534,37,0,0,7.122845495354315,0.678960993931523,False
normal_0535,0,0,0,,,False
normal_0535,1,0,0,,,False
normal_0535,2,0,0,4.053965969084532,0.18240757523514992,False
normal_0535,3,0,0,4.185040548007339,0.1653331016649991,False
normal_0535,4,0,0,4.852893546641618,0.30396007788462565,False
normal_0535,5,0,0,3.59036302352726,0.2533633723387455,False
normal_0535,6,0,0,4.699822663786791,0.25538332805800334,False
normal_0535,7,0,0,5.773887584934394,0.8128511098958302,False
normal_0535,8,0,0,4.8448824452202786,0.003972490101870327,False
normal_0535,9,0,0,7.0721670653814295,0.7200864041471433,False
normal_0535,10,0,0,6.673803038343363,0.7054690188199724,False
normal_0535,11,0,0,4.244118291677906,0.16178750867919223,False
normal_0535,12,0,0,5.356486819242979,0.4921488886650398,False
normal_0535,13,0,0,5.752836763084645,0.42102324329146695,False
normal_0535,14,0,0,5.497439964693229,0.6135593796195807,False
normal_0535,15,0,0,4.603206336107153,0.4120639074322672,False
normal_0535,16,0,0,5.344037159434116,0.575151493630224,False
normal_0535,17,0,0,6.573388770571189,0.3406280547899262,False
normal_0535,18,0,0,5.844018605121117,0.439664562310719,False
normal_0535,19,0,0,5.538296554398492,0.1730050109966979,False
normal_0535,20,0,0,7.215874340083918,0.9211494864086727,False
normal_0535,21,0,0,8.771265118847529,0.20058593608096734,False
normal_0535,22,0,0,4.36812784352954,0.24808748314540824,False
normal_0535,23,0,0,5.9583130612245085,0.40432907206705887,False
normal_0535,24,0,0,7.559543766636476,1.1051049281280183,False
normal_0536,0,0,0,,,False
normal_0536,1,0,0,,,False
normal_0536,2,0,0,4.025696472543691,0.47131270243780593,False
normal_0536,3,0,0,5.000780269640168,0.6109851412552681,False
normal_0536,4,0,0,5.219845922763568,0.5717969905439385,False
normal_0536,5,0,0,5.689707052260963,0.02393311745571716,False
normal_0536,6,0,0,5.111585832851664,0.25749390177171316,False
normal_0536,7,0,0,5.786725508566465,0.3205821876371137,False
normal_0536,8,0,0,5.056713025552682,0.23553388286490146,False
normal_0536,9,0,0,4.4453461082196535,0.11065171090928659,False
normal_0537,0,0,0,,,False
normal_0537,1,0,0,,,False
normal_0537,2,0,0,5.035316873532705,0.4334349258565413,False
normal_0537,3,0,0,4.889695499458281,0.43888438416238673,False
normal_0537,4,0,0,4.671926545757311,0.3437303948533933,False
normal_0537,5,0,0,5.199472738898105,0.15235218901813935,False
normal_0537,6,0,0,6.273531998564125,0.7151648028611736,False
normal_0537,7,0,0,4.195675506616269,0.1725096470543276,False
normal_0537,8,0,0,4.4707685003544055,0.13990040163359582,False
normal_0537,9,0,0,5.165614967336789,0.5259324498970402,False
normal_0537,10,0,0,4.304167429708982,0.3836467512944055,False
normal_0537,11,0,0,3.9788738196417497,0.17858298342939377,False
normal_0537,12,0,0,4.811578532437867,0.5328308435879775,False
normal_0537,13,0,0,4.968427350774652,0.3590078269925358,False
normal_0537,14,0,0,4.399921856565069,0.31490916888751375,False
normal_0537,15,0,0,4.0644888187372485,0.15272799505016607,False
normal_0537,16,0,0,4.735232092789031,0.5822362417657645,False
normal_0537,17,0,0,4.44495959524264,0.13697282286283782,False
normal_0537,18,0,0,4.250579635542555,0.12372230193919366,False
normal_0537,19,0,0,5.118644033564685,0.5785948613079882,False
normal_0537,20,0,0,5.390361998250481,0.32813919905277605,False
normal_0537,21,0,0,5.121825607451044,0.307613250291412,False
normal_0537,22,0,0,4.731574025943301,0.22470307252560556,False
normal_0537,23,0,0,7.537270545486837,0.6862470479014849,False
normal_0537,24,0,0,5.396591620177136,0.2992358712216036,False
normal_0537,25,0,0,4.483017205793259,0.11160612479471262,False
normal_0537,26,0,0,5.307264125661014,0.5306482677370691,False
normal_0537,27,0,0,6.2326080999336035,0.38263031529115626,False
normal_0537,28,0,0,5.998659650512864,0.4715226329944099,False
normal_0537,29,0,0,5.490472547571783,0.035258058454047114,False
normal_0537,30,0,0,5.861529310525359,0.33309651262635653,False
normal_0537,31,0,0,5.438349706916159,0.3754124499497706,False
normal_0537,32,0,0,4.591293187050401,0.28840196512839794,False
normal_0537,33,0,0,6.178612729179613,0.32813649982597104,False
normal_0537,34,0,0,5.421261986075248,0.4542167583358873,False
normal_0537,35,0,0,5.2679525187875065,0.1412849862845512,False
normal_0537,36,0,0,3.9966593747037127,0.2743588144495573,False
normal_0537,37,0,0,5.1456810565724,0.3502460913215628,False
normal_0537,38,0,0,5.558474958289183,0.5083769677214324,False
normal_0537,39,0,0,5.870215894863988,0.3747992716449122,False
normal_0537,40,0,0,4.703862215983475,0.27714437942362985,False
normal_0537,41,0,0,4.870427815844912,0.08063299111381313,False
normal_0537,42,0,0,5.159124661672572,0.16278751231123162,False
normal_0537,43,0,0,4.006853300600038,0.19916764567737824,False
normal_0537,44,0,0,5.2490780761257385,0.2565722578002516,False
normal_0537,45,0,0,5.529854611630614,0.34288733232493734,False
normal_0537,46,0,0,5.721593516601925,0.03573661235814574,False
normal_0537,47,0,0,3.8114532566998878,0.35537986540486133,False
normal_0537,48,0,0,5.3025187673665615,0.2850870763433413,False
normal_0537,49,0,0,5.707240479167466,0.5565995739543761,False
normal_0538,0,0,0,,,False
normal_0538,1,0,0,,,False
normal_0538,2,0,0,4.6913154953761484,0.2648773750483613,False
normal_0538,3,0,0,3.7895269834265117,0.2465179963198616,False
normal_0538,4,0,0,4.0336315001174645,0.3351200913068162,False
normal_0538,5,0,0,4.349696857155138,0.5650925170323137,False
normal_0538,6,0,0,4.794101256326747,0.2734447575387175,False
normal_0538,7,0,0,4.389226800739551,0.0643523088367547,False
normal_0538,8,0,0,4.628235880456181,0.019640405546027456,False
normal_0538,9,0,0,5.1418143522682,0.5432004502990216,False
normal_0538,10,0,0,5.063890880766497,0.3453898713968898,False
normal_0538,11,0,0,5.2293683280144245,0.33210501581754515,False
normal_0538,12,0,0,5.955480007105738,0.6785790515932811,False
normal_0538,13,0,0,5.662259213080862,0.4130897931611205,False
normal_0538,14,0,0,4.710378646641971,0.7056834395744658,False
normal_0538,15,0,0,4.74021939286611,0.25923358336137503,False
normal_0538,16,0,0,5.898272263927109,0.39746080354225816,False
normal_0538,17,0,0,5.069173543491548,0.02459065064230568,False
normal_0538,18,0,0,4.170625362559551,0.07409889579341117,False
normal_0538,19,0,0,4.547441719368653,0.42980526198377034,False
normal_0538,20,0,0,4.477517424168436,0.0744498781994182,False
normal_0538,21,0,0,5.463880638506556,0.5720536856714011,False
normal_0538,22,0,0,5.145993868186866,0.09053629192795062,False
normal_0538,23,0,0,5.830249931148416,0.4659004039306714,False
normal_0538,24,0,0,7.01889587137921,0.3342553359602032,False
normal_0538,25,0,0,4.753477362903162,0.1880057463954064,False
normal_0538,26,0,0,5.5978317956485455,0.6676233193746763,False
normal_0538,27,0,0,6.990046422208912,0.27758921618787813,False
normal_0538,28,0,0,6.398011974420377,0.3178291128964861,False
normal_0538,29,0,0,4.883253849123256,0.20747193025142552,False
normal_0538,30,0,0,6.519635140629847,0.6800332738040192,False
normal_0538,31,0,0,7.147051307716276,0.4544149091837655,False
normal_0538,32,0,0,5.114365455561749,0.14590656598721244,False
normal_0538,33,0,0,6.8309328080560965,0.0845257686285288,False
normal_0538,34,0,0,7.4686055498779345,0.6397708073274904,False
normal_0538,35,0,0,7.45964453848396,0.2964249581647503,False
normal_0538,36,0,0,4.676360279586368,0.18356281589150303,False
normal_0538,37,0,0,5.769572495915026,0.09856685564452025,False
normal_0538,38,0,0,7.550206550804471,0.7978380405836643,False
normal_0538,39,0,0,6.875305105508417,0.3210163306136529,False
normal_0538,40,0,0,6.895991688533333,0.47275343836240913,False
normal_0538,41,0,0,7.878783994161682,0.09632067744839083,False
normal_0538,42,0,0,4.785514962861199,0.0043083670057097205,False
normal_0538,43,0,0,5.551656594170486,0.42611983677956183,False
normal_0538,44,0,0,5.989308158556823,0.06347153608936862,False
normal_0538,45,0,0,5.320284760761967,0.3768020270776036,False
normal_0538,46,0,0,4.294656376656516,0.3552141514410049,False
normal_0538,47,0,0,4.976566312035609,0.3432719924250378,False
normal_0538,48,0,0,5.096532028447268,0.09505695224899335,False
normal_0538,49,0,0,5.7175026480416875,0.27888742563547825,False
normal_0539,0,0,0,,,False
normal_0539,1,0,0,,,False
normal_0539,2,0,0,6.375264820158595,0.2729839405686639,False
normal_0539,3,0,0,6.635902447941672,1.2035507115886532,False
normal_0539,4,0,0,8.188912656617438,1.4479119039769652,False
normal_0539,5,0,0,7.97704218886269,1.2141972702351649,False
normal_0539,6,0,0,4.470348027879553,0.2359749557367673,False
normal_0539,7,0,0,6.912532664431297,0.9056302870764003,False
normal_0539,8,0,0,5.978411405299795,0.6099872316803411,False
normal_0539,9,0,0,5.536161179880544,0.13848107312757402,False
normal_0539,10,0,0,6.7314598892290824,0.20315668111578664,False
normal_0539,11,0,0,6.690583413470482,0.49929597468030734,False
normal_0539,12,0,0,4.2070065801752365,0.12102049842390038,False
normal_0539,13,0,0,4.698936766227654,0.1367534988111912,False
normal_0539,14,0,0,5.952573405234325,0.522823042709306,False
normal_0539,15,0,0,5.24934228992079,0.2378481796372555,False
normal_0539,16,0,0,4.463144486945151,0.33979414547686715,False
normal_0539,17,0,0,4.740424651153888,0.16816234544388295,False
normal_0539,18,0,0,5.798988984109152,0.21154838342335502,False
normal_0539,19,0,0,5.043047998693656,0.3782103876826866,False
normal_0539,20,0,0,4.462643791873476,0.013446816035800597,False
normal_0539,21,0,0,4.567198697717221,0.4353461249436913,False
normal_0539,22,0,0,5.493506395253821,0.5007429146647067,False
normal_0539,23,0,0,4.234762241678602,0.3532641288524547,False
normal_0539,24,0,0,4.615784526702163,0.56694577715111,False
normal_0539,25,0,0,6.684408142293034,0.6635671167299259,False
normal_0539,26,0,0,5.3264284049767,0.13704538086900586,False
normal_0539,27,0,0,4.952236593665016,0.1404610658379139,False
normal_0539,28,0,0,4.075452672058124,0.24740812918655988,False
normal_0539,29,0,0,5.394147588956031,0.18516601864220142,False
normal_0539,30,0,0,4.8743052046775714,0.4343713390006848,False
normal_0539,31,0,0,3.9793654566478476,0.1292840714588166,False
normal_0539,32,0,0,5.1567122784168715,0.17459187744729418,False
normal_0539,33,0,0,5.178265132025554,0.6206025165774588,False
normal_0539,34,0,0,4.572958090068753,0.10653846056569574,False
normal_0540,0,0,0,,,False
normal_0540,1,0,0,,,False
normal_0540,2,0,0,4.806499560641167,0.00809470844893259,False
normal_0540,3,0,0,4.564867460818063,0.5745434873817998,False
normal_0540,4,0,0,8.31236473373231,0.5354028469725532,False
normal_0540,5,0,0,6.479034678391429,0.7893871986174895,False
normal_0540,6,0,0,6.114463294012963,0.2129465351359163,False
normal_0540,7,0,0,7.310369100288464,1.0378971051958887,False
normal_0540,8,0,0,6.7246530960924185,0.8378108064772013,False
normal_0540,9,0,0,4.132396494737635,0.183502544623569,False
normal_0540,10,0,0,4.379543658673335,0.3342476738381948,False
normal_0540,11,0,0,5.305245719146658,0.11985217058683635,False
normal_0540,12,0,0,5.489498950435038,0.326519989605161,False
normal_0540,13,0,0,5.0275819926221175,0.07324819265991314,False
normal_0540,14,0,0,4.7092021544197955,0.3519859019704915,False
normal_0540,15,0,0,4.688865251106979,0.23131890877602912,False
normal_0540,16,0,0,4.392147507174412,0.2802655312971469,False
normal_0540,17,0,0,5.53196804882845,0.35407334020742315,False
normal_0540,18,0,0,5.231187693886944,0.3807713300358327,False
normal_0540,19,0,0,5.039703349501432,0.27324152353387554,False
normal_0540,20,0,0,4.332467562905557,0.4648556644672889,False
normal_0540,21,0,0,5.815456745865096,0.44152616077259405,False
normal_0540,22,0,0,5.455641038550642,0.24410811448242156,False
normal_0541,0,0,0,,,False
normal_0541,1,0,0,,,False
normal_0541,2,0,0,4.379162381936976,0.15962544096122586,False
normal_0541,3,0,0,5.182548804485253,0.5450391240583937,False
normal_0541,4,0,0,5.727122274040501,0.20775826518504292,False
normal_0541,5,0,0,5.457427243980497,0.21597723316030035,False
normal_0541,6,0,0,6.6720572287643956,0.13281966099453293,False
normal_0541,7,0,0,6.3723585080301275,0.7430903520221955,False
normal_0541,8,0,0,6.47032658904373,0.32645416090295865,False
normal_0541,9,0,0,3.827401301067751,0.3002341443007624,False
normal_0542,0,0,0,,,False
normal_0542,1,0,0,,,False
normal_0542,2,0,0,4.49018851186343,0.2227391309015156,False
normal_0542,3,0,0,4.0953669606073015,0.2547457415588179,False
normal_0542,4,0,0,4.759295178521284,0.00570086196563891,False
normal_0542,5,0,0,6.842829533271527,0.725934108930103,False
normal_0542,6,0,0,5.144439546863423,0.0942733509899004,False
normal_0542,7,0,0,5.675091109948408,0.10858730026610124,False
normal_0543,0,0,0,,,False
normal_0543,1,0,0,,,False
normal_0543,2,0,0,3.9429320249086497,0.23327607893909957,False
normal_0543,3,0,0,3.99240520341461,0.26870214915768753,False
normal_0543,4,0,0,4.760436915612915,0.49271507381806035,False
normal_0543,5,0,0,5.76451761588902,0.4120680840463274,False
normal_0543,6,0,0,5.109914247347047,0.12260948374778628,False
normal_0543,7,0,0,4.059469636877666,0.20096656886809097,False
normal_0543,8,0,0,6.65684358969187,0.7432781006678305,False
normal_0543,9,0,0,5.625311355521127,0.22893161118596259,False
normal_0543,10,0,0,4.6259797784324315,0.050913765833861674,False
normal_0543,11,0,0,3.7634355379184377,0.5024496203380081,False
normal_0543,12,0,0,6.167496870571828,0.650141164378212,False
normal_0543,13,0,0,4.876251146998817,0.3283775942682366,False
normal_0543,14,0,0,4.642602285098168,0.05114870635030031,False
normal_0543,15,0,0,7.03505979577675,0.7052246834019793,False
normal_0543,16,0,0,4.969182452321204,0.4830754856448383,False
normal_0543,17,0,0,4.122310070896053,0.02608061010697813,False
normal_0543,18,0,0,4.79949906844707,0.4774479366543178,False
normal_0543,19,0,0,6.286133493361512,0.030733344409748842,False
normal_0543,20,0,0,5.7119432638266225,0.3477120483837481,False
normal_0543,21,0,0,5.341828390247977,0.015082643117898111,False
normal_0543,22,0,0,6.183253065523807,0.41229275923861936,False
normal_0543,23,0,0,6.58055563685715,0.4476980373298349,False
normal_0543,24,0,0,4.11535704145241,0.004865495508326075,False
normal_0543,25,0,0,5.002936255233873,0.45712593850543004,False
normal_0543,26,0,0,5.803324448687827,0.0445101832018872,False
normal_0543,27,0,0,4.573136873061035,0.1411138743519045,False
normal_0543,28,0,0,4.304691057197508,0.40762592098498085,False
normal_0543,29,0,0,6.01506554340786,0.4014892899842101,False
normal_0543,30,0,0,6.553901392888886,0.8592047081362515,False
normal_0543,31,0,0,5.508285750336761,0.04986573810056132,False
normal_0543,32,0,0,6.259981414994783,0.8683698819865594,False
normal_0543,33,0,0,6.305385998841967,0.3507021941282892,False
normal_0543,34,0,0,4.27477018269194,0.08439002933979084,False
normal_0543,35,0,0,4.297389793194729,0.0566054486103139,False
normal_0543,36,0,0,4.641905889737521,0.08268634031478932,False
normal_0543,37,0,0,4.680580286765199,0.44239653091131326,False
normal_0543,38,0,0,4.684694863942345,0.15249023893773683,False
normal_0543,39,0,0,4.148750544593161,0.41785149637617935,False
normal_0543,40,0,0,4.880514543746546,0.26615581983071107,False
normal_0543,41,0,0,3.8316377771959225,0.3357169350511206,False
normal_0543,42,0,0,4.079389764964025,0.3468233939152665,False
normal_0543,43,0,0,4.379042358799239,0.01872675159809536,False
normal_0543,44,0,0,4.1112114505650785,0.30738508006491594,False
normal_0543,45,0,0,3.844612930035609,0.37345368542782154,False
normal_0543,46,0,0,4.170161833643564,0.4056624416884499,False
normal_0543,47,0,0,4.34106381397423,0.017514355960971575,False
normal_0543,48,0,0,5.945148565234248,0.775028605215484,False
normal_0543,49,0,0,4.110846394811324,0.04607161584911703,False
normal_0544,0,0,0,,,False
normal_0544,1,0,0,,,False
normal_0544,2,0,0,4.1518812244963605,0.17724817967144302,False
normal_0544,3,0,0,4.53269648790748,0.3224267470487236,False
normal_0544,4,0,0,4.689342863845783,0.12461296059176773,False
normal_0544,5,0,0,4.430353439820671,0.3674436765874273,False
normal_0544,6,0,0,4.2803617394568905,0.4059157066402082,False
normal_0544,7,0,0,4.0877613860370206,0.6154707949658907,False
normal_0544,8,0,0,4.939446833707525,0.4780973229363612,False
normal_0544,9,0,0,4.329114627074471,0.3873774846529734,False
normal_0544,10,0,0,5.2428011457705646,0.09522917886447782,False
normal_0544,11,0,0,5.531904637119218,0.2415968137534911,False
normal_0544,12,0,0,6.4727711386188735,0.41118161969854383,False
normal_0544,13,0,0,4.092646173994839,0.13577065370555533,False
normal_0544,14,0,0,5.175787598559389,0.3029350453442899,False
normal_0544,15,0,0,7.192206795884668,1.0028060708765087,False
normal_0544,16,0,0,7.122952988595022,0.478234168731768,False
normal_0544,17,0,0,4.628565517170599,0.08555089186674818,False
normal_0544,18,0,0,5.140013921635808,0.07316434290867851,False
normal_0544,19,0,0,7.484115238330605,0.4137698412186603,False
normal_0544,20,0,0,5.397916773522415,0.10025813901054509,False
normal_0544,21,0,0,5.235393969585402,0.6486877501825041,False
normal_0544,22,0,0,7.418023482663366,0.8868805641809605,False
normal_0544,23,0,0,5.923552610578629,0.5671273166578142,False
normal_0544,24,0,0,4.635540576384938,0.5016383690488871,False
normal_0544,25,0,0,5.527735144978948,0.008759919611480258,False
normal_0544,26,0,0,8.443344758985283,0.6084970868572578,False
normal_0544,27,0,0,4.9231669995644305,0.282077962072229,False
normal_0544,28,0,0,4.9884165201639235,0.1760714666360808,False
normal_0544,29,0,0,6.7076382257314195,0.3314797201133762,False
normal_0544,30,0,0,5.575396172933536,0.32703364445651384,False
normal_0544,31,0,0,4.463074583901206,0.31291109804477235,False
normal_0544,32,0,0,5.4432224166271865,0.6887284606887004,False
normal_0544,33,0,0,8.75253551062165,0.3439156288411212,False
normal_0544,34,0,0,6.285411051801131,0.19165130656445592,False
normal_0544,35,0,0,4.636787353080111,0.06474172344157994,False
normal_0544,36,0,0,5.94606413208476,0.7164912508967127,False
normal_0544,37,0,0,6.69406791723397,0.6598501432956492,False
normal_0544,38,0,0,5.025796136726144,0.04232716401109013,False
normal_0544,39,0,0,4.725299710381649,0.30816300833494303,False
normal_0544,40,0,0,4.980069571063292,0.5582744013515404,False
normal_0544,41,0,0,5.162914427032184,0.6153138521723271,False
normal_0544,42,0,0,4.35659697904955,0.2992758027795991,False
normal_0544,43,0,0,6.451090349195752,0.0651294032715337,False
normal_0544,44,0,0,5.84196065827235,0.7545250147388244,False
normal_0544,45,0,0,5.476529704042798,0.16334230782340467,False
normal_0544,46,0,0,4.234666907043895,0.38206264456854266,False
normal_0544,47,0,0,5.3197545337962735,0.2924601367766567,False
normal_0544,48,0,0,5.420974055488121,0.6225328843765484,False
normal_0544,49,0,0,5.734824673593543,0.39541677955043175,False
normal_0545,0,0,0,,,False
normal_0545,1,0,0,,,False
normal_0545,2,0,0,4.508164009952973,0.43989199637723136,False
normal_0545,3,0,0,4.02243462488152,0.25997894133978544,False
normal_0545,4,0,0,5.087541526414325,0.24812231098461907,False
normal_0545,5,0,0,5.331448766494411,0.6955905382242759,False
normal_0545,6,0,0,4.781373266769525,0.24860699581695642,False
normal_0545,7,0,0,6.896130357306902,0.5716015097924245,False
normal_0545,8,0,0,7.158124572470373,0.24750699547549673,False
normal_0545,9,0,0,5.787210666967073,0.41060643659172363,False
normal_0545,10,0,0,4.745316411531021,0.2150841641936713,False
normal_0545,11,0,0,4.9992028011749,0.3549033921561083,False
normal_0545,12,0,0,6.967046582874616,0.8005004463036792,False
normal_0545,13,0,0,4.6494726408608615,0.5342316676600368,False
normal_0545,14,0,0,4.913792002359319,0.4189864063073742,False
normal_0545,15,0,0,6.010818207920341,0.04180683298420154,False
normal_0545,16,0,0,5.016796687612044,0.23356911012619672,False
normal_0545,17,0,0,3.8410582155564033,0.16542139326691463,False
normal_0545,18,0,0,4.22354660355771,0.01106121297173878,False
normal_0545,19,0,0,7.02885593042285,0.8365590294454547,False
normal_0545,20,0,0,5.096669413428457,0.19430494487604863,False
normal_0545,21,0,0,5.32002173813527,0.07078324464753093,False
normal_0545,22,0,0,6.7115355462794115,0.6568740954167054,False
normal_0545,23,0,0,6.136745155633715,0.27179888062175195,False
normal_0545,24,0,0,6.089966056255307,0.07369812558929348,False
normal_0545,25,0,0,5.391165869166511,0.3968569184054222,False
normal_0545,26,0,0,6.761210518309331,0.31580469782432874,False
normal_0545,27,0,0,4.988748917608906,0.4136168340624052,False
normal_0545,28,0,0,4.307818170406016,0.002782783135063818,False
normal_0545,29,0,0,5.7143042904817705,0.589753343357766,False
normal_0545,30,0,0,7.385772993251955,0.5813744672710377,False
normal_0545,31,0,0,5.23108736475875,0.14264637239461714,False
normal_0545,32,0,0,6.260641669956499,0.4747670190278417,False
normal_0545,33,0,0,5.721812089093949,0.28503491545943427,False
normal_0545,34,0,0,4.487257678868624,0.16582627924213805,False
normal_0545,35,0,0,4.350914653273438,0.3074327619960588,False
normal_0546,0,0,0,,,False
normal_0546,1,0,0,,,False
normal_0546,2,0,0,7.332908635204724,1.029283822288796,False
normal_0546,3,0,0,7.086353372131646,0.18200833883497466,False
normal_0546,4,0,0,4.103783870908196,0.16898095485620898,False
normal_0546,5,0,0,4.8819071937905125,0.2944864060296447,False
normal_0546,6,0,0,6.673072269932483,0.6423148616479433,False
normal_0546,7,0,0,5.207855059600246,0.2532307606607388,False
normal_0546,8,0,0,4.888312593549286,0.2542675124502248,False
normal_0546,9,0,0,4.968645669021174,0.06914500131146276,False
normal_0546,10,0,0,8.214198845149854,0.9674857430422374,False
normal_0546,11,0,0,5.99996049693975,0.4818535343855413,False
normal_0546,12,0,0,4.8921568862751,0.3235558370712083,False
normal_0546,13,0,0,6.447141833563293,0.42378256926692176,False
normal_0546,14,0,0,5.558374488533372,0.5255329426536026,False
normal_0546,15,0,0,4.948190708156493,0.16090708072227083,False
normal_0546,16,0,0,6.172472103731937,0.2228910945774155,False
normal_0546,17,0,0,6.894080767418008,0.8705496161401808,False
normal_0546,18,0,0,4.867661309126634,0.02643664092685245,False
normal_0546,19,0,0,4.433650387804315,0.216031682076942,False
normal_0546,20,0,0,5.985484106294938,0.423374019037928,False
normal_0546,21,0,0,4.75907698441595,0.37934123378987855,False
normal_0547,0,0,0,,,False
normal_0547,1,0,0,,,False
normal_0547,2,0,0,5.995673557326097,0.4018414749585297,False
normal_0547,3,0,0,4.7006929028622535,0.22126161106190506,False
normal_0547,4,0,0,4.364004582146939,0.1405533778859862,False
normal_0547,5,0,0,5.694983739037738,0.1764177294151212,False
normal_0547,6,0,0,6.008886045999396,0.22837551676699414,False
normal_0548,0,0,0,,,False
normal_0548,1,0,0,,,False
normal_0548,2,0,0,4.39680070374098,0.3074360377008461,False
normal_0548,3,0,0,4.756260104623795,0.5153601586341414,False
normal_0548,4,0,0,4.093272965332833,0.20484677563246573,False
normal_0548,5,0,0,3.663007629786493,0.5069557646732504,False
normal_0548,6,0,0,4.809888080802124,0.53215045225011,False
normal_0548,7,0,0,4.460779687074911,0.4795196783883275,False
normal_0549,0,0,0,,,False
normal_0549,1,0,0,,,False
normal_0549,2,0,0,3.8103414189970537,0.4163920692264498,False
normal_0549,3,0,0,5.103582796018883,0.47950401516213376,False
normal_0549,4,0,0,5.232307934050996,0.1889766441533578,False
normal_0549,5,0,0,5.589568678547138,0.4557421988108191,False
normal_0549,6,0,0,4.340377118244902,0.2712171656077229,False
normal_0549,7,0,0,6.307238205840718,0.42618177239592975,False
normal_0549,8,0,0,5.343561313793482,0.36258992310185223,False
normal_0549,9,0,0,4.183994689204932,0.1086784320586134,False
normal_0549,10,0,0,5.39766867124107,0.16379887390480444,False
normal_0549,11,0,0,5.582223968213392,0.4534581038873653,False
normal_0549,12,0,0,5.211443298133464,0.38359385164678594,False
normal_0549,13,0,0,4.376274379724528,0.07199172914641867,False
normal_0549,14,0,0,4.750825263102863,0.2323074538334877,False
normal_0549,15,0,0,4.624940463689572,0.4276498212727438,False
normal_0549,16,0,0,4.617392363506451,0.16197317626076368,False
normal_0549,17,0,0,4.619632580254814,0.15180366866057632,False
normal_0549,18,0,0,3.9772454655872527,0.27419801620885503,False
normal_0549,19,0,0,4.316884599544567,0.5058563481959704,False
normal_0549,20,0,0,4.356117327062751,0.42366231544588934,False
normal_0549,21,0,0,5.036670964796021,0.12428690821209744,False
normal_0549,22,0,0,6.0675543470181585,0.6521558703222717,False
normal_0549,23,0,0,4.384867090667798,0.26461697564402364,False
normal_0549,24,0,0,4.046638374538748,0.01346234303435279,False
normal_0549,25,0,0,6.282149204974473,0.6425797801293421,False
normal_0549,26,0,0,5.389634167088533,0.53453109792973,False
normal_0549,27,0,0,4.7102079750286805,0.2653185173893995,False
normal_0549,28,0,0,5.475025443074801,0.5894276366531032,False
normal_0549,29,0,0,6.347624987384023,0.441382321141035,False
normal_0549,30,0,0,5.195623820790007,0.33995586057036126,False
normal_0549,31,0,0,4.439740637179875,0.034159566320028194,False
normal_0549,32,0,0,6.376839744354103,0.729130986687771,False
normal_0549,33,0,0,4.750193761753285,0.3380067742790255,False
normal_0549,34,0,0,4.663902682350117,0.023549410353682007,False
normal_0549,35,0,0,4.8693550834842485,0.5184553425777975,False
normal_0549,36,0,0,5.615152227080112,0.4673055010701404,False
normal_0549,37,0,0,5.213213150883193,0.421806244647281,False
normal_0549,38,0,0,5.473277645384321,0.1894873532175903,False
normal_0549,39,0,0,7.30474703004059,1.0725092800363327,False
normal_0549,40,0,0,5.390264313730189,0.36004080974971486,False
normal_0549,41,0,0,3.9606420442240307,0.2257478881653503,False
normal_0549,42,0,0,5.892998580366115,0.4364534996390643,False
normal_0549,43,0,0,4.842443379434035,0.330105103767522,False
normal_0549,44,0,0,4.618794442113904,0.36815728140702686,False
normal_0549,45,0,0,5.140036078997807,0.19764351986321493,False
normal_0549,46,0,0,5.8769522174339786,0.37499680176420364,False
normal_0549,47,0,0,5.165229031831767,0.23648252043820822,False
normal_0549,48,0,0,4.048723488501977,0.2983670366905285,False
normal_0549,49,0,0,4.699004716708221,0.3071335985739159,False
normal_0550,0,0,0,,,False
normal_0550,1,0,0,,,False
normal_0550,2,0,0,8.768661035541708,0.35199618298434543,False
normal_0550,3,0,0,8.320466618641538,1.0432895675162042,False
normal_0550,4,0,0,5.970335447831991,0.03017103764012576,False
normal_0550,5,0,0,5.915339127192099,0.5750577042098889,False
normal_0550,6,0,0,8.640697178013777,0.4651357511694872,False
normal_0550,7,0,0,5.78734336896468,0.02796426378887816,False
normal_0550,8,0,0,4.852228636218594,0.18748988225959462,False
normal_0550,9,0,0,6.899280147962263,0.01832921154565407,False
normal_0550,10,0,0,6.799738317525564,0.3324355935302122,False
normal_0550,11,0,0,4.352099226872532,0.09823694995997713,False
normal_0550,12,0,0,4.683150370381458,0.18507940596856104,False
normal_0550,13,0,0,8.843019495162427,0.651745955752542,False
normal_0550,14,0,0,9.289414536946834,0.8636579514609973,False
normal_0550,15,0,0,6.087650125619914,0.14289894862436192,False
normal_0550,16,0,0,6.710788313358004,0.4120795853974802,False
normal_0550,17,0,0,7.8947976458402,0.3291057874449546,False
normal_0550,18,0,0,6.17273601264381,0.5967803974992092,False
normal_0550,19,0,0,6.808651501945742,0.7514808482385492,False
normal_0550,20,0,0,7.815232763710519,0.9224034203110848,False
normal_0550,21,0,0,5.638563865098415,0.20454669665861006,False
normal_0550,22,0,0,4.515262443621354,0.6197999056382008,False
normal_0550,23,0,0,5.037552004867391,0.2166153216695944,False
normal_0550,24,0,0,6.657735762456767,0.26332077828139994,False
normal_0550,25,0,0,5.054454494938234,0.3339234379833101,False
normal_0550,26,0,0,4.663644718309196,0.38171840804876506,False
normal_0550,27,0,0,5.658052330340169,0.6247099149588597,False
normal_0550,28,0,0,4.902721670264941,0.057415844732547766,False
normal_0550,29,0,0,4.777874559601151,0.17152067106837837,False
normal_0550,30,0,0,5.665383894613299,0.43908901631793923,False
normal_0550,31,0,0,7.1260022497281765,0.45293720120150965,False
normal_0550,32,0,0,5.768727456699118,0.04263002363823118,False
normal_0550,33,0,0,4.753986891132382,0.2017681868686582,False
normal_0550,34,0,0,6.2611289479353225,0.5532682333893728,False
normal_0550,35,0,0,5.431127608533373,0.35908527234296705,False
normal_0550,36,0,0,4.5331395566987815,0.12776765065289636,False
normal_0550,37,0,0,5.7557920370344,0.6453676802916374,False
normal_0550,38,0,0,5.78662083472648,0.65770801208201,False
normal_0550,39,0,0,5.535192956980263,0.5348564001415397,False
normal_0550,40,0,0,4.544768998063982,0.2074482470551446,False
normal_0550,41,0,0,7.382934124980923,0.34975360628170954,False
normal_0550,42,0,0,6.656023423395986,0.6264462267844452,False
normal_0550,43,0,0,6.689561672799976,0.08186868868099788,False
normal_0550,44,0,0,4.910281786601636,0.43182155992224996,False
normal_0550,45,0,0,6.70263327136312,0.44170608434861564,False
normal_0550,46,0,0,6.440676736618226,0.6499567389623893,False
normal_0550,47,0,0,7.3924795318927226,0.5343554153372984,False
normal_0550,48,0,0,7.227763083657603,0.7139947442918474,False
normal_0551,0,0,0,,,False
normal_0551,1,0,0,,,False
normal_0551,2,0,0,4.773677307400415,0.36725836182998,False
normal_0551,3,0,0,5.510988032858095,0.14747710765305516,False
normal_0551,4,0,0,5.559985601129256,0.36820768935118525,False
normal_0551,5,0,0,5.108576684037087,0.27249188821481196,False
normal_0551,6,0,0,3.3819481645917553,0.17845560293512963,False
normal_0551,7,0,0,3.888773536431669,0.31381114684173433,False
normal_0551,8,0,0,4.545329606978446,0.5741730183913158,False
normal_0551,9,0,0,5.603531734605852,0.364019488912794,False
normal_0551,10,0,0,4.986703982527046,0.0820539477407011,False
normal_0551,11,0,0,4.680652334253527,0.1778885319872902,False
normal_0551,12,0,0,6.722811402646356,0.4515182428113652,False
normal_0551,13,0,0,4.378369417712973,0.2515259456655387,False
normal_0551,14,0,0,4.753786230817468,0.3915017774566722,False
normal_0551,15,0,0,6.196928206998177,0.8161827274705937,False
normal_0551,16,0,0,5.305646593896021,0.6129000146159468,False
normal_0551,17,0,0,3.8855983267010124,0.47600981698834455,False
normal_0551,18,0,0,4.560370942773766,0.5676366479842642,False
normal_0551,19,0,0,6.674259154979931,0.724959711078526,False
normal_0551,20,0,0,6.713748493256411,0.15790167015388532,False
normal_0551,21,0,0,4.357154543647712,0.29907910434796714,False
normal_0551,22,0,0,5.429731744138959,0.5128384816666968,False
normal_0551,23,0,0,5.130297571695105,0.123220841417853,False
normal_0551,24,0,0,4.719328521884637,0.14916963900275731,False
normal_0551,25,0,0,5.811596326645835,0.7335340440653239,False
normal_0551,26,0,0,6.289773711555459,0.5721882554477539,False
normal_0551,27,0,0,4.576163163411745,0.16849873659074577,False
normal_0551,28,0,0,5.850269285874042,0.3204316297238917,False
normal_0551,29,0,0,5.685856528377705,0.4425974588460557,False
normal_0551,30,0,0,5.267779202251442,0.062121393104145724,False
normal_0551,31,0,0,4.01131040922035,0.008827286978047853,False
normal_0551,32,0,0,4.749716682970824,0.4016343014056489,False
normal_0551,33,0,0,4.07711460850007,0.34445986012228963,False
normal_0551,34,0,0,4.785684652798455,0.6949622391235665,False
normal_0551,35,0,0,4.235717889235607,0.37676245535722286,False
normal_0551,36,0,0,5.3289960614228935,0.39084664907978495,False
normal_0551,37,0,0,6.398376932625344,0.06654874634327472,False
normal_0551,38,0,0,4.670249018179743,0.026646408723332266,False
normal_0551,39,0,0,4.9252284531936175,0.5669324137553713,False
normal_0551,40,0,0,6.519557712458006,0.05568234735858767,False
normal_0551,41,0,0,5.038419120132644,0.10721107038854254,False
normal_0551,42,0,0,5.580344541202852,0.6061573477244573,False
normal_0551,43,0,0,6.5696570599663895,0.47289565252506055,False
normal_0551,44,0,0,5.446001452656592,0.040249020931323466,False
normal_0551,45,0,0,5.001736421355797,0.1741358067731832,False
normal_0552,0,0,0,,,False
normal_0552,1,0,0,,,False
normal_0552,2,0,0,5.951654905442762,0.6320129570996357,False
normal_0552,3,0,0,4.582354239584467,0.1005821876233983,False
normal_0552,4,0,0,5.493538445595459,0.0327507239310884,False
normal_0552,5,0,0,5.438174191917064,0.6267672628399109,False
normal_0552,6,0,0,5.1271328220309655,0.12002291382480942,False
normal_0552,7,0,0,5.909219885265332,0.2088498989615338,False
normal_0552,8,0,0,5.724009782520216,0.6088971433368513,False
normal_0552,9,0,0,5.82282712356698,0.7938217177627794,False
normal_0552,10,0,0,5.115249412800238,0.4022712553214188,False
normal_0552,11,0,0,5.195845103914583,0.1448530317701847,False
normal_0552,12,0,0,6.561467147104498,0.8965722699322276,False
normal_0552,13,0,0,5.365121198563155,0.49503687072674335,False
normal_0552,14,0,0,5.343970288839313,0.5116005525164828,False
normal_0552,15,0,0,7.016549256327143,0.17519132615116145,False
normal_0552,16,0,0,4.811565937861567,0.12346002942062166,False
normal_0552,17,0,0,3.7021142117012666,0.2774372713817533,False
normal_0552,18,0,0,4.528213644771569,0.16242887477921675,False
normal_0552,19,0,0,5.782358677492688,0.5857260367512103,False
normal_0552,20,0,0,4.309875005485087,0.03883179340729039,False
normal_0552,21,0,0,5.165467441357413,0.21150759067277822,False
normal_0552,22,0,0,5.85872155640148,0.7341583855408559,False
normal_0552,23,0,0,5.660472091653926,0.3147283535491461,False
normal_0552,24,0,0,4.741208377605186,0.01981562069123563,False
normal_0552,25,0,0,6.004105486995528,0.14465300063326683,False
normal_0552,26,0,0,6.409197627437666,0.7169161394158575,False
normal_0552,27,0,0,5.321640140071273,0.5270056282967374,False
normal_0552,28,0,0,3.9052111780763066,0.40951932932634294,False
normal_0552,29,0,0,5.459041929829607,0.6918843815938728,False
normal_0552,30,0,0,5.813239553437238,0.728907979790353,False
normal_0552,31,0,0,5.701049775423422,0.21663429235921525,False
normal_0552,32,0,0,5.0345847988437,0.060831827112980554,False
normal_0552,33,0,0,4.058007585617385,0.41956400353869744,False
normal_0552,34,0,0,4.158552341248744,0.12606289024819572,False
normal_0552,35,0,0,4.330454601612387,0.39020245469794307,False
normal_0552,36,0,0,6.1373628325865495,0.43254346746334776,False
normal_0552,37,0,0,5.651659556962465,0.12126916931944995,False
normal_0552,38,0,0,5.5004450958004005,0.24856253515108337,False
normal_0552,39,0,0,4.410288586330943,0.20502900167315644,False
normal_0552,40,0,0,8.945458113141994,0.28233054948296565,False
normal_0552,41,0,0,7.496029395182323,0.0708321758726448,False
normal_0552,42,0,0,6.532162781682473,0.11106786371741627,False
normal_0552,43,0,0,4.489713111831384,0.28951738146042144,False
normal_0552,44,0,0,7.944980893066166,0.8295944159065993,False
normal_0553,0,0,0,,,False
normal_0553,1,0,0,,,False
normal_0553,2,0,0,6.571754493421274,0.5776377513038891,False
normal_0553,3,0,0,4.316185496124581,0.2141341870375281,False
normal_0553,4,0,0,4.578827697480615,0.21250240617855168,False
normal_0553,5,0,0,5.318758892618507,0.578705313005098,False
normal_0553,6,0,0,4.843218926039481,0.37036796021305607,False
normal_0553,7,0,0,3.8947252775851378,0.2869325056391827,False
normal_0553,8,0,0,5.041985101261534,0.28825533324355956,False
normal_0553,9,0,0,4.309265619444442,0.22344566804409066,False
normal_0553,10,0,0,5.461935062951205,0.39882805302242585,False
normal_0553,11,0,0,3.377024571079359,0.24149778177675243,False
normal_0553,12,0,0,4.029640655897794,0.37406517009187434,False
normal_0553,13,0,0,4.474594720999118,0.22010713971557966,False
normal_0553,14,0,0,4.218270795321909,0.11513336923385688,False
normal_0553,15,0,0,4.099271991054757,0.4503132463237577,False
normal_0553,16,0,0,4.863594438390117,0.39020123679172364,False
normal_0553,17,0,0,5.067323636059654,0.2768779516678331,False
normal_0553,18,0,0,5.727465884421985,0.3261039205636272,False
normal_0553,19,0,0,5.534056366924875,0.8407669142997003,False
normal_0553,20,0,0,5.199500819543257,0.6756132535841767,False
normal_0553,21,0,0,3.8008494361090612,0.07468183707130245,False
normal_0553,22,0,0,5.09574256376809,0.5392216589581982,False
normal_0553,23,0,0,4.860410861418433,0.33320490267176395,False
normal_0553,24,0,0,5.083069840645052,0.619457332992381,False
normal_0553,25,0,0,4.8476462748073805,0.11794809286548655,False
normal_0553,26,0,0,5.092314781372597,0.4990976046554663,False
normal_0553,27,0,0,5.906172685825312,0.32931762339677934,False
normal_0553,28,0,0,4.763556122049283,0.3566751569016437,False
normal_0553,29,0,0,6.1940914795980495,0.22248001655876792,False
normal_0553,30,0,0,6.540933408573816,0.6425619567771429,False
normal_0554,0,0,0,,,False
normal_0554,1,0,0,,,False
normal_0554,2,0,0,4.892093606020917,0.28977461750195876,False
normal_0554,3,0,0,6.031992336629163,0.247941651769554,False
normal_0554,4,0,0,7.270155318190592,0.7493343820592477,False
normal_0554,5,0,0,9.332021142161205,0.2986228426364526,False
normal_0554,6,0,0,5.893841509149564,0.01169669641847851,False
normal_0554,7,0,0,5.58321566442476,0.2950486656507271,False
normal_0554,8,0,0,6.05070005010874,0.5016885333346686,False
normal_0554,9,0,0,5.918132769453794,0.5535914993337592,False
normal_0554,10,0,0,5.933882331442565,0.6757597055885556,False
normal_0554,11,0,0,6.1451376083542515,0.7740674126028702,False
normal_0554,12,0,0,5.229177165624386,0.5188247527531443,False
normal_0554,13,0,0,4.937458471029464,0.5020156568105637,False
normal_0554,14,0,0,4.983758663943534,0.012013227715827251,False
normal_0554,15,0,0,6.687458132719523,0.23220421553667278,False
normal_0554,16,0,0,7.049508214657351,0.11872745524139855,False
normal_0555,0,0,0,,,False
normal_0555,1,0,0,,,False
normal_0555,2,0,0,4.4989680801402985,0.21810452200634234,False
normal_0556,0,0,0,,,False
normal_0556,1,0,0,,,False
normal_0556,2,0,0,6.531632257333112,0.19313949788654539,False
normal_0556,3,0,0,4.934352113795623,0.11719180297274907,False
normal_0556,4,0,0,5.708506888590903,0.3928751804501961,False
normal_0556,5,0,0,4.950429347152671,0.13784175121736017,False
normal_0556,6,0,0,6.212571570759412,0.7527615408611592,False
normal_0556,7,0,0,5.502275767820874,0.2057507174991714,False
normal_0556,8,0,0,5.677184514917758,0.5574487217001687,False
normal_0556,9,0,0,6.0946895996368085,0.3525393607731434,False
normal_0556,10,0,0,5.3083670851051705,0.471914037508077,False
normal_0556,11,0,0,5.749809337260057,0.39222893692989047,False
normal_0556,12,0,0,6.448206348789673,0.18184927878079377,False
normal_0556,13,0,0,5.448740867787919,0.438569210442665,False
normal_0556,14,0,0,4.812681401038096,0.2870691215531849,False
normal_0556,15,0,0,5.4287990219932984,0.2246751053938407,False
normal_0556,16,0,0,5.729036421128214,0.5708656292470947,False
normal_0556,17,0,0,4.690526080578041,0.47164379287723623,False
normal_0556,18,0,0,5.02067840430606,0.3160774874519251,False
normal_0556,19,0,0,6.198218461415274,0.055395203051057225,False
normal_0556,20,0,0,5.413122544445891,0.11425462035055806,False
normal_0556,21,0,0,3.983970852171087,0.27550964342201845,False
normal_0556,22,0,0,4.845374611420287,0.05438689720408322,False
normal_0556,23,0,0,5.805989725303211,0.6307123931296845,False
normal_0556,24,0,0,4.754738239016479,0.15250488333267567,False
normal_0556,25,0,0,4.485992074345904,0.055392480956134936,False
normal_0556,26,0,0,6.044130438435101,0.8233884595142881,False
normal_0556,27,0,0,6.8985267433385316,0.44895540882632623,False
normal_0556,28,0,0,4.61097691624605,0.005130489843178795,False
normal_0556,29,0,0,6.833290303115352,0.07349197607175736,False
normal_0556,30,0,0,6.347417356165356,0.6405392151508202,False
normal_0556,31,0,0,4.816008031936967,0.41566339509311656,False
normal_0556,32,0,0,3.8993998474348586,0.021479985199686257,False
normal_0556,33,0,0,5.417768258788866,0.429659892922489,False
normal_0556,34,0,0,4.533823930424358,0.3729573957537974,False
normal_0556,35,0,0,4.911390775586589,0.46851016848213656,False
normal_0556,36,0,0,4.9437199607901805,0.10944021590373203,False
normal_0556,37,0,0,5.168013262335049,0.2454201034136673,False
normal_0556,38,0,0,3.682248905143417,0.19681991609320137,False
normal_0556,39,0,0,3.862646385968732,0.262418035565575,False
normal_0556,40,0,0,6.189383552153376,0.5058466809257657,False
normal_0556,41,0,0,5.074962116926698,0.4848003795277473,False
normal_0556,42,0,0,5.155690306478814,0.04280870287631925,False
normal_0556,43,0,0,3.858265151452629,0.505787575250183,False
normal_0556,44,0,0,7.023024195116824,0.3045940533362136,False
normal_0556,45,0,0,6.860983711246398,0.29105256017558323,False
normal_0556,46,0,0,6.5654497730915935,0.3249425689780029,False
normal_0556,47,0,0,4.315804675631193,0.44565421931643984,False
normal_0556,48,0,0,5.775139214273822,0.2673333212905079,False
normal_0556,49,0,0,5.950696775602171,0.3872755568833166,False
normal_0557,0,0,0,,,False
normal_0557,1,0,0,,,False
normal_0557,2,0,0,7.285265397597361,0.10967441136805336,False
normal_0557,3,0,0,4.267740941027696,0.331470015460597,False
normal_0557,4,0,0,5.556618931304634,0.32438859906304357,False
normal_0557,5,0,0,6.87558255820909,0.7237226428087401,False
normal_0557,6,0,0,5.053103946687335,0.35247591693766944,False
normal_0557,7,0,0,6.137043529039346,0.3537005532863368,False
normal_0557,8,0,0,5.137339391326048,0.18917610945437593,False
normal_0557,9,0,0,4.958617644718765,0.037365642495232936,False
normal_0557,10,0,0,4.157261935846951,0.1510141323336193,False
normal_0557,11,0,0,4.855673238634918,0.12222475105821477,False
normal_0557,12,0,0,5.115383584037541,0.607732393393689,False
normal_0557,13,0,0,4.439069026271255,0.3131470551800865,False
normal_0557,14,0,0,4.622601085734602,0.42205177779451075,False
normal_0557,15,0,0,5.328188672909328,0.1232151596111712,False
normal_0557,16,0,0,4.909269340822263,0.3465174248234218,False
normal_0557,17,0,0,4.359859870851822,0.14579366362274024,False
normal_0557,18,0,0,4.173437539258367,0.10518818087163093,False
normal_0557,19,0,0,4.244422222295975,0.4483731985675359,False
normal_0557,20,0,0,4.352134318875463,0.4331598489425539,False
normal_0557,21,0,0,4.371524023480222,0.45912958699357076,False
normal_0557,22,0,0,5.949884628474447,0.46194822383521206,False
normal_0557,23,0,0,6.533522482587615,0.6987217852190907,False
normal_0557,24,0,0,5.229918634176901,0.06196367576467408,False
normal_0557,25,0,0,5.342611994435569,0.09508844404502954,False
normal_0557,26,0,0,6.711713562390642,0.2559891671780352,False
normal_0557,27,0,0,4.6770199825676215,0.3570129022593136,False
normal_0557,28,0,0,5.649599204571153,0.03988903420536999,False
normal_0557,29,0,0,5.5261390685351826,0.5704968217873994,False
normal_0557,30,0,0,5.012745653486324,0.2931275195519852,False
normal_0557,31,0,0,4.369618420467098,0.01208141923182512,False
normal_0557,32,0,0,5.279317551124611,0.1976699491552999,False
normal_0557,33,0,0,4.130638124552994,0.29890522211522647,False
normal_0557,34,0,0,4.138940527158202,0.0200597782136592,False
normal_0557,35,0,0,3.855558676290769,0.13327508349614073,False
normal_0557,36,0,0,3.5076307713806236,0.32110775745114495,False
normal_0557,37,0,0,3.985324768746841,0.44740082269043496,False
normal_0557,38,0,0,4.62048074626436,0.6297352741377237,False
normal_0557,39,0,0,5.125424735159391,0.029717182102493928,False
normal_0557,40,0,0,5.883876609859001,0.594551964259396,False
normal_0557,41,0,0,6.128924455409955,0.6467460576400226,False
normal_0557,42,0,0,4.879001478518301,0.2808606120532229,False
normal_0557,43,0,0,5.64902755521085,0.2602783087330487,False
normal_0557,44,0,0,6.703046509973653,0.2915154796899805,False
normal_0557,45,0,0,7.794992077677885,0.580174023855519,False
normal_0557,46,0,0,3.9870777539774473,0.39384697077618763,False
normal_0557,47,0,0,6.327123241924397,0.6065164318799317,False
normal_0557,48,0,0,7.381517674397142,0.1949972065561934,False
normal_0557,49,0,0,6.6524584624872345,0.07390970347988889,False
normal_0558,0,0,0,,,False
normal_0558,1,0,0,,,False
normal_0558,2,0,0,4.4638583275528365,0.4602062572004233,False
normal_0558,3,0,0,6.030470736405316,0.10047367881494165,False
normal_0558,4,0,0,6.552805908573524,0.5417042016085447,False
normal_0558,5,0,0,6.764335939725996,0.15298921999023624,False
normal_0558,6,0,0,5.545310612916716,0.6606699691060234,False
normal_0558,7,0,0,8.802459615510159,0.879468668447005,False
normal_0558,8,0,0,5.511569965965702,0.21389324729677325,False
normal_0558,9,0,0,4.815258974014121,0.029777656302967526,False
normal_0558,10,0,0,6.705405688879522,0.8752860198403867,False
normal_0558,11,0,0,6.546057364147447,0.5350022684962792,False
normal_0558,12,0,0,4.609429656268115,0.03537959980748882,False
normal_0558,13,0,0,5.5692181354629255,0.032796473764012644,False
normal_0558,14,0,0,5.097182939656003,0.02209647534842304,False
normal_0558,15,0,0,3.7763162772579864,0.004192458541282199,False
normal_0558,16,0,0,4.441195934339383,0.12596029408453024,False
normal_0558,17,0,0,4.895682379073052,0.4097714108672387,False
normal_0558,18,0,0,4.294189310527756,0.33963464031852314,False
normal_0558,19,0,0,3.845923528486612,0.598474710525586,False
normal_0558,20,0,0,4.12620644992382,0.3111814548219476,False
normal_0558,21,0,0,6.01884165736227,0.5612397849139082,False
normal_0558,22,0,0,5.1650908536643065,0.16627157339403956,False
normal_0558,23,0,0,4.281899316442218,0.05493398654752461,False
normal_0558,24,0,0,3.708402818265432,0.29316234921498086,False
normal_0558,25,0,0,4.6848846127400465,0.399340303551479,False
normal_0558,26,0,0,3.909879091271845,0.5523586725351436,False
normal_0558,27,0,0,4.508999420987379,0.40658359085510487,False
normal_0558,28,0,0,5.653804912283245,0.31809403755107907,False
normal_0558,29,0,0,5.174983806687329,0.053892882898008386,False
normal_0558,30,0,0,4.80444311589202,0.011613381352614095,False
normal_0558,31,0,0,4.498165404836013,0.14874479339770588,False
normal_0558,32,0,0,5.736234909609409,0.05696121755127826,False
normal_0558,33,0,0,5.036943674363481,0.050408127120850355,False
normal_0558,34,0,0,4.2061467503537004,0.11081998238462881,False
normal_0558,35,0,0,4.964595845214537,0.3858499942832428,False
normal_0558,36,0,0,5.757557013821491,0.687129898299338,False
normal_0558,37,0,0,4.293745945800642,0.3451324818380897,False
normal_0558,38,0,0,5.362760881255646,0.36585243311054094,False
normal_0558,39,0,0,5.94943555554532,0.022447904305661032,False
normal_0558,40,0,0,5.483179997647626,0.19359160709170686,False
normal_0558,41,0,0,3.866158844473064,0.14401925431883167,False
normal_0558,42,0,0,5.1615024033417045,0.04203175591541441,False
normal_0558,43,0,0,7.020203170844109,0.7984882521301131,False
normal_0558,44,0,0,5.302363955918642,0.2579158752028814,False
normal_0559,0,0,0,,,False
normal_0559,1,0,0,,,False
normal_0559,2,0,0,6.8805788274151,0.5590832025864771,False
normal_0559,3,0,0,8.51246697980644,0.10905930009422816,False
normal_0559,4,0,0,4.288471464884688,0.04408465218272239,False
normal_0559,5,0,0,6.3481119076789625,0.3825935970423806,False
normal_0559,6,0,0,7.817231900729137,0.5983529172276989,False
normal_0559,7,0,0,5.182757767053071,0.18670193583308903,False
normal_0559,8,0,0,5.590760179042509,0.25211795420461924,False
normal_0559,9,0,0,6.67421700537743,0.9700133348711553,False
normal_0559,10,0,0,8.004684446564129,0.2196631955753054,False
normal_0559,11,0,0,5.999262172393329,0.08949126817669938,False
normal_0559,12,0,0,7.272543650683597,0.8128498270131728,False
normal_0559,13,0,0,10.603010468891569,1.3390155112816586,False
normal_0559,14,0,0,8.517444474810592,1.1485814842876325,False
normal_0559,15,0,0,4.878360478418705,0.547503670476583,False
normal_0559,16,0,0,7.953062064111658,1.0951498181801398,False
normal_0559,17,0,0,7.557325734804685,0.8512780081440384,False
normal_0559,18,0,0,6.855525560348667,0.1529817809666741,False
normal_0559,19,0,0,7.857021653772452,0.5615180409291612,False
normal_0559,20,0,0,6.476956802608899,0.13203110966858925,False
normal_0559,21,0,0,4.059061905193304,0.18984557468673324,False
normal_0559,22,0,0,5.078536316408034,0.23165496686242118,False
normal_0559,23,0,0,6.316122503052966,0.4784501056270126,False
normal_0559,24,0,0,5.133434164349054,0.0593620405845797,False
normal_0559,25,0,0,4.623918401314096,0.35722095553340494,False
normal_0559,26,0,0,5.3702259885045125,0.20997616761687413,False
normal_0559,27,0,0,5.680159045676102,0.5681712420480448,False
normal_0559,28,0,0,5.8593860444552455,0.25312166779903345,False
normal_0559,29,0,0,4.382845447017265,0.29744170302190515,False
normal_0560,0,0,0,,,False
normal_0560,1,0,0,,,False
normal_0560,2,0,0,4.48298441657361,0.18122375274336613,False
normal_0560,3,0,0,7.857909763952859,0.48256114879453443,False
normal_0560,4,0,0,5.892269623449438,0.5591216168903645,False
normal_0560,5,0,0,5.468993532011242,0.11672721232729137,False
normal_0560,6,0,0,4.45741546576327,0.578492536532879,False
normal_0560,7,0,0,6.240870443447009,0.49900454043857145,False
normal_0560,8,0,0,5.430792145860909,0.1938188422799202,False
normal_0560,9,0,0,5.965530606773799,0.3278332435621027,False
normal_0560,10,0,0,4.845691599500541,0.6312596540585154,False
normal_0560,11,0,0,5.238470212004763,0.3621705274600846,False
normal_0560,12,0,0,4.26280813915615,0.1553050817297129,False
normal_0560,13,0,0,4.49192329193756,0.20943611295392794,False
normal_0560,14,0,0,4.72379245049353,0.35874335859353096,False
normal_0560,15,0,0,5.002584652502514,0.6759768492738472,False
normal_0560,16,0,0,4.514197440222431,0.18040105621090216,False
normal_0560,17,0,0,4.140268841580121,0.41338493870888177,False
normal_0560,18,0,0,4.40943599421387,0.3549297983960777,False
normal_0561,0,0,0,,,False
normal_0561,1,0,0,,,False
normal_0561,2,0,0,6.80674554026147,0.2090771760983171,False
normal_0561,3,0,0,6.531193764717855,0.39430048038833715,False
normal_0561,4,0,0,6.682672886123599,0.12123544000537335,False
normal_0562,0,0,0,,,False
normal_0562,1,0,0,,,False
normal_0562,2,0,0,7.016631685598736,0.4801516443612155,False
normal_0562,3,0,0,6.452100573053179,0.5760698220675947,False
normal_0562,4,0,0,6.775236435674213,0.3178791770414711,False
normal_0562,5,0,0,4.90378582706959,0.02568400961853138,False
normal_0562,6,0,0,8.216126762831232,0.4713892182380254,False
normal_0562,7,0,0,5.652149168880342,0.05037996568110592,False
normal_0562,8,0,0,4.833369370098892,0.15175325002747592,False
normal_0562,9,0,0,4.969114181274201,0.3593214492402721,False
normal_0562,10,0,0,4.739363476678329,0.0030976217481489777,False
normal_0562,11,0,0,5.086653445597833,0.25233712927902435,False
normal_0562,12,0,0,5.186688077560245,0.24582614744692083,False
normal_0562,13,0,0,5.243421353164739,0.3174314318723733,False
normal_0562,14,0,0,7.656440015086737,0.07146218634164982,False
normal_0562,15,0,0,6.070696081536879,0.4504929638548664,False
normal_0562,16,0,0,6.045606994997054,0.4455232147775514,False
normal_0562,17,0,0,4.819842373338815,0.31278180318780197,False
normal_0562,18,0,0,5.271167416405287,0.24885237974524893,False
normal_0562,19,0,0,6.310785185628487,0.08957924460862687,False
normal_0562,20,0,0,5.465723089771122,0.26360485482531376,False
normal_0562,21,0,0,6.619117633712457,0.02076006347438296,False
normal_0562,22,0,0,6.650083540660223,0.29772915736639993,False
normal_0562,23,0,0,6.092212033517029,0.26602166929618554,False
normal_0562,24,0,0,8.764877894843627,0.9217569234165058,False
normal_0562,25,0,0,5.424224944381279,0.1047134128278295,False
normal_0562,26,0,0,6.836385403326484,0.35627430564482554,False
normal_0562,27,0,0,5.364599833075528,0.4367753414807576,False
normal_0562,28,0,0,6.675147792189047,0.3608032939051563,False
normal_0562,29,0,0,6.352129161289569,0.14425928124039464,False
normal_0562,30,0,0,6.380895066715419,0.00835059300854659,False
normal_0562,31,0,0,6.601035682002901,0.029258436427297394,False
normal_0562,32,0,0,5.805124674895642,0.554120612243442,False
normal_0562,33,0,0,5.601403874116319,0.15571249028569373,False
normal_0562,34,0,0,6.0982904140523,0.24750601679104892,False
normal_0562,35,0,0,5.172115990530553,0.07515054440748316,False
normal_0562,36,0,0,6.479814924567408,0.24104839242773002,False
normal_0562,37,0,0,5.673810885473029,0.1506531438594568,False
normal_0562,38,0,0,7.974920190824254,0.9940602897675591,False
normal_0562,39,0,0,8.282674076873098,0.44719335212221634,False
normal_0562,40,0,0,5.5115088893635376,0.13228665013447133,False
normal_0562,41,0,0,4.460492289182611,0.18730005969730384,False
normal_0562,42,0,0,5.0527234339567,0.017022627652169713,False
normal_0562,43,0,0,6.420987668382604,0.02014883522477472,False
normal_0562,44,0,0,6.601006442047034,0.5913930218376102,False
normal_0562,45,0,0,5.596023483945232,0.4155276979238846,False
normal_0562,46,0,0,7.8294187840672285,0.23963262066877292,False
normal_0562,47,0,0,6.659389073917345,0.10110807803574695,False
normal_0562,48,0,0,7.336772008792643,0.07121219266461018,False
normal_0562,49,0,0,5.653289377404064,0.13037274188222453,False
normal_0563,0,0,0,,,False
normal_0563,1,0,0,,,False
normal_0563,2,0,0,6.261826173909391,0.04170686580945543,False
normal_0563,3,0,0,10.48605712477278,0.5868964989364486,False
normal_0563,4,0,0,8.022440629285034,0.2380931848166384,False
normal_0563,5,0,0,5.836872040110549,0.48375163925746356,False
normal_0563,6,0,0,5.604005098602793,0.1196768367836653,False
normal_0563,7,0,0,6.091909905441445,0.07366168918787316,False
normal_0563,8,0,0,6.704674637823236,0.0385549567791342,False
normal_0563,9,0,0,6.473686392121823,0.1003764306916019,False
normal_0563,10,0,0,6.3113444008356,0.368681813584644,False
normal_0563,11,0,0,5.168382279506074,0.0015110272080605311,False
normal_0563,12,0,0,7.58258801374203,0.09365503996521893,False
normal_0563,13,0,0,5.038688352929004,0.299639226622848,False
normal_0563,14,0,0,4.670433524595135,0.01140056887669805,False
normal_0563,15,0,0,4.896193668217967,0.38752843016704036,False
normal_0563,16,0,0,4.924178518325736,0.21442870698868743,False
normal_0563,17,0,0,5.510947071521099,0.13105595169663423,False
normal_0563,18,0,0,4.666522476596399,0.4018823327049177,False
normal_0563,19,0,0,5.512606083699858,0.10558313721183367,False
normal_0563,20,0,0,6.793844174419317,0.17390240411188176,False
normal_0563,21,0,0,5.8472727630851535,0.21658406476568454,False
normal_0563,22,0,0,6.152351964244328,0.5671354320797425,False
normal_0563,23,0,0,4.352934943627221,0.08261161101921045,False
normal_0563,24,0,0,4.947925676048041,0.5671377530423838,False
normal_0563,25,0,0,5.575193857592395,0.36755345279080187,False
normal_0563,26,0,0,6.521436965216999,0.7006556234640419,False
normal_0563,27,0,0,7.520510564497535,0.3952651770848735,False
normal_0563,28,0,0,7.4182539642605745,0.01726520176065691,False
normal_0563,29,0,0,6.892414808762186,0.4073835949715338,False
normal_0563,30,0,0,5.158838892410308,0.04948835174930173,False
normal_0563,31,0,0,4.5508692610857855,0.30170259368728386,False
normal_0563,32,0,0,6.408449543529312,0.3338004263107767,False
normal_0563,33,0,0,8.052349516852557,0.07585689843262873,False
normal_0563,34,0,0,6.940026213317236,0.23226607723165762,False
normal_0563,35,0,0,5.9485434959540555,0.5815877088580087,False
normal_0563,36,0,0,6.883804306512485,0.35749162426697445,False
normal_0563,37,0,0,7.466644849586697,0.038824268994893656,False
normal_0563,38,0,0,4.82481036915235,0.06433638428239404,False
normal_0563,39,0,0,6.00674849214477,0.7683811312687755,False
normal_0563,40,0,0,5.7946942045628616,0.13001177914323092,False
normal_0563,41,0,0,5.307836212820177,0.11076713391810462,False
normal_0563,42,0,0,4.573205680776517,0.5821869328834343,False
normal_0563,43,0,0,4.394008428342968,0.4629781634607638,False
normal_0563,44,0,0,7.12437838790444,0.18151472704071192,False
normal_0563,45,0,0,6.830480356045915,0.024906279979820416,False
normal_0563,46,0,0,6.531348200104955,0.08526275305830405,False
normal_0563,47,0,0,5.460576272213633,0.3543976845078204,False
normal_0563,48,0,0,7.638496089624929,0.5047521909049907,False
normal_0563,49,0,0,6.078123087037045,0.32387534777430693,False
normal_0564,0,0,0,,,False
normal_0564,1,0,0,,,False
normal_0564,2,0,0,8.10860124149104,0.0578775611542554,False
normal_0564,3,0,0,6.068603841086795,0.026630690329871053,False
normal_0564,4,0,0,12.11857469763767,0.34273883035052244,False
normal_0564,5,0,0,13.09731860827567,0.05878990881255541,False
normal_0564,6,0,0,13.745609623963675,0.2818454115980484,False
normal_0564,7,0,0,10.812388572122707,0.44010508922712704,False
normal_0564,8,0,0,9.850525587570365,0.48690886427650737,False
normal_0564,9,0,0,9.396730066475738,0.6038339227196798,False
normal_0564,10,0,0,9.156397056541467,0.9635094331355264,False
normal_0564,11,0,0,8.972909300275404,0.14618356923566744,False
normal_0564,12,0,0,8.693597712228174,0.2130079484283925,False
normal_0564,13,0,0,10.279879844271564,0.8128285104650911,False
normal_0564,14,0,0,10.105139926334209,0.13657518477251473,False
normal_0564,15,0,0,6.761846126974647,0.9918224199732532,False
normal_0564,16,0,0,5.621879436262728,0.1074148990960494,False
normal_0564,17,0,0,5.676603268592127,0.4157619520827165,False
normal_0564,18,0,0,5.971695522203902,0.3471414562183407,False
normal_0564,19,0,0,6.429004994697241,0.12475491131982032,False
normal_0564,20,0,0,6.087519404076925,0.4440349611229133,False
normal_0564,21,0,0,6.995862524038086,0.013397563500287724,False
normal_0564,22,0,0,7.372433468229641,0.3218622844043648,False
normal_0564,23,0,0,6.991985351428542,0.9414036688590854,False
normal_0564,24,0,0,5.673968112609583,0.16291075255766788,False
normal_0564,25,0,0,5.4762089097912705,0.24504900146165948,False
normal_0564,26,0,0,6.409400805340991,0.08181309294253097,False
normal_0564,27,0,0,6.151599946415101,0.371639647982772,False
normal_0564,28,0,0,6.578955433867102,0.653112968865151,False
normal_0564,29,0,0,6.0099837902736,0.09957138195685142,False
normal_0564,30,0,0,6.499450841956894,0.04508686436912838,False
normal_0564,31,0,0,7.596357825695172,0.22453977492329466,False
normal_0564,32,0,0,6.990498330289802,0.5982950547233793,False
normal_0564,33,0,0,6.938605822795661,0.06430496593966493,False
normal_0564,34,0,0,7.225733480049002,0.23727570300463138,False
normal_0564,35,0,0,8.13403547663909,0.11730813624849802,False
normal_0564,36,0,0,11.059453121789383,0.6312353094442025,False
normal_0564,37,0,0,11.5957907717792,1.0928198141231444,False
normal_0564,38,0,0,14.135573921958269,0.4863372990536512,False
normal_0564,39,0,0,12.111270966734727,0.2986043655771282,False
normal_0564,40,0,0,9.638178843222363,0.5829456283177674,False
normal_0564,41,0,0,6.639160769664241,0.6237098327441759,False
normal_0564,42,0,0,6.45864581423923,0.13419366555159568,False
normal_0564,43,0,0,7.22711838556151,0.49077114929884497,False
normal_0565,0,0,0,,,False
normal_0565,1,0,0,,,False
normal_0565,2,0,0,7.083842688102038,0.027739859700880144,False
normal_0565,3,0,0,8.204868905258802,0.37558003716387073,False
normal_0565,4,0,0,8.156244841000854,0.39114577069130924,False
normal_0565,5,0,0,7.26427547861676,0.37239124709194055,False
normal_0565,6,0,0,7.672582210909226,0.19738479282878324,False
normal_0565,7,0,0,7.016057252337997,0.41308277338131255,False
normal_0565,8,0,0,9.574954299323691,1.2236789697348711,False
normal_0565,9,0,0,7.340494769643294,0.11918500263559877,False
normal_0565,10,0,0,6.4981355374673635,0.3345707795610929,False
normal_0565,11,0,0,7.089204477450477,0.47942839348009264,False
normal_0565,12,0,0,8.172107019089248,0.23434320488906327,False
normal_0565,13,0,0,6.178325162004454,0.20399828929736322,False
normal_0565,14,0,0,8.763955025877875,0.6718934404479029,False
normal_0565,15,0,0,9.589079268838976,0.7770682116225459,False
normal_0565,16,0,0,9.638825790455721,0.38476187963879355,False
normal_0565,17,0,0,7.394830849372468,0.4615513395922969,False
normal_0565,18,0,0,7.03470313096184,0.6075157421122396,False
normal_0565,19,0,0,6.2340830686091335,0.02211199750713024,False
normal_0565,20,0,0,8.363180023024256,0.25288657533610825,False
normal_0565,21,0,0,7.831441082037156,0.331303315017211,False
normal_0565,22,0,0,8.12076401072711,0.567113511399557,False
normal_0565,23,0,0,9.801310900553707,1.3289307307916853,False
normal_0565,24,0,0,6.777054407237639,0.06495632582981042,False
normal_0565,25,0,0,7.25236969557463,0.9799671024420167,False
normal_0565,26,0,0,7.833855368645238,0.2657532360597149,False
normal_0565,27,0,0,6.284988849584185,0.3957084557842573,False
normal_0565,28,0,0,6.550488883204255,0.31047034795010037,False
normal_0565,29,0,0,7.625555758597927,0.3865983671609779,False
normal_0566,0,0,0,,,False
normal_0566,1,0,0,,,False
normal_0566,2,0,0,7.163148617829884,0.22656916493110485,False
normal_0566,3,0,0,4.8375937277323295,0.5586286463767515,False
normal_0566,4,0,0,6.960494074870904,0.2087610706666806,False
normal_0566,5,0,0,7.469961655097694,0.11561742548070646,False
normal_0566,6,0,0,6.580300257516217,0.4107091999779388,False
normal_0566,7,0,0,6.26849253348509,0.12357314646850656,False
normal_0566,8,0,0,6.326191667975887,0.5001002645852963,False
normal_0566,9,0,0,5.09403347635203,0.3262238422325289,False
normal_0566,10,0,0,5.65350655738047,0.4608211588163115,False
normal_0566,11,0,0,6.393852954146247,0.24943247599884838,False
normal_0566,12,0,0,8.017502213226098,0.7158492982900843,False
normal_0566,13,0,0,6.97563535487522,0.12112781034613765,False
normal_0566,14,0,0,6.951170386561464,0.06987010059595894,False
normal_0566,15,0,0,7.024509387479147,1.0950614014435585,False
normal_0566,16,0,0,5.293042380061447,0.6026468745812524,False
normal_0566,17,0,0,6.352759854416431,0.26986042381780406,False
normal_0567,0,0,0,,,False
normal_0567,1,0,0,,,False
normal_0567,2,0,0,9.594930674898716,0.6728968164545935,False
normal_0567,3,0,0,9.507284201151762,0.18012296570654968,False
normal_0568,0,0,0,,,False
normal_0568,1,0,0,,,False
normal_0568,2,0,0,7.9951185285481925,0.05678162402040875,False
normal_0568,3,0,0,7.804355687340881,0.16033166093132714,False
normal_0568,4,0,0,6.264887549156103,0.23483595614354036,False
normal_0568,5,0,0,6.609485110264754,0.09249530461499918,False
normal_0568,6,0,0,7.769859163932579,0.3191911560090775,False
normal_0568,7,0,0,7.248360081258748,0.08958627214042837,False
normal_0568,8,0,0,7.651537760037257,0.8390810196847155,False
normal_0568,9,0,0,9.706274060711817,0.7965644981131343,False
normal_0568,10,0,0,11.589427055675033,0.6122484658936466,False
normal_0568,11,0,0,7.774212725214031,0.4673771332912077,False
normal_0568,12,0,0,6.806506774235921,0.1247978701467879,False
normal_0568,13,0,0,7.422197372114629,0.16682984652540145,False
normal_0568,14,0,0,10.612442525985847,0.8548301727955986,False
normal_0568,15,0,0,8.087461935175421,0.08756463856244052,False
normal_0568,16,0,0,8.594927236160538,0.41548469358235435,False
normal_0568,17,0,0,9.667637706803111,0.4394763052411117,False
normal_0568,18,0,0,9.726011323403844,0.0758277586414112,False
normal_0568,19,0,0,7.906785287408764,0.1834308422234525,False
normal_0568,20,0,0,8.729487306729665,0.19886338185898858,False
normal_0568,21,0,0,9.090724680359271,0.1995420914906726,False
normal_0568,22,0,0,8.10322006781376,0.14111538561227946,False
normal_0568,23,0,0,7.702565960925173,0.06519470534092175,False
normal_0568,24,0,0,7.934042994177514,0.0939032242945686,False
normal_0568,25,0,0,8.148319906246982,0.7012984283032033,False
normal_0568,26,0,0,7.472641225584838,1.0552649652777715,False
normal_0568,27,0,0,9.041906921855771,0.3546574532160107,False
normal_0568,28,0,0,8.78938299614309,0.7755337089684,False
normal_0568,29,0,0,5.782972692529012,0.1843928556918165,False
normal_0568,30,0,0,7.4810904968494,0.32672045536018934,False
normal_0568,31,0,0,7.571708410188136,0.11715337960716345,False
normal_0568,32,0,0,6.700915159986636,0.30375981657290074,False
normal_0568,33,0,0,6.572739844561717,0.19783246184019243,False
normal_0568,34,0,0,9.2580787162275,0.9077942397790192,False
normal_0568,35,0,0,10.309930648427128,0.12102883943807861,False
normal_0568,36,0,0,8.550464006970614,0.39984218095376156,False
normal_0568,37,0,0,8.09714275016259,0.08664662535045164,False
normal_0568,38,0,0,8.46227958714195,0.11483217607614216,False
normal_0568,39,0,0,8.991380625122735,0.029075108676455526,False
normal_0568,40,0,0,7.061463559222635,0.13708484914934727,False
normal_0568,41,0,0,7.946141775265296,0.17462986994370192,False
normal_0568,42,0,0,9.495801230455951,0.1437660602816747,False
normal_0568,43,0,0,8.960402692961962,1.084465374544211,False
normal_0568,44,0,0,6.6738390464861865,0.26237092870169565,False
normal_0568,45,0,0,8.22140336655819,0.28334584750744524,False
normal_0568,46,0,0,7.791695668891616,0.12525256110983382,False
normal_0568,47,0,0,6.2523271679583745,0.18593214199593489,False
normal_0568,48,0,0,6.815713779199494,0.25696648194539196,False
normal_0568,49,0,0,9.881483656863615,0.13269154747866624,False
normal_0569,0,0,0,,,False
normal_0569,1,0,0,,,False
normal_0569,2,0,0,4.266557643636821,0.012582302490074089,False
normal_0569,3,0,0,4.36599200453073,0.26307781904048133,False
normal_0569,4,0,0,4.859645728241449,0.2639636006900992,False
normal_0569,5,0,0,4.822615672859643,0.3413238110643172,False
normal_0569,6,0,0,4.2281705319899885,0.2735858068650113,False
normal_0569,7,0,0,5.7308731224436835,0.18418438304269288,False
normal_0569,8,0,0,4.316827773529805,0.24541165894799444,False
normal_0569,9,0,0,4.482378751281678,0.25963485270767267,False
normal_0569,10,0,0,4.649784560560161,0.47990817093938526,False
normal_0569,11,0,0,4.458682437901588,0.0711905760696066,False
normal_0569,12,0,0,4.693052317263242,0.11075361338797741,False
normal_0569,13,0,0,5.718793842843801,0.035130573269014524,False
normal_0569,14,0,0,5.7260037493185045,0.03293118700897251,False
normal_0569,15,0,0,5.879457964241284,0.0261548078550271,False
normal_0569,16,0,0,5.1248753009986165,0.5466299018969899,False
normal_0569,17,0,0,8.039889269340954,0.29289340686005866,False
normal_0569,18,0,0,5.8595624567635225,0.11327630729984305,False
normal_0569,19,0,0,6.001693494440918,0.14624465814622842,False
normal_0569,20,0,0,5.106361721472763,0.28138981804908403,False
normal_0569,21,0,0,5.841185947967404,0.22015639107640286,False
normal_0569,22,0,0,5.2825007689640815,0.10161109921677805,False
normal_0569,23,0,0,5.19293098349456,0.06566631199477488,False
normal_0569,24,0,0,5.951113981398447,0.05154153046732199,False
normal_0569,25,0,0,6.890546349391546,0.15480954998534593,False
normal_0569,26,0,0,4.35325704025131,0.5457542174023139,False
normal_0569,27,0,0,5.279412575960074,0.010901895785119745,False
normal_0569,28,0,0,5.628538420906481,0.30356461376744487,False
normal_0569,29,0,0,4.657650465767588,0.3837860099733963,False
normal_0569,30,0,0,5.044247554366156,0.4222774668956668,False
normal_0569,31,0,0,4.730199146045865,0.650435208970011,False
normal_0569,32,0,0,6.039099733023748,0.06982064433858563,False
normal_0569,33,0,0,4.947396181264825,0.046083778004695375,False
normal_0569,34,0,0,4.910375023216422,0.4726471735100152,False
normal_0569,35,0,0,5.480789791890037,0.614650985666251,False
normal_0569,36,0,0,4.737359739445971,0.08234407371024641,False
normal_0569,37,0,0,5.025626339482161,0.4842993491332772,False
normal_0569,38,0,0,5.1134466010876345,0.35254862529518544,False
normal_0569,39,0,0,4.440497434946484,0.5630968932980848,False
normal_0569,40,0,0,5.3559990849332735,0.5070334779029674,False
normal_0569,41,0,0,4.677382539850453,0.018569833098593867,False
normal_0569,42,0,0,6.2873845076522485,0.030905041750046144,False
normal_0569,43,0,0,5.769379109806686,0.6715786810640202,False
normal_0569,44,0,0,4.797389138947354,0.10987943861957225,False
normal_0569,45,0,0,7.166331262549414,0.2957667478387816,False
normal_0569,46,0,0,6.297146545143998,0.28083937278515586,False
normal_0569,47,0,0,5.796050811671688,0.7252067753359087,False
normal_0569,48,0,0,3.7872718165697123,0.5029787366010445,False
normal_0569,49,0,0,5.720443599120848,0.005723876432553616,False
normal_0570,0,0,0,,,False
normal_0570,1,0,0,,,False
normal_0570,2,0,1,14.74142802605987,0.7686705767799888,False
normal_0570,3,0,0,9.180891847999796,0.029182963136669376,False
normal_0570,4,0,0,11.84907034089449,0.6706391371975153,False
normal_0570,5,0,0,9.342549911843774,0.9545237720947669,False
normal_0570,6,0,1,15.352136176223482,1.8775684438457596,False
normal_0570,7,0,3,23.37148817605375,0.847137729883134,True
normal_0570,8,0,0,13.117499433436697,0.9566055556646058,False
normal_0570,9,0,0,15.100718655332948,0.5122964297276291,False
normal_0570,10,0,3,19.413719306818816,0.5529771248377692,True
normal_0570,11,0,3,30.04209889129844,0.43606255392539356,True
normal_0570,12,0,3,22.530005350102613,0.3263588179470585,True
normal_0570,13,0,3,17.38852088520611,1.167298018204681,True
normal_0570,14,0,0,7.306746051112146,0.31093253710250224,False
normal_0570,15,0,0,7.297965143549422,0.2844452498983604,False
normal_0570,16,0,0,11.404533925862777,0.08608324055607057,False
normal_0570,17,0,0,7.85795488892581,0.24239763854536026,False
normal_0570,18,0,0,6.0801752961863835,0.18021768461080384,False
normal_0570,19,0,0,7.749603864635685,0.130379798774832,False
normal_0570,20,0,3,19.592529142431903,0.7978183811301001,True
normal_0570,21,0,3,20.58783693506842,0.46402153989904366,True
normal_0570,22,0,3,18.61812469109492,0.74938969014014,True
normal_0570,23,0,0,11.82365078922237,0.45923771454351525,False
normal_0570,24,0,0,8.34629395832708,0.50840992220878,False
normal_0570,25,0,0,8.993618875256123,0.03863939312470802,False
normal_0570,26,0,0,8.512478863401848,0.118530030541897,False
normal_0570,27,0,0,8.2812616309406,0.24516818751985042,False
normal_0570,28,0,0,6.446325317364715,0.11542355633833744,False
normal_0570,29,0,0,7.741215476783503,0.10271089499054266,False
normal_0570,30,0,0,6.809914543660805,1.063798043181149,False
normal_0570,31,0,0,9.711451080793639,0.4286395087441578,False
normal_0570,32,0,0,11.393893384565198,0.04740855758333065,False
normal_0570,33,0,0,9.834437440106955,0.01800245252675561,False
normal_0570,34,0,0,9.61004800878772,0.8916356582631092,False
normal_0570,35,0,0,6.266036180066109,0.2582147920179432,False
normal_0570,36,0,0,6.899011657460767,0.8648297692290136,False
normal_0570,37,0,0,11.23903977101518,0.7615034166328142,False
normal_0570,38,0,0,11.23295731303896,1.4851654554563356,False
normal_0570,39,0,0,12.366404823021128,1.053608556454901,False
normal_0570,40,0,0,13.125209125626972,0.1888892440099497,False
normal_0570,41,0,0,11.116332756570124,0.14826324731869073,False
normal_0570,42,0,0,11.924474135278098,0.32497057492516374,False
normal_0570,43,0,0,10.238675395753454,0.23951341810082025,False
normal_0571,0,0,0,,,False
normal_0571,1,0,0,,,False
normal_0571,2,0,0,7.481849194156239,0.8061271959244822,False
normal_0571,3,0,0,6.032380633539092,0.25044624791042913,False
normal_0571,4,0,0,5.266371403426874,0.3273779628659959,False
normal_0571,5,0,0,7.174669909475935,0.1728084217262658,False
normal_0571,6,0,0,5.072654837052148,0.044914707136570885,False
normal_0571,7,0,0,5.085580264827883,0.0331573544432907,False
normal_0571,8,0,0,5.982871837364165,0.6200041235082918,False
normal_0571,9,0,0,5.533336865239714,0.054979453475784174,False
normal_0571,10,0,0,5.446556492941421,0.010251468508420016,False
normal_0571,11,0,0,5.982707099347792,0.36908674726246876,False
normal_0571,12,0,0,5.444825428992048,0.14083723760152658,False
normal_0571,13,0,0,7.479899106364118,0.23963343014012092,False
normal_0571,14,0,0,5.010366844506906,0.6524560642306455,False
normal_0571,15,0,0,5.035017797238313,0.24221414960093332,False
normal_0571,16,0,0,4.51694152751747,0.3630005438371757,False
normal_0571,17,0,0,5.009945832615306,0.2634158071130101,False
normal_0571,18,0,0,5.28086783507788,0.13744341856096898,False
normal_0571,19,0,0,5.604017077606766,0.19513267030192444,False
normal_0571,20,0,0,7.685092422256581,0.4218354310693171,False
normal_0571,21,0,0,6.64709899549698,0.23325332009587219,False
normal_0571,22,0,0,5.930722918547513,0.33247564947760766,False
normal_0571,23,0,0,5.807127998005979,0.30084601783128284,False
normal_0571,24,0,0,3.567103370859844,0.12120788521636283,False
normal_0571,25,0,0,5.259881996120769,0.58345680857188,False
normal_0571,26,0,0,5.916463843174175,0.08915077234956517,False
normal_0571,27,0,0,5.003423230982983,0.2580458937884734,False
normal_0571,28,0,0,4.9759299532540195,0.17446610750019478,False
normal_0571,29,0,0,5.323573490087104,0.010197283039733331,False
normal_0571,30,0,0,6.296177956521546,0.3134280360697683,False
normal_0571,31,0,0,5.165190604308284,0.25221814744896764,False
normal_0571,32,0,0,4.931058571131913,0.47541639392611634,False
normal_0571,33,0,0,5.186246927608738,0.34159610498568466,False
normal_0571,34,0,0,4.118245178890997,0.3523141676699046,False
normal_0571,35,0,0,4.520388719756607,0.5060957697220066,False
normal_0571,36,0,0,4.3856630727647,0.4754996158573028,False
normal_0571,37,0,0,5.21324208196516,0.0705246567521856,False
normal_0571,38,0,0,7.876437599005198,0.0894797280811215,False
normal_0571,39,0,0,8.435296291712453,0.15959917564489598,False
normal_0571,40,0,0,9.390385179590462,0.6165007667380876,False
normal_0571,41,0,0,9.511383878878878,0.21539400512947823,False
normal_0572,0,0,0,,,False
normal_0572,1,0,0,,,False
normal_0572,2,0,0,8.656854125222365,0.3827174179643358,False
normal_0572,3,0,0,9.450929309202433,0.5809794334836514,False
normal_0572,4,0,0,8.41019312052918,0.539426025497601,False
normal_0572,5,0,0,10.382000071653838,0.19226968130774028,False
normal_0572,6,0,0,9.145540212224079,0.10874966578810309,False
normal_0572,7,0,0,10.184000875168147,0.7970930312133889,False
normal_0572,8,0,0,8.168061436135254,0.2740338434976394,False
normal_0572,9,0,0,7.334219127035105,0.15156290220301522,False
normal_0572,10,0,0,7.463341663358512,0.18885040711809137,False
normal_0572,11,0,0,8.319219791391468,0.11319570150087849,False
normal_0572,12,0,0,7.34599321098831,0.5843256717071913,False
normal_0572,13,0,0,8.017819656443365,0.6676552572367161,False
normal_0572,14,0,0,6.552992375977115,0.3055215488900773,False
normal_0572,15,0,0,11.875364487672796,0.5740786780965162,False
normal_0572,16,0,0,10.076463522362582,0.3786797504254598,False
normal_0572,17,0,0,9.237013252034387,0.5955124260310589,False
normal_0572,18,0,0,8.268107319329024,0.3266051486763095,False
normal_0572,19,0,0,10.835331273639547,1.373575100907809,False
normal_0572,20,0,0,7.565782100669993,0.199720510621487,False
normal_0572,21,0,0,8.575065490523057,1.056853424246728,False
normal_0572,22,0,0,11.044080324359934,0.6278134374927984,False
normal_0572,23,0,0,11.717903950307353,0.0691125941269141,False
normal_0572,24,0,0,7.9181128162027115,0.11234408668806888,False
normal_0572,25,0,0,8.060357503331929,0.30319426341892863,False
normal_0572,26,0,0,8.491379827836601,0.06545987488213449,False
normal_0572,27,0,0,8.35566561514567,0.2363023695384998,False
normal_0572,28,0,0,9.79879968148125,0.4912410144056416,False
normal_0572,29,0,0,9.496013191400062,1.417706029693654,False
normal_0573,0,0,0,,,False
normal_0573,1,0,0,,,False
normal_0573,2,0,0,7.548071601302248,0.3688103078998258,False
normal_0573,3,0,0,10.063465811072302,0.8877747248569718,False
normal_0573,4,0,0,7.461863377934638,0.6048715533786726,False
normal_0573,5,0,0,7.904322101085616,0.4969508376639287,False
normal_0573,6,0,0,8.901721415127072,0.16696029777910923,False
normal_0573,7,0,0,8.397174570357251,0.6211413193660839,False
normal_0573,8,0,0,6.422176606229452,0.503603204558346,False
normal_0573,9,0,0,9.739534255572815,0.12757602657221848,False
normal_0573,10,0,0,9.054468260413527,0.07230889188817034,False
normal_0573,11,0,0,11.608917546620122,0.586765012328098,False
normal_0573,12,0,0,6.219894532323745,0.25982282219006975,False
normal_0573,13,0,0,7.069455869273356,0.023767995789320418,False
normal_0573,14,0,0,7.8865789224053815,0.06442649067201778,False
normal_0573,15,0,0,7.420555668254185,0.10046943420652824,False
normal_0573,16,0,0,7.5814806431852695,0.4789041062129232,False
normal_0573,17,0,0,7.1001782391577555,0.03152941150802334,False
normal_0573,18,0,0,10.318750163759335,0.12483103435235438,False
normal_0573,19,0,0,10.724489677399816,0.5503470232840646,False
normal_0574,0,0,0,,,False
normal_0574,1,0,0,,,False
normal_0574,2,0,0,5.3228892571122435,0.3503534970789659,False
normal_0574,3,0,0,5.329550934923838,0.15706758380592162,False
normal_0574,4,0,0,6.062402868361261,0.047562588968545975,False
normal_0574,5,0,0,6.348302215964355,0.09933310469322239,False
normal_0574,6,0,0,6.79015216069719,0.4659224578199486,False
normal_0574,7,0,0,5.689043555173832,0.19489186386762158,False
normal_0575,0,0,0,,,False
normal_0575,1,0,0,,,False
normal_0575,2,0,0,7.0961890520790645,0.01434607791252709,False
normal_0575,3,0,0,7.279360421175901,0.5228911800186613,False
normal_0575,4,0,0,10.25639584293832,0.025860117032308335,False
normal_0575,5,0,0,10.172643598963356,0.23526557971039305,False
normal_0575,6,0,0,6.954715667777429,0.13525530591904683,False
normal_0575,7,0,0,7.582257569581248,0.12682592122865988,False
normal_0575,8,0,0,7.0897127136301785,0.36298000541898223,False
normal_0575,9,0,0,7.884560951994537,0.2710194182587062,False
normal_0575,10,0,0,7.228320991882549,0.10448956738707732,False
normal_0575,11,0,0,7.716210796102627,0.17745483774587967,False
normal_0575,12,0,0,6.760686928471227,0.025466693741482277,False
normal_0575,13,0,0,6.49745011363022,0.1501829547065127,False
normal_0575,14,0,0,7.23802982713065,0.39941952276059717,False
normal_0575,15,0,0,7.351534116639917,0.015890175357193746,False
normal_0575,16,0,0,5.2070543221273295,0.2767755636948598,False
normal_0575,17,0,0,5.550479207824577,0.021565230290031337,False
normal_0575,18,0,0,7.582758701237952,0.0051926434551478814,False
normal_0575,19,0,0,6.3990271336772535,0.18045433978187408,False
normal_0575,20,0,0,5.394992946616312,0.29159510351945617,False
normal_0575,21,0,0,7.089093278655073,0.6881926094334145,False
normal_0575,22,0,0,9.161358552023612,0.5052390802044582,False
normal_0575,23,0,0,5.893622412543351,0.1508016706375064,False
normal_0575,24,0,0,5.905562915640847,0.2539332670319895,False
normal_0575,25,0,0,6.450297657460784,0.6813459262795242,False
normal_0575,26,0,0,7.429289264983868,0.1816421983572498,False
normal_0575,27,0,0,6.228705669513389,0.42646416216365474,False
normal_0575,28,0,0,7.330907956260181,0.004694917560221972,False
normal_0575,29,0,0,11.258296804326369,0.8436523383928839,False
normal_0575,30,0,0,7.096870516407495,0.11548765257873089,False
normal_0575,31,0,0,5.135436124748822,0.2763368067692943,False
normal_0575,32,0,0,7.197955221856005,0.07713865369855194,False
normal_0575,33,0,0,6.07997346215229,0.20325584706507155,False
normal_0575,34,0,0,6.421810373621874,0.034599439281126534,False
normal_0575,35,0,0,7.631005189672691,0.08735502686243733,False
normal_0575,36,0,0,7.56888823323207,0.2013445251182019,False
normal_0575,37,0,0,9.250446138676468,0.7233901285811761,False
normal_0575,38,0,0,6.3225790500631325,0.2724620652866439,False
normal_0575,39,0,0,10.26307205846014,0.47946179529890837,False
normal_0575,40,0,0,6.882296713932472,0.090186234210846,False
normal_0575,41,0,0,5.826054292945379,0.15063702542150606,False
normal_0575,42,0,0,6.189367429375539,0.4467330206516505,False
normal_0575,43,0,0,7.766188805999907,0.4971709849721001,False
normal_0575,44,0,0,7.2644516659867415,0.42127916683962596,False
normal_0575,45,0,0,6.513467126323189,0.12981653176955849,False
normal_0575,46,0,0,9.632183738454211,0.057126030874673814,False
normal_0575,47,0,0,10.678070559739018,0.21239110656739693,False
normal_0575,48,0,0,6.079232192247897,0.3438292413095304,False
normal_0575,49,0,0,6.034738108168561,0.010126488215009357,False
normal_0576,0,0,0,,,False
normal_0576,1,0,0,,,False
normal_0576,2,0,0,9.639965700861437,0.5690651302473677,False
normal_0576,3,0,0,12.493192052673413,0.31699581103595503,False
normal_0576,4,0,0,8.261331177464998,0.24075339881564628,False
normal_0576,5,0,0,11.037665296715195,1.03508486934336,False
normal_0576,6,0,0,8.067143060519939,1.4778882091446242,False
normal_0576,7,0,0,7.117520672864129,0.5699928303004713,False
normal_0576,8,0,0,9.219281124484601,0.7016772296706364,False
normal_0576,9,0,0,8.329740519444142,0.7511459067054629,False
normal_0576,10,0,0,8.015755266962023,0.6725571577440039,False
normal_0576,11,0,0,9.636923767640523,0.11860721319365997,False
normal_0576,12,0,0,8.896762666943133,0.64195253159589,False
normal_0576,13,0,0,9.815867910543462,0.9725228474046422,False
normal_0576,14,0,0,10.05056443968468,0.4925946141338075,False
normal_0576,15,0,0,9.123779089754315,0.3696584999151036,False
normal_0576,16,0,0,10.114706478709968,0.8241786979020658,False
normal_0576,17,0,0,11.43685447949756,0.6739238482710962,False
normal_0576,18,0,0,10.95631716439893,1.5269469360741768,False
normal_0576,19,0,0,9.604738592440498,0.4543726235217596,False
normal_0576,20,0,3,15.89164981901701,0.2724193074328559,True
normal_0576,21,0,1,13.082247414329979,1.8380374322005077,False
normal_0576,22,0,0,12.146968710341099,0.9399706100190728,False
normal_0576,23,0,0,11.535491032834939,0.5442141005833272,False
normal_0576,24,0,0,9.654436129668769,1.5509008195143115,False
normal_0576,25,0,0,11.72295013763574,0.918031914773621,False
normal_0576,26,0,0,11.974818719789974,1.7040113808263928,False
normal_0576,27,0,0,7.870904674745834,0.7710624918346101,False
normal_0576,28,0,0,10.18110744257145,1.0089716106804425,False
normal_0576,29,0,0,10.649361435985227,0.015853039574439245,False
normal_0576,30,0,0,9.73097597127684,1.7296582137317102,False
normal_0576,31,0,0,9.008570780281309,1.0480728074381587,False
normal_0576,32,0,0,8.846930104197176,0.3593483288959868,False
normal_0576,33,0,0,9.165845571129324,0.9952284307141306,False
normal_0576,34,0,0,8.91064397311316,0.6506158024052481,False
normal_0576,35,0,0,7.363790770800487,0.5429381361932569,False
normal_0576,36,0,0,8.964925558856349,0.05589292721737066,False
normal_0576,37,0,0,8.061153576674569,0.36755428079703983,False
normal_0576,38,0,0,8.726765546401426,0.3728564551606466,False
normal_0576,39,0,0,9.52928384700953,0.07535097158322147,False
normal_0576,40,0,0,8.470453293385082,0.5203846137852999,False
normal_0576,41,0,0,8.071608437342297,0.6937253621703474,False
normal_0576,42,0,0,9.494249324491093,0.3048498993979034,False
normal_0576,43,0,0,7.65003777506547,0.33638833536536794,False
normal_0576,44,0,0,10.872638359835006,0.023404875003632423,False
normal_0576,45,0,0,14.276392356403806,1.2299647293447502,False
normal_0576,46,0,0,12.232940564668125,0.7226530149723507,False
normal_0576,47,0,0,11.946385251595592,0.7720214157088323,False
normal_0576,48,0,0,11.012119860972183,0.7405172844260146,False
normal_0576,49,0,0,9.763977512308772,0.732010787370921,False
normal_0577,0,0,0,,,False
normal_0577,1,0,0,,,False
normal_0577,2,0,0,7.2390944096328775,0.08516003468110395,False
normal_0577,3,0,0,7.0534147584488815,0.2070152962254392,False
normal_0577,4,0,0,6.257118031165935,0.04569883765820008,False
normal_0577,5,0,0,7.800970754863833,0.011679097668398038,False
normal_0577,6,0,0,7.3388906286875795,0.166909706795936,False
normal_0577,7,0,0,8.234132545043046,0.11077422752133285,False
normal_0577,8,0,0,7.6746354324421775,0.18427259204022853,False
normal_0577,9,0,0,10.862696783866118,0.8961516295042941,False
normal_0577,10,0,0,6.433535138522635,0.03820964625963241,False
normal_0577,11,0,0,6.702022216134099,0.2894443726804002,False
normal_0577,12,0,0,7.872456605885678,0.031880715177152366,False
normal_0577,13,0,0,6.390747777047466,0.68244346425616,False
normal_0577,14,0,0,6.915656538195002,0.3770409383590377,False
normal_0577,15,0,0,6.616254595853783,0.20523975278838263,False
normal_0577,16,0,0,8.245105410179393,0.3558106213679358,False
normal_0577,17,0,0,7.720432736503135,0.36487125988587643,False
normal_0577,18,0,0,6.0957919902359805,0.15333480614975062,False
normal_0577,19,0,0,6.169758258918783,0.16743509427589678,False
normal_0577,20,0,0,6.833668540129472,0.47152257276658793,False
normal_0577,21,0,0,5.471333100556812,0.106977584357552,False
normal_0577,22,0,0,7.143677755379239,0.4322133350524005,False
normal_0577,23,0,0,7.547809533772177,0.050996252348209044,False
normal_0577,24,0,0,8.452393959103606,0.11131470659423262,False
normal_0577,25,0,0,5.912542190052609,0.14562311158361946,False
normal_0577,26,0,0,7.579240149542071,0.974190268892985,False
normal_0577,27,0,0,7.496616587942593,0.2857360962871383,False
normal_0577,28,0,0,6.216131653113994,0.4127905003106003,False
normal_0577,29,0,0,6.375484199422808,0.1947339989616798,False
normal_0577,30,0,0,7.632460329570095,0.9480430684467908,False
normal_0577,31,0,0,6.954810543519443,0.5696970589732541,False
normal_0577,32,0,0,5.852656458860533,0.09876867446299044,False
normal_0577,33,0,0,6.4236809162540185,0.015136540109620641,False
normal_0577,34,0,0,8.109720106665145,0.1712295939089645,False
normal_0577,35,0,0,6.6057509908558805,0.030763584891644317,False
normal_0577,36,0,0,7.269920840969676,0.06541437147193753,False
normal_0577,37,0,0,8.488803527333271,0.11174233039241038,False
normal_0577,38,0,0,7.258854102555169,0.10044587851268051,False
normal_0577,39,0,0,6.531969859477413,0.4310493923271619,False
normal_0577,40,0,0,6.955099348914854,0.12788888288893893,False
normal_0577,41,0,0,8.290694011655726,0.13991358853856845,False
normal_0577,42,0,0,9.691408085022372,0.510459906702238,False
normal_0577,43,0,0,5.552133765651239,0.37775991624129035,False
normal_0577,44,0,0,6.953824957686834,0.20248182521063748,False
normal_0577,45,0,0,5.4996780889369274,0.17975097628257486,False
normal_0577,46,0,0,5.501942706458582,0.16751777275039592,False
normal_0577,47,0,0,6.061172890348122,0.7594761328550755,False
normal_0577,48,0,0,7.070046642779791,0.7023829772070659,False
normal_0578,0,0,0,,,False
normal_0578,1,0,0,,,False
normal_0578,2,0,0,4.802010995108611,0.5845715925082076,False
normal_0578,3,0,0,5.046351987851547,0.756263703454822,False
normal_0578,4,0,0,6.637727816848979,0.23387493999346273,False
normal_0578,5,0,0,6.706798056449384,0.14535511822239894,False
normal_0578,6,0,0,6.927670706073864,0.0898410471516286,False
normal_0578,7,0,0,11.064211986237849,0.26299042477211027,False
normal_0578,8,0,0,9.379633686748802,0.22405372698150486,False
normal_0578,9,0,0,9.120904739726056,0.014543411620599172,False
normal_0578,10,0,0,5.734112537902038,0.00684873536218126,False
normal_0578,11,0,0,6.41574089251496,0.3909950623693053,False
normal_0578,12,0,0,6.385314294354782,0.24171051331631305,False
normal_0578,13,0,0,5.29300161545747,0.656296912400275,False
normal_0578,14,0,0,6.647210700506588,0.44932151245811064,False
normal_0578,15,0,0,5.156236957180682,0.2609585528448864,False
normal_0578,16,0,0,5.476348022211245,0.24664314908785206,False
normal_0578,17,0,0,5.44756696589404,0.42432207974245845,False
normal_0578,18,0,0,4.979390047213041,0.12949774522945628,False
normal_0578,19,0,0,5.197809388951952,0.005050348311655906,False
normal_0578,20,0,0,5.54517613302814,0.48869567486303367,False
normal_0578,21,0,0,6.085841645710095,0.05316169257014839,False
normal_0578,22,0,0,7.794637880987456,0.7711274103703853,False
normal_0578,23,0,0,4.663353380827824,0.09097901143500343,False
normal_0578,24,0,0,4.2809666014806815,0.04964759076198831,False
normal_0578,25,0,0,4.908184956621057,0.015841608404732886,False
normal_0578,26,0,0,4.262759730703646,0.25340913890228295,False
normal_0578,27,0,0,5.84659439869881,0.015955610862181856,False
normal_0578,28,0,0,5.84781232357816,0.016769703922690164,False
normal_0578,29,0,0,10.419720954882042,0.08646091966302191,False
normal_0578,30,0,0,9.511911290542644,0.14322526435632557,False
normal_0578,31,0,0,8.611888649740173,0.23721175093321842,False
normal_0578,32,0,0,6.280669615394484,0.4105375644411382,False
normal_0578,33,0,0,4.66634849838321,0.14972800951178575,False
normal_0578,34,0,0,4.8056758614299175,0.43762075965974734,False
normal_0579,0,0,0,,,False
normal_0579,1,0,0,,,False
normal_0579,2,0,0,8.47707412041831,0.10784469271804185,False
normal_0579,3,0,0,8.254057731149953,0.6718725085872492,False
normal_0579,4,0,0,8.502784339196772,0.022741922966533285,False
normal_0579,5,0,0,10.946079432831937,1.0649935184008525,False
normal_0579,6,0,0,8.635260614627905,0.13355416779905563,False
normal_0579,7,0,0,8.104905999611075,0.29337063470279684,False
normal_0579,8,0,0,6.754215098610075,0.7849113890231108,False
normal_0579,9,0,0,7.965840738273479,0.5382404547540608,False
normal_0579,10,0,0,9.226439417523265,0.2543203717055602,False
normal_0579,11,0,0,10.289397994400913,0.6509122802017966,False
normal_0579,12,0,0,7.389295897690617,0.3350523772604442,False
normal_0579,13,0,0,7.3434202316899855,0.014842088508667034,False
normal_0579,14,0,0,9.747169099137421,0.27512085887452703,False
normal_0579,15,0,0,9.004754839461063,0.04683145681015952,False
normal_0579,16,0,0,6.920321221817783,0.34036323282097997,False
normal_0579,17,0,0,8.290983484774449,0.7006910664377104,False
normal_0579,18,0,0,6.510996044631734,0.019932227311612098,False
normal_0579,19,0,0,8.814956107238586,0.315535061457492,False
normal_0579,20,0,0,7.732389054676868,0.5647508585365876,False
normal_0579,21,0,0,8.67592298561407,0.2753368752133568,False
normal_0579,22,0,0,9.290097433705784,0.8480158581426643,False
normal_0579,23,0,0,7.432522606647024,0.22153591839171635,False
normal_0579,24,0,0,7.67066000508088,0.3110116610413119,False
normal_0579,25,0,0,6.708336217254772,0.3231055390679606,False
normal_0579,26,0,0,8.297002801304993,0.5868145552057056,False
normal_0579,27,0,0,10.357778566584308,0.25749970540704425,False
normal_0579,28,0,0,10.52095280411946,1.3041652977829803,False
normal_0579,29,0,0,7.896474339536403,0.604342843575428,False
normal_0579,30,0,0,11.111106460196973,0.22365275706161247,False
normal_0579,31,0,0,10.71876770332554,0.5341926239490853,False
normal_0579,32,0,0,11.008790166679512,0.14475218908617762,False
normal_0579,33,0,0,7.74572044735768,0.023655273051112966,False
normal_0579,34,0,0,11.05134464312548,0.7175157333823702,False
normal_0580,0,0,0,,,False
normal_0580,1,0,0,,,False
normal_0580,2,0,0,4.981818753501137,0.22166914838089086,False
normal_0580,3,0,0,5.296913567864284,0.08989722117475875,False
normal_0580,4,0,0,6.063730458673919,0.16485882754226128,False
normal_0580,5,0,0,6.421068953569928,0.08928885598189114,False
normal_0580,6,0,0,6.703003099149878,0.029871354453386862,False
normal_0580,7,0,0,5.055971855344502,0.19636296625892313,False
normal_0580,8,0,0,6.726577787223891,0.24802903895705,False
normal_0580,9,0,0,8.087342336757342,0.9184760505500728,False
normal_0580,10,0,0,7.135884333483773,0.07625869901582738,False
normal_0580,11,0,0,4.855764510974442,0.04335754022913164,False
normal_0580,12,0,0,8.418527944011212,0.2062870385440955,False
normal_0580,13,0,0,8.905660926073184,0.09493337270313011,False
normal_0580,14,0,0,7.41848233719131,0.6140930877417498,False
normal_0580,15,0,0,5.702970183985054,0.054033502173833785,False
normal_0580,16,0,0,7.4746871906810375,0.2617700436475614,False
normal_0580,17,0,0,7.2104335944947175,0.460966893935307,False
normal_0580,18,0,0,6.597888089676739,0.23525284722557394,False
normal_0580,19,0,0,5.1843707226710665,0.026760604427220957,False
normal_0580,20,0,0,5.7317182012246235,0.4040352681005119,False
normal_0580,21,0,0,6.240206944296091,0.15833090798485536,False
normal_0580,22,0,0,6.168097748925313,0.20130521655204195,False
normal_0580,23,0,0,5.666805846339312,0.03299380768452054,False
normal_0581,0,0,0,,,False
normal_0581,1,0,0,,,False
normal_0581,2,0,0,8.930754312669835,0.24855259434577712,False
normal_0581,3,0,0,7.057849943828171,0.16960936530053053,False
normal_0581,4,0,0,7.317754670284249,0.06651428266793631,False
normal_0581,5,0,0,8.216394728397526,0.07669201048144159,False
normal_0581,6,0,0,6.329514918073382,0.10355345011281812,False
normal_0581,7,0,0,7.310908710609831,0.12180949658749657,False
normal_0581,8,0,0,7.08355042815641,0.3027031022961387,False
normal_0581,9,0,0,8.2516860289985,0.5463251382887864,False
normal_0582,0,0,0,,,False
normal_0582,1,0,0,,,False
normal_0582,2,0,0,9.142512815024318,0.31333183075098897,False
normal_0582,3,0,0,5.061263504893921,0.22339656435951688,False
normal_0582,4,0,0,7.3001664015208725,0.11986094783672605,False
normal_0582,5,0,0,6.905817723299831,0.4694254022364979,False
normal_0582,6,0,0,5.3403486252076435,0.033546105846261186,False
normal_0582,7,0,0,6.219026467049647,0.1179261821075054,False
normal_0582,8,0,0,7.127062622058173,0.4004104914450264,False
normal_0582,9,0,0,4.463678270716505,0.5663600669752188,False
normal_0582,10,0,0,5.276097439293076,0.13401961304840085,False
normal_0582,11,0,0,5.3810168449610005,0.17357340470437282,False
normal_0582,12,0,0,7.809989905682176,0.49914889728915945,False
normal_0582,13,0,0,5.9159948054543525,0.32297533137885925,False
normal_0582,14,0,0,5.256092694288141,0.11742706831136608,False
normal_0582,15,0,0,6.057565077355588,0.08197091095937693,False
normal_0582,16,0,0,5.661818366702242,0.49085534208953635,False
normal_0582,17,0,0,5.417491435750333,0.034590735992947354,False
normal_0582,18,0,0,6.54458929769751,0.048224976696057575,False
normal_0582,19,0,0,8.034482462527606,0.18892158958218638,False
normal_0582,20,0,0,8.647292133561299,0.1860664143925928,False
normal_0582,21,0,0,6.551873129894429,0.23561898889957422,False
normal_0582,22,0,0,6.564800310601028,0.1371952669150146,False
normal_0582,23,0,0,6.169141980572321,0.3638827668883161,False
normal_0582,24,0,0,5.650697432483657,0.29740912802442465,False
normal_0582,25,0,0,6.624545731332439,0.4938542909221998,False
normal_0582,26,0,0,6.056012078776192,0.4934612418341859,False
normal_0582,27,0,0,7.802496466972779,0.8632441708390468,False
normal_0582,28,0,0,5.923307875933741,0.4334333858410753,False
normal_0582,29,0,0,6.276507265346138,0.2409858279913705,False
normal_0582,30,0,0,5.770635707238302,0.3106042136143687,False
normal_0582,31,0,0,4.797777092414699,0.11806396303990596,False
normal_0582,32,0,0,5.9355409409753035,0.2721410559992139,False
normal_0582,33,0,0,6.15216339849492,0.10600734968606673,False
normal_0582,34,0,0,6.027016062137595,0.15883409725073203,False
normal_0582,35,0,0,5.171495638226002,0.22146750037152543,False
normal_0582,36,0,0,5.017038581642383,0.17539726094084765,False
normal_0582,37,0,0,8.384568605466972,0.10922150216458597,False
normal_0582,38,0,0,5.429515258207989,0.23169108737135635,False
normal_0582,39,0,0,5.994296445542074,0.13215312648539748,False
normal_0582,40,0,0,6.154335701463073,0.20396958101718726,False
normal_0582,41,0,0,7.105601833919752,0.04382282950902662,False
normal_0582,42,0,0,5.181523953822203,0.6393576675989107,False
normal_0582,43,0,0,6.029606336740284,0.3988421994042866,False
normal_0582,44,0,0,7.173631538293087,0.7642028528361668,False
normal_0582,45,0,0,8.086975633940495,0.49572048595310586,False
normal_0582,46,0,0,5.327621371275139,0.012498104882016635,False
normal_0582,47,0,0,5.450089625607466,0.3316932728209725,False
normal_0582,48,0,0,4.612088296096373,0.056917513093462546,False
normal_0582,49,0,0,4.927410492999544,0.2769759008247972,False
normal_0583,0,0,0,,,False
normal_0583,1,0,0,,,False
normal_0583,2,0,0,5.141507297396825,0.6235808016703057,False
normal_0583,3,0,0,5.683793468559749,0.25590969003367364,False
normal_0583,4,0,0,5.208679782526791,0.18439295745560444,False
normal_0583,5,0,0,5.567200650495515,0.3660035962417485,False
normal_0583,6,0,0,6.113794931578686,0.376098273096213,False
normal_0583,7,0,0,6.497317104524837,0.23373124592548383,False
normal_0583,8,0,0,10.214727565053805,0.4356867376357094,False
normal_0583,9,0,0,6.013968550343421,0.34553043926699994,False
normal_0583,10,0,0,4.74221395312747,0.38745088022434404,False
normal_0583,11,0,0,4.017090705771605,0.30654809035820496,False
normal_0583,12,0,0,5.543347900004998,0.40347093592583255,False
normal_0583,13,0,0,6.061829848259433,0.12598044345754425,False
normal_0583,14,0,0,6.695241824307966,0.30986095866665836,False
normal_0583,15,0,0,8.386367218281142,0.4430650892198496,False
normal_0583,16,0,0,8.409522566713973,0.6038277831488646,False
normal_0583,17,0,0,7.931169464105966,0.16137697409065815,False
normal_0583,18,0,0,6.259328121499593,0.47397735640751526,False
normal_0583,19,0,0,7.171500383806705,0.6963147627879063,False
normal_0583,20,0,0,6.313873334209869,0.020167022388633375,False
normal_0583,21,0,0,6.071509528665299,0.4474846337675797,False
normal_0583,22,0,0,6.610861662351321,0.4363241509694947,False
normal_0583,23,0,0,5.639938168651274,0.36162159852616615,False
normal_0583,24,0,0,4.192945033989569,0.20671798875057254,False
normal_0583,25,0,0,7.663148287096916,0.14246201339655773,False
normal_0583,26,0,0,8.744038962178303,0.29156862748952883,False
normal_0583,27,0,0,9.143449233078131,1.1555353030738789,False
normal_0583,28,0,0,10.35587366644169,0.5500867447160535,False
normal_0583,29,0,0,8.321779295597567,0.108687178982828,False
normal_0583,30,0,0,7.329976791321779,0.19022231329780345,False
normal_0583,31,0,0,8.542014347461075,0.21040034734297144,False
normal_0583,32,0,0,9.759839262049306,0.26790425290608605,False
normal_0583,33,0,0,11.228061843272732,0.5855800388008886,False
normal_0583,34,0,0,4.203405419873245,0.09880938231132469,False
normal_0583,35,0,0,6.787202823452062,0.20131202323457695,False
normal_0583,36,0,0,7.441691225861555,0.6331539048000784,False
normal_0583,37,0,0,9.820071393257418,0.6950045345057927,False
normal_0583,38,0,0,8.898544011058483,0.43619539023676585,False
normal_0583,39,0,0,10.162781027748801,0.40200731882128066,False
normal_0583,40,0,0,9.83019924802709,0.5676814128390524,False
normal_0583,41,0,0,8.570155334358475,0.3511399992041724,False
normal_0583,42,0,0,6.68052308509654,0.3216288349652311,False
normal_0583,43,0,0,7.339613510453668,0.21977721607399434,False
normal_0583,44,0,0,6.887406530457926,0.022243795965539808,False
normal_0583,45,0,0,8.30015977491245,0.44922694021628984,False
normal_0583,46,0,0,7.5640146897170055,0.7950417945520508,False
normal_0583,47,0,0,9.968131017265396,0.8756424325204133,False
normal_0583,48,0,0,6.566850392397357,0.22512944260578044,False
normal_0583,49,0,0,7.3509206720285905,0.004658541289929779,False
normal_0584,0,0,0,,,False
normal_0584,1,0,0,,,False
normal_0584,2,0,0,11.40888969797225,0.6427763019069391,False
normal_0584,3,0,0,10.732568117647574,0.2500025333580339,False
normal_0584,4,0,0,12.349562619570117,1.9074427682506252,False
normal_0584,5,0,0,9.715046307466837,0.8211553014683268,False
normal_0584,6,0,0,10.679685519737648,0.8726234062387458,False
normal_0584,7,0,0,8.971572612679092,0.12675402751529732,False
normal_0584,8,0,0,7.765092055003097,0.6769244147132086,False
normal_0584,9,0,0,8.73563349486485,0.18285487961074387,False
normal_0584,10,0,0,10.258095093936616,0.7241421618573021,False
normal_0584,11,0,0,7.186184840541841,0.10850947602034267,False
normal_0584,12,0,0,9.348592445600932,0.266338967962376,False
normal_0584,13,0,0,8.65277892820526,1.1345237943748587,False
normal_0584,14,0,0,9.150399105510925,0.38718563010563456,False
normal_0584,15,0,0,10.552685210316158,0.9571770245439567,False
normal_0584,16,0,0,8.70785103725288,0.030001038094556856,False
normal_0584,17,0,0,8.331282750845803,0.5508144819881924,False
normal_0584,18,0,0,10.352754649033054,0.12216287947342898,False
normal_0584,19,0,0,9.212551566744635,0.032289279122160695,False
normal_0584,20,0,0,9.22220845411796,0.14562300191587538,False
normal_0584,21,0,0,10.920604358371202,0.6508638737037497,False
normal_0584,22,0,0,8.147000767450946,1.4377196625310524,False
normal_0584,23,0,0,8.681913105401684,0.3385088199896194,False
normal_0584,24,0,0,11.137546718229343,0.9989099403329027,False
normal_0584,25,0,0,9.67912220261046,0.8801639149881969,False
normal_0584,26,0,0,9.918217924882677,0.09511603601939699,False
normal_0584,27,0,0,11.664524079328233,1.3561492991544633,False
normal_0584,28,0,0,9.913865886880956,0.03929635709561926,False
normal_0584,29,0,0,10.414815950923083,0.665241560304945,False
normal_0584,30,0,0,11.086219048720794,1.9895405325773063,False
normal_0584,31,0,0,9.416979799834925,0.09074616106423034,False
normal_0584,32,0,0,9.23077013708351,0.8305813485506744,False
normal_0584,33,0,0,8.442461683239637,0.5222941561590214,False
normal_0584,34,0,0,7.171518396104983,0.18918924144453514,False
normal_0584,35,0,0,8.01540532778278,0.24807046072908964,False
normal_0584,36,0,0,8.398366035387333,0.15017676147901637,False
normal_0585,0,0,0,,,False
normal_0585,1,0,0,,,False
normal_0585,2,0,0,9.245942147467053,0.4902651424938558,False
normal_0585,3,0,0,6.549512768031408,0.508813599726764,False
normal_0585,4,0,0,7.150150480471781,0.01240574591515489,False
normal_0585,5,0,0,6.5093502376542105,0.4199134798804108,False
normal_0585,6,0,0,7.205182082371071,0.18798227413606258,False
normal_0585,7,0,0,6.823269010901221,0.028646552339161333,False
normal_0585,8,0,0,7.864584714841688,0.3995154608844286,False
normal_0585,9,0,0,8.403133411446232,0.03143476466046585,False
normal_0585,10,0,0,7.61118529848715,0.06617357507629677,False
normal_0585,11,0,0,8.58038830657454,0.5530682681471798,False
normal_0585,12,0,0,6.812122156830882,0.5831432001310962,False
normal_0585,13,0,0,7.145711988943295,0.4857049475067298,False
normal_0585,14,0,0,6.5102335061416285,0.19719017905717634,False
normal_0585,15,0,0,7.70065604569788,0.021969079568474263,False
normal_0585,16,0,0,5.943513035453304,0.9087621208674643,False
normal_0585,17,0,0,6.738684013339818,0.43204549115384566,False
normal_0585,18,0,0,5.843266423971024,0.5963073991494341,False
normal_0585,19,0,0,8.572380240938562,0.3677611787272721,False
normal_0585,20,0,0,5.8524901225235295,0.40452738527503285,False
normal_0585,21,0,0,5.63918192551489,0.20846022668843017,False
normal_0585,22,0,0,6.6104468648828805,0.46999353613665845,False
normal_0585,23,0,0,7.077413577434278,0.014264994786029748,False
normal_0585,24,0,0,6.945941678563945,0.3117622034619119,False
normal_0586,0,0,0,,,False
normal_0586,1,0,0,,,False
normal_0586,2,0,0,6.995919348739233,0.4955840909393489,False
normal_0586,3,0,0,6.757114085973016,0.5024961654429438,False
normal_0586,4,0,0,7.1664017256376225,0.33562838271780576,False
normal_0586,5,0,0,7.210807154917923,0.3365281830607896,False
normal_0586,6,0,0,7.412038815213294,0.22469063747460521,False
normal_0586,7,0,0,4.554875357472539,0.21694136885319903,False
normal_0586,8,0,0,6.962983159231315,0.09412760018114168,False
normal_0586,9,0,0,6.396024450618487,0.2982993148880907,False
normal_0586,10,0,0,6.604874802347717,0.7543273395312673,False
normal_0587,0,0,0,,,False
normal_0587,1,0,0,,,False
normal_0587,2,0,0,10.675969527794004,0.3706095166837117,False
normal_0587,3,0,0,8.368479851561377,0.46086316692974744,False
normal_0587,4,0,0,8.204436741752955,0.45494529061614847,False
normal_0587,5,0,0,8.377070998885342,0.30865473024211176,False
normal_0587,6,0,0,9.97500230861749,0.7796595403979323,False
normal_0587,7,0,0,8.134738909760005,0.09787869330658097,False
normal_0587,8,0,0,8.750058384384893,0.7916152625989645,False
normal_0587,9,0,0,10.424036685856427,1.240401430487144,False
normal_0587,10,0,0,8.609917942807387,0.2137318452299857,False
normal_0587,11,0,0,8.294189825946981,0.33690297896300836,False
normal_0587,12,0,0,6.759437796378208,0.33907104730140236,False
normal_0587,13,0,0,9.140852659192227,0.5073542629885561,False
normal_0587,14,0,0,9.229964527111918,0.12384941127019637,False
normal_0587,15,0,0,8.217920601318562,0.4171879007721953,False
normal_0587,16,0,0,7.166997973675298,0.6818549599250688,False
normal_0587,17,0,0,8.09283753458598,0.9201755604456205,False
normal_0587,18,0,0,7.8525725680084015,0.23348321953321471,False
normal_0587,19,0,0,12.232833803198242,2.043385521217195,False
normal_0587,20,0,0,11.363379718404282,0.32659257462608704,False
normal_0587,21,0,0,8.883395874126686,0.014142322266131357,False
normal_0587,22,0,0,8.32598324912311,0.354098485873459,False
normal_0587,23,0,0,8.555913595662323,1.282318947867668,False
normal_0587,24,0,0,6.792773800603612,0.13155862759576292,False
normal_0587,25,0,0,8.367035821551674,0.3006077224616764,False
normal_0587,26,0,0,10.127163800343425,0.39108287306315986,False
normal_0587,27,0,0,8.76040103358284,0.07202820541181056,False
normal_0587,28,0,0,10.47959506346332,1.1094772659961647,False
normal_0587,29,0,0,7.886458567114848,0.16787030782843373,False
normal_0587,30,0,0,8.67575197093651,0.8932736837724032,False
normal_0587,31,0,0,8.964474615423116,0.41034409553542794,False
normal_0587,32,0,0,7.303301972919283,0.4273008719714134,False
normal_0587,33,0,0,8.026120938586777,0.032447890079958845,False
normal_0587,34,0,0,10.044527696403096,0.8526928917337985,False
normal_0587,35,0,0,11.250626998357843,0.34303931532058246,False
normal_0587,36,0,0,10.961962732071633,0.7648798333845673,False
normal_0587,37,0,0,9.639034334136582,0.5432284581907337,False
normal_0587,38,0,0,7.082210502957339,0.3252877504006413,False
normal_0587,39,0,0,9.59034149614357,1.2407761503836232,False
normal_0587,40,0,0,7.6799160883694855,1.4281699024482772,False
normal_0587,41,0,0,7.01778284943628,0.2640552745109914,False
normal_0587,42,0,0,7.830944640647966,0.520711318665108,False
normal_0587,43,0,0,8.018881969558691,0.21235140745807551,False
normal_0587,44,0,0,8.675842767730929,1.4091461257702933,False
normal_0587,45,0,0,11.630646944494417,0.9603471734007727,False
normal_0587,46,0,0,8.288928055993205,0.3598784357574115,False
normal_0587,47,0,0,8.52868498670374,1.8085591218282877,False
normal_0587,48,0,0,8.521164275269179,0.8696374425981813,False
normal_0587,49,0,0,7.78683021217164,0.3402959531880997,False
normal_0588,0,0,0,,,False
normal_0588,1,0,0,,,False
normal_0588,2,0,0,8.760768385885918,0.19569544489757867,False
normal_0588,3,0,0,9.227056761961856,0.46404103706106326,False
normal_0588,4,0,0,6.428418606720911,0.12728669900050749,False
normal_0588,5,0,0,8.286253494886056,0.20758526536096167,False
normal_0588,6,0,0,7.435676374693718,0.18218577576107553,False
normal_0588,7,0,0,6.034779485246787,0.07001537847367863,False
normal_0588,8,0,0,7.304932549771519,0.8619223308638383,False
normal_0588,9,0,0,7.585726358925478,0.09627012067384531,False
normal_0588,10,0,0,8.110559453392483,0.10298966732992428,False
normal_0588,11,0,0,7.029158112265083,0.017687755010422006,False
normal_0588,12,0,0,7.258810219479659,0.27705026887957096,False
normal_0588,13,0,0,5.569760210820859,0.2348690023546808,False
normal_0588,14,0,0,6.19089028372985,0.2956035154586264,False
normal_0588,15,0,0,6.999143198753345,0.20350471229629433,False
normal_0588,16,0,0,7.936153680068622,0.38716229656592266,False
normal_0588,17,0,0,6.047357893556236,0.157436023043941,False
normal_0588,18,0,0,7.0910649066769595,0.18978461008603337,False
normal_0588,19,0,0,6.949237945269047,0.20493854453674062,False
normal_0588,20,0,0,9.94365043917202,0.9528337497434829,False
normal_0588,21,0,0,5.726398100999742,0.24917222262251953,False
normal_0588,22,0,0,7.198342003189963,0.0838475761901105,False
normal_0588,23,0,0,9.065334299000146,0.11174733675317733,False
normal_0588,24,0,0,7.016866836844524,0.6325578760435306,False
normal_0588,25,0,0,6.157668466600568,0.5832990671017532,False
normal_0588,26,0,0,7.794795715153992,0.27932637170049207,False
normal_0588,27,0,0,8.249649065113195,0.05444487471751256,False
normal_0588,28,0,0,8.556690106161719,0.17163701917990018,False
normal_0588,29,0,0,7.307005349584863,0.020546464892616696,False
normal_0588,30,0,0,7.772245785137398,0.13927713510412926,False
normal_0588,31,0,0,7.513108890823562,0.1578422707066381,False
normal_0588,32,0,0,6.42503007763703,0.018758284257587948,False
normal_0588,33,0,0,7.172582633465535,0.0989442073181319,False
normal_0588,34,0,0,7.211370710303381,0.0377525646230539,False
normal_0588,35,0,0,7.26707348727538,0.24187634922670206,False
normal_0588,36,0,0,6.735622127310127,0.21467617902762232,False
normal_0588,37,0,0,7.253508860196493,1.0438336369857701,False
normal_0588,38,0,0,6.962636440483163,0.07828833706620027,False
normal_0588,39,0,0,4.993863146469844,0.22003005874722742,False
normal_0588,40,0,0,6.783422638747157,0.09842419810979887,False
normal_0588,41,0,0,6.08968709661588,0.8131090737860915,False
normal_0588,42,0,0,5.831075108556914,0.5937300120278854,False
normal_0588,43,0,0,5.895282512964276,0.12669598373610552,False
normal_0588,44,0,0,5.971805830748444,0.18463459231053814,False
normal_0588,45,0,0,6.9855953745531645,0.08507054506465295,False
normal_0588,46,0,0,6.629784213412641,0.015377643437517472,False
normal_0588,47,0,0,6.454635913876271,0.07340815549607536,False
normal_0588,48,0,0,7.558525303699793,0.4522101493651116,False
normal_0588,49,0,0,5.7664891348622085,0.15823856830572977,False
normal_0589,0,0,0,,,False
normal_0589,1,0,0,,,False
normal_0589,2,0,0,5.828988873846562,0.272258670890722,False
normal_0589,3,0,0,5.708772757617797,0.32641648497162845,False
normal_0589,4,0,0,5.5446302720392255,0.4219809376665537,False
normal_0589,5,0,0,5.436913627874432,0.16028097318778428,False
normal_0589,6,0,0,6.199740557828186,0.16329035723477076,False
normal_0589,7,0,0,5.7474053593920615,0.017839729564962443,False
normal_0589,8,0,0,4.275437852395177,0.43486362174989684,False
normal_0589,9,0,0,4.6846264938315265,0.24419529437061416,False
normal_0589,10,0,0,5.5911818831720135,0.5646943622501506,False
normal_0589,11,0,0,7.169775141037139,0.3307858512770977,False
normal_0589,12,0,0,7.934813854731133,0.21100009107436424,False
normal_0589,13,0,0,5.211554256231447,0.1378824562599965,False
normal_0589,14,0,0,5.738628916455219,0.46479827573656407,False
normal_0589,15,0,0,7.446591838980109,0.5829477130055148,False
normal_0589,16,0,0,8.497847537224985,0.44532812560378815,False
normal_0589,17,0,0,6.786065108854808,0.2440551737928027,False
normal_0589,18,0,0,6.950831147560087,0.4631522635447721,False
normal_0589,19,0,0,6.97431353614654,0.23958942046649284,False
normal_0589,20,0,0,7.147679728119045,0.3135272402447166,False
normal_0589,21,0,0,5.9740036115409465,0.3845398282606612,False
normal_0589,22,0,0,5.710461702795168,0.2705104632782967,False
normal_0589,23,0,0,5.045577364674525,0.19045523635354517,False
normal_0589,24,0,0,6.934744364712699,0.17840019302493237,False
normal_0589,25,0,0,5.77806988168139,0.3409417588082555,False
normal_0589,26,0,0,6.95792941622753,0.21353608587639814,False
normal_0589,27,0,0,5.566179041523704,0.16995929895113165,False
normal_0589,28,0,0,5.883258030946575,0.11398802846098122,False
normal_0589,29,0,0,5.9594629146253455,0.41162858498538907,False
normal_0589,30,0,0,5.055463933935551,0.0028547921451941237,False
normal_0589,31,0,0,5.700529296003087,0.2968098762598285,False
normal_0589,32,0,0,5.402402765754483,0.4147833043856183,False
normal_0589,33,0,0,6.01266025420482,0.7017511927423649,False
normal_0589,34,0,0,6.599786845125316,0.0937322313599357,False
normal_0589,35,0,0,6.011041864841581,0.07310481185376741,False
normal_0589,36,0,0,8.016624010439733,0.18450623498121257,False
normal_0589,37,0,0,8.291490719403592,0.7152826119946519,False
normal_0589,38,0,0,5.798951079916978,0.014896523003451975,False
normal_0589,39,0,0,7.380459639871138,0.1256096366945486,False
normal_0589,40,0,0,4.378122746469519,0.12795241136863963,False
normal_0589,41,0,0,4.2497877755549895,0.22486946147382825,False
normal_0590,0,0,0,,,False
normal_0590,1,0,0,,,False
normal_0590,2,0,0,11.395333533893107,0.3262562471710508,False
normal_0590,3,0,0,8.144234157421335,0.40029591337677967,False
normal_0590,4,0,0,8.466967468812088,0.9003134777863778,False
normal_0590,5,0,0,7.443908716751957,0.529673643922361,False
normal_0590,6,0,0,8.386304514885987,0.0672630090160376,False
normal_0590,7,0,0,6.945653343934907,0.3523995021234611,False
normal_0590,8,0,0,6.862734358128379,0.21720110840984855,False
normal_0590,9,0,0,9.384895496627292,0.2021895463115437,False
normal_0590,10,0,0,11.990650822033182,1.8013159902007192,False
normal_0590,11,0,0,10.404210350841863,0.39481600619688484,False
normal_0590,12,0,0,9.028204493651618,1.8092463536034316,False
normal_0590,13,0,0,9.091245819890348,1.0981871463013668,False
normal_0590,14,0,0,9.166214360181394,0.20343572363861867,False
normal_0590,15,0,0,9.92397244990075,0.008625574796793151,False
normal_0590,16,0,0,9.086013232425243,0.9570457389269083,False
normal_0590,17,0,0,8.901647277682125,0.6077036661571279,False
normal_0590,18,0,0,10.124661612517889,0.793391893417384,False
normal_0590,19,0,0,11.007341177527868,0.5085718612895382,False
normal_0590,20,0,0,7.642032746248158,0.38376787193768236,False
normal_0590,21,0,0,8.710193727540158,0.08456702261191511,False
normal_0590,22,0,0,9.40054103059047,0.011590776581384684,False
normal_0590,23,0,0,10.07119244978494,0.06138738302137454,False
normal_0590,24,0,0,8.363023735293515,0.05625158922740074,False
normal_0590,25,0,0,8.452735706667724,0.2633798101699807,False
normal_0590,26,0,0,8.076376561363452,1.7779587107332888,False
normal_0590,27,0,0,8.476234252933128,0.49433464898334456,False
normal_0590,28,0,0,8.231039662565703,0.06694204493423157,False
normal_0591,0,0,0,,,False
normal_0591,1,0,0,,,False
normal_0591,2,0,0,9.036721303075224,0.23381233906665685,False
normal_0591,3,0,0,8.6623021444233,0.035985414945539515,False
normal_0591,4,0,0,10.637782363564492,0.4444607918746905,False
normal_0591,5,0,0,9.876944492911663,1.2787078053381986,False
normal_0591,6,0,0,7.446556250335846,0.26198217152560294,False
normal_0591,7,0,0,9.114865003410335,0.15402962020742542,False
normal_0591,8,0,0,7.827640067826909,0.04289278669494807,False
normal_0591,9,0,0,9.442947529049112,0.5030036894039608,False
normal_0591,10,0,0,9.446306380189434,0.010287546813219473,False
normal_0591,11,0,0,8.326092196283492,0.10835181033299672,False
normal_0591,12,0,0,6.168087423340943,0.31070127087542826,False
normal_0591,13,0,0,10.093148644874349,0.30151814061706356,False
normal_0591,14,0,0,9.830237943950431,0.17777092873348666,False
normal_0591,15,0,0,9.552415250775928,0.27893091347255905,False
normal_0591,16,0,0,5.392550695947727,0.3861536089860515,False
normal_0591,17,0,0,9.972963517548138,0.32720605785450657,False
normal_0592,0,0,0,,,False
normal_0592,1,0,0,,,False
normal_0592,2,0,0,5.758610467676718,0.07388632798728925,False
normal_0592,3,0,0,5.240658741601359,0.062222004242262555,False
normal_0592,4,0,0,5.361239084736802,0.2590884963783829,False
normal_0592,5,0,0,4.1993223901162215,0.7133448196737433,False
normal_0593,0,0,0,,,False
normal_0593,1,0,0,,,False
normal_0593,2,0,0,6.122784221059066,0.7771648719634403,False
normal_0593,3,0,0,7.183390029549188,0.044257221923304606,False
normal_0593,4,0,0,6.54018018830369,0.2562320253079347,False
normal_0593,5,0,0,5.848843223229815,0.200827682202403,False
normal_0593,6,0,0,8.081357431637931,0.25217444397299504,False
normal_0593,7,0,0,6.711632533419592,0.20262034349494895,False
normal_0593,8,0,0,6.9102946103064715,0.2725743187545229,False
normal_0593,9,0,0,7.438643978288128,0.6342675748701648,False
normal_0593,10,0,0,8.448632626445699,0.18510451457478225,False
normal_0593,11,0,0,8.183096876484022,0.028001575584247172,False
normal_0593,12,0,0,7.512324974441821,0.24670819305982425,False
normal_0593,13,0,0,6.620077004360675,0.3456481572610469,False
normal_0593,14,0,0,8.770386152301187,0.5212165601295472,False
normal_0593,15,0,0,7.61876891511299,0.14724266444826242,False
normal_0593,16,0,0,6.464065543788686,0.30804524022492574,False
normal_0593,17,0,0,7.8919142245138945,0.7677333818394944,False
normal_0593,18,0,0,6.442665911966036,0.44718771062320484,False
normal_0593,19,0,0,7.075439327358834,0.021575125575403014,False
normal_0593,20,0,0,7.911276907056018,0.41508906014643737,False
normal_0593,21,0,0,8.232196251324893,0.3891332811669102,False
normal_0593,22,0,0,5.117952261746869,0.05912323121958771,False
normal_0593,23,0,0,6.733756870110606,0.16038056909183293,False
normal_0593,24,0,0,6.7445559443835394,0.12066831874259983,False
normal_0593,25,0,0,7.30412644940872,0.36323855830067153,False
normal_0593,26,0,0,6.355527009147568,0.2993493845540438,False
normal_0593,27,0,0,7.3786653358916885,0.11427988380751782,False
normal_0593,28,0,0,7.727547609000676,0.11827398533905079,False
normal_0593,29,0,0,7.396470747975076,0.28484135084019296,False
normal_0593,30,0,0,6.372421615588697,0.21967617551641577,False
normal_0593,31,0,0,9.692779163932673,0.8404989361140875,False
normal_0593,32,0,0,8.60437633364777,0.5124474760594722,False
normal_0593,33,0,0,7.3563159298885425,0.4187476657773548,False
normal_0593,34,0,0,7.940743516856109,0.14858184616930153,False
normal_0593,35,0,0,10.096831277393536,0.5962220725735222,False
normal_0593,36,0,0,9.986977088816364,0.5789075450123765,False
normal_0593,37,0,0,9.606191604060312,0.03394443488685778,False
normal_0593,38,0,0,9.036197267561507,0.08650915329005197,False
normal_0593,39,0,0,10.472904490211443,0.2552680531539193,False
normal_0593,40,0,0,9.243262260180432,0.6071844041755323,False
normal_0593,41,0,0,10.631450513741283,0.19991120642249408,False
normal_0593,42,0,0,9.860425054139364,0.2618022158839141,False
normal_0593,43,0,0,9.751864279187304,0.43777733387960155,False
normal_0593,44,0,0,7.029851365075667,0.19337381137299403,False
normal_0593,45,0,0,9.314370942319519,0.4743864309886503,False
normal_0593,46,0,0,8.650688627047133,0.37723822555466574,False
normal_0593,47,0,0,8.1616710027542,0.2720154613458968,False
normal_0593,48,0,0,6.2890915331926776,0.5270120335294118,False
normal_0593,49,0,0,6.809588679036254,0.18623518570174222,False
normal_0594,0,0,0,,,False
normal_0594,1,0,0,,,False
normal_0594,2,0,0,6.432534783169776,0.277986051421408,False
normal_0594,3,0,0,5.967474304177546,0.009478231862650158,False
normal_0594,4,0,0,7.443998161662207,0.1045382584440821,False
normal_0594,5,0,0,6.694280614922978,0.32395494348024984,False
normal_0594,6,0,0,8.93832579473785,0.3048143938538882,False
normal_0594,7,0,0,7.795943772969047,0.1254831856858383,False
normal_0594,8,0,0,8.134163382162512,0.4611912165912047,False
normal_0594,9,0,0,9.44197716457243,0.46838262871540365,False
normal_0594,10,0,0,5.604021752244364,0.2001082114242656,False
normal_0594,11,0,0,10.264594496757232,0.22058599950252641,False
normal_0594,12,0,0,8.871958710876866,0.8943614069295819,False
normal_0594,13,0,0,10.170217455008425,0.6587921167446945,False
normal_0594,14,0,0,5.059985952117986,0.08747733703838692,False
normal_0594,15,0,0,6.0756500879552995,0.3525001226083072,False
normal_0594,16,0,0,6.577607609568648,0.748739645164508,False
normal_0594,17,0,0,6.766023278314002,0.8636845677437089,False
normal_0594,18,0,0,3.965894595405729,0.07134202813853957,False
normal_0594,19,0,0,6.428609809946168,0.922721110414811,False
normal_0594,20,0,0,6.590984073229237,0.7727056978807676,False
normal_0594,21,0,0,7.154020316402988,0.29559547110753864,False
normal_0594,22,0,0,9.688131249745668,0.3336687975164662,False
normal_0594,23,0,0,7.459689705165526,0.1505764529349643,False
normal_0594,24,0,0,5.986701548000515,0.3147348280004815,False
normal_0594,25,0,0,4.2525357616980015,0.16802581869747185,False
normal_0594,26,0,0,8.056374363703977,0.8777977564043157,False
normal_0594,27,0,0,5.514944398090397,0.10155787336731896,False
normal_0594,28,0,0,6.868292850327188,0.25688964434651307,False
normal_0594,29,0,0,7.997322830103836,0.3163694761496381,False
normal_0594,30,0,0,5.3272909489435305,0.5032827660125274,False
normal_0594,31,0,0,6.816341182005778,0.030081500835476817,False
normal_0594,32,0,0,6.612825193815241,0.8187857618140293,False
normal_0594,33,0,0,11.81922137530399,0.8918209400093403,False
normal_0594,34,0,0,9.076550412195564,0.17736341670431321,False
normal_0594,35,0,0,9.366149643036673,0.20258393873187125,False
normal_0594,36,0,0,8.415470415273168,0.6310247645227259,False
normal_0594,37,0,0,6.005214406466769,0.26640988644228636,False
normal_0594,38,0,0,9.998034230537689,0.0443749802419963,False
normal_0594,39,0,0,9.463888398243256,0.34050318572392085,False
normal_0594,40,0,0,8.970436502703095,1.0854792157433097,False
normal_0594,41,0,0,4.816536698411097,0.37287627015892216,False
normal_0594,42,0,0,6.0198317577622475,0.29212685046097153,False
normal_0594,43,0,0,5.393618661903172,0.10810072967830747,False
normal_0594,44,0,0,7.047180729084751,0.4673321341803976,False
normal_0594,45,0,0,5.946616729950745,0.6029370183637829,False
normal_0595,0,0,0,,,False
normal_0595,1,0,0,,,False
normal_0595,2,0,0,9.699161638025567,1.150790159351442,False
normal_0595,3,0,0,8.612807076871876,0.26625275419544986,False
normal_0595,4,0,0,9.299910452230325,1.0106589387822182,False
normal_0595,5,0,0,8.85006714703765,0.16550571720419954,False
normal_0595,6,0,0,8.942809190511415,0.48211125254261655,False
normal_0595,7,0,0,9.723803528529459,0.2725784855452771,False
normal_0595,8,0,0,10.233381228448502,0.42197819466124664,False
normal_0595,9,0,0,9.305218292114118,0.2127043100081795,False
normal_0595,10,0,0,12.493535899382659,0.2517306072117883,False
normal_0595,11,0,0,10.046119397526965,0.49359567099469076,False
normal_0595,12,0,0,10.804068924098841,1.549714103794565,False
normal_0595,13,0,0,10.399196171218156,0.8973524403558556,False
normal_0595,14,0,0,9.858373856900021,0.3999510306940763,False
normal_0595,15,0,0,9.97088411743735,0.4859163790502352,False
normal_0595,16,0,0,12.188009346122811,0.31138974269037806,False
normal_0595,17,0,0,10.085740837610183,0.18835797649660205,False
normal_0595,18,0,0,9.287274712802922,0.3382353905352688,False
normal_0595,19,0,0,10.456653587241567,0.5380972599007804,False
normal_0595,20,0,0,9.631000673888146,0.10953971144541048,False
normal_0595,21,0,0,9.864648815543754,1.0650717599922428,False
normal_0595,22,0,0,11.640442225905568,0.12920455264049888,False
normal_0595,23,0,0,11.707670001402777,0.6252556161279038,False
normal_0595,24,0,0,12.898631835287459,2.277233968492591,False
normal_0595,25,0,0,10.504119454352669,0.025880703436868123,False
normal_0595,26,0,0,9.077299870647977,0.4003138188247562,False
normal_0595,27,0,0,9.612536532691742,1.453418383964567,False
normal_0595,28,0,0,7.537537058563899,0.13479368425263275,False
normal_0595,29,0,0,11.402190594390603,1.377954823476362,False
normal_0595,30,0,0,10.796178417562004,0.09752791695562944,False
normal_0595,31,0,0,9.224442183929641,0.4959978638893226,False
normal_0595,32,0,0,11.827691210990416,0.9208768314361648,False
normal_0595,33,0,0,10.869147413548637,0.33136706319650916,False
normal_0595,34,0,0,9.89412733019398,0.4527866705050676,False
normal_0596,0,0,0,,,False
normal_0596,1,0,0,,,False
normal_0596,2,0,0,6.978244568816323,0.42283867035514855,False
normal_0596,3,0,0,7.298111010271351,0.06196282664383889,False
normal_0596,4,0,0,8.412596100463883,0.12212823979802638,False
normal_0596,5,0,0,7.04610632350219,0.5044660714381843,False
normal_0596,6,0,0,6.226714563805664,0.6693326855047624,False
normal_0596,7,0,0,6.611365397861931,0.23464115713488062,False
normal_0596,8,0,0,5.74909350521306,0.103428808740879,False
normal_0596,9,0,0,7.670089743158024,0.03514520710391002,False
normal_0596,10,0,0,5.930663844003141,0.5765110569184474,False
normal_0596,11,0,0,6.219762794037926,0.5354188834918715,False
normal_0596,12,0,0,5.519273025832958,0.06395569072543325,False
normal_0596,13,0,0,6.164526689141084,0.11396822639391917,False
normal_0596,14,0,0,6.609073505736842,0.23075883303125932,False
normal_0596,15,0,0,6.5989215409793545,0.290623796295269,False
normal_0596,16,0,0,4.925092140206423,0.3657937541148858,False
normal_0596,17,0,0,6.8259049758545745,0.03535987364747946,False
normal_0596,18,0,0,6.54923669922114,0.08470063400453927,False
normal_0596,19,0,0,7.196855993167643,0.011475935556969272,False
normal_0596,20,0,0,8.571725657677376,0.1632951089230717,False
normal_0596,21,0,0,7.304598331219722,0.2673445246786929,False
normal_0597,0,0,0,,,False
normal_0597,1,0,0,,,False
normal_0597,2,0,0,5.697535036726239,0.2242954836922766,False
normal_0597,3,0,0,7.585858861431348,0.608506192315069,False
normal_0597,4,0,0,8.385028292044373,0.4025639365063828,False
normal_0597,5,0,0,7.978927121946579,0.5526642176698294,False
normal_0597,6,0,0,8.452995290474002,0.43226026926880845,False
normal_0597,7,0,0,4.408100817794224,0.2015576118981871,False
normal_0598,0,0,0,,,False
normal_0598,1,0,0,,,False
normal_0598,2,0,0,7.641998813149321,0.11803035011955869,False
normal_0598,3,0,0,8.442795284390055,0.34655257709728376,False
normal_0598,4,0,0,7.7973232361556954,0.05475267816590038,False
normal_0598,5,0,0,9.071791936626912,0.45911974072534917,False
normal_0598,6,0,0,7.878168597032182,0.35707211240222886,False
normal_0598,7,0,0,8.112964007248436,0.33383076194517675,False
normal_0598,8,0,0,8.108662023072503,0.2738138958358466,False
normal_0598,9,0,0,7.704655561105099,0.08961967055929783,False
normal_0598,10,0,0,7.289789832449546,0.319431850895333,False
normal_0598,11,0,0,7.9984389882995,0.14651965020984406,False
normal_0598,12,0,0,8.776575616881289,0.276199472998064,False
normal_0598,13,0,0,6.7857881647352025,0.2865931911813213,False
normal_0598,14,0,0,7.3700704449601675,0.1963573268033718,False
normal_0598,15,0,0,7.006900146899457,0.1892755380108468,False
normal_0598,16,0,0,7.515342151195164,0.6283429092963666,False
normal_0598,17,0,0,8.228197683579378,0.2783668771754849,False
normal_0598,18,0,0,8.06386447174369,0.32455275275532475,False
normal_0598,19,0,0,7.1450735980745135,0.491828661720884,False
normal_0598,20,0,0,6.299921294276206,0.13993073007102513,False
normal_0598,21,0,0,6.614196362300873,0.37600129672701194,False
normal_0598,22,0,0,7.786576491810021,0.14724102269408848,False
normal_0598,23,0,0,7.229277330311967,0.3538178635435418,False
normal_0598,24,0,0,7.411035100244316,0.41739478027672233,False
normal_0598,25,0,0,8.095169850012478,0.5254022533195388,False
normal_0598,26,0,0,7.19692246344712,0.23873835259258028,False
normal_0598,27,0,0,6.627324192186592,0.15950037200386677,False
normal_0598,28,0,0,6.792072959673894,0.24192623212924447,False
normal_0598,29,0,0,7.195300113260786,0.10278939010348882,False
normal_0598,30,0,0,7.430671542355314,0.025844451188035005,False
normal_0598,31,0,0,6.888735966360744,0.3128770836159842,False
normal_0598,32,0,0,7.786673491544502,0.21315915516460324,False
normal_0598,33,0,0,8.415388712979817,0.06456134745221266,False
normal_0598,34,0,0,8.428777605539773,0.6418861342797094,False
normal_0598,35,0,0,7.413052025158066,0.08195711503274701,False
normal_0598,36,0,0,6.734183354225652,0.030190314787388036,False
normal_0598,37,0,0,6.742014001247846,0.3569785784539553,False
normal_0598,38,0,0,6.881134179936654,0.774742944517381,False
normal_0598,39,0,0,6.7609899408681455,0.13371307156371479,False
normal_0598,40,0,0,7.096499127136468,0.23728653024756002,False
normal_0598,41,0,0,6.123365154262356,0.5402030641634371,False
normal_0598,42,0,0,8.332828754507076,0.5711470640076971,False
normal_0598,43,0,0,8.925423410842244,0.697241393246768,False
normal_0598,44,0,0,5.3040459102592665,0.24353740579342006,False
normal_0598,45,0,0,6.997736481318383,0.36135719295954694,False
normal_0598,46,0,0,8.718033735730073,0.28924190914612463,False
normal_0598,47,0,0,7.183073630143145,0.6724990320789606,False
normal_0598,48,0,0,6.990851075054323,0.7508571698682533,False
normal_0598,49,0,0,6.526058029820642,0.13724506212263143,False
normal_0599,0,0,0,,,False
normal_0599,1,0,0,,,False
normal_0599,2,0,0,8.095816888196113,0.09590469424616238,False
normal_0599,3,0,0,6.996940287993311,0.33486455807061133,False
normal_0599,4,0,0,8.298162919287838,0.31569643151012705,False
normal_0599,5,0,0,8.537733416686512,0.27086668844910144,False
normal_0599,6,0,0,7.384201413478645,0.06307181157106341,False
normal_0599,7,0,0,6.437624143973451,0.0669482710683953,False
normal_0599,8,0,0,7.040421541479098,0.17859493252418465,False
normal_0599,9,0,0,5.655299310184687,0.2484422990515702,False
normal_0599,10,0,0,5.40044027175638,0.4287243224232248,False
normal_0599,11,0,0,5.380056413526802,0.18255183605751402,False
normal_0599,12,0,0,6.7798529848293425,0.14958085656368905,False
normal_0599,13,0,0,5.0690667666494535,0.6691900406811824,False
normal_0599,14,0,0,4.945702982173679,0.3996063645166563,False
normal_0599,15,0,0,4.579251401931425,0.08459527324046569,False
normal_0599,16,0,0,7.049433603108834,0.4458531190400702,False
normal_0599,17,0,0,5.904694674031933,0.17143773128902384,False
normal_0599,18,0,0,6.598523515318704,0.5735371405009635,False
normal_0599,19,0,0,4.582561383744185,0.16813839904302072,False
normal_0599,20,0,0,6.313842766174669,0.43963340500202747,False
normal_0599,21,0,0,5.4828667539853555,0.48938127011528887,False
normal_0599,22,0,0,5.734784226891456,0.5979459173812084,False
normal_0599,23,0,0,5.376087844140351,0.34117192983546984,False
normal_0599,24,0,0,5.670072931689117,0.07113068745119741,False
normal_0599,25,0,0,4.558593595136293,0.17260263480015914,False
normal_0599,26,0,0,5.244772801458061,0.22555182311167699,False
normal_0599,27,0,0,4.083381850681335,0.2637517366347902,False
normal_0599,28,0,0,4.6137315165059745,0.23083885593082154,False
normal_0599,29,0,0,5.296585226915158,0.5073705603926462,False
normal_0599,30,0,0,5.648917044932975,0.3508527232497694,False
normal_0599,31,0,0,6.4625168401628015,0.39024936925623005,False
normal_0599,32,0,0,5.340367115014221,0.21691307227614687,False
normal_0599,33,0,0,6.123051159889773,0.49888052565786906,False
normal_0599,34,0,0,5.74389831449443,0.28441030395932354,False
normal_0599,35,0,0,5.927513524759767,0.5081416941789967,False
normal_0599,36,0,0,5.776332571603196,0.592108134927427,False
normal_0599,37,0,0,4.660799040799884,0.33393264755899454,False
normal_0599,38,0,0,4.482130584480788,0.44100097027690893,False
normal_0599,39,0,0,5.893251977845598,0.6937027260041829,False
normal_0599,40,0,0,5.622280822973636,0.22451131992352472,False
normal_0599,41,0,0,6.467240921355688,0.3317931130601638,False
normal_0599,42,0,0,6.876476656896194,0.2940341051326849,False
normal_0599,43,0,0,7.7494405699907345,0.48181060804994563,False
