mode,model,window_size,stochastic,n,F1_mean,F1_std,precision_mean,precision_std,recall_mean,recall_std,false_alarm_rate_mean,false_alarm_rate_std,miss_rate_mean,miss_rate_std,normal_clip_alarm_rate_mean,normal_clip_alarm_rate_std,TP_mean,TP_std,FP_mean,FP_std,TN_mean,TN_std,FN_mean,FN_std,normal_alert_clips_mean,normal_alert_clips_std,detected_clips_mean,detected_clips_std,no_alert_clips_mean,no_alert_clips_std,median_delay_s_mean,median_delay_s_std,mean_delay_s_mean,mean_delay_s_std,p90_delay_s_mean,p90_delay_s_std,early_0.2s_mean,early_0.2s_std,early_0.5s_mean,early_0.5s_std,early_1s_mean,early_1s_std,early_2s_mean,early_2s_std,common_F1_mean,common_F1_std,common_false_alarm_rate_mean,common_false_alarm_rate_std,common_miss_rate_mean,common_miss_rate_std
natural,Persistence,1,False,1,0.4210526315789473,,1.0,,0.2666666666666666,,0.0,,0.7333333333333333,,0.0,,160.0,,0.0,,4090.0,,440.0,,0.0,,18.0,,3.0,,0.1,,0.5166666666666667,,1.4200000000000004,,0.5714285714285714,,0.6666666666666666,,0.7142857142857143,,0.8095238095238095,,0.41304347826086957,,0.0,,0.7397260273972602,
natural,VAR_Ridge,1,False,1,0.5676959619952494,,0.987603305785124,,0.3983333333333333,,0.0007334963325183,,0.6016666666666667,,0.0166666666666666,,239.0,,3.0,,4087.0,,361.0,,2.0,,18.0,,3.0,,0.1,,0.4944444444444444,,1.4200000000000004,,0.6190476190476191,,0.6666666666666666,,0.7142857142857143,,0.8095238095238095,,0.6066350710900474,,0.000881057268722467,,0.5616438356164384,
natural,MLP32,1,True,3,0.5503079513428283,0.005550071368008796,0.9786910472343444,0.004299730828660613,0.3827777777777777,0.005091750772173165,0.0012224938875305001,0.0002444987775061001,0.6172222222222222,0.005091750772173153,0.025000000000000005,4.2491873609703695e-18,229.66666666666666,3.0550504633038935,5.0,1.0,4085.0,1.0,370.3333333333333,3.0550504633038935,3.0,0.0,18.0,0.0,3.0,0.0,0.10000000000000002,1.6996749443881478e-17,0.4944444444444444,0.0,1.4200000000000006,2.7194799110210365e-16,0.6190476190476191,0.0,0.6666666666666666,0.0,0.7142857142857143,0.0,0.8095238095238096,1.3597399555105182e-16,0.601567855971862,0.0038204345810634436,0.0017621145374449338,2.655742100606481e-19,0.5639269406392694,0.003954453898559096
natural,AR,1,False,1,0.4987531172069825,,0.99009900990099,,0.3333333333333333,,0.0004889975550122,,0.6666666666666666,,0.0166666666666666,,200.0,,2.0,,4088.0,,400.0,,2.0,,17.0,,4.0,,0.1,,0.5176470588235295,,1.4600000000000002,,0.5714285714285714,,0.6190476190476191,,0.6666666666666666,,0.7619047619047619,,0.5588235294117647,,0.000881057268722467,,0.6095890410958904,
natural,AR_Relation,1,False,1,0.574468085106383,,0.9878048780487804,,0.405,,0.0007334963325183,,0.595,,0.0166666666666666,,243.0,,3.0,,4087.0,,357.0,,2.0,,18.0,,3.0,,0.1,,0.4944444444444444,,1.4200000000000004,,0.6190476190476191,,0.6666666666666666,,0.7142857142857143,,0.8095238095238095,,0.6,,0.000881057268722467,,0.5684931506849316,
natural,LSTM32,1,True,3,0.5624720434020046,0.0026116055228482976,0.9833560020132861,0.00010557925939205555,0.3938888888888889,0.002545875386086576,0.0009779951100244,0.0,0.6061111111111112,0.0025458753860865277,0.025000000000000005,4.2491873609703695e-18,236.33333333333334,1.5275252316519465,4.0,0.0,4086.0,0.0,363.6666666666667,1.5275252316519465,3.0,0.0,18.0,0.0,3.0,0.0,0.10000000000000002,1.6996749443881478e-17,0.4944444444444444,0.0,1.4200000000000006,2.7194799110210365e-16,0.6190476190476191,0.0,0.6666666666666666,0.0,0.7142857142857143,0.0,0.8095238095238096,1.3597399555105182e-16,0.5971563981042654,0.0,0.0017621145374449338,2.655742100606481e-19,0.5684931506849316,0.0
natural,GRU32,1,True,3,0.5611088064161268,0.0029846080366360043,0.9819384402892797,0.0024761581740765422,0.3927777777777777,0.002545875386086576,0.0010594947025264333,0.00014116143500968124,0.6072222222222222,0.002545875386086576,0.025000000000000005,4.2491873609703695e-18,235.66666666666666,1.5275252316519465,4.333333333333333,0.5773502691896258,4085.6666666666665,0.5773502691896258,364.3333333333333,1.5275252316519465,3.0,0.0,18.0,0.0,3.0,0.0,0.10000000000000002,1.6996749443881478e-17,0.47222222222222227,0.03849001794597501,1.4200000000000006,2.7194799110210365e-16,0.6190476190476191,0.0,0.6666666666666666,0.0,0.7142857142857143,0.0,0.8095238095238096,1.3597399555105182e-16,0.5904548819989079,0.006712195711185606,0.0017621145374449338,2.655742100606481e-19,0.5753424657534247,0.0068493150684931225
natural,PCA_Recon,1,False,1,0.4956629491945477,,0.966183574879227,,0.3333333333333333,,0.0017114914425427,,0.6666666666666666,,0.0416666666666666,,200.0,,7.0,,4083.0,,400.0,,5.0,,18.0,,3.0,,0.1,,0.5055555555555556,,1.4200000000000004,,0.5714285714285714,,0.6666666666666666,,0.7142857142857143,,0.8095238095238095,,0.5326633165829145,,0.0,,0.636986301369863,
natural,AE_Recon,1,True,3,0.6178167464768346,0.004117445995746325,0.9749893271225005,0.009032226886718136,0.45222222222222225,0.006309898162000284,0.0017114914425427332,0.0006468829611404915,0.5477777777777778,0.006309898162000322,0.033333333333333305,0.02204792759220493,271.3333333333333,3.785938897200183,7.0,2.6457513110645907,4083.0,2.6457513110645907,328.6666666666667,3.785938897200183,4.0,2.6457513110645907,18.0,0.0,3.0,0.0,0.10000000000000002,1.6996749443881478e-17,0.38703703703703707,0.022452510468485464,1.2066666666666668,0.1616580753730951,0.6190476190476191,0.0,0.6666666666666666,0.0,0.7301587301587302,0.027492869961410718,0.8571428571428571,0.0,0.6284885738164551,0.0015467554171388228,0.0014684287812041115,0.0013458372085039178,0.5365296803652968,0.003954453898559096
natural,Mahalanobis,1,False,1,0.6351351351351351,,0.9791666666666666,,0.47,,0.0014669926650366,,0.53,,0.0166666666666666,,282.0,,6.0,,4084.0,,318.0,,2.0,,19.0,,2.0,,0.1,,0.3473684210526315,,0.92,,0.6190476190476191,,0.7142857142857143,,0.8571428571428571,,0.9047619047619048,,0.6636363636363637,,0.000881057268722467,,0.5,
natural,kNN20,1,False,1,0.6181818181818182,,0.9714285714285714,,0.4533333333333333,,0.0019559902200488,,0.5466666666666666,,0.0166666666666666,,272.0,,8.0,,4082.0,,328.0,,2.0,,18.0,,3.0,,0.1,,0.4,,1.3,,0.6190476190476191,,0.6666666666666666,,0.7142857142857143,,0.8571428571428571,,0.6325581395348837,,0.000881057268722467,,0.5342465753424658,
natural,GMM,1,True,3,0.6651998533186653,0.0033561579591201342,0.9742759936934693,0.003208349136838316,0.505,0.0033333333333332993,0.0019559902200488332,0.00024449877750614996,0.49499999999999994,0.003333333333333355,0.0222222222222222,0.00481125224324692,303.0,2.0,8.0,1.0,4082.0,1.0,297.0,2.0,2.6666666666666665,0.5773502691896258,19.0,0.0,2.0,0.0,0.10000000000000002,1.6996749443881478e-17,0.3526315789473684,0.0,0.92,0.0,0.6190476190476191,0.0,0.7142857142857143,0.0,0.8571428571428571,0.0,0.9047619047619048,0.0,0.7048419392926327,0.007746767471623644,0.0008810572687224669,0.000881057268722467,0.452054794520548,0.00684931506849315
natural,KDE,1,False,1,0.6174801362088536,,0.9679715302491104,,0.4533333333333333,,0.002200488997555,,0.5466666666666666,,0.025,,272.0,,9.0,,4081.0,,328.0,,3.0,,18.0,,3.0,,0.1,,0.4,,1.3,,0.6190476190476191,,0.6666666666666666,,0.7142857142857143,,0.8571428571428571,,0.6355140186915887,,0.0,,0.5342465753424658,
natural,LOF20,1,False,1,0.6809881847475833,,0.9577039274924471,,0.5283333333333333,,0.0034229828850855,,0.4716666666666667,,0.025,,317.0,,14.0,,4076.0,,283.0,,3.0,,21.0,,0.0,,0.1,,0.4095238095238095,,1.3,,0.6190476190476191,,0.8095238095238095,,0.8571428571428571,,1.0,,0.6960352422907489,,0.001762114537444934,,0.4589041095890411,
natural,IsolationForest,1,True,3,0.48916703769555187,0.021437219817254192,0.984724632093053,0.005512514779282933,0.32555555555555554,0.01858414298186419,0.0007334963325182999,0.0002444987775061,0.6744444444444445,0.018584142981864154,0.0222222222222222,0.00481125224324692,195.33333333333334,11.150485789118488,3.0,1.0,4087.0,1.0,404.6666666666667,11.150485789118486,2.6666666666666665,0.5773502691896258,17.666666666666668,0.5773502691896258,3.3333333333333335,0.5773502691896258,0.13333333333333333,0.028867513459481284,0.7029411764705881,0.124840450955255,2.0300000000000007,0.40730823708832653,0.5238095238095238,0.0,0.6190476190476191,0.0,0.6666666666666666,0.0,0.7619047619047619,0.0,0.5381273145690029,0.01593678440251897,0.0005873715124816446,0.0005086786512683928,0.6301369863013698,0.0136986301369863
natural,OCSVM,1,False,1,0.6052934407364787,,0.9776951672862454,,0.4383333333333333,,0.0014669926650366,,0.5616666666666666,,0.0083333333333333,,263.0,,6.0,,4084.0,,337.0,,1.0,,18.0,,3.0,,0.1,,0.4666666666666667,,1.3,,0.6190476190476191,,0.6666666666666666,,0.7142857142857143,,0.8095238095238095,,0.6291079812206573,,0.0,,0.541095890410959,
natural,RobustMAD,1,False,1,0.526829268292683,,0.9818181818181818,,0.36,,0.0009779951100244,,0.64,,0.025,,216.0,,4.0,,4086.0,,384.0,,3.0,,17.0,,4.0,,0.1,,0.5176470588235295,,1.4600000000000002,,0.5714285714285714,,0.6190476190476191,,0.6666666666666666,,0.7619047619047619,,0.5865384615384616,,0.000881057268722467,,0.5821917808219178,
natural,Persistence,2,False,1,0.4,,1.0,,0.25,,0.0,,0.75,,0.0,,150.0,,0.0,,4090.0,,450.0,,0.0,,17.0,,4.0,,0.2,,0.6294117647058824,,1.4600000000000002,,0.42857142857142855,,0.5714285714285714,,0.6666666666666666,,0.7619047619047619,,0.41304347826086957,,0.0,,0.7397260273972602,
natural,VAR_Ridge,2,False,1,0.6220204313280363,,0.9750889679715302,,0.4566666666666666,,0.0017114914425427,,0.5433333333333333,,0.0166666666666666,,274.0,,7.0,,4083.0,,326.0,,2.0,,19.0,,2.0,,0.2,,0.4210526315789473,,0.92,,0.5714285714285714,,0.7142857142857143,,0.8571428571428571,,0.9047619047619048,,0.6875,,0.000881057268722467,,0.4726027397260274,
natural,MLP32,2,True,3,0.642377735786463,0.00698443299470478,0.9686725750359665,0.003512840094497644,0.48055555555555557,0.008221471437193744,0.0022819885900569998,0.00028232287001942033,0.5194444444444445,0.008221471437193744,0.0333333333333333,0.0083333333333333,288.3333333333333,4.932882862316248,9.333333333333334,1.1547005383792517,4080.6666666666665,1.1547005383792517,311.6666666666667,4.932882862316248,4.0,1.0,19.333333333333332,0.5773502691896258,1.6666666666666667,0.5773502691896257,0.20000000000000004,3.3993498887762956e-17,0.41570175438596485,0.010658165471978327,0.8333333333333334,0.01154700538379227,0.5238095238095238,0.047619047619047616,0.7301587301587302,0.027492869961410718,0.873015873015873,0.027492869961410784,0.9206349206349206,0.027492869961410718,0.7051285060094638,0.010592189332601663,0.002936857562408223,0.0005086786512683929,0.4429223744292237,0.014257986297713241
natural,AR,2,False,1,0.570414201183432,,0.9836734693877552,,0.4016666666666666,,0.0009779951100244,,0.5983333333333334,,0.025,,241.0,,4.0,,4086.0,,359.0,,3.0,,19.0,,2.0,,0.2,,0.4684210526315789,,1.0599999999999994,,0.47619047619047616,,0.7142857142857143,,0.8095238095238095,,0.9047619047619048,,0.6359447004608295,,0.001762114537444934,,0.5273972602739726,
natural,AR_Relation,2,False,1,0.6390134529147982,,0.976027397260274,,0.475,,0.0017114914425427,,0.525,,0.0166666666666666,,285.0,,7.0,,4083.0,,315.0,,2.0,,19.0,,2.0,,0.2,,0.4578947368421052,,1.0399999999999998,,0.5714285714285714,,0.6666666666666666,,0.8095238095238095,,0.9047619047619048,,0.6991150442477876,,0.000881057268722467,,0.4589041095890411,
natural,LSTM32,2,True,3,0.6700583314008456,0.002088632237315261,0.9705030601582325,0.0016030325432045388,0.5116666666666666,0.0028867513459481316,0.0022819885900570336,0.00014116143500968124,0.4883333333333333,0.0028867513459481316,0.036111111111111066,0.004811252243246865,307.0,1.7320508075688772,9.333333333333334,0.5773502691896257,4080.6666666666665,0.5773502691896258,293.0,1.7320508075688772,4.333333333333333,0.5773502691896258,20.0,0.0,1.0,0.0,0.20000000000000004,3.3993498887762956e-17,0.39833333333333326,0.007637626158259692,0.8066666666666668,0.011547005383792655,0.6190476190476191,0.0,0.746031746031746,0.027492869961410715,0.9047619047619048,0.0,0.9523809523809522,1.3597399555105182e-16,0.7308899512289342,0.003596416279176349,0.002936857562408223,0.0010173573025367855,0.4109589041095891,6.798699777552591e-17
natural,GRU32,2,True,3,0.6622354789246958,0.008921814956592913,0.9699882807982466,0.0017693032425139487,0.5027777777777778,0.010183501544346378,0.0022819885900570336,0.00014116143500968124,0.49722222222222223,0.010183501544346316,0.038888888888888834,0.004811252243246865,301.6666666666667,6.110100926607787,9.333333333333334,0.5773502691896257,4080.6666666666665,0.5773502691896258,298.3333333333333,6.110100926607787,4.666666666666667,0.5773502691896258,19.333333333333332,0.5773502691896258,1.6666666666666667,0.5773502691896257,0.20000000000000004,3.3993498887762956e-17,0.38061403508771924,0.021764817815735776,0.8133333333333334,0.023094010767584924,0.6507936507936507,0.027492869961410718,0.746031746031746,0.027492869961410715,0.873015873015873,0.027492869961410784,0.9206349206349206,0.027492869961410715,0.7264802210104008,0.00544244191494737,0.002643171806167401,5.311484201212962e-19,0.41780821917808214,0.00684931506849315
natural,PCA_Recon,2,False,1,0.6832432432432433,,0.9723076923076924,,0.5266666666666666,,0.002200488997555,,0.4733333333333333,,0.075,,316.0,,9.0,,4081.0,,284.0,,9.0,,17.0,,4.0,,0.2,,0.3705882352941176,,0.68,,0.6190476190476191,,0.6666666666666666,,0.7619047619047619,,0.8095238095238095,,0.8048780487804879,,0.000881057268722467,,0.3219178082191781,
natural,AE_Recon,2,True,3,0.6089794467073139,0.003431339328066311,0.9697759470001462,0.00849927134054007,0.44388888888888883,0.005357583756107218,0.0020374898125508664,0.0006153084299324379,0.5561111111111111,0.005357583756107194,0.027777777777777735,0.009622504486493781,266.3333333333333,3.2145502536643185,8.333333333333334,2.516611478423583,4081.6666666666665,2.516611478423583,333.6666666666667,3.2145502536643185,3.3333333333333335,1.1547005383792515,18.0,0.0,3.0,0.0,0.20000000000000004,3.3993498887762956e-17,0.47407407407407404,0.0032075014954978773,1.3099999999999998,0.017320508075688787,0.6190476190476191,0.0,0.6666666666666666,0.0,0.7142857142857143,0.0,0.8095238095238096,1.3597399555105182e-16,0.640869939707149,0.0017156403348012209,0.0002936857562408223,0.0005086786512683928,0.5273972602739726,0.0
natural,Mahalanobis,2,False,1,0.8947368421052632,,0.9820717131474104,,0.8216666666666667,,0.002200488997555,,0.1783333333333333,,0.0083333333333333,,493.0,,9.0,,4081.0,,107.0,,1.0,,21.0,,0.0,,0.2,,0.2333333333333333,,0.3,,0.8095238095238095,,0.9523809523809523,,1.0,,1.0,,0.9608540925266904,,0.0,,0.07534246575342465,
natural,kNN20,2,False,1,0.6390134529147982,,0.976027397260274,,0.475,,0.0017114914425427,,0.525,,0.0083333333333333,,285.0,,7.0,,4083.0,,315.0,,1.0,,18.0,,3.0,,0.2,,0.4666666666666667,,1.3,,0.6190476190476191,,0.6666666666666666,,0.7142857142857143,,0.8571428571428571,,0.6666666666666666,,0.0,,0.5,
natural,GMM,2,True,3,0.9171602753195672,0.00029974527249958835,0.9810242587601077,0.003174648380449701,0.861111111111111,0.001924500897298733,0.0024449877750611,0.0004234843050290437,0.13888888888888887,0.0019245008972987971,0.0166666666666666,0.0,516.6666666666666,1.1547005383792517,10.0,1.7320508075688772,4080.0,1.7320508075688772,83.33333333333333,1.1547005383792517,2.0,0.0,21.0,0.0,0.0,0.0,0.20000000000000004,3.3993498887762956e-17,0.21746031746031746,0.00549857399228213,0.3,0.0,0.8571428571428571,0.0,1.0,0.0,1.0,0.0,1.0,0.0,0.971830985915493,0.0,0.0,0.0,0.0547945205479452,0.0
natural,KDE,2,False,1,0.6695842450765864,,0.9745222929936306,,0.51,,0.0019559902200488,,0.49,,0.0083333333333333,,306.0,,8.0,,4082.0,,294.0,,1.0,,18.0,,3.0,,0.2,,0.3944444444444445,,0.8300000000000001,,0.6190476190476191,,0.7142857142857143,,0.8095238095238095,,0.8571428571428571,,0.7079646017699115,,0.0,,0.4520547945205479,
natural,LOF20,2,False,1,0.7423312883435583,,0.9603174603174603,,0.605,,0.0036674816625916,,0.395,,0.0166666666666666,,363.0,,15.0,,4075.0,,237.0,,2.0,,21.0,,0.0,,0.2,,0.3857142857142858,,0.9,,0.6666666666666666,,0.8571428571428571,,0.9523809523809523,,1.0,,0.8,,0.000881057268722467,,0.3287671232876712,
natural,IsolationForest,2,True,3,0.49851282673964503,0.008532002322379112,0.9884776985063407,0.002765967040277464,0.3333333333333333,0.00763762615825974,0.0005704971475142332,0.0001411614350096813,0.6666666666666666,0.00763762615825974,0.0194444444444444,0.004811252243246921,200.0,4.58257569495584,2.3333333333333335,0.5773502691896258,4087.6666666666665,0.5773502691896258,400.0,4.58257569495584,2.3333333333333335,0.5773502691896258,17.0,0.0,4.0,0.0,0.2333333333333333,0.05773502691896256,0.8803921568627451,0.016980890270283114,2.4600000000000004,0.034641016151377574,0.42857142857142855,0.047619047619047616,0.5714285714285714,0.0,0.6190476190476191,0.0,0.7142857142857143,0.0,0.552618316018794,0.008546106085509536,0.0005873715124816446,0.0005086786512683928,0.6164383561643836,0.006849315068493178
natural,OCSVM,2,False,1,0.6123853211009175,,0.9816176470588236,,0.445,,0.0012224938875305,,0.555,,0.0083333333333333,,267.0,,5.0,,4085.0,,333.0,,1.0,,18.0,,3.0,,0.2,,0.4944444444444444,,1.4200000000000004,,0.6190476190476191,,0.6666666666666666,,0.7142857142857143,,0.8095238095238095,,0.6291079812206573,,0.0,,0.541095890410959,
natural,RobustMAD,2,False,1,0.5074257425742574,,0.9855769230769232,,0.3416666666666667,,0.0007334963325183,,0.6583333333333333,,0.0166666666666666,,205.0,,3.0,,4087.0,,395.0,,2.0,,17.0,,4.0,,0.2,,0.8411764705882352,,2.3400000000000007,,0.47619047619047616,,0.5238095238095238,,0.6190476190476191,,0.7142857142857143,,0.5865384615384616,,0.000881057268722467,,0.5821917808219178,
natural,Persistence,3,False,1,0.3805668016194332,,1.0,,0.235,,0.0,,0.765,,0.0,,141.0,,0.0,,4090.0,,459.0,,0.0,,16.0,,5.0,,0.3,,0.95,,2.55,,0.0,,0.47619047619047616,,0.5714285714285714,,0.6666666666666666,,0.41304347826086957,,0.0,,0.7397260273972602,
natural,VAR_Ridge,3,False,1,0.6111744583808438,,0.967509025270758,,0.4466666666666666,,0.002200488997555,,0.5533333333333333,,0.025,,268.0,,9.0,,4081.0,,332.0,,3.0,,17.0,,4.0,,0.3,,0.5294117647058824,,1.02,,0.0,,0.6190476190476191,,0.7142857142857143,,0.8095238095238095,,0.6636771300448431,,0.0026431718061674008,,0.4931506849315068,
natural,MLP32,3,True,3,0.6402012551799877,0.006288954670890399,0.9611951438745924,0.0074555528329383605,0.48,0.008819171036881984,0.0028524857375712663,0.000615308429932385,0.52,0.008819171036881984,0.03888888888888887,0.009622504486493785,288.0,5.291502622129181,11.666666666666666,2.5166114784235836,4078.3333333333335,2.516611478423583,312.0,5.291502622129181,4.666666666666667,1.1547005383792517,18.0,0.0,3.0,0.0,0.3,0.0,0.47407407407407404,0.008486251286955302,0.93,0.0,0.0,0.0,0.7142857142857143,0.0,0.8095238095238096,1.3597399555105182e-16,0.8571428571428571,0.0,0.7224461530989655,0.014227877122256304,0.0011747430249632893,0.0005086786512683928,0.42922374429223736,0.017237064920709488
natural,AR,3,False,1,0.5707547169811321,,0.9758064516129032,,0.4033333333333333,,0.0014669926650366,,0.5966666666666667,,0.0333333333333333,,242.0,,6.0,,4084.0,,358.0,,4.0,,17.0,,4.0,,0.3,,0.4823529411764705,,0.78,,0.0,,0.6666666666666666,,0.7619047619047619,,0.7619047619047619,,0.6422018348623854,,0.001762114537444934,,0.5205479452054794,
natural,AR_Relation,3,False,1,0.6320541760722348,,0.9790209790209792,,0.4666666666666667,,0.0014669926650366,,0.5333333333333333,,0.0166666666666666,,280.0,,6.0,,4084.0,,320.0,,2.0,,17.0,,4.0,,0.3,,0.4411764705882353,,0.6600000000000001,,0.0,,0.7142857142857143,,0.7619047619047619,,0.8095238095238095,,0.7161572052401747,,0.000881057268722467,,0.4383561643835616,
natural,LSTM32,3,True,3,0.6382740677161608,0.0031006407988330227,0.9567366648945597,0.002824946084306714,0.47888888888888886,0.0041943524640392915,0.0031784841075793995,0.0002444987775061,0.5211111111111112,0.004194352464039285,0.04999999999999997,0.008333333333333349,287.3333333333333,2.516611478423583,13.0,1.0,4077.0,1.0,312.6666666666667,2.516611478423583,6.0,1.0,18.0,0.0,3.0,0.0,0.3,0.0,0.47407407407407404,0.0032075014954978773,0.8833333333333334,0.04041451884327371,0.0,0.0,0.6984126984126985,0.027492869961410784,0.8095238095238096,1.3597399555105182e-16,0.8571428571428571,0.0,0.7324024657974704,0.009618922306297656,0.0014684287812041115,0.0005086786512683928,0.4155251141552512,0.014257986297713241
natural,GRU32,3,True,3,0.6076059727372325,0.006216456849998503,0.970807770014348,0.005827405241120818,0.44222222222222224,0.007515416254704833,0.0019559902200488666,0.00042348430502910144,0.5577777777777778,0.007515416254704776,0.0333333333333333,0.0083333333333333,265.3333333333333,4.509249752822894,8.0,1.7320508075688772,4082.0,1.7320508075688772,334.6666666666667,4.509249752822894,4.0,1.0,18.0,0.0,3.0,0.0,0.3,0.0,0.5407407407407409,0.008486251286955229,1.07,0.01732050807568892,0.0,0.0,0.6031746031746031,0.027492869961410784,0.7619047619047619,0.0,0.8571428571428571,0.0,0.6951056785709789,0.017767893486092975,0.0008810572687224669,1.3278710503032405e-19,0.4634703196347032,0.020925003173314336
natural,PCA_Recon,3,False,1,0.7785501489572989,,0.9631449631449632,,0.6533333333333333,,0.0036674816625916,,0.3466666666666667,,0.025,,392.0,,15.0,,4075.0,,208.0,,3.0,,18.0,,3.0,,0.3,,0.4777777777777777,,0.9900000000000002,,0.0,,0.7142857142857143,,0.7619047619047619,,0.8571428571428571,,0.8863636363636364,,0.000881057268722467,,0.19863013698630136,
natural,AE_Recon,3,True,3,0.6960439335860843,0.004230205814384677,0.9664490829062706,0.003219719625909335,0.543888888888889,0.005357583756107217,0.0027709861450692336,0.0002823228700193625,0.45611111111111113,0.005357583756107194,0.0194444444444444,0.004811252243246921,326.3333333333333,3.2145502536643185,11.333333333333334,1.1547005383792517,4078.6666666666665,1.1547005383792517,273.6666666666667,3.2145502536643185,2.3333333333333335,0.5773502691896258,17.0,0.0,4.0,0.0,0.3,0.0,0.44509803921568625,0.003396178054056578,0.6000000000000002,0.0,0.0,0.0,0.7142857142857143,0.0,0.7619047619047619,0.0,0.7777777777777777,0.027492869961410784,0.7385704404229966,0.011147372724547426,0.0017621145374449338,2.655742100606481e-19,0.4063926940639269,0.014257986297713233
natural,Mahalanobis,3,False,1,0.9233480176211454,,0.9794392523364486,,0.8733333333333333,,0.0026894865525672,,0.1266666666666666,,0.0083333333333333,,524.0,,11.0,,4079.0,,76.0,,1.0,,20.0,,1.0,,0.3,,0.305,,0.3,,0.0,,0.9523809523809523,,0.9523809523809523,,0.9523809523809523,,0.9896193771626297,,0.0,,0.02054794520547945,
natural,kNN20,3,False,1,0.647450110864745,,0.9668874172185432,,0.4866666666666667,,0.0024449877750611,,0.5133333333333333,,0.0083333333333333,,292.0,,10.0,,4080.0,,308.0,,1.0,,17.0,,4.0,,0.3,,0.5588235294117648,,1.3,,0.0,,0.6190476190476191,,0.6666666666666666,,0.7619047619047619,,0.6727272727272727,,0.0,,0.4931506849315068,
natural,GMM,3,True,3,0.9277985351927877,0.0013673148426948123,0.9790248967390064,0.0010802007767460823,0.8816666666666667,0.0016666666666666496,0.0027709861450692336,0.00014116143500968124,0.11833333333333329,0.0016666666666666982,0.011111111111111066,0.004811252243246863,529.0,1.0,11.333333333333334,0.5773502691896257,4078.6666666666665,0.5773502691896258,71.0,1.0,1.3333333333333333,0.5773502691896257,20.0,0.0,1.0,0.0,0.3,0.0,0.305,0.0,0.3,0.0,0.0,0.0,0.9523809523809522,1.3597399555105182e-16,0.9523809523809522,1.3597399555105182e-16,0.9523809523809522,1.3597399555105182e-16,0.9965635738831615,0.0,0.0,0.0,0.00684931506849315,0.0
natural,KDE,3,False,1,0.6883116883116883,,0.9814814814814816,,0.53,,0.0014669926650366,,0.47,,0.0166666666666666,,318.0,,6.0,,4084.0,,282.0,,2.0,,18.0,,3.0,,0.3,,0.4722222222222222,,0.7600000000000001,,0.0,,0.7142857142857143,,0.8095238095238095,,0.8095238095238095,,0.7489361702127659,,0.000881057268722467,,0.3972602739726027,
natural,LOF20,3,False,1,0.829686013320647,,0.966740576496674,,0.7266666666666667,,0.0036674816625916,,0.2733333333333333,,0.0166666666666666,,436.0,,15.0,,4075.0,,164.0,,2.0,,20.0,,1.0,,0.3,,0.4549999999999999,,0.9,,0.0,,0.8095238095238095,,0.9047619047619048,,0.9523809523809523,,0.9420289855072463,,0.0,,0.1095890410958904,
natural,IsolationForest,3,True,3,0.510937731766349,0.0015653275638152241,0.9936127469022206,0.007306234938344682,0.34388888888888886,0.0009622504486493665,0.0003259983700081333,0.0003734780517486232,0.6561111111111111,0.0009622504486493343,0.0083333333333333,0.0083333333333333,206.33333333333334,0.5773502691896258,1.3333333333333333,1.5275252316519468,4088.6666666666665,1.5275252316519465,393.6666666666667,0.5773502691896258,1.0,1.0,16.0,0.0,5.0,0.0,0.3,0.0,0.9791666666666666,0.013010412496663345,2.6333333333333333,0.028867513459481187,0.0,0.0,0.5079365079365079,0.027492869961410784,0.5714285714285714,0.0,0.6666666666666666,0.0,0.563512269777631,0.002167288337580319,0.0008810572687224669,0.000881057268722467,0.6050228310502282,0.003954453898559096
natural,OCSVM,3,False,1,0.6248574686431014,,0.9891696750902528,,0.4566666666666666,,0.0007334963325183,,0.5433333333333333,,0.0083333333333333,,274.0,,3.0,,4087.0,,326.0,,1.0,,17.0,,4.0,,0.3,,0.5823529411764706,,1.4600000000000002,,0.0,,0.6190476190476191,,0.6666666666666666,,0.7619047619047619,,0.6605504587155964,,0.0,,0.5068493150684932,
natural,RobustMAD,3,False,1,0.4887218045112781,,0.9848484848484848,,0.325,,0.0007334963325183,,0.675,,0.0166666666666666,,195.0,,3.0,,4087.0,,405.0,,2.0,,16.0,,5.0,,0.3,,0.9375,,2.5,,0.0,,0.47619047619047616,,0.5714285714285714,,0.6666666666666666,,0.5865384615384616,,0.000881057268722467,,0.5821917808219178,
natural,Persistence,5,False,1,0.3471074380165289,,1.0,,0.21,,0.0,,0.79,,0.0,,126.0,,0.0,,4090.0,,474.0,,0.0,,14.0,,7.0,,0.8,,1.614285714285714,,3.890000000000001,,0.0,,0.23809523809523808,,0.38095238095238093,,0.47619047619047616,,0.41304347826086957,,0.0,,0.7397260273972602,
natural,VAR_Ridge,5,False,1,0.6951871657754011,,0.9701492537313432,,0.5416666666666666,,0.0024449877750611,,0.4583333333333333,,0.0416666666666666,,325.0,,10.0,,4080.0,,275.0,,5.0,,16.0,,5.0,,0.5,,0.60625,,0.6,,0.0,,0.5714285714285714,,0.7142857142857143,,0.7619047619047619,,0.816,,0.001762114537444934,,0.3013698630136986,
natural,MLP32,5,True,3,0.7348880363950071,0.006383934522490275,0.9787326243810197,0.001773557521538577,0.5883333333333333,0.00763762615825974,0.0018744906275467666,0.0001411614350096811,0.4116666666666666,0.007637626158259716,0.024999999999999967,0.008333333333333349,353.0,4.58257569495584,7.666666666666667,0.5773502691896258,4082.3333333333335,0.5773502691896258,247.0,4.58257569495584,3.0,1.0,17.0,0.0,4.0,0.0,0.5,0.0,0.6058823529411765,0.0,0.64,0.0,0.0,0.0,0.5555555555555556,0.027492869961410715,0.7619047619047619,0.0,0.8095238095238096,1.3597399555105182e-16,0.8530448717948719,0.008921260038280008,0.0020558002936857563,0.0005086786512683927,0.2442922374429224,0.014257986297713236
natural,AR,5,False,1,0.6542261251372119,,0.9581993569131833,,0.4966666666666666,,0.0031784841075794,,0.5033333333333333,,0.05,,298.0,,13.0,,4077.0,,302.0,,6.0,,16.0,,5.0,,0.5,,0.63125,,0.75,,0.0,,0.5238095238095238,,0.7142857142857143,,0.7619047619047619,,0.7478991596638656,,0.0026431718061674008,,0.3904109589041096,
natural,AR_Relation,5,False,1,0.6644736842105263,,0.971153846153846,,0.505,,0.002200488997555,,0.495,,0.0333333333333333,,303.0,,9.0,,4081.0,,297.0,,4.0,,16.0,,5.0,,0.5,,0.60625,,0.6,,0.0,,0.5714285714285714,,0.7142857142857143,,0.7619047619047619,,0.7666666666666667,,0.001762114537444934,,0.3698630136986301,
natural,LSTM32,5,True,3,0.7382221948021336,0.012951703277947337,0.9815360238574106,0.003435631610619148,0.5916666666666667,0.01589898669028241,0.0016299918500406665,0.0002823228700193624,0.40833333333333327,0.015898986690282408,0.0194444444444444,0.004811252243246921,355.0,9.539392014169456,6.666666666666667,1.1547005383792517,4083.3333333333335,1.1547005383792517,245.0,9.539392014169456,2.3333333333333335,0.5773502691896258,16.333333333333332,0.5773502691896258,4.666666666666667,0.5773502691896258,0.5,0.0,0.5919117647058824,0.003183916925678072,0.6,0.0,0.0,0.0,0.5873015873015873,0.027492869961410784,0.7301587301587302,0.027492869961410718,0.7777777777777777,0.027492869961410784,0.8530310150375939,0.029606836525055382,0.0023494860499265785,0.0005086786512683927,0.24200913242009134,0.0434989928841499
natural,GRU32,5,True,3,0.7289180945219035,0.00438964213533736,0.9775648086950136,0.004897110677197767,0.5811111111111111,0.00384900179459753,0.0019559902200488332,0.00042348430502910144,0.41888888888888887,0.003849001794597466,0.027777777777777735,0.012729376930432882,348.6666666666667,2.309401076758503,8.0,1.7320508075688772,4082.0,1.7320508075688772,251.33333333333334,2.3094010767585034,3.3333333333333335,1.5275252316519465,16.666666666666668,0.5773502691896258,4.333333333333333,0.5773502691896258,0.5,0.0,0.6,0.00588235294117645,0.6933333333333334,0.05033222956847165,0.0,0.0,0.6190476190476191,0.0,0.746031746031746,0.027492869961410715,0.7936507936507936,0.027492869961410784,0.8478187502528273,0.014411080343635477,0.002643171806167401,5.311484201212962e-19,0.24885844748858446,0.022017467490851494
natural,PCA_Recon,5,False,1,0.7636363636363637,,0.9692307692307692,,0.63,,0.0029339853300733,,0.37,,0.0166666666666666,,378.0,,12.0,,4078.0,,222.0,,2.0,,16.0,,5.0,,0.5,,0.6937500000000001,,1.3,,0.0,,0.6190476190476191,,0.6666666666666666,,0.7619047619047619,,0.9104477611940298,,0.0,,0.1643835616438356,
natural,AE_Recon,5,True,3,0.7535450778774901,0.005056017442160344,0.9686070211786025,0.002165558801803445,0.6166666666666667,0.00763762615825974,0.0029339853300733,0.0002444987775061,0.3833333333333333,0.00763762615825974,0.0083333333333333,0.0,370.0,4.58257569495584,12.0,1.0,4078.0,1.0,230.0,4.58257569495584,1.0,0.0,15.0,0.0,6.0,0.0,0.5,0.0,0.6222222222222222,0.0038490017945975296,0.7399999999999999,0.0,0.0,0.0,0.6190476190476191,0.0,0.6666666666666666,0.0,0.7142857142857143,0.0,0.8881921173295998,0.014894348218936013,0.0,0.0,0.2009132420091324,0.02405400400194689
natural,Mahalanobis,5,False,1,0.895067264573991,,0.9689320388349516,,0.8316666666666667,,0.0039119804400977,,0.1683333333333333,,0.0083333333333333,,499.0,,16.0,,4074.0,,101.0,,1.0,,18.0,,3.0,,0.5,,0.5,,0.5,,0.0,,0.8571428571428571,,0.8571428571428571,,0.8571428571428571,,1.0,,0.0,,0.0,
natural,kNN20,5,False,1,0.695837780149413,,0.9673590504451038,,0.5433333333333333,,0.0026894865525672,,0.4566666666666666,,0.0083333333333333,,326.0,,11.0,,4079.0,,274.0,,1.0,,15.0,,6.0,,0.5,,0.6866666666666668,,1.14,,0.0,,0.5714285714285714,,0.6190476190476191,,0.6666666666666666,,0.7833333333333333,,0.0,,0.3561643835616438,
natural,GMM,5,True,3,0.8931982496347177,0.0004613971815087834,0.9645626560520176,0.001075770461922609,0.8316666666666667,0.0,0.004482477587612033,0.0001411614350096815,0.1683333333333333,0.0,0.0083333333333333,0.0,499.0,0.0,18.333333333333332,0.5773502691896258,4071.6666666666665,0.5773502691896258,101.0,0.0,1.0,0.0,18.0,0.0,3.0,0.0,0.5,0.0,0.5,0.0,0.5,0.0,0.0,0.0,0.8571428571428571,0.0,0.8571428571428571,0.0,0.8571428571428571,0.0,1.0,0.0,0.0,0.0,0.0,0.0
natural,KDE,5,False,1,0.7525562372188139,,0.9735449735449736,,0.6133333333333333,,0.0024449877750611,,0.3866666666666666,,0.0083333333333333,,368.0,,10.0,,4080.0,,232.0,,1.0,,15.0,,6.0,,0.5,,0.6333333333333333,,0.7399999999999999,,0.0,,0.6190476190476191,,0.6666666666666666,,0.6666666666666666,,0.8725868725868726,,0.0,,0.22602739726027396,
natural,LOF20,5,False,1,0.859245630174793,,0.9589322381930184,,0.7783333333333333,,0.0048899755501222,,0.2216666666666666,,0.0166666666666666,,467.0,,20.0,,4070.0,,133.0,,2.0,,18.0,,3.0,,0.5,,0.6,,0.63,,0.0,,0.6190476190476191,,0.8095238095238095,,0.8571428571428571,,0.9896907216494846,,0.000881057268722467,,0.0136986301369863,
natural,IsolationForest,5,True,3,0.5031128125877962,0.0022431248252291545,0.995081940822306,0.0049261281027679306,0.33666666666666667,0.0016666666666666496,0.0002444987775061,0.0002444987775061,0.6633333333333333,0.0016666666666667052,0.005555555555555533,0.004811252243246863,202.0,1.0,1.0,1.0,4089.0,1.0,398.0,1.0,0.6666666666666666,0.5773502691896258,14.0,0.0,7.0,0.0,0.5,0.0,1.223809523809524,0.008247860988423452,2.9300000000000015,0.01732050807568866,0.0,0.0,0.38095238095238093,0.0,0.42857142857142855,0.0,0.5714285714285714,0.0,0.5620865018253702,0.000883600775458794,0.0005873715124816446,0.0010173573025367855,0.6073059360730594,0.003954453898559096
natural,OCSVM,5,False,1,0.6195899772209568,,0.9784172661870504,,0.4533333333333333,,0.0014669926650366,,0.5466666666666666,,0.0083333333333333,,272.0,,6.0,,4084.0,,328.0,,1.0,,15.0,,6.0,,0.5,,0.7733333333333333,,1.5399999999999998,,0.0,,0.5238095238095238,,0.5714285714285714,,0.6666666666666666,,0.6605504587155964,,0.0,,0.5068493150684932,
natural,RobustMAD,5,False,1,0.4572158365261813,,0.9781420765027322,,0.2983333333333333,,0.0009779951100244,,0.7016666666666667,,0.025,,179.0,,4.0,,4086.0,,421.0,,3.0,,14.0,,7.0,,0.6499999999999999,,1.4214285714285713,,3.86,,0.0,,0.2857142857142857,,0.42857142857142855,,0.5238095238095238,,0.5865384615384616,,0.000881057268722467,,0.5821917808219178,
natural,Persistence,8,False,1,0.3098591549295774,,1.0,,0.1833333333333333,,0.0,,0.8166666666666667,,0.0,,110.0,,0.0,,4090.0,,490.0,,0.0,,13.0,,8.0,,1.0,,1.838461538461538,,3.96,,0.0,,0.0,,0.3333333333333333,,0.42857142857142855,,0.41304347826086957,,0.0,,0.7397260273972602,
natural,VAR_Ridge,8,False,1,0.8086785009861933,,0.9903381642512076,,0.6833333333333333,,0.0009779951100244,,0.3166666666666666,,0.025,,410.0,,4.0,,4086.0,,190.0,,3.0,,17.0,,4.0,,0.8,,0.8176470588235295,,0.8400000000000001,,0.0,,0.0,,0.8095238095238095,,0.8095238095238095,,0.9686411149825784,,0.001762114537444934,,0.04794520547945205,
natural,MLP32,8,True,3,0.8096379362423365,0.0038741080388874686,0.979500874550225,0.0012240575339426416,0.6900000000000001,0.0060092521257732855,0.0021189894050529334,0.00014116143500973906,0.31,0.006009252125773331,0.04166666666666664,0.008333333333333352,414.0,3.605551275463989,8.666666666666666,0.5773502691896257,4081.3333333333335,0.5773502691896258,186.0,3.605551275463989,5.0,1.0,17.0,0.0,4.0,0.0,0.8000000000000002,1.3597399555105182e-16,0.8078431372549021,0.008985442539129126,0.8133333333333335,0.02309401076758505,0.0,0.0,0.0,0.0,0.8095238095238096,1.3597399555105182e-16,0.8095238095238096,1.3597399555105182e-16,0.9759286217482913,0.006932712698639688,0.002643171806167401,0.000881057268722467,0.0273972602739726,0.01186336169567724
natural,AR,8,False,1,0.7517875383043923,,0.9709762532981532,,0.6133333333333333,,0.0026894865525672,,0.3866666666666666,,0.0583333333333333,,368.0,,11.0,,4079.0,,232.0,,7.0,,17.0,,4.0,,0.8,,0.8294117647058824,,0.8400000000000001,,0.0,,0.0,,0.7619047619047619,,0.8095238095238095,,0.9124087591240876,,0.0026431718061674008,,0.14383561643835616,
natural,AR_Relation,8,False,1,0.7611336032388664,,0.9690721649484536,,0.6266666666666667,,0.0029339853300733,,0.3733333333333333,,0.0416666666666666,,376.0,,12.0,,4078.0,,224.0,,5.0,,17.0,,4.0,,0.8,,0.8294117647058824,,0.8400000000000001,,0.0,,0.0,,0.7619047619047619,,0.8095238095238095,,0.920863309352518,,0.003524229074889868,,0.1232876712328767,
natural,LSTM32,8,True,3,0.7965366440328255,0.006962018068034565,0.984453471058173,0.0015825630047931253,0.668888888888889,0.009179284245476827,0.0015484922575386333,0.00014116143500968124,0.3311111111111111,0.009179284245476881,0.036111111111111066,0.004811252243246865,401.3333333333333,5.507570547286102,6.333333333333333,0.5773502691896258,4083.6666666666665,0.5773502691896258,198.66666666666666,5.507570547286101,4.333333333333333,0.5773502691896258,17.0,0.0,4.0,0.0,0.8000000000000002,1.3597399555105182e-16,0.8333333333333334,0.008985442539129066,0.9199999999999999,0.03464101615137745,0.0,0.0,0.0,0.0,0.7936507936507936,0.027492869961410784,0.8095238095238096,1.3597399555105182e-16,0.9627069983644039,0.01625250702829867,0.002643171806167401,5.311484201212962e-19,0.05251141552511415,0.030885272279608862
natural,GRU32,8,True,3,0.7821998058436771,0.0013242331486529517,0.9831899777130874,0.002806275031247267,0.6494444444444444,0.002545875386086588,0.0016299918500406665,0.0002823228700193624,0.3505555555555555,0.002545875386086576,0.0416666666666666,0.0,389.6666666666667,1.5275252316519465,6.666666666666667,1.1547005383792517,4083.3333333333335,1.1547005383792517,210.33333333333334,1.5275252316519465,5.0,0.0,17.0,0.0,4.0,0.0,0.8000000000000002,1.3597399555105182e-16,0.8333333333333334,0.01224509411450662,0.9400000000000001,0.05999999999999994,0.0,0.0,0.0,0.0,0.7936507936507936,0.027492869961410784,0.8095238095238096,1.3597399555105182e-16,0.9455002818370729,0.007376582405053381,0.0020558002936857563,0.0010173573025367853,0.08904109589041094,0.00684931506849315
natural,PCA_Recon,8,False,1,0.7735470941883767,,0.9698492462311558,,0.6433333333333333,,0.0029339853300733,,0.3566666666666667,,0.0083333333333333,,386.0,,12.0,,4078.0,,214.0,,1.0,,15.0,,6.0,,0.8,,0.8666666666666669,,0.8,,0.0,,0.0,,0.6666666666666666,,0.7142857142857143,,0.950354609929078,,0.001762114537444934,,0.0821917808219178,
natural,AE_Recon,8,True,3,0.733711505669099,0.003953109895446336,0.9496888963150164,0.0004059661826428674,0.5977777777777779,0.005091750772173164,0.0046454767726161,0.0,0.4022222222222222,0.005091750772173189,0.0083333333333333,0.0,358.6666666666667,3.055050463303893,19.0,0.0,4071.0,0.0,241.33333333333334,3.0550504633038935,1.0,0.0,14.333333333333334,0.5773502691896257,6.666666666666667,0.5773502691896258,0.8000000000000002,1.3597399555105182e-16,0.8926984126984129,0.012096862783020725,0.9,0.17320508075688776,0.0,0.0,0.0,0.0,0.6190476190476191,0.0,0.6825396825396824,0.027492869961410784,0.9133583512498277,0.0025403138129779577,0.0002936857562408223,0.0005086786512683928,0.15753424657534246,0.00684931506849315
natural,Mahalanobis,8,False,1,0.839622641509434,,0.967391304347826,,0.7416666666666667,,0.0036674816625916,,0.2583333333333333,,0.0083333333333333,,445.0,,15.0,,4075.0,,155.0,,1.0,,17.0,,4.0,,0.8,,0.8,,0.8,,0.0,,0.0,,0.8095238095238095,,0.8095238095238095,,1.0,,0.0,,0.0,
natural,kNN20,8,False,1,0.7124735729386892,,0.9739884393063584,,0.5616666666666666,,0.002200488997555,,0.4383333333333333,,0.0083333333333333,,337.0,,9.0,,4081.0,,263.0,,1.0,,14.0,,7.0,,0.8,,0.9142857142857144,,0.8700000000000001,,0.0,,0.0,,0.6190476190476191,,0.6190476190476191,,0.8725868725868726,,0.0,,0.22602739726027396,
natural,GMM,8,True,3,0.8385685013443248,0.0009129121621340771,0.9645994102515841,0.0024178512120212998,0.7416666666666667,0.0,0.003993480032599801,0.0002823228700194206,0.2583333333333333,0.0,0.0083333333333333,0.0,445.0,0.0,16.333333333333332,1.1547005383792515,4073.6666666666665,1.1547005383792517,155.0,0.0,1.0,0.0,17.0,0.0,4.0,0.0,0.8000000000000002,1.3597399555105182e-16,0.8000000000000002,1.3597399555105182e-16,0.8000000000000002,1.3597399555105182e-16,0.0,0.0,0.0,0.0,0.8095238095238096,1.3597399555105182e-16,0.8095238095238096,1.3597399555105182e-16,1.0,0.0,0.0,0.0,0.0,0.0
natural,KDE,8,False,1,0.726895119418484,,0.9641873278236914,,0.5833333333333334,,0.0031784841075794,,0.4166666666666667,,0.0083333333333333,,350.0,,13.0,,4077.0,,250.0,,1.0,,16.0,,5.0,,0.8,,0.94375,,1.3,,0.0,,0.0,,0.6666666666666666,,0.7142857142857143,,0.9185185185185185,,0.0,,0.1506849315068493,
natural,LOF20,8,False,1,0.8196411709159585,,0.9455337690631808,,0.7233333333333334,,0.0061124694376528,,0.2766666666666666,,0.0166666666666666,,434.0,,25.0,,4065.0,,166.0,,2.0,,17.0,,4.0,,0.8,,0.8588235294117648,,0.8,,0.0,,0.0,,0.7619047619047619,,0.8095238095238095,,1.0,,0.0,,0.0,
natural,IsolationForest,8,True,3,0.4867334739396734,0.007633219558459495,1.0,0.0,0.3216666666666666,0.006666666666666654,0.0,0.0,0.6783333333333333,0.00666666666666671,0.0,0.0,193.0,4.0,0.0,0.0,4090.0,0.0,407.0,4.0,0.0,0.0,13.0,0.0,8.0,0.0,0.8000000000000002,1.3597399555105182e-16,1.4923076923076923,0.007692307692307554,3.140000000000001,0.05291502622129186,0.0,0.0,0.0,0.0,0.38095238095238093,0.0,0.5238095238095238,0.0,0.5520581908937162,0.004152166853932639,0.0,0.0,0.6187214611872146,0.003954453898559096
natural,OCSVM,8,False,1,0.6194285714285714,,0.9854545454545456,,0.4516666666666666,,0.0009779951100244,,0.5483333333333333,,0.0083333333333333,,271.0,,4.0,,4086.0,,329.0,,1.0,,14.0,,7.0,,0.8,,1.0285714285714287,,1.5800000000000003,,0.0,,0.0,,0.5238095238095238,,0.6190476190476191,,0.7136563876651982,,0.0,,0.4452054794520548,
natural,RobustMAD,8,False,1,0.4173228346456692,,0.9814814814814816,,0.265,,0.0007334963325183,,0.735,,0.025,,159.0,,3.0,,4087.0,,441.0,,3.0,,13.0,,8.0,,0.9,,1.6384615384615384,,3.94,,0.0,,0.0,,0.38095238095238093,,0.47619047619047616,,0.5865384615384616,,0.000881057268722467,,0.5821917808219178,
natural,Persistence,10,False,1,0.2905982905982906,,1.0,,0.17,,0.0,,0.83,,0.0,,102.0,,0.0,,4090.0,,498.0,,0.0,,13.0,,8.0,,1.2,,1.946153846153846,,3.96,,0.0,,0.0,,0.19047619047619047,,0.42857142857142855,,0.41304347826086957,,0.0,,0.7397260273972602,
natural,VAR_Ridge,10,False,1,0.782,,0.9775,,0.6516666666666666,,0.002200488997555,,0.3483333333333333,,0.0416666666666666,,391.0,,9.0,,4081.0,,209.0,,5.0,,16.0,,5.0,,1.0,,1.0125,,1.0,,0.0,,0.0,,0.7142857142857143,,0.7619047619047619,,0.9694915254237289,,0.0052863436123348016,,0.02054794520547945,
natural,MLP32,10,True,3,0.7873582051049648,0.005039108634093021,0.9817577643979382,0.007938702610414808,0.6572222222222223,0.0034694433324435722,0.0017929910350447664,0.0007859536072529065,0.3427777777777778,0.0034694433324435506,0.047222222222222165,0.01734721666221776,394.3333333333333,2.0816659994661326,7.333333333333333,3.214550253664318,4082.6666666666665,3.214550253664318,205.66666666666666,2.081665999466133,5.666666666666667,2.0816659994661326,16.0,0.0,5.0,0.0,1.0,0.0,1.0020833333333334,0.0036084391824352125,1.0,0.0,0.0,0.0,0.0,0.0,0.746031746031746,0.027492869961410715,0.7619047619047619,0.0,0.9874856732787712,0.001971121325342042,0.0020558002936857563,0.0005086786512683927,0.0091324200913242,0.003954453898559081
natural,AR,10,False,1,0.7117212249208026,,0.9711815561959656,,0.5616666666666666,,0.0024449877750611,,0.4383333333333333,,0.0333333333333333,,337.0,,10.0,,4080.0,,263.0,,4.0,,16.0,,5.0,,1.0,,1.04375,,1.2,,0.0,,0.0,,0.6190476190476191,,0.7619047619047619,,0.8888888888888888,,0.003524229074889868,,0.1780821917808219,
natural,AR_Relation,10,False,1,0.7048832271762208,,0.9707602339181286,,0.5533333333333333,,0.0024449877750611,,0.4466666666666666,,0.0416666666666666,,332.0,,10.0,,4080.0,,268.0,,5.0,,16.0,,5.0,,1.0,,1.04375,,1.2,,0.0,,0.0,,0.6190476190476191,,0.7619047619047619,,0.8636363636363636,,0.003524229074889868,,0.2191780821917808,
natural,LSTM32,10,True,3,0.7825362851128218,0.004047035431661837,0.9767550598941441,0.0034997941088644345,0.6527777777777778,0.006938886664887101,0.0022819885900569998,0.0003734780517486669,0.34722222222222215,0.0069388866648871,0.06111111111111106,0.00962250448649372,391.6666666666667,4.163331998932266,9.333333333333334,1.5275252316519468,4080.6666666666665,1.5275252316519465,208.33333333333334,4.163331998932266,7.333333333333333,1.1547005383792517,16.0,0.0,5.0,0.0,1.0,0.0,1.00625,0.0,1.0,0.0,0.0,0.0,0.0,0.0,0.7142857142857143,0.0,0.7619047619047619,0.0,0.9748204837490553,0.008264225791971664,0.0032305433186490457,0.0005086786512683929,0.02511415525114155,0.0197722694927954
natural,GRU32,10,True,3,0.7799517831574999,0.007977946993114271,0.9750531527723235,0.0037464806945361703,0.65,0.012583057392117928,0.0024449877750611,0.0004234843050290437,0.3499999999999999,0.012583057392117956,0.06388888888888887,0.012729376930432879,390.0,7.54983443527075,10.0,1.7320508075688772,4080.0,1.7320508075688772,210.0,7.54983443527075,7.666666666666667,1.5275252316519465,16.0,0.0,5.0,0.0,1.0,0.0,1.0104166666666667,0.003608439182435084,1.0333333333333334,0.028867513459481315,0.0,0.0,0.0,0.0,0.6825396825396824,0.027492869961410784,0.7619047619047619,0.0,0.9676768405875203,0.013456013468361509,0.0032305433186490457,0.0005086786512683929,0.03881278538812785,0.028515972595426476
natural,PCA_Recon,10,False,1,0.7801980198019802,,0.9609756097560976,,0.6566666666666666,,0.0039119804400977,,0.3433333333333333,,0.0083333333333333,,394.0,,16.0,,4074.0,,206.0,,1.0,,16.0,,5.0,,1.0,,1.05625,,1.0,,0.0,,0.0,,0.7142857142857143,,0.7619047619047619,,0.9897610921501706,,0.001762114537444934,,0.00684931506849315,
natural,AE_Recon,10,True,3,0.783295138219582,0.0004462851897098889,0.959711158679471,0.0013405391027610006,0.6616666666666666,0.0,0.004074979625101834,0.00014116143500973906,0.3383333333333333,0.0,0.0083333333333333,0.0,397.0,0.0,16.666666666666668,0.5773502691896258,4073.3333333333335,0.5773502691896258,203.0,0.0,1.0,0.0,16.0,0.0,5.0,0.0,1.0,0.0,1.05,0.0,1.0,0.0,0.0,0.0,0.0,0.0,0.7142857142857143,0.0,0.7619047619047619,0.0,0.9897610921501706,0.0,0.0017621145374449338,2.655742100606481e-19,0.00684931506849315,0.0
natural,Mahalanobis,10,False,1,0.8011695906432749,,0.9647887323943662,,0.685,,0.0036674816625916,,0.315,,0.0083333333333333,,411.0,,15.0,,4075.0,,189.0,,1.0,,16.0,,5.0,,1.0,,1.0,,1.0,,0.0,,0.0,,0.7619047619047619,,0.7619047619047619,,1.0,,0.0,,0.0,
natural,kNN20,10,False,1,0.7006369426751592,,0.9649122807017544,,0.55,,0.0029339853300733,,0.45,,0.0083333333333333,,330.0,,12.0,,4078.0,,270.0,,1.0,,14.0,,7.0,,1.0,,1.092857142857143,,1.0,,0.0,,0.0,,0.6190476190476191,,0.6190476190476191,,0.9063670411985019,,0.0,,0.17123287671232876,
natural,GMM,10,True,3,0.7993528771008688,0.001186840338444871,0.9595412004416105,0.003418137707106878,0.685,0.0,0.0042379788101059,0.0003734780517486669,0.315,0.0,0.0083333333333333,0.0,411.0,0.0,17.333333333333332,1.5275252316519465,4072.6666666666665,1.5275252316519465,189.0,0.0,1.0,0.0,16.0,0.0,5.0,0.0,1.0,0.0,1.0,0.0,1.0,0.0,0.0,0.0,0.0,0.0,0.7619047619047619,0.0,0.7619047619047619,0.0,0.9965947698760961,0.0034013671475895853,0.0008810572687224669,0.000881057268722467,0.0,0.0
natural,KDE,10,False,1,0.6504424778761062,,0.9671052631578948,,0.49,,0.0024449877750611,,0.51,,0.0083333333333333,,294.0,,10.0,,4080.0,,306.0,,1.0,,16.0,,5.0,,1.0,,1.1,,1.25,,0.0,,0.0,,0.5714285714285714,,0.7619047619047619,,0.8192771084337349,,0.000881057268722467,,0.3013698630136986,
natural,LOF20,10,False,1,0.7855750487329435,,0.9460093896713616,,0.6716666666666666,,0.0056234718826405,,0.3283333333333333,,0.0166666666666666,,403.0,,23.0,,4067.0,,197.0,,2.0,,16.0,,5.0,,1.0,,1.05,,1.0,,0.0,,0.0,,0.7142857142857143,,0.7619047619047619,,0.9931972789115646,,0.001762114537444934,,0.0,
natural,IsolationForest,10,True,3,0.44870234180947444,0.011343644111249431,0.9980276134122287,0.0034162737821871523,0.28944444444444445,0.009179284245476798,8.149959250203333e-05,0.00014116143500968122,0.7105555555555556,0.009179284245476827,0.0027777777777777666,0.004811252243246863,173.66666666666666,5.507570547286101,0.3333333333333333,0.5773502691896258,4089.6666666666665,0.5773502691896258,426.3333333333333,5.507570547286102,0.3333333333333333,0.5773502691896258,13.0,0.0,8.0,0.0,1.0,0.0,1.6666666666666667,0.011750194089630584,3.3200000000000016,0.08717797887081355,0.0,0.0,0.0,0.0,0.38095238095238093,0.0,0.4920634920634921,0.027492869961410784,0.5276730075714847,0.01131265706056274,0.0,0.0,0.641552511415525,0.01046250158665721
natural,OCSVM,10,False,1,0.6123853211009175,,0.9816176470588236,,0.445,,0.0012224938875305,,0.555,,0.0083333333333333,,267.0,,5.0,,4085.0,,333.0,,1.0,,14.0,,7.0,,1.0,,1.1928571428571428,,1.5800000000000003,,0.0,,0.0,,0.5238095238095238,,0.6190476190476191,,0.7574468085106383,,0.0,,0.3904109589041096,
natural,RobustMAD,10,False,1,0.3898531375166889,,0.9798657718120806,,0.2433333333333333,,0.0007334963325183,,0.7566666666666667,,0.025,,146.0,,3.0,,4087.0,,454.0,,3.0,,13.0,,8.0,,1.0,,1.7615384615384615,,3.94,,0.0,,0.0,,0.3333333333333333,,0.47619047619047616,,0.5865384615384616,,0.000881057268722467,,0.5821917808219178,
natural,Persistence,15,False,1,0.2248520710059171,,1.0,,0.1266666666666666,,0.0,,0.8733333333333333,,0.0,,76.0,,0.0,,4090.0,,524.0,,0.0,,13.0,,8.0,,1.7,,2.3615384615384616,,3.96,,0.0,,0.0,,0.0,,0.3333333333333333,,0.41304347826086957,,0.0,,0.7397260273972602,
natural,VAR_Ridge,15,False,1,0.6997840172786177,,0.9938650306748468,,0.54,,0.0004889975550122,,0.46,,0.0083333333333333,,324.0,,2.0,,4088.0,,276.0,,1.0,,14.0,,7.0,,1.5,,1.5214285714285716,,1.6,,0.0,,0.0,,0.0,,0.6666666666666666,,0.9897610921501706,,0.001762114537444934,,0.00684931506849315,
natural,MLP32,15,True,3,0.6914637491238228,0.0013297712224216315,0.9702521287740632,0.018811806999528582,0.5372222222222222,0.0041943524640392915,0.0024449877750611,0.001603285702763343,0.4627777777777778,0.0041943524640393175,0.04999999999999993,0.038188130791298666,322.3333333333333,2.516611478423583,10.0,6.557438524302,4080.0,6.557438524302,277.6666666666667,2.516611478423583,6.0,4.58257569495584,14.0,0.0,7.0,0.0,1.5,0.0,1.5,0.0,1.5,0.0,0.0,0.0,0.0,0.0,0.0,0.0,0.6666666666666666,0.0,0.9829811130744613,0.0116823785780952,0.002643171806167401,0.0023310584238454544,0.0136986301369863,0.00684931506849315
natural,AR,15,False,1,0.6681318681318681,,0.9806451612903224,,0.5066666666666667,,0.0014669926650366,,0.4933333333333333,,0.025,,304.0,,6.0,,4084.0,,296.0,,3.0,,14.0,,7.0,,1.5,,1.5214285714285716,,1.57,,0.0,,0.0,,0.0,,0.6666666666666666,,0.9543859649122807,,0.0026431718061674008,,0.0684931506849315,
natural,AR_Relation,15,False,1,0.6681318681318681,,0.9806451612903224,,0.5066666666666667,,0.0014669926650366,,0.4933333333333333,,0.025,,304.0,,6.0,,4084.0,,296.0,,3.0,,14.0,,7.0,,1.5,,1.5142857142857142,,1.5,,0.0,,0.0,,0.0,,0.6666666666666666,,0.9432624113475178,,0.0026431718061674008,,0.08904109589041095,
natural,LSTM32,15,True,3,0.6845348676070432,0.00548932658956651,0.9833782801435702,0.009507179901498184,0.525,0.00440958551844096,0.0013039934800325333,0.0007469561034972464,0.4749999999999999,0.004409585518440982,0.030555555555555503,0.012729376930432893,315.0,2.6457513110645907,5.333333333333333,3.055050463303893,4084.6666666666665,3.055050463303893,285.0,2.6457513110645907,3.6666666666666665,1.5275252316519468,14.0,0.0,7.0,0.0,1.5,0.0,1.5095238095238095,0.0041239304942115975,1.5,0.0,0.0,0.0,0.0,0.0,0.0,0.0,0.6666666666666666,0.0,0.9713854345106552,0.01526585565251285,0.002936857562408223,0.0030941714398980144,0.03424657534246575,0.00684931506849315
natural,GRU32,15,True,3,0.6825688759446584,0.007850246653821426,0.9812896104255616,0.002716360077966199,0.5233333333333333,0.010000000000000009,0.0014669926650365999,0.0002444987775061001,0.47666666666666674,0.010000000000000009,0.030555555555555503,0.012729376930432893,314.0,6.0,6.0,1.0,4084.0,1.0,286.0,6.0,3.6666666666666665,1.5275252316519468,14.0,0.0,7.0,0.0,1.5,0.0,1.5071428571428571,0.0071428571428571175,1.5233333333333334,0.040414518843273836,0.0,0.0,0.0,0.0,0.0,0.0,0.6666666666666666,0.0,0.9722526015334235,0.007089807899222675,0.0020558002936857563,0.0010173573025367853,0.03881278538812785,0.015817815594236322
natural,PCA_Recon,15,False,1,0.6957446808510638,,0.961764705882353,,0.545,,0.0031784841075794,,0.455,,0.0083333333333333,,327.0,,13.0,,4077.0,,273.0,,1.0,,14.0,,7.0,,1.5,,1.5285714285714285,,1.5,,0.0,,0.0,,0.0,,0.6666666666666666,,0.9965870307167235,,0.000881057268722467,,0.0,
natural,AE_Recon,15,True,3,0.6945724665594151,0.001080266364651806,0.9607467175660825,0.0016664842687183956,0.543888888888889,0.0009622504486493984,0.003259983700081433,0.00014116143500968124,0.4561111111111111,0.0009622504486493343,0.0083333333333333,0.0,326.3333333333333,0.5773502691896258,13.333333333333334,0.5773502691896257,4076.6666666666665,0.5773502691896258,273.6666666666667,0.5773502691896258,1.0,0.0,14.0,0.0,7.0,0.0,1.5,0.0,1.5285714285714285,0.0,1.5,0.0,0.0,0.0,0.0,0.0,0.0,0.0,0.6666666666666666,0.0,0.9920750220992351,0.0019438058180948675,0.0020558002936857563,0.0005086786512683927,0.0,0.0
natural,Mahalanobis,15,False,1,0.7020148462354189,,0.9650145772594751,,0.5516666666666666,,0.0029339853300733,,0.4483333333333333,,0.0083333333333333,,331.0,,12.0,,4078.0,,269.0,,1.0,,14.0,,7.0,,1.5,,1.5,,1.5,,0.0,,0.0,,0.0,,0.6666666666666666,,1.0,,0.0,,0.0,
natural,kNN20,15,False,1,0.6578947368421053,,0.9615384615384616,,0.5,,0.0029339853300733,,0.5,,0.0083333333333333,,300.0,,12.0,,4078.0,,300.0,,1.0,,13.0,,8.0,,1.5,,1.5692307692307692,,1.5,,0.0,,0.0,,0.0,,0.5714285714285714,,0.9790209790209791,,0.0,,0.0410958904109589,
natural,GMM,15,True,3,0.6956218870303116,0.0004221627369283416,0.9412339204005872,0.0015467409600959288,0.5516666666666666,0.0,0.005052974735126267,0.0001411614350096815,0.4483333333333333,0.0,0.0083333333333333,0.0,331.0,0.0,20.666666666666668,0.5773502691896258,4069.3333333333335,0.5773502691896258,269.0,0.0,1.0,0.0,14.0,0.0,7.0,0.0,1.5,0.0,1.5,0.0,1.5,0.0,0.0,0.0,0.0,0.0,0.0,0.0,0.6666666666666666,0.0,0.9809655089297147,0.001904800562711765,0.004992657856093979,0.0005086786512683924,0.0,0.0
natural,KDE,15,False,1,0.5956471935853379,,0.9523809523809524,,0.4333333333333333,,0.0031784841075794,,0.5666666666666667,,0.0083333333333333,,260.0,,13.0,,4077.0,,340.0,,1.0,,14.0,,7.0,,1.5,,1.5571428571428572,,1.5,,0.0,,0.0,,0.0,,0.6190476190476191,,0.8636363636363636,,0.003524229074889868,,0.2191780821917808,
natural,LOF20,15,False,1,0.6919032597266036,,0.9373219373219374,,0.5483333333333333,,0.0053789731051344,,0.4516666666666666,,0.0083333333333333,,329.0,,22.0,,4068.0,,271.0,,1.0,,14.0,,7.0,,1.5,,1.5142857142857142,,1.5,,0.0,,0.0,,0.0,,0.6666666666666666,,0.9765886287625418,,0.006167400881057269,,0.0,
natural,IsolationForest,15,True,3,0.40751243493955697,0.014847773844197236,0.9978354978354979,0.0037490277220105263,0.2561111111111111,0.011706281947614146,8.149959250203333e-05,0.00014116143500968122,0.7438888888888888,0.011706281947614146,0.0027777777777777666,0.004811252243246863,153.66666666666666,7.023769168568492,0.3333333333333333,0.5773502691896258,4089.6666666666665,0.5773502691896258,446.3333333333333,7.023769168568493,0.3333333333333333,0.5773502691896258,13.0,0.0,8.0,0.0,1.5,0.0,2.0076923076923077,0.026646935501059555,3.266666666666668,0.03055050463303901,0.0,0.0,0.0,0.0,0.0,0.0,0.4603174603174603,0.02749286996141075,0.5590849673202615,0.016528066529742196,0.0,0.0,0.6118721461187214,0.015817815594236322
natural,OCSVM,15,False,1,0.564958283671037,,0.99163179916318,,0.395,,0.0004889975550122,,0.605,,0.0083333333333333,,237.0,,2.0,,4088.0,,363.0,,1.0,,13.0,,8.0,,1.5,,1.646153846153846,,1.66,,0.0,,0.0,,0.0,,0.5714285714285714,,0.8273092369477911,,0.0,,0.2945205479452055,
natural,RobustMAD,15,False,1,0.3184357541899441,,0.9827586206896552,,0.19,,0.0004889975550122,,0.81,,0.0166666666666666,,114.0,,2.0,,4088.0,,486.0,,2.0,,13.0,,8.0,,1.7,,2.276923076923077,,3.94,,0.0,,0.0,,0.0,,0.38095238095238093,,0.5865384615384616,,0.000881057268722467,,0.5821917808219178,
natural,Persistence,20,False,1,0.1818181818181818,,1.0,,0.1,,0.0,,0.9,,0.0,,60.0,,0.0,,4090.0,,540.0,,0.0,,10.0,,11.0,,2.3499999999999996,,2.78,,4.119999999999999,,0.0,,0.0,,0.0,,0.14285714285714285,,0.41304347826086957,,0.0,,0.7397260273972602,
natural,VAR_Ridge,20,False,1,0.6057803468208093,,0.9886792452830188,,0.4366666666666666,,0.0007334963325183,,0.5633333333333334,,0.0166666666666666,,262.0,,3.0,,4087.0,,338.0,,2.0,,13.0,,8.0,,2.0,,2.0,,2.0,,0.0,,0.0,,0.0,,0.6190476190476191,,0.9863945578231292,,0.0026431718061674008,,0.00684931506849315,
natural,MLP32,20,True,3,0.599692415839212,0.0016202533784790232,0.9679230623677616,0.010149152030539154,0.4344444444444444,0.002545875386086588,0.0021189894050529,0.0007058071750484638,0.5655555555555556,0.002545875386086588,0.04999999999999993,0.01443375672974064,260.6666666666667,1.5275252316519465,8.666666666666666,2.8867513459481287,4081.3333333333335,2.8867513459481287,339.3333333333333,1.5275252316519465,6.0,1.7320508075688772,13.0,0.0,8.0,0.0,2.0,0.0,2.0,0.0,2.0,0.0,0.0,0.0,0.0,0.0,0.0,0.0,0.6190476190476191,0.0,0.9842182958194464,0.003769396360960413,0.0035242290748898676,0.0015260359538051783,0.0045662100456621,0.003954453898559081
natural,AR,20,False,1,0.6027713625866051,,0.981203007518797,,0.435,,0.0012224938875305,,0.565,,0.0333333333333333,,261.0,,5.0,,4085.0,,339.0,,4.0,,13.0,,8.0,,2.0,,2.0,,2.0,,0.0,,0.0,,0.0,,0.6190476190476191,,0.9897610921501706,,0.001762114537444934,,0.00684931506849315,
natural,AR_Relation,20,False,1,0.6027713625866051,,0.981203007518797,,0.435,,0.0012224938875305,,0.565,,0.0333333333333333,,261.0,,5.0,,4085.0,,339.0,,4.0,,13.0,,8.0,,2.0,,2.0,,2.0,,0.0,,0.0,,0.0,,0.6190476190476191,,0.9897610921501706,,0.001762114537444934,,0.00684931506849315,
natural,LSTM32,20,True,3,0.591928599146294,0.007813944106298418,0.9807048807048808,0.011597864766878458,0.4238888888888888,0.0058531409738071015,0.0012224938875305,0.0007334963325182999,0.5761111111111111,0.0058531409738071015,0.024999999999999967,0.008333333333333349,254.33333333333334,3.5118845842842465,5.0,3.0,4085.0,3.0,345.6666666666667,3.5118845842842465,3.0,1.0,13.0,0.0,8.0,0.0,2.0,0.0,2.0128205128205128,0.00888231183368652,2.0,0.0,0.0,0.0,0.0,0.0,0.0,0.0,0.5714285714285714,0.0,0.980479329468318,0.013063320906166704,0.0017621145374449338,0.001762114537444934,0.02511415525114155,0.014257986297713236
natural,GRU32,20,True,3,0.596789253091672,0.008440619773488494,0.9809867806771831,0.00344015851451773,0.4288888888888889,0.009179284245476857,0.0012224938875305,0.0002444987775061001,0.5711111111111111,0.009179284245476857,0.027777777777777735,0.009622504486493781,257.3333333333333,5.507570547286102,5.0,1.0,4085.0,1.0,342.6666666666667,5.507570547286102,3.3333333333333335,1.1547005383792515,13.0,0.0,8.0,0.0,2.0,0.0,2.0025641025641026,0.00444115591684326,2.0,0.0,0.0,0.0,0.0,0.0,0.0,0.0,0.6031746031746031,0.027492869961410784,0.9816133038785898,0.008953534831188457,0.0020558002936857563,0.0013458372085039178,0.02054794520547945,0.02372672339135448
natural,PCA_Recon,20,False,1,0.5997719498289624,,0.9494584837545126,,0.4383333333333333,,0.0034229828850855,,0.5616666666666666,,0.0083333333333333,,263.0,,14.0,,4076.0,,337.0,,1.0,,13.0,,8.0,,2.0,,2.0,,2.0,,0.0,,0.0,,0.0,,0.6190476190476191,,0.9864864864864865,,0.003524229074889868,,0.0,
natural,AE_Recon,20,True,3,0.6013721259670916,0.000397105252165733,0.957527095775271,0.0020151708134952115,0.4383333333333333,0.0,0.0028524857375712667,0.00014116143500968124,0.5616666666666666,0.0,0.0083333333333333,0.0,263.0,0.0,11.666666666666666,0.5773502691896257,4078.3333333333335,0.5773502691896258,337.0,0.0,1.0,0.0,13.0,0.0,8.0,0.0,2.0,0.0,2.0,0.0,2.0,0.0,0.0,0.0,0.0,0.0,0.0,0.0,0.6190476190476191,0.0,0.994327196179951,0.0019570741171944994,0.0014684287812041115,0.0005086786512683928,0.0,0.0
natural,Mahalanobis,20,False,1,0.6018306636155606,,0.95985401459854,,0.4383333333333333,,0.0026894865525672,,0.5616666666666666,,0.0083333333333333,,263.0,,11.0,,4079.0,,337.0,,1.0,,13.0,,8.0,,2.0,,2.0,,2.0,,0.0,,0.0,,0.0,,0.6190476190476191,,0.9965870307167235,,0.000881057268722467,,0.0,
natural,kNN20,20,False,1,0.5707602339181287,,0.9568627450980391,,0.4066666666666667,,0.0026894865525672,,0.5933333333333334,,0.0083333333333333,,244.0,,11.0,,4079.0,,356.0,,1.0,,12.0,,9.0,,2.0,,2.066666666666667,,2.0,,0.0,,0.0,,0.0,,0.5238095238095238,,0.9931506849315068,,0.000881057268722467,,0.00684931506849315,
natural,GMM,20,True,3,0.6055769163243092,0.006797990765687382,0.9797619047619048,0.03505340920079865,0.4383333333333333,0.0,0.0013854930725346335,0.002399744395164697,0.5616666666666666,0.0,0.0027777777777777666,0.004811252243246863,263.0,0.0,5.666666666666667,9.814954576223638,4084.3333333333335,9.814954576223638,337.0,0.0,0.3333333333333333,0.5773502691896258,13.0,0.0,8.0,0.0,2.0,0.0,2.0,0.0,2.0,0.0,0.0,0.0,0.0,0.0,0.0,0.0,0.6190476190476191,0.0,0.992196209587514,0.01351656148604474,0.0020558002936857563,0.0035607505588787494,0.0,0.0
natural,KDE,20,False,1,0.5121951219512195,,0.9545454545454546,,0.35,,0.0024449877750611,,0.65,,0.0083333333333333,,210.0,,10.0,,4080.0,,390.0,,1.0,,13.0,,8.0,,2.0,,2.0384615384615383,,2.08,,0.0,,0.0,,0.0,,0.5238095238095238,,0.8830188679245283,,0.001762114537444934,,0.19863013698630136,
natural,LOF20,20,False,1,0.593010146561443,,0.9163763066202092,,0.4383333333333333,,0.0058679706601467,,0.5616666666666666,,0.0083333333333333,,263.0,,24.0,,4066.0,,337.0,,1.0,,13.0,,8.0,,2.0,,2.0,,2.0,,0.0,,0.0,,0.0,,0.6190476190476191,,0.954248366013072,,0.012334801762114538,,0.0,
natural,IsolationForest,20,True,3,0.31504523209854146,0.01356954166930957,0.9938271604938272,0.010691671651659655,0.18722222222222218,0.009179284245476841,0.00016299918500406666,0.0002823228700193625,0.8127777777777778,0.009179284245476857,0.005555555555555533,0.009622504486493726,112.33333333333333,5.507570547286102,0.6666666666666666,1.1547005383792517,4089.3333333333335,1.1547005383792517,487.6666666666667,5.507570547286102,0.6666666666666666,1.1547005383792517,11.0,0.0,10.0,0.0,2.0,0.0,2.3757575757575755,0.2650952321217114,2.9666666666666663,0.9814954576223636,0.0,0.0,0.0,0.0,0.0,0.0,0.34920634920634913,0.0549857399228215,0.548630377524144,0.019349958285194608,0.0002936857562408223,0.0005086786512683928,0.6210045662100456,0.01723706492070949
natural,OCSVM,20,False,1,0.5055487053020962,,0.971563981042654,,0.3416666666666667,,0.0014669926650366,,0.6583333333333333,,0.0083333333333333,,205.0,,6.0,,4084.0,,395.0,,1.0,,12.0,,9.0,,2.0,,2.1083333333333334,,2.0,,0.0,,0.0,,0.0,,0.5238095238095238,,0.8854961832061069,,0.0,,0.2054794520547945,
natural,RobustMAD,20,False,1,0.2579710144927536,,0.9888888888888888,,0.1483333333333333,,0.0002444987775061,,0.8516666666666667,,0.0083333333333333,,89.0,,1.0,,4089.0,,511.0,,1.0,,10.0,,11.0,,2.25,,2.72,,4.119999999999999,,0.0,,0.0,,0.0,,0.19047619047619047,,0.5865384615384616,,0.000881057268722467,,0.5821917808219178,
natural,Persistence,30,False,1,0.1191222570532915,,1.0,,0.0633333333333333,,0.0,,0.9366666666666666,,0.0,,38.0,,0.0,,4090.0,,562.0,,0.0,,5.0,,16.0,,3.4,,3.5799999999999996,,4.22,,0.0,,0.0,,0.0,,0.0,,0.41304347826086957,,0.0,,0.7397260273972602,
natural,VAR_Ridge,30,False,1,0.3852242744063324,,0.9240506329113924,,0.2433333333333333,,0.0029339853300733,,0.7566666666666667,,0.0833333333333333,,146.0,,12.0,,4078.0,,454.0,,10.0,,10.0,,11.0,,3.0,,3.0,,3.0,,0.0,,0.0,,0.0,,0.0,,0.9605263157894737,,0.010572687224669603,,0.0,
natural,MLP32,30,True,3,0.37676775368642756,0.004475364610709673,0.9593448423115164,0.012406344352285617,0.23444444444444446,0.004194352464039291,0.0014669926650365999,0.0004889975550122,0.7655555555555557,0.0041943524640392915,0.0444444444444444,0.012729376930432893,140.66666666666666,2.5166114784235836,6.0,2.0,4084.0,2.0,459.3333333333333,2.516611478423583,5.333333333333333,1.5275252316519465,10.0,0.0,11.0,0.0,3.0,0.0,3.0033333333333334,0.005773502691896135,3.0033333333333334,0.005773502691896135,0.0,0.0,0.0,0.0,0.0,0.0,0.0,0.0,0.9612512113934185,0.0025395715111557254,0.005286343612334802,0.001762114537444934,0.0365296803652968,0.017237064920709474
natural,AR,30,False,1,0.3903743315508021,,0.9864864864864864,,0.2433333333333333,,0.0004889975550122,,0.7566666666666667,,0.0166666666666666,,146.0,,2.0,,4088.0,,454.0,,2.0,,10.0,,11.0,,3.0,,3.0,,3.0,,0.0,,0.0,,0.0,,0.0,,0.9931972789115646,,0.001762114537444934,,0.0,
natural,AR_Relation,30,False,1,0.3903743315508021,,0.9864864864864864,,0.2433333333333333,,0.0004889975550122,,0.7566666666666667,,0.0166666666666666,,146.0,,2.0,,4088.0,,454.0,,2.0,,10.0,,11.0,,3.0,,3.0,,3.0,,0.0,,0.0,,0.0,,0.0,,0.9931972789115646,,0.001762114537444934,,0.0,
natural,LSTM32,30,True,3,0.3562150068609781,0.013112551637539724,0.9682308146733457,0.007056798027235369,0.2183333333333333,0.010137937550497059,0.0010594947025264333,0.00028232287001936243,0.7816666666666667,0.010137937550497038,0.027777777777777735,0.012729376930432882,131.0,6.082762530298219,4.333333333333333,1.1547005383792517,4085.6666666666665,1.1547005383792517,469.0,6.082762530298219,3.3333333333333335,1.5275252316519465,9.666666666666666,0.5773502691896257,11.333333333333334,0.5773502691896257,3.0,0.0,3.034074074074074,0.010264004785593413,3.1199999999999997,0.08000000000000007,0.0,0.0,0.0,0.0,0.0,0.0,0.0,0.0,0.9309439098912783,0.01958981751820398,0.0038179148311306907,0.0010173573025367858,0.10273972602739727,0.04166275705683712
natural,GRU32,30,True,3,0.3791236719474786,0.006741491038434907,0.990990990990991,0.015604061329449314,0.23444444444444443,0.005853140973807087,0.0003259983700081333,0.0005646457400387249,0.7655555555555557,0.005853140973807043,0.0111111111111111,0.019245008972987504,140.66666666666666,3.5118845842842465,1.3333333333333333,2.3094010767585034,4088.6666666666665,2.309401076758503,459.3333333333333,3.5118845842842465,1.3333333333333333,2.3094010767585034,10.0,0.0,11.0,0.0,3.0,0.0,3.0,0.0,3.0,0.0,0.0,0.0,0.0,0.0,0.0,0.0,0.0,0.0,0.9767893712686315,0.007588819365204999,0.0011747430249632893,0.002034714605073571,0.0365296803652968,0.024054004001946887
natural,PCA_Recon,30,False,1,0.3877822045152722,,0.954248366013072,,0.2433333333333333,,0.0017114914425427,,0.7566666666666667,,0.0083333333333333,,146.0,,7.0,,4083.0,,454.0,,1.0,,10.0,,11.0,,3.0,,3.0,,3.0,,0.0,,0.0,,0.0,,0.0,,0.9765886287625418,,0.006167400881057269,,0.0,
natural,AE_Recon,30,True,3,0.3862433862433862,0.0,0.935897435897436,0.0,0.2433333333333333,0.0,0.0024449877750611,0.0,0.7566666666666667,0.0,0.0083333333333333,0.0,146.0,0.0,10.0,0.0,4080.0,0.0,454.0,0.0,1.0,0.0,10.0,0.0,11.0,0.0,3.0,0.0,3.0,0.0,3.0,0.0,0.0,0.0,0.0,0.0,0.0,0.0,0.0,0.0,0.9668874172185431,0.0,0.00881057268722467,0.0,0.0,0.0
natural,Mahalanobis,30,False,1,0.3914209115281501,,1.0,,0.2433333333333333,,0.0,,0.7566666666666667,,0.0,,146.0,,0.0,,4090.0,,454.0,,0.0,,10.0,,11.0,,3.0,,3.0,,3.0,,0.0,,0.0,,0.0,,0.0,,1.0,,0.0,,0.0,
natural,kNN20,30,False,1,0.3817204301075269,,0.9861111111111112,,0.2366666666666666,,0.0004889975550122,,0.7633333333333333,,0.0083333333333333,,142.0,,2.0,,4088.0,,458.0,,1.0,,9.0,,12.0,,3.0,,3.033333333333333,,3.06,,0.0,,0.0,,0.0,,0.0,,0.9793103448275862,,0.001762114537444934,,0.0273972602739726,
natural,GMM,30,True,3,0.3914209115281501,0.0,1.0,0.0,0.2433333333333333,0.0,0.0,0.0,0.7566666666666667,0.0,0.0,0.0,146.0,0.0,0.0,0.0,4090.0,0.0,454.0,0.0,0.0,0.0,10.0,0.0,11.0,0.0,3.0,0.0,3.0,0.0,3.0,0.0,0.0,0.0,0.0,0.0,0.0,0.0,0.0,0.0,1.0,0.0,0.0,0.0,0.0,0.0
natural,KDE,30,False,1,0.3626522327469553,,0.9640287769784172,,0.2233333333333333,,0.0012224938875305,,0.7766666666666666,,0.0083333333333333,,134.0,,5.0,,4085.0,,466.0,,1.0,,9.0,,12.0,,3.0,,3.0,,3.0,,0.0,,0.0,,0.0,,0.0,,0.9403508771929825,,0.004405286343612335,,0.0821917808219178,
natural,LOF20,30,False,1,0.3842105263157894,,0.9125,,0.2433333333333333,,0.0034229828850855,,0.7566666666666667,,0.0083333333333333,,146.0,,14.0,,4076.0,,454.0,,1.0,,10.0,,11.0,,3.0,,3.0,,3.0,,0.0,,0.0,,0.0,,0.0,,0.954248366013072,,0.012334801762114538,,0.0,
natural,IsolationForest,30,True,3,0.19435666933698878,0.018525877571605943,0.9950980392156863,0.00849044513514159,0.10777777777777774,0.01134476547592337,8.149959250203333e-05,0.00014116143500968122,0.8922222222222222,0.011344765475923441,0.0027777777777777666,0.004811252243246863,64.66666666666667,6.8068592855540455,0.3333333333333333,0.5773502691896258,4089.6666666666665,0.5773502691896258,535.3333333333334,6.8068592855540455,0.3333333333333333,0.5773502691896258,7.333333333333333,0.5773502691896258,13.666666666666666,0.5773502691896257,3.0,0.0,3.294642857142857,0.09588138399041955,3.9599999999999995,0.35383612025908256,0.0,0.0,0.0,0.0,0.0,0.0,0.0,0.0,0.6119642423756722,0.04499981869898495,0.0002936857562408223,0.0005086786512683928,0.5570776255707762,0.04662232387365785
natural,OCSVM,30,False,1,0.354054054054054,,0.9357142857142856,,0.2183333333333333,,0.002200488997555,,0.7816666666666666,,0.0083333333333333,,131.0,,9.0,,4081.0,,469.0,,1.0,,9.0,,12.0,,3.0,,3.0444444444444443,,3.08,,0.0,,0.0,,0.0,,0.0,,0.916083916083916,,0.007929515418502203,,0.10273972602739725,
natural,RobustMAD,30,False,1,0.1842900302114803,,0.9838709677419356,,0.1016666666666666,,0.0002444987775061,,0.8983333333333333,,0.0083333333333333,,61.0,,1.0,,4089.0,,539.0,,1.0,,5.0,,16.0,,3.3,,3.56,,4.22,,0.0,,0.0,,0.0,,0.0,,0.5865384615384616,,0.000881057268722467,,0.5821917808219178,
controlled,Persistence,1,False,1,0.1191222570532915,,1.0,,0.0633333333333333,,0.0,,0.9366666666666666,,0.0,,38.0,,0.0,,4090.0,,562.0,,0.0,,5.0,,16.0,,3.4,,3.5799999999999996,,4.22,,0.0,,0.0,,0.0,,0.0,,0.41304347826086957,,0.0,,0.7397260273972602,
controlled,VAR_Ridge,1,False,1,0.1924812030075188,,0.9846153846153848,,0.1066666666666666,,0.0002444987775061,,0.8933333333333333,,0.0083333333333333,,64.0,,1.0,,4089.0,,536.0,,1.0,,5.0,,16.0,,3.3,,3.5199999999999996,,4.16,,0.0,,0.0,,0.0,,0.0,,0.6066350710900474,,0.000881057268722467,,0.5616438356164384,
controlled,MLP32,1,True,3,0.18884617274710155,0.003148028549046514,0.9842897842897842,0.000281978153450558,0.10444444444444441,0.001924500897298733,0.0002444987775061,0.0,0.8955555555555555,0.001924500897298733,0.0083333333333333,0.0,62.666666666666664,1.1547005383792517,1.0,0.0,4089.0,0.0,537.3333333333334,1.1547005383792517,1.0,0.0,5.0,0.0,16.0,0.0,3.2999999999999994,5.438959822042073e-16,3.533333333333333,0.011547005383792781,4.16,0.0,0.0,0.0,0.0,0.0,0.0,0.0,0.0,0.0,0.5977459806344815,0.007698178151057881,0.0008810572687224669,1.3278710503032405e-19,0.5707762557077626,0.007908907797118128
controlled,AR,1,False,1,0.1704718417047184,,0.9824561403508772,,0.0933333333333333,,0.0002444987775061,,0.9066666666666666,,0.0083333333333333,,56.0,,1.0,,4089.0,,544.0,,1.0,,5.0,,16.0,,3.3,,3.56,,4.22,,0.0,,0.0,,0.0,,0.0,,0.5517241379310345,,0.000881057268722467,,0.6164383561643836,
controlled,AR_Relation,1,False,1,0.1897590361445783,,0.984375,,0.105,,0.0002444987775061,,0.895,,0.0083333333333333,,63.0,,1.0,,4089.0,,537.0,,1.0,,5.0,,16.0,,3.3,,3.5199999999999996,,4.16,,0.0,,0.0,,0.0,,0.0,,0.6,,0.000881057268722467,,0.5684931506849316,
controlled,LSTM32,1,True,3,0.18153201777266162,0.005502197598376278,0.9835947963205535,0.0005381647281465101,0.09999999999999998,0.003333333333333355,0.0002444987775061,0.0,0.8999999999999999,0.0033333333333332993,0.0083333333333333,0.0,60.0,2.0,1.0,0.0,4089.0,0.0,540.0,2.0,1.0,0.0,5.0,0.0,16.0,0.0,3.2999999999999994,5.438959822042073e-16,3.5400000000000005,5.438959822042073e-16,4.16,0.0,0.0,0.0,0.0,0.0,0.0,0.0,0.0,0.0,0.5796217462902734,0.013724101956674006,0.0008810572687224669,1.3278710503032405e-19,0.589041095890411,0.0136986301369863
controlled,GRU32,1,True,3,0.18337439230437566,0.0015859313764412495,0.9837828309536402,0.0001526573953437174,0.10111111111111108,0.0009622504486493344,0.0002444987775061,0.0,0.898888888888889,0.0009622504486493984,0.0083333333333333,0.0,60.666666666666664,0.5773502691896258,1.0,0.0,4089.0,0.0,539.3333333333334,0.5773502691896257,1.0,0.0,5.0,0.0,16.0,0.0,3.2999999999999994,5.438959822042073e-16,3.5400000000000005,5.438959822042073e-16,4.16,0.0,0.0,0.0,0.0,0.0,0.0,0.0,0.0,0.0,0.5842623560014865,0.003942330433429722,0.0008810572687224669,1.3278710503032405e-19,0.5844748858447488,0.003954453898559096
controlled,PCA_Recon,1,False,1,0.1615853658536585,,0.9464285714285714,,0.0883333333333333,,0.0007334963325183,,0.9116666666666666,,0.025,,53.0,,3.0,,4087.0,,547.0,,3.0,,6.0,,15.0,,3.35,,3.516666666666666,,4.15,,0.0,,0.0,,0.0,,0.0,,0.5247524752475248,,0.0026431718061674008,,0.636986301369863,
controlled,AE_Recon,1,True,3,0.20069905167176882,0.00017363684042279528,0.9901960784313726,0.00849044513514159,0.1116666666666666,0.0,0.00016299918500406666,0.00014116143500968124,0.8883333333333333,0.0,0.005555555555555533,0.004811252243246863,67.0,0.0,0.6666666666666666,0.5773502691896258,4089.3333333333335,0.5773502691896258,533.0,0.0,0.6666666666666666,0.5773502691896258,6.0,0.0,15.0,0.0,3.5999999999999996,0.0,3.6,0.0,4.199999999999999,0.0,0.0,0.0,0.0,0.0,0.0,0.0,0.0,0.0,0.6271481432729293,0.001697269450033134,0.0005873715124816446,0.0005086786512683928,0.541095890410959,0.0
controlled,Mahalanobis,1,False,1,0.2086438152011922,,0.9859154929577464,,0.1166666666666666,,0.0002444987775061,,0.8833333333333333,,0.0083333333333333,,70.0,,1.0,,4089.0,,530.0,,1.0,,7.0,,14.0,,3.3,,3.557142857142857,,4.18,,0.0,,0.0,,0.0,,0.0,,0.6451612903225806,,0.000881057268722467,,0.5205479452054794,
controlled,kNN20,1,False,1,0.1979010494752623,,0.9850746268656716,,0.11,,0.0002444987775061,,0.89,,0.0083333333333333,,66.0,,1.0,,4089.0,,534.0,,1.0,,5.0,,16.0,,3.3,,3.54,,4.22,,0.0,,0.0,,0.0,,0.0,,0.6197183098591549,,0.000881057268722467,,0.547945205479452,
controlled,GMM,1,True,3,0.23008849557522124,3.3993498887762956e-17,1.0,0.0,0.13,0.0,0.0,0.0,0.87,0.0,0.0,0.0,78.0,0.0,0.0,0.0,4090.0,0.0,522.0,0.0,0.0,0.0,8.0,0.0,13.0,0.0,3.25,0.0,3.3250000000000006,5.438959822042073e-16,3.9,0.0,0.0,0.0,0.0,0.0,0.0,0.0,0.0,0.0,0.6964285714285715,1.3597399555105182e-16,0.0,0.0,0.46575342465753417,6.798699777552591e-17
controlled,KDE,1,False,1,0.2035928143712574,,1.0,,0.1133333333333333,,0.0,,0.8866666666666667,,0.0,,68.0,,0.0,,4090.0,,532.0,,0.0,,6.0,,15.0,,3.25,,3.483333333333334,,4.199999999999999,,0.0,,0.0,,0.0,,0.0,,0.6355140186915887,,0.0,,0.5342465753424658,
controlled,LOF20,1,False,1,0.2294117647058823,,0.975,,0.13,,0.0004889975550122,,0.87,,0.0166666666666666,,78.0,,2.0,,4088.0,,522.0,,2.0,,8.0,,13.0,,3.1,,3.3125,,3.96,,0.0,,0.0,,0.0,,0.0,,0.6902654867256637,,0.001762114537444934,,0.4657534246575342,
controlled,IsolationForest,1,True,3,0.15832098209539533,0.0032549812553513734,0.9810066476733145,0.0004112181404484927,0.0861111111111111,0.001924500897298733,0.0002444987775061,0.0,0.9138888888888889,0.0019245008972987971,0.0083333333333333,0.0,51.666666666666664,1.1547005383792517,1.0,0.0,4089.0,0.0,548.3333333333334,1.1547005383792517,1.0,0.0,5.0,0.0,16.0,0.0,3.2999999999999994,5.438959822042073e-16,3.666666666666668,0.023094010767584792,4.419999999999999,0.10392304845413247,0.0,0.0,0.0,0.0,0.0,0.0,0.0,0.0,0.5201010101010101,0.00857277672433083,0.0008810572687224669,1.3278710503032405e-19,0.6461187214611872,0.007908907797118192
controlled,OCSVM,1,False,1,0.2062780269058296,,1.0,,0.115,,0.0,,0.885,,0.0,,69.0,,0.0,,4090.0,,531.0,,0.0,,7.0,,14.0,,3.3,,3.542857142857143,,4.18,,0.0,,0.0,,0.0,,0.0,,0.641860465116279,,0.0,,0.5273972602739726,
controlled,RobustMAD,1,False,1,0.1842900302114803,,0.9838709677419356,,0.1016666666666666,,0.0002444987775061,,0.8983333333333333,,0.0083333333333333,,61.0,,1.0,,4089.0,,539.0,,1.0,,5.0,,16.0,,3.3,,3.56,,4.22,,0.0,,0.0,,0.0,,0.0,,0.5865384615384616,,0.000881057268722467,,0.5821917808219178,
controlled,Persistence,2,False,1,0.1191222570532915,,1.0,,0.0633333333333333,,0.0,,0.9366666666666666,,0.0,,38.0,,0.0,,4090.0,,562.0,,0.0,,5.0,,16.0,,3.4,,3.5799999999999996,,4.22,,0.0,,0.0,,0.0,,0.0,,0.41304347826086957,,0.0,,0.7397260273972602,
controlled,VAR_Ridge,2,False,1,0.2268041237113402,,0.9746835443037974,,0.1283333333333333,,0.0004889975550122,,0.8716666666666667,,0.0166666666666666,,77.0,,2.0,,4088.0,,523.0,,2.0,,8.0,,13.0,,3.3499999999999996,,3.4625,,4.0,,0.0,,0.0,,0.0,,0.0,,0.6844444444444444,,0.001762114537444934,,0.4726027397260274,
controlled,MLP32,2,True,3,0.26513967383379683,0.0013380317775095218,0.9360564831993403,0.005254175027883597,0.1544444444444444,0.0009622504486493986,0.0015484922575386333,0.00014116143500968124,0.8455555555555555,0.0009622504486493984,0.036111111111111066,0.004811252243246865,92.66666666666667,0.5773502691896257,6.333333333333333,0.5773502691896258,4083.6666666666665,0.5773502691896258,507.3333333333333,0.5773502691896258,4.333333333333333,0.5773502691896258,9.666666666666666,0.5773502691896257,11.333333333333334,0.5773502691896257,3.1666666666666665,0.028867513459481187,3.238518518518518,0.01475450687929069,3.48,0.03464101615137783,0.0,0.0,0.0,0.0,0.0,0.0,0.0,0.0,0.7564598650335784,0.0025619425785883406,0.005580029368575624,0.0005086786512683929,0.365296803652968,0.003954453898559064
controlled,AR,2,False,1,0.2056631892697466,,0.971830985915493,,0.115,,0.0004889975550122,,0.885,,0.0166666666666666,,69.0,,2.0,,4088.0,,531.0,,2.0,,8.0,,13.0,,3.3499999999999996,,3.4749999999999996,,4.03,,0.0,,0.0,,0.0,,0.0,,0.6359447004608295,,0.001762114537444934,,0.5273972602739726,
controlled,AR_Relation,2,False,1,0.2349486049926578,,0.9876543209876544,,0.1333333333333333,,0.0002444987775061,,0.8666666666666667,,0.0083333333333333,,80.0,,1.0,,4089.0,,520.0,,1.0,,8.0,,13.0,,3.25,,3.375,,4.0,,0.0,,0.0,,0.0,,0.0,,0.7048458149779736,,0.000881057268722467,,0.4520547945205479,
controlled,LSTM32,2,True,3,0.2631451464180628,0.006441022404730688,0.9482558981039224,0.010280782062789857,0.1527777777777777,0.0041943524640392915,0.0012224938875305001,0.0002444987775061001,0.8472222222222223,0.0041943524640392915,0.0333333333333333,0.0,91.66666666666667,2.516611478423583,5.0,1.0,4085.0,1.0,508.3333333333333,2.516611478423583,4.0,0.0,9.666666666666666,0.5773502691896257,11.333333333333334,0.5773502691896257,3.2000000000000006,5.438959822042073e-16,3.258888888888889,0.00838870492807857,3.5366666666666666,0.07094598884597615,0.0,0.0,0.0,0.0,0.0,0.0,0.0,0.0,0.7554189435336977,0.014457872579622515,0.004405286343612335,0.0008810572687224668,0.3721461187214612,0.017237064920709488
controlled,GRU32,2,True,3,0.2685714285714285,0.0028571428571428636,0.9400000000000001,0.009999999999999953,0.15666666666666662,0.0016666666666666496,0.0014669926650366,0.0002444987775061001,0.8433333333333334,0.0016666666666666496,0.036111111111111066,0.004811252243246865,94.0,1.0,6.0,1.0,4084.0,1.0,506.0,1.0,4.333333333333333,0.5773502691896258,9.666666666666666,0.5773502691896257,11.333333333333334,0.5773502691896257,3.1666666666666665,0.05773502691896263,3.241111111111111,0.00838870492807857,3.48,0.03464101615137783,0.0,0.0,0.0,0.0,0.0,0.0,0.0,0.0,0.7642276422764228,0.008130081300812997,0.005286343612334802,0.0008810572687224668,0.35616438356164387,0.00684931506849315
controlled,PCA_Recon,2,False,1,0.2077151335311572,,0.945945945945946,,0.1166666666666666,,0.0009779951100244,,0.8833333333333333,,0.0166666666666666,,70.0,,4.0,,4086.0,,530.0,,2.0,,8.0,,13.0,,3.35,,3.525,,4.1899999999999995,,0.0,,0.0,,0.0,,0.0,,0.6363636363636364,,0.003524229074889868,,0.5205479452054794,
controlled,AE_Recon,2,True,3,0.196900345029873,0.0014841139868982335,0.980170449002758,0.008299210789076616,0.10944444444444444,0.0009622504486493984,0.0003259983700081333,0.00014116143500968124,0.8905555555555557,0.0009622504486493984,0.011111111111111066,0.004811252243246863,65.66666666666667,0.5773502691896257,1.3333333333333333,0.5773502691896257,4088.6666666666665,0.5773502691896258,534.3333333333334,0.5773502691896257,1.3333333333333333,0.5773502691896257,5.0,0.0,16.0,0.0,3.3333333333333335,0.05773502691896263,3.546666666666667,0.011547005383792526,4.22,0.0,0.0,0.0,0.0,0.0,0.0,0.0,0.0,0.0,0.6165827623118361,0.0032619914341091133,0.0011747430249632893,0.0005086786512683928,0.550228310502283,0.003954453898559096
controlled,Mahalanobis,2,False,1,0.3448275862068966,,1.0,,0.2083333333333333,,0.0,,0.7916666666666666,,0.0,,125.0,,0.0,,4090.0,,475.0,,0.0,,10.0,,11.0,,3.0,,3.07,,3.3,,0.0,,0.0,,0.0,,0.0,,0.922509225092251,,0.0,,0.14383561643835616,
controlled,kNN20,2,False,1,0.2008995502248875,,1.0,,0.1116666666666666,,0.0,,0.8883333333333333,,0.0,,67.0,,0.0,,4090.0,,533.0,,0.0,,5.0,,16.0,,3.3,,3.54,,4.22,,0.0,,0.0,,0.0,,0.0,,0.6291079812206573,,0.0,,0.541095890410959,
controlled,GMM,2,True,3,0.3752811493297978,0.0011519809904752616,0.9976190476190476,0.004123930494211662,0.23111111111111107,0.0009622504486493343,8.149959250203333e-05,0.00014116143500968122,0.7688888888888888,0.0009622504486493984,0.0027777777777777666,0.004811252243246863,138.66666666666666,0.5773502691896258,0.3333333333333333,0.5773502691896258,4089.6666666666665,0.5773502691896258,461.3333333333333,0.5773502691896258,0.3333333333333333,0.5773502691896258,10.0,0.0,11.0,0.0,3.0,0.0,3.0,0.0,3.0,0.0,0.0,0.0,0.0,0.0,0.0,0.0,0.0,0.0,0.9730991848115643,0.0020283826407603072,0.0002936857562408223,0.0005086786512683928,0.0502283105022831,0.003954453898559081
controlled,KDE,2,False,1,0.2274741506646972,,1.0,,0.1283333333333333,,0.0,,0.8716666666666667,,0.0,,77.0,,0.0,,4090.0,,523.0,,0.0,,8.0,,13.0,,3.3,,3.425,,4.159999999999999,,0.0,,0.0,,0.0,,0.0,,0.6905829596412556,,0.0,,0.4726027397260274,
controlled,LOF20,2,False,1,0.2779369627507163,,0.9897959183673468,,0.1616666666666666,,0.0002444987775061,,0.8383333333333334,,0.0083333333333333,,97.0,,1.0,,4089.0,,503.0,,1.0,,8.0,,13.0,,3.0,,3.1125,,3.4299999999999997,,0.0,,0.0,,0.0,,0.0,,0.7950819672131147,,0.000881057268722467,,0.3356164383561644,
controlled,IsolationForest,2,True,3,0.16672776687255111,0.008051015851627754,0.9820046034735301,0.0009060738687846689,0.09111111111111107,0.004811252243246856,0.0002444987775061,0.0,0.9088888888888889,0.004811252243246928,0.0083333333333333,0.0,54.666666666666664,2.8867513459481287,1.0,0.0,4089.0,0.0,545.3333333333334,2.8867513459481287,1.0,0.0,5.0,0.0,16.0,0.0,3.4,0.0,3.6933333333333334,0.03055050463303896,4.446666666666666,0.08082903768654724,0.0,0.0,0.0,0.0,0.0,0.0,0.0,0.0,0.541951219512195,0.02070011940753044,0.0008810572687224669,1.3278710503032405e-19,0.6255707762557078,0.019772269492795418
controlled,OCSVM,2,False,1,0.2062780269058296,,1.0,,0.115,,0.0,,0.885,,0.0,,69.0,,0.0,,4090.0,,531.0,,0.0,,7.0,,14.0,,3.3,,3.4285714285714284,,4.18,,0.0,,0.0,,0.0,,0.0,,0.641860465116279,,0.0,,0.5273972602739726,
controlled,RobustMAD,2,False,1,0.1842900302114803,,0.9838709677419356,,0.1016666666666666,,0.0002444987775061,,0.8983333333333333,,0.0083333333333333,,61.0,,1.0,,4089.0,,539.0,,1.0,,5.0,,16.0,,3.3,,3.56,,4.22,,0.0,,0.0,,0.0,,0.0,,0.5865384615384616,,0.000881057268722467,,0.5821917808219178,
controlled,Persistence,3,False,1,0.1191222570532915,,1.0,,0.0633333333333333,,0.0,,0.9366666666666666,,0.0,,38.0,,0.0,,4090.0,,562.0,,0.0,,5.0,,16.0,,3.4,,3.5799999999999996,,4.22,,0.0,,0.0,,0.0,,0.0,,0.41304347826086957,,0.0,,0.7397260273972602,
controlled,VAR_Ridge,3,False,1,0.2212389380530973,,0.9615384615384616,,0.125,,0.0007334963325183,,0.875,,0.025,,75.0,,3.0,,4087.0,,525.0,,3.0,,7.0,,14.0,,3.2,,3.3000000000000003,,3.7,,0.0,,0.0,,0.0,,0.0,,0.6696428571428571,,0.0026431718061674008,,0.4863013698630137,
controlled,MLP32,3,True,3,0.24816213674825086,0.0060775749232282765,0.9736790986790987,0.012497382971431686,0.14222222222222217,0.0041943524640392915,0.0005704971475142332,0.00028232287001936254,0.8577777777777778,0.004194352464039285,0.016666666666666632,0.00833333333333335,85.33333333333333,2.5166114784235836,2.3333333333333335,1.1547005383792515,4087.6666666666665,1.1547005383792517,514.6666666666666,2.5166114784235836,2.0,1.0,8.666666666666666,0.5773502691896257,12.333333333333334,0.5773502691896257,3.183333333333333,0.10408329997330651,3.262962962962963,0.05480980958129155,3.6599999999999997,0.2078460969082652,0.0,0.0,0.0,0.0,0.0,0.0,0.0,0.0,0.7302836302285943,0.010941774722612195,0.0020558002936857563,0.0010173573025367853,0.4155251141552512,0.017237064920709488
controlled,AR,3,False,1,0.2029850746268656,,0.9714285714285714,,0.1133333333333333,,0.0004889975550122,,0.8866666666666667,,0.0166666666666666,,68.0,,2.0,,4088.0,,532.0,,2.0,,7.0,,14.0,,3.2,,3.357142857142857,,3.82,,0.0,,0.0,,0.0,,0.0,,0.6296296296296297,,0.001762114537444934,,0.5342465753424658,
controlled,AR_Relation,3,False,1,0.264367816091954,,0.9583333333333334,,0.1533333333333333,,0.0009779951100244,,0.8466666666666667,,0.025,,92.0,,4.0,,4086.0,,508.0,,3.0,,8.0,,13.0,,3.05,,3.2,,3.5,,0.0,,0.0,,0.0,,0.0,,0.7603305785123967,,0.003524229074889868,,0.3698630136986301,
controlled,LSTM32,3,True,3,0.26378896882494,0.0016614396235672838,0.9649122807017544,0.006077371254627659,0.1527777777777777,0.0009622504486493986,0.0008149959250203332,0.0001411614350096812,0.8472222222222223,0.0009622504486493984,0.027777777777777766,0.00481125224324686,91.66666666666667,0.5773502691896257,3.3333333333333335,0.5773502691896258,4086.6666666666665,0.5773502691896258,508.3333333333333,0.5773502691896258,3.3333333333333335,0.5773502691896258,9.0,0.0,12.0,0.0,3.2000000000000006,0.09999999999999987,3.288888888888889,0.011111111111111072,3.78,0.0,0.0,0.0,0.0,0.0,0.0,0.0,0.0,0.0,0.7607192254495159,0.004791288540992728,0.002936857562408223,0.0005086786512683929,0.3721461187214612,0.003954453898559096
controlled,GRU32,3,True,3,0.2549862722370624,0.011459798960151112,0.9537795325948292,0.013547904287781163,0.14722222222222223,0.007876359377087678,0.0010594947025264333,0.0003734780517486232,0.8527777777777779,0.007876359377087694,0.027777777777777766,0.00481125224324686,88.33333333333333,4.725815626252608,4.333333333333333,1.5275252316519465,4085.6666666666665,1.5275252316519465,511.6666666666667,4.725815626252609,3.3333333333333335,0.5773502691896258,9.0,0.0,12.0,0.0,3.2999999999999994,5.438959822042073e-16,3.2814814814814817,0.03571722504071468,3.7266666666666666,0.04618802153516985,0.0,0.0,0.0,0.0,0.0,0.0,0.0,0.0,0.7398718673450161,0.02119103571001643,0.0038179148311306903,0.0013458372085039178,0.39497716894977164,0.0323686001798124
controlled,PCA_Recon,3,False,1,0.3175487465181058,,0.9661016949152542,,0.19,,0.0009779951100244,,0.81,,0.0166666666666666,,114.0,,4.0,,4086.0,,486.0,,2.0,,9.0,,12.0,,3.0,,3.1444444444444444,,3.26,,0.0,,0.0,,0.0,,0.0,,0.8636363636363636,,0.003524229074889868,,0.2191780821917808,
controlled,AE_Recon,3,True,3,0.2415952106130104,0.010412813582253884,0.9538788085299714,0.012461917560825837,0.1383333333333333,0.006666666666666696,0.0009779951100244,0.0002444987775060999,0.8616666666666667,0.006666666666666654,0.024999999999999967,0.008333333333333349,83.0,4.0,4.0,1.0,4086.0,1.0,517.0,4.0,3.0,1.0,7.666666666666667,0.5773502691896258,13.333333333333334,0.5773502691896257,3.2166666666666663,0.07637626158259725,3.3976190476190475,0.04112315583194248,4.12,0.051961524227066236,0.0,0.0,0.0,0.0,0.0,0.0,0.0,0.0,0.7122169927694381,0.023782708070307787,0.0035242290748898676,0.0008810572687224672,0.4315068493150685,0.0273972602739726
controlled,Mahalanobis,3,False,1,0.3849259757738896,,1.0,,0.2383333333333333,,0.0,,0.7616666666666667,,0.0,,143.0,,0.0,,4090.0,,457.0,,0.0,,10.0,,11.0,,3.0,,3.03,,3.03,,0.0,,0.0,,0.0,,0.0,,0.9896193771626297,,0.0,,0.02054794520547945,
controlled,kNN20,3,False,1,0.2142857142857142,,1.0,,0.12,,0.0,,0.88,,0.0,,72.0,,0.0,,4090.0,,528.0,,0.0,,6.0,,15.0,,3.15,,3.4499999999999997,,4.199999999999999,,0.0,,0.0,,0.0,,0.0,,0.6605504587155964,,0.0,,0.5068493150684932,
controlled,GMM,3,True,3,0.3890878121045276,0.0003012605539431694,0.997716894977169,0.003954453898559096,0.2416666666666666,0.0,8.149959250203333e-05,0.00014116143500968122,0.7583333333333333,0.0,0.0027777777777777666,0.004811252243246863,145.0,0.0,0.3333333333333333,0.5773502691896258,4089.6666666666665,0.5773502691896258,455.0,0.0,0.3333333333333333,0.5773502691896258,10.0,0.0,11.0,0.0,3.0,0.0,3.0,0.0,3.0,0.0,0.0,0.0,0.0,0.0,0.0,0.0,0.0,0.0,0.99542594423261,0.001970432354952142,0.0002936857562408223,0.0005086786512683928,0.00684931506849315,0.0
controlled,KDE,3,False,1,0.2404692082111437,,1.0,,0.1366666666666666,,0.0,,0.8633333333333333,,0.0,,82.0,,0.0,,4090.0,,518.0,,0.0,,8.0,,13.0,,3.15,,3.2874999999999996,,3.67,,0.0,,0.0,,0.0,,0.0,,0.7192982456140351,,0.0,,0.4383561643835616,
controlled,LOF20,3,False,1,0.3379501385041551,,1.0,,0.2033333333333333,,0.0,,0.7966666666666666,,0.0,,122.0,,0.0,,4090.0,,478.0,,0.0,,10.0,,11.0,,3.0,,3.09,,3.4099999999999997,,0.0,,0.0,,0.0,,0.0,,0.9104477611940298,,0.0,,0.1643835616438356,
controlled,IsolationForest,3,True,3,0.17148116352274215,0.00306766309298182,0.9885057471264368,0.009954314986027987,0.09388888888888887,0.001924500897298789,0.00016299918500406666,0.00014116143500968124,0.9061111111111111,0.0019245008972986687,0.005555555555555533,0.004811252243246862,56.333333333333336,1.1547005383792517,0.6666666666666666,0.5773502691896258,4089.3333333333335,0.5773502691896258,543.6666666666666,1.1547005383792517,0.6666666666666666,0.5773502691896258,5.0,0.0,16.0,0.0,3.4,0.0,3.6933333333333334,0.02309401076758505,4.3933333333333335,0.05773502691896237,0.0,0.0,0.0,0.0,0.0,0.0,0.0,0.0,0.5549702468051897,0.006674081250509318,0.0005873715124816446,0.0005086786512683928,0.6141552511415526,0.007908907797118192
controlled,OCSVM,3,False,1,0.2169390787518573,,1.0,,0.1216666666666666,,0.0,,0.8783333333333333,,0.0,,73.0,,0.0,,4090.0,,527.0,,0.0,,7.0,,14.0,,3.3,,3.4285714285714284,,4.18,,0.0,,0.0,,0.0,,0.0,,0.6666666666666666,,0.0,,0.5,
controlled,RobustMAD,3,False,1,0.1842900302114803,,0.9838709677419356,,0.1016666666666666,,0.0002444987775061,,0.8983333333333333,,0.0083333333333333,,61.0,,1.0,,4089.0,,539.0,,1.0,,5.0,,16.0,,3.3,,3.56,,4.22,,0.0,,0.0,,0.0,,0.0,,0.5865384615384616,,0.000881057268722467,,0.5821917808219178,
controlled,Persistence,5,False,1,0.1191222570532915,,1.0,,0.0633333333333333,,0.0,,0.9366666666666666,,0.0,,38.0,,0.0,,4090.0,,562.0,,0.0,,5.0,,16.0,,3.4,,3.5799999999999996,,4.22,,0.0,,0.0,,0.0,,0.0,,0.41304347826086957,,0.0,,0.7397260273972602,
controlled,VAR_Ridge,5,False,1,0.3231197771587744,,0.9830508474576272,,0.1933333333333333,,0.0004889975550122,,0.8066666666666666,,0.0166666666666666,,116.0,,2.0,,4088.0,,484.0,,2.0,,9.0,,12.0,,3.0,,3.0555555555555554,,3.22,,0.0,,0.0,,0.0,,0.0,,0.8787878787878788,,0.001762114537444934,,0.2054794520547945,
controlled,MLP32,5,True,3,0.3218243618411062,0.009445759186201726,0.9885963142319075,0.0048117282140610635,0.1922222222222222,0.006735753140545621,0.0003259983700081333,0.00014116143500968124,0.8077777777777778,0.00673575314054562,0.011111111111111066,0.004811252243246863,115.33333333333333,4.041451884327381,1.3333333333333333,0.5773502691896257,4088.6666666666665,0.5773502691896258,484.6666666666667,4.041451884327381,1.3333333333333333,0.5773502691896257,9.0,0.0,12.0,0.0,3.0,0.0,3.0555555555555554,0.0,3.22,0.0,0.0,0.0,0.0,0.0,0.0,0.0,0.0,0.0,0.8779966123907372,0.017149559022315335,0.0011747430249632893,0.0005086786512683928,0.2100456621004566,0.027681177289913563
controlled,AR,5,False,1,0.2597402597402597,,0.967741935483871,,0.15,,0.0007334963325183,,0.85,,0.025,,90.0,,3.0,,4087.0,,510.0,,3.0,,9.0,,12.0,,3.2,,3.2444444444444445,,3.46,,0.0,,0.0,,0.0,,0.0,,0.7531380753138075,,0.0026431718061674008,,0.3835616438356164,
controlled,AR_Relation,5,False,1,0.2865248226950355,,0.961904761904762,,0.1683333333333333,,0.0009779951100244,,0.8316666666666667,,0.025,,101.0,,4.0,,4086.0,,499.0,,3.0,,9.0,,12.0,,3.0,,3.1666666666666665,,3.46,,0.0,,0.0,,0.0,,0.0,,0.8047808764940239,,0.003524229074889868,,0.3082191780821918,
controlled,LSTM32,5,True,3,0.34689340261376156,0.006567120681193288,0.9844102564102565,0.00035529247334756584,0.21055555555555552,0.004811252243246865,0.0004889975550122,0.0,0.7894444444444444,0.004811252243246928,0.0083333333333333,0.0,126.33333333333333,2.8867513459481287,2.0,0.0,4088.0,0.0,473.6666666666667,2.8867513459481287,1.0,0.0,9.666666666666666,0.5773502691896257,11.333333333333334,0.5773502691896257,3.0,0.0,3.038148148148148,0.007398142353866037,3.0966666666666662,0.05859465277082333,0.0,0.0,0.0,0.0,0.0,0.0,0.0,0.0,0.9209405137529636,0.011424118915458654,0.0017621145374449338,2.655742100606481e-19,0.13470319634703196,0.0197722694927954
controlled,GRU32,5,True,3,0.32972447497811636,0.012848418805977832,0.9781592050876764,0.009053503712483913,0.19833333333333333,0.009279607271383366,0.0006519967400162666,0.0002823228700193625,0.8016666666666667,0.009279607271383354,0.013888888888888867,0.009622504486493783,119.0,5.5677643628300215,2.6666666666666665,1.1547005383792515,4087.3333333333335,1.1547005383792517,481.0,5.5677643628300215,1.6666666666666667,1.1547005383792517,9.0,0.0,12.0,0.0,3.0,0.0,3.048148148148148,0.00641500299099582,3.1666666666666665,0.0461880215351701,0.0,0.0,0.0,0.0,0.0,0.0,0.0,0.0,0.8888513259710015,0.02293218444332902,0.0023494860499265785,0.0010173573025367855,0.18493150684931506,0.03813537234815083
controlled,PCA_Recon,5,False,1,0.3534246575342465,,0.9923076923076924,,0.215,,0.0002444987775061,,0.785,,0.0083333333333333,,129.0,,1.0,,4089.0,,471.0,,1.0,,9.0,,12.0,,3.0,,3.1333333333333333,,3.24,,0.0,,0.0,,0.0,,0.0,,0.9347826086956522,,0.000881057268722467,,0.11643835616438356,
controlled,AE_Recon,5,True,3,0.32514764647779765,0.002105578595025542,0.9777524863426251,0.004589678089361486,0.19499999999999998,0.0016666666666666496,0.0006519967400162666,0.0001411614350096813,0.805,0.0016666666666666496,0.013888888888888834,0.004811252243246863,117.0,1.0,2.6666666666666665,0.5773502691896258,4087.3333333333335,0.5773502691896258,483.0,1.0,1.6666666666666667,0.5773502691896257,8.0,0.0,13.0,0.0,3.0,0.0,3.1625,0.0,3.3899999999999992,5.438959822042073e-16,0.0,0.0,0.0,0.0,0.0,0.0,0.0,0.0,0.8807940859981073,0.00272396934519088,0.0023494860499265785,0.0005086786512683927,0.19863013698630136,0.00684931506849315
controlled,Mahalanobis,5,False,1,0.3914209115281501,,1.0,,0.2433333333333333,,0.0,,0.7566666666666667,,0.0,,146.0,,0.0,,4090.0,,454.0,,0.0,,10.0,,11.0,,3.0,,3.0,,3.0,,0.0,,0.0,,0.0,,0.0,,1.0,,0.0,,0.0,
controlled,kNN20,5,False,1,0.2352941176470588,,1.0,,0.1333333333333333,,0.0,,0.8666666666666667,,0.0,,80.0,,0.0,,4090.0,,520.0,,0.0,,6.0,,15.0,,3.15,,3.4499999999999997,,4.199999999999999,,0.0,,0.0,,0.0,,0.0,,0.7079646017699115,,0.0,,0.4520547945205479,
controlled,GMM,5,True,3,0.3914209115281501,0.0,1.0,0.0,0.2433333333333333,0.0,0.0,0.0,0.7566666666666667,0.0,0.0,0.0,146.0,0.0,0.0,0.0,4090.0,0.0,454.0,0.0,0.0,0.0,10.0,0.0,11.0,0.0,3.0,0.0,3.0,0.0,3.0,0.0,0.0,0.0,0.0,0.0,0.0,0.0,0.0,0.0,1.0,0.0,0.0,0.0,0.0,0.0
controlled,KDE,5,False,1,0.3240223463687151,,1.0,,0.1933333333333333,,0.0,,0.8066666666666666,,0.0,,116.0,,0.0,,4090.0,,484.0,,0.0,,8.0,,13.0,,3.0,,3.1875,,3.46,,0.0,,0.0,,0.0,,0.0,,0.8854961832061069,,0.0,,0.2054794520547945,
controlled,LOF20,5,False,1,0.3844086021505376,,0.9930555555555556,,0.2383333333333333,,0.0002444987775061,,0.7616666666666667,,0.0083333333333333,,143.0,,1.0,,4089.0,,457.0,,1.0,,10.0,,11.0,,3.0,,3.0,,3.0,,0.0,,0.0,,0.0,,0.0,,0.9862068965517241,,0.000881057268722467,,0.02054794520547945,
controlled,IsolationForest,5,True,3,0.17342526008846712,0.002784076282829583,0.9942528735632185,0.009954314986027987,0.09499999999999997,0.0016666666666666496,8.149959250203333e-05,0.00014116143500968122,0.9049999999999999,0.0016666666666667052,0.0027777777777777666,0.004811252243246863,57.0,1.0,0.3333333333333333,0.5773502691896258,4089.6666666666665,0.5773502691896258,543.0,1.0,0.3333333333333333,0.5773502691896258,5.0,0.0,16.0,0.0,3.4,0.0,3.726666666666667,0.011547005383792781,4.473333333333334,0.023094010767585053,0.0,0.0,0.0,0.0,0.0,0.0,0.0,0.0,0.5606354753122371,0.007257671491465558,0.0002936857562408223,0.0005086786512683928,0.6095890410958904,0.006849315068493178
controlled,OCSVM,5,False,1,0.2404692082111437,,1.0,,0.1366666666666666,,0.0,,0.8633333333333333,,0.0,,82.0,,0.0,,4090.0,,518.0,,0.0,,7.0,,14.0,,3.0,,3.3857142857142857,,4.18,,0.0,,0.0,,0.0,,0.0,,0.7192982456140351,,0.0,,0.4383561643835616,
controlled,RobustMAD,5,False,1,0.1842900302114803,,0.9838709677419356,,0.1016666666666666,,0.0002444987775061,,0.8983333333333333,,0.0083333333333333,,61.0,,1.0,,4089.0,,539.0,,1.0,,5.0,,16.0,,3.3,,3.56,,4.22,,0.0,,0.0,,0.0,,0.0,,0.5865384615384616,,0.000881057268722467,,0.5821917808219178,
controlled,Persistence,8,False,1,0.1191222570532915,,1.0,,0.0633333333333333,,0.0,,0.9366666666666666,,0.0,,38.0,,0.0,,4090.0,,562.0,,0.0,,5.0,,16.0,,3.4,,3.5799999999999996,,4.22,,0.0,,0.0,,0.0,,0.0,,0.41304347826086957,,0.0,,0.7397260273972602,
controlled,VAR_Ridge,8,False,1,0.3795423956931359,,0.986013986013986,,0.235,,0.0004889975550122,,0.765,,0.0166666666666666,,141.0,,2.0,,4088.0,,459.0,,2.0,,10.0,,11.0,,3.0,,3.0,,3.0,,0.0,,0.0,,0.0,,0.0,,0.9757785467128027,,0.001762114537444934,,0.03424657534246575,
controlled,MLP32,8,True,3,0.3781318396945173,0.005107227422819108,0.976819030267306,0.008130710812412088,0.23444444444444443,0.0034694433324435727,0.0008149959250203332,0.0002823228700193625,0.7655555555555557,0.003469443332443528,0.0194444444444444,0.00481125224324692,140.66666666666666,2.081665999466133,3.3333333333333335,1.1547005383792515,4086.6666666666665,1.1547005383792517,459.3333333333333,2.0816659994661326,2.3333333333333335,0.5773502691896258,10.0,0.0,11.0,0.0,3.0,0.0,3.0066666666666664,0.005773502691896135,3.0066666666666664,0.005773502691896135,0.0,0.0,0.0,0.0,0.0,0.0,0.0,0.0,0.9700909423526979,0.011166210385215829,0.002936857562408223,0.0010173573025367855,0.0365296803652968,0.014257986297713238
controlled,AR,8,False,1,0.3383768913342503,,0.968503937007874,,0.205,,0.0009779951100244,,0.795,,0.025,,123.0,,4.0,,4086.0,,477.0,,3.0,,9.0,,12.0,,3.0,,3.011111111111111,,3.02,,0.0,,0.0,,0.0,,0.0,,0.9010989010989011,,0.003524229074889868,,0.15753424657534246,
controlled,AR_Relation,8,False,1,0.3497267759562841,,0.9696969696969696,,0.2133333333333333,,0.0009779951100244,,0.7866666666666666,,0.025,,128.0,,4.0,,4086.0,,472.0,,3.0,,10.0,,11.0,,3.0,,3.01,,3.01,,0.0,,0.0,,0.0,,0.0,,0.920863309352518,,0.003524229074889868,,0.1232876712328767,
controlled,LSTM32,8,True,3,0.3594990638961715,0.003988966724693059,0.9827487932575133,0.00833068163941859,0.21999999999999997,0.003333333333333355,0.0005704971475142332,0.00028232287001936254,0.7799999999999999,0.003333333333333355,0.013888888888888834,0.004811252243246863,132.0,2.0,2.3333333333333335,1.1547005383792515,4087.6666666666665,1.1547005383792517,468.0,2.0,1.6666666666666667,0.5773502691896257,10.0,0.0,11.0,0.0,3.0,0.0,3.033333333333333,0.005773502691896391,3.0566666666666666,0.0461880215351701,0.0,0.0,0.0,0.0,0.0,0.0,0.0,0.0,0.9417088015450972,0.004600038386891488,0.0020558002936857563,0.0010173573025367853,0.0958904109589041,0.0136986301369863
controlled,GRU32,8,True,3,0.36099571092505234,0.002725754273739087,0.9827155074301693,0.004277607350010011,0.22111111111111112,0.001924500897298733,0.0005704971475142332,0.0001411614350096813,0.778888888888889,0.001924500897298797,0.0166666666666666,0.0,132.66666666666666,1.1547005383792515,2.3333333333333335,0.5773502691896258,4087.6666666666665,0.5773502691896258,467.3333333333333,1.1547005383792517,2.0,0.0,10.0,0.0,11.0,0.0,3.0,0.0,3.033333333333333,0.005773502691896391,3.06,0.05196152422706649,0.0,0.0,0.0,0.0,0.0,0.0,0.0,0.0,0.9442378440485505,0.005556593801811913,0.0020558002936857563,0.0005086786512683927,0.091324200913242,0.007908907797118161
controlled,PCA_Recon,8,False,1,0.3574351978171896,,0.9849624060150376,,0.2183333333333333,,0.0004889975550122,,0.7816666666666666,,0.0083333333333333,,131.0,,2.0,,4088.0,,469.0,,1.0,,9.0,,12.0,,3.0,,3.0444444444444443,,3.08,,0.0,,0.0,,0.0,,0.0,,0.9390681003584229,,0.001762114537444934,,0.10273972602739725,
controlled,AE_Recon,8,True,3,0.3433034863783578,0.0013199091694180867,1.0,0.0,0.20722222222222217,0.0009622504486493825,0.0,0.0,0.7927777777777778,0.0009622504486493986,0.0,0.0,124.33333333333333,0.5773502691896257,0.0,0.0,4090.0,0.0,475.6666666666667,0.5773502691896258,0.0,0.0,9.0,0.0,12.0,0.0,3.0,0.0,3.0444444444444443,0.0,3.08,0.0,0.0,0.0,0.0,0.0,0.0,0.0,0.0,0.0,0.919848754043096,0.0023040355146012456,0.0,0.0,0.14840182648401826,0.003954453898559081
controlled,Mahalanobis,8,False,1,0.3914209115281501,,1.0,,0.2433333333333333,,0.0,,0.7566666666666667,,0.0,,146.0,,0.0,,4090.0,,454.0,,0.0,,10.0,,11.0,,3.0,,3.0,,3.0,,0.0,,0.0,,0.0,,0.0,,1.0,,0.0,,0.0,
controlled,kNN20,8,False,1,0.2558139534883721,,1.0,,0.1466666666666666,,0.0,,0.8533333333333334,,0.0,,88.0,,0.0,,4090.0,,512.0,,0.0,,9.0,,12.0,,3.1,,3.3333333333333335,,4.14,,0.0,,0.0,,0.0,,0.0,,0.7521367521367521,,0.0,,0.3972602739726027,
controlled,GMM,8,True,3,0.3914209115281501,0.0,1.0,0.0,0.2433333333333333,0.0,0.0,0.0,0.7566666666666667,0.0,0.0,0.0,146.0,0.0,0.0,0.0,4090.0,0.0,454.0,0.0,0.0,0.0,10.0,0.0,11.0,0.0,3.0,0.0,3.0,0.0,3.0,0.0,0.0,0.0,0.0,0.0,0.0,0.0,0.0,0.0,1.0,0.0,0.0,0.0,0.0,0.0
controlled,KDE,8,False,1,0.3169705469845722,,1.0,,0.1883333333333333,,0.0,,0.8116666666666666,,0.0,,113.0,,0.0,,4090.0,,487.0,,0.0,,9.0,,12.0,,3.0,,3.033333333333333,,3.06,,0.0,,0.0,,0.0,,0.0,,0.8725868725868726,,0.0,,0.22602739726027396,
controlled,LOF20,8,False,1,0.3914209115281501,,1.0,,0.2433333333333333,,0.0,,0.7566666666666667,,0.0,,146.0,,0.0,,4090.0,,454.0,,0.0,,10.0,,11.0,,3.0,,3.0,,3.0,,0.0,,0.0,,0.0,,0.0,,1.0,,0.0,,0.0,
controlled,IsolationForest,8,True,3,0.16513475473339745,0.0028056076303143687,1.0,0.0,0.08999999999999997,0.0016666666666666496,0.0,0.0,0.91,0.0016666666666667052,0.0,0.0,54.0,1.0,0.0,0.0,4090.0,0.0,546.0,1.0,0.0,0.0,5.666666666666667,0.5773502691896258,15.333333333333334,0.5773502691896257,3.483333333333333,0.028867513459481187,3.728888888888889,0.07890453678924862,4.57,0.02645751311064551,0.0,0.0,0.0,0.0,0.0,0.0,0.0,0.0,0.539975666058318,0.007300212921926336,0.0,0.0,0.6301369863013698,0.0068493150684931225
controlled,OCSVM,8,False,1,0.2507288629737609,,1.0,,0.1433333333333333,,0.0,,0.8566666666666667,,0.0,,86.0,,0.0,,4090.0,,514.0,,0.0,,9.0,,12.0,,3.0,,3.322222222222222,,4.14,,0.0,,0.0,,0.0,,0.0,,0.7413793103448276,,0.0,,0.410958904109589,
controlled,RobustMAD,8,False,1,0.1842900302114803,,0.9838709677419356,,0.1016666666666666,,0.0002444987775061,,0.8983333333333333,,0.0083333333333333,,61.0,,1.0,,4089.0,,539.0,,1.0,,5.0,,16.0,,3.3,,3.56,,4.22,,0.0,,0.0,,0.0,,0.0,,0.5865384615384616,,0.000881057268722467,,0.5821917808219178,
controlled,Persistence,10,False,1,0.1191222570532915,,1.0,,0.0633333333333333,,0.0,,0.9366666666666666,,0.0,,38.0,,0.0,,4090.0,,562.0,,0.0,,5.0,,16.0,,3.4,,3.5799999999999996,,4.22,,0.0,,0.0,,0.0,,0.0,,0.41304347826086957,,0.0,,0.7397260273972602,
controlled,VAR_Ridge,10,False,1,0.3791722296395193,,0.953020134228188,,0.2366666666666666,,0.0017114914425427,,0.7633333333333333,,0.0333333333333333,,142.0,,7.0,,4083.0,,458.0,,4.0,,10.0,,11.0,,3.0,,3.0,,3.0,,0.0,,0.0,,0.0,,0.0,,0.9627118644067797,,0.006167400881057269,,0.0273972602739726,
controlled,MLP32,10,True,3,0.3834148238825772,0.0014192245097543956,0.9706594349451493,0.003849038241431521,0.23888888888888885,0.0009622504486493824,0.0010594947025264333,0.00014116143500968124,0.7611111111111111,0.0009622504486493984,0.0333333333333333,0.0083333333333333,143.33333333333334,0.5773502691896258,4.333333333333333,0.5773502691896258,4085.6666666666665,0.5773502691896258,456.6666666666667,0.5773502691896258,4.0,1.0,10.0,0.0,11.0,0.0,3.0,0.0,3.0033333333333334,0.005773502691896135,3.0033333333333334,0.005773502691896135,0.0,0.0,0.0,0.0,0.0,0.0,0.0,0.0,0.9761633891326724,0.0034016840943659455,0.0038179148311306907,0.0005086786512683929,0.0182648401826484,0.003954453898559081
controlled,AR,10,False,1,0.3152022315202231,,0.9658119658119658,,0.1883333333333333,,0.0009779951100244,,0.8116666666666666,,0.0333333333333333,,113.0,,4.0,,4086.0,,487.0,,4.0,,10.0,,11.0,,3.0,,3.06,,3.3,,0.0,,0.0,,0.0,,0.0,,0.8593155893536122,,0.003524229074889868,,0.22602739726027396,
controlled,AR_Relation,10,False,1,0.3185595567867036,,0.9426229508196722,,0.1916666666666666,,0.0017114914425427,,0.8083333333333333,,0.0333333333333333,,115.0,,7.0,,4083.0,,485.0,,4.0,,10.0,,11.0,,3.0,,3.04,,3.12,,0.0,,0.0,,0.0,,0.0,,0.8582089552238806,,0.006167400881057269,,0.21232876712328766,
controlled,LSTM32,10,True,3,0.3736002165175387,0.015224923324306057,0.9860392307200817,0.014189684674846726,0.2305555555555555,0.011824331474329292,0.0004889975550122,0.0004889975550122,0.7694444444444445,0.011824331474329297,0.013888888888888867,0.012729376930432882,138.33333333333334,7.094598884597588,2.0,2.0,4088.0,2.0,461.6666666666667,7.094598884597588,1.6666666666666667,1.5275252316519468,10.0,0.0,11.0,0.0,3.0,0.0,3.01,0.017320508075688662,3.0366666666666666,0.06350852961085876,0.0,0.0,0.0,0.0,0.0,0.0,0.0,0.0,0.965847133144654,0.023820846480587687,0.0017621145374449338,0.001762114537444934,0.05251141552511415,0.04859314304518895
controlled,GRU32,10,True,3,0.3795247832997843,0.006543021908435675,0.9860098805304286,0.0002935636058306881,0.235,0.0049999999999999906,0.0004889975550122,0.0,0.765,0.0050000000000000044,0.0166666666666666,0.0,141.0,3.0,2.0,0.0,4088.0,0.0,459.0,3.0,2.0,0.0,10.0,0.0,11.0,0.0,3.0,0.0,3.016666666666666,0.011547005383792526,3.016666666666666,0.011547005383792526,0.0,0.0,0.0,0.0,0.0,0.0,0.0,0.0,0.9757049605369271,0.01063339337989396,0.0017621145374449338,2.655742100606481e-19,0.03424657534246575,0.02054794520547945
controlled,PCA_Recon,10,False,1,0.3860589812332439,,0.9863013698630136,,0.24,,0.0004889975550122,,0.76,,0.0083333333333333,,144.0,,2.0,,4088.0,,456.0,,1.0,,9.0,,12.0,,3.0,,3.0,,3.0,,0.0,,0.0,,0.0,,0.0,,0.9863013698630136,,0.001762114537444934,,0.0136986301369863,
controlled,AE_Recon,10,True,3,0.3887399463806969,6.798699777552591e-17,0.9931506849315067,1.3597399555105182e-16,0.2416666666666666,0.0,0.0002444987775061,0.0,0.7583333333333333,0.0,0.0083333333333333,0.0,145.0,0.0,1.0,0.0,4089.0,0.0,455.0,0.0,1.0,0.0,10.0,0.0,11.0,0.0,3.0,0.0,3.0,0.0,3.0,0.0,0.0,0.0,0.0,0.0,0.0,0.0,0.0,0.0,0.9931506849315067,1.3597399555105182e-16,0.0008810572687224669,1.3278710503032405e-19,0.00684931506849315,0.0
controlled,Mahalanobis,10,False,1,0.3914209115281501,,1.0,,0.2433333333333333,,0.0,,0.7566666666666667,,0.0,,146.0,,0.0,,4090.0,,454.0,,0.0,,10.0,,11.0,,3.0,,3.0,,3.0,,0.0,,0.0,,0.0,,0.0,,1.0,,0.0,,0.0,
controlled,kNN20,10,False,1,0.3026874115983027,,1.0,,0.1783333333333333,,0.0,,0.8216666666666667,,0.0,,107.0,,0.0,,4090.0,,493.0,,0.0,,9.0,,12.0,,3.0,,3.1666666666666665,,3.4200000000000004,,0.0,,0.0,,0.0,,0.0,,0.8458498023715415,,0.0,,0.2671232876712329,
controlled,GMM,10,True,3,0.39107158452098534,0.0003025260624327034,0.9954648526077098,0.003927552851630112,0.2433333333333333,0.0,0.00016299918500406666,0.00014116143500968124,0.7566666666666667,0.0,0.005555555555555533,0.004811252243246862,146.0,0.0,0.6666666666666666,0.5773502691896258,4089.3333333333335,0.5773502691896258,454.0,0.0,0.6666666666666666,0.5773502691896258,10.0,0.0,11.0,0.0,3.0,0.0,3.0,0.0,3.0,0.0,0.0,0.0,0.0,0.0,0.0,0.0,0.0,0.0,0.9977246871444824,0.001970478734435612,0.0005873715124816446,0.0005086786512683928,0.0,0.0
controlled,KDE,10,False,1,0.2950354609929078,,0.9904761904761904,,0.1733333333333333,,0.0002444987775061,,0.8266666666666667,,0.0083333333333333,,104.0,,1.0,,4089.0,,496.0,,1.0,,9.0,,12.0,,3.0,,3.033333333333333,,3.1,,0.0,,0.0,,0.0,,0.0,,0.8286852589641435,,0.000881057268722467,,0.2876712328767123,
controlled,LOF20,10,False,1,0.3908969210174029,,0.9931972789115646,,0.2433333333333333,,0.0002444987775061,,0.7566666666666667,,0.0083333333333333,,146.0,,1.0,,4089.0,,454.0,,1.0,,10.0,,11.0,,3.0,,3.0,,3.0,,0.0,,0.0,,0.0,,0.0,,0.9965870307167235,,0.000881057268722467,,0.0,
controlled,IsolationForest,10,True,3,0.15762441925117557,0.0016322701342615098,1.0,0.0,0.08555555555555554,0.0009622504486493344,0.0,0.0,0.9144444444444444,0.0009622504486494626,0.0,0.0,51.333333333333336,0.5773502691896258,0.0,0.0,4090.0,0.0,548.6666666666666,0.5773502691896257,0.0,0.0,6.0,0.0,15.0,0.0,3.6,0.0,3.766666666666667,0.016666666666666607,4.7,0.04999999999999982,0.0,0.0,0.0,0.0,0.0,0.0,0.0,0.0,0.5202618400587944,0.004322060160061835,0.0,0.0,0.6484018264840183,0.003954453898559096
controlled,OCSVM,10,False,1,0.2733812949640288,,1.0,,0.1583333333333333,,0.0,,0.8416666666666667,,0.0,,95.0,,0.0,,4090.0,,505.0,,0.0,,9.0,,12.0,,3.0,,3.2888888888888888,,4.14,,0.0,,0.0,,0.0,,0.0,,0.7883817427385892,,0.0,,0.3493150684931507,
controlled,RobustMAD,10,False,1,0.1842900302114803,,0.9838709677419356,,0.1016666666666666,,0.0002444987775061,,0.8983333333333333,,0.0083333333333333,,61.0,,1.0,,4089.0,,539.0,,1.0,,5.0,,16.0,,3.3,,3.56,,4.22,,0.0,,0.0,,0.0,,0.0,,0.5865384615384616,,0.000881057268722467,,0.5821917808219178,
controlled,Persistence,15,False,1,0.1191222570532915,,1.0,,0.0633333333333333,,0.0,,0.9366666666666666,,0.0,,38.0,,0.0,,4090.0,,562.0,,0.0,,5.0,,16.0,,3.4,,3.5799999999999996,,4.22,,0.0,,0.0,,0.0,,0.0,,0.41304347826086957,,0.0,,0.7397260273972602,
controlled,VAR_Ridge,15,False,1,0.3809523809523809,,0.9230769230769232,,0.24,,0.0029339853300733,,0.76,,0.075,,144.0,,12.0,,4078.0,,456.0,,9.0,,10.0,,11.0,,3.0,,3.0,,3.0,,0.0,,0.0,,0.0,,0.0,,0.9536423841059603,,0.010572687224669603,,0.0136986301369863,
controlled,MLP32,15,True,3,0.3867430729689822,0.0043760809395050225,0.9954337899543378,0.007908907797118192,0.23999999999999996,0.003333333333333341,0.00016299918500406666,0.00028232287001936243,0.7600000000000001,0.0033333333333332993,0.005555555555555533,0.009622504486493726,144.0,2.0,0.6666666666666666,1.1547005383792517,4089.3333333333335,1.1547005383792517,456.0,2.0,0.6666666666666666,1.1547005383792517,10.0,0.0,11.0,0.0,3.0,0.0,3.0,0.0,3.0,0.0,0.0,0.0,0.0,0.0,0.0,0.0,0.0,0.0,0.9908041603247083,0.007964398916328904,0.0005873715124816446,0.0010173573025367855,0.0136986301369863,0.0136986301369863
controlled,AR,15,False,1,0.3658536585365853,,0.9782608695652174,,0.225,,0.0007334963325183,,0.775,,0.0166666666666666,,135.0,,3.0,,4087.0,,465.0,,2.0,,10.0,,11.0,,3.0,,3.0,,3.0,,0.0,,0.0,,0.0,,0.0,,0.9507042253521126,,0.0026431718061674008,,0.07534246575342465,
controlled,AR_Relation,15,False,1,0.3687752355316285,,0.958041958041958,,0.2283333333333333,,0.0014669926650366,,0.7716666666666666,,0.0333333333333333,,137.0,,6.0,,4084.0,,463.0,,4.0,,10.0,,11.0,,3.0,,3.0,,3.0,,0.0,,0.0,,0.0,,0.0,,0.9480968858131488,,0.0052863436123348016,,0.06164383561643835,
controlled,LSTM32,15,True,3,0.3730213434911422,0.005478121347596419,0.9765188834154351,0.00797867363760684,0.2305555555555555,0.004194352464039329,0.0008149959250203332,0.0002823228700193625,0.7694444444444445,0.0041943524640392915,0.024999999999999967,0.008333333333333349,138.33333333333334,2.5166114784235836,3.3333333333333335,1.1547005383792515,4086.6666666666665,1.1547005383792517,461.6666666666667,2.516611478423583,3.0,1.0,10.0,0.0,11.0,0.0,3.0,0.0,3.01,0.0,3.01,0.0,0.0,0.0,0.0,0.0,0.0,0.0,0.0,0.0,0.9617186936774565,0.009458187014659777,0.002936857562408223,0.0010173573025367855,0.05251141552511415,0.017237064920709474
controlled,GRU32,15,True,3,0.3823834985198736,0.008127013951134857,0.995271629778672,0.004095197673450248,0.2366666666666666,0.00600925212577332,0.00016299918500406666,0.00014116143500968124,0.7633333333333333,0.006009252125773285,0.005555555555555533,0.004811252243246863,142.0,3.605551275463989,0.6666666666666666,0.5773502691896258,4089.3333333333335,0.5773502691896258,458.0,3.605551275463989,0.6666666666666666,0.5773502691896258,10.0,0.0,11.0,0.0,3.0,0.0,3.0066666666666664,0.011547005383792526,3.0066666666666664,0.011547005383792526,0.0,0.0,0.0,0.0,0.0,0.0,0.0,0.0,0.9837315462315462,0.014534000870316846,0.0005873715124816446,0.0005086786512683928,0.0273972602739726,0.024695556681260198
controlled,PCA_Recon,15,False,1,0.3914209115281501,,1.0,,0.2433333333333333,,0.0,,0.7566666666666667,,0.0,,146.0,,0.0,,4090.0,,454.0,,0.0,,10.0,,11.0,,3.0,,3.0,,3.0,,0.0,,0.0,,0.0,,0.0,,1.0,,0.0,,0.0,
controlled,AE_Recon,15,True,3,0.3903743315508021,0.0,0.9864864864864864,0.0,0.2433333333333333,0.0,0.0004889975550122,0.0,0.7566666666666667,0.0,0.0083333333333333,0.0,146.0,0.0,2.0,0.0,4088.0,0.0,454.0,0.0,1.0,0.0,10.0,0.0,11.0,0.0,3.0,0.0,3.0,0.0,3.0,0.0,0.0,0.0,0.0,0.0,0.0,0.0,0.0,0.0,0.9931972789115647,1.3597399555105182e-16,0.0017621145374449338,2.655742100606481e-19,0.0,0.0
controlled,Mahalanobis,15,False,1,0.3914209115281501,,1.0,,0.2433333333333333,,0.0,,0.7566666666666667,,0.0,,146.0,,0.0,,4090.0,,454.0,,0.0,,10.0,,11.0,,3.0,,3.0,,3.0,,0.0,,0.0,,0.0,,0.0,,1.0,,0.0,,0.0,
controlled,kNN20,15,False,1,0.3695652173913043,,1.0,,0.2266666666666666,,0.0,,0.7733333333333333,,0.0,,136.0,,0.0,,4090.0,,464.0,,0.0,,9.0,,12.0,,3.0,,3.022222222222222,,3.04,,0.0,,0.0,,0.0,,0.0,,0.9645390070921985,,0.0,,0.0684931506849315,
controlled,GMM,15,True,3,0.3900296541645247,0.0013119356282612477,0.9822510630102079,0.01668466347247091,0.2433333333333333,0.0,0.0006519967400162666,0.000615308429932385,0.7566666666666667,0.0,0.005555555555555533,0.004811252243246863,146.0,0.0,2.6666666666666665,2.5166114784235836,4087.3333333333335,2.516611478423583,454.0,0.0,0.6666666666666666,0.5773502691896258,10.0,0.0,11.0,0.0,3.0,0.0,3.0,0.0,3.0,0.0,0.0,0.0,0.0,0.0,0.0,0.0,0.0,0.0,0.9909984972131864,0.008478065594754823,0.0023494860499265785,0.0022172788356154918,0.0,0.0
controlled,KDE,15,False,1,0.2978723404255319,,1.0,,0.175,,0.0,,0.825,,0.0,,105.0,,0.0,,4090.0,,495.0,,0.0,,10.0,,11.0,,3.0,,3.0599999999999996,,3.21,,0.0,,0.0,,0.0,,0.0,,0.8366533864541833,,0.0,,0.2808219178082192,
controlled,LOF20,15,False,1,0.3882978723404255,,0.9605263157894736,,0.2433333333333333,,0.0014669926650366,,0.7566666666666667,,0.0083333333333333,,146.0,,6.0,,4084.0,,454.0,,1.0,,10.0,,11.0,,3.0,,3.0,,3.0,,0.0,,0.0,,0.0,,0.0,,0.9798657718120806,,0.0052863436123348016,,0.0,
controlled,IsolationForest,15,True,3,0.16884423436137688,0.008549020681031298,1.0,0.0,0.09222222222222216,0.005091750772173156,0.0,0.0,0.9077777777777777,0.005091750772173153,0.0,0.0,55.333333333333336,3.0550504633038935,0.0,0.0,4090.0,0.0,544.6666666666666,3.055050463303893,0.0,0.0,6.666666666666667,0.5773502691896258,14.333333333333334,0.5773502691896257,3.5500000000000003,0.1802775637731995,3.7396825396825393,0.08141789589353748,4.7700000000000005,0.017320508075688915,0.0,0.0,0.0,0.0,0.0,0.0,0.0,0.0,0.5494451405924906,0.022117265026648247,0.0,0.0,0.6210045662100457,0.02092500317331436
controlled,OCSVM,15,False,1,0.3026874115983027,,1.0,,0.1783333333333333,,0.0,,0.8216666666666667,,0.0,,107.0,,0.0,,4090.0,,493.0,,0.0,,9.0,,12.0,,3.0,,3.2888888888888888,,4.14,,0.0,,0.0,,0.0,,0.0,,0.8458498023715415,,0.0,,0.2671232876712329,
controlled,RobustMAD,15,False,1,0.1842900302114803,,0.9838709677419356,,0.1016666666666666,,0.0002444987775061,,0.8983333333333333,,0.0083333333333333,,61.0,,1.0,,4089.0,,539.0,,1.0,,5.0,,16.0,,3.3,,3.56,,4.22,,0.0,,0.0,,0.0,,0.0,,0.5865384615384616,,0.000881057268722467,,0.5821917808219178,
controlled,Persistence,20,False,1,0.1191222570532915,,1.0,,0.0633333333333333,,0.0,,0.9366666666666666,,0.0,,38.0,,0.0,,4090.0,,562.0,,0.0,,5.0,,16.0,,3.4,,3.5799999999999996,,4.22,,0.0,,0.0,,0.0,,0.0,,0.41304347826086957,,0.0,,0.7397260273972602,
controlled,VAR_Ridge,20,False,1,0.3824701195219123,,0.9411764705882352,,0.24,,0.002200488997555,,0.76,,0.0666666666666666,,144.0,,9.0,,4081.0,,456.0,,8.0,,10.0,,11.0,,3.0,,3.01,,3.01,,0.0,,0.0,,0.0,,0.0,,0.9632107023411371,,0.007929515418502203,,0.0136986301369863,
controlled,MLP32,20,True,3,0.3848904291758686,0.0025115024180458853,0.9626675721145767,0.02379618114307913,0.24055555555555552,0.001924500897298733,0.0013854930725345999,0.0009256574320782942,0.7594444444444445,0.0019245008972987971,0.0333333333333333,0.022047927592204926,144.33333333333334,1.1547005383792515,5.666666666666667,3.7859388972001824,4084.3333333333335,3.7859388972001824,455.6666666666667,1.1547005383792517,4.0,2.6457513110645907,10.0,0.0,11.0,0.0,3.0,0.0,3.0033333333333334,0.005773502691896135,3.0033333333333334,0.005773502691896135,0.0,0.0,0.0,0.0,0.0,0.0,0.0,0.0,0.9753196407806183,0.01149006893542877,0.00499265785609398,0.003335628984317342,0.01141552511415525,0.007908907797118161
controlled,AR,20,False,1,0.3903743315508021,,0.9864864864864864,,0.2433333333333333,,0.0004889975550122,,0.7566666666666667,,0.0166666666666666,,146.0,,2.0,,4088.0,,454.0,,2.0,,10.0,,11.0,,3.0,,3.0,,3.0,,0.0,,0.0,,0.0,,0.0,,0.9931972789115646,,0.001762114537444934,,0.0,
controlled,AR_Relation,20,False,1,0.3903743315508021,,0.9864864864864864,,0.2433333333333333,,0.0004889975550122,,0.7566666666666667,,0.0166666666666666,,146.0,,2.0,,4088.0,,454.0,,2.0,,10.0,,11.0,,3.0,,3.0,,3.0,,0.0,,0.0,,0.0,,0.0,,0.9931972789115646,,0.001762114537444934,,0.0,
controlled,LSTM32,20,True,3,0.3663063594450491,0.009172985382274974,0.9855624557378944,0.0067380380857049674,0.22499999999999998,0.007264831572567791,0.0004889975550122,0.00024449877750610003,0.775,0.007264831572567766,0.016666666666666635,0.00833333333333335,135.0,4.358898943540674,2.0,1.0,4088.0,1.0,465.0,4.358898943540674,2.0,1.0,10.0,0.0,11.0,0.0,3.0,0.0,3.0233333333333334,0.0057735026918960064,3.0766666666666667,0.04932882862316244,0.0,0.0,0.0,0.0,0.0,0.0,0.0,0.0,0.953904635903175,0.01295152035193976,0.0017621145374449338,0.0008810572687224669,0.07534246575342465,0.02985547221603201
controlled,GRU32,20,True,3,0.38278624541353956,0.0037773676861428017,0.9907560304354864,0.010519083750029167,0.2372222222222222,0.0025458753860865854,0.0003259983700081333,0.0003734780517486232,0.7627777777777777,0.002545875386086576,0.0083333333333333,0.0083333333333333,142.33333333333334,1.5275252316519468,1.3333333333333333,1.5275252316519468,4088.6666666666665,1.5275252316519465,457.6666666666667,1.5275252316519465,1.0,1.0,10.0,0.0,11.0,0.0,3.0,0.0,3.0,0.0,3.0,0.0,0.0,0.0,0.0,0.0,0.0,0.0,0.0,0.0,0.9827383773748865,0.00911980139240937,0.0011747430249632893,0.0013458372085039178,0.02511415525114155,0.010462501586657168
controlled,PCA_Recon,20,False,1,0.3893333333333333,,0.9733333333333334,,0.2433333333333333,,0.0009779951100244,,0.7566666666666667,,0.0083333333333333,,146.0,,4.0,,4086.0,,454.0,,1.0,,10.0,,11.0,,3.0,,3.0,,3.0,,0.0,,0.0,,0.0,,0.0,,0.9864864864864865,,0.003524229074889868,,0.0,
controlled,AE_Recon,20,True,3,0.3908969210174029,0.0,0.9931972789115647,1.3597399555105182e-16,0.2433333333333333,0.0,0.0002444987775061,0.0,0.7566666666666667,0.0,0.0083333333333333,0.0,146.0,0.0,1.0,0.0,4089.0,0.0,454.0,0.0,1.0,0.0,10.0,0.0,11.0,0.0,3.0,0.0,3.0,0.0,3.0,0.0,0.0,0.0,0.0,0.0,0.0,0.0,0.0,0.0,0.9965870307167236,1.3597399555105182e-16,0.0008810572687224669,1.3278710503032405e-19,0.0,0.0
controlled,Mahalanobis,20,False,1,0.3898531375166889,,0.9798657718120806,,0.2433333333333333,,0.0007334963325183,,0.7566666666666667,,0.0083333333333333,,146.0,,3.0,,4087.0,,454.0,,1.0,,10.0,,11.0,,3.0,,3.0,,3.0,,0.0,,0.0,,0.0,,0.0,,0.9898305084745763,,0.0026431718061674008,,0.0,
controlled,kNN20,20,False,1,0.3892617449664429,,1.0,,0.2416666666666666,,0.0,,0.7583333333333333,,0.0,,145.0,,0.0,,4090.0,,455.0,,0.0,,9.0,,12.0,,3.0,,3.0,,3.0,,0.0,,0.0,,0.0,,0.0,,0.9965635738831615,,0.0,,0.00684931506849315,
controlled,GMM,20,True,3,0.3886498870922546,0.002084090869348881,0.9652096598405323,0.025385130576139923,0.2433333333333333,0.0,0.0013039934800325667,0.0009881300450678265,0.7566666666666667,0.0,0.0083333333333333,0.0,146.0,0.0,5.333333333333333,4.041451884327381,4084.6666666666665,4.041451884327381,454.0,0.0,1.0,0.0,10.0,0.0,11.0,0.0,3.0,0.0,3.0,0.0,3.0,0.0,0.0,0.0,0.0,0.0,0.0,0.0,0.0,0.0,0.9821828113892318,0.01324619991271293,0.004698972099853157,0.00356075055887875,0.0,0.0
controlled,KDE,20,False,1,0.3175487465181058,,0.9661016949152542,,0.19,,0.0009779951100244,,0.81,,0.0083333333333333,,114.0,,4.0,,4086.0,,486.0,,1.0,,9.0,,12.0,,3.0,,3.077777777777778,,3.22,,0.0,,0.0,,0.0,,0.0,,0.8636363636363636,,0.003524229074889868,,0.2191780821917808,
controlled,LOF20,20,False,1,0.3852242744063324,,0.9240506329113924,,0.2433333333333333,,0.0029339853300733,,0.7566666666666667,,0.0083333333333333,,146.0,,12.0,,4078.0,,454.0,,1.0,,10.0,,11.0,,3.0,,3.0,,3.0,,0.0,,0.0,,0.0,,0.0,,0.9605263157894737,,0.010572687224669603,,0.0,
controlled,IsolationForest,20,True,3,0.17351316078843426,0.002780044071417802,1.0,0.0,0.09499999999999997,0.0016666666666666496,0.0,0.0,0.9049999999999999,0.0016666666666667052,0.0,0.0,57.0,1.0,0.0,0.0,4090.0,0.0,543.0,1.0,0.0,0.0,6.666666666666667,0.5773502691896258,14.333333333333334,0.5773502691896257,3.1666666666666665,0.1527525231651946,3.5373015873015876,0.04234705260937814,4.39,0.05567764362829991,0.0,0.0,0.0,0.0,0.0,0.0,0.0,0.0,0.5615530837349165,0.007086031376659983,0.0,0.0,0.6095890410958904,0.006849315068493178
controlled,OCSVM,20,False,1,0.3310152990264255,,1.0,,0.1983333333333333,,0.0,,0.8016666666666666,,0.0,,119.0,,0.0,,4090.0,,481.0,,0.0,,9.0,,12.0,,3.0,,3.155555555555555,,3.4000000000000004,,0.0,,0.0,,0.0,,0.0,,0.8981132075471698,,0.0,,0.18493150684931506,
controlled,RobustMAD,20,False,1,0.1842900302114803,,0.9838709677419356,,0.1016666666666666,,0.0002444987775061,,0.8983333333333333,,0.0083333333333333,,61.0,,1.0,,4089.0,,539.0,,1.0,,5.0,,16.0,,3.3,,3.56,,4.22,,0.0,,0.0,,0.0,,0.0,,0.5865384615384616,,0.000881057268722467,,0.5821917808219178,
controlled,Persistence,30,False,1,0.1191222570532915,,1.0,,0.0633333333333333,,0.0,,0.9366666666666666,,0.0,,38.0,,0.0,,4090.0,,562.0,,0.0,,5.0,,16.0,,3.4,,3.5799999999999996,,4.22,,0.0,,0.0,,0.0,,0.0,,0.41304347826086957,,0.0,,0.7397260273972602,
controlled,VAR_Ridge,30,False,1,0.3852242744063324,,0.9240506329113924,,0.2433333333333333,,0.0029339853300733,,0.7566666666666667,,0.0833333333333333,,146.0,,12.0,,4078.0,,454.0,,10.0,,10.0,,11.0,,3.0,,3.0,,3.0,,0.0,,0.0,,0.0,,0.0,,0.9605263157894737,,0.010572687224669603,,0.0,
controlled,MLP32,30,True,3,0.37676775368642756,0.004475364610709673,0.9593448423115164,0.012406344352285617,0.23444444444444446,0.004194352464039291,0.0014669926650365999,0.0004889975550122,0.7655555555555557,0.0041943524640392915,0.0444444444444444,0.012729376930432893,140.66666666666666,2.5166114784235836,6.0,2.0,4084.0,2.0,459.3333333333333,2.516611478423583,5.333333333333333,1.5275252316519465,10.0,0.0,11.0,0.0,3.0,0.0,3.0033333333333334,0.005773502691896135,3.0033333333333334,0.005773502691896135,0.0,0.0,0.0,0.0,0.0,0.0,0.0,0.0,0.9612512113934185,0.0025395715111557254,0.005286343612334802,0.001762114537444934,0.0365296803652968,0.017237064920709474
controlled,AR,30,False,1,0.3903743315508021,,0.9864864864864864,,0.2433333333333333,,0.0004889975550122,,0.7566666666666667,,0.0166666666666666,,146.0,,2.0,,4088.0,,454.0,,2.0,,10.0,,11.0,,3.0,,3.0,,3.0,,0.0,,0.0,,0.0,,0.0,,0.9931972789115646,,0.001762114537444934,,0.0,
controlled,AR_Relation,30,False,1,0.3903743315508021,,0.9864864864864864,,0.2433333333333333,,0.0004889975550122,,0.7566666666666667,,0.0166666666666666,,146.0,,2.0,,4088.0,,454.0,,2.0,,10.0,,11.0,,3.0,,3.0,,3.0,,0.0,,0.0,,0.0,,0.0,,0.9931972789115646,,0.001762114537444934,,0.0,
controlled,LSTM32,30,True,3,0.3562150068609781,0.013112551637539724,0.9682308146733457,0.007056798027235369,0.2183333333333333,0.010137937550497059,0.0010594947025264333,0.00028232287001936243,0.7816666666666667,0.010137937550497038,0.027777777777777735,0.012729376930432882,131.0,6.082762530298219,4.333333333333333,1.1547005383792517,4085.6666666666665,1.1547005383792517,469.0,6.082762530298219,3.3333333333333335,1.5275252316519465,9.666666666666666,0.5773502691896257,11.333333333333334,0.5773502691896257,3.0,0.0,3.034074074074074,0.010264004785593413,3.1199999999999997,0.08000000000000007,0.0,0.0,0.0,0.0,0.0,0.0,0.0,0.0,0.9309439098912783,0.01958981751820398,0.0038179148311306907,0.0010173573025367858,0.10273972602739727,0.04166275705683712
controlled,GRU32,30,True,3,0.3791236719474786,0.006741491038434907,0.990990990990991,0.015604061329449314,0.23444444444444443,0.005853140973807087,0.0003259983700081333,0.0005646457400387249,0.7655555555555557,0.005853140973807043,0.0111111111111111,0.019245008972987504,140.66666666666666,3.5118845842842465,1.3333333333333333,2.3094010767585034,4088.6666666666665,2.309401076758503,459.3333333333333,3.5118845842842465,1.3333333333333333,2.3094010767585034,10.0,0.0,11.0,0.0,3.0,0.0,3.0,0.0,3.0,0.0,0.0,0.0,0.0,0.0,0.0,0.0,0.0,0.0,0.9767893712686315,0.007588819365204999,0.0011747430249632893,0.002034714605073571,0.0365296803652968,0.024054004001946887
controlled,PCA_Recon,30,False,1,0.3877822045152722,,0.954248366013072,,0.2433333333333333,,0.0017114914425427,,0.7566666666666667,,0.0083333333333333,,146.0,,7.0,,4083.0,,454.0,,1.0,,10.0,,11.0,,3.0,,3.0,,3.0,,0.0,,0.0,,0.0,,0.0,,0.9765886287625418,,0.006167400881057269,,0.0,
controlled,AE_Recon,30,True,3,0.3862433862433862,0.0,0.935897435897436,0.0,0.2433333333333333,0.0,0.0024449877750611,0.0,0.7566666666666667,0.0,0.0083333333333333,0.0,146.0,0.0,10.0,0.0,4080.0,0.0,454.0,0.0,1.0,0.0,10.0,0.0,11.0,0.0,3.0,0.0,3.0,0.0,3.0,0.0,0.0,0.0,0.0,0.0,0.0,0.0,0.0,0.0,0.9668874172185431,0.0,0.00881057268722467,0.0,0.0,0.0
controlled,Mahalanobis,30,False,1,0.3914209115281501,,1.0,,0.2433333333333333,,0.0,,0.7566666666666667,,0.0,,146.0,,0.0,,4090.0,,454.0,,0.0,,10.0,,11.0,,3.0,,3.0,,3.0,,0.0,,0.0,,0.0,,0.0,,1.0,,0.0,,0.0,
controlled,kNN20,30,False,1,0.3817204301075269,,0.9861111111111112,,0.2366666666666666,,0.0004889975550122,,0.7633333333333333,,0.0083333333333333,,142.0,,2.0,,4088.0,,458.0,,1.0,,9.0,,12.0,,3.0,,3.033333333333333,,3.06,,0.0,,0.0,,0.0,,0.0,,0.9793103448275862,,0.001762114537444934,,0.0273972602739726,
controlled,GMM,30,True,3,0.3914209115281501,0.0,1.0,0.0,0.2433333333333333,0.0,0.0,0.0,0.7566666666666667,0.0,0.0,0.0,146.0,0.0,0.0,0.0,4090.0,0.0,454.0,0.0,0.0,0.0,10.0,0.0,11.0,0.0,3.0,0.0,3.0,0.0,3.0,0.0,0.0,0.0,0.0,0.0,0.0,0.0,0.0,0.0,1.0,0.0,0.0,0.0,0.0,0.0
controlled,KDE,30,False,1,0.3626522327469553,,0.9640287769784172,,0.2233333333333333,,0.0012224938875305,,0.7766666666666666,,0.0083333333333333,,134.0,,5.0,,4085.0,,466.0,,1.0,,9.0,,12.0,,3.0,,3.0,,3.0,,0.0,,0.0,,0.0,,0.0,,0.9403508771929825,,0.004405286343612335,,0.0821917808219178,
controlled,LOF20,30,False,1,0.3842105263157894,,0.9125,,0.2433333333333333,,0.0034229828850855,,0.7566666666666667,,0.0083333333333333,,146.0,,14.0,,4076.0,,454.0,,1.0,,10.0,,11.0,,3.0,,3.0,,3.0,,0.0,,0.0,,0.0,,0.0,,0.954248366013072,,0.012334801762114538,,0.0,
controlled,IsolationForest,30,True,3,0.19435666933698878,0.018525877571605943,0.9950980392156863,0.00849044513514159,0.10777777777777774,0.01134476547592337,8.149959250203333e-05,0.00014116143500968122,0.8922222222222222,0.011344765475923441,0.0027777777777777666,0.004811252243246863,64.66666666666667,6.8068592855540455,0.3333333333333333,0.5773502691896258,4089.6666666666665,0.5773502691896258,535.3333333333334,6.8068592855540455,0.3333333333333333,0.5773502691896258,7.333333333333333,0.5773502691896258,13.666666666666666,0.5773502691896257,3.0,0.0,3.294642857142857,0.09588138399041955,3.9599999999999995,0.35383612025908256,0.0,0.0,0.0,0.0,0.0,0.0,0.0,0.0,0.6119642423756722,0.04499981869898495,0.0002936857562408223,0.0005086786512683928,0.5570776255707762,0.04662232387365785
controlled,OCSVM,30,False,1,0.354054054054054,,0.9357142857142856,,0.2183333333333333,,0.002200488997555,,0.7816666666666666,,0.0083333333333333,,131.0,,9.0,,4081.0,,469.0,,1.0,,9.0,,12.0,,3.0,,3.0444444444444443,,3.08,,0.0,,0.0,,0.0,,0.0,,0.916083916083916,,0.007929515418502203,,0.10273972602739725,
controlled,RobustMAD,30,False,1,0.1842900302114803,,0.9838709677419356,,0.1016666666666666,,0.0002444987775061,,0.8983333333333333,,0.0083333333333333,,61.0,,1.0,,4089.0,,539.0,,1.0,,5.0,,16.0,,3.3,,3.56,,4.22,,0.0,,0.0,,0.0,,0.0,,0.5865384615384616,,0.000881057268722467,,0.5821917808219178,
