model,window_size,first_possible_delay_s,timestamps,TP,FP,TN,FN,precision,recall,F1,false_alarm_rate,miss_rate,warmup_normal,warmup_fault,normal_clips,normal_alert_clips,normal_clip_alarm_rate,threshold,validation_mse,validation_common_mse,family,score_type,fit_seconds,selected_by_normal_validation,fault_clips,detected_clips,no_alert_clips,unscorable_clips,median_delay_s,mean_delay_s,p90_delay_s,detected_by_0.2s,detected_by_0.5s,detected_by_1s,detected_by_2s,common_F1,common_false_alarm_rate,common_miss_rate,early_0.2s,early_0.5s,early_1s,early_2s,mode,seed,stochastic
Persistence,1,0.1,4690,160,0,4090,440,1.0,0.2666666666666666,0.4210526315789473,0.0,0.7333333333333333,120,21,120,0,0.0,6.625083534046104,1.2278731692581248,1.2823984864212556,forecast,next-sample standardized MSE,1.250067725777626e-06,True,21,18,3,0,0.1,0.5166666666666667,1.4200000000000004,12,14,15,17,0.41304347826086957,0.0,0.7397260273972602,0.5714285714285714,0.6666666666666666,0.7142857142857143,0.8095238095238095,natural,,False
VAR_Ridge,1,0.1,4690,239,3,4087,361,0.987603305785124,0.3983333333333333,0.5676959619952494,0.0007334963325183,0.6016666666666667,120,21,120,2,0.0166666666666666,3.656244255896428,0.6339823737919714,0.6594795984700608,forecast,next-sample standardized MSE,0.0007527919951826,False,21,18,3,0,0.1,0.4944444444444444,1.4200000000000004,13,14,15,17,0.6066350710900474,0.000881057268722467,0.5616438356164384,0.6190476190476191,0.6666666666666666,0.7142857142857143,0.8095238095238095,natural,,False
MLP32,1,0.1,4690,233,5,4085,367,0.9789915966386554,0.3883333333333333,0.5560859188544153,0.0012224938875305,0.6116666666666667,120,21,120,3,0.025,3.426886200831785,0.6012905601617878,0.6217248501599854,forecast,next-sample standardized MSE,0.8138926250394434,False,21,18,3,0,0.1,0.4944444444444444,1.4200000000000004,13,14,15,17,0.5971563981042654,0.001762114537444934,0.5684931506849316,0.6190476190476191,0.6666666666666666,0.7142857142857143,0.8095238095238095,natural,0.0,True
AR,1,0.1,4690,200,2,4088,400,0.99009900990099,0.3333333333333333,0.4987531172069825,0.0004889975550122,0.6666666666666666,120,21,120,2,0.0166666666666666,4.15219239270654,0.7268223052308345,0.7716866996621187,forecast,next-sample standardized MSE,0.0011712920386344,False,21,17,4,0,0.1,0.5176470588235295,1.4600000000000002,12,13,14,16,0.5588235294117647,0.000881057268722467,0.6095890410958904,0.5714285714285714,0.6190476190476191,0.6666666666666666,0.7619047619047619,natural,,False
AR_Relation,1,0.1,4690,243,3,4087,357,0.9878048780487804,0.405,0.574468085106383,0.0007334963325183,0.595,120,21,120,2,0.0166666666666666,3.60456312432775,0.6288357067297046,0.6441151644940857,forecast,next-sample standardized MSE,0.0025783749297261,False,21,18,3,0,0.1,0.4944444444444444,1.4200000000000004,13,14,15,17,0.6,0.000881057268722467,0.5684931506849316,0.6190476190476191,0.6666666666666666,0.7142857142857143,0.8095238095238095,natural,,False
LSTM32,1,0.1,4690,238,4,4086,362,0.9834710743801652,0.3966666666666666,0.5653206650831354,0.0009779951100244,0.6033333333333334,120,21,120,3,0.025,3.480119049205927,0.5996477585933746,0.6152478332270329,forecast,next-sample standardized MSE,5.427439915947616,False,21,18,3,0,0.1,0.4944444444444444,1.4200000000000004,13,14,15,17,0.5971563981042654,0.001762114537444934,0.5684931506849316,0.6190476190476191,0.6666666666666666,0.7142857142857143,0.8095238095238095,natural,0.0,True
GRU32,1,0.1,4690,236,4,4086,364,0.9833333333333332,0.3933333333333333,0.5619047619047619,0.0009779951100244,0.6066666666666667,120,21,120,3,0.025,3.5202459691279255,0.6000079801417073,0.6148335115345002,forecast,next-sample standardized MSE,4.278566833003424,False,21,18,3,0,0.1,0.4277777777777778,1.4200000000000004,13,14,15,17,0.5971563981042654,0.001762114537444934,0.5684931506849316,0.6190476190476191,0.6666666666666666,0.7142857142857143,0.8095238095238095,natural,0.0,True
PCA_Recon,1,0.1,4690,200,7,4083,400,0.966183574879227,0.3333333333333333,0.4956629491945477,0.0017114914425427,0.6666666666666666,120,21,120,5,0.0416666666666666,0.4342606520956614,,,reconstruction,full observed-window PCA reconstruction MSE,0.7050698330858722,False,21,18,3,0,0.1,0.5055555555555556,1.4200000000000004,12,14,15,17,0.5326633165829145,0.0,0.636986301369863,0.5714285714285714,0.6666666666666666,0.7142857142857143,0.8095238095238095,natural,,False
AE_Recon,1,0.1,4690,267,4,4086,333,0.985239852398524,0.445,0.6130884041331802,0.0009779951100244,0.555,120,21,120,1,0.0083333333333333,1.4445332535686124,,,reconstruction,full observed-window nonlinear autoencoder reconstruction MSE,4.00734679098241,False,21,18,3,0,0.1,0.4,1.3,13,14,15,18,0.6291079812206573,0.0,0.541095890410959,0.6190476190476191,0.6666666666666666,0.7142857142857143,0.8571428571428571,natural,0.0,True
Mahalanobis,1,0.1,4690,282,6,4084,318,0.9791666666666666,0.47,0.6351351351351351,0.0014669926650366,0.53,120,21,120,2,0.0166666666666666,18.049448019320348,,,distance,Ledoit-Wolf shrinkage squared Mahalanobis distance,0.0037149590207263,False,21,19,2,0,0.1,0.3473684210526315,0.92,13,15,18,19,0.6636363636363637,0.000881057268722467,0.5,0.6190476190476191,0.7142857142857143,0.8571428571428571,0.9047619047619048,natural,,False
kNN20,1,0.1,4690,272,8,4082,328,0.9714285714285714,0.4533333333333333,0.6181818181818182,0.0019559902200488,0.5466666666666666,120,21,120,2,0.0166666666666666,1.7464871289214736,,,distance,distance to 20th normal-training neighbor,0.0147772500058636,False,21,18,3,0,0.1,0.4,1.3,13,14,15,18,0.6325581395348837,0.000881057268722467,0.5342465753424658,0.6190476190476191,0.6666666666666666,0.7142857142857143,0.8571428571428571,natural,,False
GMM,1,0.1,4690,305,7,4083,295,0.9775641025641024,0.5083333333333333,0.668859649122807,0.0017114914425427,0.4916666666666666,120,21,120,2,0.0166666666666666,12.833001417761391,,,density,negative Gaussian mixture log likelihood,0.1646072079893201,False,21,19,2,0,0.1,0.3526315789473684,0.92,13,15,18,19,0.7136563876651982,0.0,0.4452054794520548,0.6190476190476191,0.7142857142857143,0.8571428571428571,0.9047619047619048,natural,0.0,True
KDE,1,0.1,4690,272,9,4081,328,0.9679715302491104,0.4533333333333333,0.6174801362088536,0.002200488997555,0.5466666666666666,120,21,120,3,0.025,16.084440046181456,,,density,negative Gaussian kernel log density,1.8791575839277357,False,21,18,3,0,0.1,0.4,1.3,13,14,15,18,0.6355140186915887,0.0,0.5342465753424658,0.6190476190476191,0.6666666666666666,0.7142857142857143,0.8571428571428571,natural,,False
LOF20,1,0.1,4690,317,14,4076,283,0.9577039274924471,0.5283333333333333,0.6809881847475833,0.0034229828850855,0.4716666666666667,120,21,120,3,0.025,1.4745157587530366,,,local_density,negative novelty-mode LOF score_samples,0.0963676660321652,False,21,21,0,0,0.1,0.4095238095238095,1.3,13,17,18,21,0.6960352422907489,0.001762114537444934,0.4589041095890411,0.6190476190476191,0.8095238095238095,0.8571428571428571,1.0,natural,,False
IsolationForest,1,0.1,4690,208,2,4088,392,0.9904761904761904,0.3466666666666667,0.5135802469135803,0.0004889975550122,0.6533333333333333,120,21,120,2,0.0166666666666666,0.6201868413312571,,,isolation,negative IsolationForest score_samples,0.1177498750621452,False,21,18,3,0,0.15,0.7722222222222221,2.280000000000001,11,13,14,16,0.5544554455445545,0.0,0.6164383561643836,0.5238095238095238,0.6190476190476191,0.6666666666666666,0.7619047619047619,natural,0.0,True
OCSVM,1,0.1,4690,263,6,4084,337,0.9776951672862454,0.4383333333333333,0.6052934407364787,0.0014669926650366,0.5616666666666666,120,21,120,1,0.0083333333333333,0.5257902077984724,,,boundary,negative RBF OneClassSVM decision_function,0.025093458010815,False,21,18,3,0,0.1,0.4666666666666667,1.3,13,14,15,17,0.6291079812206573,0.0,0.541095890410959,0.6190476190476191,0.6666666666666666,0.7142857142857143,0.8095238095238095,natural,,False
RobustMAD,1,0.1,4690,216,4,4086,384,0.9818181818181818,0.36,0.526829268292683,0.0009779951100244,0.64,120,21,120,3,0.025,3.164357181585498,,,robust_statistic,max absolute current-sensor robust z score; history unused,0.0004810830578207,False,21,17,4,0,0.1,0.5176470588235295,1.4600000000000002,12,13,14,16,0.5865384615384616,0.000881057268722467,0.5821917808219178,0.5714285714285714,0.6190476190476191,0.6666666666666666,0.7619047619047619,natural,,False
Persistence,2,0.2,4690,150,0,4090,450,1.0,0.25,0.4,0.0,0.75,239,42,120,0,0.0,6.686948715460511,1.2213847155007962,1.2823984864212556,forecast,next-sample standardized MSE,9.580980986356735e-07,False,21,17,4,0,0.2,0.6294117647058824,1.4600000000000002,9,12,14,16,0.41304347826086957,0.0,0.7397260273972602,0.42857142857142855,0.5714285714285714,0.6666666666666666,0.7619047619047619,natural,,False
VAR_Ridge,2,0.2,4690,274,7,4083,326,0.9750889679715302,0.4566666666666666,0.6220204313280363,0.0017114914425427,0.5433333333333333,239,42,120,2,0.0166666666666666,2.603366872098551,0.3973399603977385,0.4237800416073915,forecast,next-sample standardized MSE,0.0009461250156164,False,21,19,2,0,0.2,0.4210526315789473,0.92,12,15,18,19,0.6875,0.000881057268722467,0.4726027397260274,0.5714285714285714,0.7142857142857143,0.8571428571428571,0.9047619047619048,natural,,False
MLP32,2,0.2,4690,286,10,4080,314,0.9662162162162162,0.4766666666666667,0.6383928571428571,0.0024449877750611,0.5233333333333333,239,42,120,4,0.0333333333333333,2.0896936849101935,0.2962691460360647,0.3113473758331206,forecast,next-sample standardized MSE,0.796812167041935,False,21,19,2,0,0.2,0.4263157894736842,0.8399999999999999,10,15,18,19,0.7124463519313304,0.003524229074889868,0.4315068493150685,0.47619047619047616,0.7142857142857143,0.8571428571428571,0.9047619047619048,natural,0.0,True
AR,2,0.2,4690,241,4,4086,359,0.9836734693877552,0.4016666666666666,0.570414201183432,0.0009779951100244,0.5983333333333334,239,42,120,3,0.025,2.909486639436623,0.4491772802528798,0.4783428533838636,forecast,next-sample standardized MSE,0.0014886659337207,False,21,19,2,0,0.2,0.4684210526315789,1.0599999999999994,10,15,17,19,0.6359447004608295,0.001762114537444934,0.5273972602739726,0.47619047619047616,0.7142857142857143,0.8095238095238095,0.9047619047619048,natural,,False
AR_Relation,2,0.2,4690,285,7,4083,315,0.976027397260274,0.475,0.6390134529147982,0.0017114914425427,0.525,239,42,120,2,0.0166666666666666,2.42499314538661,0.385459061409194,0.4043890755388708,forecast,next-sample standardized MSE,0.003140167100355,False,21,19,2,0,0.2,0.4578947368421052,1.0399999999999998,12,14,17,19,0.6991150442477876,0.000881057268722467,0.4589041095890411,0.5714285714285714,0.6666666666666666,0.8095238095238095,0.9047619047619048,natural,,False
LSTM32,2,0.2,4690,306,9,4081,294,0.9714285714285714,0.51,0.6688524590163935,0.002200488997555,0.49,239,42,120,5,0.0416666666666666,1.9337434584541913,0.2790956966193486,0.2909888250722991,forecast,next-sample standardized MSE,5.9292828750330955,False,21,20,1,0,0.2,0.39,0.8,13,16,19,20,0.7350427350427351,0.001762114537444934,0.410958904109589,0.6190476190476191,0.7619047619047619,0.9047619047619048,0.9523809523809523,natural,0.0,True
GRU32,2,0.2,4690,307,9,4081,293,0.971518987341772,0.5116666666666667,0.6703056768558951,0.002200488997555,0.4883333333333333,239,42,120,4,0.0333333333333333,1.9399526449130713,0.2799559945790687,0.2927224421067061,forecast,next-sample standardized MSE,5.443943832884543,False,21,19,2,0,0.2,0.363157894736842,0.8,14,16,18,19,0.7264957264957265,0.0026431718061674008,0.4178082191780822,0.6666666666666666,0.7619047619047619,0.8571428571428571,0.9047619047619048,natural,0.0,True
PCA_Recon,2,0.2,4690,316,9,4081,284,0.9723076923076924,0.5266666666666666,0.6832432432432433,0.002200488997555,0.4733333333333333,239,42,120,9,0.075,0.1315898336833897,,,reconstruction,full observed-window PCA reconstruction MSE,0.0015431669307872,False,21,17,4,0,0.2,0.3705882352941176,0.68,13,14,16,17,0.8048780487804879,0.000881057268722467,0.3219178082191781,0.6190476190476191,0.6666666666666666,0.7619047619047619,0.8095238095238095,natural,,False
AE_Recon,2,0.2,4690,264,6,4084,336,0.9777777777777776,0.44,0.6068965517241379,0.0014669926650366,0.56,239,42,120,2,0.0166666666666666,1.526695767094622,,,reconstruction,full observed-window nonlinear autoencoder reconstruction MSE,3.856166416895576,False,21,18,3,0,0.2,0.4777777777777777,1.33,13,14,15,17,0.641860465116279,0.0,0.5273972602739726,0.6190476190476191,0.6666666666666666,0.7142857142857143,0.8095238095238095,natural,0.0,True
Mahalanobis,2,0.2,4690,493,9,4081,107,0.9820717131474104,0.8216666666666667,0.8947368421052632,0.002200488997555,0.1783333333333333,239,42,120,1,0.0083333333333333,22.96756833262498,,,distance,Ledoit-Wolf shrinkage squared Mahalanobis distance,0.0010778749128803,False,21,21,0,0,0.2,0.2333333333333333,0.3,17,20,21,21,0.9608540925266904,0.0,0.07534246575342465,0.8095238095238095,0.9523809523809523,1.0,1.0,natural,,False
kNN20,2,0.2,4690,285,7,4083,315,0.976027397260274,0.475,0.6390134529147982,0.0017114914425427,0.525,239,42,120,1,0.0083333333333333,2.452057341724453,,,distance,distance to 20th normal-training neighbor,0.0021151660475879,False,21,18,3,0,0.2,0.4666666666666667,1.3,13,14,15,18,0.6666666666666666,0.0,0.5,0.6190476190476191,0.6666666666666666,0.7142857142857143,0.8571428571428571,natural,,False
GMM,2,0.2,4690,518,12,4078,82,0.9773584905660376,0.8633333333333333,0.9168141592920354,0.0029339853300733,0.1366666666666666,239,42,120,2,0.0166666666666666,15.002825712320602,,,density,negative Gaussian mixture log likelihood,0.1019621250452473,False,21,21,0,0,0.2,0.2238095238095238,0.3,18,21,21,21,0.971830985915493,0.0,0.0547945205479452,0.8571428571428571,1.0,1.0,1.0,natural,0.0,True
KDE,2,0.2,4690,306,8,4082,294,0.9745222929936306,0.51,0.6695842450765864,0.0019559902200488,0.49,239,42,120,1,0.0083333333333333,28.094618931044536,,,density,negative Gaussian kernel log density,1.8397518339334056,False,21,18,3,0,0.2,0.3944444444444445,0.8300000000000001,13,15,17,18,0.7079646017699115,0.0,0.4520547945205479,0.6190476190476191,0.7142857142857143,0.8095238095238095,0.8571428571428571,natural,,False
LOF20,2,0.2,4690,363,15,4075,237,0.9603174603174603,0.605,0.7423312883435583,0.0036674816625916,0.395,239,42,120,2,0.0166666666666666,1.4872264078895292,,,local_density,negative novelty-mode LOF score_samples,0.1877510000485927,False,21,21,0,0,0.2,0.3857142857142858,0.9,14,18,20,21,0.8,0.000881057268722467,0.3287671232876712,0.6666666666666666,0.8571428571428571,0.9523809523809523,1.0,natural,,False
IsolationForest,2,0.2,4690,204,2,4088,396,0.9902912621359224,0.34,0.5062034739454094,0.0004889975550122,0.66,239,42,120,2,0.0166666666666666,0.6042903055445255,,,isolation,negative IsolationForest score_samples,0.0937242499785497,False,21,17,4,0,0.2,0.8705882352941177,2.5000000000000004,9,12,13,15,0.5615763546798029,0.0,0.6095890410958904,0.42857142857142855,0.5714285714285714,0.6190476190476191,0.7142857142857143,natural,0.0,True
OCSVM,2,0.2,4690,267,5,4085,333,0.9816176470588236,0.445,0.6123853211009175,0.0012224938875305,0.555,239,42,120,1,0.0083333333333333,0.6888725575144459,,,boundary,negative RBF OneClassSVM decision_function,0.0256081250263378,False,21,18,3,0,0.2,0.4944444444444444,1.4200000000000004,13,14,15,17,0.6291079812206573,0.0,0.541095890410959,0.6190476190476191,0.6666666666666666,0.7142857142857143,0.8095238095238095,natural,,False
RobustMAD,2,0.2,4690,205,3,4087,395,0.9855769230769232,0.3416666666666667,0.5074257425742574,0.0007334963325183,0.6583333333333333,239,42,120,2,0.0166666666666666,3.1623404244459423,,,robust_statistic,max absolute current-sensor robust z score; history unused,0.0005389160942286,False,21,17,4,0,0.2,0.8411764705882352,2.3400000000000007,10,11,13,15,0.5865384615384616,0.000881057268722467,0.5821917808219178,0.47619047619047616,0.5238095238095238,0.6190476190476191,0.7142857142857143,natural,,False
Persistence,3,0.3,4690,141,0,4090,459,1.0,0.235,0.3805668016194332,0.0,0.765,358,63,120,0,0.0,6.653775973600645,1.2245528814585684,1.2823984864212556,forecast,next-sample standardized MSE,7.080379873514175e-07,False,21,16,5,1,0.3,0.95,2.55,0,10,12,14,0.41304347826086957,0.0,0.7397260273972602,0.0,0.47619047619047616,0.5714285714285714,0.6666666666666666,natural,,False
VAR_Ridge,3,0.3,4690,268,9,4081,332,0.967509025270758,0.4466666666666666,0.6111744583808438,0.002200488997555,0.5533333333333333,358,63,120,3,0.025,2.219035495043407,0.3257111521064674,0.3454348704361278,forecast,next-sample standardized MSE,0.0004027909599244,False,21,17,4,1,0.3,0.5294117647058824,1.02,0,13,15,17,0.6636771300448431,0.0026431718061674008,0.4931506849315068,0.0,0.6190476190476191,0.7142857142857143,0.8095238095238095,natural,,False
MLP32,3,0.3,4690,282,9,4081,318,0.9690721649484536,0.47,0.632996632996633,0.002200488997555,0.53,358,63,120,4,0.0333333333333333,1.7557802585198456,0.2506029703842534,0.264376804308377,forecast,next-sample standardized MSE,0.7767606660490856,False,21,18,3,1,0.3,0.4833333333333333,0.93,0,15,17,18,0.7105263157894737,0.000881057268722467,0.4452054794520548,0.0,0.7142857142857143,0.8095238095238095,0.8571428571428571,natural,0.0,True
AR,3,0.3,4690,242,6,4084,358,0.9758064516129032,0.4033333333333333,0.5707547169811321,0.0014669926650366,0.5966666666666667,358,63,120,4,0.0333333333333333,2.7267512175581037,0.4163214156968618,0.4458541600002614,forecast,next-sample standardized MSE,0.0015516249695792,False,21,17,4,1,0.3,0.4823529411764705,0.78,0,14,16,16,0.6422018348623854,0.001762114537444934,0.5205479452054794,0.0,0.6666666666666666,0.7619047619047619,0.7619047619047619,natural,,False
AR_Relation,3,0.3,4690,280,6,4084,320,0.9790209790209792,0.4666666666666667,0.6320541760722348,0.0014669926650366,0.5333333333333333,358,63,120,2,0.0166666666666666,2.3403102832158265,0.3428437132589558,0.3599928926130561,forecast,next-sample standardized MSE,0.0029871659353375,False,21,17,4,1,0.3,0.4411764705882353,0.6600000000000001,0,15,16,17,0.7161572052401747,0.000881057268722467,0.4383561643835616,0.0,0.7142857142857143,0.7619047619047619,0.8095238095238095,natural,,False
LSTM32,3,0.3,4690,285,12,4078,315,0.9595959595959596,0.475,0.6354515050167224,0.0029339853300733,0.525,358,63,120,5,0.0416666666666666,1.66671176470813,0.2342780413781341,0.2448823982525988,forecast,next-sample standardized MSE,7.152447499916889,False,21,18,3,1,0.3,0.4722222222222222,0.8600000000000002,0,15,17,18,0.7217391304347827,0.000881057268722467,0.4315068493150685,0.0,0.7142857142857143,0.8095238095238095,0.8571428571428571,natural,0.0,True
GRU32,3,0.3,4690,270,9,4081,330,0.967741935483871,0.45,0.6143344709897611,0.002200488997555,0.55,358,63,120,5,0.0416666666666666,1.806312805461324,0.2360913730675705,0.2454444921602245,forecast,next-sample standardized MSE,5.970088750007562,False,21,18,3,1,0.3,0.538888888888889,1.06,0,13,16,18,0.6991150442477876,0.000881057268722467,0.4589041095890411,0.0,0.6190476190476191,0.7619047619047619,0.8571428571428571,natural,0.0,True
PCA_Recon,3,0.3,4690,392,15,4075,208,0.9631449631449632,0.6533333333333333,0.7785501489572989,0.0036674816625916,0.3466666666666667,358,63,120,3,0.025,0.2921482418976811,,,reconstruction,full observed-window PCA reconstruction MSE,0.0018523749895393,False,21,18,3,1,0.3,0.4777777777777777,0.9900000000000002,0,15,16,18,0.8863636363636364,0.000881057268722467,0.19863013698630136,0.0,0.7142857142857143,0.7619047619047619,0.8571428571428571,natural,,False
AE_Recon,3,0.3,4690,324,12,4078,276,0.9642857142857144,0.54,0.6923076923076923,0.0029339853300733,0.46,358,63,120,2,0.0166666666666666,0.9178119651035128,,,reconstruction,full observed-window nonlinear autoencoder reconstruction MSE,3.801080083008856,False,21,17,4,1,0.3,0.4470588235294117,0.6000000000000002,0,15,16,16,0.7296137339055794,0.001762114537444934,0.4178082191780822,0.0,0.7142857142857143,0.7619047619047619,0.7619047619047619,natural,0.0,True
Mahalanobis,3,0.3,4690,524,11,4079,76,0.9794392523364486,0.8733333333333333,0.9233480176211454,0.0026894865525672,0.1266666666666666,358,63,120,1,0.0083333333333333,28.547350779606507,,,distance,Ledoit-Wolf shrinkage squared Mahalanobis distance,0.0014261669712141,False,21,20,1,1,0.3,0.305,0.3,0,20,20,20,0.9896193771626297,0.0,0.02054794520547945,0.0,0.9523809523809523,0.9523809523809523,0.9523809523809523,natural,,False
kNN20,3,0.3,4690,292,10,4080,308,0.9668874172185432,0.4866666666666667,0.647450110864745,0.0024449877750611,0.5133333333333333,358,63,120,1,0.0083333333333333,3.0187551483138364,,,distance,distance to 20th normal-training neighbor,0.0019489580299705,False,21,17,4,1,0.3,0.5588235294117648,1.3,0,13,14,16,0.6727272727272727,0.0,0.4931506849315068,0.0,0.6190476190476191,0.6666666666666666,0.7619047619047619,natural,,False
GMM,3,0.3,4690,529,11,4079,71,0.9796296296296296,0.8816666666666667,0.9280701754385964,0.0026894865525672,0.1183333333333333,358,63,120,2,0.0166666666666666,17.195432170721013,,,density,negative Gaussian mixture log likelihood,0.157968416926451,False,21,20,1,1,0.3,0.305,0.3,0,20,20,20,0.9965635738831615,0.0,0.00684931506849315,0.0,0.9523809523809523,0.9523809523809523,0.9523809523809523,natural,0.0,True
KDE,3,0.3,4690,318,6,4084,282,0.9814814814814816,0.53,0.6883116883116883,0.0014669926650366,0.47,358,63,120,2,0.0166666666666666,34.093119526631746,,,density,negative Gaussian kernel log density,1.7362050409428775,False,21,18,3,1,0.3,0.4722222222222222,0.7600000000000001,0,15,17,17,0.7489361702127659,0.000881057268722467,0.3972602739726027,0.0,0.7142857142857143,0.8095238095238095,0.8095238095238095,natural,,False
LOF20,3,0.3,4690,436,15,4075,164,0.966740576496674,0.7266666666666667,0.829686013320647,0.0036674816625916,0.2733333333333333,358,63,120,2,0.0166666666666666,1.489072013343404,,,local_density,negative novelty-mode LOF score_samples,0.3313301670132205,False,21,20,1,1,0.3,0.4549999999999999,0.9,0,17,19,20,0.9420289855072463,0.0,0.1095890410958904,0.0,0.8095238095238095,0.9047619047619048,0.9523809523809523,natural,,False
IsolationForest,3,0.3,4690,206,3,4087,394,0.985645933014354,0.3433333333333333,0.5092707045735476,0.0007334963325183,0.6566666666666666,358,63,120,2,0.0166666666666666,0.5880725449075062,,,isolation,negative IsolationForest score_samples,0.0972642499255016,False,21,16,5,1,0.3,0.96875,2.6,0,11,12,14,0.5631067961165048,0.001762114537444934,0.6027397260273972,0.0,0.5238095238095238,0.5714285714285714,0.6666666666666666,natural,0.0,True
OCSVM,3,0.3,4690,274,3,4087,326,0.9891696750902528,0.4566666666666666,0.6248574686431014,0.0007334963325183,0.5433333333333333,358,63,120,1,0.0083333333333333,0.6582495581893962,,,boundary,negative RBF OneClassSVM decision_function,0.0248323749983683,False,21,17,4,1,0.3,0.5823529411764706,1.4600000000000002,0,13,14,16,0.6605504587155964,0.0,0.5068493150684932,0.0,0.6190476190476191,0.6666666666666666,0.7619047619047619,natural,,False
RobustMAD,3,0.3,4690,195,3,4087,405,0.9848484848484848,0.325,0.4887218045112781,0.0007334963325183,0.675,358,63,120,2,0.0166666666666666,3.16534543029751,,,robust_statistic,max absolute current-sensor robust z score; history unused,0.0005867079598829,False,21,16,5,1,0.3,0.9375,2.5,0,10,12,14,0.5865384615384616,0.000881057268722467,0.5821917808219178,0.0,0.47619047619047616,0.5714285714285714,0.6666666666666666,natural,,False
Persistence,5,0.5,4690,126,0,4090,474,1.0,0.21,0.3471074380165289,0.0,0.79,593,101,120,0,0.0,6.699041429194876,1.2219355296190195,1.2823984864212556,forecast,next-sample standardized MSE,6.25033862888813e-07,False,21,14,7,3,0.8,1.614285714285714,3.890000000000001,0,5,8,10,0.41304347826086957,0.0,0.7397260273972602,0.0,0.23809523809523808,0.38095238095238093,0.47619047619047616,natural,,False
VAR_Ridge,5,0.5,4690,325,10,4080,275,0.9701492537313432,0.5416666666666666,0.6951871657754011,0.0024449877750611,0.4583333333333333,593,101,120,5,0.0416666666666666,0.9016097739551668,0.1293360559748113,0.1339363145736494,forecast,next-sample standardized MSE,0.0005631670355796,False,21,16,5,3,0.5,0.60625,0.6,0,12,15,16,0.816,0.001762114537444934,0.3013698630136986,0.0,0.5714285714285714,0.7142857142857143,0.7619047619047619,natural,,False
MLP32,5,0.5,4690,354,8,4082,246,0.9779005524861878,0.59,0.735966735966736,0.0019559902200488,0.41,593,101,120,3,0.025,0.7663832168478122,0.1010953459390839,0.1033083428939505,forecast,next-sample standardized MSE,0.7604945839848369,False,21,17,4,3,0.5,0.6058823529411765,0.64,0,11,16,17,0.8538461538461538,0.0026431718061674008,0.23972602739726026,0.0,0.5238095238095238,0.7619047619047619,0.8095238095238095,natural,0.0,True
AR,5,0.5,4690,298,13,4077,302,0.9581993569131833,0.4966666666666666,0.6542261251372119,0.0031784841075794,0.5033333333333333,593,101,120,6,0.05,1.0930120055027854,0.1482967583761129,0.1617495418427232,forecast,next-sample standardized MSE,0.0022387090139091,False,21,16,5,3,0.5,0.63125,0.75,0,11,15,16,0.7478991596638656,0.0026431718061674008,0.3904109589041096,0.0,0.5238095238095238,0.7142857142857143,0.7619047619047619,natural,,False
AR_Relation,5,0.5,4690,303,9,4081,297,0.971153846153846,0.505,0.6644736842105263,0.002200488997555,0.495,593,101,120,4,0.0333333333333333,0.957371840380676,0.135650815740922,0.1436023944657399,forecast,next-sample standardized MSE,0.0035536249633878,False,21,16,5,3,0.5,0.60625,0.6,0,12,15,16,0.7666666666666667,0.001762114537444934,0.3698630136986301,0.0,0.5714285714285714,0.7142857142857143,0.7619047619047619,natural,,False
LSTM32,5,0.5,4690,350,6,4084,250,0.9831460674157304,0.5833333333333334,0.7322175732217573,0.0014669926650366,0.4166666666666667,593,101,120,3,0.025,0.7502702793266651,0.0977900383416348,0.094846544400731,forecast,next-sample standardized MSE,6.8840492920717224,False,21,16,5,3,0.5,0.59375,0.6,0,12,15,16,0.8359375,0.0026431718061674008,0.2671232876712329,0.0,0.5714285714285714,0.7142857142857143,0.7619047619047619,natural,0.0,True
GRU32,5,0.5,4690,350,7,4083,250,0.9803921568627452,0.5833333333333334,0.7314524555903866,0.0017114914425427,0.4166666666666667,593,101,120,2,0.0166666666666666,0.8166869040447869,0.0976448071804493,0.0963150648113966,forecast,next-sample standardized MSE,6.45697579102125,False,21,16,5,3,0.5,0.6,0.7,0,13,15,16,0.8582375478927203,0.0026431718061674008,0.2328767123287671,0.0,0.6190476190476191,0.7142857142857143,0.7619047619047619,natural,0.0,True
PCA_Recon,5,0.5,4690,378,12,4078,222,0.9692307692307692,0.63,0.7636363636363637,0.0029339853300733,0.37,593,101,120,2,0.0166666666666666,0.4519533439127103,,,reconstruction,full observed-window PCA reconstruction MSE,0.0036945840111002,False,21,16,5,3,0.5,0.6937500000000001,1.3,0,13,14,16,0.9104477611940298,0.0,0.1643835616438356,0.0,0.6190476190476191,0.6666666666666666,0.7619047619047619,natural,,False
AE_Recon,5,0.5,4690,369,12,4078,231,0.968503937007874,0.615,0.7522935779816514,0.0029339853300733,0.385,593,101,120,1,0.0083333333333333,0.8048297986132682,,,reconstruction,full observed-window nonlinear autoencoder reconstruction MSE,3.398422083002515,False,21,15,6,3,0.5,0.62,0.7399999999999999,0,13,14,15,0.8897338403041825,0.0,0.19863013698630136,0.0,0.6190476190476191,0.6666666666666666,0.7142857142857143,natural,0.0,True
Mahalanobis,5,0.5,4690,499,16,4074,101,0.9689320388349516,0.8316666666666667,0.895067264573991,0.0039119804400977,0.1683333333333333,593,101,120,1,0.0083333333333333,42.06071148700686,,,distance,Ledoit-Wolf shrinkage squared Mahalanobis distance,0.0011949579929932,False,21,18,3,3,0.5,0.5,0.5,0,18,18,18,1.0,0.0,0.0,0.0,0.8571428571428571,0.8571428571428571,0.8571428571428571,natural,,False
kNN20,5,0.5,4690,326,11,4079,274,0.9673590504451038,0.5433333333333333,0.695837780149413,0.0026894865525672,0.4566666666666666,593,101,120,1,0.0083333333333333,3.859780984636447,,,distance,distance to 20th normal-training neighbor,0.0004299170104786,False,21,15,6,3,0.5,0.6866666666666668,1.14,0,12,13,14,0.7833333333333333,0.0,0.3561643835616438,0.0,0.5714285714285714,0.6190476190476191,0.6666666666666666,natural,,False
GMM,5,0.5,4690,499,18,4072,101,0.965183752417795,0.8316666666666667,0.8934646374216652,0.00440097799511,0.1683333333333333,593,101,120,1,0.0083333333333333,22.413996665611812,,,density,negative Gaussian mixture log likelihood,0.352091750013642,False,21,18,3,3,0.5,0.5,0.5,0,18,18,18,1.0,0.0,0.0,0.0,0.8571428571428571,0.8571428571428571,0.8571428571428571,natural,0.0,True
KDE,5,0.5,4690,368,10,4080,232,0.9735449735449736,0.6133333333333333,0.7525562372188139,0.0024449877750611,0.3866666666666666,593,101,120,1,0.0083333333333333,30.263700837688805,,,density,negative Gaussian kernel log density,1.6905897499527782,False,21,15,6,3,0.5,0.6333333333333333,0.7399999999999999,0,13,14,14,0.8725868725868726,0.0,0.22602739726027396,0.0,0.6190476190476191,0.6666666666666666,0.6666666666666666,natural,,False
LOF20,5,0.5,4690,467,20,4070,133,0.9589322381930184,0.7783333333333333,0.859245630174793,0.0048899755501222,0.2216666666666666,593,101,120,2,0.0166666666666666,1.476056639528199,,,local_density,negative novelty-mode LOF score_samples,0.1899519590660929,False,21,18,3,3,0.5,0.6,0.63,0,13,17,18,0.9896907216494846,0.000881057268722467,0.0136986301369863,0.0,0.6190476190476191,0.8095238095238095,0.8571428571428571,natural,,False
IsolationForest,5,0.5,4690,203,1,4089,397,0.9950980392156864,0.3383333333333333,0.5049751243781094,0.0002444987775061,0.6616666666666666,593,101,120,1,0.0083333333333333,0.5755560098327709,,,isolation,negative IsolationForest score_samples,0.0957832910353317,False,21,14,7,3,0.5,1.2285714285714289,2.9500000000000015,0,8,9,12,0.5615763546798029,0.0,0.6095890410958904,0.0,0.38095238095238093,0.42857142857142855,0.5714285714285714,natural,0.0,True
OCSVM,5,0.5,4690,272,6,4084,328,0.9784172661870504,0.4533333333333333,0.6195899772209568,0.0014669926650366,0.5466666666666666,593,101,120,1,0.0083333333333333,0.546454438430347,,,boundary,negative RBF OneClassSVM decision_function,0.0240825420478358,False,21,15,6,3,0.5,0.7733333333333333,1.5399999999999998,0,11,12,14,0.6605504587155964,0.0,0.5068493150684932,0.0,0.5238095238095238,0.5714285714285714,0.6666666666666666,natural,,False
RobustMAD,5,0.5,4690,179,4,4086,421,0.9781420765027322,0.2983333333333333,0.4572158365261813,0.0009779951100244,0.7016666666666667,593,101,120,3,0.025,3.155465475825514,,,robust_statistic,max absolute current-sensor robust z score; history unused,0.0004616660298779,False,21,14,7,3,0.6499999999999999,1.4214285714285713,3.86,0,6,9,11,0.5865384615384616,0.000881057268722467,0.5821917808219178,0.0,0.2857142857142857,0.42857142857142855,0.5238095238095238,natural,,False
Persistence,8,0.8,4690,110,0,4090,490,1.0,0.1833333333333333,0.3098591549295774,0.0,0.8166666666666667,938,155,120,0,0.0,6.62204626966231,1.2209875824512535,1.2823984864212556,forecast,next-sample standardized MSE,1.0420335456728935e-06,False,21,13,8,4,1.0,1.838461538461538,3.96,0,0,7,9,0.41304347826086957,0.0,0.7397260273972602,0.0,0.0,0.3333333333333333,0.42857142857142855,natural,,False
VAR_Ridge,8,0.8,4690,410,4,4086,190,0.9903381642512076,0.6833333333333333,0.8086785009861933,0.0009779951100244,0.3166666666666666,938,155,120,3,0.025,0.6674738804322045,0.0969304616945479,0.0917970334299782,forecast,next-sample standardized MSE,0.0006592910503968,False,21,17,4,4,0.8,0.8176470588235295,0.8400000000000001,0,0,17,17,0.9686411149825784,0.001762114537444934,0.04794520547945205,0.0,0.0,0.8095238095238095,0.8095238095238095,natural,,False
MLP32,8,0.8,4690,418,9,4081,182,0.9789227166276346,0.6966666666666667,0.8140214216163584,0.002200488997555,0.3033333333333333,938,155,120,5,0.0416666666666666,0.510946806075355,0.0777755712788145,0.0758856884078899,forecast,next-sample standardized MSE,0.509849458001554,False,21,17,4,4,0.8,0.8058823529411765,0.8,0,0,17,17,0.9829351535836177,0.0026431718061674008,0.0136986301369863,0.0,0.0,0.8095238095238095,0.8095238095238095,natural,0.0,True
AR,8,0.8,4690,368,11,4079,232,0.9709762532981532,0.6133333333333333,0.7517875383043923,0.0026894865525672,0.3866666666666666,938,155,120,7,0.0583333333333333,0.9116163788778424,0.129233807399561,0.1348769247931383,forecast,next-sample standardized MSE,0.0009849170455709,False,21,17,4,4,0.8,0.8294117647058824,0.8400000000000001,0,0,16,17,0.9124087591240876,0.0026431718061674008,0.14383561643835616,0.0,0.0,0.7619047619047619,0.8095238095238095,natural,,False
AR_Relation,8,0.8,4690,376,12,4078,224,0.9690721649484536,0.6266666666666667,0.7611336032388664,0.0029339853300733,0.3733333333333333,938,155,120,5,0.0416666666666666,0.7872127529835043,0.1122135525820924,0.1127905505274369,forecast,next-sample standardized MSE,0.0028955829329788,False,21,17,4,4,0.8,0.8294117647058824,0.8400000000000001,0,0,16,17,0.920863309352518,0.003524229074889868,0.1232876712328767,0.0,0.0,0.7619047619047619,0.8095238095238095,natural,,False
LSTM32,8,0.8,4690,407,6,4084,193,0.9854721549636803,0.6783333333333333,0.8035538005923001,0.0014669926650366,0.3216666666666666,938,155,120,4,0.0333333333333333,0.6295757374944176,0.0858448814313661,0.0827074415856138,forecast,next-sample standardized MSE,11.973585332976654,False,21,17,4,4,0.8,0.8352941176470589,0.94,0,0,17,17,0.9794520547945206,0.0026431718061674008,0.02054794520547945,0.0,0.0,0.8095238095238095,0.8095238095238095,natural,0.0,True
GRU32,8,0.8,4690,390,6,4084,210,0.9848484848484848,0.65,0.7831325301204819,0.0014669926650366,0.35,938,155,120,5,0.0416666666666666,0.5596929676280508,0.0802093227980644,0.0769824121177053,forecast,next-sample standardized MSE,6.008553041960113,False,21,17,4,4,0.8,0.8294117647058824,0.94,0,0,17,17,0.9537366548042705,0.000881057268722467,0.0821917808219178,0.0,0.0,0.8095238095238095,0.8095238095238095,natural,0.0,True
PCA_Recon,8,0.8,4690,386,12,4078,214,0.9698492462311558,0.6433333333333333,0.7735470941883767,0.0029339853300733,0.3566666666666667,938,155,120,1,0.0083333333333333,0.4071282351379455,,,reconstruction,full observed-window PCA reconstruction MSE,0.0039325000252574,False,21,15,6,4,0.8,0.8666666666666669,0.8,0,0,14,15,0.950354609929078,0.001762114537444934,0.0821917808219178,0.0,0.0,0.6666666666666666,0.7142857142857143,natural,,False
AE_Recon,8,0.8,4690,358,19,4071,242,0.9496021220159152,0.5966666666666667,0.7328556806550666,0.0046454767726161,0.4033333333333333,938,155,120,1,0.0083333333333333,0.6723680415369335,,,reconstruction,full observed-window nonlinear autoencoder reconstruction MSE,3.3590902920113876,False,21,14,7,4,0.8,0.8857142857142859,0.8,0,0,13,14,0.9144981412639405,0.0,0.15753424657534246,0.0,0.0,0.6190476190476191,0.6666666666666666,natural,0.0,True
Mahalanobis,8,0.8,4690,445,15,4075,155,0.967391304347826,0.7416666666666667,0.839622641509434,0.0036674816625916,0.2583333333333333,938,155,120,1,0.0083333333333333,63.67205971582114,,,distance,Ledoit-Wolf shrinkage squared Mahalanobis distance,0.0014538749819621,False,21,17,4,4,0.8,0.8,0.8,0,0,17,17,1.0,0.0,0.0,0.0,0.0,0.8095238095238095,0.8095238095238095,natural,,False
kNN20,8,0.8,4690,337,9,4081,263,0.9739884393063584,0.5616666666666666,0.7124735729386892,0.002200488997555,0.4383333333333333,938,155,120,1,0.0083333333333333,4.8525633343512045,,,distance,distance to 20th normal-training neighbor,0.000496584107168,False,21,14,7,4,0.8,0.9142857142857144,0.8700000000000001,0,0,13,13,0.8725868725868726,0.0,0.22602739726027396,0.0,0.0,0.6190476190476191,0.6190476190476191,natural,,False
GMM,8,0.8,4690,445,17,4073,155,0.9632034632034632,0.7416666666666667,0.8380414312617702,0.0041564792176039,0.2583333333333333,938,155,120,1,0.0083333333333333,25.729018167847595,,,density,negative Gaussian mixture log likelihood,0.4799254590179771,False,21,17,4,4,0.8,0.8,0.8,0,0,17,17,1.0,0.0,0.0,0.0,0.0,0.8095238095238095,0.8095238095238095,natural,0.0,True
KDE,8,0.8,4690,350,13,4077,250,0.9641873278236914,0.5833333333333334,0.726895119418484,0.0031784841075794,0.4166666666666667,938,155,120,1,0.0083333333333333,42.26472239784861,,,density,negative Gaussian kernel log density,1.5259067920269445,False,21,16,5,4,0.8,0.94375,1.3,0,0,14,15,0.9185185185185185,0.0,0.1506849315068493,0.0,0.0,0.6666666666666666,0.7142857142857143,natural,,False
LOF20,8,0.8,4690,434,25,4065,166,0.9455337690631808,0.7233333333333334,0.8196411709159585,0.0061124694376528,0.2766666666666666,938,155,120,2,0.0166666666666666,1.4421858889729815,,,local_density,negative novelty-mode LOF score_samples,0.1594797080615535,False,21,17,4,4,0.8,0.8588235294117648,0.8,0,0,16,17,1.0,0.0,0.0,0.0,0.0,0.7619047619047619,0.8095238095238095,natural,,False
IsolationForest,8,0.8,4690,197,0,4090,403,1.0,0.3283333333333333,0.49435382685069,0.0,0.6716666666666666,938,155,120,0,0.0,0.5697191009594064,,,isolation,negative IsolationForest score_samples,0.0961899580433964,False,21,13,8,4,0.8,1.492307692307692,3.120000000000001,0,0,8,11,0.5472636815920398,0.0,0.6232876712328768,0.0,0.0,0.38095238095238093,0.5238095238095238,natural,0.0,True
OCSVM,8,0.8,4690,271,4,4086,329,0.9854545454545456,0.4516666666666666,0.6194285714285714,0.0009779951100244,0.5483333333333333,938,155,120,1,0.0083333333333333,0.5889266344560267,,,boundary,negative RBF OneClassSVM decision_function,0.0224318330874666,False,21,14,7,4,0.8,1.0285714285714287,1.5800000000000003,0,0,11,13,0.7136563876651982,0.0,0.4452054794520548,0.0,0.0,0.5238095238095238,0.6190476190476191,natural,,False
RobustMAD,8,0.8,4690,159,3,4087,441,0.9814814814814816,0.265,0.4173228346456692,0.0007334963325183,0.735,938,155,120,3,0.025,3.154009884844583,,,robust_statistic,max absolute current-sensor robust z score; history unused,0.0006017079576849,False,21,13,8,4,0.9,1.6384615384615384,3.94,0,0,8,10,0.5865384615384616,0.000881057268722467,0.5821917808219178,0.0,0.0,0.38095238095238093,0.47619047619047616,natural,,False
Persistence,10,1.0,4690,102,0,4090,498,1.0,0.17,0.2905982905982906,0.0,0.83,1156,189,120,0,0.0,6.639257434503961,1.221833347496279,1.2823984864212556,forecast,next-sample standardized MSE,6.25033862888813e-07,False,21,13,8,5,1.2,1.946153846153846,3.96,0,0,4,9,0.41304347826086957,0.0,0.7397260273972602,0.0,0.0,0.19047619047619047,0.42857142857142855,natural,,False
VAR_Ridge,10,1.0,4690,391,9,4081,209,0.9775,0.6516666666666666,0.782,0.002200488997555,0.3483333333333333,1156,189,120,5,0.0416666666666666,0.5006180448795647,0.0801837779892687,0.0814338702235881,forecast,next-sample standardized MSE,0.0007873328868299,False,21,16,5,5,1.0,1.0125,1.0,0,0,15,16,0.9694915254237289,0.0052863436123348016,0.02054794520547945,0.0,0.0,0.7142857142857143,0.7619047619047619,natural,,False
MLP32,10,1.0,4690,392,11,4079,208,0.9727047146401984,0.6533333333333333,0.7816550348953141,0.0026894865525672,0.3466666666666667,1156,189,120,8,0.0666666666666666,0.3756657144033298,0.0596115234770813,0.0629708078800386,forecast,next-sample standardized MSE,0.6882433329010382,False,21,16,5,5,1.0,1.00625,1.0,0,0,15,16,0.9863945578231292,0.0026431718061674008,0.00684931506849315,0.0,0.0,0.7142857142857143,0.7619047619047619,natural,0.0,True
AR,10,1.0,4690,337,10,4080,263,0.9711815561959656,0.5616666666666666,0.7117212249208026,0.0024449877750611,0.4383333333333333,1156,189,120,4,0.0333333333333333,0.6796851968735104,0.1041259761057405,0.1083150478757505,forecast,next-sample standardized MSE,0.0010672499192878,False,21,16,5,5,1.0,1.04375,1.2,0,0,13,16,0.8888888888888888,0.003524229074889868,0.1780821917808219,0.0,0.0,0.6190476190476191,0.7619047619047619,natural,,False
AR_Relation,10,1.0,4690,332,10,4080,268,0.9707602339181286,0.5533333333333333,0.7048832271762208,0.0024449877750611,0.4466666666666666,1156,189,120,5,0.0416666666666666,0.6953216441368192,0.0992048412310328,0.0999072852323991,forecast,next-sample standardized MSE,0.002370374975726,False,21,16,5,5,1.0,1.04375,1.2,0,0,13,16,0.8636363636363636,0.003524229074889868,0.2191780821917808,0.0,0.0,0.6190476190476191,0.7619047619047619,natural,,False
LSTM32,10,1.0,4690,387,8,4082,213,0.979746835443038,0.645,0.7778894472361809,0.0019559902200488,0.355,1156,189,120,8,0.0666666666666666,0.3925362678989312,0.0645686000942594,0.0666707614781073,forecast,next-sample standardized MSE,13.233226208016276,True,21,16,5,5,1.0,1.00625,1.0,0,0,15,16,0.9652777777777778,0.0026431718061674008,0.04794520547945205,0.0,0.0,0.7142857142857143,0.7619047619047619,natural,0.0,True
GRU32,10,1.0,4690,383,9,4081,217,0.9770408163265306,0.6383333333333333,0.7721774193548387,0.002200488997555,0.3616666666666667,1156,189,120,6,0.05,0.3949479232226197,0.0627629203725958,0.0656540915805628,forecast,next-sample standardized MSE,9.626645707990974,False,21,16,5,5,1.0,1.0125,1.05,0,0,14,16,0.958041958041958,0.0026431718061674008,0.06164383561643835,0.0,0.0,0.6666666666666666,0.7619047619047619,natural,0.0,True
PCA_Recon,10,1.0,4690,394,16,4074,206,0.9609756097560976,0.6566666666666666,0.7801980198019802,0.0039119804400977,0.3433333333333333,1156,189,120,1,0.0083333333333333,0.3969388184775902,,,reconstruction,full observed-window PCA reconstruction MSE,0.0045437909429892,False,21,16,5,5,1.0,1.05625,1.0,0,0,15,16,0.9897610921501706,0.001762114537444934,0.00684931506849315,0.0,0.0,0.7142857142857143,0.7619047619047619,natural,,False
AE_Recon,10,1.0,4690,397,17,4073,203,0.9589371980676328,0.6616666666666666,0.7830374753451677,0.0041564792176039,0.3383333333333333,1156,189,120,1,0.0083333333333333,0.4034046040716044,,,reconstruction,full observed-window nonlinear autoencoder reconstruction MSE,2.730053708073683,False,21,16,5,5,1.0,1.05,1.0,0,0,15,16,0.9897610921501706,0.001762114537444934,0.00684931506849315,0.0,0.0,0.7142857142857143,0.7619047619047619,natural,0.0,True
Mahalanobis,10,1.0,4690,411,15,4075,189,0.9647887323943662,0.685,0.8011695906432749,0.0036674816625916,0.315,1156,189,120,1,0.0083333333333333,72.8194692933187,,,distance,Ledoit-Wolf shrinkage squared Mahalanobis distance,0.0020938339876011,False,21,16,5,5,1.0,1.0,1.0,0,0,16,16,1.0,0.0,0.0,0.0,0.0,0.7619047619047619,0.7619047619047619,natural,,False
kNN20,10,1.0,4690,330,12,4078,270,0.9649122807017544,0.55,0.7006369426751592,0.0029339853300733,0.45,1156,189,120,1,0.0083333333333333,5.399286488970882,,,distance,distance to 20th normal-training neighbor,0.0004252080107107,False,21,14,7,5,1.0,1.092857142857143,1.0,0,0,13,13,0.9063670411985019,0.0,0.17123287671232876,0.0,0.0,0.6190476190476191,0.6190476190476191,natural,,False
GMM,10,1.0,4690,411,17,4073,189,0.9602803738317756,0.685,0.7996108949416343,0.0041564792176039,0.315,1156,189,120,1,0.0083333333333333,23.94140285108337,,,density,negative Gaussian mixture log likelihood,0.9811284580500796,False,21,16,5,5,1.0,1.0,1.0,0,0,16,16,0.9965870307167235,0.000881057268722467,0.0,0.0,0.0,0.7619047619047619,0.7619047619047619,natural,0.0,True
KDE,10,1.0,4690,294,10,4080,306,0.9671052631578948,0.49,0.6504424778761062,0.0024449877750611,0.51,1156,189,120,1,0.0083333333333333,47.46128328086525,,,density,negative Gaussian kernel log density,1.3069043749710545,False,21,16,5,5,1.0,1.1,1.25,0,0,12,16,0.8192771084337349,0.000881057268722467,0.3013698630136986,0.0,0.0,0.5714285714285714,0.7619047619047619,natural,,False
LOF20,10,1.0,4690,403,23,4067,197,0.9460093896713616,0.6716666666666666,0.7855750487329435,0.0056234718826405,0.3283333333333333,1156,189,120,2,0.0166666666666666,1.4445523411532724,,,local_density,negative novelty-mode LOF score_samples,0.1359490000177174,False,21,16,5,5,1.0,1.05,1.0,0,0,15,16,0.9931972789115646,0.001762114537444934,0.0,0.0,0.0,0.7142857142857143,0.7619047619047619,natural,,False
IsolationForest,10,1.0,4690,168,1,4089,432,0.9940828402366864,0.28,0.4369310793237971,0.0002444987775061,0.72,1156,189,120,1,0.0083333333333333,0.5673016454347876,,,isolation,negative IsolationForest score_samples,0.0812379999551922,False,21,13,8,5,1.0,1.6692307692307695,3.3800000000000012,0,0,8,10,0.5177664974619289,0.0,0.6506849315068494,0.0,0.0,0.38095238095238093,0.47619047619047616,natural,0.0,True
OCSVM,10,1.0,4690,267,5,4085,333,0.9816176470588236,0.445,0.6123853211009175,0.0012224938875305,0.555,1156,189,120,1,0.0083333333333333,0.5355901860318472,,,boundary,negative RBF OneClassSVM decision_function,0.0183326250407844,False,21,14,7,5,1.0,1.1928571428571428,1.5800000000000003,0,0,11,13,0.7574468085106383,0.0,0.3904109589041096,0.0,0.0,0.5238095238095238,0.6190476190476191,natural,,False
RobustMAD,10,1.0,4690,146,3,4087,454,0.9798657718120806,0.2433333333333333,0.3898531375166889,0.0007334963325183,0.7566666666666667,1156,189,120,3,0.025,3.1476015775965864,,,robust_statistic,max absolute current-sensor robust z score; history unused,0.000605292036198,False,21,13,8,5,1.0,1.7615384615384615,3.94,0,0,7,10,0.5865384615384616,0.000881057268722467,0.5821917808219178,0.0,0.0,0.3333333333333333,0.47619047619047616,natural,,False
Persistence,15,1.5,4690,76,0,4090,524,1.0,0.1266666666666666,0.2248520710059171,0.0,0.8733333333333333,1660,269,120,0,0.0,6.711709216881692,1.2355496324698558,1.2823984864212556,forecast,next-sample standardized MSE,3.749737516045571e-07,False,21,13,8,7,1.7,2.3615384615384616,3.96,0,0,0,7,0.41304347826086957,0.0,0.7397260273972602,0.0,0.0,0.0,0.3333333333333333,natural,,False
VAR_Ridge,15,1.5,4690,324,2,4088,276,0.9938650306748468,0.54,0.6997840172786177,0.0004889975550122,0.46,1660,269,120,1,0.0083333333333333,0.3335520653393058,0.0551105303562054,0.0574927452658682,forecast,next-sample standardized MSE,0.0010677499230951,False,21,14,7,7,1.5,1.5214285714285716,1.6,0,0,0,14,0.9897610921501706,0.001762114537444934,0.00684931506849315,0.0,0.0,0.0,0.6666666666666666,natural,,False
MLP32,15,1.5,4690,320,4,4086,280,0.9876543209876544,0.5333333333333333,0.6926406926406926,0.0009779951100244,0.4666666666666667,1660,269,120,2,0.0166666666666666,0.3359336413759575,0.0488692806955385,0.0494651325870451,forecast,next-sample standardized MSE,0.4990764169488102,False,21,14,7,7,1.5,1.5,1.5,0,0,0,14,0.9896907216494846,0.000881057268722467,0.0136986301369863,0.0,0.0,0.0,0.6666666666666666,natural,0.0,True
AR,15,1.5,4690,304,6,4084,296,0.9806451612903224,0.5066666666666667,0.6681318681318681,0.0014669926650366,0.4933333333333333,1660,269,120,3,0.025,0.5810738443036435,0.0838091850130615,0.0868212871960694,forecast,next-sample standardized MSE,0.000889291986823,False,21,14,7,7,1.5,1.5214285714285716,1.57,0,0,0,14,0.9543859649122807,0.0026431718061674008,0.0684931506849315,0.0,0.0,0.0,0.6666666666666666,natural,,False
AR_Relation,15,1.5,4690,304,6,4084,296,0.9806451612903224,0.5066666666666667,0.6681318681318681,0.0014669926650366,0.4933333333333333,1660,269,120,3,0.025,0.5518991547407232,0.0792550794029536,0.0798193003943966,forecast,next-sample standardized MSE,0.0025781249860301,False,21,14,7,7,1.5,1.5142857142857142,1.5,0,0,0,14,0.9432624113475178,0.0026431718061674008,0.08904109589041095,0.0,0.0,0.0,0.6666666666666666,natural,,False
LSTM32,15,1.5,4690,317,6,4084,283,0.9814241486068112,0.5283333333333333,0.6868905742145178,0.0014669926650366,0.4716666666666667,1660,269,120,5,0.0416666666666666,0.3669850871826181,0.0618065709748567,0.0672734153993548,forecast,next-sample standardized MSE,14.391790374997072,False,21,14,7,7,1.5,1.5071428571428571,1.5,0,0,0,14,0.9724137931034482,0.0026431718061674008,0.03424657534246575,0.0,0.0,0.0,0.6666666666666666,natural,0.0,True
GRU32,15,1.5,4690,308,5,4085,292,0.9840255591054312,0.5133333333333333,0.6746987951807228,0.0012224938875305,0.4866666666666667,1660,269,120,2,0.0166666666666666,0.3492952482869125,0.0528927868712536,0.057768884750466,forecast,next-sample standardized MSE,13.757275666925125,False,21,14,7,7,1.5,1.5142857142857142,1.57,0,0,0,14,0.972027972027972,0.000881057268722467,0.04794520547945205,0.0,0.0,0.0,0.6666666666666666,natural,0.0,True
PCA_Recon,15,1.5,4690,327,13,4077,273,0.961764705882353,0.545,0.6957446808510638,0.0031784841075794,0.455,1660,269,120,1,0.0083333333333333,0.3847738631361133,,,reconstruction,full observed-window PCA reconstruction MSE,0.0073776250937953,False,21,14,7,7,1.5,1.5285714285714285,1.5,0,0,0,14,0.9965870307167235,0.000881057268722467,0.0,0.0,0.0,0.0,0.6666666666666666,natural,,False
AE_Recon,15,1.5,4690,327,13,4077,273,0.961764705882353,0.545,0.6957446808510638,0.0031784841075794,0.455,1660,269,120,1,0.0083333333333333,0.5162314223636649,,,reconstruction,full observed-window nonlinear autoencoder reconstruction MSE,2.2145922500640154,False,21,14,7,7,1.5,1.5285714285714285,1.5,0,0,0,14,0.9931972789115646,0.001762114537444934,0.0,0.0,0.0,0.0,0.6666666666666666,natural,0.0,True
Mahalanobis,15,1.5,4690,331,12,4078,269,0.9650145772594751,0.5516666666666666,0.7020148462354189,0.0029339853300733,0.4483333333333333,1660,269,120,1,0.0083333333333333,96.96701531916518,,,distance,Ledoit-Wolf shrinkage squared Mahalanobis distance,0.0024281250080093,False,21,14,7,7,1.5,1.5,1.5,0,0,0,14,1.0,0.0,0.0,0.0,0.0,0.0,0.6666666666666666,natural,,False
kNN20,15,1.5,4690,300,12,4078,300,0.9615384615384616,0.5,0.6578947368421053,0.0029339853300733,0.5,1660,269,120,1,0.0083333333333333,6.596574179353379,,,distance,distance to 20th normal-training neighbor,0.0004392500268295,False,21,13,8,7,1.5,1.5692307692307692,1.5,0,0,0,12,0.9790209790209791,0.0,0.0410958904109589,0.0,0.0,0.0,0.5714285714285714,natural,,False
GMM,15,1.5,4690,331,21,4069,269,0.9403409090909092,0.5516666666666666,0.6953781512605042,0.0051344743276283,0.4483333333333333,1660,269,120,1,0.0083333333333333,13.29445241528659,,,density,negative Gaussian mixture log likelihood,0.5584807079285383,False,21,14,7,7,1.5,1.5,1.5,0,0,0,14,0.9798657718120806,0.0052863436123348016,0.0,0.0,0.0,0.0,0.6666666666666666,natural,0.0,True
KDE,15,1.5,4690,260,13,4077,340,0.9523809523809524,0.4333333333333333,0.5956471935853379,0.0031784841075794,0.5666666666666667,1660,269,120,1,0.0083333333333333,199.6295008686752,,,density,negative Gaussian kernel log density,1.0666530830785632,False,21,14,7,7,1.5,1.5571428571428572,1.5,0,0,0,13,0.8636363636363636,0.003524229074889868,0.2191780821917808,0.0,0.0,0.0,0.6190476190476191,natural,,False
LOF20,15,1.5,4690,329,22,4068,271,0.9373219373219374,0.5483333333333333,0.6919032597266036,0.0053789731051344,0.4516666666666666,1660,269,120,1,0.0083333333333333,1.405125578263137,,,local_density,negative novelty-mode LOF score_samples,0.0966249160701409,False,21,14,7,7,1.5,1.5142857142857142,1.5,0,0,0,14,0.9765886287625418,0.006167400881057269,0.0,0.0,0.0,0.0,0.6666666666666666,natural,,False
IsolationForest,15,1.5,4690,161,0,4090,439,1.0,0.2683333333333333,0.4231274638633377,0.0,0.7316666666666667,1660,269,120,0,0.0,0.5569275016336303,,,isolation,negative IsolationForest score_samples,0.079528332920745,False,21,13,8,7,1.5,1.9923076923076928,3.300000000000001,0,0,0,10,0.5686274509803921,0.0,0.6027397260273972,0.0,0.0,0.0,0.47619047619047616,natural,0.0,True
OCSVM,15,1.5,4690,237,2,4088,363,0.99163179916318,0.395,0.564958283671037,0.0004889975550122,0.605,1660,269,120,1,0.0083333333333333,0.5848676361818131,,,boundary,negative RBF OneClassSVM decision_function,0.0158097909297794,False,21,13,8,7,1.5,1.646153846153846,1.66,0,0,0,12,0.8273092369477911,0.0,0.2945205479452055,0.0,0.0,0.0,0.5714285714285714,natural,,False
RobustMAD,15,1.5,4690,114,2,4088,486,0.9827586206896552,0.19,0.3184357541899441,0.0004889975550122,0.81,1660,269,120,2,0.0166666666666666,3.1395583371903086,,,robust_statistic,max absolute current-sensor robust z score; history unused,0.000336333992891,False,21,13,8,7,1.7,2.276923076923077,3.94,0,0,0,8,0.5865384615384616,0.000881057268722467,0.5821917808219178,0.0,0.0,0.0,0.38095238095238093,natural,,False
Persistence,20,2.0,4690,60,0,4090,540,1.0,0.1,0.1818181818181818,0.0,0.9,2132,337,120,0,0.0,6.822648005107623,1.2375035032518644,1.2823984864212556,forecast,next-sample standardized MSE,8.329516276717186e-07,False,21,10,11,8,2.3499999999999996,2.78,4.119999999999999,0,0,0,3,0.41304347826086957,0.0,0.7397260273972602,0.0,0.0,0.0,0.14285714285714285,natural,,False
VAR_Ridge,20,2.0,4690,262,3,4087,338,0.9886792452830188,0.4366666666666666,0.6057803468208093,0.0007334963325183,0.5633333333333334,2132,337,120,2,0.0166666666666666,0.2115568483018663,0.0414318025330893,0.043232475519241,forecast,next-sample standardized MSE,0.0010331249795854,False,21,13,8,8,2.0,2.0,2.0,0,0,0,13,0.9863945578231292,0.0026431718061674008,0.00684931506849315,0.0,0.0,0.0,0.6190476190476191,natural,,False
MLP32,20,2.0,4690,259,7,4083,341,0.9736842105263158,0.4316666666666666,0.5981524249422633,0.0017114914425427,0.5683333333333334,2132,337,120,5,0.0416666666666666,0.2398442652702225,0.0439655867762064,0.0458349242092968,forecast,next-sample standardized MSE,0.4185779999243095,True,21,13,8,8,2.0,2.0,2.0,0,0,0,13,0.9863945578231292,0.0026431718061674008,0.00684931506849315,0.0,0.0,0.0,0.6190476190476191,natural,0.0,True
AR,20,2.0,4690,261,5,4085,339,0.981203007518797,0.435,0.6027713625866051,0.0012224938875305,0.565,2132,337,120,4,0.0333333333333333,0.3897899199090072,0.0627120610571394,0.0650342977850483,forecast,next-sample standardized MSE,0.0010207090526819,False,21,13,8,8,2.0,2.0,2.0,0,0,0,13,0.9897610921501706,0.001762114537444934,0.00684931506849315,0.0,0.0,0.0,0.6190476190476191,natural,,False
AR_Relation,20,2.0,4690,261,5,4085,339,0.981203007518797,0.435,0.6027713625866051,0.0012224938875305,0.565,2132,337,120,4,0.0333333333333333,0.3475336212821264,0.0598651908221513,0.0610633406206254,forecast,next-sample standardized MSE,0.0026315840659663,False,21,13,8,8,2.0,2.0,2.0,0,0,0,13,0.9897610921501706,0.001762114537444934,0.00684931506849315,0.0,0.0,0.0,0.6190476190476191,natural,,False
LSTM32,20,2.0,4690,251,8,4082,349,0.9691119691119692,0.4183333333333333,0.5844004656577415,0.0019559902200488,0.5816666666666667,2132,337,120,4,0.0333333333333333,0.3505210567808091,0.0659880484484384,0.0696308231105147,forecast,next-sample standardized MSE,15.48021387506742,False,21,13,8,8,2.0,2.0076923076923077,2.0,0,0,0,12,0.9655172413793104,0.003524229074889868,0.0410958904109589,0.0,0.0,0.0,0.5714285714285714,natural,0.0,True
GRU32,20,2.0,4690,251,4,4086,349,0.984313725490196,0.4183333333333333,0.5871345029239766,0.0009779951100244,0.5816666666666667,2132,337,120,2,0.0166666666666666,0.2601989504332999,0.0447140883868773,0.0456024489031746,forecast,next-sample standardized MSE,12.930903834057972,True,21,13,8,8,2.0,2.0,2.0,0,0,0,13,0.972027972027972,0.000881057268722467,0.04794520547945205,0.0,0.0,0.0,0.6190476190476191,natural,0.0,True
PCA_Recon,20,2.0,4690,263,14,4076,337,0.9494584837545126,0.4383333333333333,0.5997719498289624,0.0034229828850855,0.5616666666666666,2132,337,120,1,0.0083333333333333,0.4148768096358525,,,reconstruction,full observed-window PCA reconstruction MSE,0.0084534579655155,False,21,13,8,8,2.0,2.0,2.0,0,0,0,13,0.9864864864864865,0.003524229074889868,0.0,0.0,0.0,0.0,0.6190476190476191,natural,,False
AE_Recon,20,2.0,4690,263,11,4079,337,0.95985401459854,0.4383333333333333,0.6018306636155606,0.0026894865525672,0.5616666666666666,2132,337,120,1,0.0083333333333333,0.5166548642594826,,,reconstruction,full observed-window nonlinear autoencoder reconstruction MSE,1.7411699580261484,False,21,13,8,8,2.0,2.0,2.0,0,0,0,13,0.9965870307167235,0.000881057268722467,0.0,0.0,0.0,0.0,0.6190476190476191,natural,0.0,True
Mahalanobis,20,2.0,4690,263,11,4079,337,0.95985401459854,0.4383333333333333,0.6018306636155606,0.0026894865525672,0.5616666666666666,2132,337,120,1,0.0083333333333333,134.7199403078929,,,distance,Ledoit-Wolf shrinkage squared Mahalanobis distance,0.0024780409876257,False,21,13,8,8,2.0,2.0,2.0,0,0,0,13,0.9965870307167235,0.000881057268722467,0.0,0.0,0.0,0.0,0.6190476190476191,natural,,False
kNN20,20,2.0,4690,244,11,4079,356,0.9568627450980391,0.4066666666666667,0.5707602339181287,0.0026894865525672,0.5933333333333334,2132,337,120,1,0.0083333333333333,7.75175543795734,,,distance,distance to 20th normal-training neighbor,0.0005179999861866,False,21,12,9,8,2.0,2.066666666666667,2.0,0,0,0,11,0.9931506849315068,0.000881057268722467,0.00684931506849315,0.0,0.0,0.0,0.5238095238095238,natural,,False
GMM,20,2.0,4690,263,0,4090,337,1.0,0.4383333333333333,0.6095017381228274,0.0,0.5616666666666666,2132,337,120,0,0.0,-4.821296047338107,,,density,negative Gaussian mixture log likelihood,0.9130089998943732,False,21,13,8,8,2.0,2.0,2.0,0,0,0,13,1.0,0.0,0.0,0.0,0.0,0.0,0.6190476190476191,natural,0.0,True
KDE,20,2.0,4690,210,10,4080,390,0.9545454545454546,0.35,0.5121951219512195,0.0024449877750611,0.65,2132,337,120,1,0.0083333333333333,281.8729940177958,,,density,negative Gaussian kernel log density,0.736302207922563,False,21,13,8,8,2.0,2.0384615384615383,2.08,0,0,0,11,0.8830188679245283,0.001762114537444934,0.19863013698630136,0.0,0.0,0.0,0.5238095238095238,natural,,False
LOF20,20,2.0,4690,263,24,4066,337,0.9163763066202092,0.4383333333333333,0.593010146561443,0.0058679706601467,0.5616666666666666,2132,337,120,1,0.0083333333333333,1.379059514169103,,,local_density,negative novelty-mode LOF score_samples,0.0689190420089289,False,21,13,8,8,2.0,2.0,2.0,0,0,0,13,0.954248366013072,0.012334801762114538,0.0,0.0,0.0,0.0,0.6190476190476191,natural,,False
IsolationForest,20,2.0,4690,115,0,4090,485,1.0,0.1916666666666666,0.3216783216783216,0.0,0.8083333333333333,2132,337,120,0,0.0,0.5579894994921736,,,isolation,negative IsolationForest score_samples,0.0822894999291747,False,21,11,10,8,2.0,2.227272727272727,2.4,0,0,0,8,0.5686274509803921,0.0,0.6027397260273972,0.0,0.0,0.0,0.38095238095238093,natural,0.0,True
OCSVM,20,2.0,4690,205,6,4084,395,0.971563981042654,0.3416666666666667,0.5055487053020962,0.0014669926650366,0.6583333333333333,2132,337,120,1,0.0083333333333333,0.5782519926988889,,,boundary,negative RBF OneClassSVM decision_function,0.0154392920667305,False,21,12,9,8,2.0,2.1083333333333334,2.0,0,0,0,11,0.8854961832061069,0.0,0.2054794520547945,0.0,0.0,0.0,0.5238095238095238,natural,,False
RobustMAD,20,2.0,4690,89,1,4089,511,0.9888888888888888,0.1483333333333333,0.2579710144927536,0.0002444987775061,0.8516666666666667,2132,337,120,1,0.0083333333333333,3.15003824002752,,,robust_statistic,max absolute current-sensor robust z score; history unused,0.0004622919950634,False,21,10,11,8,2.25,2.72,4.119999999999999,0,0,0,4,0.5865384615384616,0.000881057268722467,0.5821917808219178,0.0,0.0,0.0,0.19047619047619047,natural,,False
Persistence,30,3.0,4690,38,0,4090,562,1.0,0.0633333333333333,0.1191222570532915,0.0,0.9366666666666666,2955,454,120,0,0.0,6.8743550013583885,1.2823984864212556,1.2823984864212556,forecast,next-sample standardized MSE,8.749775588512421e-07,False,21,5,16,11,3.4,3.5799999999999996,4.22,0,0,0,0,0.41304347826086957,0.0,0.7397260273972602,0.0,0.0,0.0,0.0,natural,,False
VAR_Ridge,30,3.0,4690,146,12,4078,454,0.9240506329113924,0.2433333333333333,0.3852242744063324,0.0029339853300733,0.7566666666666667,2955,454,120,10,0.0833333333333333,0.1511288345470582,0.0334057219068533,0.0334057219068533,forecast,next-sample standardized MSE,0.0016028749523684,True,21,10,11,11,3.0,3.0,3.0,0,0,0,0,0.9605263157894737,0.010572687224669603,0.0,0.0,0.0,0.0,0.0,natural,,False
MLP32,30,3.0,4690,138,4,4086,462,0.971830985915493,0.23,0.3719676549865229,0.0009779951100244,0.77,2955,454,120,4,0.0333333333333333,0.2712070551215031,0.0459963247072195,0.0459963247072195,forecast,next-sample standardized MSE,0.2752467499813065,False,21,10,11,11,3.0,3.0,3.0,0,0,0,0,0.9583333333333334,0.003524229074889868,0.0547945205479452,0.0,0.0,0.0,0.0,natural,0.0,True
AR,30,3.0,4690,146,2,4088,454,0.9864864864864864,0.2433333333333333,0.3903743315508021,0.0004889975550122,0.7566666666666667,2955,454,120,2,0.0166666666666666,0.3035218940268639,0.0508836440404761,0.0508836440404761,forecast,next-sample standardized MSE,0.0009460420114919,True,21,10,11,11,3.0,3.0,3.0,0,0,0,0,0.9931972789115646,0.001762114537444934,0.0,0.0,0.0,0.0,0.0,natural,,False
AR_Relation,30,3.0,4690,146,2,4088,454,0.9864864864864864,0.2433333333333333,0.3903743315508021,0.0004889975550122,0.7566666666666667,2955,454,120,2,0.0166666666666666,0.3026936219200468,0.0493577892751181,0.0493577892751181,forecast,next-sample standardized MSE,0.0016637500375509,True,21,10,11,11,3.0,3.0,3.0,0,0,0,0,0.9931972789115646,0.001762114537444934,0.0,0.0,0.0,0.0,0.0,natural,,False
LSTM32,30,3.0,4690,134,5,4085,466,0.9640287769784172,0.2233333333333333,0.3626522327469553,0.0012224938875305,0.7766666666666666,2955,454,120,5,0.0416666666666666,0.6027714010168891,0.1063795937659338,0.1063795937659338,forecast,next-sample standardized MSE,13.871500708977692,False,21,10,11,11,3.0,3.04,3.2,0,0,0,0,0.9403508771929825,0.004405286343612335,0.0821917808219178,0.0,0.0,0.0,0.0,natural,0.0,True
GRU32,30,3.0,4690,137,0,4090,463,1.0,0.2283333333333333,0.3717774762550881,0.0,0.7716666666666666,2955,454,120,0,0.0,0.4256209025924597,0.0671805307844516,0.0671805307844516,forecast,next-sample standardized MSE,11.595412665978074,False,21,10,11,11,3.0,3.0,3.0,0,0,0,0,0.9681978798586572,0.0,0.06164383561643835,0.0,0.0,0.0,0.0,natural,0.0,True
PCA_Recon,30,3.0,4690,146,7,4083,454,0.954248366013072,0.2433333333333333,0.3877822045152722,0.0017114914425427,0.7566666666666667,2955,454,120,1,0.0083333333333333,0.4234196830984901,,,reconstruction,full observed-window PCA reconstruction MSE,0.0094979159766808,False,21,10,11,11,3.0,3.0,3.0,0,0,0,0,0.9765886287625418,0.006167400881057269,0.0,0.0,0.0,0.0,0.0,natural,,False
AE_Recon,30,3.0,4690,146,10,4080,454,0.935897435897436,0.2433333333333333,0.3862433862433862,0.0024449877750611,0.7566666666666667,2955,454,120,1,0.0083333333333333,0.5566726049105407,,,reconstruction,full observed-window nonlinear autoencoder reconstruction MSE,1.1544693330070004,False,21,10,11,11,3.0,3.0,3.0,0,0,0,0,0.9668874172185431,0.00881057268722467,0.0,0.0,0.0,0.0,0.0,natural,0.0,True
Mahalanobis,30,3.0,4690,146,0,4090,454,1.0,0.2433333333333333,0.3914209115281501,0.0,0.7566666666666667,2955,454,120,0,0.0,211.332387536153,,,distance,Ledoit-Wolf shrinkage squared Mahalanobis distance,0.0025791659718379,False,21,10,11,11,3.0,3.0,3.0,0,0,0,0,1.0,0.0,0.0,0.0,0.0,0.0,0.0,natural,,False
kNN20,30,3.0,4690,142,2,4088,458,0.9861111111111112,0.2366666666666666,0.3817204301075269,0.0004889975550122,0.7633333333333333,2955,454,120,1,0.0083333333333333,10.127971004808286,,,distance,distance to 20th normal-training neighbor,0.0004158329684287,False,21,9,12,11,3.0,3.033333333333333,3.06,0,0,0,0,0.9793103448275862,0.001762114537444934,0.0273972602739726,0.0,0.0,0.0,0.0,natural,,False
GMM,30,3.0,4690,146,0,4090,454,1.0,0.2433333333333333,0.3914209115281501,0.0,0.7566666666666667,2955,454,120,0,0.0,26.05100559459507,,,density,negative Gaussian mixture log likelihood,1.3858182079857215,False,21,10,11,11,3.0,3.0,3.0,0,0,0,0,1.0,0.0,0.0,0.0,0.0,0.0,0.0,natural,0.0,True
KDE,30,3.0,4690,134,5,4085,466,0.9640287769784172,0.2233333333333333,0.3626522327469553,0.0012224938875305,0.7766666666666666,2955,454,120,1,0.0083333333333333,156.43519335177606,,,density,negative Gaussian kernel log density,0.3875442499993369,False,21,9,12,11,3.0,3.0,3.0,0,0,0,0,0.9403508771929825,0.004405286343612335,0.0821917808219178,0.0,0.0,0.0,0.0,natural,,False
LOF20,30,3.0,4690,146,14,4076,454,0.9125,0.2433333333333333,0.3842105263157894,0.0034229828850855,0.7566666666666667,2955,454,120,1,0.0083333333333333,1.337037366857292,,,local_density,negative novelty-mode LOF score_samples,0.028220499982126,False,21,10,11,11,3.0,3.0,3.0,0,0,0,0,0.954248366013072,0.012334801762114538,0.0,0.0,0.0,0.0,0.0,natural,,False
IsolationForest,30,3.0,4690,67,1,4089,533,0.9852941176470588,0.1116666666666666,0.2005988023952095,0.0002444987775061,0.8883333333333333,2955,454,120,1,0.0083333333333333,0.5592005687433657,,,isolation,negative IsolationForest score_samples,0.0722757920157164,False,21,7,14,11,3.0,3.2714285714285714,3.9,0,0,0,0,0.6261682242990654,0.000881057268722467,0.541095890410959,0.0,0.0,0.0,0.0,natural,0.0,True
OCSVM,30,3.0,4690,131,9,4081,469,0.9357142857142856,0.2183333333333333,0.354054054054054,0.002200488997555,0.7816666666666666,2955,454,120,1,0.0083333333333333,0.4038529115282137,,,boundary,negative RBF OneClassSVM decision_function,0.0103732079733163,False,21,9,12,11,3.0,3.0444444444444443,3.08,0,0,0,0,0.916083916083916,0.007929515418502203,0.10273972602739725,0.0,0.0,0.0,0.0,natural,,False
RobustMAD,30,3.0,4690,61,1,4089,539,0.9838709677419356,0.1016666666666666,0.1842900302114803,0.0002444987775061,0.8983333333333333,2955,454,120,1,0.0083333333333333,3.3058317915295596,,,robust_statistic,max absolute current-sensor robust z score; history unused,0.0002156670670956,False,21,5,16,11,3.3,3.56,4.22,0,0,0,0,0.5865384615384616,0.000881057268722467,0.5821917808219178,0.0,0.0,0.0,0.0,natural,,False
MLP32,1,0.1,4690,227,6,4084,373,0.9742489270386266,0.3783333333333333,0.5450180072028812,0.0014669926650366,0.6216666666666667,120,21,120,3,0.025,3.3789572460445085,0.6025667888703051,0.6205945315223131,forecast,next-sample standardized MSE,0.8308395000640303,False,21,18,3,0,0.1,0.4944444444444444,1.4200000000000004,13,14,15,17,0.6037735849056604,0.001762114537444934,0.5616438356164384,0.6190476190476191,0.6666666666666666,0.7142857142857143,0.8095238095238095,natural,1.0,True
LSTM32,1,0.1,4690,236,4,4086,364,0.9833333333333332,0.3933333333333333,0.5619047619047619,0.0009779951100244,0.6066666666666667,120,21,120,3,0.025,3.508068036615492,0.5982902344846829,0.6131207909264215,forecast,next-sample standardized MSE,5.806059624999762,False,21,18,3,0,0.1,0.4944444444444444,1.4200000000000004,13,14,15,17,0.5971563981042654,0.001762114537444934,0.5684931506849316,0.6190476190476191,0.6666666666666666,0.7142857142857143,0.8095238095238095,natural,1.0,True
GRU32,1,0.1,4690,234,5,4085,366,0.9790794979079498,0.39,0.5578069129916567,0.0012224938875305,0.61,120,21,120,3,0.025,3.4617485363759273,0.6018957731410489,0.6181787183111092,forecast,next-sample standardized MSE,4.700633667060174,False,21,18,3,0,0.1,0.4944444444444444,1.4200000000000004,13,14,15,17,0.583732057416268,0.001762114537444934,0.5821917808219178,0.6190476190476191,0.6666666666666666,0.7142857142857143,0.8095238095238095,natural,1.0,True
AE_Recon,1,0.1,4690,273,8,4082,327,0.9715302491103204,0.455,0.619750283768445,0.0019559902200488,0.545,120,21,120,5,0.0416666666666666,1.3688373345348797,,,reconstruction,full observed-window nonlinear autoencoder reconstruction MSE,4.162986291921698,False,21,18,3,0,0.1,0.4,1.3,13,14,15,18,0.6267281105990783,0.0026431718061674008,0.5342465753424658,0.6190476190476191,0.6666666666666666,0.7142857142857143,0.8571428571428571,natural,1.0,True
GMM,1,0.1,4690,303,9,4081,297,0.971153846153846,0.505,0.6644736842105263,0.002200488997555,0.495,120,21,120,3,0.025,12.835599148283144,,,density,negative Gaussian mixture log likelihood,0.8350315410643816,False,21,19,2,0,0.1,0.3526315789473684,0.92,13,15,18,19,0.7017543859649122,0.001762114537444934,0.4520547945205479,0.6190476190476191,0.7142857142857143,0.8571428571428571,0.9047619047619048,natural,1.0,True
IsolationForest,1,0.1,4690,187,3,4087,413,0.9842105263157894,0.3116666666666666,0.4734177215189873,0.0007334963325183,0.6883333333333334,120,21,120,3,0.025,0.615352475151157,,,isolation,negative IsolationForest score_samples,0.1264086250448599,False,21,18,3,0,0.15,0.7777777777777778,2.250000000000001,11,13,14,16,0.5226130653266332,0.000881057268722467,0.6438356164383562,0.5238095238095238,0.6190476190476191,0.6666666666666666,0.7619047619047619,natural,1.0,True
MLP32,2,0.2,4690,285,8,4082,315,0.9726962457337884,0.475,0.6382978723404256,0.0019559902200488,0.525,239,42,120,3,0.025,2.081735739866355,0.2948124202055054,0.3100557328109596,forecast,next-sample standardized MSE,0.7990938329603523,False,21,19,2,0,0.2,0.4157894736842105,0.8399999999999999,11,15,18,19,0.6929824561403509,0.0026431718061674008,0.4589041095890411,0.5238095238095238,0.7142857142857143,0.8571428571428571,0.9047619047619048,natural,1.0,True
LSTM32,2,0.2,4690,309,10,4080,291,0.9686520376175548,0.515,0.6724700761697497,0.0024449877750611,0.485,239,42,120,4,0.0333333333333333,1.966023940220764,0.2798649298112753,0.2905465623274122,forecast,next-sample standardized MSE,6.176107000093907,False,21,20,1,0,0.2,0.4049999999999999,0.8,13,15,19,20,0.7288135593220338,0.003524229074889868,0.410958904109589,0.6190476190476191,0.7142857142857143,0.9047619047619048,0.9523809523809523,natural,1.0,True
GRU32,2,0.2,4690,303,10,4080,297,0.9680511182108626,0.505,0.6637458926615553,0.0024449877750611,0.495,239,42,120,5,0.0416666666666666,1.9951963821748309,0.2844820109379763,0.2995413169145959,forecast,next-sample standardized MSE,5.839968458050862,False,21,20,1,0,0.2,0.4049999999999999,0.8,13,15,19,20,0.7319148936170212,0.0026431718061674008,0.410958904109589,0.6190476190476191,0.7142857142857143,0.9047619047619048,0.9523809523809523,natural,1.0,True
AE_Recon,2,0.2,4690,270,11,4079,330,0.9608540925266904,0.45,0.6129398410896708,0.0026894865525672,0.55,239,42,120,4,0.0333333333333333,1.450967300949381,,,reconstruction,full observed-window nonlinear autoencoder reconstruction MSE,3.9845384169602767,False,21,18,3,0,0.2,0.4722222222222222,1.3,13,14,15,17,0.641860465116279,0.0,0.5273972602739726,0.6190476190476191,0.6666666666666666,0.7142857142857143,0.8095238095238095,natural,1.0,True
GMM,2,0.2,4690,516,9,4081,84,0.9828571428571428,0.86,0.9173333333333332,0.002200488997555,0.14,239,42,120,2,0.0166666666666666,15.522095561851518,,,density,negative Gaussian mixture log likelihood,0.1372196250595152,False,21,21,0,0,0.2,0.2142857142857143,0.3,18,21,21,21,0.971830985915493,0.0,0.0547945205479452,0.8571428571428571,1.0,1.0,1.0,natural,1.0,True
IsolationForest,2,0.2,4690,201,3,4087,399,0.9852941176470588,0.335,0.5,0.0007334963325183,0.665,239,42,120,3,0.025,0.6067736857390713,,,isolation,negative IsolationForest score_samples,0.1017009579809382,False,21,17,4,0,0.2,0.8705882352941177,2.4400000000000004,10,12,13,15,0.5517241379310345,0.000881057268722467,0.6164383561643836,0.47619047619047616,0.5714285714285714,0.6190476190476191,0.7142857142857143,natural,1.0,True
MLP32,3,0.3,4690,290,12,4078,310,0.9602649006622516,0.4833333333333333,0.6430155210643016,0.0029339853300733,0.5166666666666667,358,63,120,4,0.0333333333333333,1.7099306048853364,0.2516116432297646,0.2726367385537809,forecast,next-sample standardized MSE,0.7193691660650074,False,21,18,3,1,0.3,0.4722222222222222,0.93,0,15,17,18,0.7186147186147186,0.001762114537444934,0.4315068493150685,0.0,0.7142857142857143,0.8095238095238095,0.8571428571428571,natural,1.0,True
LSTM32,3,0.3,4690,287,13,4077,313,0.9566666666666668,0.4783333333333333,0.6377777777777778,0.0031784841075794,0.5216666666666666,358,63,120,6,0.05,1.7741400256612228,0.2368884227348332,0.246666342685204,forecast,next-sample standardized MSE,5.548302208073437,False,21,18,3,1,0.3,0.4722222222222222,0.93,0,15,17,18,0.7404255319148936,0.001762114537444934,0.4041095890410959,0.0,0.7142857142857143,0.8095238095238095,0.8571428571428571,natural,1.0,True
GRU32,3,0.3,4690,265,9,4081,335,0.9671532846715328,0.4416666666666666,0.6064073226544623,0.002200488997555,0.5583333333333333,358,63,120,4,0.0333333333333333,1.722720505500771,0.2342127053194647,0.2459355140963775,forecast,next-sample standardized MSE,6.971840042038821,False,21,18,3,1,0.3,0.55,1.06,0,12,16,18,0.7105263157894737,0.000881057268722467,0.4452054794520548,0.0,0.5714285714285714,0.7619047619047619,0.8571428571428571,natural,1.0,True
AE_Recon,3,0.3,4690,330,12,4078,270,0.9649122807017544,0.55,0.7006369426751592,0.0029339853300733,0.45,358,63,120,3,0.025,0.9293582103177084,,,reconstruction,full observed-window nonlinear autoencoder reconstruction MSE,3.928147042053752,False,21,17,4,1,0.3,0.4411764705882353,0.6000000000000002,0,15,16,17,0.7510548523206751,0.001762114537444934,0.3904109589041096,0.0,0.7142857142857143,0.7619047619047619,0.8095238095238095,natural,1.0,True
GMM,3,0.3,4690,528,12,4078,72,0.9777777777777776,0.88,0.9263157894736842,0.0029339853300733,0.12,358,63,120,1,0.0083333333333333,17.190355713905877,,,density,negative Gaussian mixture log likelihood,0.3334529589628801,False,21,20,1,1,0.3,0.305,0.3,0,20,20,20,0.9965635738831615,0.0,0.00684931506849315,0.0,0.9523809523809523,0.9523809523809523,0.9523809523809523,natural,1.0,True
IsolationForest,3,0.3,4690,207,1,4089,393,0.9951923076923076,0.345,0.5123762376237624,0.0002444987775061,0.655,358,63,120,1,0.0083333333333333,0.5892618506105773,,,isolation,negative IsolationForest score_samples,0.101883832947351,False,21,16,5,1,0.3,0.975,2.65,0,11,12,14,0.5658536585365853,0.000881057268722467,0.6027397260273972,0.0,0.5238095238095238,0.5714285714285714,0.6666666666666666,natural,1.0,True
MLP32,5,0.5,4690,348,8,4082,252,0.9775280898876404,0.58,0.7280334728033473,0.0019559902200488,0.42,593,101,120,4,0.0333333333333333,0.7815720208664338,0.1006962058198011,0.0992079560092946,forecast,next-sample standardized MSE,0.7833740829955786,False,21,17,4,3,0.5,0.6058823529411765,0.64,0,12,16,17,0.84375,0.001762114537444934,0.2602739726027397,0.0,0.5714285714285714,0.7619047619047619,0.8095238095238095,natural,1.0,True
LSTM32,5,0.5,4690,366,6,4084,234,0.9838709677419356,0.61,0.7530864197530864,0.0014669926650366,0.39,593,101,120,2,0.0166666666666666,0.7441505828849417,0.099817522161473,0.0963292599717141,forecast,next-sample standardized MSE,9.853964249952696,False,21,17,4,3,0.5,0.5882352941176471,0.6,0,13,16,17,0.8872180451127819,0.001762114537444934,0.1917808219178082,0.0,0.6190476190476191,0.7619047619047619,0.8095238095238095,natural,1.0,True
GRU32,5,0.5,4690,350,7,4083,250,0.9803921568627452,0.5833333333333334,0.7314524555903866,0.0017114914425427,0.4166666666666667,593,101,120,3,0.025,0.779491777035297,0.0988855650896555,0.0956984546451709,forecast,next-sample standardized MSE,6.018007209058851,False,21,17,4,3,0.5,0.6058823529411764,0.74,0,13,16,17,0.8538461538461538,0.0026431718061674008,0.23972602739726026,0.0,0.6190476190476191,0.7619047619047619,0.8095238095238095,natural,1.0,True
AE_Recon,5,0.5,4690,366,11,4079,234,0.9708222811671088,0.61,0.7492323439099283,0.0026894865525672,0.39,593,101,120,1,0.0083333333333333,0.8342305475105422,,,reconstruction,full observed-window nonlinear autoencoder reconstruction MSE,3.5524161249632016,False,21,15,6,3,0.5,0.6266666666666667,0.7399999999999999,0,13,14,15,0.8725868725868726,0.0,0.22602739726027396,0.0,0.6190476190476191,0.6666666666666666,0.7142857142857143,natural,1.0,True
GMM,5,0.5,4690,499,18,4072,101,0.965183752417795,0.8316666666666667,0.8934646374216652,0.00440097799511,0.1683333333333333,593,101,120,1,0.0083333333333333,21.997828835239748,,,density,negative Gaussian mixture log likelihood,0.4540885000023991,False,21,18,3,3,0.5,0.5,0.5,0,18,18,18,1.0,0.0,0.0,0.0,0.8571428571428571,0.8571428571428571,0.8571428571428571,natural,1.0,True
IsolationForest,5,0.5,4690,202,0,4090,398,1.0,0.3366666666666666,0.5037406483790524,0.0,0.6633333333333333,593,101,120,0,0.0,0.5734727496296758,,,isolation,negative IsolationForest score_samples,0.0989120000740513,False,21,14,7,3,0.5,1.2142857142857142,2.9200000000000017,0,8,9,12,0.5615763546798029,0.0,0.6095890410958904,0.0,0.38095238095238093,0.42857142857142855,0.5714285714285714,natural,1.0,True
MLP32,8,0.8,4690,411,8,4082,189,0.9809069212410502,0.685,0.8066732090284593,0.0019559902200488,0.315,938,155,120,4,0.0333333333333333,0.5277076775663337,0.0753357064861668,0.0717208661600325,forecast,next-sample standardized MSE,0.7191295420052484,False,21,17,4,4,0.8,0.8176470588235295,0.8400000000000001,0,0,17,17,0.9757785467128027,0.001762114537444934,0.03424657534246575,0.0,0.0,0.8095238095238095,0.8095238095238095,natural,1.0,True
LSTM32,8,0.8,4690,396,7,4083,204,0.9826302729528535,0.66,0.7896311066799602,0.0017114914425427,0.34,938,155,120,4,0.0333333333333333,0.5899428637094203,0.0773844279725525,0.0747960422786157,forecast,next-sample standardized MSE,12.8103096249979,False,21,17,4,4,0.8,0.8411764705882353,0.94,0,0,16,17,0.9469964664310954,0.0026431718061674008,0.0821917808219178,0.0,0.0,0.7619047619047619,0.8095238095238095,natural,1.0,True
GRU32,8,0.8,4690,388,6,4084,212,0.9847715736040608,0.6466666666666666,0.7806841046277666,0.0014669926650366,0.3533333333333333,938,155,120,5,0.0416666666666666,0.5817515070154867,0.0740242732503108,0.0731637820681674,forecast,next-sample standardized MSE,11.570319625083355,False,21,17,4,4,0.8,0.8470588235294118,1.0,0,0,16,17,0.9432624113475178,0.0026431718061674008,0.08904109589041095,0.0,0.0,0.7619047619047619,0.8095238095238095,natural,1.0,True
AE_Recon,8,0.8,4690,356,19,4071,244,0.9493333333333334,0.5933333333333334,0.7302564102564103,0.0046454767726161,0.4066666666666667,938,155,120,1,0.0083333333333333,0.6677741544527185,,,reconstruction,full observed-window nonlinear autoencoder reconstruction MSE,3.441721124923788,False,21,14,7,4,0.8,0.8857142857142859,0.8,0,0,13,14,0.9104477611940298,0.0,0.1643835616438356,0.0,0.0,0.6190476190476191,0.6666666666666666,natural,1.0,True
GMM,8,0.8,4690,445,15,4075,155,0.967391304347826,0.7416666666666667,0.839622641509434,0.0036674816625916,0.2583333333333333,938,155,120,1,0.0083333333333333,22.94366429590776,,,density,negative Gaussian mixture log likelihood,0.3862470840103924,False,21,17,4,4,0.8,0.8,0.8,0,0,17,17,1.0,0.0,0.0,0.0,0.0,0.8095238095238095,0.8095238095238095,natural,1.0,True
IsolationForest,8,0.8,4690,189,0,4090,411,1.0,0.315,0.4790874524714829,0.0,0.685,938,155,120,0,0.0,0.5682541712491971,,,isolation,negative IsolationForest score_samples,0.0934176250593736,False,21,13,8,4,0.8,1.484615384615385,3.100000000000001,0,0,8,11,0.5544554455445545,0.0,0.6164383561643836,0.0,0.0,0.38095238095238093,0.5238095238095238,natural,1.0,True
MLP32,10,1.0,4690,395,6,4084,205,0.9850374064837906,0.6583333333333333,0.7892107892107892,0.0014669926650366,0.3416666666666667,1156,189,120,5,0.0416666666666666,0.4060494061887822,0.0612571661360061,0.0616663757996661,forecast,next-sample standardized MSE,0.7101216670125723,False,21,16,5,5,1.0,1.0,1.0,0,0,16,16,0.9897610921501706,0.001762114537444934,0.00684931506849315,0.0,0.0,0.7619047619047619,0.7619047619047619,natural,1.0,True
LSTM32,10,1.0,4690,393,9,4081,207,0.9776119402985076,0.655,0.7844311377245509,0.002200488997555,0.345,1156,189,120,6,0.05,0.3884289653334922,0.0614792447527258,0.0648429516730915,forecast,next-sample standardized MSE,14.691848458955064,False,21,16,5,5,1.0,1.00625,1.0,0,0,15,16,0.9795918367346939,0.003524229074889868,0.0136986301369863,0.0,0.0,0.7142857142857143,0.7619047619047619,natural,1.0,True
GRU32,10,1.0,4690,398,12,4078,202,0.9707317073170731,0.6633333333333333,0.7881188118811882,0.0029339853300733,0.3366666666666666,1156,189,120,9,0.075,0.3794368180745852,0.0614454098970893,0.0635563511548348,forecast,next-sample standardized MSE,13.144253915990705,False,21,16,5,5,1.0,1.0125,1.05,0,0,14,16,0.9830508474576272,0.003524229074889868,0.00684931506849315,0.0,0.0,0.6666666666666666,0.7619047619047619,natural,1.0,True
AE_Recon,10,1.0,4690,397,16,4074,203,0.9612590799031476,0.6616666666666666,0.7838104639684107,0.0039119804400977,0.3383333333333333,1156,189,120,1,0.0083333333333333,0.4081867306535636,,,reconstruction,full observed-window nonlinear autoencoder reconstruction MSE,2.9292626660317183,False,21,16,5,5,1.0,1.05,1.0,0,0,15,16,0.9897610921501706,0.001762114537444934,0.00684931506849315,0.0,0.0,0.7142857142857143,0.7619047619047619,natural,1.0,True
GMM,10,1.0,4690,411,19,4071,189,0.955813953488372,0.685,0.7980582524271844,0.0046454767726161,0.315,1156,189,120,1,0.0083333333333333,23.185702177078937,,,density,negative Gaussian mixture log likelihood,0.4884713330538943,False,21,16,5,5,1.0,1.0,1.0,0,0,16,16,0.9931972789115646,0.001762114537444934,0.0,0.0,0.0,0.7619047619047619,0.7619047619047619,natural,1.0,True
IsolationForest,10,1.0,4690,179,0,4090,421,1.0,0.2983333333333333,0.4595635430038511,0.0,0.7016666666666667,1156,189,120,0,0.0,0.5687541466412792,,,isolation,negative IsolationForest score_samples,0.0929593339096754,False,21,13,8,5,1.0,1.6538461538461535,3.220000000000001,0,0,8,10,0.54,0.0,0.6301369863013698,0.0,0.0,0.38095238095238093,0.47619047619047616,natural,1.0,True
MLP32,15,1.5,4690,325,17,4073,275,0.9502923976608189,0.5416666666666666,0.6900212314225053,0.0041564792176039,0.4583333333333333,1660,269,120,11,0.0916666666666666,0.2659758320846326,0.0487236205922193,0.0507731877846559,forecast,next-sample standardized MSE,0.5509979999624193,False,21,14,7,7,1.5,1.5,1.5,0,0,0,14,0.9694915254237289,0.0052863436123348016,0.02054794520547945,0.0,0.0,0.0,0.6666666666666666,natural,1.0,True
LSTM32,15,1.5,4690,316,2,4088,284,0.9937106918238994,0.5266666666666666,0.6884531590413944,0.0004889975550122,0.4733333333333333,1660,269,120,2,0.0166666666666666,0.3901921413049632,0.0605275438722178,0.0657998079528466,forecast,next-sample standardized MSE,16.85551691695582,False,21,14,7,7,1.5,1.5142857142857142,1.5,0,0,0,14,0.9861111111111112,0.0,0.0273972602739726,0.0,0.0,0.0,0.6666666666666666,natural,1.0,True
GRU32,15,1.5,4690,320,7,4083,280,0.9785932721712538,0.5333333333333333,0.6903991370010788,0.0017114914425427,0.4666666666666667,1660,269,120,5,0.0416666666666666,0.3080857715603734,0.0555285485335327,0.0604023938549749,forecast,next-sample standardized MSE,14.682575290906245,False,21,14,7,7,1.5,1.5,1.5,0,0,0,14,0.9794520547945206,0.0026431718061674008,0.02054794520547945,0.0,0.0,0.0,0.6666666666666666,natural,1.0,True
AE_Recon,15,1.5,4690,326,13,4077,274,0.9616519174041298,0.5433333333333333,0.6943556975505857,0.0031784841075794,0.4566666666666666,1660,269,120,1,0.0083333333333333,0.5086673524398568,,,reconstruction,full observed-window nonlinear autoencoder reconstruction MSE,2.472881708992645,False,21,14,7,7,1.5,1.5285714285714285,1.5,0,0,0,14,0.9931972789115646,0.001762114537444934,0.0,0.0,0.0,0.0,0.6666666666666666,natural,1.0,True
GMM,15,1.5,4690,331,21,4069,269,0.9403409090909092,0.5516666666666666,0.6953781512605042,0.0051344743276283,0.4483333333333333,1660,269,120,1,0.0083333333333333,15.042231727638711,,,density,negative Gaussian mixture log likelihood,0.6331562499981374,False,21,14,7,7,1.5,1.5,1.5,0,0,0,14,0.9798657718120806,0.0052863436123348016,0.0,0.0,0.0,0.0,0.6666666666666666,natural,1.0,True
IsolationForest,15,1.5,4690,153,1,4089,447,0.9935064935064936,0.255,0.4058355437665782,0.0002444987775061,0.745,1660,269,120,1,0.0083333333333333,0.5604884239004183,,,isolation,negative IsolationForest score_samples,0.0891406659502536,False,21,13,8,7,1.5,1.992307692307692,3.240000000000001,0,0,0,10,0.5686274509803921,0.0,0.6027397260273972,0.0,0.0,0.0,0.47619047619047616,natural,1.0,True
MLP32,20,2.0,4690,262,12,4078,338,0.9562043795620438,0.4366666666666666,0.5995423340961098,0.0029339853300733,0.5633333333333334,2132,337,120,8,0.0666666666666666,0.2346350187426575,0.0430582544825876,0.0444017466438674,forecast,next-sample standardized MSE,0.469794041942805,True,21,13,8,8,2.0,2.0,2.0,0,0,0,13,0.9798657718120806,0.0052863436123348016,0.0,0.0,0.0,0.0,0.6190476190476191,natural,1.0,True
LSTM32,20,2.0,4690,258,2,4088,342,0.9923076923076924,0.43,0.6,0.0004889975550122,0.57,2132,337,120,2,0.0166666666666666,0.3822932541707495,0.0598161169092362,0.0627876555964101,forecast,next-sample standardized MSE,17.37901016708929,True,21,13,8,8,2.0,2.0076923076923077,2.0,0,0,0,12,0.9896193771626297,0.0,0.02054794520547945,0.0,0.0,0.0,0.5714285714285714,natural,1.0,True
GRU32,20,2.0,4690,260,6,4084,340,0.9774436090225564,0.4333333333333333,0.6004618937644342,0.0014669926650366,0.5666666666666667,2132,337,120,4,0.0333333333333333,0.2457046892551585,0.0450296372465726,0.0476548783932697,forecast,next-sample standardized MSE,15.226897207903676,True,21,13,8,8,2.0,2.0076923076923077,2.0,0,0,0,12,0.9897610921501706,0.001762114537444934,0.00684931506849315,0.0,0.0,0.0,0.5714285714285714,natural,1.0,True
AE_Recon,20,2.0,4690,263,12,4078,337,0.9563636363636364,0.4383333333333333,0.6011428571428571,0.0029339853300733,0.5616666666666666,2132,337,120,1,0.0083333333333333,0.5133308665597953,,,reconstruction,full observed-window nonlinear autoencoder reconstruction MSE,2.03515954199247,False,21,13,8,8,2.0,2.0,2.0,0,0,0,13,0.9931972789115646,0.001762114537444934,0.0,0.0,0.0,0.0,0.6190476190476191,natural,1.0,True
GMM,20,2.0,4690,263,17,4073,337,0.9392857142857144,0.4383333333333333,0.5977272727272728,0.0041564792176039,0.5616666666666666,2132,337,120,1,0.0083333333333333,9.19427752249478,,,density,negative Gaussian mixture log likelihood,1.010606416966766,False,21,13,8,8,2.0,2.0,2.0,0,0,0,13,0.9765886287625418,0.006167400881057269,0.0,0.0,0.0,0.0,0.6190476190476191,natural,1.0,True
IsolationForest,20,2.0,4690,116,0,4090,484,1.0,0.1933333333333333,0.3240223463687151,0.0,0.8066666666666666,2132,337,120,0,0.0,0.5610501268903199,,,isolation,negative IsolationForest score_samples,0.0876537919975817,False,21,11,10,8,2.0,2.2181818181818183,2.4,0,0,0,8,0.5472636815920398,0.0,0.6232876712328768,0.0,0.0,0.0,0.38095238095238093,natural,1.0,True
MLP32,30,3.0,4690,143,8,4082,457,0.9470198675496688,0.2383333333333333,0.3808255659121172,0.0019559902200488,0.7616666666666667,2955,454,120,7,0.0583333333333333,0.2489484503442411,0.0463398475810027,0.0463398475810027,forecast,next-sample standardized MSE,0.2964120419928804,False,21,10,11,11,3.0,3.0,3.0,0,0,0,0,0.9629629629629629,0.007048458149779736,0.02054794520547945,0.0,0.0,0.0,0.0,natural,1.0,True
LSTM32,30,3.0,4690,135,5,4085,465,0.9642857142857144,0.225,0.3648648648648648,0.0012224938875305,0.775,2955,454,120,3,0.025,0.6726821848472013,0.1083523172279016,0.1083523172279016,forecast,next-sample standardized MSE,16.054155457997695,False,21,10,11,11,3.0,3.04,3.12,0,0,0,0,0.9440559440559441,0.004405286343612335,0.07534246575342465,0.0,0.0,0.0,0.0,natural,1.0,True
GRU32,30,3.0,4690,144,4,4086,456,0.972972972972973,0.24,0.3850267379679144,0.0009779951100244,0.76,2955,454,120,4,0.0333333333333333,0.4089037367342426,0.0681493879762164,0.0681493879762164,forecast,next-sample standardized MSE,13.230265000020154,False,21,10,11,11,3.0,3.0,3.0,0,0,0,0,0.9795918367346939,0.003524229074889868,0.0136986301369863,0.0,0.0,0.0,0.0,natural,1.0,True
AE_Recon,30,3.0,4690,146,10,4080,454,0.935897435897436,0.2433333333333333,0.3862433862433862,0.0024449877750611,0.7566666666666667,2955,454,120,1,0.0083333333333333,0.5532146702675612,,,reconstruction,full observed-window nonlinear autoencoder reconstruction MSE,1.1178268749499694,False,21,10,11,11,3.0,3.0,3.0,0,0,0,0,0.9668874172185431,0.00881057268722467,0.0,0.0,0.0,0.0,0.0,natural,1.0,True
GMM,30,3.0,4690,146,0,4090,454,1.0,0.2433333333333333,0.3914209115281501,0.0,0.7566666666666667,2955,454,120,0,0.0,27.80602304404838,,,density,negative Gaussian mixture log likelihood,1.4551335000433028,False,21,10,11,11,3.0,3.0,3.0,0,0,0,0,1.0,0.0,0.0,0.0,0.0,0.0,0.0,natural,1.0,True
IsolationForest,30,3.0,4690,70,0,4090,530,1.0,0.1166666666666666,0.208955223880597,0.0,0.8833333333333333,2955,454,120,0,0.0,0.5600441345119568,,,isolation,negative IsolationForest score_samples,0.0744362080004066,False,21,8,13,11,3.0,3.2125000000000004,3.64,0,0,0,0,0.6481481481481481,0.0,0.5205479452054794,0.0,0.0,0.0,0.0,natural,1.0,True
MLP32,1,0.1,4690,229,4,4086,371,0.9828326180257512,0.3816666666666666,0.5498199279711885,0.0009779951100244,0.6183333333333333,120,21,120,3,0.025,3.487100023622272,0.6014174791387065,0.6173543341594832,forecast,next-sample standardized MSE,0.8272205420071259,False,21,18,3,0,0.1,0.4944444444444444,1.4200000000000004,13,14,15,17,0.6037735849056604,0.001762114537444934,0.5616438356164384,0.6190476190476191,0.6666666666666666,0.7142857142857143,0.8095238095238095,natural,2.0,True
LSTM32,1,0.1,4690,235,4,4086,365,0.9832635983263598,0.3916666666666666,0.5601907032181168,0.0009779951100244,0.6083333333333333,120,21,120,3,0.025,3.4425494942398807,0.5985931028183489,0.613642938892329,forecast,next-sample standardized MSE,5.8644135419745,False,21,18,3,0,0.1,0.4944444444444444,1.4200000000000004,13,14,15,17,0.5971563981042654,0.001762114537444934,0.5684931506849316,0.6190476190476191,0.6666666666666666,0.7142857142857143,0.8095238095238095,natural,2.0,True
GRU32,1,0.1,4690,237,4,4086,363,0.983402489626556,0.395,0.5636147443519619,0.0009779951100244,0.605,120,21,120,3,0.025,3.507001645549426,0.5998834900883853,0.6157826087034874,forecast,next-sample standardized MSE,4.733929125010036,False,21,18,3,0,0.1,0.4944444444444444,1.4200000000000004,13,14,15,17,0.5904761904761905,0.001762114537444934,0.5753424657534246,0.6190476190476191,0.6666666666666666,0.7142857142857143,0.8095238095238095,natural,2.0,True
AE_Recon,1,0.1,4690,274,9,4081,326,0.9681978798586572,0.4566666666666666,0.6206115515288788,0.002200488997555,0.5433333333333333,120,21,120,6,0.05,1.3236398543168102,,,reconstruction,full observed-window nonlinear autoencoder reconstruction MSE,4.2066100829979405,False,21,18,3,0,0.1,0.3611111111111111,1.0200000000000002,13,14,16,18,0.6296296296296297,0.001762114537444934,0.5342465753424658,0.6190476190476191,0.6666666666666666,0.7619047619047619,0.8571428571428571,natural,2.0,True
GMM,1,0.1,4690,301,8,4082,299,0.9741100323624596,0.5016666666666667,0.6622662266226622,0.0019559902200488,0.4983333333333333,120,21,120,3,0.025,12.914524068982663,,,density,negative Gaussian mixture log likelihood,0.799423832911998,False,21,19,2,0,0.1,0.3526315789473684,0.92,13,15,18,19,0.6991150442477876,0.000881057268722467,0.4589041095890411,0.6190476190476191,0.7142857142857143,0.8571428571428571,0.9047619047619048,natural,2.0,True
IsolationForest,1,0.1,4690,191,4,4086,409,0.9794871794871794,0.3183333333333333,0.480503144654088,0.0009779951100244,0.6816666666666666,120,21,120,3,0.025,0.6208087449441079,,,isolation,negative IsolationForest score_samples,0.1280482079600915,False,21,17,4,0,0.1,0.5588235294117647,1.56,11,13,14,16,0.5373134328358209,0.000881057268722467,0.6301369863013698,0.5238095238095238,0.6190476190476191,0.6666666666666666,0.7619047619047619,natural,2.0,True
MLP32,2,0.2,4690,294,10,4080,306,0.9671052631578948,0.49,0.6504424778761062,0.0024449877750611,0.51,239,42,120,5,0.0416666666666666,2.1109765172893127,0.2958299788626332,0.3128132583172605,forecast,next-sample standardized MSE,0.8215799999888986,False,21,20,1,0,0.2,0.4049999999999999,0.8200000000000003,12,16,19,20,0.70995670995671,0.0026431718061674008,0.4383561643835616,0.5714285714285714,0.7619047619047619,0.9047619047619048,0.9523809523809523,natural,2.0,True
LSTM32,2,0.2,4690,306,9,4081,294,0.9714285714285714,0.51,0.6688524590163935,0.002200488997555,0.49,239,42,120,4,0.0333333333333333,1.9096434120287007,0.2783157898600868,0.2937404569400574,forecast,next-sample standardized MSE,6.202934833941981,False,21,20,1,0,0.2,0.4,0.8200000000000003,13,16,19,20,0.7288135593220338,0.003524229074889868,0.410958904109589,0.6190476190476191,0.7619047619047619,0.9047619047619048,0.9523809523809523,natural,2.0,True
GRU32,2,0.2,4690,295,9,4081,305,0.9703947368421052,0.4916666666666666,0.6526548672566371,0.002200488997555,0.5083333333333333,239,42,120,5,0.0416666666666666,1.928760435605736,0.283272537528051,0.2961532688998238,forecast,next-sample standardized MSE,5.880747333052568,False,21,19,2,0,0.2,0.3736842105263158,0.8399999999999999,14,16,18,19,0.721030042918455,0.0026431718061674008,0.4246575342465753,0.6666666666666666,0.7619047619047619,0.8571428571428571,0.9047619047619048,natural,2.0,True
AE_Recon,2,0.2,4690,265,8,4082,335,0.9706959706959708,0.4416666666666666,0.6071019473081328,0.0019559902200488,0.5583333333333333,239,42,120,4,0.0333333333333333,1.5491285433304145,,,reconstruction,full observed-window nonlinear autoencoder reconstruction MSE,4.009163041948341,False,21,18,3,0,0.2,0.4722222222222222,1.3,13,14,15,17,0.6388888888888888,0.000881057268722467,0.5273972602739726,0.6190476190476191,0.6666666666666666,0.7142857142857143,0.8095238095238095,natural,2.0,True
GMM,2,0.2,4690,516,9,4081,84,0.9828571428571428,0.86,0.9173333333333332,0.002200488997555,0.14,239,42,120,2,0.0166666666666666,15.416438312903182,,,density,negative Gaussian mixture log likelihood,0.1317265409743413,False,21,21,0,0,0.2,0.2142857142857143,0.3,18,21,21,21,0.971830985915493,0.0,0.0547945205479452,0.8571428571428571,1.0,1.0,1.0,natural,2.0,True
IsolationForest,2,0.2,4690,195,2,4088,405,0.9898477157360406,0.325,0.4893350062735257,0.0004889975550122,0.675,239,42,120,2,0.0166666666666666,0.6105977864078239,,,isolation,negative IsolationForest score_samples,0.0990355829708278,False,21,17,4,0,0.3,0.9,2.4400000000000004,8,12,13,15,0.5445544554455446,0.000881057268722467,0.6232876712328768,0.38095238095238093,0.5714285714285714,0.6190476190476191,0.7142857142857143,natural,2.0,True
MLP32,3,0.3,4690,292,14,4076,308,0.954248366013072,0.4866666666666667,0.6445916114790287,0.0034229828850855,0.5133333333333333,358,63,120,6,0.05,1.688263597298758,0.2483963498222714,0.2662489199442201,forecast,next-sample standardized MSE,0.808542708051391,False,21,18,3,1,0.3,0.4666666666666665,0.93,0,15,17,18,0.7381974248927039,0.000881057268722467,0.410958904109589,0.0,0.7142857142857143,0.8095238095238095,0.8571428571428571,natural,2.0,True
LSTM32,3,0.3,4690,290,14,4076,310,0.9539473684210528,0.4833333333333333,0.6415929203539823,0.0034229828850855,0.5166666666666667,358,63,120,7,0.0583333333333333,1.6506625411147158,0.2329853482982445,0.2431566723823117,forecast,next-sample standardized MSE,7.724974250071682,False,21,18,3,1,0.3,0.4777777777777777,0.8600000000000002,0,14,17,18,0.7350427350427351,0.001762114537444934,0.410958904109589,0.0,0.6666666666666666,0.8095238095238095,0.8571428571428571,natural,2.0,True
GRU32,3,0.3,4690,261,6,4084,339,0.9775280898876404,0.435,0.6020761245674741,0.0014669926650366,0.565,358,63,120,3,0.025,1.8313210649207872,0.2348652344943919,0.2438144196556061,forecast,next-sample standardized MSE,6.978750166017562,False,21,18,3,1,0.3,0.5333333333333334,1.0900000000000003,0,13,16,18,0.6756756756756757,0.000881057268722467,0.4863013698630137,0.0,0.6190476190476191,0.7619047619047619,0.8571428571428571,natural,2.0,True
AE_Recon,3,0.3,4690,325,10,4080,275,0.9701492537313432,0.5416666666666666,0.6951871657754011,0.0024449877750611,0.4583333333333333,358,63,120,2,0.0166666666666666,0.9394867098936532,,,reconstruction,full observed-window nonlinear autoencoder reconstruction MSE,3.9424167920369655,False,21,17,4,1,0.3,0.4470588235294117,0.6000000000000002,0,15,16,16,0.7350427350427351,0.001762114537444934,0.410958904109589,0.0,0.7142857142857143,0.7619047619047619,0.7619047619047619,natural,2.0,True
GMM,3,0.3,4690,530,11,4079,70,0.9796672828096118,0.8833333333333333,0.9290096406660824,0.0026894865525672,0.1166666666666666,358,63,120,1,0.0083333333333333,17.210779832851532,,,density,negative Gaussian mixture log likelihood,0.2095505419420078,False,21,20,1,1,0.3,0.305,0.3,0,20,20,20,0.9965635738831615,0.0,0.00684931506849315,0.0,0.9523809523809523,0.9523809523809523,0.9523809523809523,natural,2.0,True
IsolationForest,3,0.3,4690,206,0,4090,394,1.0,0.3433333333333333,0.511166253101737,0.0,0.6566666666666666,358,63,120,0,0.0,0.594619390474855,,,isolation,negative IsolationForest score_samples,0.1034480410162359,False,21,16,5,1,0.3,0.99375,2.65,0,10,12,14,0.5615763546798029,0.0,0.6095890410958904,0.0,0.47619047619047616,0.5714285714285714,0.6666666666666666,natural,2.0,True
MLP32,5,0.5,4690,357,7,4083,243,0.9807692307692308,0.595,0.7406639004149378,0.0017114914425427,0.405,593,101,120,2,0.0166666666666666,0.7314116362344858,0.0999979592705797,0.0977474789709622,forecast,next-sample standardized MSE,0.7883490000385791,False,21,17,4,3,0.5,0.6058823529411765,0.64,0,12,16,17,0.8615384615384616,0.001762114537444934,0.2328767123287671,0.0,0.5714285714285714,0.7619047619047619,0.8095238095238095,natural,2.0,True
LSTM32,5,0.5,4690,349,8,4082,251,0.9775910364145658,0.5816666666666667,0.7293625914315569,0.0019559902200488,0.4183333333333333,593,101,120,2,0.0166666666666666,0.7714679449468241,0.0982214489130948,0.0964416786294509,forecast,next-sample standardized MSE,7.670181749970652,False,21,16,5,3,0.5,0.59375,0.6,0,12,15,16,0.8359375,0.0026431718061674008,0.2671232876712329,0.0,0.5714285714285714,0.7142857142857143,0.7619047619047619,natural,2.0,True
GRU32,5,0.5,4690,346,10,4080,254,0.9719101123595506,0.5766666666666667,0.7238493723849372,0.0024449877750611,0.4233333333333333,593,101,120,5,0.0416666666666666,0.7762804142035478,0.096896875829261,0.095343869492546,forecast,next-sample standardized MSE,6.142641250044107,False,21,17,4,3,0.5,0.5941176470588235,0.64,0,13,16,17,0.8313725490196079,0.0026431718061674008,0.273972602739726,0.0,0.6190476190476191,0.7619047619047619,0.8095238095238095,natural,2.0,True
AE_Recon,5,0.5,4690,375,13,4077,225,0.9664948453608248,0.625,0.7591093117408907,0.0031784841075794,0.375,593,101,120,1,0.0083333333333333,0.7696200214653489,,,reconstruction,full observed-window nonlinear autoencoder reconstruction MSE,3.589458290953189,False,21,15,6,3,0.5,0.62,0.7399999999999999,0,13,14,15,0.9022556390977443,0.0,0.1780821917808219,0.0,0.6190476190476191,0.6666666666666666,0.7142857142857143,natural,2.0,True
GMM,5,0.5,4690,499,19,4071,101,0.9633204633204632,0.8316666666666667,0.8926654740608229,0.0046454767726161,0.1683333333333333,593,101,120,1,0.0083333333333333,22.27917742425688,,,density,negative Gaussian mixture log likelihood,0.3412351669976488,False,21,18,3,3,0.5,0.5,0.5,0,18,18,18,1.0,0.0,0.0,0.0,0.8571428571428571,0.8571428571428571,0.8571428571428571,natural,2.0,True
IsolationForest,5,0.5,4690,201,2,4088,399,0.9901477832512317,0.335,0.5006226650062267,0.0004889975550122,0.665,593,101,120,1,0.0083333333333333,0.5780762936279675,,,isolation,negative IsolationForest score_samples,0.0948253750102594,False,21,14,7,3,0.5,1.2285714285714289,2.9200000000000017,0,8,9,12,0.5631067961165048,0.001762114537444934,0.6027397260273972,0.0,0.38095238095238093,0.42857142857142855,0.5714285714285714,natural,2.0,True
MLP32,8,0.8,4690,413,9,4081,187,0.9786729857819904,0.6883333333333334,0.8082191780821918,0.002200488997555,0.3116666666666666,938,155,120,6,0.05,0.5208104912961764,0.0784052885871418,0.0772181447054817,forecast,next-sample standardized MSE,0.5615163749316707,False,21,17,4,4,0.8,0.8,0.8,0,0,17,17,0.9690721649484536,0.003524229074889868,0.03424657534246575,0.0,0.0,0.8095238095238095,0.8095238095238095,natural,2.0,True
LSTM32,8,0.8,4690,401,6,4084,199,0.9852579852579852,0.6683333333333333,0.7964250248262165,0.0014669926650366,0.3316666666666666,938,155,120,5,0.0416666666666666,0.5867483260825157,0.0794779392072896,0.0783086712185213,forecast,next-sample standardized MSE,12.847032166086136,False,21,17,4,4,0.8,0.823529411764706,0.8800000000000001,0,0,17,17,0.9616724738675958,0.0026431718061674008,0.0547945205479452,0.0,0.0,0.8095238095238095,0.8095238095238095,natural,2.0,True
GRU32,8,0.8,4690,391,8,4082,209,0.9799498746867168,0.6516666666666666,0.7827827827827828,0.0019559902200488,0.3483333333333333,938,155,120,5,0.0416666666666666,0.5114880121578599,0.0745331492399686,0.0730482493009374,forecast,next-sample standardized MSE,11.695319000049494,False,21,17,4,4,0.8,0.823529411764706,0.8800000000000001,0,0,17,17,0.9395017793594306,0.0026431718061674008,0.0958904109589041,0.0,0.0,0.8095238095238095,0.8095238095238095,natural,2.0,True
AE_Recon,8,0.8,4690,362,19,4071,238,0.9501312335958004,0.6033333333333334,0.7380224260958206,0.0046454767726161,0.3966666666666666,938,155,120,1,0.0083333333333333,0.6539063292111257,,,reconstruction,full observed-window nonlinear autoencoder reconstruction MSE,3.430992584093474,False,21,15,6,4,0.8,0.9066666666666668,1.1,0,0,13,15,0.915129151291513,0.000881057268722467,0.1506849315068493,0.0,0.0,0.6190476190476191,0.7142857142857143,natural,2.0,True
GMM,8,0.8,4690,445,17,4073,155,0.9632034632034632,0.7416666666666667,0.8380414312617702,0.0041564792176039,0.2583333333333333,938,155,120,1,0.0083333333333333,25.67416385566646,,,density,negative Gaussian mixture log likelihood,0.4036943749524653,False,21,17,4,4,0.8,0.8,0.8,0,0,17,17,1.0,0.0,0.0,0.0,0.0,0.8095238095238095,0.8095238095238095,natural,2.0,True
IsolationForest,8,0.8,4690,193,0,4090,407,1.0,0.3216666666666666,0.4867591424968474,0.0,0.6783333333333333,938,155,120,0,0.0,0.5683437268849734,,,isolation,negative IsolationForest score_samples,0.0959755840012803,False,21,13,8,4,0.8,1.5,3.200000000000001,0,0,8,11,0.5544554455445545,0.0,0.6164383561643836,0.0,0.0,0.38095238095238093,0.5238095238095238,natural,2.0,True
MLP32,10,1.0,4690,396,5,4085,204,0.9875311720698254,0.66,0.7912087912087912,0.0012224938875305,0.34,1156,189,120,4,0.0333333333333333,0.4105735981989352,0.0605401368936718,0.0630897736292258,forecast,next-sample standardized MSE,0.7168322500074282,False,21,16,5,5,1.0,1.0,1.0,0,0,16,16,0.9863013698630136,0.001762114537444934,0.0136986301369863,0.0,0.0,0.7619047619047619,0.7619047619047619,natural,2.0,True
LSTM32,10,1.0,4690,395,11,4079,205,0.9729064039408868,0.6583333333333333,0.7852882703777336,0.0026894865525672,0.3416666666666667,1156,189,120,8,0.0666666666666666,0.434380621731764,0.062236868330411,0.0663603713061103,forecast,next-sample standardized MSE,15.248299541999586,True,21,16,5,5,1.0,1.00625,1.0,0,0,15,16,0.9795918367346939,0.003524229074889868,0.0136986301369863,0.0,0.0,0.7142857142857143,0.7619047619047619,natural,2.0,True
GRU32,10,1.0,4690,389,9,4081,211,0.9773869346733668,0.6483333333333333,0.779559118236473,0.002200488997555,0.3516666666666667,1156,189,120,8,0.0666666666666666,0.4180718859053179,0.0604854013463118,0.0620760983050894,forecast,next-sample standardized MSE,9.343313792021943,False,21,16,5,5,1.0,1.00625,1.0,0,0,15,16,0.9619377162629758,0.003524229074889868,0.04794520547945205,0.0,0.0,0.7142857142857143,0.7619047619047619,natural,2.0,True
AE_Recon,10,1.0,4690,397,17,4073,203,0.9589371980676328,0.6616666666666666,0.7830374753451677,0.0041564792176039,0.3383333333333333,1156,189,120,1,0.0083333333333333,0.4014758495134446,,,reconstruction,full observed-window nonlinear autoencoder reconstruction MSE,2.990964459022507,False,21,16,5,5,1.0,1.05,1.0,0,0,15,16,0.9897610921501706,0.001762114537444934,0.00684931506849315,0.0,0.0,0.7142857142857143,0.7619047619047619,natural,2.0,True
GMM,10,1.0,4690,411,16,4074,189,0.9625292740046838,0.685,0.8003894839337877,0.0039119804400977,0.315,1156,189,120,1,0.0083333333333333,23.20971253649147,,,density,negative Gaussian mixture log likelihood,0.49055862496607,False,21,16,5,5,1.0,1.0,1.0,0,0,16,16,1.0,0.0,0.0,0.0,0.0,0.7619047619047619,0.7619047619047619,natural,2.0,True
IsolationForest,10,1.0,4690,174,0,4090,426,1.0,0.29,0.4496124031007752,0.0,0.71,1156,189,120,0,0.0,0.5670080056778686,,,isolation,negative IsolationForest score_samples,0.1082915000151842,False,21,13,8,5,1.0,1.676923076923077,3.360000000000001,0,0,8,11,0.5252525252525253,0.0,0.6438356164383562,0.0,0.0,0.38095238095238093,0.5238095238095238,natural,2.0,True
MLP32,15,1.5,4690,322,9,4081,278,0.972809667673716,0.5366666666666666,0.6917293233082706,0.002200488997555,0.4633333333333333,1660,269,120,5,0.0416666666666666,0.2993706485198724,0.0501615449967768,0.051579333140718,forecast,next-sample standardized MSE,0.5893582919379696,False,21,14,7,7,1.5,1.5,1.5,0,0,0,14,0.9897610921501706,0.001762114537444934,0.00684931506849315,0.0,0.0,0.0,0.6666666666666666,natural,2.0,True
LSTM32,15,1.5,4690,312,8,4082,288,0.975,0.52,0.6782608695652174,0.0019559902200488,0.48,1660,269,120,4,0.0333333333333333,0.4079698726016726,0.0695760225795672,0.0688213406917421,forecast,next-sample standardized MSE,16.83577524998691,False,21,14,7,7,1.5,1.5071428571428571,1.5,0,0,0,14,0.9556313993174061,0.006167400881057269,0.0410958904109589,0.0,0.0,0.0,0.6666666666666666,natural,2.0,True
GRU32,15,1.5,4690,314,6,4084,286,0.98125,0.5233333333333333,0.6826086956521739,0.0014669926650366,0.4766666666666667,1660,269,120,4,0.0333333333333333,0.3628995329799626,0.0556553224800584,0.0595481603109944,forecast,next-sample standardized MSE,10.391769625013694,False,21,14,7,7,1.5,1.5071428571428571,1.5,0,0,0,14,0.9652777777777778,0.0026431718061674008,0.04794520547945205,0.0,0.0,0.0,0.6666666666666666,natural,2.0,True
AE_Recon,15,1.5,4690,326,14,4076,274,0.9588235294117649,0.5433333333333333,0.6936170212765957,0.0034229828850855,0.4566666666666666,1660,269,120,1,0.0083333333333333,0.5122068841175477,,,reconstruction,full observed-window nonlinear autoencoder reconstruction MSE,2.4477632080670446,False,21,14,7,7,1.5,1.5285714285714285,1.5,0,0,0,14,0.9898305084745763,0.0026431718061674008,0.0,0.0,0.0,0.0,0.6666666666666666,natural,2.0,True
GMM,15,1.5,4690,331,20,4070,269,0.9430199430199432,0.5516666666666666,0.6961093585699264,0.0048899755501222,0.4483333333333333,1660,269,120,1,0.0083333333333333,16.608158563605723,,,density,negative Gaussian mixture log likelihood,0.6253820409765467,False,21,14,7,7,1.5,1.5,1.5,0,0,0,14,0.9831649831649831,0.004405286343612335,0.0,0.0,0.0,0.0,0.6666666666666666,natural,2.0,True
IsolationForest,15,1.5,4690,147,0,4090,453,1.0,0.245,0.393574297188755,0.0,0.755,1660,269,120,0,0.0,0.5643474853511541,,,isolation,negative IsolationForest score_samples,0.0897715829778462,False,21,13,8,7,1.5,2.0384615384615383,3.2600000000000007,0,0,0,9,0.54,0.0,0.6301369863013698,0.0,0.0,0.0,0.42857142857142855,natural,2.0,True
MLP32,20,2.0,4690,261,7,4083,339,0.9738805970149254,0.435,0.6013824884792627,0.0017114914425427,0.565,2132,337,120,5,0.0416666666666666,0.2461983658579986,0.0440885485320826,0.0446613200402171,forecast,next-sample standardized MSE,0.4928483749972656,True,21,13,8,8,2.0,2.0,2.0,0,0,0,13,0.9863945578231292,0.0026431718061674008,0.00684931506849315,0.0,0.0,0.0,0.6190476190476191,natural,2.0,True
LSTM32,20,2.0,4690,254,5,4085,346,0.9806949806949808,0.4233333333333333,0.5913853317811408,0.0012224938875305,0.5766666666666667,2132,337,120,3,0.025,0.4955081981672486,0.0740597340179235,0.0740604256895961,forecast,next-sample standardized MSE,17.362038832972758,False,21,13,8,8,2.0,2.023076923076923,2.0,0,0,0,12,0.9863013698630136,0.001762114537444934,0.0136986301369863,0.0,0.0,0.0,0.5714285714285714,natural,2.0,True
GRU32,20,2.0,4690,261,5,4085,339,0.981203007518797,0.435,0.6027713625866051,0.0012224938875305,0.565,2132,337,120,4,0.0333333333333333,0.2568690374666629,0.0448570404628321,0.0463949401175531,forecast,next-sample standardized MSE,14.78714366699569,True,21,13,8,8,2.0,2.0,2.0,0,0,0,13,0.9830508474576272,0.003524229074889868,0.00684931506849315,0.0,0.0,0.0,0.6190476190476191,natural,2.0,True
AE_Recon,20,2.0,4690,263,12,4078,337,0.9563636363636364,0.4383333333333333,0.6011428571428571,0.0029339853300733,0.5616666666666666,2132,337,120,1,0.0083333333333333,0.5159674725944235,,,reconstruction,full observed-window nonlinear autoencoder reconstruction MSE,2.067796166986227,False,21,13,8,8,2.0,2.0,2.0,0,0,0,13,0.9931972789115646,0.001762114537444934,0.0,0.0,0.0,0.0,0.6190476190476191,natural,2.0,True
GMM,20,2.0,4690,263,0,4090,337,1.0,0.4383333333333333,0.6095017381228274,0.0,0.5616666666666666,2132,337,120,0,0.0,-6.254621907111307,,,density,negative Gaussian mixture log likelihood,1.5524708749726417,False,21,13,8,8,2.0,2.0,2.0,0,0,0,13,1.0,0.0,0.0,0.0,0.0,0.0,0.6190476190476191,natural,2.0,True
IsolationForest,20,2.0,4690,106,2,4088,494,0.9814814814814816,0.1766666666666666,0.2994350282485876,0.0004889975550122,0.8233333333333334,2132,337,120,2,0.0166666666666666,0.5640671593691631,,,isolation,negative IsolationForest score_samples,0.0928213750012219,False,21,11,10,8,2.0,2.681818181818182,4.1,0,0,0,6,0.53,0.000881057268722467,0.636986301369863,0.0,0.0,0.0,0.2857142857142857,natural,2.0,True
MLP32,30,3.0,4690,141,6,4084,459,0.9591836734693876,0.235,0.3775100401606425,0.0014669926650366,0.765,2955,454,120,5,0.0416666666666666,0.2686721478183995,0.0469702972738544,0.0469702972738544,forecast,next-sample standardized MSE,0.3058937500463798,False,21,10,11,11,3.0,3.01,3.01,0,0,0,0,0.962457337883959,0.0052863436123348016,0.03424657534246575,0.0,0.0,0.0,0.0,natural,2.0,True
LSTM32,30,3.0,4690,124,3,4087,476,0.9763779527559056,0.2066666666666666,0.3411279229711141,0.0007334963325183,0.7933333333333333,2955,454,120,2,0.0166666666666666,1.2038261571688906,0.1495126864306426,0.1495126864306426,forecast,next-sample standardized MSE,16.0667436249787,False,21,9,12,11,3.0,3.022222222222222,3.04,0,0,0,0,0.9084249084249084,0.0026431718061674008,0.1506849315068493,0.0,0.0,0.0,0.0,natural,2.0,True
GRU32,30,3.0,4690,141,0,4090,459,1.0,0.235,0.3805668016194332,0.0,0.765,2955,454,120,0,0.0,0.4654696697163176,0.0669544869216575,0.0669544869216575,forecast,next-sample standardized MSE,13.725477166939529,False,21,10,11,11,3.0,3.0,3.0,0,0,0,0,0.9825783972125436,0.0,0.03424657534246575,0.0,0.0,0.0,0.0,natural,2.0,True
AE_Recon,30,3.0,4690,146,10,4080,454,0.935897435897436,0.2433333333333333,0.3862433862433862,0.0024449877750611,0.7566666666666667,2955,454,120,1,0.0083333333333333,0.5638775025491274,,,reconstruction,full observed-window nonlinear autoencoder reconstruction MSE,1.1907118330709636,False,21,10,11,11,3.0,3.0,3.0,0,0,0,0,0.9668874172185431,0.00881057268722467,0.0,0.0,0.0,0.0,0.0,natural,2.0,True
GMM,30,3.0,4690,146,0,4090,454,1.0,0.2433333333333333,0.3914209115281501,0.0,0.7566666666666667,2955,454,120,0,0.0,27.80602304404838,,,density,negative Gaussian mixture log likelihood,1.2386010839836672,False,21,10,11,11,3.0,3.0,3.0,0,0,0,0,1.0,0.0,0.0,0.0,0.0,0.0,0.0,natural,2.0,True
IsolationForest,30,3.0,4690,57,0,4090,543,1.0,0.095,0.1735159817351598,0.0,0.905,2955,454,120,0,0.0,0.5590577997173825,,,isolation,negative IsolationForest score_samples,0.0841500839451327,False,21,7,14,11,3.0,3.3999999999999995,4.34,0,0,0,0,0.5615763546798029,0.0,0.6095890410958904,0.0,0.0,0.0,0.0,natural,2.0,True
Persistence,1,3.0,4690,38,0,4090,562,1.0,0.0633333333333333,0.1191222570532915,0.0,0.9366666666666666,2955,454,120,0,0.0,6.8743550013583885,1.2823984864212556,1.2823984864212556,forecast,next-sample standardized MSE,5.409820005297661e-07,True,21,5,16,11,3.4,3.5799999999999996,4.22,0,0,0,0,0.41304347826086957,0.0,0.7397260273972602,0.0,0.0,0.0,0.0,controlled,,False
VAR_Ridge,1,3.0,4690,64,1,4089,536,0.9846153846153848,0.1066666666666666,0.1924812030075188,0.0002444987775061,0.8933333333333333,2955,454,120,1,0.0083333333333333,3.894512696815011,0.6584546889357233,0.6584546889357233,forecast,next-sample standardized MSE,0.0003211669391021,False,21,5,16,11,3.3,3.5199999999999996,4.16,0,0,0,0,0.6066350710900474,0.000881057268722467,0.5616438356164384,0.0,0.0,0.0,0.0,controlled,,False
MLP32,1,3.0,4690,62,1,4089,538,0.984126984126984,0.1033333333333333,0.1870286576168929,0.0002444987775061,0.8966666666666666,2955,454,120,1,0.0083333333333333,3.940720816969513,0.6241932377925954,0.6241932377925954,forecast,next-sample standardized MSE,0.2386449170298874,False,21,5,16,11,3.3,3.54,4.16,0,0,0,0,0.5933014354066986,0.000881057268722467,0.5753424657534246,0.0,0.0,0.0,0.0,controlled,0.0,True
AR,1,3.0,4690,56,1,4089,544,0.9824561403508772,0.0933333333333333,0.1704718417047184,0.0002444987775061,0.9066666666666666,2955,454,120,1,0.0083333333333333,4.3849227333568175,0.7718838915999165,0.7718838915999165,forecast,next-sample standardized MSE,0.0005698329769074,False,21,5,16,11,3.3,3.56,4.22,0,0,0,0,0.5517241379310345,0.000881057268722467,0.6164383561643836,0.0,0.0,0.0,0.0,controlled,,False
AR_Relation,1,3.0,4690,63,1,4089,537,0.984375,0.105,0.1897590361445783,0.0002444987775061,0.895,2955,454,120,1,0.0083333333333333,3.9749472635246086,0.640718685981869,0.640718685981869,forecast,next-sample standardized MSE,0.0011582500301301,False,21,5,16,11,3.3,3.5199999999999996,4.16,0,0,0,0,0.6,0.000881057268722467,0.5684931506849316,0.0,0.0,0.0,0.0,controlled,,False
LSTM32,1,3.0,4690,60,1,4089,540,0.9836065573770492,0.1,0.1815431164901664,0.0002444987775061,0.9,2955,454,120,1,0.0083333333333333,4.026038185675744,0.6211636585058302,0.6211636585058302,forecast,next-sample standardized MSE,2.7417842500144616,False,21,5,16,11,3.3,3.54,4.16,0,0,0,0,0.5797101449275363,0.000881057268722467,0.589041095890411,0.0,0.0,0.0,0.0,controlled,0.0,True
GRU32,1,3.0,4690,61,1,4089,539,0.9838709677419356,0.1016666666666666,0.1842900302114803,0.0002444987775061,0.8983333333333333,2955,454,120,1,0.0083333333333333,4.029092039436102,0.6243349405995722,0.6243349405995722,forecast,next-sample standardized MSE,1.2210665000602603,False,21,5,16,11,3.3,3.54,4.16,0,0,0,0,0.5865384615384616,0.000881057268722467,0.5821917808219178,0.0,0.0,0.0,0.0,controlled,0.0,True
PCA_Recon,1,3.0,4690,53,3,4087,547,0.9464285714285714,0.0883333333333333,0.1615853658536585,0.0007334963325183,0.9116666666666666,2955,454,120,3,0.025,0.4023821913005734,,,reconstruction,full observed-window PCA reconstruction MSE,0.7986037080409005,False,21,6,15,11,3.35,3.516666666666666,4.15,0,0,0,0,0.5247524752475248,0.0026431718061674008,0.636986301369863,0.0,0.0,0.0,0.0,controlled,,False
AE_Recon,1,3.0,4690,67,1,4089,533,0.9852941176470588,0.1116666666666666,0.2005988023952095,0.0002444987775061,0.8883333333333333,2955,454,120,1,0.0083333333333333,1.9326279252340377,,,reconstruction,full observed-window nonlinear autoencoder reconstruction MSE,1.1538813749793917,False,21,6,15,11,3.5999999999999996,3.6,4.199999999999999,0,0,0,0,0.6261682242990654,0.000881057268722467,0.541095890410959,0.0,0.0,0.0,0.0,controlled,0.0,True
Mahalanobis,1,3.0,4690,70,1,4089,530,0.9859154929577464,0.1166666666666666,0.2086438152011922,0.0002444987775061,0.8833333333333333,2955,454,120,1,0.0083333333333333,19.55414358519755,,,distance,Ledoit-Wolf shrinkage squared Mahalanobis distance,0.0037169159622862,False,21,7,14,11,3.3,3.557142857142857,4.18,0,0,0,0,0.6451612903225806,0.000881057268722467,0.5205479452054794,0.0,0.0,0.0,0.0,controlled,,False
kNN20,1,3.0,4690,66,1,4089,534,0.9850746268656716,0.11,0.1979010494752623,0.0002444987775061,0.89,2955,454,120,1,0.0083333333333333,2.2437583387082567,,,distance,distance to 20th normal-training neighbor,0.0158771659480407,False,21,5,16,11,3.3,3.54,4.22,0,0,0,0,0.6197183098591549,0.000881057268722467,0.547945205479452,0.0,0.0,0.0,0.0,controlled,,False
GMM,1,3.0,4690,78,0,4090,522,1.0,0.13,0.2300884955752212,0.0,0.87,2955,454,120,0,0.0,13.542398808611814,,,density,negative Gaussian mixture log likelihood,0.1372823329875245,False,21,8,13,11,3.25,3.325,3.9,0,0,0,0,0.6964285714285714,0.0,0.4657534246575342,0.0,0.0,0.0,0.0,controlled,0.0,True
KDE,1,3.0,4690,68,0,4090,532,1.0,0.1133333333333333,0.2035928143712574,0.0,0.8866666666666667,2955,454,120,0,0.0,22.685027558369544,,,density,negative Gaussian kernel log density,0.1582017500186339,False,21,6,15,11,3.25,3.483333333333334,4.199999999999999,0,0,0,0,0.6355140186915887,0.0,0.5342465753424658,0.0,0.0,0.0,0.0,controlled,,False
LOF20,1,3.0,4690,78,2,4088,522,0.975,0.13,0.2294117647058823,0.0004889975550122,0.87,2955,454,120,2,0.0166666666666666,1.421766806626498,,,local_density,negative novelty-mode LOF score_samples,0.0200178330997005,False,21,8,13,11,3.1,3.3125,3.96,0,0,0,0,0.6902654867256637,0.001762114537444934,0.4657534246575342,0.0,0.0,0.0,0.0,controlled,,False
IsolationForest,1,3.0,4690,53,1,4089,547,0.9814814814814816,0.0883333333333333,0.1620795107033639,0.0002444987775061,0.9116666666666666,2955,454,120,1,0.0083333333333333,0.6249767523819564,,,isolation,negative IsolationForest score_samples,0.1132948750164359,False,21,5,16,11,3.3,3.640000000000001,4.3,0,0,0,0,0.53,0.000881057268722467,0.636986301369863,0.0,0.0,0.0,0.0,controlled,0.0,True
OCSVM,1,3.0,4690,69,0,4090,531,1.0,0.115,0.2062780269058296,0.0,0.885,2955,454,120,0,0.0,0.3218858874215511,,,boundary,negative RBF OneClassSVM decision_function,0.0046075410209596,False,21,7,14,11,3.3,3.542857142857143,4.18,0,0,0,0,0.641860465116279,0.0,0.5273972602739726,0.0,0.0,0.0,0.0,controlled,,False
RobustMAD,1,3.0,4690,61,1,4089,539,0.9838709677419356,0.1016666666666666,0.1842900302114803,0.0002444987775061,0.8983333333333333,2955,454,120,1,0.0083333333333333,3.3058317915295596,,,robust_statistic,max absolute current-sensor robust z score; history unused,0.0002311250427737,False,21,5,16,11,3.3,3.56,4.22,0,0,0,0,0.5865384615384616,0.000881057268722467,0.5821917808219178,0.0,0.0,0.0,0.0,controlled,,False
Persistence,2,3.0,4690,38,0,4090,562,1.0,0.0633333333333333,0.1191222570532915,0.0,0.9366666666666666,2955,454,120,0,0.0,6.8743550013583885,1.2823984864212556,1.2823984864212556,forecast,next-sample standardized MSE,7.0908572524786e-07,False,21,5,16,11,3.4,3.5799999999999996,4.22,0,0,0,0,0.41304347826086957,0.0,0.7397260273972602,0.0,0.0,0.0,0.0,controlled,,False
VAR_Ridge,2,3.0,4690,77,2,4088,523,0.9746835443037974,0.1283333333333333,0.2268041237113402,0.0004889975550122,0.8716666666666667,2955,454,120,2,0.0166666666666666,2.7740679149397103,0.4247596099581228,0.4247596099581228,forecast,next-sample standardized MSE,0.0005150830838829,False,21,8,13,11,3.3499999999999996,3.4625,4.0,0,0,0,0,0.6844444444444444,0.001762114537444934,0.4726027397260274,0.0,0.0,0.0,0.0,controlled,,False
MLP32,2,3.0,4690,92,6,4084,508,0.9387755102040816,0.1533333333333333,0.2636103151862464,0.0014669926650366,0.8466666666666667,2955,454,120,4,0.0333333333333333,1.9103038069966705,0.3325346740133449,0.3325346740133449,forecast,next-sample standardized MSE,0.2405876670964062,False,21,10,11,11,3.1500000000000004,3.2299999999999995,3.4599999999999995,0,0,0,0,0.7540983606557377,0.0052863436123348016,0.3698630136986301,0.0,0.0,0.0,0.0,controlled,0.0,True
AR,2,3.0,4690,69,2,4088,531,0.971830985915493,0.115,0.2056631892697466,0.0004889975550122,0.885,2955,454,120,2,0.0166666666666666,2.958399409975269,0.478265764814139,0.478265764814139,forecast,next-sample standardized MSE,0.0007012500427663,False,21,8,13,11,3.3499999999999996,3.4749999999999996,4.03,0,0,0,0,0.6359447004608295,0.001762114537444934,0.5273972602739726,0.0,0.0,0.0,0.0,controlled,,False
AR_Relation,2,3.0,4690,80,1,4089,520,0.9876543209876544,0.1333333333333333,0.2349486049926578,0.0002444987775061,0.8666666666666667,2955,454,120,1,0.0083333333333333,2.4561459519271867,0.4060181300472277,0.4060181300472277,forecast,next-sample standardized MSE,0.0013292919611558,False,21,8,13,11,3.25,3.375,4.0,0,0,0,0,0.7048458149779736,0.000881057268722467,0.4520547945205479,0.0,0.0,0.0,0.0,controlled,,False
LSTM32,2,3.0,4690,89,5,4085,511,0.946808510638298,0.1483333333333333,0.2564841498559078,0.0012224938875305,0.8516666666666667,2955,454,120,4,0.0333333333333333,1.9509455479914617,0.3120604035371831,0.3120604035371831,forecast,next-sample standardized MSE,1.8286582499276849,False,21,9,12,11,3.2,3.2666666666666666,3.6,0,0,0,0,0.7416666666666667,0.004405286343612335,0.3904109589041096,0.0,0.0,0.0,0.0,controlled,0.0,True
GRU32,2,3.0,4690,93,7,4083,507,0.93,0.155,0.2657142857142857,0.0017114914425427,0.845,2955,454,120,5,0.0416666666666666,1.95852650136232,0.3185116502663737,0.3185116502663737,forecast,next-sample standardized MSE,1.6291298330761492,False,21,10,11,11,3.2,3.25,3.4599999999999995,0,0,0,0,0.7560975609756098,0.006167400881057269,0.363013698630137,0.0,0.0,0.0,0.0,controlled,0.0,True
PCA_Recon,2,3.0,4690,70,4,4086,530,0.945945945945946,0.1166666666666666,0.2077151335311572,0.0009779951100244,0.8833333333333333,2955,454,120,2,0.0166666666666666,0.549013466016702,,,reconstruction,full observed-window PCA reconstruction MSE,0.0007262089056894,False,21,8,13,11,3.35,3.525,4.1899999999999995,0,0,0,0,0.6363636363636364,0.003524229074889868,0.5205479452054794,0.0,0.0,0.0,0.0,controlled,,False
AE_Recon,2,3.0,4690,66,2,4088,534,0.9705882352941176,0.11,0.1976047904191616,0.0004889975550122,0.89,2955,454,120,2,0.0166666666666666,1.899834915963462,,,reconstruction,full observed-window nonlinear autoencoder reconstruction MSE,1.14376466604881,False,21,5,16,11,3.3,3.54,4.22,0,0,0,0,0.616822429906542,0.001762114537444934,0.547945205479452,0.0,0.0,0.0,0.0,controlled,0.0,True
Mahalanobis,2,3.0,4690,125,0,4090,475,1.0,0.2083333333333333,0.3448275862068966,0.0,0.7916666666666666,2955,454,120,0,0.0,24.14006574317216,,,distance,Ledoit-Wolf shrinkage squared Mahalanobis distance,0.0006489580264315,False,21,10,11,11,3.0,3.07,3.3,0,0,0,0,0.922509225092251,0.0,0.14383561643835616,0.0,0.0,0.0,0.0,controlled,,False
kNN20,2,3.0,4690,67,0,4090,533,1.0,0.1116666666666666,0.2008995502248875,0.0,0.8883333333333333,2955,454,120,0,0.0,2.9965670381337706,,,distance,distance to 20th normal-training neighbor,0.0008274590363726,False,21,5,16,11,3.3,3.54,4.22,0,0,0,0,0.6291079812206573,0.0,0.541095890410959,0.0,0.0,0.0,0.0,controlled,,False
GMM,2,3.0,4690,139,1,4089,461,0.9928571428571428,0.2316666666666666,0.3756756756756756,0.0002444987775061,0.7683333333333333,2955,454,120,1,0.0083333333333333,15.504899197557352,,,density,negative Gaussian mixture log likelihood,0.0363059169612824,False,21,10,11,11,3.0,3.0,3.0,0,0,0,0,0.972027972027972,0.000881057268722467,0.04794520547945205,0.0,0.0,0.0,0.0,controlled,0.0,True
KDE,2,3.0,4690,77,0,4090,523,1.0,0.1283333333333333,0.2274741506646972,0.0,0.8716666666666667,2955,454,120,0,0.0,17.025705698705295,,,density,negative Gaussian kernel log density,0.1544392920332029,False,21,8,13,11,3.3,3.425,4.159999999999999,0,0,0,0,0.6905829596412556,0.0,0.4726027397260274,0.0,0.0,0.0,0.0,controlled,,False
LOF20,2,3.0,4690,97,1,4089,503,0.9897959183673468,0.1616666666666666,0.2779369627507163,0.0002444987775061,0.8383333333333334,2955,454,120,1,0.0083333333333333,1.428674839090386,,,local_density,negative novelty-mode LOF score_samples,0.0298634589416906,False,21,8,13,11,3.0,3.1125,3.4299999999999997,0,0,0,0,0.7950819672131147,0.000881057268722467,0.3356164383561644,0.0,0.0,0.0,0.0,controlled,,False
IsolationForest,2,3.0,4690,58,1,4089,542,0.9830508474576272,0.0966666666666666,0.1760242792109256,0.0002444987775061,0.9033333333333332,2955,454,120,1,0.0083333333333333,0.6061255466486388,,,isolation,negative IsolationForest score_samples,0.0767999580129981,False,21,5,16,11,3.4,3.66,4.36,0,0,0,0,0.5658536585365853,0.000881057268722467,0.6027397260273972,0.0,0.0,0.0,0.0,controlled,0.0,True
OCSVM,2,3.0,4690,69,0,4090,531,1.0,0.115,0.2062780269058296,0.0,0.885,2955,454,120,0,0.0,0.4867331634076963,,,boundary,negative RBF OneClassSVM decision_function,0.0039667080854997,False,21,7,14,11,3.3,3.4285714285714284,4.18,0,0,0,0,0.641860465116279,0.0,0.5273972602739726,0.0,0.0,0.0,0.0,controlled,,False
RobustMAD,2,3.0,4690,61,1,4089,539,0.9838709677419356,0.1016666666666666,0.1842900302114803,0.0002444987775061,0.8983333333333333,2955,454,120,1,0.0083333333333333,3.3058317915295596,,,robust_statistic,max absolute current-sensor robust z score; history unused,0.0002247500233352,False,21,5,16,11,3.3,3.56,4.22,0,0,0,0,0.5865384615384616,0.000881057268722467,0.5821917808219178,0.0,0.0,0.0,0.0,controlled,,False
Persistence,3,3.0,4690,38,0,4090,562,1.0,0.0633333333333333,0.1191222570532915,0.0,0.9366666666666666,2955,454,120,0,0.0,6.8743550013583885,1.2823984864212556,1.2823984864212556,forecast,next-sample standardized MSE,6.669433787465096e-07,False,21,5,16,11,3.4,3.5799999999999996,4.22,0,0,0,0,0.41304347826086957,0.0,0.7397260273972602,0.0,0.0,0.0,0.0,controlled,,False
VAR_Ridge,3,3.0,4690,75,3,4087,525,0.9615384615384616,0.125,0.2212389380530973,0.0007334963325183,0.875,2955,454,120,3,0.025,2.2057553747832257,0.3457151293869512,0.3457151293869512,forecast,next-sample standardized MSE,0.0002524170558899,False,21,7,14,11,3.2,3.3000000000000003,3.7,0,0,0,0,0.6696428571428571,0.0026431718061674008,0.4863013698630137,0.0,0.0,0.0,0.0,controlled,,False
MLP32,3,3.0,4690,83,1,4089,517,0.988095238095238,0.1383333333333333,0.2426900584795321,0.0002444987775061,0.8616666666666667,2955,454,120,1,0.0083333333333333,1.782923625808691,0.2963625828206908,0.2963625828206908,forecast,next-sample standardized MSE,0.2401476670056581,False,21,8,13,11,3.15,3.2,3.42,0,0,0,0,0.7217391304347827,0.000881057268722467,0.4315068493150685,0.0,0.0,0.0,0.0,controlled,0.0,True
AR,3,3.0,4690,68,2,4088,532,0.9714285714285714,0.1133333333333333,0.2029850746268656,0.0004889975550122,0.8866666666666667,2955,454,120,2,0.0166666666666666,2.7936323871509927,0.4457466044671195,0.4457466044671195,forecast,next-sample standardized MSE,0.0007993340259417,False,21,7,14,11,3.2,3.357142857142857,3.82,0,0,0,0,0.6296296296296297,0.001762114537444934,0.5342465753424658,0.0,0.0,0.0,0.0,controlled,,False
AR_Relation,3,3.0,4690,92,4,4086,508,0.9583333333333334,0.1533333333333333,0.264367816091954,0.0009779951100244,0.8466666666666667,2955,454,120,3,0.025,2.100601905790682,0.3630547375308595,0.3630547375308595,forecast,next-sample standardized MSE,0.001504375017248,False,21,8,13,11,3.05,3.2,3.5,0,0,0,0,0.7603305785123967,0.003524229074889868,0.3698630136986301,0.0,0.0,0.0,0.0,controlled,,False
LSTM32,3,3.0,4690,92,3,4087,508,0.968421052631579,0.1533333333333333,0.2647482014388489,0.0007334963325183,0.8466666666666667,2955,454,120,3,0.025,1.6167586454202387,0.2747216605742352,0.2747216605742352,forecast,next-sample standardized MSE,2.222984250052832,False,21,9,12,11,3.2,3.2888888888888888,3.78,0,0,0,0,0.7634854771784232,0.0026431718061674008,0.3698630136986301,0.0,0.0,0.0,0.0,controlled,0.0,True
GRU32,3,3.0,4690,83,3,4087,517,0.9651162790697676,0.1383333333333333,0.2419825072886297,0.0007334963325183,0.8616666666666667,2955,454,120,3,0.025,1.6489161865878723,0.2713414482856428,0.2713414482856428,forecast,next-sample standardized MSE,1.961104457965121,False,21,9,12,11,3.3,3.3222222222222224,3.78,0,0,0,0,0.7155172413793104,0.0026431718061674008,0.4315068493150685,0.0,0.0,0.0,0.0,controlled,0.0,True
PCA_Recon,3,3.0,4690,114,4,4086,486,0.9661016949152542,0.19,0.3175487465181058,0.0009779951100244,0.81,2955,454,120,2,0.0166666666666666,0.566720098363225,,,reconstruction,full observed-window PCA reconstruction MSE,0.0008072920609265,False,21,9,12,11,3.0,3.1444444444444444,3.26,0,0,0,0,0.8636363636363636,0.003524229074889868,0.2191780821917808,0.0,0.0,0.0,0.0,controlled,,False
AE_Recon,3,3.0,4690,87,4,4086,513,0.956043956043956,0.145,0.2518089725036179,0.0009779951100244,0.855,2955,454,120,3,0.025,0.9660188420061628,,,reconstruction,full observed-window nonlinear autoencoder reconstruction MSE,1.0899417500477284,False,21,8,13,11,3.15,3.3625,4.09,0,0,0,0,0.7341772151898734,0.003524229074889868,0.4041095890410959,0.0,0.0,0.0,0.0,controlled,0.0,True
Mahalanobis,3,3.0,4690,143,0,4090,457,1.0,0.2383333333333333,0.3849259757738896,0.0,0.7616666666666667,2955,454,120,0,0.0,29.4421987150958,,,distance,Ledoit-Wolf shrinkage squared Mahalanobis distance,0.0006439589196816,False,21,10,11,11,3.0,3.03,3.03,0,0,0,0,0.9896193771626297,0.0,0.02054794520547945,0.0,0.0,0.0,0.0,controlled,,False
kNN20,3,3.0,4690,72,0,4090,528,1.0,0.12,0.2142857142857142,0.0,0.88,2955,454,120,0,0.0,3.510907161856257,,,distance,distance to 20th normal-training neighbor,0.0006723749684169,False,21,6,15,11,3.15,3.4499999999999997,4.199999999999999,0,0,0,0,0.6605504587155964,0.0,0.5068493150684932,0.0,0.0,0.0,0.0,controlled,,False
GMM,3,3.0,4690,145,0,4090,455,1.0,0.2416666666666666,0.3892617449664429,0.0,0.7583333333333333,2955,454,120,0,0.0,18.34852252927869,,,density,negative Gaussian mixture log likelihood,0.0570902080507949,False,21,10,11,11,3.0,3.0,3.0,0,0,0,0,0.9965635738831615,0.0,0.00684931506849315,0.0,0.0,0.0,0.0,controlled,0.0,True
KDE,3,3.0,4690,82,0,4090,518,1.0,0.1366666666666666,0.2404692082111437,0.0,0.8633333333333333,2955,454,120,0,0.0,22.615977525803547,,,density,negative Gaussian kernel log density,0.1559391660848632,False,21,8,13,11,3.15,3.2874999999999996,3.67,0,0,0,0,0.7192982456140351,0.0,0.4383561643835616,0.0,0.0,0.0,0.0,controlled,,False
LOF20,3,3.0,4690,122,0,4090,478,1.0,0.2033333333333333,0.3379501385041551,0.0,0.7966666666666666,2955,454,120,0,0.0,1.4138932291047368,,,local_density,negative novelty-mode LOF score_samples,0.0471002080012112,False,21,10,11,11,3.0,3.09,3.4099999999999997,0,0,0,0,0.9104477611940298,0.0,0.1643835616438356,0.0,0.0,0.0,0.0,controlled,,False
IsolationForest,3,3.0,4690,57,1,4089,543,0.9827586206896552,0.095,0.1732522796352583,0.0002444987775061,0.905,2955,454,120,1,0.0083333333333333,0.594453623698848,,,isolation,negative IsolationForest score_samples,0.0737112080678343,False,21,5,16,11,3.4,3.68,4.36,0,0,0,0,0.5588235294117647,0.000881057268722467,0.6095890410958904,0.0,0.0,0.0,0.0,controlled,0.0,True
OCSVM,3,3.0,4690,73,0,4090,527,1.0,0.1216666666666666,0.2169390787518573,0.0,0.8783333333333333,2955,454,120,0,0.0,0.5040910543599977,,,boundary,negative RBF OneClassSVM decision_function,0.0049257909413427,False,21,7,14,11,3.3,3.4285714285714284,4.18,0,0,0,0,0.6666666666666666,0.0,0.5,0.0,0.0,0.0,0.0,controlled,,False
RobustMAD,3,3.0,4690,61,1,4089,539,0.9838709677419356,0.1016666666666666,0.1842900302114803,0.0002444987775061,0.8983333333333333,2955,454,120,1,0.0083333333333333,3.3058317915295596,,,robust_statistic,max absolute current-sensor robust z score; history unused,0.0002108750632032,False,21,5,16,11,3.3,3.56,4.22,0,0,0,0,0.5865384615384616,0.000881057268722467,0.5821917808219178,0.0,0.0,0.0,0.0,controlled,,False
Persistence,5,3.0,4690,38,0,4090,562,1.0,0.0633333333333333,0.1191222570532915,0.0,0.9366666666666666,2955,454,120,0,0.0,6.8743550013583885,1.2823984864212556,1.2823984864212556,forecast,next-sample standardized MSE,5.409820005297661e-07,False,21,5,16,11,3.4,3.5799999999999996,4.22,0,0,0,0,0.41304347826086957,0.0,0.7397260273972602,0.0,0.0,0.0,0.0,controlled,,False
VAR_Ridge,5,3.0,4690,116,2,4088,484,0.9830508474576272,0.1933333333333333,0.3231197771587744,0.0004889975550122,0.8066666666666666,2955,454,120,2,0.0166666666666666,0.8223231572683537,0.1335562758938432,0.1335562758938432,forecast,next-sample standardized MSE,0.0002616250421851,False,21,9,12,11,3.0,3.0555555555555554,3.22,0,0,0,0,0.8787878787878788,0.001762114537444934,0.2054794520547945,0.0,0.0,0.0,0.0,controlled,,False
MLP32,5,3.0,4690,116,2,4088,484,0.9830508474576272,0.1933333333333333,0.3231197771587744,0.0004889975550122,0.8066666666666666,2955,454,120,2,0.0166666666666666,0.8171591978267685,0.1121671873860238,0.1121671873860238,forecast,next-sample standardized MSE,0.2457722920225933,False,21,9,12,11,3.0,3.0555555555555554,3.22,0,0,0,0,0.8787878787878788,0.001762114537444934,0.2054794520547945,0.0,0.0,0.0,0.0,controlled,0.0,True
AR,5,3.0,4690,90,3,4087,510,0.967741935483871,0.15,0.2597402597402597,0.0007334963325183,0.85,2955,454,120,3,0.025,1.0450794996651491,0.1609134552574156,0.1609134552574156,forecast,next-sample standardized MSE,0.0011233330005779,False,21,9,12,11,3.2,3.2444444444444445,3.46,0,0,0,0,0.7531380753138075,0.0026431718061674008,0.3835616438356164,0.0,0.0,0.0,0.0,controlled,,False
AR_Relation,5,3.0,4690,101,4,4086,499,0.961904761904762,0.1683333333333333,0.2865248226950355,0.0009779951100244,0.8316666666666667,2955,454,120,3,0.025,0.7899126283443748,0.1450871092076536,0.1450871092076536,forecast,next-sample standardized MSE,0.0016484170919284,False,21,9,12,11,3.0,3.1666666666666665,3.46,0,0,0,0,0.8047808764940239,0.003524229074889868,0.3082191780821918,0.0,0.0,0.0,0.0,controlled,,False
LSTM32,5,3.0,4690,123,2,4088,477,0.984,0.205,0.3393103448275862,0.0004889975550122,0.795,2955,454,120,1,0.0083333333333333,0.7938513935692482,0.1039667952470341,0.1039667952470341,forecast,next-sample standardized MSE,3.129682832979597,False,21,10,11,11,3.0,3.04,3.12,0,0,0,0,0.9077490774907749,0.001762114537444934,0.15753424657534246,0.0,0.0,0.0,0.0,controlled,0.0,True
GRU32,5,3.0,4690,124,2,4088,476,0.984126984126984,0.2066666666666666,0.3415977961432507,0.0004889975550122,0.7933333333333333,2955,454,120,1,0.0083333333333333,0.7898937331870566,0.0988707403068853,0.0988707403068853,forecast,next-sample standardized MSE,2.807118874974549,False,21,9,12,11,3.0,3.0444444444444443,3.14,0,0,0,0,0.9117647058823529,0.001762114537444934,0.1506849315068493,0.0,0.0,0.0,0.0,controlled,0.0,True
PCA_Recon,5,3.0,4690,129,1,4089,471,0.9923076923076924,0.215,0.3534246575342465,0.0002444987775061,0.785,2955,454,120,1,0.0083333333333333,0.376846490957566,,,reconstruction,full observed-window PCA reconstruction MSE,0.0013116669142618,False,21,9,12,11,3.0,3.1333333333333333,3.24,0,0,0,0,0.9347826086956522,0.000881057268722467,0.11643835616438356,0.0,0.0,0.0,0.0,controlled,,False
AE_Recon,5,3.0,4690,117,3,4087,483,0.975,0.195,0.325,0.0007334963325183,0.805,2955,454,120,2,0.0166666666666666,0.8115977137995231,,,reconstruction,full observed-window nonlinear autoencoder reconstruction MSE,1.142490917001851,False,21,8,13,11,3.0,3.1625,3.3899999999999997,0,0,0,0,0.8796992481203008,0.0026431718061674008,0.19863013698630136,0.0,0.0,0.0,0.0,controlled,0.0,True
Mahalanobis,5,3.0,4690,146,0,4090,454,1.0,0.2433333333333333,0.3914209115281501,0.0,0.7566666666666667,2955,454,120,0,0.0,41.05773507824818,,,distance,Ledoit-Wolf shrinkage squared Mahalanobis distance,0.0008063330315053,False,21,10,11,11,3.0,3.0,3.0,0,0,0,0,1.0,0.0,0.0,0.0,0.0,0.0,0.0,controlled,,False
kNN20,5,3.0,4690,80,0,4090,520,1.0,0.1333333333333333,0.2352941176470588,0.0,0.8666666666666667,2955,454,120,0,0.0,4.3207274283518755,,,distance,distance to 20th normal-training neighbor,0.0002583749592304,False,21,6,15,11,3.15,3.4499999999999997,4.199999999999999,0,0,0,0,0.7079646017699115,0.0,0.4520547945205479,0.0,0.0,0.0,0.0,controlled,,False
GMM,5,3.0,4690,146,0,4090,454,1.0,0.2433333333333333,0.3914209115281501,0.0,0.7566666666666667,2955,454,120,0,0.0,21.59316360800573,,,density,negative Gaussian mixture log likelihood,0.0849084579385817,False,21,10,11,11,3.0,3.0,3.0,0,0,0,0,1.0,0.0,0.0,0.0,0.0,0.0,0.0,controlled,0.0,True
KDE,5,3.0,4690,116,0,4090,484,1.0,0.1933333333333333,0.3240223463687151,0.0,0.8066666666666666,2955,454,120,0,0.0,31.568082889183515,,,density,negative Gaussian kernel log density,0.1871585830813273,False,21,8,13,11,3.0,3.1875,3.46,0,0,0,0,0.8854961832061069,0.0,0.2054794520547945,0.0,0.0,0.0,0.0,controlled,,False
LOF20,5,3.0,4690,143,1,4089,457,0.9930555555555556,0.2383333333333333,0.3844086021505376,0.0002444987775061,0.7616666666666667,2955,454,120,1,0.0083333333333333,1.3773299913886885,,,local_density,negative novelty-mode LOF score_samples,0.0261636249488219,False,21,10,11,11,3.0,3.0,3.0,0,0,0,0,0.9862068965517241,0.000881057268722467,0.02054794520547945,0.0,0.0,0.0,0.0,controlled,,False
IsolationForest,5,3.0,4690,57,1,4089,543,0.9827586206896552,0.095,0.1732522796352583,0.0002444987775061,0.905,2955,454,120,1,0.0083333333333333,0.5742509771675575,,,isolation,negative IsolationForest score_samples,0.0779652920318767,False,21,5,16,11,3.4,3.72,4.46,0,0,0,0,0.5588235294117647,0.000881057268722467,0.6095890410958904,0.0,0.0,0.0,0.0,controlled,0.0,True
OCSVM,5,3.0,4690,82,0,4090,518,1.0,0.1366666666666666,0.2404692082111437,0.0,0.8633333333333333,2955,454,120,0,0.0,0.4054403124683006,,,boundary,negative RBF OneClassSVM decision_function,0.0048974170349538,False,21,7,14,11,3.0,3.3857142857142857,4.18,0,0,0,0,0.7192982456140351,0.0,0.4383561643835616,0.0,0.0,0.0,0.0,controlled,,False
RobustMAD,5,3.0,4690,61,1,4089,539,0.9838709677419356,0.1016666666666666,0.1842900302114803,0.0002444987775061,0.8983333333333333,2955,454,120,1,0.0083333333333333,3.3058317915295596,,,robust_statistic,max absolute current-sensor robust z score; history unused,0.0002106669126078,False,21,5,16,11,3.3,3.56,4.22,0,0,0,0,0.5865384615384616,0.000881057268722467,0.5821917808219178,0.0,0.0,0.0,0.0,controlled,,False
Persistence,8,3.0,4690,38,0,4090,562,1.0,0.0633333333333333,0.1191222570532915,0.0,0.9366666666666666,2955,454,120,0,0.0,6.8743550013583885,1.2823984864212556,1.2823984864212556,forecast,next-sample standardized MSE,5.00003807246685e-07,False,21,5,16,11,3.4,3.5799999999999996,4.22,0,0,0,0,0.41304347826086957,0.0,0.7397260273972602,0.0,0.0,0.0,0.0,controlled,,False
VAR_Ridge,8,3.0,4690,141,2,4088,459,0.986013986013986,0.235,0.3795423956931359,0.0004889975550122,0.765,2955,454,120,2,0.0166666666666666,0.72978432794231,0.090629929478194,0.090629929478194,forecast,next-sample standardized MSE,0.0003429999342188,False,21,10,11,11,3.0,3.0,3.0,0,0,0,0,0.9757785467128027,0.001762114537444934,0.03424657534246575,0.0,0.0,0.0,0.0,controlled,,False
MLP32,8,3.0,4690,143,2,4088,457,0.986206896551724,0.2383333333333333,0.3838926174496644,0.0004889975550122,0.7616666666666667,2955,454,120,2,0.0166666666666666,0.6069264894562332,0.0798275998933361,0.0798275998933361,forecast,next-sample standardized MSE,0.2514551660278812,False,21,10,11,11,3.0,3.0,3.0,0,0,0,0,0.9828178694158075,0.001762114537444934,0.02054794520547945,0.0,0.0,0.0,0.0,controlled,0.0,True
AR,8,3.0,4690,123,4,4086,477,0.968503937007874,0.205,0.3383768913342503,0.0009779951100244,0.795,2955,454,120,3,0.025,0.8792278226395964,0.1347679091715702,0.1347679091715702,forecast,next-sample standardized MSE,0.0006012920057401,False,21,9,12,11,3.0,3.011111111111111,3.02,0,0,0,0,0.9010989010989011,0.003524229074889868,0.15753424657534246,0.0,0.0,0.0,0.0,controlled,,False
AR_Relation,8,3.0,4690,128,4,4086,472,0.9696969696969696,0.2133333333333333,0.3497267759562841,0.0009779951100244,0.7866666666666666,2955,454,120,3,0.025,0.7009462347960935,0.1135970458287644,0.1135970458287644,forecast,next-sample standardized MSE,0.0013411249965429,False,21,10,11,11,3.0,3.01,3.01,0,0,0,0,0.920863309352518,0.003524229074889868,0.1232876712328767,0.0,0.0,0.0,0.0,controlled,,False
LSTM32,8,3.0,4690,130,1,4089,470,0.9923664122137404,0.2166666666666666,0.3556771545827633,0.0002444987775061,0.7833333333333333,2955,454,120,1,0.0083333333333333,0.7667424559034509,0.1022810299731102,0.1022810299731102,forecast,next-sample standardized MSE,4.429794457973912,False,21,10,11,11,3.0,3.03,3.03,0,0,0,0,0.9386281588447654,0.000881057268722467,0.1095890410958904,0.0,0.0,0.0,0.0,controlled,0.0,True
GRU32,8,3.0,4690,132,2,4088,468,0.9850746268656716,0.22,0.3596730245231607,0.0004889975550122,0.78,2955,454,120,2,0.0166666666666666,0.66375224293339,0.0816874418525803,0.0816874418525803,forecast,next-sample standardized MSE,3.881778124952689,False,21,10,11,11,3.0,3.03,3.03,0,0,0,0,0.9428571428571428,0.001762114537444934,0.0958904109589041,0.0,0.0,0.0,0.0,controlled,0.0,True
PCA_Recon,8,3.0,4690,131,2,4088,469,0.9849624060150376,0.2183333333333333,0.3574351978171896,0.0004889975550122,0.7816666666666666,2955,454,120,1,0.0083333333333333,0.4530335892422645,,,reconstruction,full observed-window PCA reconstruction MSE,0.0017518340609967,False,21,9,12,11,3.0,3.0444444444444443,3.08,0,0,0,0,0.9390681003584229,0.001762114537444934,0.10273972602739725,0.0,0.0,0.0,0.0,controlled,,False
AE_Recon,8,3.0,4690,124,0,4090,476,1.0,0.2066666666666666,0.3425414364640884,0.0,0.7933333333333333,2955,454,120,0,0.0,0.6882233370900259,,,reconstruction,full observed-window nonlinear autoencoder reconstruction MSE,1.1411668329965323,False,21,9,12,11,3.0,3.0444444444444443,3.08,0,0,0,0,0.9185185185185185,0.0,0.1506849315068493,0.0,0.0,0.0,0.0,controlled,0.0,True
Mahalanobis,8,3.0,4690,146,0,4090,454,1.0,0.2433333333333333,0.3914209115281501,0.0,0.7566666666666667,2955,454,120,0,0.0,63.12725447117114,,,distance,Ledoit-Wolf shrinkage squared Mahalanobis distance,0.0008143329760059,False,21,10,11,11,3.0,3.0,3.0,0,0,0,0,1.0,0.0,0.0,0.0,0.0,0.0,0.0,controlled,,False
kNN20,8,3.0,4690,88,0,4090,512,1.0,0.1466666666666666,0.2558139534883721,0.0,0.8533333333333334,2955,454,120,0,0.0,5.5525417299578965,,,distance,distance to 20th normal-training neighbor,0.0002170420484617,False,21,9,12,11,3.1,3.3333333333333335,4.14,0,0,0,0,0.7521367521367521,0.0,0.3972602739726027,0.0,0.0,0.0,0.0,controlled,,False
GMM,8,3.0,4690,146,0,4090,454,1.0,0.2433333333333333,0.3914209115281501,0.0,0.7566666666666667,2955,454,120,0,0.0,24.511768013591706,,,density,negative Gaussian mixture log likelihood,0.1108150420477613,False,21,10,11,11,3.0,3.0,3.0,0,0,0,0,1.0,0.0,0.0,0.0,0.0,0.0,0.0,controlled,0.0,True
KDE,8,3.0,4690,113,0,4090,487,1.0,0.1883333333333333,0.3169705469845722,0.0,0.8116666666666666,2955,454,120,0,0.0,43.75546914444406,,,density,negative Gaussian kernel log density,0.1941040829988196,False,21,9,12,11,3.0,3.033333333333333,3.06,0,0,0,0,0.8725868725868726,0.0,0.22602739726027396,0.0,0.0,0.0,0.0,controlled,,False
LOF20,8,3.0,4690,146,0,4090,454,1.0,0.2433333333333333,0.3914209115281501,0.0,0.7566666666666667,2955,454,120,0,0.0,1.3854268733232324,,,local_density,negative novelty-mode LOF score_samples,0.0249052080325782,False,21,10,11,11,3.0,3.0,3.0,0,0,0,0,1.0,0.0,0.0,0.0,0.0,0.0,0.0,controlled,,False
IsolationForest,8,3.0,4690,53,0,4090,547,1.0,0.0883333333333333,0.1623277182235834,0.0,0.9116666666666666,2955,454,120,0,0.0,0.5721399010649075,,,isolation,negative IsolationForest score_samples,0.0729875839315354,False,21,5,16,11,3.5,3.82,4.56,0,0,0,0,0.5326633165829145,0.0,0.636986301369863,0.0,0.0,0.0,0.0,controlled,0.0,True
OCSVM,8,3.0,4690,86,0,4090,514,1.0,0.1433333333333333,0.2507288629737609,0.0,0.8566666666666667,2955,454,120,0,0.0,0.3916589794634939,,,boundary,negative RBF OneClassSVM decision_function,0.0057777919573709,False,21,9,12,11,3.0,3.322222222222222,4.14,0,0,0,0,0.7413793103448276,0.0,0.410958904109589,0.0,0.0,0.0,0.0,controlled,,False
RobustMAD,8,3.0,4690,61,1,4089,539,0.9838709677419356,0.1016666666666666,0.1842900302114803,0.0002444987775061,0.8983333333333333,2955,454,120,1,0.0083333333333333,3.3058317915295596,,,robust_statistic,max absolute current-sensor robust z score; history unused,0.000396916992031,False,21,5,16,11,3.3,3.56,4.22,0,0,0,0,0.5865384615384616,0.000881057268722467,0.5821917808219178,0.0,0.0,0.0,0.0,controlled,,False
Persistence,10,3.0,4690,38,0,4090,562,1.0,0.0633333333333333,0.1191222570532915,0.0,0.9366666666666666,2955,454,120,0,0.0,6.8743550013583885,1.2823984864212556,1.2823984864212556,forecast,next-sample standardized MSE,9.170034900307656e-07,False,21,5,16,11,3.4,3.5799999999999996,4.22,0,0,0,0,0.41304347826086957,0.0,0.7397260273972602,0.0,0.0,0.0,0.0,controlled,,False
VAR_Ridge,10,3.0,4690,142,7,4083,458,0.953020134228188,0.2366666666666666,0.3791722296395193,0.0017114914425427,0.7633333333333333,2955,454,120,4,0.0333333333333333,0.48664659266696,0.0801416424981878,0.0801416424981878,forecast,next-sample standardized MSE,0.0004215829540044,False,21,10,11,11,3.0,3.0,3.0,0,0,0,0,0.9627118644067797,0.006167400881057269,0.0273972602739726,0.0,0.0,0.0,0.0,controlled,,False
MLP32,10,3.0,4690,143,5,4085,457,0.9662162162162162,0.2383333333333333,0.3823529411764705,0.0012224938875305,0.7616666666666667,2955,454,120,5,0.0416666666666666,0.4205550288957534,0.0681144002320023,0.0681144002320023,forecast,next-sample standardized MSE,0.249456041958183,False,21,10,11,11,3.0,3.0,3.0,0,0,0,0,0.9727891156462585,0.004405286343612335,0.02054794520547945,0.0,0.0,0.0,0.0,controlled,0.0,True
AR,10,3.0,4690,113,4,4086,487,0.9658119658119658,0.1883333333333333,0.3152022315202231,0.0009779951100244,0.8116666666666666,2955,454,120,4,0.0333333333333333,0.7313353642252961,0.1067227468356388,0.1067227468356388,forecast,next-sample standardized MSE,0.0006984169594943,False,21,10,11,11,3.0,3.06,3.3,0,0,0,0,0.8593155893536122,0.003524229074889868,0.22602739726027396,0.0,0.0,0.0,0.0,controlled,,False
AR_Relation,10,3.0,4690,115,7,4083,485,0.9426229508196722,0.1916666666666666,0.3185595567867036,0.0017114914425427,0.8083333333333333,2955,454,120,4,0.0333333333333333,0.6242565900434079,0.1000700530063785,0.1000700530063785,forecast,next-sample standardized MSE,0.0014460840029641,False,21,10,11,11,3.0,3.04,3.12,0,0,0,0,0.8582089552238806,0.006167400881057269,0.21232876712328766,0.0,0.0,0.0,0.0,controlled,,False
LSTM32,10,3.0,4690,137,4,4086,463,0.9716312056737588,0.2283333333333333,0.3697705802968961,0.0009779951100244,0.7716666666666666,2955,454,120,3,0.025,0.8459568832457176,0.1271381546603688,0.1271381546603688,forecast,next-sample standardized MSE,5.246797917061485,False,21,10,11,11,3.0,3.0,3.0,0,0,0,0,0.9547038327526133,0.003524229074889868,0.06164383561643835,0.0,0.0,0.0,0.0,controlled,0.0,True
GRU32,10,3.0,4690,138,2,4088,462,0.9857142857142858,0.23,0.372972972972973,0.0004889975550122,0.77,2955,454,120,2,0.0166666666666666,0.5645715761420518,0.0758246948868436,0.0758246948868436,forecast,next-sample standardized MSE,4.735836292034946,False,21,10,11,11,3.0,3.03,3.03,0,0,0,0,0.965034965034965,0.001762114537444934,0.0547945205479452,0.0,0.0,0.0,0.0,controlled,0.0,True
PCA_Recon,10,3.0,4690,144,2,4088,456,0.9863013698630136,0.24,0.3860589812332439,0.0004889975550122,0.76,2955,454,120,1,0.0083333333333333,0.4189549849089987,,,reconstruction,full observed-window PCA reconstruction MSE,0.0020380420610308,False,21,9,12,11,3.0,3.0,3.0,0,0,0,0,0.9863013698630136,0.001762114537444934,0.0136986301369863,0.0,0.0,0.0,0.0,controlled,,False
AE_Recon,10,3.0,4690,145,1,4089,455,0.9931506849315068,0.2416666666666666,0.388739946380697,0.0002444987775061,0.7583333333333333,2955,454,120,1,0.0083333333333333,0.4401260410011573,,,reconstruction,full observed-window nonlinear autoencoder reconstruction MSE,1.1513242499204352,False,21,10,11,11,3.0,3.0,3.0,0,0,0,0,0.9931506849315068,0.000881057268722467,0.00684931506849315,0.0,0.0,0.0,0.0,controlled,0.0,True
Mahalanobis,10,3.0,4690,146,0,4090,454,1.0,0.2433333333333333,0.3914209115281501,0.0,0.7566666666666667,2955,454,120,0,0.0,71.11356312350826,,,distance,Ledoit-Wolf shrinkage squared Mahalanobis distance,0.0009720829548314,False,21,10,11,11,3.0,3.0,3.0,0,0,0,0,1.0,0.0,0.0,0.0,0.0,0.0,0.0,controlled,,False
kNN20,10,3.0,4690,107,0,4090,493,1.0,0.1783333333333333,0.3026874115983027,0.0,0.8216666666666667,2955,454,120,0,0.0,5.92985437060419,,,distance,distance to 20th normal-training neighbor,0.0003511250251904,False,21,9,12,11,3.0,3.1666666666666665,3.4200000000000004,0,0,0,0,0.8458498023715415,0.0,0.2671232876712329,0.0,0.0,0.0,0.0,controlled,,False
GMM,10,3.0,4690,146,1,4089,454,0.9931972789115646,0.2433333333333333,0.3908969210174029,0.0002444987775061,0.7566666666666667,2955,454,120,1,0.0083333333333333,25.90075815871534,,,density,negative Gaussian mixture log likelihood,0.163755917106755,False,21,10,11,11,3.0,3.0,3.0,0,0,0,0,0.9965870307167235,0.000881057268722467,0.0,0.0,0.0,0.0,0.0,controlled,0.0,True
KDE,10,3.0,4690,104,1,4089,496,0.9904761904761904,0.1733333333333333,0.2950354609929078,0.0002444987775061,0.8266666666666667,2955,454,120,1,0.0083333333333333,51.4336029502473,,,density,negative Gaussian kernel log density,0.2225284170126542,False,21,9,12,11,3.0,3.033333333333333,3.1,0,0,0,0,0.8286852589641435,0.000881057268722467,0.2876712328767123,0.0,0.0,0.0,0.0,controlled,,False
LOF20,10,3.0,4690,146,1,4089,454,0.9931972789115646,0.2433333333333333,0.3908969210174029,0.0002444987775061,0.7566666666666667,2955,454,120,1,0.0083333333333333,1.3886458442913392,,,local_density,negative novelty-mode LOF score_samples,0.0263206250965595,False,21,10,11,11,3.0,3.0,3.0,0,0,0,0,0.9965870307167235,0.000881057268722467,0.0,0.0,0.0,0.0,0.0,controlled,,False
IsolationForest,10,3.0,4690,51,0,4090,549,1.0,0.085,0.1566820276497695,0.0,0.915,2955,454,120,0,0.0,0.5713898527918011,,,isolation,negative IsolationForest score_samples,0.0798051670426502,False,21,6,15,11,3.6,3.75,4.65,0,0,0,0,0.5177664974619289,0.0,0.6506849315068494,0.0,0.0,0.0,0.0,controlled,0.0,True
OCSVM,10,3.0,4690,95,0,4090,505,1.0,0.1583333333333333,0.2733812949640288,0.0,0.8416666666666667,2955,454,120,0,0.0,0.3814729730468841,,,boundary,negative RBF OneClassSVM decision_function,0.0065486250678077,False,21,9,12,11,3.0,3.2888888888888888,4.14,0,0,0,0,0.7883817427385892,0.0,0.3493150684931507,0.0,0.0,0.0,0.0,controlled,,False
RobustMAD,10,3.0,4690,61,1,4089,539,0.9838709677419356,0.1016666666666666,0.1842900302114803,0.0002444987775061,0.8983333333333333,2955,454,120,1,0.0083333333333333,3.3058317915295596,,,robust_statistic,max absolute current-sensor robust z score; history unused,0.0002173749962821,False,21,5,16,11,3.3,3.56,4.22,0,0,0,0,0.5865384615384616,0.000881057268722467,0.5821917808219178,0.0,0.0,0.0,0.0,controlled,,False
Persistence,15,3.0,4690,38,0,4090,562,1.0,0.0633333333333333,0.1191222570532915,0.0,0.9366666666666666,2955,454,120,0,0.0,6.8743550013583885,1.2823984864212556,1.2823984864212556,forecast,next-sample standardized MSE,6.25033862888813e-07,False,21,5,16,11,3.4,3.5799999999999996,4.22,0,0,0,0,0.41304347826086957,0.0,0.7397260273972602,0.0,0.0,0.0,0.0,controlled,,False
VAR_Ridge,15,3.0,4690,144,12,4078,456,0.9230769230769232,0.24,0.3809523809523809,0.0029339853300733,0.76,2955,454,120,9,0.075,0.2636498108769536,0.0575428749981969,0.0575428749981969,forecast,next-sample standardized MSE,0.000543792033568,False,21,10,11,11,3.0,3.0,3.0,0,0,0,0,0.9536423841059603,0.010572687224669603,0.0136986301369863,0.0,0.0,0.0,0.0,controlled,,False
MLP32,15,3.0,4690,144,2,4088,456,0.9863013698630136,0.24,0.3860589812332439,0.0004889975550122,0.76,2955,454,120,2,0.0166666666666666,0.331020007647629,0.0585344259067833,0.0585344259067833,forecast,next-sample standardized MSE,0.2640615419950336,False,21,10,11,11,3.0,3.0,3.0,0,0,0,0,0.9863013698630136,0.001762114537444934,0.0136986301369863,0.0,0.0,0.0,0.0,controlled,0.0,True
AR,15,3.0,4690,135,3,4087,465,0.9782608695652174,0.225,0.3658536585365853,0.0007334963325183,0.775,2955,454,120,2,0.0166666666666666,0.5312245708162127,0.0857055218567169,0.0857055218567169,forecast,next-sample standardized MSE,0.0008172090165317,False,21,10,11,11,3.0,3.0,3.0,0,0,0,0,0.9507042253521126,0.0026431718061674008,0.07534246575342465,0.0,0.0,0.0,0.0,controlled,,False
AR_Relation,15,3.0,4690,137,6,4084,463,0.958041958041958,0.2283333333333333,0.3687752355316285,0.0014669926650366,0.7716666666666666,2955,454,120,4,0.0333333333333333,0.441951524497964,0.0798299208379672,0.0798299208379672,forecast,next-sample standardized MSE,0.0014820829965174,False,21,10,11,11,3.0,3.0,3.0,0,0,0,0,0.9480968858131488,0.0052863436123348016,0.06164383561643835,0.0,0.0,0.0,0.0,controlled,,False
LSTM32,15,3.0,4690,138,2,4088,462,0.9857142857142858,0.23,0.372972972972973,0.0004889975550122,0.77,2955,454,120,2,0.0166666666666666,0.4815406124026438,0.0892957849431946,0.0892957849431946,forecast,next-sample standardized MSE,7.615908583044075,False,21,10,11,11,3.0,3.01,3.01,0,0,0,0,0.965034965034965,0.001762114537444934,0.0547945205479452,0.0,0.0,0.0,0.0,controlled,0.0,True
GRU32,15,3.0,4690,141,1,4089,459,0.9929577464788732,0.235,0.3800539083557951,0.0002444987775061,0.765,2955,454,120,1,0.0083333333333333,0.4071219119729122,0.0743865848426709,0.0743865848426709,forecast,next-sample standardized MSE,6.630123291979544,False,21,10,11,11,3.0,3.0,3.0,0,0,0,0,0.9791666666666666,0.000881057268722467,0.03424657534246575,0.0,0.0,0.0,0.0,controlled,0.0,True
PCA_Recon,15,3.0,4690,146,0,4090,454,1.0,0.2433333333333333,0.3914209115281501,0.0,0.7566666666666667,2955,454,120,0,0.0,0.3937621613000027,,,reconstruction,full observed-window PCA reconstruction MSE,0.0064944170881062,False,21,10,11,11,3.0,3.0,3.0,0,0,0,0,1.0,0.0,0.0,0.0,0.0,0.0,0.0,controlled,,False
AE_Recon,15,3.0,4690,146,2,4088,454,0.9864864864864864,0.2433333333333333,0.3903743315508021,0.0004889975550122,0.7566666666666667,2955,454,120,1,0.0083333333333333,0.5127869166972736,,,reconstruction,full observed-window nonlinear autoencoder reconstruction MSE,1.1804990840610117,False,21,10,11,11,3.0,3.0,3.0,0,0,0,0,0.9931972789115646,0.001762114537444934,0.0,0.0,0.0,0.0,0.0,controlled,0.0,True
Mahalanobis,15,3.0,4690,146,0,4090,454,1.0,0.2433333333333333,0.3914209115281501,0.0,0.7566666666666667,2955,454,120,0,0.0,87.8128858220629,,,distance,Ledoit-Wolf shrinkage squared Mahalanobis distance,0.0019160410156473,False,21,10,11,11,3.0,3.0,3.0,0,0,0,0,1.0,0.0,0.0,0.0,0.0,0.0,0.0,controlled,,False
kNN20,15,3.0,4690,136,0,4090,464,1.0,0.2266666666666666,0.3695652173913043,0.0,0.7733333333333333,2955,454,120,0,0.0,7.030067986413929,,,distance,distance to 20th normal-training neighbor,0.0002897910308092,False,21,9,12,11,3.0,3.022222222222222,3.04,0,0,0,0,0.9645390070921985,0.0,0.0684931506849315,0.0,0.0,0.0,0.0,controlled,,False
GMM,15,3.0,4690,146,5,4085,454,0.9668874172185432,0.2433333333333333,0.388814913448735,0.0012224938875305,0.7566666666666667,2955,454,120,1,0.0083333333333333,15.243372668790784,,,density,negative Gaussian mixture log likelihood,0.2022658750647679,False,21,10,11,11,3.0,3.0,3.0,0,0,0,0,0.9831649831649831,0.004405286343612335,0.0,0.0,0.0,0.0,0.0,controlled,0.0,True
KDE,15,3.0,4690,105,0,4090,495,1.0,0.175,0.2978723404255319,0.0,0.825,2955,454,120,0,0.0,75.82575391418146,,,density,negative Gaussian kernel log density,0.247719082981348,False,21,10,11,11,3.0,3.0599999999999996,3.21,0,0,0,0,0.8366533864541833,0.0,0.2808219178082192,0.0,0.0,0.0,0.0,controlled,,False
LOF20,15,3.0,4690,146,6,4084,454,0.9605263157894736,0.2433333333333333,0.3882978723404255,0.0014669926650366,0.7566666666666667,2955,454,120,1,0.0083333333333333,1.3579426384637103,,,local_density,negative novelty-mode LOF score_samples,0.0269799999659881,False,21,10,11,11,3.0,3.0,3.0,0,0,0,0,0.9798657718120806,0.0052863436123348016,0.0,0.0,0.0,0.0,0.0,controlled,,False
IsolationForest,15,3.0,4690,58,0,4090,542,1.0,0.0966666666666666,0.1762917933130699,0.0,0.9033333333333332,2955,454,120,0,0.0,0.5605267461818997,,,isolation,negative IsolationForest score_samples,0.0810187919996678,False,21,7,14,11,3.5,3.7,4.78,0,0,0,0,0.5686274509803921,0.0,0.6027397260273972,0.0,0.0,0.0,0.0,controlled,0.0,True
OCSVM,15,3.0,4690,107,0,4090,493,1.0,0.1783333333333333,0.3026874115983027,0.0,0.8216666666666667,2955,454,120,0,0.0,0.4106479220618545,,,boundary,negative RBF OneClassSVM decision_function,0.0071795840049162,False,21,9,12,11,3.0,3.2888888888888888,4.14,0,0,0,0,0.8458498023715415,0.0,0.2671232876712329,0.0,0.0,0.0,0.0,controlled,,False
RobustMAD,15,3.0,4690,61,1,4089,539,0.9838709677419356,0.1016666666666666,0.1842900302114803,0.0002444987775061,0.8983333333333333,2955,454,120,1,0.0083333333333333,3.3058317915295596,,,robust_statistic,max absolute current-sensor robust z score; history unused,0.0002239999594166,False,21,5,16,11,3.3,3.56,4.22,0,0,0,0,0.5865384615384616,0.000881057268722467,0.5821917808219178,0.0,0.0,0.0,0.0,controlled,,False
Persistence,20,3.0,4690,38,0,4090,562,1.0,0.0633333333333333,0.1191222570532915,0.0,0.9366666666666666,2955,454,120,0,0.0,6.8743550013583885,1.2823984864212556,1.2823984864212556,forecast,next-sample standardized MSE,4.579778760671616e-07,False,21,5,16,11,3.4,3.5799999999999996,4.22,0,0,0,0,0.41304347826086957,0.0,0.7397260273972602,0.0,0.0,0.0,0.0,controlled,,False
VAR_Ridge,20,3.0,4690,144,9,4081,456,0.9411764705882352,0.24,0.3824701195219123,0.002200488997555,0.76,2955,454,120,8,0.0666666666666666,0.1891912398030693,0.0438141251173073,0.0438141251173073,forecast,next-sample standardized MSE,0.0011494579957798,False,21,10,11,11,3.0,3.01,3.01,0,0,0,0,0.9632107023411371,0.007929515418502203,0.0136986301369863,0.0,0.0,0.0,0.0,controlled,,False
MLP32,20,3.0,4690,145,3,4087,455,0.9797297297297296,0.2416666666666666,0.3877005347593583,0.0007334963325183,0.7583333333333333,2955,454,120,3,0.025,0.2744004560212237,0.052067961916446,0.052067961916446,forecast,next-sample standardized MSE,0.2781627499498427,False,21,10,11,11,3.0,3.0,3.0,0,0,0,0,0.9863945578231292,0.0026431718061674008,0.00684931506849315,0.0,0.0,0.0,0.0,controlled,0.0,True
AR,20,3.0,4690,146,2,4088,454,0.9864864864864864,0.2433333333333333,0.3903743315508021,0.0004889975550122,0.7566666666666667,2955,454,120,2,0.0166666666666666,0.3538421373257779,0.0646757839949014,0.0646757839949014,forecast,next-sample standardized MSE,0.0008126670727506,False,21,10,11,11,3.0,3.0,3.0,0,0,0,0,0.9931972789115646,0.001762114537444934,0.0,0.0,0.0,0.0,0.0,controlled,,False
AR_Relation,20,3.0,4690,146,2,4088,454,0.9864864864864864,0.2433333333333333,0.3903743315508021,0.0004889975550122,0.7566666666666667,2955,454,120,2,0.0166666666666666,0.3426612145353641,0.0610200814007066,0.0610200814007066,forecast,next-sample standardized MSE,0.0017182499868795,False,21,10,11,11,3.0,3.0,3.0,0,0,0,0,0.9931972789115646,0.001762114537444934,0.0,0.0,0.0,0.0,0.0,controlled,,False
LSTM32,20,3.0,4690,140,3,4087,460,0.9790209790209792,0.2333333333333333,0.3768506056527591,0.0007334963325183,0.7666666666666667,2955,454,120,3,0.025,0.4620665644902189,0.0812913783511966,0.0812913783511966,forecast,next-sample standardized MSE,9.7673261660384,True,21,10,11,11,3.0,3.0200000000000005,3.1,0,0,0,0,0.9688581314878892,0.0026431718061674008,0.0410958904109589,0.0,0.0,0.0,0.0,controlled,0.0,True
GRU32,20,3.0,4690,141,1,4089,459,0.9929577464788732,0.235,0.3800539083557951,0.0002444987775061,0.765,2955,454,120,1,0.0083333333333333,0.3925047479280236,0.0647446115681293,0.0647446115681293,forecast,next-sample standardized MSE,8.307837457978167,True,21,10,11,11,3.0,3.0,3.0,0,0,0,0,0.9791666666666666,0.000881057268722467,0.03424657534246575,0.0,0.0,0.0,0.0,controlled,0.0,True
PCA_Recon,20,3.0,4690,146,4,4086,454,0.9733333333333334,0.2433333333333333,0.3893333333333333,0.0009779951100244,0.7566666666666667,2955,454,120,1,0.0083333333333333,0.4132945034755578,,,reconstruction,full observed-window PCA reconstruction MSE,0.0049134590663015,False,21,10,11,11,3.0,3.0,3.0,0,0,0,0,0.9864864864864865,0.003524229074889868,0.0,0.0,0.0,0.0,0.0,controlled,,False
AE_Recon,20,3.0,4690,146,1,4089,454,0.9931972789115646,0.2433333333333333,0.3908969210174029,0.0002444987775061,0.7566666666666667,2955,454,120,1,0.0083333333333333,0.5170536622529665,,,reconstruction,full observed-window nonlinear autoencoder reconstruction MSE,1.1825586669147017,False,21,10,11,11,3.0,3.0,3.0,0,0,0,0,0.9965870307167235,0.000881057268722467,0.0,0.0,0.0,0.0,0.0,controlled,0.0,True
Mahalanobis,20,3.0,4690,146,3,4087,454,0.9798657718120806,0.2433333333333333,0.3898531375166889,0.0007334963325183,0.7566666666666667,2955,454,120,1,0.0083333333333333,114.85004079155736,,,distance,Ledoit-Wolf shrinkage squared Mahalanobis distance,0.0014579170383512,False,21,10,11,11,3.0,3.0,3.0,0,0,0,0,0.9898305084745763,0.0026431718061674008,0.0,0.0,0.0,0.0,0.0,controlled,,False
kNN20,20,3.0,4690,145,0,4090,455,1.0,0.2416666666666666,0.3892617449664429,0.0,0.7583333333333333,2955,454,120,0,0.0,8.047843857027384,,,distance,distance to 20th normal-training neighbor,0.0003834170056506,False,21,9,12,11,3.0,3.0,3.0,0,0,0,0,0.9965635738831615,0.0,0.00684931506849315,0.0,0.0,0.0,0.0,controlled,,False
GMM,20,3.0,4690,146,10,4080,454,0.935897435897436,0.2433333333333333,0.3862433862433862,0.0024449877750611,0.7566666666666667,2955,454,120,1,0.0083333333333333,5.723772352473813,,,density,negative Gaussian mixture log likelihood,0.3545176669722423,False,21,10,11,11,3.0,3.0,3.0,0,0,0,0,0.9668874172185431,0.00881057268722467,0.0,0.0,0.0,0.0,0.0,controlled,0.0,True
KDE,20,3.0,4690,114,4,4086,486,0.9661016949152542,0.19,0.3175487465181058,0.0009779951100244,0.81,2955,454,120,1,0.0083333333333333,94.66221855997956,,,density,negative Gaussian kernel log density,0.3268964579328894,False,21,9,12,11,3.0,3.077777777777778,3.22,0,0,0,0,0.8636363636363636,0.003524229074889868,0.2191780821917808,0.0,0.0,0.0,0.0,controlled,,False
LOF20,20,3.0,4690,146,12,4078,454,0.9240506329113924,0.2433333333333333,0.3852242744063324,0.0029339853300733,0.7566666666666667,2955,454,120,1,0.0083333333333333,1.3284934575929492,,,local_density,negative novelty-mode LOF score_samples,0.0288285840069875,False,21,10,11,11,3.0,3.0,3.0,0,0,0,0,0.9605263157894737,0.010572687224669603,0.0,0.0,0.0,0.0,0.0,controlled,,False
IsolationForest,20,3.0,4690,58,0,4090,542,1.0,0.0966666666666666,0.1762917933130699,0.0,0.9033333333333332,2955,454,120,0,0.0,0.5606772302669866,,,isolation,negative IsolationForest score_samples,0.0803105420200154,False,21,7,14,11,3.2,3.528571428571429,4.38,0,0,0,0,0.5686274509803921,0.0,0.6027397260273972,0.0,0.0,0.0,0.0,controlled,0.0,True
OCSVM,20,3.0,4690,119,0,4090,481,1.0,0.1983333333333333,0.3310152990264255,0.0,0.8016666666666666,2955,454,120,0,0.0,0.4470627694176303,,,boundary,negative RBF OneClassSVM decision_function,0.0084385829977691,False,21,9,12,11,3.0,3.155555555555555,3.4000000000000004,0,0,0,0,0.8981132075471698,0.0,0.18493150684931506,0.0,0.0,0.0,0.0,controlled,,False
RobustMAD,20,3.0,4690,61,1,4089,539,0.9838709677419356,0.1016666666666666,0.1842900302114803,0.0002444987775061,0.8983333333333333,2955,454,120,1,0.0083333333333333,3.3058317915295596,,,robust_statistic,max absolute current-sensor robust z score; history unused,0.0002251659752801,False,21,5,16,11,3.3,3.56,4.22,0,0,0,0,0.5865384615384616,0.000881057268722467,0.5821917808219178,0.0,0.0,0.0,0.0,controlled,,False
Persistence,30,3.0,4690,38,0,4090,562,1.0,0.0633333333333333,0.1191222570532915,0.0,0.9366666666666666,2955,454,120,0,0.0,6.8743550013583885,1.2823984864212556,1.2823984864212556,forecast,next-sample standardized MSE,5.409820005297661e-07,False,21,5,16,11,3.4,3.5799999999999996,4.22,0,0,0,0,0.41304347826086957,0.0,0.7397260273972602,0.0,0.0,0.0,0.0,controlled,,False
VAR_Ridge,30,3.0,4690,146,12,4078,454,0.9240506329113924,0.2433333333333333,0.3852242744063324,0.0029339853300733,0.7566666666666667,2955,454,120,10,0.0833333333333333,0.1511288345470582,0.0334057219068533,0.0334057219068533,forecast,next-sample standardized MSE,0.0020886660786345,True,21,10,11,11,3.0,3.0,3.0,0,0,0,0,0.9605263157894737,0.010572687224669603,0.0,0.0,0.0,0.0,0.0,controlled,,False
MLP32,30,3.0,4690,138,4,4086,462,0.971830985915493,0.23,0.3719676549865229,0.0009779951100244,0.77,2955,454,120,4,0.0333333333333333,0.2712070551215031,0.0459963247072195,0.0459963247072195,forecast,next-sample standardized MSE,0.3099347919924184,True,21,10,11,11,3.0,3.0,3.0,0,0,0,0,0.9583333333333334,0.003524229074889868,0.0547945205479452,0.0,0.0,0.0,0.0,controlled,0.0,True
AR,30,3.0,4690,146,2,4088,454,0.9864864864864864,0.2433333333333333,0.3903743315508021,0.0004889975550122,0.7566666666666667,2955,454,120,2,0.0166666666666666,0.3035218940268639,0.0508836440404761,0.0508836440404761,forecast,next-sample standardized MSE,0.0010214580688625,True,21,10,11,11,3.0,3.0,3.0,0,0,0,0,0.9931972789115646,0.001762114537444934,0.0,0.0,0.0,0.0,0.0,controlled,,False
AR_Relation,30,3.0,4690,146,2,4088,454,0.9864864864864864,0.2433333333333333,0.3903743315508021,0.0004889975550122,0.7566666666666667,2955,454,120,2,0.0166666666666666,0.3026936219200468,0.0493577892751181,0.0493577892751181,forecast,next-sample standardized MSE,0.001890082960017,True,21,10,11,11,3.0,3.0,3.0,0,0,0,0,0.9931972789115646,0.001762114537444934,0.0,0.0,0.0,0.0,0.0,controlled,,False
LSTM32,30,3.0,4690,134,5,4085,466,0.9640287769784172,0.2233333333333333,0.3626522327469553,0.0012224938875305,0.7766666666666666,2955,454,120,5,0.0416666666666666,0.6027714010168891,0.1063795937659338,0.1063795937659338,forecast,next-sample standardized MSE,14.988254957948811,False,21,10,11,11,3.0,3.04,3.2,0,0,0,0,0.9403508771929825,0.004405286343612335,0.0821917808219178,0.0,0.0,0.0,0.0,controlled,0.0,True
GRU32,30,3.0,4690,137,0,4090,463,1.0,0.2283333333333333,0.3717774762550881,0.0,0.7716666666666666,2955,454,120,0,0.0,0.4256209025924597,0.0671805307844516,0.0671805307844516,forecast,next-sample standardized MSE,13.10563041700516,False,21,10,11,11,3.0,3.0,3.0,0,0,0,0,0.9681978798586572,0.0,0.06164383561643835,0.0,0.0,0.0,0.0,controlled,0.0,True
PCA_Recon,30,3.0,4690,146,7,4083,454,0.954248366013072,0.2433333333333333,0.3877822045152722,0.0017114914425427,0.7566666666666667,2955,454,120,1,0.0083333333333333,0.4234196830984901,,,reconstruction,full observed-window PCA reconstruction MSE,0.0112355418968945,False,21,10,11,11,3.0,3.0,3.0,0,0,0,0,0.9765886287625418,0.006167400881057269,0.0,0.0,0.0,0.0,0.0,controlled,,False
AE_Recon,30,3.0,4690,146,10,4080,454,0.935897435897436,0.2433333333333333,0.3862433862433862,0.0024449877750611,0.7566666666666667,2955,454,120,1,0.0083333333333333,0.5566726049105407,,,reconstruction,full observed-window nonlinear autoencoder reconstruction MSE,1.2986994159873575,False,21,10,11,11,3.0,3.0,3.0,0,0,0,0,0.9668874172185431,0.00881057268722467,0.0,0.0,0.0,0.0,0.0,controlled,0.0,True
Mahalanobis,30,3.0,4690,146,0,4090,454,1.0,0.2433333333333333,0.3914209115281501,0.0,0.7566666666666667,2955,454,120,0,0.0,211.332387536153,,,distance,Ledoit-Wolf shrinkage squared Mahalanobis distance,0.0024601670447736,False,21,10,11,11,3.0,3.0,3.0,0,0,0,0,1.0,0.0,0.0,0.0,0.0,0.0,0.0,controlled,,False
kNN20,30,3.0,4690,142,2,4088,458,0.9861111111111112,0.2366666666666666,0.3817204301075269,0.0004889975550122,0.7633333333333333,2955,454,120,1,0.0083333333333333,10.127971004808286,,,distance,distance to 20th normal-training neighbor,0.000718249939382,False,21,9,12,11,3.0,3.033333333333333,3.06,0,0,0,0,0.9793103448275862,0.001762114537444934,0.0273972602739726,0.0,0.0,0.0,0.0,controlled,,False
GMM,30,3.0,4690,146,0,4090,454,1.0,0.2433333333333333,0.3914209115281501,0.0,0.7566666666666667,2955,454,120,0,0.0,26.05100559459507,,,density,negative Gaussian mixture log likelihood,1.1167826249729842,False,21,10,11,11,3.0,3.0,3.0,0,0,0,0,1.0,0.0,0.0,0.0,0.0,0.0,0.0,controlled,0.0,True
KDE,30,3.0,4690,134,5,4085,466,0.9640287769784172,0.2233333333333333,0.3626522327469553,0.0012224938875305,0.7766666666666666,2955,454,120,1,0.0083333333333333,156.43519335177606,,,density,negative Gaussian kernel log density,0.5161344580119476,False,21,9,12,11,3.0,3.0,3.0,0,0,0,0,0.9403508771929825,0.004405286343612335,0.0821917808219178,0.0,0.0,0.0,0.0,controlled,,False
LOF20,30,3.0,4690,146,14,4076,454,0.9125,0.2433333333333333,0.3842105263157894,0.0034229828850855,0.7566666666666667,2955,454,120,1,0.0083333333333333,1.337037366857292,,,local_density,negative novelty-mode LOF score_samples,0.0321218750905245,False,21,10,11,11,3.0,3.0,3.0,0,0,0,0,0.954248366013072,0.012334801762114538,0.0,0.0,0.0,0.0,0.0,controlled,,False
IsolationForest,30,3.0,4690,67,1,4089,533,0.9852941176470588,0.1116666666666666,0.2005988023952095,0.0002444987775061,0.8883333333333333,2955,454,120,1,0.0083333333333333,0.5592005687433657,,,isolation,negative IsolationForest score_samples,0.0789667089702561,False,21,7,14,11,3.0,3.2714285714285714,3.9,0,0,0,0,0.6261682242990654,0.000881057268722467,0.541095890410959,0.0,0.0,0.0,0.0,controlled,0.0,True
OCSVM,30,3.0,4690,131,9,4081,469,0.9357142857142856,0.2183333333333333,0.354054054054054,0.002200488997555,0.7816666666666666,2955,454,120,1,0.0083333333333333,0.4038529115282137,,,boundary,negative RBF OneClassSVM decision_function,0.0118113750359043,False,21,9,12,11,3.0,3.0444444444444443,3.08,0,0,0,0,0.916083916083916,0.007929515418502203,0.10273972602739725,0.0,0.0,0.0,0.0,controlled,,False
RobustMAD,30,3.0,4690,61,1,4089,539,0.9838709677419356,0.1016666666666666,0.1842900302114803,0.0002444987775061,0.8983333333333333,2955,454,120,1,0.0083333333333333,3.3058317915295596,,,robust_statistic,max absolute current-sensor robust z score; history unused,0.0002653329866006,False,21,5,16,11,3.3,3.56,4.22,0,0,0,0,0.5865384615384616,0.000881057268722467,0.5821917808219178,0.0,0.0,0.0,0.0,controlled,,False
MLP32,1,3.0,4690,62,1,4089,538,0.984126984126984,0.1033333333333333,0.1870286576168929,0.0002444987775061,0.8966666666666666,2955,454,120,1,0.0083333333333333,3.939139903914291,0.6247587125007333,0.6247587125007333,forecast,next-sample standardized MSE,0.2458844999782741,False,21,5,16,11,3.3,3.54,4.16,0,0,0,0,0.5933014354066986,0.000881057268722467,0.5753424657534246,0.0,0.0,0.0,0.0,controlled,1.0,True
LSTM32,1,3.0,4690,58,1,4089,542,0.9830508474576272,0.0966666666666666,0.1760242792109256,0.0002444987775061,0.9033333333333332,2955,454,120,1,0.0083333333333333,3.954837148478391,0.6205188182135146,0.6205188182135146,forecast,next-sample standardized MSE,3.156619832967408,False,21,5,16,11,3.3,3.54,4.16,0,0,0,0,0.5658536585365853,0.000881057268722467,0.6027397260273972,0.0,0.0,0.0,0.0,controlled,1.0,True
GRU32,1,3.0,4690,61,1,4089,539,0.9838709677419356,0.1016666666666666,0.1842900302114803,0.0002444987775061,0.8983333333333333,2955,454,120,1,0.0083333333333333,4.048195161151035,0.6222679924278549,0.6222679924278549,forecast,next-sample standardized MSE,1.2724375419784335,False,21,5,16,11,3.3,3.54,4.16,0,0,0,0,0.5865384615384616,0.000881057268722467,0.5821917808219178,0.0,0.0,0.0,0.0,controlled,1.0,True
AE_Recon,1,3.0,4690,67,0,4090,533,1.0,0.1116666666666666,0.2008995502248875,0.0,0.8883333333333333,2955,454,120,0,0.0,1.830974107713683,,,reconstruction,full observed-window nonlinear autoencoder reconstruction MSE,1.1965118340449408,False,21,6,15,11,3.5999999999999996,3.6,4.199999999999999,0,0,0,0,0.6291079812206573,0.0,0.541095890410959,0.0,0.0,0.0,0.0,controlled,1.0,True
GMM,1,3.0,4690,78,0,4090,522,1.0,0.13,0.2300884955752212,0.0,0.87,2955,454,120,0,0.0,13.444885467230112,,,density,negative Gaussian mixture log likelihood,1.7606347920373082,False,21,8,13,11,3.25,3.325,3.9,0,0,0,0,0.6964285714285714,0.0,0.4657534246575342,0.0,0.0,0.0,0.0,controlled,1.0,True
IsolationForest,1,3.0,4690,51,1,4089,549,0.9807692307692308,0.085,0.156441717791411,0.0002444987775061,0.915,2955,454,120,1,0.0083333333333333,0.6217861154870318,,,isolation,negative IsolationForest score_samples,0.1654525840422138,False,21,5,16,11,3.3,3.6800000000000006,4.4799999999999995,0,0,0,0,0.5151515151515151,0.000881057268722467,0.6506849315068494,0.0,0.0,0.0,0.0,controlled,1.0,True
MLP32,2,3.0,4690,93,7,4083,507,0.93,0.155,0.2657142857142857,0.0017114914425427,0.845,2955,454,120,5,0.0416666666666666,1.920442608804085,0.3384536532135854,0.3384536532135854,forecast,next-sample standardized MSE,0.3015600829385221,False,21,9,12,11,3.2,3.2555555555555555,3.52,0,0,0,0,0.7560975609756098,0.006167400881057269,0.363013698630137,0.0,0.0,0.0,0.0,controlled,1.0,True
LSTM32,2,3.0,4690,94,4,4086,506,0.9591836734693876,0.1566666666666666,0.2693409742120344,0.0009779951100244,0.8433333333333334,2955,454,120,4,0.0333333333333333,1.925653855534393,0.3137367611679952,0.3137367611679952,forecast,next-sample standardized MSE,2.0036142090102658,False,21,10,11,11,3.2,3.25,3.4599999999999995,0,0,0,0,0.7704918032786885,0.003524229074889868,0.3561643835616438,0.0,0.0,0.0,0.0,controlled,1.0,True
GRU32,2,3.0,4690,94,6,4084,506,0.94,0.1566666666666666,0.2685714285714285,0.0014669926650366,0.8433333333333334,2955,454,120,4,0.0333333333333333,1.9782301677109135,0.3186352880023155,0.3186352880023155,forecast,next-sample standardized MSE,1.7076816669432446,False,21,9,12,11,3.1,3.2333333333333334,3.52,0,0,0,0,0.7642276422764228,0.0052863436123348016,0.3561643835616438,0.0,0.0,0.0,0.0,controlled,1.0,True
AE_Recon,2,3.0,4690,65,1,4089,535,0.9848484848484848,0.1083333333333333,0.1951951951951951,0.0002444987775061,0.8916666666666667,2955,454,120,1,0.0083333333333333,1.939118675131897,,,reconstruction,full observed-window nonlinear autoencoder reconstruction MSE,1.1891151670133695,False,21,5,16,11,3.4,3.56,4.22,0,0,0,0,0.6132075471698113,0.000881057268722467,0.5547945205479452,0.0,0.0,0.0,0.0,controlled,1.0,True
GMM,2,3.0,4690,138,0,4090,462,1.0,0.23,0.3739837398373983,0.0,0.77,2955,454,120,0,0.0,15.689390147992134,,,density,negative Gaussian mixture log likelihood,0.0395286669954657,False,21,10,11,11,3.0,3.0,3.0,0,0,0,0,0.971830985915493,0.0,0.0547945205479452,0.0,0.0,0.0,0.0,controlled,1.0,True
IsolationForest,2,3.0,4690,53,1,4089,547,0.9814814814814816,0.0883333333333333,0.1620795107033639,0.0002444987775061,0.9116666666666666,2955,454,120,1,0.0083333333333333,0.6102415888324851,,,isolation,negative IsolationForest score_samples,0.0800886671058833,False,21,5,16,11,3.4,3.7,4.46,0,0,0,0,0.53,0.000881057268722467,0.636986301369863,0.0,0.0,0.0,0.0,controlled,1.0,True
MLP32,3,3.0,4690,85,3,4087,515,0.9659090909090908,0.1416666666666666,0.2470930232558139,0.0007334963325183,0.8583333333333333,2955,454,120,3,0.025,1.5968518942437806,0.289254641757481,0.289254641757481,forecast,next-sample standardized MSE,0.2812890419736504,False,21,9,12,11,3.3,3.3,3.78,0,0,0,0,0.7264957264957265,0.0026431718061674008,0.4178082191780822,0.0,0.0,0.0,0.0,controlled,1.0,True
LSTM32,3,3.0,4690,92,3,4087,508,0.968421052631579,0.1533333333333333,0.2647482014388489,0.0007334963325183,0.8466666666666667,2955,454,120,3,0.025,1.5945871253388264,0.2710366241347574,0.2710366241347574,forecast,next-sample standardized MSE,2.293257458950393,False,21,9,12,11,3.1,3.2777777777777777,3.78,0,0,0,0,0.7634854771784232,0.0026431718061674008,0.3698630136986301,0.0,0.0,0.0,0.0,controlled,1.0,True
GRU32,3,3.0,4690,90,4,4086,510,0.9574468085106383,0.15,0.2593659942363112,0.0009779951100244,0.85,2955,454,120,3,0.025,1.5382226714807743,0.2759541503758373,0.2759541503758373,forecast,next-sample standardized MSE,2.132383791031316,False,21,9,12,11,3.3,3.266666666666667,3.7,0,0,0,0,0.75,0.003524229074889868,0.3835616438356164,0.0,0.0,0.0,0.0,controlled,1.0,True
AE_Recon,3,3.0,4690,79,5,4085,521,0.9404761904761904,0.1316666666666666,0.2309941520467836,0.0012224938875305,0.8683333333333333,2955,454,120,4,0.0333333333333333,0.9979054600441968,,,reconstruction,full observed-window nonlinear autoencoder reconstruction MSE,1.2308219169499353,False,21,7,14,11,3.3,3.4428571428571426,4.18,0,0,0,0,0.6869565217391305,0.004405286343612335,0.4589041095890411,0.0,0.0,0.0,0.0,controlled,1.0,True
GMM,3,3.0,4690,145,1,4089,455,0.9931506849315068,0.2416666666666666,0.388739946380697,0.0002444987775061,0.7583333333333333,2955,454,120,1,0.0083333333333333,17.07861908482162,,,density,negative Gaussian mixture log likelihood,0.1261279579484835,False,21,10,11,11,3.0,3.0,3.0,0,0,0,0,0.9931506849315068,0.000881057268722467,0.00684931506849315,0.0,0.0,0.0,0.0,controlled,1.0,True
IsolationForest,3,3.0,4690,57,1,4089,543,0.9827586206896552,0.095,0.1732522796352583,0.0002444987775061,0.905,2955,454,120,1,0.0083333333333333,0.5958347234018634,,,isolation,negative IsolationForest score_samples,0.081553415977396,False,21,5,16,11,3.4,3.68,4.36,0,0,0,0,0.5588235294117647,0.000881057268722467,0.6095890410958904,0.0,0.0,0.0,0.0,controlled,1.0,True
MLP32,5,3.0,4690,111,1,4089,489,0.9910714285714286,0.185,0.3117977528089887,0.0002444987775061,0.815,2955,454,120,1,0.0083333333333333,0.8911541861135515,0.1084454281394808,0.1084454281394808,forecast,next-sample standardized MSE,0.2531074580037966,False,21,9,12,11,3.0,3.0555555555555554,3.22,0,0,0,0,0.8604651162790697,0.000881057268722467,0.23972602739726026,0.0,0.0,0.0,0.0,controlled,1.0,True
LSTM32,5,3.0,4690,128,2,4088,472,0.9846153846153848,0.2133333333333333,0.3506849315068493,0.0004889975550122,0.7866666666666666,2955,454,120,1,0.0083333333333333,0.8175125676150797,0.110347800897356,0.110347800897356,forecast,next-sample standardized MSE,3.235177958966233,False,21,9,12,11,3.0,3.0444444444444443,3.14,0,0,0,0,0.927536231884058,0.001762114537444934,0.1232876712328767,0.0,0.0,0.0,0.0,controlled,1.0,True
GRU32,5,3.0,4690,113,2,4088,487,0.982608695652174,0.1883333333333333,0.316083916083916,0.0004889975550122,0.8116666666666666,2955,454,120,1,0.0083333333333333,0.8646412347399169,0.0992064558883573,0.0992064558883573,forecast,next-sample standardized MSE,2.4647479589330032,False,21,9,12,11,3.0,3.0555555555555554,3.22,0,0,0,0,0.8659003831417624,0.001762114537444934,0.22602739726027396,0.0,0.0,0.0,0.0,controlled,1.0,True
AE_Recon,5,3.0,4690,116,2,4088,484,0.9830508474576272,0.1933333333333333,0.3231197771587744,0.0004889975550122,0.8066666666666666,2955,454,120,1,0.0083333333333333,0.812936304540003,,,reconstruction,full observed-window nonlinear autoencoder reconstruction MSE,1.2236245409585536,False,21,8,13,11,3.0,3.1625,3.3899999999999997,0,0,0,0,0.8787878787878788,0.001762114537444934,0.2054794520547945,0.0,0.0,0.0,0.0,controlled,1.0,True
GMM,5,3.0,4690,146,0,4090,454,1.0,0.2433333333333333,0.3914209115281501,0.0,0.7566666666666667,2955,454,120,0,0.0,22.893025419556473,,,density,negative Gaussian mixture log likelihood,0.0793059159768745,False,21,10,11,11,3.0,3.0,3.0,0,0,0,0,1.0,0.0,0.0,0.0,0.0,0.0,0.0,controlled,1.0,True
IsolationForest,5,3.0,4690,56,0,4090,544,1.0,0.0933333333333333,0.1707317073170731,0.0,0.9066666666666666,2955,454,120,0,0.0,0.5754859716790152,,,isolation,negative IsolationForest score_samples,0.0800366670591756,False,21,5,16,11,3.4,3.7400000000000007,4.5,0,0,0,0,0.5544554455445545,0.0,0.6164383561643836,0.0,0.0,0.0,0.0,controlled,1.0,True
MLP32,8,3.0,4690,139,4,4086,461,0.972027972027972,0.2316666666666666,0.3741588156123822,0.0009779951100244,0.7683333333333333,2955,454,120,2,0.0166666666666666,0.542792596706589,0.0778467430665523,0.0778467430665523,forecast,next-sample standardized MSE,0.2621998329414055,False,21,10,11,11,3.0,3.01,3.01,0,0,0,0,0.9619377162629758,0.003524229074889868,0.04794520547945205,0.0,0.0,0.0,0.0,controlled,1.0,True
LSTM32,8,3.0,4690,134,3,4087,466,0.978102189781022,0.2233333333333333,0.3636363636363636,0.0007334963325183,0.7766666666666666,2955,454,120,2,0.0166666666666666,0.7490082904011794,0.0965073110165578,0.0965073110165578,forecast,next-sample standardized MSE,4.156534333946183,False,21,10,11,11,3.0,3.03,3.03,0,0,0,0,0.9469964664310954,0.0026431718061674008,0.0821917808219178,0.0,0.0,0.0,0.0,controlled,1.0,True
GRU32,8,3.0,4690,134,2,4088,466,0.9852941176470588,0.2233333333333333,0.3641304347826087,0.0004889975550122,0.7766666666666666,2955,454,120,2,0.0166666666666666,0.6442045740940516,0.082124492874885,0.082124492874885,forecast,next-sample standardized MSE,4.153824332985096,False,21,10,11,11,3.0,3.03,3.03,0,0,0,0,0.950354609929078,0.001762114537444934,0.0821917808219178,0.0,0.0,0.0,0.0,controlled,1.0,True
AE_Recon,8,3.0,4690,124,0,4090,476,1.0,0.2066666666666666,0.3425414364640884,0.0,0.7933333333333333,2955,454,120,0,0.0,0.7156236780668651,,,reconstruction,full observed-window nonlinear autoencoder reconstruction MSE,1.2550137089565396,False,21,9,12,11,3.0,3.0444444444444443,3.08,0,0,0,0,0.9185185185185185,0.0,0.1506849315068493,0.0,0.0,0.0,0.0,controlled,1.0,True
GMM,8,3.0,4690,146,0,4090,454,1.0,0.2433333333333333,0.3914209115281501,0.0,0.7566666666666667,2955,454,120,0,0.0,27.73026953962659,,,density,negative Gaussian mixture log likelihood,0.1105026670265942,False,21,10,11,11,3.0,3.0,3.0,0,0,0,0,1.0,0.0,0.0,0.0,0.0,0.0,0.0,controlled,1.0,True
IsolationForest,8,3.0,4690,54,0,4090,546,1.0,0.09,0.1651376146788991,0.0,0.91,2955,454,120,0,0.0,0.5730051148880224,,,isolation,negative IsolationForest score_samples,0.082944875000976,False,21,6,15,11,3.45,3.6833333333333336,4.6,0,0,0,0,0.54,0.0,0.6301369863013698,0.0,0.0,0.0,0.0,controlled,1.0,True
MLP32,10,3.0,4690,143,4,4086,457,0.9727891156462584,0.2383333333333333,0.3828647925033467,0.0009779951100244,0.7616666666666667,2955,454,120,3,0.025,0.4610666914146945,0.0703466964042286,0.0703466964042286,forecast,next-sample standardized MSE,0.2652652080869302,False,21,10,11,11,3.0,3.01,3.01,0,0,0,0,0.9761092150170648,0.003524229074889868,0.02054794520547945,0.0,0.0,0.0,0.0,controlled,1.0,True
LSTM32,10,3.0,4690,146,2,4088,454,0.9864864864864864,0.2433333333333333,0.3903743315508021,0.0004889975550122,0.7566666666666667,2955,454,120,2,0.0166666666666666,0.5630838247405169,0.0968336436798814,0.0968336436798814,forecast,next-sample standardized MSE,5.53895974997431,False,21,10,11,11,3.0,3.0,3.0,0,0,0,0,0.9931972789115646,0.001762114537444934,0.0,0.0,0.0,0.0,0.0,controlled,1.0,True
GRU32,10,3.0,4690,144,2,4088,456,0.9863013698630136,0.24,0.3860589812332439,0.0004889975550122,0.76,2955,454,120,2,0.0166666666666666,0.5335559062704559,0.0774988040997174,0.0774988040997174,forecast,next-sample standardized MSE,4.852240832988173,False,21,10,11,11,3.0,3.01,3.01,0,0,0,0,0.9863013698630136,0.001762114537444934,0.0136986301369863,0.0,0.0,0.0,0.0,controlled,1.0,True
AE_Recon,10,3.0,4690,145,1,4089,455,0.9931506849315068,0.2416666666666666,0.388739946380697,0.0002444987775061,0.7583333333333333,2955,454,120,1,0.0083333333333333,0.4498819807064506,,,reconstruction,full observed-window nonlinear autoencoder reconstruction MSE,1.2048235420370474,False,21,10,11,11,3.0,3.0,3.0,0,0,0,0,0.9931506849315068,0.000881057268722467,0.00684931506849315,0.0,0.0,0.0,0.0,controlled,1.0,True
GMM,10,3.0,4690,146,1,4089,454,0.9931972789115646,0.2433333333333333,0.3908969210174029,0.0002444987775061,0.7566666666666667,2955,454,120,1,0.0083333333333333,23.95443259562184,,,density,negative Gaussian mixture log likelihood,0.2226482919650152,False,21,10,11,11,3.0,3.0,3.0,0,0,0,0,0.9965870307167235,0.000881057268722467,0.0,0.0,0.0,0.0,0.0,controlled,1.0,True
IsolationForest,10,3.0,4690,51,0,4090,549,1.0,0.085,0.1566820276497695,0.0,0.915,2955,454,120,0,0.0,0.5728417141140874,,,isolation,negative IsolationForest score_samples,0.081260124919936,False,21,6,15,11,3.6,3.783333333333333,4.75,0,0,0,0,0.5177664974619289,0.0,0.6506849315068494,0.0,0.0,0.0,0.0,controlled,1.0,True
MLP32,15,3.0,4690,142,0,4090,458,1.0,0.2366666666666666,0.3827493261455525,0.0,0.7633333333333333,2955,454,120,0,0.0,0.3752372486721849,0.0581489715635233,0.0581489715635233,forecast,next-sample standardized MSE,0.2762467090506106,False,21,10,11,11,3.0,3.0,3.0,0,0,0,0,0.9861111111111112,0.0,0.0273972602739726,0.0,0.0,0.0,0.0,controlled,1.0,True
LSTM32,15,3.0,4690,141,4,4086,459,0.9724137931034482,0.235,0.3785234899328859,0.0009779951100244,0.765,2955,454,120,4,0.0333333333333333,0.5636764362646904,0.0926558288320093,0.0926558288320093,forecast,next-sample standardized MSE,7.844366208999418,True,21,10,11,11,3.0,3.01,3.01,0,0,0,0,0.9690721649484536,0.003524229074889868,0.03424657534246575,0.0,0.0,0.0,0.0,controlled,1.0,True
GRU32,15,3.0,4690,146,0,4090,454,1.0,0.2433333333333333,0.3914209115281501,0.0,0.7566666666666667,2955,454,120,0,0.0,0.4684631788850638,0.0730831784083991,0.0730831784083991,forecast,next-sample standardized MSE,6.866328584030271,False,21,10,11,11,3.0,3.0,3.0,0,0,0,0,1.0,0.0,0.0,0.0,0.0,0.0,0.0,controlled,1.0,True
AE_Recon,15,3.0,4690,146,2,4088,454,0.9864864864864864,0.2433333333333333,0.3903743315508021,0.0004889975550122,0.7566666666666667,2955,454,120,1,0.0083333333333333,0.5249536848436956,,,reconstruction,full observed-window nonlinear autoencoder reconstruction MSE,1.145604707999155,False,21,10,11,11,3.0,3.0,3.0,0,0,0,0,0.9931972789115646,0.001762114537444934,0.0,0.0,0.0,0.0,0.0,controlled,1.0,True
GMM,15,3.0,4690,146,0,4090,454,1.0,0.2433333333333333,0.3914209115281501,0.0,0.7566666666666667,2955,454,120,0,0.0,12.299945290532769,,,density,negative Gaussian mixture log likelihood,0.1720098329242319,False,21,10,11,11,3.0,3.0,3.0,0,0,0,0,1.0,0.0,0.0,0.0,0.0,0.0,0.0,controlled,1.0,True
IsolationForest,15,3.0,4690,52,0,4090,548,1.0,0.0866666666666666,0.1595092024539877,0.0,0.9133333333333332,2955,454,120,0,0.0,0.5636651557258424,,,isolation,negative IsolationForest score_samples,0.086021333001554,False,21,6,15,11,3.75,3.8333333333333335,4.75,0,0,0,0,0.5252525252525253,0.0,0.6438356164383562,0.0,0.0,0.0,0.0,controlled,1.0,True
MLP32,20,3.0,4690,143,4,4086,457,0.9727891156462584,0.2383333333333333,0.3828647925033467,0.0009779951100244,0.7616666666666667,2955,454,120,2,0.0166666666666666,0.2607566190012179,0.0512658438884174,0.0512658438884174,forecast,next-sample standardized MSE,0.293604459031485,False,21,10,11,11,3.0,3.01,3.01,0,0,0,0,0.9761092150170648,0.003524229074889868,0.02054794520547945,0.0,0.0,0.0,0.0,controlled,1.0,True
LSTM32,20,3.0,4690,133,2,4088,467,0.9851851851851852,0.2216666666666666,0.3619047619047619,0.0004889975550122,0.7783333333333333,2955,454,120,2,0.0166666666666666,0.8243553315666368,0.1210941961944786,0.1210941961944786,forecast,next-sample standardized MSE,10.223056540940888,False,21,10,11,11,3.0,3.03,3.11,0,0,0,0,0.9466192170818505,0.001762114537444934,0.08904109589041095,0.0,0.0,0.0,0.0,controlled,1.0,True
GRU32,20,3.0,4690,144,0,4090,456,1.0,0.24,0.3870967741935484,0.0,0.76,2955,454,120,0,0.0,0.4913915119110527,0.0645213245538569,0.0645213245538569,forecast,next-sample standardized MSE,9.064571124967188,True,21,10,11,11,3.0,3.0,3.0,0,0,0,0,0.993103448275862,0.0,0.0136986301369863,0.0,0.0,0.0,0.0,controlled,1.0,True
AE_Recon,20,3.0,4690,146,1,4089,454,0.9931972789115646,0.2433333333333333,0.3908969210174029,0.0002444987775061,0.7566666666666667,2955,454,120,1,0.0083333333333333,0.5206752323189505,,,reconstruction,full observed-window nonlinear autoencoder reconstruction MSE,1.2792270829668269,False,21,10,11,11,3.0,3.0,3.0,0,0,0,0,0.9965870307167235,0.000881057268722467,0.0,0.0,0.0,0.0,0.0,controlled,1.0,True
GMM,20,3.0,4690,146,3,4087,454,0.9798657718120806,0.2433333333333333,0.3898531375166889,0.0007334963325183,0.7566666666666667,2955,454,120,1,0.0083333333333333,4.828609870856939,,,density,negative Gaussian mixture log likelihood,0.3640555830206722,False,21,10,11,11,3.0,3.0,3.0,0,0,0,0,0.9898305084745763,0.0026431718061674008,0.0,0.0,0.0,0.0,0.0,controlled,1.0,True
IsolationForest,20,3.0,4690,57,0,4090,543,1.0,0.095,0.1735159817351598,0.0,0.905,2955,454,120,0,0.0,0.5601448648661507,,,isolation,negative IsolationForest score_samples,0.0860199170419946,False,21,6,15,11,3.3,3.5833333333333335,4.449999999999999,0,0,0,0,0.5615763546798029,0.0,0.6095890410958904,0.0,0.0,0.0,0.0,controlled,1.0,True
MLP32,30,3.0,4690,143,8,4082,457,0.9470198675496688,0.2383333333333333,0.3808255659121172,0.0019559902200488,0.7616666666666667,2955,454,120,7,0.0583333333333333,0.2489484503442411,0.0463398475810027,0.0463398475810027,forecast,next-sample standardized MSE,0.321380625013262,True,21,10,11,11,3.0,3.0,3.0,0,0,0,0,0.9629629629629629,0.007048458149779736,0.02054794520547945,0.0,0.0,0.0,0.0,controlled,1.0,True
LSTM32,30,3.0,4690,135,5,4085,465,0.9642857142857144,0.225,0.3648648648648648,0.0012224938875305,0.775,2955,454,120,3,0.025,0.6726821848472013,0.1083523172279016,0.1083523172279016,forecast,next-sample standardized MSE,16.342843249905854,False,21,10,11,11,3.0,3.04,3.12,0,0,0,0,0.9440559440559441,0.004405286343612335,0.07534246575342465,0.0,0.0,0.0,0.0,controlled,1.0,True
GRU32,30,3.0,4690,144,4,4086,456,0.972972972972973,0.24,0.3850267379679144,0.0009779951100244,0.76,2955,454,120,4,0.0333333333333333,0.4089037367342426,0.0681493879762164,0.0681493879762164,forecast,next-sample standardized MSE,14.451239417074248,False,21,10,11,11,3.0,3.0,3.0,0,0,0,0,0.9795918367346939,0.003524229074889868,0.0136986301369863,0.0,0.0,0.0,0.0,controlled,1.0,True
AE_Recon,30,3.0,4690,146,10,4080,454,0.935897435897436,0.2433333333333333,0.3862433862433862,0.0024449877750611,0.7566666666666667,2955,454,120,1,0.0083333333333333,0.5532146702675612,,,reconstruction,full observed-window nonlinear autoencoder reconstruction MSE,1.5036989590153098,False,21,10,11,11,3.0,3.0,3.0,0,0,0,0,0.9668874172185431,0.00881057268722467,0.0,0.0,0.0,0.0,0.0,controlled,1.0,True
GMM,30,3.0,4690,146,0,4090,454,1.0,0.2433333333333333,0.3914209115281501,0.0,0.7566666666666667,2955,454,120,0,0.0,27.80602304404838,,,density,negative Gaussian mixture log likelihood,1.4536369160050526,False,21,10,11,11,3.0,3.0,3.0,0,0,0,0,1.0,0.0,0.0,0.0,0.0,0.0,0.0,controlled,1.0,True
IsolationForest,30,3.0,4690,70,0,4090,530,1.0,0.1166666666666666,0.208955223880597,0.0,0.8833333333333333,2955,454,120,0,0.0,0.5600441345119568,,,isolation,negative IsolationForest score_samples,0.0878370410064235,False,21,8,13,11,3.0,3.2125000000000004,3.64,0,0,0,0,0.6481481481481481,0.0,0.5205479452054794,0.0,0.0,0.0,0.0,controlled,1.0,True
MLP32,1,3.0,4690,64,1,4089,536,0.9846153846153848,0.1066666666666666,0.1924812030075188,0.0002444987775061,0.8933333333333333,2955,454,120,1,0.0083333333333333,3.89288294718471,0.625319146677751,0.625319146677751,forecast,next-sample standardized MSE,0.2444546250626444,False,21,5,16,11,3.3,3.5199999999999996,4.16,0,0,0,0,0.6066350710900474,0.000881057268722467,0.5616438356164384,0.0,0.0,0.0,0.0,controlled,2.0,True
LSTM32,1,3.0,4690,62,1,4089,538,0.984126984126984,0.1033333333333333,0.1870286576168929,0.0002444987775061,0.8966666666666666,2955,454,120,1,0.0083333333333333,3.9274735799323306,0.6200823955577345,0.6200823955577345,forecast,next-sample standardized MSE,3.074689459055662,False,21,5,16,11,3.3,3.54,4.16,0,0,0,0,0.5933014354066986,0.000881057268722467,0.5753424657534246,0.0,0.0,0.0,0.0,controlled,2.0,True
GRU32,1,3.0,4690,60,1,4089,540,0.9836065573770492,0.1,0.1815431164901664,0.0002444987775061,0.9,2955,454,120,1,0.0083333333333333,4.048231316265495,0.6246322051298069,0.6246322051298069,forecast,next-sample standardized MSE,1.3011812499025837,False,21,5,16,11,3.3,3.54,4.16,0,0,0,0,0.5797101449275363,0.000881057268722467,0.589041095890411,0.0,0.0,0.0,0.0,controlled,2.0,True
AE_Recon,1,3.0,4690,67,1,4089,533,0.9852941176470588,0.1116666666666666,0.2005988023952095,0.0002444987775061,0.8883333333333333,2955,454,120,1,0.0083333333333333,1.9268017463095075,,,reconstruction,full observed-window nonlinear autoencoder reconstruction MSE,1.199368291068822,False,21,6,15,11,3.5999999999999996,3.6,4.199999999999999,0,0,0,0,0.6261682242990654,0.000881057268722467,0.541095890410959,0.0,0.0,0.0,0.0,controlled,2.0,True
GMM,1,3.0,4690,78,0,4090,522,1.0,0.13,0.2300884955752212,0.0,0.87,2955,454,120,0,0.0,13.718416248017174,,,density,negative Gaussian mixture log likelihood,1.6865420000394806,False,21,8,13,11,3.25,3.325,3.9,0,0,0,0,0.6964285714285714,0.0,0.4657534246575342,0.0,0.0,0.0,0.0,controlled,2.0,True
IsolationForest,1,3.0,4690,51,1,4089,549,0.9807692307692308,0.085,0.156441717791411,0.0002444987775061,0.915,2955,454,120,1,0.0083333333333333,0.6190640277868065,,,isolation,negative IsolationForest score_samples,0.169787292019464,False,21,5,16,11,3.3,3.6800000000000006,4.4799999999999995,0,0,0,0,0.5151515151515151,0.000881057268722467,0.6506849315068494,0.0,0.0,0.0,0.0,controlled,2.0,True
MLP32,2,3.0,4690,93,6,4084,507,0.9393939393939394,0.155,0.2660944206008583,0.0014669926650366,0.845,2955,454,120,4,0.0333333333333333,1.9302320901202443,0.3451166739747117,0.3451166739747117,forecast,next-sample standardized MSE,0.297031124937348,False,21,10,11,11,3.1500000000000004,3.2299999999999995,3.4599999999999995,0,0,0,0,0.7591836734693878,0.0052863436123348016,0.363013698630137,0.0,0.0,0.0,0.0,controlled,2.0,True
LSTM32,2,3.0,4690,92,6,4084,508,0.9387755102040816,0.1533333333333333,0.2636103151862464,0.0014669926650366,0.8466666666666667,2955,454,120,4,0.0333333333333333,1.8881654972076167,0.3132477138399619,0.3132477138399619,forecast,next-sample standardized MSE,2.0208816659869626,False,21,10,11,11,3.2,3.26,3.55,0,0,0,0,0.7540983606557377,0.0052863436123348016,0.3698630136986301,0.0,0.0,0.0,0.0,controlled,2.0,True
GRU32,2,3.0,4690,95,5,4085,505,0.95,0.1583333333333333,0.2714285714285714,0.0012224938875305,0.8416666666666667,2955,454,120,4,0.0333333333333333,1.9208240708398323,0.3171461527895307,0.3171461527895307,forecast,next-sample standardized MSE,1.7259594580391422,False,21,10,11,11,3.2,3.24,3.4599999999999995,0,0,0,0,0.7723577235772358,0.004405286343612335,0.3493150684931507,0.0,0.0,0.0,0.0,controlled,2.0,True
AE_Recon,2,3.0,4690,66,1,4089,534,0.9850746268656716,0.11,0.1979010494752623,0.0002444987775061,0.89,2955,454,120,1,0.0083333333333333,1.9221269463345871,,,reconstruction,full observed-window nonlinear autoencoder reconstruction MSE,1.197866874979809,False,21,5,16,11,3.3,3.54,4.22,0,0,0,0,0.6197183098591549,0.000881057268722467,0.547945205479452,0.0,0.0,0.0,0.0,controlled,2.0,True
GMM,2,3.0,4690,139,0,4090,461,1.0,0.2316666666666666,0.3761840324763194,0.0,0.7683333333333333,2955,454,120,0,0.0,15.781210064224974,,,density,negative Gaussian mixture log likelihood,0.0356494579464197,False,21,10,11,11,3.0,3.0,3.0,0,0,0,0,0.9754385964912281,0.0,0.04794520547945205,0.0,0.0,0.0,0.0,controlled,2.0,True
IsolationForest,2,3.0,4690,53,1,4089,547,0.9814814814814816,0.0883333333333333,0.1620795107033639,0.0002444987775061,0.9116666666666666,2955,454,120,1,0.0083333333333333,0.6067230302142939,,,isolation,negative IsolationForest score_samples,0.0785270410124212,False,21,5,16,11,3.4,3.72,4.52,0,0,0,0,0.53,0.000881057268722467,0.636986301369863,0.0,0.0,0.0,0.0,controlled,2.0,True
MLP32,3,3.0,4690,88,3,4087,512,0.967032967032967,0.1466666666666666,0.2547033285094066,0.0007334963325183,0.8533333333333334,2955,454,120,2,0.0166666666666666,1.687593960202529,0.2961124799236145,0.2961124799236145,forecast,next-sample standardized MSE,0.2505942919524386,False,21,9,12,11,3.1,3.288888888888889,3.78,0,0,0,0,0.7426160337552743,0.0026431718061674008,0.3972602739726027,0.0,0.0,0.0,0.0,controlled,2.0,True
LSTM32,3,3.0,4690,91,4,4086,509,0.9578947368421052,0.1516666666666666,0.2618705035971223,0.0009779951100244,0.8483333333333334,2955,454,120,4,0.0333333333333333,1.6272372705726086,0.2723675845037184,0.2723675845037184,forecast,next-sample standardized MSE,2.305657875025645,False,21,9,12,11,3.3,3.3,3.78,0,0,0,0,0.7551867219917012,0.003524229074889868,0.3767123287671233,0.0,0.0,0.0,0.0,controlled,2.0,True
GRU32,3,3.0,4690,92,6,4084,508,0.9387755102040816,0.1533333333333333,0.2636103151862464,0.0014669926650366,0.8466666666666667,2955,454,120,4,0.0333333333333333,1.4864075950097746,0.2671237286619785,0.2671237286619785,forecast,next-sample standardized MSE,2.1727813748875633,False,21,9,12,11,3.3,3.2555555555555555,3.7,0,0,0,0,0.7540983606557377,0.0052863436123348016,0.3698630136986301,0.0,0.0,0.0,0.0,controlled,2.0,True
AE_Recon,3,3.0,4690,83,3,4087,517,0.9651162790697676,0.1383333333333333,0.2419825072886297,0.0007334963325183,0.8616666666666667,2955,454,120,2,0.0166666666666666,0.9588598465115729,,,reconstruction,full observed-window nonlinear autoencoder reconstruction MSE,1.2262466660467908,False,21,8,13,11,3.2,3.3875,4.09,0,0,0,0,0.7155172413793104,0.0026431718061674008,0.4315068493150685,0.0,0.0,0.0,0.0,controlled,2.0,True
GMM,3,3.0,4690,145,0,4090,455,1.0,0.2416666666666666,0.3892617449664429,0.0,0.7583333333333333,2955,454,120,0,0.0,17.321534615626057,,,density,negative Gaussian mixture log likelihood,0.0588375410297885,False,21,10,11,11,3.0,3.0,3.0,0,0,0,0,0.9965635738831615,0.0,0.00684931506849315,0.0,0.0,0.0,0.0,controlled,2.0,True
IsolationForest,3,3.0,4690,55,0,4090,545,1.0,0.0916666666666666,0.1679389312977099,0.0,0.9083333333333332,2955,454,120,0,0.0,0.6026119870844345,,,isolation,negative IsolationForest score_samples,0.080404374981299,False,21,5,16,11,3.4,3.72,4.46,0,0,0,0,0.5472636815920398,0.0,0.6232876712328768,0.0,0.0,0.0,0.0,controlled,2.0,True
MLP32,5,3.0,4690,119,1,4089,481,0.9916666666666668,0.1983333333333333,0.3305555555555555,0.0002444987775061,0.8016666666666666,2955,454,120,1,0.0083333333333333,0.8200961970466005,0.1099818108003505,0.1099818108003505,forecast,next-sample standardized MSE,0.265838542021811,False,21,9,12,11,3.0,3.0555555555555554,3.22,0,0,0,0,0.8947368421052632,0.000881057268722467,0.18493150684931506,0.0,0.0,0.0,0.0,controlled,2.0,True
LSTM32,5,3.0,4690,128,2,4088,472,0.9846153846153848,0.2133333333333333,0.3506849315068493,0.0004889975550122,0.7866666666666666,2955,454,120,1,0.0083333333333333,0.807397345836651,0.1043579964324493,0.1043579964324493,forecast,next-sample standardized MSE,3.235745167010464,True,21,10,11,11,3.0,3.03,3.03,0,0,0,0,0.927536231884058,0.001762114537444934,0.1232876712328767,0.0,0.0,0.0,0.0,controlled,2.0,True
GRU32,5,3.0,4690,120,4,4086,480,0.967741935483871,0.2,0.3314917127071823,0.0009779951100244,0.8,2955,454,120,3,0.025,0.7479490192554306,0.0974780768057103,0.0974780768057103,forecast,next-sample standardized MSE,2.3637123750522733,False,21,9,12,11,3.0,3.0444444444444443,3.14,0,0,0,0,0.8888888888888888,0.003524229074889868,0.1780821917808219,0.0,0.0,0.0,0.0,controlled,2.0,True
AE_Recon,5,3.0,4690,118,3,4087,482,0.975206611570248,0.1966666666666666,0.3273231622746186,0.0007334963325183,0.8033333333333333,2955,454,120,2,0.0166666666666666,0.8053023694676105,,,reconstruction,full observed-window nonlinear autoencoder reconstruction MSE,1.230540791992098,False,21,8,13,11,3.0,3.1625,3.3899999999999997,0,0,0,0,0.8838951310861424,0.0026431718061674008,0.1917808219178082,0.0,0.0,0.0,0.0,controlled,2.0,True
GMM,5,3.0,4690,146,0,4090,454,1.0,0.2433333333333333,0.3914209115281501,0.0,0.7566666666666667,2955,454,120,0,0.0,21.53044043181769,,,density,negative Gaussian mixture log likelihood,0.1190990830073133,False,21,10,11,11,3.0,3.0,3.0,0,0,0,0,1.0,0.0,0.0,0.0,0.0,0.0,0.0,controlled,2.0,True
IsolationForest,5,3.0,4690,58,0,4090,542,1.0,0.0966666666666666,0.1762917933130699,0.0,0.9033333333333332,2955,454,120,0,0.0,0.5815882927787269,,,isolation,negative IsolationForest score_samples,0.0832812080625444,False,21,5,16,11,3.4,3.72,4.46,0,0,0,0,0.5686274509803921,0.0,0.6027397260273972,0.0,0.0,0.0,0.0,controlled,2.0,True
MLP32,8,3.0,4690,140,4,4086,460,0.9722222222222222,0.2333333333333333,0.3763440860215054,0.0009779951100244,0.7666666666666667,2955,454,120,3,0.025,0.5926703823493736,0.0817185125509176,0.0817185125509176,forecast,next-sample standardized MSE,0.26102204201743,False,21,10,11,11,3.0,3.01,3.01,0,0,0,0,0.9655172413793104,0.003524229074889868,0.0410958904109589,0.0,0.0,0.0,0.0,controlled,2.0,True
LSTM32,8,3.0,4690,132,3,4087,468,0.9777777777777776,0.22,0.3591836734693877,0.0007334963325183,0.78,2955,454,120,2,0.0166666666666666,0.8109548854539483,0.1133616007122669,0.1133616007122669,forecast,next-sample standardized MSE,4.549266124959104,False,21,10,11,11,3.0,3.04,3.11,0,0,0,0,0.9395017793594306,0.0026431718061674008,0.0958904109589041,0.0,0.0,0.0,0.0,controlled,2.0,True
GRU32,8,3.0,4690,132,3,4087,468,0.9777777777777776,0.22,0.3591836734693877,0.0007334963325183,0.78,2955,454,120,2,0.0166666666666666,0.5921709226731495,0.0750338522437983,0.0750338522437983,forecast,next-sample standardized MSE,4.191926250001416,False,21,10,11,11,3.0,3.04,3.12,0,0,0,0,0.9395017793594306,0.0026431718061674008,0.0958904109589041,0.0,0.0,0.0,0.0,controlled,2.0,True
AE_Recon,8,3.0,4690,125,0,4090,475,1.0,0.2083333333333333,0.3448275862068966,0.0,0.7916666666666666,2955,454,120,0,0.0,0.6844068429748272,,,reconstruction,full observed-window nonlinear autoencoder reconstruction MSE,1.2390046250075102,False,21,9,12,11,3.0,3.0444444444444443,3.08,0,0,0,0,0.922509225092251,0.0,0.14383561643835616,0.0,0.0,0.0,0.0,controlled,2.0,True
GMM,8,3.0,4690,146,0,4090,454,1.0,0.2433333333333333,0.3914209115281501,0.0,0.7566666666666667,2955,454,120,0,0.0,26.23504877675859,,,density,negative Gaussian mixture log likelihood,0.1556150409160182,False,21,10,11,11,3.0,3.0,3.0,0,0,0,0,1.0,0.0,0.0,0.0,0.0,0.0,0.0,controlled,2.0,True
IsolationForest,8,3.0,4690,55,0,4090,545,1.0,0.0916666666666666,0.1679389312977099,0.0,0.9083333333333332,2955,454,120,0,0.0,0.5724390718773096,,,isolation,negative IsolationForest score_samples,0.0870750419562682,False,21,6,15,11,3.5,3.6833333333333336,4.550000000000001,0,0,0,0,0.5472636815920398,0.0,0.6232876712328768,0.0,0.0,0.0,0.0,controlled,2.0,True
MLP32,10,3.0,4690,144,4,4086,456,0.972972972972973,0.24,0.3850267379679144,0.0009779951100244,0.76,2955,454,120,4,0.0333333333333333,0.4108109789557582,0.0717783155019196,0.0717783155019196,forecast,next-sample standardized MSE,0.2709494999144226,False,21,10,11,11,3.0,3.0,3.0,0,0,0,0,0.9795918367346939,0.003524229074889868,0.0136986301369863,0.0,0.0,0.0,0.0,controlled,2.0,True
LSTM32,10,3.0,4690,132,0,4090,468,1.0,0.22,0.360655737704918,0.0,0.78,2955,454,120,0,0.0,1.0226571534721316,0.1251936866395994,0.1251936866395994,forecast,next-sample standardized MSE,5.516997625003569,False,21,10,11,11,3.0,3.03,3.11,0,0,0,0,0.9496402877697842,0.0,0.0958904109589041,0.0,0.0,0.0,0.0,controlled,2.0,True
GRU32,10,3.0,4690,141,2,4088,459,0.986013986013986,0.235,0.3795423956931359,0.0004889975550122,0.765,2955,454,120,2,0.0166666666666666,0.4700656405423384,0.0741576767426643,0.0741576767426643,forecast,next-sample standardized MSE,4.842982291942462,False,21,10,11,11,3.0,3.01,3.01,0,0,0,0,0.9757785467128027,0.001762114537444934,0.03424657534246575,0.0,0.0,0.0,0.0,controlled,2.0,True
AE_Recon,10,3.0,4690,145,1,4089,455,0.9931506849315068,0.2416666666666666,0.388739946380697,0.0002444987775061,0.7583333333333333,2955,454,120,1,0.0083333333333333,0.4524823118193408,,,reconstruction,full observed-window nonlinear autoencoder reconstruction MSE,1.1949809580110011,False,21,10,11,11,3.0,3.0,3.0,0,0,0,0,0.9931506849315068,0.000881057268722467,0.00684931506849315,0.0,0.0,0.0,0.0,controlled,2.0,True
GMM,10,3.0,4690,146,0,4090,454,1.0,0.2433333333333333,0.3914209115281501,0.0,0.7566666666666667,2955,454,120,0,0.0,28.630798442129823,,,density,negative Gaussian mixture log likelihood,0.187193916994147,False,21,10,11,11,3.0,3.0,3.0,0,0,0,0,1.0,0.0,0.0,0.0,0.0,0.0,0.0,controlled,2.0,True
IsolationForest,10,3.0,4690,52,0,4090,548,1.0,0.0866666666666666,0.1595092024539877,0.0,0.9133333333333332,2955,454,120,0,0.0,0.5731704876796776,,,isolation,negative IsolationForest score_samples,0.0841336250305175,False,21,6,15,11,3.6,3.766666666666667,4.699999999999999,0,0,0,0,0.5252525252525253,0.0,0.6438356164383562,0.0,0.0,0.0,0.0,controlled,2.0,True
MLP32,15,3.0,4690,146,0,4090,454,1.0,0.2433333333333333,0.3914209115281501,0.0,0.7566666666666667,2955,454,120,0,0.0,0.3087799344910106,0.0607031593721712,0.0607031593721712,forecast,next-sample standardized MSE,0.2780669999774545,False,21,10,11,11,3.0,3.0,3.0,0,0,0,0,1.0,0.0,0.0,0.0,0.0,0.0,0.0,controlled,2.0,True
LSTM32,15,3.0,4690,136,4,4086,464,0.9714285714285714,0.2266666666666666,0.3675675675675676,0.0009779951100244,0.7733333333333333,2955,454,120,3,0.025,0.7895586718970267,0.1200186837566609,0.1200186837566609,forecast,next-sample standardized MSE,7.895623708027415,False,21,10,11,11,3.0,3.01,3.01,0,0,0,0,0.951048951048951,0.003524229074889868,0.0684931506849315,0.0,0.0,0.0,0.0,controlled,2.0,True
GRU32,15,3.0,4690,139,1,4089,461,0.9928571428571428,0.2316666666666666,0.3756756756756756,0.0002444987775061,0.7683333333333333,2955,454,120,1,0.0083333333333333,0.4358762128596243,0.0659553758518508,0.0659553758518508,forecast,next-sample standardized MSE,6.976221665972844,False,21,10,11,11,3.0,3.02,3.02,0,0,0,0,0.972027972027972,0.000881057268722467,0.04794520547945205,0.0,0.0,0.0,0.0,controlled,2.0,True
AE_Recon,15,3.0,4690,146,2,4088,454,0.9864864864864864,0.2433333333333333,0.3903743315508021,0.0004889975550122,0.7566666666666667,2955,454,120,1,0.0083333333333333,0.5153041781558511,,,reconstruction,full observed-window nonlinear autoencoder reconstruction MSE,1.2400622089626268,False,21,10,11,11,3.0,3.0,3.0,0,0,0,0,0.9931972789115646,0.001762114537444934,0.0,0.0,0.0,0.0,0.0,controlled,2.0,True
GMM,15,3.0,4690,146,3,4087,454,0.9798657718120806,0.2433333333333333,0.3898531375166889,0.0007334963325183,0.7566666666666667,2955,454,120,1,0.0083333333333333,17.041764611528794,,,density,negative Gaussian mixture log likelihood,0.3733454999746755,False,21,10,11,11,3.0,3.0,3.0,0,0,0,0,0.9898305084745763,0.0026431718061674008,0.0,0.0,0.0,0.0,0.0,controlled,2.0,True
IsolationForest,15,3.0,4690,56,0,4090,544,1.0,0.0933333333333333,0.1707317073170731,0.0,0.9066666666666666,2955,454,120,0,0.0,0.5625067961606928,,,isolation,negative IsolationForest score_samples,0.0852106660604476,False,21,7,14,11,3.4,3.685714285714286,4.78,0,0,0,0,0.5544554455445545,0.0,0.6164383561643836,0.0,0.0,0.0,0.0,controlled,2.0,True
MLP32,20,3.0,4690,145,10,4080,455,0.935483870967742,0.2416666666666666,0.3841059602649007,0.0024449877750611,0.7583333333333333,2955,454,120,7,0.0583333333333333,0.2673850344745879,0.0515444136729951,0.0515444136729951,forecast,next-sample standardized MSE,0.2993612500140443,False,21,10,11,11,3.0,3.0,3.0,0,0,0,0,0.9634551495016611,0.00881057268722467,0.00684931506849315,0.0,0.0,0.0,0.0,controlled,2.0,True
LSTM32,20,3.0,4690,132,1,4089,468,0.9924812030075189,0.22,0.3601637107776262,0.0002444987775061,0.78,2955,454,120,1,0.0083333333333333,0.9550514409774158,0.1177842698112943,0.1177842698112943,forecast,next-sample standardized MSE,10.298688417067751,False,21,10,11,11,3.0,3.02,3.02,0,0,0,0,0.946236559139785,0.000881057268722467,0.0958904109589041,0.0,0.0,0.0,0.0,controlled,2.0,True
GRU32,20,3.0,4690,142,3,4087,458,0.9793103448275862,0.2366666666666666,0.3812080536912752,0.0007334963325183,0.7633333333333333,2955,454,120,2,0.0166666666666666,0.3551765357257202,0.0606536524835036,0.0606536524835036,forecast,next-sample standardized MSE,9.04709266696591,True,21,10,11,11,3.0,3.0,3.0,0,0,0,0,0.9759450171821306,0.0026431718061674008,0.0273972602739726,0.0,0.0,0.0,0.0,controlled,2.0,True
AE_Recon,20,3.0,4690,146,1,4089,454,0.9931972789115646,0.2433333333333333,0.3908969210174029,0.0002444987775061,0.7566666666666667,2955,454,120,1,0.0083333333333333,0.5200475254072904,,,reconstruction,full observed-window nonlinear autoencoder reconstruction MSE,1.251846250030212,False,21,10,11,11,3.0,3.0,3.0,0,0,0,0,0.9965870307167235,0.000881057268722467,0.0,0.0,0.0,0.0,0.0,controlled,2.0,True
GMM,20,3.0,4690,146,3,4087,454,0.9798657718120806,0.2433333333333333,0.3898531375166889,0.0007334963325183,0.7566666666666667,2955,454,120,1,0.0083333333333333,4.828609870856939,,,density,negative Gaussian mixture log likelihood,0.4678529589436948,False,21,10,11,11,3.0,3.0,3.0,0,0,0,0,0.9898305084745763,0.0026431718061674008,0.0,0.0,0.0,0.0,0.0,controlled,2.0,True
IsolationForest,20,3.0,4690,56,0,4090,544,1.0,0.0933333333333333,0.1707317073170731,0.0,0.9066666666666666,2955,454,120,0,0.0,0.5618795819566145,,,isolation,negative IsolationForest score_samples,0.0856663750018924,False,21,7,14,11,3.0,3.5,4.34,0,0,0,0,0.5544554455445545,0.0,0.6164383561643836,0.0,0.0,0.0,0.0,controlled,2.0,True
MLP32,30,3.0,4690,141,6,4084,459,0.9591836734693876,0.235,0.3775100401606425,0.0014669926650366,0.765,2955,454,120,5,0.0416666666666666,0.2686721478183995,0.0469702972738544,0.0469702972738544,forecast,next-sample standardized MSE,0.3244640419725328,True,21,10,11,11,3.0,3.01,3.01,0,0,0,0,0.962457337883959,0.0052863436123348016,0.03424657534246575,0.0,0.0,0.0,0.0,controlled,2.0,True
LSTM32,30,3.0,4690,124,3,4087,476,0.9763779527559056,0.2066666666666666,0.3411279229711141,0.0007334963325183,0.7933333333333333,2955,454,120,2,0.0166666666666666,1.2038261571688906,0.1495126864306426,0.1495126864306426,forecast,next-sample standardized MSE,16.397207582951523,False,21,9,12,11,3.0,3.022222222222222,3.04,0,0,0,0,0.9084249084249084,0.0026431718061674008,0.1506849315068493,0.0,0.0,0.0,0.0,controlled,2.0,True
GRU32,30,3.0,4690,141,0,4090,459,1.0,0.235,0.3805668016194332,0.0,0.765,2955,454,120,0,0.0,0.4654696697163176,0.0669544869216575,0.0669544869216575,forecast,next-sample standardized MSE,14.765723749995232,False,21,10,11,11,3.0,3.0,3.0,0,0,0,0,0.9825783972125436,0.0,0.03424657534246575,0.0,0.0,0.0,0.0,controlled,2.0,True
AE_Recon,30,3.0,4690,146,10,4080,454,0.935897435897436,0.2433333333333333,0.3862433862433862,0.0024449877750611,0.7566666666666667,2955,454,120,1,0.0083333333333333,0.5638775025491274,,,reconstruction,full observed-window nonlinear autoencoder reconstruction MSE,1.4267437079688534,False,21,10,11,11,3.0,3.0,3.0,0,0,0,0,0.9668874172185431,0.00881057268722467,0.0,0.0,0.0,0.0,0.0,controlled,2.0,True
GMM,30,3.0,4690,146,0,4090,454,1.0,0.2433333333333333,0.3914209115281501,0.0,0.7566666666666667,2955,454,120,0,0.0,27.80602304404838,,,density,negative Gaussian mixture log likelihood,1.1614060410065576,False,21,10,11,11,3.0,3.0,3.0,0,0,0,0,1.0,0.0,0.0,0.0,0.0,0.0,0.0,controlled,2.0,True
IsolationForest,30,3.0,4690,57,0,4090,543,1.0,0.095,0.1735159817351598,0.0,0.905,2955,454,120,0,0.0,0.5590577997173825,,,isolation,negative IsolationForest score_samples,0.0831718340050429,False,21,7,14,11,3.0,3.3999999999999995,4.34,0,0,0,0,0.5615763546798029,0.0,0.6095890410958904,0.0,0.0,0.0,0.0,controlled,2.0,True
